user_key,block,y_count,n_reviews,_pred,_score,_worst,_raw
76561199147189249,0,0,4,0,0.05,-1,"{""label"": ""nontoxic"", ""user_toxicity_score"": 5, ""worst_review"": -1}"
76561199572672780,0,0,1,0,0.0,-1,"{""label"": ""nontoxic"", ""user_toxicity_score"": 0, ""worst_review"": -1}"
76561198191138265,0,0,3,0,0.0,-1,"{""label"": ""nontoxic"", ""user_toxicity_score"": 0, ""worst_review"": -1}"
76561199172182973,0,0,9,1,0.5,3,"{""label"": ""toxic"", ""user_toxicity_score"": 50, ""worst_review"": 3}"
76561198078885302,0,0,3,0,0.25,-1,"{""label"": ""nontoxic"", ""user_toxicity_score"": 25, ""worst_review"": -1}"
76561199176239572,0,0,1,0,0.0,-1,"{""label"": ""nontoxic"", ""user_toxicity_score"": 0, ""worst_review"": -1}"
76561198022061076,0,0,1,0,0.0,-1,"{""label"": ""nontoxic"", ""user_toxicity_score"": 0, ""worst_review"": -1}"
76561199103031948,0,0,2,0,0.05,-1,"{""label"": ""nontoxic"", ""user_toxicity_score"": 5, ""worst_review"": -1}"
76561198116881004,0,0,16,1,0.85,13,"{""label"": ""toxic"", ""user_toxicity_score"": 85, ""worst_review"": 13}"
76561198066456828,0,0,1,0,0.0,-1,"{""label"": ""nontoxic"", ""user_toxicity_score"": 0, ""worst_review"": -1}"
76561199498199884,0,0,1,0,0.0,-1,"{""label"": ""nontoxic"", ""user_toxicity_score"": 0, ""worst_review"": -1}"
76561199163920294,0,0,1,0,0.05,-1,"{""label"": ""nontoxic"", ""user_toxicity_score"": 5, ""worst_review"": -1}"
76561198075740355,0,0,18,1,0.85,1,"{""label"": ""toxic"", ""user_toxicity_score"": 85, ""worst_review"": 1}"
76561199121138088,0,0,1,0,0.0,-1,"{""label"": ""nontoxic"", ""user_toxicity_score"": 0, ""worst_review"": -1}"
76561198013028820,0,0,2,0,0.05,-1,"{""label"": ""nontoxic"", ""user_toxicity_score"": 5, ""worst_review"": -1}"
76561199643049682,0,0,1,0,0.05,-1,"{""label"": ""nontoxic"", ""user_toxicity_score"": 5, ""worst_review"": -1}"
76561198982741137,0,0,1,0,0.05,-1,"{""label"": ""nontoxic"", ""user_toxicity_score"": 5, ""worst_review"": -1}"
76561199032102706,0,0,1,0,0.0,-1,"{""label"": ""nontoxic"", ""user_toxicity_score"": 0, ""worst_review"": -1}"
76561199655008399,0,0,1,0,0.25,-1,"{""label"": ""nontoxic"", ""user_toxicity_score"": 25, ""worst_review"": -1}"
76561199655515658,0,0,1,0,0.0,-1,"{""label"": ""nontoxic"", ""user_toxicity_score"": 0, ""worst_review"": -1}"
76561199208519201,0,0,1,0,0.0,-1,"{""label"": ""nontoxic"", ""user_toxicity_score"": 0, ""worst_review"": -1}"
76561198159614651,0,0,1,0,0.05,-1,"{""label"": ""nontoxic"", ""user_toxicity_score"": 5, ""worst_review"": -1}"
76561198409972638,0,0,1,1,1.0,0,"{""label"": ""toxic"", ""user_toxicity_score"": 100, ""worst_review"": 0}"
76561199070037582,0,0,2,0,0.0,-1,"{""label"": ""nontoxic"", ""user_toxicity_score"": 0, ""worst_review"": -1}"
76561199122114267,0,0,2,1,0.75,1,"{""label"": ""toxic"", ""user_toxicity_score"": 75, ""worst_review"": 1}"
76561199410321250,0,0,1,0,0.05,-1,"{""label"": ""nontoxic"", ""user_toxicity_score"": 5, ""worst_review"": -1}"
76561198026689886,0,0,4,0,0.05,-1,"{""label"": ""nontoxic"", ""user_toxicity_score"": 5, ""worst_review"": -1}"
76561198429386482,0,0,1,0,0.0,-1,"{""label"": ""nontoxic"", ""user_toxicity_score"": 0, ""worst_review"": -1}"
76561199262509927,0,0,1,0,0.0,-1,"{""label"": ""nontoxic"", ""user_toxicity_score"": 0, ""worst_review"": -1}"
76561197987202681,0,0,1,0,0.05,-1,"{""label"": ""nontoxic"", ""user_toxicity_score"": 5, ""worst_review"": -1}"
76561199233673465,0,0,1,0,0.05,-1,"{""label"": ""nontoxic"", ""user_toxicity_score"": 5, ""worst_review"": -1}"
76561198254292260,0,0,2,0,0.05,-1,"{""label"": ""nontoxic"", ""user_toxicity_score"": 5, ""worst_review"": -1}"
76561198398615705,0,0,1,0,0.0,-1,"{""label"": ""nontoxic"", ""user_toxicity_score"": 0, ""worst_review"": -1}"
76561198054974727,0,0,3,0,0.0,-1,"{""label"": ""nontoxic"", ""user_toxicity_score"": 0, ""worst_review"": -1}"
76561198910277210,0,0,2,0,0.0,-1,"{""label"": ""nontoxic"", ""user_toxicity_score"": 0, ""worst_review"": -1}"
76561198998711809,0,0,1,0,0.05,-1,"{""label"": ""nontoxic"", ""user_toxicity_score"": 5, ""worst_review"": -1}"
76561199426647817,0,0,1,0,0.0,-1,"{""label"": ""nontoxic"", ""user_toxicity_score"": 0, ""worst_review"": -1}"
76561199766794755,0,0,1,0,0.0,-1,"{""label"": ""nontoxic"", ""user_toxicity_score"": 0, ""worst_review"": -1}"
76561199252458221,0,0,1,0,0.0,-1,"{""label"": ""nontoxic"", ""user_toxicity_score"": 0, ""worst_review"": -1}"
76561199154037158,0,0,3,0,0.0,-1,"{""label"": ""nontoxic"", ""user_toxicity_score"": 0, ""worst_review"": -1}"
76561198062497353,0,0,4,0,0.05,-1,"{""label"": ""nontoxic"", ""user_toxicity_score"": 5, ""worst_review"": -1}"
76561198913919206,0,0,2,1,0.85,1,"{""label"": ""toxic"", ""user_toxicity_score"": 85, ""worst_review"": 1}"
76561198041107726,0,0,3,0,0.0,-1,"{""label"": ""nontoxic"", ""user_toxicity_score"": 0, ""worst_review"": -1}"
76561199129416556,0,0,1,0,0.05,-1,"{""label"": ""nontoxic"", ""user_toxicity_score"": 5, ""worst_review"": -1}"
76561199084446263,0,0,3,1,0.85,1,"{""label"": ""toxic"", ""user_toxicity_score"": 85, ""worst_review"": 1}"
76561199057049783,0,0,1,0,0.0,-1,"{""label"": ""nontoxic"", ""user_toxicity_score"": 0, ""worst_review"": -1}"
76561198102314966,0,0,1,0,0.0,-1,"{""label"": ""nontoxic"", ""user_toxicity_score"": 0, ""worst_review"": -1}"
76561198283873527,0,0,1,0,0.05,-1,"{""label"": ""nontoxic"", ""user_toxicity_score"": 5, ""worst_review"": -1}"
76561198047227680,0,0,1,0,0.25,-1,"{""label"": ""nontoxic"", ""user_toxicity_score"": 25, ""worst_review"": -1}"
76561198025001343,0,0,3,0,0.25,-1,"{""label"": ""nontoxic"", ""user_toxicity_score"": 25, ""worst_review"": -1}"
76561199332184145,0,0,1,0,0.0,-1,"{""label"": ""nontoxic"", ""user_toxicity_score"": 0, ""worst_review"": -1}"
76561198377746887,0,0,1,0,0.0,-1,"{""label"": ""nontoxic"", ""user_toxicity_score"": 0, ""worst_review"": -1}"
76561199387669590,0,1,4,1,0.85,1,"{""label"": ""toxic"", ""user_toxicity_score"": 85, ""worst_review"": 1}"
76561199067190845,0,0,2,0,0.05,-1,"{""label"": ""nontoxic"", ""user_toxicity_score"": 5, ""worst_review"": -1}"
76561198269712788,0,0,1,0,0.0,-1,"{""label"": ""nontoxic"", ""user_toxicity_score"": 0, ""worst_review"": -1}"
76561199221904212,0,0,2,0,0.05,-1,"{""label"": ""nontoxic"", ""user_toxicity_score"": 5, ""worst_review"": -1}"
76561198096966712,0,0,1,0,0.25,-1,"{""label"": ""nontoxic"", ""user_toxicity_score"": 25, ""worst_review"": -1}"
76561198835463149,0,0,3,0,0.25,-1,"{""label"": ""nontoxic"", ""user_toxicity_score"": 25, ""worst_review"": -1}"
76561197994114594,0,0,1,0,0.0,-1,"{""label"": ""nontoxic"", ""user_toxicity_score"": 0, ""worst_review"": -1}"
76561199224276844,0,0,2,1,0.85,1,"{""label"": ""toxic"", ""user_toxicity_score"": 85, ""worst_review"": 1}"
76561198148601744,0,0,6,0,0.25,-1,"{""label"": ""nontoxic"", ""user_toxicity_score"": 25, ""worst_review"": -1}"
76561199047973490,0,0,5,0,0.05,-1,"{""label"": ""nontoxic"", ""user_toxicity_score"": 5, ""worst_review"": -1}"
76561198030224008,0,0,1,0,0.05,-1,"{""label"": ""nontoxic"", ""user_toxicity_score"": 5, ""worst_review"": -1}"
76561198200451465,0,0,2,1,0.5,0,"{""label"": ""toxic"", ""user_toxicity_score"": 50, ""worst_review"": 0}"
76561198826252518,0,0,1,0,0.0,-1,"{""label"": ""nontoxic"", ""user_toxicity_score"": 0, ""worst_review"": -1}"
76561199073161974,0,0,1,0,0.05,-1,"{""label"": ""nontoxic"", ""user_toxicity_score"": 5, ""worst_review"": -1}"
76561198033862559,0,0,3,0,0.05,-1,"{""label"": ""nontoxic"", ""user_toxicity_score"": 5, ""worst_review"": -1}"
76561198316367361,0,0,1,0,0.0,-1,"{""label"": ""nontoxic"", ""user_toxicity_score"": 0, ""worst_review"": -1}"
76561199024930965,0,0,3,0,0.0,-1,"{""label"": ""nontoxic"", ""user_toxicity_score"": 0, ""worst_review"": -1}"
76561198145701185,0,0,1,1,0.85,0,"{""label"": ""toxic"", ""user_toxicity_score"": 85, ""worst_review"": 0}"
76561198391786350,0,0,2,0,0.05,-1,"{""label"": ""nontoxic"", ""user_toxicity_score"": 5, ""worst_review"": -1}"
76561199094273250,0,0,2,0,0.0,-1,"{""label"": ""nontoxic"", ""user_toxicity_score"": 0, ""worst_review"": -1}"
76561198013202949,0,0,1,1,1.0,0,"{""label"": ""toxic"", ""user_toxicity_score"": 100, ""worst_review"": 0}"
76561199159001641,0,0,1,0,0.0,-1,"{""label"": ""nontoxic"", ""user_toxicity_score"": 0, ""worst_review"": -1}"
76561199088964191,0,0,1,0,0.25,-1,"{""label"": ""nontoxic"", ""user_toxicity_score"": 25, ""worst_review"": -1}"
76561198182186663,0,0,1,0,0.05,-1,"{""label"": ""nontoxic"", ""user_toxicity_score"": 5, ""worst_review"": -1}"
76561198361869432,0,0,2,0,0.0,-1,"{""label"": ""nontoxic"", ""user_toxicity_score"": 0, ""worst_review"": -1}"
76561199127602598,0,0,1,0,0.0,-1,"{""label"": ""nontoxic"", ""user_toxicity_score"": 0, ""worst_review"": -1}"
76561198035668535,0,0,1,0,0.05,-1,"{""label"": ""nontoxic"", ""user_toxicity_score"": 5, ""worst_review"": -1}"
76561198066204311,0,0,1,0,0.0,-1,"{""label"": ""nontoxic"", ""user_toxicity_score"": 0, ""worst_review"": -1}"
76561198345803904,0,1,1,0,0.05,-1,"{""label"": ""nontoxic"", ""user_toxicity_score"": 5, ""worst_review"": -1}"
76561199526723666,0,0,1,1,0.5,0,"{""label"": ""toxic"", ""user_toxicity_score"": 50, ""worst_review"": 0}"
76561198025386742,0,0,7,0,0.25,-1,"{""label"": ""nontoxic"", ""user_toxicity_score"": 25, ""worst_review"": -1}"
76561198322946291,0,0,2,0,0.25,-1,"{""label"": ""nontoxic"", ""user_toxicity_score"": 25, ""worst_review"": -1}"
76561199018907439,0,0,3,0,0.05,-1,"{""label"": ""nontoxic"", ""user_toxicity_score"": 5, ""worst_review"": -1}"
76561199096669874,0,0,1,0,0.0,-1,"{""label"": ""nontoxic"", ""user_toxicity_score"": 0, ""worst_review"": -1}"
76561199069444039,0,0,1,0,0.0,-1,"{""label"": ""nontoxic"", ""user_toxicity_score"": 0, ""worst_review"": -1}"
76561199735080862,0,0,1,0,0.05,-1,"{""label"": ""nontoxic"", ""user_toxicity_score"": 5, ""worst_review"": -1}"
76561198130450859,0,0,2,0,0.0,-1,"{""label"": ""nontoxic"", ""user_toxicity_score"": 0, ""worst_review"": -1}"
76561198848040066,0,0,1,0,0.25,-1,"{""label"": ""nontoxic"", ""user_toxicity_score"": 25, ""worst_review"": -1}"
76561198058160481,0,0,1,0,0.25,-1,"{""label"": ""nontoxic"", ""user_toxicity_score"": 25, ""worst_review"": -1}"
76561198839959286,0,0,1,0,0.05,-1,"{""label"": ""nontoxic"", ""user_toxicity_score"": 5, ""worst_review"": -1}"
76561198818133906,0,0,1,0,0.0,-1,"{""label"": ""nontoxic"", ""user_toxicity_score"": 0, ""worst_review"": -1}"
76561198920282014,0,0,2,0,0.0,-1,"{""label"": ""nontoxic"", ""user_toxicity_score"": 0, ""worst_review"": -1}"
76561198354473096,0,0,1,0,0.0,-1,"{""label"": ""nontoxic"", ""user_toxicity_score"": 0, ""worst_review"": -1}"
76561198020718589,0,0,2,0,0.25,-1,"{""label"": ""nontoxic"", ""user_toxicity_score"": 25, ""worst_review"": -1}"
76561198449690821,0,0,2,0,0.05,-1,"{""label"": ""nontoxic"", ""user_toxicity_score"": 5, ""worst_review"": -1}"
76561198076800198,0,1,2,0,0.25,-1,"{""label"": ""nontoxic"", ""user_toxicity_score"": 25, ""worst_review"": -1}"
76561198378718119,0,0,4,0,0.05,-1,"{""label"": ""nontoxic"", ""user_toxicity_score"": 5, ""worst_review"": -1}"
76561198396595794,0,0,5,1,0.5,1,"{""label"": ""toxic"", ""user_toxicity_score"": 50, ""worst_review"": 1}"
76561198025799587,0,1,20,1,0.85,6,"{""label"": ""toxic"", ""user_toxicity_score"": 85, ""worst_review"": 6}"
76561198082182763,0,0,4,0,0.25,-1,"{""label"": ""nontoxic"", ""user_toxicity_score"": 25, ""worst_review"": -1}"
76561199075092596,0,0,2,0,0.05,-1,"{""label"": ""nontoxic"", ""user_toxicity_score"": 5, ""worst_review"": -1}"
76561198069248213,0,0,1,0,0.05,-1,"{""label"": ""nontoxic"", ""user_toxicity_score"": 5, ""worst_review"": -1}"
76561198114941619,0,0,3,0,0.0,-1,"{""label"": ""nontoxic"", ""user_toxicity_score"": 0, ""worst_review"": -1}"
76561199094007669,0,0,2,0,0.0,-1,"{""label"": ""nontoxic"", ""user_toxicity_score"": 0, ""worst_review"": -1}"
76561198367996403,0,0,2,0,0.25,-1,"{""label"": ""nontoxic"", ""user_toxicity_score"": 25, ""worst_review"": -1}"
76561198079256333,0,0,1,0,0.0,-1,"{""label"": ""nontoxic"", ""user_toxicity_score"": 0, ""worst_review"": -1}"
76561199484173823,0,0,1,0,0.25,-1,"{""label"": ""nontoxic"", ""user_toxicity_score"": 25, ""worst_review"": -1}"
76561198072151590,0,0,1,0,0.0,-1,"{""label"": ""nontoxic"", ""user_toxicity_score"": 0, ""worst_review"": -1}"
76561198031919396,0,0,4,0,0.05,-1,"{""label"": ""nontoxic"", ""user_toxicity_score"": 5, ""worst_review"": -1}"
76561198056359256,0,1,2,1,1.0,0,"{""label"": ""toxic"", ""user_toxicity_score"": 100, ""worst_review"": 0}"
76561199068093440,0,0,1,0,0.0,-1,"{""label"": ""nontoxic"", ""user_toxicity_score"": 0, ""worst_review"": -1}"
76561197996575453,0,0,1,0,0.05,-1,"{""label"": ""nontoxic"", ""user_toxicity_score"": 5, ""worst_review"": -1}"
76561198134921040,0,0,1,0,0.0,-1,"{""label"": ""nontoxic"", ""user_toxicity_score"": 0, ""worst_review"": -1}"
76561198134905466,0,0,4,0,0.25,-1,"{""label"": ""nontoxic"", ""user_toxicity_score"": 25, ""worst_review"": -1}"
76561198044685192,0,0,1,0,0.0,-1,"{""label"": ""nontoxic"", ""user_toxicity_score"": 0, ""worst_review"": -1}"
76561198257926840,0,0,1,0,0.0,-1,"{""label"": ""nontoxic"", ""user_toxicity_score"": 0, ""worst_review"": -1}"
76561198055744877,0,0,1,0,0.0,-1,"{""label"": ""nontoxic"", ""user_toxicity_score"": 0, ""worst_review"": -1}"
76561199099152085,0,0,1,0,0.0,-1,"{""label"": ""nontoxic"", ""user_toxicity_score"": 0, ""worst_review"": -1}"
76561199588710597,0,0,1,1,0.5,0,"{""label"": ""toxic"", ""user_toxicity_score"": 50, ""worst_review"": 0}"
76561197989646801,0,0,3,0,0.25,-1,"{""label"": ""nontoxic"", ""user_toxicity_score"": 25, ""worst_review"": -1}"
76561199352739409,0,0,1,0,0.0,-1,"{""label"": ""nontoxic"", ""user_toxicity_score"": 0, ""worst_review"": -1}"
76561198174022062,0,0,5,1,0.85,4,"{""label"": ""toxic"", ""user_toxicity_score"": 85, ""worst_review"": 4}"
76561198031663495,0,0,1,0,0.0,-1,"{""label"": ""nontoxic"", ""user_toxicity_score"": 0, ""worst_review"": -1}"
76561199015316516,0,0,1,0,0.0,-1,"{""label"": ""nontoxic"", ""user_toxicity_score"": 0, ""worst_review"": -1}"
76561198056400528,0,0,2,0,0.05,-1,"{""label"": ""nontoxic"", ""user_toxicity_score"": 5, ""worst_review"": -1}"
76561198217647480,0,0,1,0,0.05,-1,"{""label"": ""nontoxic"", ""user_toxicity_score"": 5, ""worst_review"": -1}"
76561198321812163,0,0,5,1,0.85,4,"{""label"": ""toxic"", ""user_toxicity_score"": 85, ""worst_review"": 4}"
76561198169875337,0,0,1,0,0.0,-1,"{""label"": ""nontoxic"", ""user_toxicity_score"": 0, ""worst_review"": -1}"
76561198870508823,0,0,1,0,0.0,-1,"{""label"": ""nontoxic"", ""user_toxicity_score"": 0, ""worst_review"": -1}"
76561198101171391,0,0,3,0,0.0,-1,"{""label"": ""nontoxic"", ""user_toxicity_score"": 0, ""worst_review"": -1}"
76561197972318074,0,0,4,0,0.0,-1,"{""label"": ""nontoxic"", ""user_toxicity_score"": 0, ""worst_review"": -1}"
76561198064003519,0,0,1,0,0.0,-1,"{""label"": ""nontoxic"", ""user_toxicity_score"": 0, ""worst_review"": -1}"
76561198355575757,0,0,3,0,0.0,-1,"{""label"": ""nontoxic"", ""user_toxicity_score"": 0, ""worst_review"": -1}"
76561199556679704,0,0,2,0,0.0,-1,"{""label"": ""nontoxic"", ""user_toxicity_score"": 0, ""worst_review"": -1}"
76561198796288900,0,1,2,1,0.95,0,"{""label"": ""toxic"", ""user_toxicity_score"": 95, ""worst_review"": 0}"
76561199509302997,0,0,3,0,0.25,-1,"{""label"": ""nontoxic"", ""user_toxicity_score"": 25, ""worst_review"": -1}"
76561199367319773,0,0,1,0,0.0,-1,"{""label"": ""nontoxic"", ""user_toxicity_score"": 0, ""worst_review"": -1}"
76561198121920629,0,0,2,0,0.0,-1,"{""label"": ""nontoxic"", ""user_toxicity_score"": 0, ""worst_review"": -1}"
76561199509950167,0,0,1,0,0.05,-1,"{""label"": ""nontoxic"", ""user_toxicity_score"": 5, ""worst_review"": -1}"
76561198039977585,0,0,4,0,0.25,-1,"{""label"": ""nontoxic"", ""user_toxicity_score"": 25, ""worst_review"": -1}"
76561199552859020,0,0,1,0,0.0,-1,"{""label"": ""nontoxic"", ""user_toxicity_score"": 0, ""worst_review"": -1}"
76561198072826561,0,0,4,1,0.85,2,"{""label"": ""toxic"", ""user_toxicity_score"": 85, ""worst_review"": 2}"
76561199054457720,0,0,1,0,0.0,-1,"{""label"": ""nontoxic"", ""user_toxicity_score"": 0, ""worst_review"": -1}"
76561198393517922,0,0,5,0,0.25,-1,"{""label"": ""nontoxic"", ""user_toxicity_score"": 25, ""worst_review"": -1}"
76561199056686147,0,1,3,1,0.85,1,"{""label"": ""toxic"", ""user_toxicity_score"": 85, ""worst_review"": 1}"
76561198064245143,0,0,2,1,0.67,1,"{""label"": ""toxic"", ""user_toxicity_score"": 67, ""worst_review"": 1}"
76561198416915158,0,0,3,0,0.25,-1,"{""label"": ""nontoxic"", ""user_toxicity_score"": 25, ""worst_review"": -1}"
76561199420079701,0,0,1,0,0.25,-1,"{""label"": ""nontoxic"", ""user_toxicity_score"": 25, ""worst_review"": -1}"
76561198309244687,0,0,1,0,0.0,-1,"{""label"": ""nontoxic"", ""user_toxicity_score"": 0, ""worst_review"": -1}"
76561198273351090,0,0,3,0,0.0,-1,"{""label"": ""nontoxic"", ""user_toxicity_score"": 0, ""worst_review"": -1}"
76561198232671452,0,0,1,0,0.0,-1,"{""label"": ""nontoxic"", ""user_toxicity_score"": 0, ""worst_review"": -1}"
76561198010569232,0,0,2,0,0.05,-1,"{""label"": ""nontoxic"", ""user_toxicity_score"": 5, ""worst_review"": -1}"
76561198120971001,0,0,1,0,0.0,-1,"{""label"": ""nontoxic"", ""user_toxicity_score"": 0, ""worst_review"": -1}"
76561199525897208,0,0,1,0,0.0,-1,"{""label"": ""nontoxic"", ""user_toxicity_score"": 0, ""worst_review"": -1}"
76561198834720251,0,0,2,0,0.0,-1,"{""label"": ""nontoxic"", ""user_toxicity_score"": 0, ""worst_review"": -1}"
76561198304730213,0,0,1,0,0.0,-1,"{""label"": ""nontoxic"", ""user_toxicity_score"": 0, ""worst_review"": -1}"
76561199744968377,0,0,1,0,0.05,-1,"{""label"": ""nontoxic"", ""user_toxicity_score"": 5, ""worst_review"": -1}"
76561198876565976,0,0,1,0,0.0,-1,"{""label"": ""nontoxic"", ""user_toxicity_score"": 0, ""worst_review"": -1}"
76561199493667221,0,0,2,0,0.0,-1,"{""label"": ""nontoxic"", ""user_toxicity_score"": 0, ""worst_review"": -1}"
76561198838443752,0,0,2,0,0.0,-1,"{""label"": ""nontoxic"", ""user_toxicity_score"": 0, ""worst_review"": -1}"
76561198107796084,0,0,1,0,0.0,-1,"{""label"": ""nontoxic"", ""user_toxicity_score"": 0, ""worst_review"": -1}"
76561199016568423,0,0,1,0,0.0,-1,"{""label"": ""nontoxic"", ""user_toxicity_score"": 0, ""worst_review"": -1}"
76561198021066063,0,0,1,0,0.0,-1,"{""label"": ""nontoxic"", ""user_toxicity_score"": 0, ""worst_review"": -1}"
76561199083519460,0,0,1,0,0.05,-1,"{""label"": ""nontoxic"", ""user_toxicity_score"": 5, ""worst_review"": -1}"
76561199164544203,0,0,1,0,0.0,-1,"{""label"": ""nontoxic"", ""user_toxicity_score"": 0, ""worst_review"": -1}"
76561198993381550,0,0,2,0,0.0,-1,"{""label"": ""nontoxic"", ""user_toxicity_score"": 0, ""worst_review"": -1}"
76561198025507862,0,0,1,0,0.0,-1,"{""label"": ""nontoxic"", ""user_toxicity_score"": 0, ""worst_review"": -1}"
76561198051206083,0,0,10,0,0.25,-1,"{""label"": ""nontoxic"", ""user_toxicity_score"": 25, ""worst_review"": -1}"
76561198036606235,0,0,2,0,0.05,-1,"{""label"": ""nontoxic"", ""user_toxicity_score"": 5, ""worst_review"": -1}"
76561197984188353,0,0,1,0,0.0,-1,"{""label"": ""nontoxic"", ""user_toxicity_score"": 0, ""worst_review"": -1}"
76561198172892653,0,0,1,0,0.0,-1,"{""label"": ""nontoxic"", ""user_toxicity_score"": 0, ""worst_review"": -1}"
76561198061070748,0,0,1,0,0.05,-1,"{""label"": ""nontoxic"", ""user_toxicity_score"": 5, ""worst_review"": -1}"
76561198130669641,0,0,1,1,0.85,0,"{""label"": ""toxic"", ""user_toxicity_score"": 85, ""worst_review"": 0}"
76561198996592456,0,0,1,0,0.0,-1,"{""label"": ""nontoxic"", ""user_toxicity_score"": 0, ""worst_review"": -1}"
76561198982600863,0,0,1,1,0.85,0,"{""label"": ""toxic"", ""user_toxicity_score"": 85, ""worst_review"": 0}"
76561198155757575,0,0,1,0,0.0,-1,"{""label"": ""nontoxic"", ""user_toxicity_score"": 0, ""worst_review"": -1}"
76561198086427135,0,0,1,0,0.25,-1,"{""label"": ""nontoxic"", ""user_toxicity_score"": 25, ""worst_review"": -1}"
76561198033975358,0,0,1,0,0.0,-1,"{""label"": ""nontoxic"", ""user_toxicity_score"": 0, ""worst_review"": -1}"
76561198806661973,0,1,10,1,0.75,6,"{""label"": ""toxic"", ""user_toxicity_score"": 75, ""worst_review"": 6}"
76561198372513797,0,0,2,0,0.05,-1,"{""label"": ""nontoxic"", ""user_toxicity_score"": 5, ""worst_review"": -1}"
76561198967939491,0,0,1,0,0.05,-1,"{""label"": ""nontoxic"", ""user_toxicity_score"": 5, ""worst_review"": -1}"
76561198018474306,0,0,12,0,0.0,-1,"{""label"": ""nontoxic"", ""user_toxicity_score"": 0, ""worst_review"": -1}"
76561198073810329,0,0,2,0,0.0,-1,"{""label"": ""nontoxic"", ""user_toxicity_score"": 0, ""worst_review"": -1}"
76561198124647587,0,0,3,1,0.5,1,"{""label"": ""toxic"", ""user_toxicity_score"": 50, ""worst_review"": 1}"
76561199439021997,0,0,1,0,0.0,-1,"{""label"": ""nontoxic"", ""user_toxicity_score"": 0, ""worst_review"": -1}"
76561199071211177,0,0,2,0,0.0,-1,"{""label"": ""nontoxic"", ""user_toxicity_score"": 0, ""worst_review"": -1}"
76561198799015734,0,0,3,0,0.0,-1,"{""label"": ""nontoxic"", ""user_toxicity_score"": 0, ""worst_review"": -1}"
76561198871508592,0,0,3,0,0.05,-1,"{""label"": ""nontoxic"", ""user_toxicity_score"": 5, ""worst_review"": -1}"
76561198805643723,0,0,2,0,0.25,-1,"{""label"": ""nontoxic"", ""user_toxicity_score"": 25, ""worst_review"": -1}"
76561199140297835,0,0,2,0,0.0,-1,"{""label"": ""nontoxic"", ""user_toxicity_score"": 0, ""worst_review"": -1}"
76561199299325559,0,0,1,0,0.25,-1,"{""label"": ""nontoxic"", ""user_toxicity_score"": 25, ""worst_review"": -1}"
76561198833476345,0,0,3,0,0.25,-1,"{""label"": ""nontoxic"", ""user_toxicity_score"": 25, ""worst_review"": -1}"
76561198013081464,0,0,2,0,0.0,-1,"{""label"": ""nontoxic"", ""user_toxicity_score"": 0, ""worst_review"": -1}"
76561199224442635,0,0,1,0,0.05,-1,"{""label"": ""nontoxic"", ""user_toxicity_score"": 5, ""worst_review"": -1}"
76561198910036825,0,0,1,0,0.25,-1,"{""label"": ""nontoxic"", ""user_toxicity_score"": 25, ""worst_review"": -1}"
76561199014485242,0,0,1,0,0.0,-1,"{""label"": ""nontoxic"", ""user_toxicity_score"": 0, ""worst_review"": -1}"
76561198041541267,0,0,8,0,0.25,-1,"{""label"": ""nontoxic"", ""user_toxicity_score"": 25, ""worst_review"": -1}"
76561199023694914,0,0,1,1,0.85,0,"{""label"": ""toxic"", ""user_toxicity_score"": 85, ""worst_review"": 0}"
76561199211390693,1,0,1,0,0.25,-1,"{""label"": ""nontoxic"", ""user_toxicity_score"": 25, ""worst_review"": -1}"
76561199083714861,1,0,1,0,0.0,-1,"{""label"": ""nontoxic"", ""user_toxicity_score"": 0, ""worst_review"": -1}"
76561198031362322,1,0,1,0,0.05,-1,"{""label"": ""nontoxic"", ""user_toxicity_score"": 5, ""worst_review"": -1}"
76561198119836973,1,0,2,0,0.0,-1,"{""label"": ""nontoxic"", ""user_toxicity_score"": 0, ""worst_review"": -1}"
76561197990278281,1,0,2,0,0.0,-1,"{""label"": ""nontoxic"", ""user_toxicity_score"": 0, ""worst_review"": -1}"
76561199108496830,1,0,3,0,0.0,-1,"{""label"": ""nontoxic"", ""user_toxicity_score"": 0, ""worst_review"": -1}"
76561198062433820,1,0,1,0,0.0,-1,"{""label"": ""nontoxic"", ""user_toxicity_score"": 0, ""worst_review"": -1}"
76561198037983141,1,0,1,0,0.05,-1,"{""label"": ""nontoxic"", ""user_toxicity_score"": 5, ""worst_review"": -1}"
76561199223106587,1,0,1,1,0.85,0,"{""label"": ""toxic"", ""user_toxicity_score"": 85, ""worst_review"": 0}"
76561198210016305,1,0,1,0,0.0,-1,"{""label"": ""nontoxic"", ""user_toxicity_score"": 0, ""worst_review"": -1}"
76561199155379398,1,0,1,1,0.95,0,"{""label"": ""toxic"", ""user_toxicity_score"": 95, ""worst_review"": 0}"
76561198834474291,1,0,2,0,0.0,-1,"{""label"": ""nontoxic"", ""user_toxicity_score"": 0, ""worst_review"": -1}"
76561198385256640,1,0,1,0,0.0,-1,"{""label"": ""nontoxic"", ""user_toxicity_score"": 0, ""worst_review"": -1}"
76561199382800800,1,0,2,0,0.0,-1,"{""label"": ""nontoxic"", ""user_toxicity_score"": 0, ""worst_review"": -1}"
76561198091391369,1,0,1,0,0.05,-1,"{""label"": ""nontoxic"", ""user_toxicity_score"": 5, ""worst_review"": -1}"
76561198303467536,1,0,1,0,0.05,-1,"{""label"": ""nontoxic"", ""user_toxicity_score"": 5, ""worst_review"": -1}"
76561198930050993,1,0,1,0,0.05,-1,"{""label"": ""nontoxic"", ""user_toxicity_score"": 5, ""worst_review"": -1}"
76561199096858563,1,0,1,0,0.0,-1,"{""label"": ""nontoxic"", ""user_toxicity_score"": 0, ""worst_review"": -1}"
76561198167074872,1,0,7,1,0.85,3,"{""label"": ""toxic"", ""user_toxicity_score"": 85, ""worst_review"": 3}"
76561198014271674,1,0,1,0,0.0,-1,"{""label"": ""nontoxic"", ""user_toxicity_score"": 0, ""worst_review"": -1}"
76561198160221606,1,1,2,1,0.5,0,"{""label"": ""toxic"", ""user_toxicity_score"": 50, ""worst_review"": 0}"
76561199202055903,1,1,3,1,0.85,1,"{""label"": ""toxic"", ""user_toxicity_score"": 85, ""worst_review"": 1}"
76561199222237877,1,0,5,0,0.25,-1,"{""label"": ""nontoxic"", ""user_toxicity_score"": 25, ""worst_review"": -1}"
76561199312439824,1,0,1,0,0.0,-1,"{""label"": ""nontoxic"", ""user_toxicity_score"": 0, ""worst_review"": -1}"
76561198841752281,1,0,1,0,0.0,-1,"{""label"": ""nontoxic"", ""user_toxicity_score"": 0, ""worst_review"": -1}"
76561197971210797,1,0,1,1,0.5,0,"{""label"": ""toxic"", ""user_toxicity_score"": 50, ""worst_review"": 0}"
76561199078575523,1,0,1,0,0.0,-1,"{""label"": ""nontoxic"", ""user_toxicity_score"": 0, ""worst_review"": -1}"
76561199489830705,1,0,2,0,0.0,-1,"{""label"": ""nontoxic"", ""user_toxicity_score"": 0, ""worst_review"": -1}"
76561198006263086,1,0,1,0,0.05,-1,"{""label"": ""nontoxic"", ""user_toxicity_score"": 5, ""worst_review"": -1}"
76561199072069967,1,0,15,1,0.5,4,"{""label"": ""toxic"", ""user_toxicity_score"": 50, ""worst_review"": 4}"
76561199196813271,1,0,1,0,0.0,-1,"{""label"": ""nontoxic"", ""user_toxicity_score"": 0, ""worst_review"": -1}"
76561198048162495,1,0,4,0,0.0,-1,"{""label"": ""nontoxic"", ""user_toxicity_score"": 0, ""worst_review"": -1}"
76561198450094682,1,0,1,0,0.0,-1,"{""label"": ""nontoxic"", ""user_toxicity_score"": 0, ""worst_review"": -1}"
76561197995124130,1,0,1,0,0.0,-1,"{""label"": ""nontoxic"", ""user_toxicity_score"": 0, ""worst_review"": -1}"
76561199473697893,1,0,1,0,0.0,-1,"{""label"": ""nontoxic"", ""user_toxicity_score"": 0, ""worst_review"": -1}"
76561199115169680,1,1,6,1,0.85,2,"{""label"": ""toxic"", ""user_toxicity_score"": 85, ""worst_review"": 2}"
76561198414958615,1,0,2,0,0.05,-1,"{""label"": ""nontoxic"", ""user_toxicity_score"": 5, ""worst_review"": -1}"
76561199095971685,1,0,1,0,0.0,-1,"{""label"": ""nontoxic"", ""user_toxicity_score"": 0, ""worst_review"": -1}"
76561198067700112,1,0,1,0,0.0,-1,"{""label"": ""nontoxic"", ""user_toxicity_score"": 0, ""worst_review"": -1}"
76561199217296627,1,0,2,0,0.0,-1,"{""label"": ""nontoxic"", ""user_toxicity_score"": 0, ""worst_review"": -1}"
76561198006201970,1,0,1,0,0.0,-1,"{""label"": ""nontoxic"", ""user_toxicity_score"": 0, ""worst_review"": -1}"
76561199059738772,1,0,1,0,0.0,-1,"{""label"": ""nontoxic"", ""user_toxicity_score"": 0, ""worst_review"": -1}"
76561198980356215,1,0,1,0,0.0,-1,"{""label"": ""nontoxic"", ""user_toxicity_score"": 0, ""worst_review"": -1}"
76561199069966920,1,0,4,0,0.0,-1,"{""label"": ""nontoxic"", ""user_toxicity_score"": 0, ""worst_review"": -1}"
76561198860257352,1,0,1,0,0.05,-1,"{""label"": ""nontoxic"", ""user_toxicity_score"": 5, ""worst_review"": -1}"
76561199124864010,1,0,1,0,0.0,-1,"{""label"": ""nontoxic"", ""user_toxicity_score"": 0, ""worst_review"": -1}"
76561198134685387,1,0,2,0,0.25,-1,"{""label"": ""nontoxic"", ""user_toxicity_score"": 25, ""worst_review"": -1}"
76561198031760228,1,0,1,0,0.0,-1,"{""label"": ""nontoxic"", ""user_toxicity_score"": 0, ""worst_review"": -1}"
76561199070432525,1,0,1,0,0.0,-1,"{""label"": ""nontoxic"", ""user_toxicity_score"": 0, ""worst_review"": -1}"
76561198019832244,1,0,1,0,0.0,-1,"{""label"": ""nontoxic"", ""user_toxicity_score"": 0, ""worst_review"": -1}"
76561198815596035,1,0,1,1,0.85,0,"{""label"": ""toxic"", ""user_toxicity_score"": 85, ""worst_review"": 0}"
76561199727670387,1,0,1,0,0.0,-1,"{""label"": ""nontoxic"", ""user_toxicity_score"": 0, ""worst_review"": -1}"
76561198105326771,1,0,3,0,0.0,-1,"{""label"": ""nontoxic"", ""user_toxicity_score"": 0, ""worst_review"": -1}"
76561198138244490,1,0,1,0,0.0,-1,"{""label"": ""nontoxic"", ""user_toxicity_score"": 0, ""worst_review"": -1}"
76561198315942121,1,0,4,0,0.0,-1,"{""label"": ""nontoxic"", ""user_toxicity_score"": 0, ""worst_review"": -1}"
76561199219347338,1,0,1,0,0.0,-1,"{""label"": ""nontoxic"", ""user_toxicity_score"": 0, ""worst_review"": -1}"
76561199435905007,1,0,1,0,0.0,-1,"{""label"": ""nontoxic"", ""user_toxicity_score"": 0, ""worst_review"": -1}"
76561198029275961,1,0,3,0,0.0,-1,"{""label"": ""nontoxic"", ""user_toxicity_score"": 0, ""worst_review"": -1}"
76561197960402681,1,0,1,0,0.25,-1,"{""label"": ""nontoxic"", ""user_toxicity_score"": 25, ""worst_review"": -1}"
76561199229571633,1,0,3,0,0.25,-1,"{""label"": ""nontoxic"", ""user_toxicity_score"": 25, ""worst_review"": -1}"
76561199002024699,1,0,1,0,0.0,-1,"{""label"": ""nontoxic"", ""user_toxicity_score"": 0, ""worst_review"": -1}"
76561198031694059,1,0,2,0,0.0,-1,"{""label"": ""nontoxic"", ""user_toxicity_score"": 0, ""worst_review"": -1}"
76561199404407446,1,0,1,0,0.0,-1,"{""label"": ""nontoxic"", ""user_toxicity_score"": 0, ""worst_review"": -1}"
76561198836908658,1,0,1,0,0.0,-1,"{""label"": ""nontoxic"", ""user_toxicity_score"": 0, ""worst_review"": -1}"
76561199206668780,1,0,1,0,0.05,-1,"{""label"": ""nontoxic"", ""user_toxicity_score"": 5, ""worst_review"": -1}"
76561198123159856,1,0,5,0,0.05,-1,"{""label"": ""nontoxic"", ""user_toxicity_score"": 5, ""worst_review"": -1}"
76561198056527119,1,0,3,1,0.85,0,"{""label"": ""toxic"", ""user_toxicity_score"": 85, ""worst_review"": 0}"
76561198799944789,1,0,4,0,0.25,-1,"{""label"": ""nontoxic"", ""user_toxicity_score"": 25, ""worst_review"": -1}"
76561198122708736,1,0,1,0,0.05,-1,"{""label"": ""nontoxic"", ""user_toxicity_score"": 5, ""worst_review"": -1}"
76561199117470908,1,0,2,0,0.05,-1,"{""label"": ""nontoxic"", ""user_toxicity_score"": 5, ""worst_review"": -1}"
76561198304818760,1,0,4,1,0.5,1,"{""label"": ""toxic"", ""user_toxicity_score"": 50, ""worst_review"": 1}"
76561198090602771,1,0,1,0,0.0,-1,"{""label"": ""nontoxic"", ""user_toxicity_score"": 0, ""worst_review"": -1}"
76561199076844864,1,0,1,0,0.05,-1,"{""label"": ""nontoxic"", ""user_toxicity_score"": 5, ""worst_review"": -1}"
76561198042896178,1,0,4,1,0.85,3,"{""label"": ""toxic"", ""user_toxicity_score"": 85, ""worst_review"": 3}"
76561198196586855,1,0,6,0,0.25,-1,"{""label"": ""nontoxic"", ""user_toxicity_score"": 25, ""worst_review"": -1}"
76561199024671068,1,0,1,0,0.0,-1,"{""label"": ""nontoxic"", ""user_toxicity_score"": 0, ""worst_review"": -1}"
76561198165901132,1,0,3,1,0.85,2,"{""label"": ""toxic"", ""user_toxicity_score"": 85, ""worst_review"": 2}"
76561199537156842,1,0,1,0,0.25,-1,"{""label"": ""nontoxic"", ""user_toxicity_score"": 25, ""worst_review"": -1}"
76561197981315074,1,0,1,0,0.25,-1,"{""label"": ""nontoxic"", ""user_toxicity_score"": 25, ""worst_review"": -1}"
76561198201871883,1,0,1,0,0.05,-1,"{""label"": ""nontoxic"", ""user_toxicity_score"": 5, ""worst_review"": -1}"
76561198428737257,1,0,1,0,0.05,-1,"{""label"": ""nontoxic"", ""user_toxicity_score"": 5, ""worst_review"": -1}"
76561198041918298,1,0,7,0,0.0,-1,"{""label"": ""nontoxic"", ""user_toxicity_score"": 0, ""worst_review"": -1}"
76561198107473055,1,0,2,0,0.0,-1,"{""label"": ""nontoxic"", ""user_toxicity_score"": 0, ""worst_review"": -1}"
76561199205913802,1,0,1,0,0.0,-1,"{""label"": ""nontoxic"", ""user_toxicity_score"": 0, ""worst_review"": -1}"
76561199022405062,1,0,1,0,0.0,-1,"{""label"": ""nontoxic"", ""user_toxicity_score"": 0, ""worst_review"": -1}"
76561198878044915,1,0,2,1,0.5,1,"{""label"": ""toxic"", ""user_toxicity_score"": 50, ""worst_review"": 1}"
76561198061438686,1,0,1,0,0.05,-1,"{""label"": ""nontoxic"", ""user_toxicity_score"": 5, ""worst_review"": -1}"
76561198826833231,1,0,1,0,0.25,-1,"{""label"": ""nontoxic"", ""user_toxicity_score"": 25, ""worst_review"": -1}"
76561198823592152,1,0,2,0,0.05,-1,"{""label"": ""nontoxic"", ""user_toxicity_score"": 5, ""worst_review"": -1}"
76561198878433436,1,0,1,0,0.0,-1,"{""label"": ""nontoxic"", ""user_toxicity_score"": 0, ""worst_review"": -1}"
76561199055871611,1,0,3,0,0.0,-1,"{""label"": ""nontoxic"", ""user_toxicity_score"": 0, ""worst_review"": -1}"
76561197964802043,1,0,1,0,0.0,-1,"{""label"": ""nontoxic"", ""user_toxicity_score"": 0, ""worst_review"": -1}"
76561198114286875,1,0,2,0,0.05,-1,"{""label"": ""nontoxic"", ""user_toxicity_score"": 5, ""worst_review"": -1}"
76561198811927776,1,0,1,0,0.05,-1,"{""label"": ""nontoxic"", ""user_toxicity_score"": 5, ""worst_review"": -1}"
76561198238669704,1,0,1,0,0.0,-1,"{""label"": ""nontoxic"", ""user_toxicity_score"": 0, ""worst_review"": -1}"
76561198137285615,1,0,4,1,0.85,0,"{""label"": ""toxic"", ""user_toxicity_score"": 85, ""worst_review"": 0}"
76561199720286974,1,0,1,0,0.05,-1,"{""label"": ""nontoxic"", ""user_toxicity_score"": 5, ""worst_review"": -1}"
76561198840919832,1,0,1,1,0.85,0,"{""label"": ""toxic"", ""user_toxicity_score"": 85, ""worst_review"": 0}"
76561198836099357,1,0,1,0,0.05,-1,"{""label"": ""nontoxic"", ""user_toxicity_score"": 5, ""worst_review"": -1}"
76561198077321395,1,0,7,0,0.05,-1,"{""label"": ""nontoxic"", ""user_toxicity_score"": 5, ""worst_review"": -1}"
76561198442367316,1,0,2,1,0.5,0,"{""label"": ""toxic"", ""user_toxicity_score"": 50, ""worst_review"": 0}"
76561198068668462,1,0,1,0,0.0,-1,"{""label"": ""nontoxic"", ""user_toxicity_score"": 0, ""worst_review"": -1}"
76561198200166385,1,0,2,0,0.0,-1,"{""label"": ""nontoxic"", ""user_toxicity_score"": 0, ""worst_review"": -1}"
76561198991839693,1,0,1,0,0.05,-1,"{""label"": ""nontoxic"", ""user_toxicity_score"": 5, ""worst_review"": -1}"
76561198092796132,1,0,1,0,0.05,-1,"{""label"": ""nontoxic"", ""user_toxicity_score"": 5, ""worst_review"": -1}"
76561198811465389,1,0,2,1,0.5,0,"{""label"": ""toxic"", ""user_toxicity_score"": 50, ""worst_review"": 0}"
76561198060916590,1,1,4,1,0.75,1,"{""label"": ""toxic"", ""user_toxicity_score"": 75, ""worst_review"": 1}"
76561198342772537,1,0,2,0,0.25,-1,"{""label"": ""nontoxic"", ""user_toxicity_score"": 25, ""worst_review"": -1}"
76561198034239611,1,0,1,0,0.05,-1,"{""label"": ""nontoxic"", ""user_toxicity_score"": 5, ""worst_review"": -1}"
76561198109595228,1,0,1,0,0.0,-1,"{""label"": ""nontoxic"", ""user_toxicity_score"": 0, ""worst_review"": -1}"
76561198055777997,1,0,1,0,0.0,-1,"{""label"": ""nontoxic"", ""user_toxicity_score"": 0, ""worst_review"": -1}"
76561199102471288,1,0,2,0,0.0,-1,"{""label"": ""nontoxic"", ""user_toxicity_score"": 0, ""worst_review"": -1}"
76561198292818693,1,0,1,0,0.0,-1,"{""label"": ""nontoxic"", ""user_toxicity_score"": 0, ""worst_review"": -1}"
76561199395570637,1,1,1,1,1.0,0,"{""label"": ""toxic"", ""user_toxicity_score"": 100, ""worst_review"": 0}"
76561198148481251,1,0,1,0,0.25,-1,"{""label"": ""nontoxic"", ""user_toxicity_score"": 25, ""worst_review"": -1}"
76561198838043498,1,0,1,0,0.25,-1,"{""label"": ""nontoxic"", ""user_toxicity_score"": 25, ""worst_review"": -1}"
76561199138002996,1,0,1,0,0.0,-1,"{""label"": ""nontoxic"", ""user_toxicity_score"": 0, ""worst_review"": -1}"
76561198004782267,1,0,3,0,0.25,-1,"{""label"": ""nontoxic"", ""user_toxicity_score"": 25, ""worst_review"": -1}"
76561199780706292,1,0,1,0,0.0,-1,"{""label"": ""nontoxic"", ""user_toxicity_score"": 0, ""worst_review"": -1}"
76561198996559416,1,0,2,0,0.0,-1,"{""label"": ""nontoxic"", ""user_toxicity_score"": 0, ""worst_review"": -1}"
76561198063711345,1,0,3,0,0.0,-1,"{""label"": ""nontoxic"", ""user_toxicity_score"": 0, ""worst_review"": -1}"
76561198211278843,1,0,2,1,0.5,1,"{""label"": ""toxic"", ""user_toxicity_score"": 50, ""worst_review"": 1}"
76561198260229621,1,0,1,0,0.0,-1,"{""label"": ""nontoxic"", ""user_toxicity_score"": 0, ""worst_review"": -1}"
76561198133648620,1,0,4,0,0.25,-1,"{""label"": ""nontoxic"", ""user_toxicity_score"": 25, ""worst_review"": -1}"
76561198169306734,1,0,1,0,0.0,-1,"{""label"": ""nontoxic"", ""user_toxicity_score"": 0, ""worst_review"": -1}"
76561199235103667,1,0,1,0,0.05,-1,"{""label"": ""nontoxic"", ""user_toxicity_score"": 5, ""worst_review"": -1}"
76561198260748042,1,0,2,0,0.25,-1,"{""label"": ""nontoxic"", ""user_toxicity_score"": 25, ""worst_review"": -1}"
76561198067904080,1,0,1,0,0.0,-1,"{""label"": ""nontoxic"", ""user_toxicity_score"": 0, ""worst_review"": -1}"
76561197967709662,1,0,1,0,0.0,-1,"{""label"": ""nontoxic"", ""user_toxicity_score"": 0, ""worst_review"": -1}"
76561198048982589,1,0,1,0,0.05,-1,"{""label"": ""nontoxic"", ""user_toxicity_score"": 5, ""worst_review"": -1}"
76561198186792075,1,0,6,0,0.25,-1,"{""label"": ""nontoxic"", ""user_toxicity_score"": 25, ""worst_review"": -1}"
76561198037835396,1,0,1,0,0.05,-1,"{""label"": ""nontoxic"", ""user_toxicity_score"": 5, ""worst_review"": -1}"
76561198116102985,1,0,5,0,0.0,-1,"{""label"": ""nontoxic"", ""user_toxicity_score"": 0, ""worst_review"": -1}"
76561198926081163,1,0,1,0,0.05,-1,"{""label"": ""nontoxic"", ""user_toxicity_score"": 5, ""worst_review"": -1}"
76561198292151208,1,0,1,1,0.5,0,"{""label"": ""toxic"", ""user_toxicity_score"": 50, ""worst_review"": 0}"
76561198005622066,1,0,23,1,0.75,9,"{""label"": ""toxic"", ""user_toxicity_score"": 75, ""worst_review"": 9}"
76561198992064633,1,0,2,0,0.05,-1,"{""label"": ""nontoxic"", ""user_toxicity_score"": 5, ""worst_review"": -1}"
76561199302377669,1,0,2,0,0.05,-1,"{""label"": ""nontoxic"", ""user_toxicity_score"": 5, ""worst_review"": -1}"
76561199122412937,1,1,3,1,0.5,0,"{""label"": ""toxic"", ""user_toxicity_score"": 50, ""worst_review"": 0}"
76561199154389709,1,0,1,1,0.5,0,"{""label"": ""toxic"", ""user_toxicity_score"": 50, ""worst_review"": 0}"
76561198106137031,1,0,4,0,0.0,-1,"{""label"": ""nontoxic"", ""user_toxicity_score"": 0, ""worst_review"": -1}"
76561197968532224,1,0,3,0,0.25,-1,"{""label"": ""nontoxic"", ""user_toxicity_score"": 25, ""worst_review"": -1}"
76561198800768258,1,0,3,0,0.25,-1,"{""label"": ""nontoxic"", ""user_toxicity_score"": 25, ""worst_review"": -1}"
76561198125495257,1,0,1,0,0.0,-1,"{""label"": ""nontoxic"", ""user_toxicity_score"": 0, ""worst_review"": -1}"
76561199009219305,1,0,1,0,0.05,-1,"{""label"": ""nontoxic"", ""user_toxicity_score"": 5, ""worst_review"": -1}"
76561198800776548,1,0,1,0,0.05,-1,"{""label"": ""nontoxic"", ""user_toxicity_score"": 5, ""worst_review"": -1}"
76561199151877249,1,0,1,0,0.0,-1,"{""label"": ""nontoxic"", ""user_toxicity_score"": 0, ""worst_review"": -1}"
76561199171410325,1,0,1,0,0.05,-1,"{""label"": ""nontoxic"", ""user_toxicity_score"": 5, ""worst_review"": -1}"
76561198819993148,1,0,1,0,0.0,-1,"{""label"": ""nontoxic"", ""user_toxicity_score"": 0, ""worst_review"": -1}"
76561199316386691,1,0,1,0,0.05,-1,"{""label"": ""nontoxic"", ""user_toxicity_score"": 5, ""worst_review"": -1}"
76561198350830811,1,0,5,1,0.85,3,"{""label"": ""toxic"", ""user_toxicity_score"": 85, ""worst_review"": 3}"
76561197993239460,1,1,2,0,0.05,-1,"{""label"": ""nontoxic"", ""user_toxicity_score"": 5, ""worst_review"": -1}"
76561199638811142,1,0,1,0,0.0,-1,"{""label"": ""nontoxic"", ""user_toxicity_score"": 0, ""worst_review"": -1}"
76561198378013345,1,0,1,0,0.05,-1,"{""label"": ""nontoxic"", ""user_toxicity_score"": 5, ""worst_review"": -1}"
76561198042474561,1,0,4,0,0.0,-1,"{""label"": ""nontoxic"", ""user_toxicity_score"": 0, ""worst_review"": -1}"
76561198034277864,1,0,2,0,0.0,-1,"{""label"": ""nontoxic"", ""user_toxicity_score"": 0, ""worst_review"": -1}"
76561198167007215,1,0,2,0,0.0,-1,"{""label"": ""nontoxic"", ""user_toxicity_score"": 0, ""worst_review"": -1}"
76561197972227044,1,0,1,0,0.0,-1,"{""label"": ""nontoxic"", ""user_toxicity_score"": 0, ""worst_review"": -1}"
76561198170422195,1,0,1,0,0.0,-1,"{""label"": ""nontoxic"", ""user_toxicity_score"": 0, ""worst_review"": -1}"
76561198987875827,1,1,6,1,0.85,4,"{""label"": ""toxic"", ""user_toxicity_score"": 85, ""worst_review"": 4}"
76561197970825343,1,0,1,0,0.0,-1,"{""label"": ""nontoxic"", ""user_toxicity_score"": 0, ""worst_review"": -1}"
76561198046329648,1,0,1,1,0.65,0,"{""label"": ""toxic"", ""user_toxicity_score"": 65, ""worst_review"": 0}"
76561198033161603,1,0,8,1,0.85,3,"{""label"": ""toxic"", ""user_toxicity_score"": 85, ""worst_review"": 3}"
76561198041746099,1,0,2,0,0.05,-1,"{""label"": ""nontoxic"", ""user_toxicity_score"": 5, ""worst_review"": -1}"
76561197991661636,1,0,1,0,0.0,-1,"{""label"": ""nontoxic"", ""user_toxicity_score"": 0, ""worst_review"": -1}"
76561198209837340,1,0,1,1,1.0,0,"{""label"": ""toxic"", ""user_toxicity_score"": 100, ""worst_review"": 0}"
76561199017693050,1,0,1,0,0.0,-1,"{""label"": ""nontoxic"", ""user_toxicity_score"": 0, ""worst_review"": -1}"
76561198040296378,1,0,11,0,0.05,-1,"{""label"": ""nontoxic"", ""user_toxicity_score"": 5, ""worst_review"": -1}"
76561198121854591,1,0,1,0,0.25,-1,"{""label"": ""nontoxic"", ""user_toxicity_score"": 25, ""worst_review"": -1}"
76561198078427845,1,0,1,0,0.0,-1,"{""label"": ""nontoxic"", ""user_toxicity_score"": 0, ""worst_review"": -1}"
76561198035679260,1,0,3,0,0.0,-1,"{""label"": ""nontoxic"", ""user_toxicity_score"": 0, ""worst_review"": -1}"
76561197973149646,1,0,47,0,0.25,-1,"{""label"": ""nontoxic"", ""user_toxicity_score"": 25, ""worst_review"": -1}"
76561198813821008,1,0,1,0,0.05,-1,"{""label"": ""nontoxic"", ""user_toxicity_score"": 5, ""worst_review"": -1}"
76561198105391403,1,0,4,0,0.0,-1,"{""label"": ""nontoxic"", ""user_toxicity_score"": 0, ""worst_review"": -1}"
76561198138403278,1,0,2,0,0.0,-1,"{""label"": ""nontoxic"", ""user_toxicity_score"": 0, ""worst_review"": -1}"
76561198093793146,1,0,2,0,0.05,-1,"{""label"": ""nontoxic"", ""user_toxicity_score"": 5, ""worst_review"": -1}"
76561198081119092,1,0,9,1,0.85,5,"{""label"": ""toxic"", ""user_toxicity_score"": 85, ""worst_review"": 5}"
76561198012799810,1,0,4,0,0.25,-1,"{""label"": ""nontoxic"", ""user_toxicity_score"": 25, ""worst_review"": -1}"
76561198354421960,1,0,1,0,0.05,-1,"{""label"": ""nontoxic"", ""user_toxicity_score"": 5, ""worst_review"": -1}"
76561198114568667,1,0,3,0,0.0,-1,"{""label"": ""nontoxic"", ""user_toxicity_score"": 0, ""worst_review"": -1}"
76561198137308225,1,0,5,1,0.85,0,"{""label"": ""toxic"", ""user_toxicity_score"": 85, ""worst_review"": 0}"
76561198275116542,1,0,8,0,0.25,-1,"{""label"": ""nontoxic"", ""user_toxicity_score"": 25, ""worst_review"": -1}"
76561198063696699,1,0,1,0,0.25,-1,"{""label"": ""nontoxic"", ""user_toxicity_score"": 25, ""worst_review"": -1}"
76561198036140496,1,0,1,0,0.25,-1,"{""label"": ""nontoxic"", ""user_toxicity_score"": 25, ""worst_review"": -1}"
76561199381806615,1,0,2,0,0.0,-1,"{""label"": ""nontoxic"", ""user_toxicity_score"": 0, ""worst_review"": -1}"
76561198050049275,1,0,2,0,0.05,-1,"{""label"": ""nontoxic"", ""user_toxicity_score"": 5, ""worst_review"": -1}"
76561198216154145,1,0,8,0,0.05,-1,"{""label"": ""nontoxic"", ""user_toxicity_score"": 5, ""worst_review"": -1}"
76561198825382089,1,0,1,0,0.05,-1,"{""label"": ""nontoxic"", ""user_toxicity_score"": 5, ""worst_review"": -1}"
76561198204235108,1,0,1,0,0.0,-1,"{""label"": ""nontoxic"", ""user_toxicity_score"": 0, ""worst_review"": -1}"
76561198245702338,1,0,1,0,0.0,-1,"{""label"": ""nontoxic"", ""user_toxicity_score"": 0, ""worst_review"": -1}"
76561199176924790,1,0,3,0,0.25,-1,"{""label"": ""nontoxic"", ""user_toxicity_score"": 25, ""worst_review"": -1}"
76561199077519060,1,0,1,0,0.0,-1,"{""label"": ""nontoxic"", ""user_toxicity_score"": 0, ""worst_review"": -1}"
76561197973559210,1,0,1,1,0.5,0,"{""label"": ""toxic"", ""user_toxicity_score"": 50, ""worst_review"": 0}"
76561198982831177,1,0,1,0,0.0,-1,"{""label"": ""nontoxic"", ""user_toxicity_score"": 0, ""worst_review"": -1}"
76561199168029844,1,0,1,0,0.0,-1,"{""label"": ""nontoxic"", ""user_toxicity_score"": 0, ""worst_review"": -1}"
76561198217461393,1,0,4,0,0.0,-1,"{""label"": ""nontoxic"", ""user_toxicity_score"": 0, ""worst_review"": -1}"
76561199062210526,1,0,3,0,0.05,-1,"{""label"": ""nontoxic"", ""user_toxicity_score"": 5, ""worst_review"": -1}"
76561198274127731,1,0,2,0,0.0,-1,"{""label"": ""nontoxic"", ""user_toxicity_score"": 0, ""worst_review"": -1}"
76561198104852776,1,0,1,0,0.0,-1,"{""label"": ""nontoxic"", ""user_toxicity_score"": 0, ""worst_review"": -1}"
76561198983103936,1,0,4,0,0.0,-1,"{""label"": ""nontoxic"", ""user_toxicity_score"": 0, ""worst_review"": -1}"
76561198051840112,2,0,1,0,0.0,-1,"{""label"": ""nontoxic"", ""user_toxicity_score"": 0, ""worst_review"": -1}"
76561199070662521,2,0,1,1,0.95,0,"{""label"": ""toxic"", ""user_toxicity_score"": 95, ""worst_review"": 0}"
76561198210929399,2,0,2,0,0.0,-1,"{""label"": ""nontoxic"", ""user_toxicity_score"": 0, ""worst_review"": -1}"
76561198821491739,2,0,1,0,0.05,-1,"{""label"": ""nontoxic"", ""user_toxicity_score"": 5, ""worst_review"": -1}"
76561198968828558,2,0,1,0,0.25,-1,"{""label"": ""nontoxic"", ""user_toxicity_score"": 25, ""worst_review"": -1}"
76561198355717731,2,0,3,0,0.0,-1,"{""label"": ""nontoxic"", ""user_toxicity_score"": 0, ""worst_review"": -1}"
76561198067465818,2,0,2,0,0.05,-1,"{""label"": ""nontoxic"", ""user_toxicity_score"": 5, ""worst_review"": -1}"
76561198268310211,2,1,3,1,0.85,1,"{""label"": ""toxic"", ""user_toxicity_score"": 85, ""worst_review"": 1}"
76561198806506388,2,0,1,0,0.0,-1,"{""label"": ""nontoxic"", ""user_toxicity_score"": 0, ""worst_review"": -1}"
76561198073405181,2,0,1,0,0.05,-1,"{""label"": ""nontoxic"", ""user_toxicity_score"": 5, ""worst_review"": -1}"
76561197961646686,2,0,1,0,0.25,-1,"{""label"": ""nontoxic"", ""user_toxicity_score"": 25, ""worst_review"": -1}"
76561198992898146,2,0,3,0,0.0,-1,"{""label"": ""nontoxic"", ""user_toxicity_score"": 0, ""worst_review"": -1}"
76561198055059751,2,0,1,0,0.25,-1,"{""label"": ""nontoxic"", ""user_toxicity_score"": 25, ""worst_review"": -1}"
76561199171712461,2,0,4,0,0.05,-1,"{""label"": ""nontoxic"", ""user_toxicity_score"": 5, ""worst_review"": -1}"
76561199177129309,2,0,1,0,0.05,-1,"{""label"": ""nontoxic"", ""user_toxicity_score"": 5, ""worst_review"": -1}"
76561197994062010,2,0,27,0,0.25,-1,"{""label"": ""nontoxic"", ""user_toxicity_score"": 25, ""worst_review"": -1}"
76561198083964624,2,0,2,0,0.25,-1,"{""label"": ""nontoxic"", ""user_toxicity_score"": 25, ""worst_review"": -1}"
76561198028998314,2,0,9,0,0.25,-1,"{""label"": ""nontoxic"", ""user_toxicity_score"": 25, ""worst_review"": -1}"
76561199383747180,2,0,1,0,0.0,-1,"{""label"": ""nontoxic"", ""user_toxicity_score"": 0, ""worst_review"": -1}"
76561197965076248,2,0,2,0,0.25,-1,"{""label"": ""nontoxic"", ""user_toxicity_score"": 25, ""worst_review"": -1}"
76561198130757809,2,0,6,0,0.05,-1,"{""label"": ""nontoxic"", ""user_toxicity_score"": 5, ""worst_review"": -1}"
76561199688843236,2,0,1,0,0.05,-1,"{""label"": ""nontoxic"", ""user_toxicity_score"": 5, ""worst_review"": -1}"
76561199206246817,2,0,1,0,0.05,-1,"{""label"": ""nontoxic"", ""user_toxicity_score"": 5, ""worst_review"": -1}"
76561199058438768,2,1,1,1,0.95,0,"{""label"": ""toxic"", ""user_toxicity_score"": 95, ""worst_review"": 0}"
76561197969550334,2,0,1,0,0.0,-1,"{""label"": ""nontoxic"", ""user_toxicity_score"": 0, ""worst_review"": -1}"
76561198144014344,2,0,2,0,0.25,-1,"{""label"": ""nontoxic"", ""user_toxicity_score"": 25, ""worst_review"": -1}"
76561199011793957,2,0,1,0,0.0,-1,"{""label"": ""nontoxic"", ""user_toxicity_score"": 0, ""worst_review"": -1}"
76561199446812476,2,0,2,0,0.0,-1,"{""label"": ""nontoxic"", ""user_toxicity_score"": 0, ""worst_review"": -1}"
76561198176222793,2,0,1,0,0.25,-1,"{""label"": ""nontoxic"", ""user_toxicity_score"": 25, ""worst_review"": -1}"
76561198176547767,2,0,1,0,0.0,-1,"{""label"": ""nontoxic"", ""user_toxicity_score"": 0, ""worst_review"": -1}"
76561199520030951,2,0,1,0,0.0,-1,"{""label"": ""nontoxic"", ""user_toxicity_score"": 0, ""worst_review"": -1}"
76561198014622583,2,0,1,1,0.5,0,"{""label"": ""toxic"", ""user_toxicity_score"": 50, ""worst_review"": 0}"
76561199522361528,2,0,2,0,0.05,-1,"{""label"": ""nontoxic"", ""user_toxicity_score"": 5, ""worst_review"": -1}"
76561199288586231,2,0,1,0,0.0,-1,"{""label"": ""nontoxic"", ""user_toxicity_score"": 0, ""worst_review"": -1}"
76561198867426365,2,0,1,1,0.5,0,"{""label"": ""toxic"", ""user_toxicity_score"": 50, ""worst_review"": 0}"
76561198848471202,2,0,1,0,0.0,-1,"{""label"": ""nontoxic"", ""user_toxicity_score"": 0, ""worst_review"": -1}"
76561198315477212,2,0,1,0,0.0,-1,"{""label"": ""nontoxic"", ""user_toxicity_score"": 0, ""worst_review"": -1}"
76561199466752948,2,0,8,1,0.85,1,"{""label"": ""toxic"", ""user_toxicity_score"": 85, ""worst_review"": 1}"
76561198044526330,2,0,1,1,0.85,0,"{""label"": ""toxic"", ""user_toxicity_score"": 85, ""worst_review"": 0}"
76561198108784506,2,0,5,0,0.0,-1,"{""label"": ""nontoxic"", ""user_toxicity_score"": 0, ""worst_review"": -1}"
76561198116335665,2,0,21,0,0.25,-1,"{""label"": ""nontoxic"", ""user_toxicity_score"": 25, ""worst_review"": -1}"
76561198821448124,2,0,1,0,0.0,-1,"{""label"": ""nontoxic"", ""user_toxicity_score"": 0, ""worst_review"": -1}"
76561198012244224,2,0,1,0,0.05,-1,"{""label"": ""nontoxic"", ""user_toxicity_score"": 5, ""worst_review"": -1}"
76561198911374367,2,0,13,0,0.25,-1,"{""label"": ""nontoxic"", ""user_toxicity_score"": 25, ""worst_review"": -1}"
76561199098527236,2,0,1,0,0.0,-1,"{""label"": ""nontoxic"", ""user_toxicity_score"": 0, ""worst_review"": -1}"
76561198168108230,2,0,1,0,0.25,-1,"{""label"": ""nontoxic"", ""user_toxicity_score"": 25, ""worst_review"": -1}"
76561199016852454,2,0,3,1,0.5,2,"{""label"": ""toxic"", ""user_toxicity_score"": 50, ""worst_review"": 2}"
76561198098371792,2,0,16,1,0.85,13,"{""label"": ""toxic"", ""user_toxicity_score"": 85, ""worst_review"": 13}"
76561198409205864,2,0,7,0,0.25,-1,"{""label"": ""nontoxic"", ""user_toxicity_score"": 25, ""worst_review"": -1}"
76561199105420564,2,0,2,0,0.0,-1,"{""label"": ""nontoxic"", ""user_toxicity_score"": 0, ""worst_review"": -1}"
76561198450469370,2,1,9,0,0.25,-1,"{""label"": ""nontoxic"", ""user_toxicity_score"": 25, ""worst_review"": -1}"
76561198162882724,2,0,1,0,0.25,-1,"{""label"": ""nontoxic"", ""user_toxicity_score"": 25, ""worst_review"": -1}"
76561199587051763,2,0,2,0,0.05,-1,"{""label"": ""nontoxic"", ""user_toxicity_score"": 5, ""worst_review"": -1}"
76561199036926402,2,0,4,0,0.05,-1,"{""label"": ""nontoxic"", ""user_toxicity_score"": 5, ""worst_review"": -1}"
76561199023548977,2,0,2,0,0.05,-1,"{""label"": ""nontoxic"", ""user_toxicity_score"": 5, ""worst_review"": -1}"
76561198396447267,2,0,1,0,0.0,-1,"{""label"": ""nontoxic"", ""user_toxicity_score"": 0, ""worst_review"": -1}"
76561197998063414,2,0,1,0,0.05,-1,"{""label"": ""nontoxic"", ""user_toxicity_score"": 5, ""worst_review"": -1}"
76561197999945376,2,0,1,0,0.0,-1,"{""label"": ""nontoxic"", ""user_toxicity_score"": 0, ""worst_review"": -1}"
76561198065002857,2,0,1,0,0.0,-1,"{""label"": ""nontoxic"", ""user_toxicity_score"": 0, ""worst_review"": -1}"
76561199122288728,2,1,2,0,0.05,-1,"{""label"": ""nontoxic"", ""user_toxicity_score"": 5, ""worst_review"": -1}"
76561198030415662,2,0,2,0,0.05,-1,"{""label"": ""nontoxic"", ""user_toxicity_score"": 5, ""worst_review"": -1}"
76561198337906859,2,0,2,0,0.05,-1,"{""label"": ""nontoxic"", ""user_toxicity_score"": 5, ""worst_review"": -1}"
76561199082603615,2,0,10,0,0.25,-1,"{""label"": ""nontoxic"", ""user_toxicity_score"": 25, ""worst_review"": -1}"
76561198060300278,2,0,1,1,0.85,0,"{""label"": ""toxic"", ""user_toxicity_score"": 85, ""worst_review"": 0}"
76561199513195163,2,0,4,0,0.25,-1,"{""label"": ""nontoxic"", ""user_toxicity_score"": 25, ""worst_review"": -1}"
76561198439969638,2,0,1,0,0.0,-1,"{""label"": ""nontoxic"", ""user_toxicity_score"": 0, ""worst_review"": -1}"
76561198152915959,2,0,1,0,0.05,-1,"{""label"": ""nontoxic"", ""user_toxicity_score"": 5, ""worst_review"": -1}"
76561199060291821,2,0,2,1,0.85,1,"{""label"": ""toxic"", ""user_toxicity_score"": 85, ""worst_review"": 1}"
76561198350692744,2,0,1,0,0.05,-1,"{""label"": ""nontoxic"", ""user_toxicity_score"": 5, ""worst_review"": -1}"
76561198318768315,2,0,3,0,0.05,-1,"{""label"": ""nontoxic"", ""user_toxicity_score"": 5, ""worst_review"": -1}"
76561198275556017,2,0,3,0,0.0,-1,"{""label"": ""nontoxic"", ""user_toxicity_score"": 0, ""worst_review"": -1}"
76561197997198738,2,0,2,0,0.0,-1,"{""label"": ""nontoxic"", ""user_toxicity_score"": 0, ""worst_review"": -1}"
76561198036410876,2,0,1,0,0.0,-1,"{""label"": ""nontoxic"", ""user_toxicity_score"": 0, ""worst_review"": -1}"
76561198992944427,2,0,1,0,0.0,-1,"{""label"": ""nontoxic"", ""user_toxicity_score"": 0, ""worst_review"": -1}"
76561199466268471,2,0,1,1,0.95,0,"{""label"": ""toxic"", ""user_toxicity_score"": 95, ""worst_review"": 0}"
76561198967982300,2,0,1,0,0.05,-1,"{""label"": ""nontoxic"", ""user_toxicity_score"": 5, ""worst_review"": -1}"
76561198026806400,2,0,1,0,0.25,-1,"{""label"": ""nontoxic"", ""user_toxicity_score"": 25, ""worst_review"": -1}"
76561199455328882,2,0,1,1,0.5,0,"{""label"": ""toxic"", ""user_toxicity_score"": 50, ""worst_review"": 0}"
76561198837437750,2,0,2,0,0.0,-1,"{""label"": ""nontoxic"", ""user_toxicity_score"": 0, ""worst_review"": -1}"
76561198809773786,2,0,2,0,0.0,-1,"{""label"": ""nontoxic"", ""user_toxicity_score"": 0, ""worst_review"": -1}"
76561199547085025,2,0,1,0,0.0,-1,"{""label"": ""nontoxic"", ""user_toxicity_score"": 0, ""worst_review"": -1}"
76561198046996728,2,0,1,0,0.05,-1,"{""label"": ""nontoxic"", ""user_toxicity_score"": 5, ""worst_review"": -1}"
76561199273773237,2,0,2,0,0.05,-1,"{""label"": ""nontoxic"", ""user_toxicity_score"": 5, ""worst_review"": -1}"
76561198237808922,2,0,3,0,0.0,-1,"{""label"": ""nontoxic"", ""user_toxicity_score"": 0, ""worst_review"": -1}"
76561199132510382,2,1,4,1,0.95,0,"{""label"": ""toxic"", ""user_toxicity_score"": 95, ""worst_review"": 0}"
76561199447684173,2,0,1,0,0.25,-1,"{""label"": ""nontoxic"", ""user_toxicity_score"": 25, ""worst_review"": -1}"
76561199188466968,2,0,3,0,0.05,-1,"{""label"": ""nontoxic"", ""user_toxicity_score"": 5, ""worst_review"": -1}"
76561197996277669,2,0,1,0,0.05,-1,"{""label"": ""nontoxic"", ""user_toxicity_score"": 5, ""worst_review"": -1}"
76561198093811230,2,0,1,0,0.0,-1,"{""label"": ""nontoxic"", ""user_toxicity_score"": 0, ""worst_review"": -1}"
76561197991759880,2,0,5,0,0.05,-1,"{""label"": ""nontoxic"", ""user_toxicity_score"": 5, ""worst_review"": -1}"
76561199147139323,2,0,1,0,0.0,-1,"{""label"": ""nontoxic"", ""user_toxicity_score"": 0, ""worst_review"": -1}"
76561198413133706,2,1,7,1,0.85,4,"{""label"": ""toxic"", ""user_toxicity_score"": 85, ""worst_review"": 4}"
76561198012228661,2,0,1,0,0.0,-1,"{""label"": ""nontoxic"", ""user_toxicity_score"": 0, ""worst_review"": -1}"
76561198095818728,2,0,1,0,0.25,-1,"{""label"": ""nontoxic"", ""user_toxicity_score"": 25, ""worst_review"": -1}"
76561198831160151,2,0,1,0,0.0,-1,"{""label"": ""nontoxic"", ""user_toxicity_score"": 0, ""worst_review"": -1}"
76561198872095305,2,0,6,0,0.05,-1,"{""label"": ""nontoxic"", ""user_toxicity_score"": 5, ""worst_review"": -1}"
76561199071943451,2,0,1,0,0.0,-1,"{""label"": ""nontoxic"", ""user_toxicity_score"": 0, ""worst_review"": -1}"
76561199686948408,2,0,1,0,0.05,-1,"{""label"": ""nontoxic"", ""user_toxicity_score"": 5, ""worst_review"": -1}"
76561198260966940,2,0,2,0,0.0,-1,"{""label"": ""nontoxic"", ""user_toxicity_score"": 0, ""worst_review"": -1}"
76561198411772500,2,0,1,0,0.05,-1,"{""label"": ""nontoxic"", ""user_toxicity_score"": 5, ""worst_review"": -1}"
76561198950367602,2,0,2,1,0.5,1,"{""label"": ""toxic"", ""user_toxicity_score"": 50, ""worst_review"": 1}"
76561199391804546,2,0,1,0,0.0,-1,"{""label"": ""nontoxic"", ""user_toxicity_score"": 0, ""worst_review"": -1}"
76561198099976847,2,0,2,0,0.25,-1,"{""label"": ""nontoxic"", ""user_toxicity_score"": 25, ""worst_review"": -1}"
76561198045527599,2,0,1,0,0.0,-1,"{""label"": ""nontoxic"", ""user_toxicity_score"": 0, ""worst_review"": -1}"
76561199268472160,2,0,1,0,0.0,-1,"{""label"": ""nontoxic"", ""user_toxicity_score"": 0, ""worst_review"": -1}"
76561198042243256,2,0,2,0,0.0,-1,"{""label"": ""nontoxic"", ""user_toxicity_score"": 0, ""worst_review"": -1}"
76561198028624052,2,0,1,1,1.0,0,"{""label"": ""toxic"", ""user_toxicity_score"": 100, ""worst_review"": 0}"
76561199817941746,2,0,1,0,0.0,-1,"{""label"": ""nontoxic"", ""user_toxicity_score"": 0, ""worst_review"": -1}"
76561198840840296,2,0,4,0,0.05,-1,"{""label"": ""nontoxic"", ""user_toxicity_score"": 5, ""worst_review"": -1}"
76561198806551820,2,0,2,0,0.0,-1,"{""label"": ""nontoxic"", ""user_toxicity_score"": 0, ""worst_review"": -1}"
76561198046365912,2,0,10,1,0.85,3,"{""label"": ""toxic"", ""user_toxicity_score"": 85, ""worst_review"": 3}"
76561198042569862,2,0,2,1,0.85,1,"{""label"": ""toxic"", ""user_toxicity_score"": 85, ""worst_review"": 1}"
76561199125397074,2,0,1,1,0.85,0,"{""label"": ""toxic"", ""user_toxicity_score"": 85, ""worst_review"": 0}"
76561198001499035,2,0,1,0,0.0,-1,"{""label"": ""nontoxic"", ""user_toxicity_score"": 0, ""worst_review"": -1}"
76561199382709487,2,0,1,0,0.0,-1,"{""label"": ""nontoxic"", ""user_toxicity_score"": 0, ""worst_review"": -1}"
76561198846694196,2,0,6,1,0.85,4,"{""label"": ""toxic"", ""user_toxicity_score"": 85, ""worst_review"": 4}"
76561197996741396,2,1,1,1,0.95,0,"{""label"": ""toxic"", ""user_toxicity_score"": 95, ""worst_review"": 0}"
76561197970912360,2,0,1,0,0.0,-1,"{""label"": ""nontoxic"", ""user_toxicity_score"": 0, ""worst_review"": -1}"
76561198815601012,2,0,1,0,0.25,-1,"{""label"": ""nontoxic"", ""user_toxicity_score"": 25, ""worst_review"": -1}"
76561198152742012,2,0,1,0,0.05,-1,"{""label"": ""nontoxic"", ""user_toxicity_score"": 5, ""worst_review"": -1}"
76561198005284930,2,0,1,0,0.0,-1,"{""label"": ""nontoxic"", ""user_toxicity_score"": 0, ""worst_review"": -1}"
76561199139293597,2,0,1,0,0.0,-1,"{""label"": ""nontoxic"", ""user_toxicity_score"": 0, ""worst_review"": -1}"
76561199123285270,2,0,2,0,0.0,-1,"{""label"": ""nontoxic"", ""user_toxicity_score"": 0, ""worst_review"": -1}"
76561198116425047,2,0,1,0,0.0,-1,"{""label"": ""nontoxic"", ""user_toxicity_score"": 0, ""worst_review"": -1}"
76561199152043076,2,0,2,0,0.0,-1,"{""label"": ""nontoxic"", ""user_toxicity_score"": 0, ""worst_review"": -1}"
76561198021265590,2,0,2,0,0.25,-1,"{""label"": ""nontoxic"", ""user_toxicity_score"": 25, ""worst_review"": -1}"
76561198030172187,2,0,1,0,0.0,-1,"{""label"": ""nontoxic"", ""user_toxicity_score"": 0, ""worst_review"": -1}"
76561197978598904,2,0,35,0,0.25,-1,"{""label"": ""nontoxic"", ""user_toxicity_score"": 25, ""worst_review"": -1}"
76561198805870928,2,0,2,0,0.0,-1,"{""label"": ""nontoxic"", ""user_toxicity_score"": 0, ""worst_review"": -1}"
76561198864207707,2,0,1,0,0.0,-1,"{""label"": ""nontoxic"", ""user_toxicity_score"": 0, ""worst_review"": -1}"
76561199166781820,2,0,1,0,0.0,-1,"{""label"": ""nontoxic"", ""user_toxicity_score"": 0, ""worst_review"": -1}"
76561198227902544,2,0,1,0,0.25,-1,"{""label"": ""nontoxic"", ""user_toxicity_score"": 25, ""worst_review"": -1}"
76561198031080470,2,0,1,0,0.0,-1,"{""label"": ""nontoxic"", ""user_toxicity_score"": 0, ""worst_review"": -1}"
76561198119449641,2,0,6,1,0.75,1,"{""label"": ""toxic"", ""user_toxicity_score"": 75, ""worst_review"": 1}"
76561199548077120,2,0,1,0,0.0,-1,"{""label"": ""nontoxic"", ""user_toxicity_score"": 0, ""worst_review"": -1}"
76561199111651461,2,0,2,1,0.5,1,"{""label"": ""toxic"", ""user_toxicity_score"": 50, ""worst_review"": 1}"
76561198832517447,2,0,1,0,0.05,-1,"{""label"": ""nontoxic"", ""user_toxicity_score"": 5, ""worst_review"": -1}"
76561199191256423,2,0,1,0,0.05,-1,"{""label"": ""nontoxic"", ""user_toxicity_score"": 5, ""worst_review"": -1}"
76561198058772937,2,0,1,0,0.0,-1,"{""label"": ""nontoxic"", ""user_toxicity_score"": 0, ""worst_review"": -1}"
76561198348642163,2,0,1,0,0.25,-1,"{""label"": ""nontoxic"", ""user_toxicity_score"": 25, ""worst_review"": -1}"
76561198183733058,2,0,2,0,0.0,-1,"{""label"": ""nontoxic"", ""user_toxicity_score"": 0, ""worst_review"": -1}"
76561198069617624,2,0,2,0,0.05,-1,"{""label"": ""nontoxic"", ""user_toxicity_score"": 5, ""worst_review"": -1}"
76561198164293464,2,0,1,0,0.0,-1,"{""label"": ""nontoxic"", ""user_toxicity_score"": 0, ""worst_review"": -1}"
76561198019957854,2,0,1,0,0.25,-1,"{""label"": ""nontoxic"", ""user_toxicity_score"": 25, ""worst_review"": -1}"
76561198289315190,2,0,4,1,0.5,1,"{""label"": ""toxic"", ""user_toxicity_score"": 50, ""worst_review"": 1}"
76561199063837944,2,0,2,0,0.0,-1,"{""label"": ""nontoxic"", ""user_toxicity_score"": 0, ""worst_review"": -1}"
76561199146774798,2,0,15,0,0.25,-1,"{""label"": ""nontoxic"", ""user_toxicity_score"": 25, ""worst_review"": -1}"
76561198345329031,2,0,1,1,0.5,0,"{""label"": ""toxic"", ""user_toxicity_score"": 50, ""worst_review"": 0}"
76561199468118616,2,0,2,1,0.85,1,"{""label"": ""toxic"", ""user_toxicity_score"": 85, ""worst_review"": 1}"
76561198876880747,2,0,13,1,0.5,7,"{""label"": ""toxic"", ""user_toxicity_score"": 50, ""worst_review"": 7}"
76561198010329240,2,0,1,0,0.0,-1,"{""label"": ""nontoxic"", ""user_toxicity_score"": 0, ""worst_review"": -1}"
76561198271430018,2,0,1,0,0.0,-1,"{""label"": ""nontoxic"", ""user_toxicity_score"": 0, ""worst_review"": -1}"
76561199543563324,2,0,1,0,0.0,-1,"{""label"": ""nontoxic"", ""user_toxicity_score"": 0, ""worst_review"": -1}"
76561199152304637,2,0,1,1,0.5,0,"{""label"": ""toxic"", ""user_toxicity_score"": 50, ""worst_review"": 0}"
76561199240978344,2,0,1,0,0.0,-1,"{""label"": ""nontoxic"", ""user_toxicity_score"": 0, ""worst_review"": -1}"
76561199658126969,2,0,1,0,0.25,-1,"{""label"": ""nontoxic"", ""user_toxicity_score"": 25, ""worst_review"": -1}"
76561198389075282,2,0,1,0,0.0,-1,"{""label"": ""nontoxic"", ""user_toxicity_score"": 0, ""worst_review"": -1}"
76561198268886197,2,0,2,1,0.5,0,"{""label"": ""toxic"", ""user_toxicity_score"": 50, ""worst_review"": 0}"
76561198798676101,2,0,1,0,0.0,-1,"{""label"": ""nontoxic"", ""user_toxicity_score"": 0, ""worst_review"": -1}"
76561199003571286,2,0,2,0,0.0,-1,"{""label"": ""nontoxic"", ""user_toxicity_score"": 0, ""worst_review"": -1}"
76561199393220727,2,0,2,0,0.25,-1,"{""label"": ""nontoxic"", ""user_toxicity_score"": 25, ""worst_review"": -1}"
76561199281190415,2,0,1,0,0.0,-1,"{""label"": ""nontoxic"", ""user_toxicity_score"": 0, ""worst_review"": -1}"
76561199103050389,2,0,1,0,0.0,-1,"{""label"": ""nontoxic"", ""user_toxicity_score"": 0, ""worst_review"": -1}"
76561198298082619,2,0,4,0,0.05,-1,"{""label"": ""nontoxic"", ""user_toxicity_score"": 5, ""worst_review"": -1}"
76561199122937918,2,0,2,1,0.85,1,"{""label"": ""toxic"", ""user_toxicity_score"": 85, ""worst_review"": 1}"
76561198087502524,2,0,1,0,0.0,-1,"{""label"": ""nontoxic"", ""user_toxicity_score"": 0, ""worst_review"": -1}"
76561198316774693,2,0,1,0,0.05,-1,"{""label"": ""nontoxic"", ""user_toxicity_score"": 5, ""worst_review"": -1}"
76561198417378757,2,0,1,0,0.0,-1,"{""label"": ""nontoxic"", ""user_toxicity_score"": 0, ""worst_review"": -1}"
76561198049969647,2,0,1,0,0.05,-1,"{""label"": ""nontoxic"", ""user_toxicity_score"": 5, ""worst_review"": -1}"
76561198085091032,2,0,2,0,0.0,-1,"{""label"": ""nontoxic"", ""user_toxicity_score"": 0, ""worst_review"": -1}"
76561198810352077,2,0,2,0,0.0,-1,"{""label"": ""nontoxic"", ""user_toxicity_score"": 0, ""worst_review"": -1}"
76561198043905900,2,0,1,0,0.05,-1,"{""label"": ""nontoxic"", ""user_toxicity_score"": 5, ""worst_review"": -1}"
76561199123362333,2,0,1,0,0.0,-1,"{""label"": ""nontoxic"", ""user_toxicity_score"": 0, ""worst_review"": -1}"
76561199193185784,2,0,1,0,0.0,-1,"{""label"": ""nontoxic"", ""user_toxicity_score"": 0, ""worst_review"": -1}"
76561198200948526,2,0,1,1,0.85,0,"{""label"": ""toxic"", ""user_toxicity_score"": 85, ""worst_review"": 0}"
76561198072017362,2,0,1,0,0.0,-1,"{""label"": ""nontoxic"", ""user_toxicity_score"": 0, ""worst_review"": -1}"
76561198396040213,2,0,2,1,0.5,1,"{""label"": ""toxic"", ""user_toxicity_score"": 50, ""worst_review"": 1}"
76561199229597275,2,0,1,0,0.25,-1,"{""label"": ""nontoxic"", ""user_toxicity_score"": 25, ""worst_review"": -1}"
76561198113889679,2,0,3,0,0.25,-1,"{""label"": ""nontoxic"", ""user_toxicity_score"": 25, ""worst_review"": -1}"
76561198304535924,2,0,1,0,0.0,-1,"{""label"": ""nontoxic"", ""user_toxicity_score"": 0, ""worst_review"": -1}"
76561198353005245,2,0,1,0,0.0,-1,"{""label"": ""nontoxic"", ""user_toxicity_score"": 0, ""worst_review"": -1}"
76561198065370571,2,0,2,0,0.0,-1,"{""label"": ""nontoxic"", ""user_toxicity_score"": 0, ""worst_review"": -1}"
76561198154118424,2,0,1,0,0.0,-1,"{""label"": ""nontoxic"", ""user_toxicity_score"": 0, ""worst_review"": -1}"
76561198140863499,2,1,4,1,0.85,3,"{""label"": ""toxic"", ""user_toxicity_score"": 85, ""worst_review"": 3}"
76561197974233071,2,0,8,0,0.0,-1,"{""label"": ""nontoxic"", ""user_toxicity_score"": 0, ""worst_review"": -1}"
76561198015464383,2,0,2,0,0.25,-1,"{""label"": ""nontoxic"", ""user_toxicity_score"": 25, ""worst_review"": -1}"
76561198277855835,2,0,3,1,0.85,2,"{""label"": ""toxic"", ""user_toxicity_score"": 85, ""worst_review"": 2}"
76561199196706187,2,0,1,0,0.0,-1,"{""label"": ""nontoxic"", ""user_toxicity_score"": 0, ""worst_review"": -1}"
76561199007461164,2,0,1,0,0.0,-1,"{""label"": ""nontoxic"", ""user_toxicity_score"": 0, ""worst_review"": -1}"
76561199116200032,2,0,2,0,0.25,-1,"{""label"": ""nontoxic"", ""user_toxicity_score"": 25, ""worst_review"": -1}"
76561199380794528,2,0,1,0,0.0,-1,"{""label"": ""nontoxic"", ""user_toxicity_score"": 0, ""worst_review"": -1}"
76561198424839373,2,0,1,0,0.0,-1,"{""label"": ""nontoxic"", ""user_toxicity_score"": 0, ""worst_review"": -1}"
76561197983248875,2,0,1,0,0.0,-1,"{""label"": ""nontoxic"", ""user_toxicity_score"": 0, ""worst_review"": -1}"
76561199239928541,2,0,2,0,0.05,-1,"{""label"": ""nontoxic"", ""user_toxicity_score"": 5, ""worst_review"": -1}"
76561198198252978,2,0,1,0,0.05,-1,"{""label"": ""nontoxic"", ""user_toxicity_score"": 5, ""worst_review"": -1}"
76561199164642630,2,0,1,0,0.0,-1,"{""label"": ""nontoxic"", ""user_toxicity_score"": 0, ""worst_review"": -1}"
76561198031197779,2,0,4,0,0.25,-1,"{""label"": ""nontoxic"", ""user_toxicity_score"": 25, ""worst_review"": -1}"
76561199684198629,2,0,1,1,0.95,0,"{""label"": ""toxic"", ""user_toxicity_score"": 95, ""worst_review"": 0}"
76561199583397935,2,0,1,0,0.0,-1,"{""label"": ""nontoxic"", ""user_toxicity_score"": 0, ""worst_review"": -1}"
76561199440018336,2,0,1,0,0.05,-1,"{""label"": ""nontoxic"", ""user_toxicity_score"": 5, ""worst_review"": -1}"
76561199251569086,3,0,1,0,0.05,-1,"{""label"": ""nontoxic"", ""user_toxicity_score"": 5, ""worst_review"": -1}"
76561198981398398,3,0,3,1,0.85,1,"{""label"": ""toxic"", ""user_toxicity_score"": 85, ""worst_review"": 1}"
76561198255120816,3,0,1,1,0.95,0,"{""label"": ""toxic"", ""user_toxicity_score"": 95, ""worst_review"": 0}"
76561198806465377,3,0,1,0,0.25,-1,"{""label"": ""nontoxic"", ""user_toxicity_score"": 25, ""worst_review"": -1}"
76561198977693342,3,0,1,0,0.05,-1,"{""label"": ""nontoxic"", ""user_toxicity_score"": 5, ""worst_review"": -1}"
76561198130913802,3,0,1,0,0.0,-1,"{""label"": ""nontoxic"", ""user_toxicity_score"": 0, ""worst_review"": -1}"
76561198321126190,3,0,1,0,0.05,-1,"{""label"": ""nontoxic"", ""user_toxicity_score"": 5, ""worst_review"": -1}"
76561199653032074,3,0,1,0,0.05,-1,"{""label"": ""nontoxic"", ""user_toxicity_score"": 5, ""worst_review"": -1}"
76561198044865246,3,1,8,1,0.85,7,"{""label"": ""toxic"", ""user_toxicity_score"": 85, ""worst_review"": 7}"
76561199054336730,3,0,2,0,0.05,-1,"{""label"": ""nontoxic"", ""user_toxicity_score"": 5, ""worst_review"": -1}"
76561198041159889,3,0,16,1,0.85,1,"{""label"": ""toxic"", ""user_toxicity_score"": 85, ""worst_review"": 1}"
76561198055114762,3,0,1,0,0.0,-1,"{""label"": ""nontoxic"", ""user_toxicity_score"": 0, ""worst_review"": -1}"
76561198248301752,3,0,1,0,0.05,-1,"{""label"": ""nontoxic"", ""user_toxicity_score"": 5, ""worst_review"": -1}"
76561198158156539,3,0,1,0,0.05,-1,"{""label"": ""nontoxic"", ""user_toxicity_score"": 5, ""worst_review"": -1}"
76561199227096559,3,0,1,0,0.05,-1,"{""label"": ""nontoxic"", ""user_toxicity_score"": 5, ""worst_review"": -1}"
76561198020129051,3,0,1,0,0.0,-1,"{""label"": ""nontoxic"", ""user_toxicity_score"": 0, ""worst_review"": -1}"
76561198451532331,3,0,2,0,0.0,-1,"{""label"": ""nontoxic"", ""user_toxicity_score"": 0, ""worst_review"": -1}"
76561198018648275,3,0,2,0,0.25,-1,"{""label"": ""nontoxic"", ""user_toxicity_score"": 25, ""worst_review"": -1}"
76561198884680551,3,0,1,0,0.05,-1,"{""label"": ""nontoxic"", ""user_toxicity_score"": 5, ""worst_review"": -1}"
76561198047770661,3,0,1,0,0.25,-1,"{""label"": ""nontoxic"", ""user_toxicity_score"": 25, ""worst_review"": -1}"
76561198021692650,3,0,1,0,0.25,-1,"{""label"": ""nontoxic"", ""user_toxicity_score"": 25, ""worst_review"": -1}"
76561198032012488,3,0,2,0,0.25,-1,"{""label"": ""nontoxic"", ""user_toxicity_score"": 25, ""worst_review"": -1}"
76561198331303132,3,0,1,0,0.0,-1,"{""label"": ""nontoxic"", ""user_toxicity_score"": 0, ""worst_review"": -1}"
76561199170054170,3,0,1,0,0.0,-1,"{""label"": ""nontoxic"", ""user_toxicity_score"": 0, ""worst_review"": -1}"
76561198137744980,3,0,1,0,0.0,-1,"{""label"": ""nontoxic"", ""user_toxicity_score"": 0, ""worst_review"": -1}"
76561198213100229,3,0,1,0,0.0,-1,"{""label"": ""nontoxic"", ""user_toxicity_score"": 0, ""worst_review"": -1}"
76561199194780652,3,0,1,0,0.05,-1,"{""label"": ""nontoxic"", ""user_toxicity_score"": 5, ""worst_review"": -1}"
76561199143954539,3,0,2,0,0.05,-1,"{""label"": ""nontoxic"", ""user_toxicity_score"": 5, ""worst_review"": -1}"
76561198353911525,3,0,1,0,0.05,-1,"{""label"": ""nontoxic"", ""user_toxicity_score"": 5, ""worst_review"": -1}"
76561198183604359,3,0,1,0,0.05,-1,"{""label"": ""nontoxic"", ""user_toxicity_score"": 5, ""worst_review"": -1}"
76561198403810482,3,0,2,0,0.05,-1,"{""label"": ""nontoxic"", ""user_toxicity_score"": 5, ""worst_review"": -1}"
76561198137252007,3,1,1,1,1.0,0,"{""label"": ""toxic"", ""user_toxicity_score"": 100, ""worst_review"": 0}"
76561198357322464,3,0,4,0,0.0,-1,"{""label"": ""nontoxic"", ""user_toxicity_score"": 0, ""worst_review"": -1}"
76561199196924491,3,0,1,0,0.0,-1,"{""label"": ""nontoxic"", ""user_toxicity_score"": 0, ""worst_review"": -1}"
76561198312750612,3,0,15,0,0.25,-1,"{""label"": ""nontoxic"", ""user_toxicity_score"": 25, ""worst_review"": -1}"
76561199178804212,3,0,1,0,0.0,-1,"{""label"": ""nontoxic"", ""user_toxicity_score"": 0, ""worst_review"": -1}"
76561198999254844,3,0,3,1,0.85,0,"{""label"": ""toxic"", ""user_toxicity_score"": 85, ""worst_review"": 0}"
76561198988301328,3,0,7,1,0.85,2,"{""label"": ""toxic"", ""user_toxicity_score"": 85, ""worst_review"": 2}"
76561198183393869,3,1,2,1,0.5,0,"{""label"": ""toxic"", ""user_toxicity_score"": 50, ""worst_review"": 0}"
76561198362638198,3,0,1,0,0.0,-1,"{""label"": ""nontoxic"", ""user_toxicity_score"": 0, ""worst_review"": -1}"
76561198117200119,3,0,2,0,0.05,-1,"{""label"": ""nontoxic"", ""user_toxicity_score"": 5, ""worst_review"": -1}"
76561198439432800,3,0,4,1,0.85,1,"{""label"": ""toxic"", ""user_toxicity_score"": 85, ""worst_review"": 1}"
76561198020035120,3,0,3,0,0.25,-1,"{""label"": ""nontoxic"", ""user_toxicity_score"": 25, ""worst_review"": -1}"
76561198038301917,3,0,1,0,0.25,-1,"{""label"": ""nontoxic"", ""user_toxicity_score"": 25, ""worst_review"": -1}"
76561198205106073,3,0,1,0,0.25,-1,"{""label"": ""nontoxic"", ""user_toxicity_score"": 25, ""worst_review"": -1}"
76561199498094259,3,0,1,0,0.05,-1,"{""label"": ""nontoxic"", ""user_toxicity_score"": 5, ""worst_review"": -1}"
76561198142119144,3,0,1,0,0.0,-1,"{""label"": ""nontoxic"", ""user_toxicity_score"": 0, ""worst_review"": -1}"
76561198856658294,3,0,1,0,0.0,-1,"{""label"": ""nontoxic"", ""user_toxicity_score"": 0, ""worst_review"": -1}"
76561199144687225,3,0,1,0,0.0,-1,"{""label"": ""nontoxic"", ""user_toxicity_score"": 0, ""worst_review"": -1}"
76561198105423137,3,0,1,0,0.05,-1,"{""label"": ""nontoxic"", ""user_toxicity_score"": 5, ""worst_review"": -1}"
76561199580647532,3,0,1,0,0.05,-1,"{""label"": ""nontoxic"", ""user_toxicity_score"": 5, ""worst_review"": -1}"
76561198124664121,3,0,2,0,0.0,-1,"{""label"": ""nontoxic"", ""user_toxicity_score"": 0, ""worst_review"": -1}"
76561198244470430,3,0,1,0,0.0,-1,"{""label"": ""nontoxic"", ""user_toxicity_score"": 0, ""worst_review"": -1}"
76561198379518259,3,0,1,0,0.0,-1,"{""label"": ""nontoxic"", ""user_toxicity_score"": 0, ""worst_review"": -1}"
76561199261513860,3,0,1,0,0.0,-1,"{""label"": ""nontoxic"", ""user_toxicity_score"": 0, ""worst_review"": -1}"
76561198013351801,3,0,1,0,0.05,-1,"{""label"": ""nontoxic"", ""user_toxicity_score"": 5, ""worst_review"": -1}"
76561199515232550,3,0,1,0,0.0,-1,"{""label"": ""nontoxic"", ""user_toxicity_score"": 0, ""worst_review"": -1}"
76561198080104438,3,0,3,1,0.67,0,"{""label"": ""toxic"", ""user_toxicity_score"": 67, ""worst_review"": 0}"
76561199375335872,3,0,4,1,0.85,1,"{""label"": ""toxic"", ""user_toxicity_score"": 85, ""worst_review"": 1}"
76561199055282784,3,0,2,0,0.0,-1,"{""label"": ""nontoxic"", ""user_toxicity_score"": 0, ""worst_review"": -1}"
76561198151837725,3,0,3,1,0.85,0,"{""label"": ""toxic"", ""user_toxicity_score"": 85, ""worst_review"": 0}"
76561198419781885,3,0,4,0,0.05,-1,"{""label"": ""nontoxic"", ""user_toxicity_score"": 5, ""worst_review"": -1}"
76561198065902211,3,0,6,0,0.25,-1,"{""label"": ""nontoxic"", ""user_toxicity_score"": 25, ""worst_review"": -1}"
76561198010975202,3,0,20,0,0.25,-1,"{""label"": ""nontoxic"", ""user_toxicity_score"": 25, ""worst_review"": -1}"
76561198271719564,3,0,5,0,0.05,-1,"{""label"": ""nontoxic"", ""user_toxicity_score"": 5, ""worst_review"": -1}"
76561199350968725,3,0,1,0,0.0,-1,"{""label"": ""nontoxic"", ""user_toxicity_score"": 0, ""worst_review"": -1}"
76561198174412390,3,0,3,1,0.85,1,"{""label"": ""toxic"", ""user_toxicity_score"": 85, ""worst_review"": 1}"
76561198062287569,3,0,3,0,0.0,-1,"{""label"": ""nontoxic"", ""user_toxicity_score"": 0, ""worst_review"": -1}"
76561198121769616,3,0,4,0,0.0,-1,"{""label"": ""nontoxic"", ""user_toxicity_score"": 0, ""worst_review"": -1}"
76561198936137018,3,0,1,0,0.0,-1,"{""label"": ""nontoxic"", ""user_toxicity_score"": 0, ""worst_review"": -1}"
76561199143136001,3,0,1,0,0.05,-1,"{""label"": ""nontoxic"", ""user_toxicity_score"": 5, ""worst_review"": -1}"
76561198049854154,3,0,2,1,0.67,0,"{""label"": ""toxic"", ""user_toxicity_score"": 67, ""worst_review"": 0}"
76561199581802345,3,0,1,0,0.05,-1,"{""label"": ""nontoxic"", ""user_toxicity_score"": 5, ""worst_review"": -1}"
76561199695717607,3,0,1,0,0.05,-1,"{""label"": ""nontoxic"", ""user_toxicity_score"": 5, ""worst_review"": -1}"
76561198009084106,3,0,1,0,0.05,-1,"{""label"": ""nontoxic"", ""user_toxicity_score"": 5, ""worst_review"": -1}"
76561198991408826,3,0,1,0,0.0,-1,"{""label"": ""nontoxic"", ""user_toxicity_score"": 0, ""worst_review"": -1}"
76561198141363812,3,0,3,1,0.85,0,"{""label"": ""toxic"", ""user_toxicity_score"": 85, ""worst_review"": 0}"
76561198014980751,3,0,9,0,0.05,-1,"{""label"": ""nontoxic"", ""user_toxicity_score"": 5, ""worst_review"": -1}"
76561198262929237,3,0,2,0,0.05,-1,"{""label"": ""nontoxic"", ""user_toxicity_score"": 5, ""worst_review"": -1}"
76561198001710107,3,0,3,0,0.0,-1,"{""label"": ""nontoxic"", ""user_toxicity_score"": 0, ""worst_review"": -1}"
76561198039486003,3,0,3,0,0.25,-1,"{""label"": ""nontoxic"", ""user_toxicity_score"": 25, ""worst_review"": -1}"
76561198809247789,3,0,2,0,0.0,-1,"{""label"": ""nontoxic"", ""user_toxicity_score"": 0, ""worst_review"": -1}"
76561198834391320,3,1,15,1,0.85,9,"{""label"": ""toxic"", ""user_toxicity_score"": 85, ""worst_review"": 9}"
76561198067250614,3,0,2,0,0.0,-1,"{""label"": ""nontoxic"", ""user_toxicity_score"": 0, ""worst_review"": -1}"
76561199273709996,3,0,1,0,0.0,-1,"{""label"": ""nontoxic"", ""user_toxicity_score"": 0, ""worst_review"": -1}"
76561198048988420,3,0,2,0,0.0,-1,"{""label"": ""nontoxic"", ""user_toxicity_score"": 0, ""worst_review"": -1}"
76561198014602472,3,0,9,1,0.85,8,"{""label"": ""toxic"", ""user_toxicity_score"": 85, ""worst_review"": 8}"
76561198009591219,3,0,3,0,0.05,-1,"{""label"": ""nontoxic"", ""user_toxicity_score"": 5, ""worst_review"": -1}"
76561198321873797,3,0,3,0,0.05,-1,"{""label"": ""nontoxic"", ""user_toxicity_score"": 5, ""worst_review"": -1}"
76561197981366064,3,0,1,0,0.25,-1,"{""label"": ""nontoxic"", ""user_toxicity_score"": 25, ""worst_review"": -1}"
76561199434420250,3,0,3,0,0.05,-1,"{""label"": ""nontoxic"", ""user_toxicity_score"": 5, ""worst_review"": -1}"
76561199524952831,3,0,1,0,0.25,-1,"{""label"": ""nontoxic"", ""user_toxicity_score"": 25, ""worst_review"": -1}"
76561199246076049,3,0,1,0,0.25,-1,"{""label"": ""nontoxic"", ""user_toxicity_score"": 25, ""worst_review"": -1}"
76561199792060486,3,0,2,0,0.0,-1,"{""label"": ""nontoxic"", ""user_toxicity_score"": 0, ""worst_review"": -1}"
76561199033180122,3,0,1,0,0.0,-1,"{""label"": ""nontoxic"", ""user_toxicity_score"": 0, ""worst_review"": -1}"
76561199044315076,3,0,1,0,0.0,-1,"{""label"": ""nontoxic"", ""user_toxicity_score"": 0, ""worst_review"": -1}"
76561198083551339,3,0,3,0,0.25,-1,"{""label"": ""nontoxic"", ""user_toxicity_score"": 25, ""worst_review"": -1}"
76561199596899959,3,0,2,0,0.0,-1,"{""label"": ""nontoxic"", ""user_toxicity_score"": 0, ""worst_review"": -1}"
76561198206771049,3,0,1,0,0.0,-1,"{""label"": ""nontoxic"", ""user_toxicity_score"": 0, ""worst_review"": -1}"
76561198393781734,3,0,1,0,0.0,-1,"{""label"": ""nontoxic"", ""user_toxicity_score"": 0, ""worst_review"": -1}"
76561199199030803,3,0,1,0,0.25,-1,"{""label"": ""nontoxic"", ""user_toxicity_score"": 25, ""worst_review"": -1}"
76561199092368657,3,0,1,0,0.0,-1,"{""label"": ""nontoxic"", ""user_toxicity_score"": 0, ""worst_review"": -1}"
76561199229191790,3,0,1,0,0.0,-1,"{""label"": ""nontoxic"", ""user_toxicity_score"": 0, ""worst_review"": -1}"
76561198051462565,3,0,2,0,0.25,-1,"{""label"": ""nontoxic"", ""user_toxicity_score"": 25, ""worst_review"": -1}"
76561198884134865,3,0,2,0,0.05,-1,"{""label"": ""nontoxic"", ""user_toxicity_score"": 5, ""worst_review"": -1}"
76561198060582997,3,0,2,0,0.0,-1,"{""label"": ""nontoxic"", ""user_toxicity_score"": 0, ""worst_review"": -1}"
76561198032575845,3,1,4,0,0.25,-1,"{""label"": ""nontoxic"", ""user_toxicity_score"": 25, ""worst_review"": -1}"
76561198141405977,3,0,2,0,0.25,-1,"{""label"": ""nontoxic"", ""user_toxicity_score"": 25, ""worst_review"": -1}"
76561197991837736,3,0,1,1,0.3,0,"{""label"": ""toxic"", ""user_toxicity_score"": 30, ""worst_review"": 0}"
76561198342303505,3,0,1,0,0.0,-1,"{""label"": ""nontoxic"", ""user_toxicity_score"": 0, ""worst_review"": -1}"
76561199053680743,3,0,1,0,0.0,-1,"{""label"": ""nontoxic"", ""user_toxicity_score"": 0, ""worst_review"": -1}"
76561198404996176,3,0,1,0,0.0,-1,"{""label"": ""nontoxic"", ""user_toxicity_score"": 0, ""worst_review"": -1}"
76561198998570276,3,0,4,1,0.85,0,"{""label"": ""toxic"", ""user_toxicity_score"": 85, ""worst_review"": 0}"
76561198304406935,3,0,1,0,0.0,-1,"{""label"": ""nontoxic"", ""user_toxicity_score"": 0, ""worst_review"": -1}"
76561199022751661,3,0,3,0,0.25,-1,"{""label"": ""nontoxic"", ""user_toxicity_score"": 25, ""worst_review"": -1}"
76561199309537771,3,0,3,0,0.25,-1,"{""label"": ""nontoxic"", ""user_toxicity_score"": 25, ""worst_review"": -1}"
76561198169532965,3,0,1,0,0.05,-1,"{""label"": ""nontoxic"", ""user_toxicity_score"": 5, ""worst_review"": -1}"
76561199467031072,3,1,2,0,0.05,-1,"{""label"": ""nontoxic"", ""user_toxicity_score"": 5, ""worst_review"": -1}"
76561198070701503,3,0,1,1,1.0,0,"{""label"": ""toxic"", ""user_toxicity_score"": 100, ""worst_review"": 0}"
76561198835720641,3,0,1,0,0.05,-1,"{""label"": ""nontoxic"", ""user_toxicity_score"": 5, ""worst_review"": -1}"
76561198998506086,3,0,2,0,0.0,-1,"{""label"": ""nontoxic"", ""user_toxicity_score"": 0, ""worst_review"": -1}"
76561199755481043,3,0,1,0,0.0,-1,"{""label"": ""nontoxic"", ""user_toxicity_score"": 0, ""worst_review"": -1}"
76561198807614015,3,0,1,0,0.05,-1,"{""label"": ""nontoxic"", ""user_toxicity_score"": 5, ""worst_review"": -1}"
76561198395335876,3,0,10,0,0.25,-1,"{""label"": ""nontoxic"", ""user_toxicity_score"": 25, ""worst_review"": -1}"
76561198208702445,3,0,1,0,0.0,-1,"{""label"": ""nontoxic"", ""user_toxicity_score"": 0, ""worst_review"": -1}"
76561197986740940,3,0,1,1,0.5,0,"{""label"": ""toxic"", ""user_toxicity_score"": 50, ""worst_review"": 0}"
76561198091073604,3,0,2,0,0.0,-1,"{""label"": ""nontoxic"", ""user_toxicity_score"": 0, ""worst_review"": -1}"
76561198146834350,3,0,1,1,0.75,0,"{""label"": ""toxic"", ""user_toxicity_score"": 75, ""worst_review"": 0}"
76561198079237431,3,0,1,1,0.5,0,"{""label"": ""toxic"", ""user_toxicity_score"": 50, ""worst_review"": 0}"
76561198134446385,3,0,2,0,0.25,-1,"{""label"": ""nontoxic"", ""user_toxicity_score"": 25, ""worst_review"": -1}"
76561198422315574,3,0,1,0,0.25,-1,"{""label"": ""nontoxic"", ""user_toxicity_score"": 25, ""worst_review"": -1}"
76561198371745435,3,0,2,0,0.0,-1,"{""label"": ""nontoxic"", ""user_toxicity_score"": 0, ""worst_review"": -1}"
76561198977784805,3,0,1,0,0.0,-1,"{""label"": ""nontoxic"", ""user_toxicity_score"": 0, ""worst_review"": -1}"
76561199379971611,3,0,1,0,0.0,-1,"{""label"": ""nontoxic"", ""user_toxicity_score"": 0, ""worst_review"": -1}"
76561198147458696,3,1,30,0,0.25,-1,"{""label"": ""nontoxic"", ""user_toxicity_score"": 25, ""worst_review"": -1}"
76561199222299490,3,0,1,0,0.05,-1,"{""label"": ""nontoxic"", ""user_toxicity_score"": 5, ""worst_review"": -1}"
76561198112991026,3,0,1,0,0.0,-1,"{""label"": ""nontoxic"", ""user_toxicity_score"": 0, ""worst_review"": -1}"
76561199056400800,3,0,2,0,0.0,-1,"{""label"": ""nontoxic"", ""user_toxicity_score"": 0, ""worst_review"": -1}"
76561198318291202,3,0,1,0,0.0,-1,"{""label"": ""nontoxic"", ""user_toxicity_score"": 0, ""worst_review"": -1}"
76561198032488438,3,0,1,0,0.0,-1,"{""label"": ""nontoxic"", ""user_toxicity_score"": 0, ""worst_review"": -1}"
76561198039619785,3,0,1,0,0.05,-1,"{""label"": ""nontoxic"", ""user_toxicity_score"": 5, ""worst_review"": -1}"
76561198272459887,3,0,1,0,0.0,-1,"{""label"": ""nontoxic"", ""user_toxicity_score"": 0, ""worst_review"": -1}"
76561198374210696,3,0,7,0,0.05,-1,"{""label"": ""nontoxic"", ""user_toxicity_score"": 5, ""worst_review"": -1}"
76561198238874480,3,0,1,1,0.5,0,"{""label"": ""toxic"", ""user_toxicity_score"": 50, ""worst_review"": 0}"
76561199564289551,3,0,1,0,0.0,-1,"{""label"": ""nontoxic"", ""user_toxicity_score"": 0, ""worst_review"": -1}"
76561198304357721,3,0,1,0,0.0,-1,"{""label"": ""nontoxic"", ""user_toxicity_score"": 0, ""worst_review"": -1}"
76561198263084800,3,0,1,0,0.25,-1,"{""label"": ""nontoxic"", ""user_toxicity_score"": 25, ""worst_review"": -1}"
76561199208225587,3,0,1,0,0.05,-1,"{""label"": ""nontoxic"", ""user_toxicity_score"": 5, ""worst_review"": -1}"
76561199589516823,3,0,2,0,0.0,-1,"{""label"": ""nontoxic"", ""user_toxicity_score"": 0, ""worst_review"": -1}"
76561198018928962,3,0,4,0,0.0,-1,"{""label"": ""nontoxic"", ""user_toxicity_score"": 0, ""worst_review"": -1}"
76561198342083438,3,0,1,0,0.0,-1,"{""label"": ""nontoxic"", ""user_toxicity_score"": 0, ""worst_review"": -1}"
76561198123781050,3,0,2,0,0.25,-1,"{""label"": ""nontoxic"", ""user_toxicity_score"": 25, ""worst_review"": -1}"
76561199021804062,3,0,1,0,0.0,-1,"{""label"": ""nontoxic"", ""user_toxicity_score"": 0, ""worst_review"": -1}"
76561198097158628,3,0,1,0,0.05,-1,"{""label"": ""nontoxic"", ""user_toxicity_score"": 5, ""worst_review"": -1}"
76561198050224345,3,0,1,0,0.25,-1,"{""label"": ""nontoxic"", ""user_toxicity_score"": 25, ""worst_review"": -1}"
76561198283636166,3,0,2,0,0.05,-1,"{""label"": ""nontoxic"", ""user_toxicity_score"": 5, ""worst_review"": -1}"
76561198167046226,3,0,7,0,0.25,-1,"{""label"": ""nontoxic"", ""user_toxicity_score"": 25, ""worst_review"": -1}"
76561199013113327,3,0,4,1,0.85,1,"{""label"": ""toxic"", ""user_toxicity_score"": 85, ""worst_review"": 1}"
76561198012034839,3,0,1,0,0.0,-1,"{""label"": ""nontoxic"", ""user_toxicity_score"": 0, ""worst_review"": -1}"
76561197984655373,3,0,1,0,0.0,-1,"{""label"": ""nontoxic"", ""user_toxicity_score"": 0, ""worst_review"": -1}"
76561199152295002,3,0,1,1,0.95,0,"{""label"": ""toxic"", ""user_toxicity_score"": 95, ""worst_review"": 0}"
76561198038826283,3,0,1,0,0.0,-1,"{""label"": ""nontoxic"", ""user_toxicity_score"": 0, ""worst_review"": -1}"
76561198086554432,3,0,1,0,0.0,-1,"{""label"": ""nontoxic"", ""user_toxicity_score"": 0, ""worst_review"": -1}"
76561198289214161,3,0,1,0,0.0,-1,"{""label"": ""nontoxic"", ""user_toxicity_score"": 0, ""worst_review"": -1}"
76561199486362221,3,1,1,1,0.3,0,"{""label"": ""toxic"", ""user_toxicity_score"": 30, ""worst_review"": 0}"
76561198077628825,3,0,14,0,0.25,-1,"{""label"": ""nontoxic"", ""user_toxicity_score"": 25, ""worst_review"": -1}"
76561198206220157,3,0,1,0,0.0,-1,"{""label"": ""nontoxic"", ""user_toxicity_score"": 0, ""worst_review"": -1}"
76561198025584812,3,0,1,0,0.0,-1,"{""label"": ""nontoxic"", ""user_toxicity_score"": 0, ""worst_review"": -1}"
76561199013193275,3,0,2,1,0.85,1,"{""label"": ""toxic"", ""user_toxicity_score"": 85, ""worst_review"": 1}"
76561199198090315,3,0,1,0,0.0,-1,"{""label"": ""nontoxic"", ""user_toxicity_score"": 0, ""worst_review"": -1}"
76561199118119446,3,0,7,1,0.5,4,"{""label"": ""toxic"", ""user_toxicity_score"": 50, ""worst_review"": 4}"
76561197972329584,3,0,1,0,0.0,-1,"{""label"": ""nontoxic"", ""user_toxicity_score"": 0, ""worst_review"": -1}"
76561198437399877,3,0,1,0,0.05,-1,"{""label"": ""nontoxic"", ""user_toxicity_score"": 5, ""worst_review"": -1}"
76561198880483845,3,0,5,0,0.25,-1,"{""label"": ""nontoxic"", ""user_toxicity_score"": 25, ""worst_review"": -1}"
76561198118454908,3,0,10,0,0.0,-1,"{""label"": ""nontoxic"", ""user_toxicity_score"": 0, ""worst_review"": -1}"
76561198011985366,3,0,2,0,0.25,-1,"{""label"": ""nontoxic"", ""user_toxicity_score"": 25, ""worst_review"": -1}"
76561199244273742,3,0,1,0,0.0,-1,"{""label"": ""nontoxic"", ""user_toxicity_score"": 0, ""worst_review"": -1}"
76561198122673404,3,0,1,0,0.05,-1,"{""label"": ""nontoxic"", ""user_toxicity_score"": 5, ""worst_review"": -1}"
76561198093673344,3,0,2,0,0.0,-1,"{""label"": ""nontoxic"", ""user_toxicity_score"": 0, ""worst_review"": -1}"
76561198176855318,3,0,1,0,0.05,-1,"{""label"": ""nontoxic"", ""user_toxicity_score"": 5, ""worst_review"": -1}"
76561198809715053,3,0,2,0,0.25,-1,"{""label"": ""nontoxic"", ""user_toxicity_score"": 25, ""worst_review"": -1}"
76561198327954635,3,0,46,1,0.85,26,"{""label"": ""toxic"", ""user_toxicity_score"": 85, ""worst_review"": 26}"
76561199218818972,3,0,1,0,0.0,-1,"{""label"": ""nontoxic"", ""user_toxicity_score"": 0, ""worst_review"": -1}"
76561198068095205,3,0,2,0,0.05,-1,"{""label"": ""nontoxic"", ""user_toxicity_score"": 5, ""worst_review"": -1}"
76561198207555692,3,0,1,0,0.05,-1,"{""label"": ""nontoxic"", ""user_toxicity_score"": 5, ""worst_review"": -1}"
76561197998283110,3,0,7,1,0.85,2,"{""label"": ""toxic"", ""user_toxicity_score"": 85, ""worst_review"": 2}"
76561198097853474,3,0,1,0,0.0,-1,"{""label"": ""nontoxic"", ""user_toxicity_score"": 0, ""worst_review"": -1}"
76561199010508055,3,0,1,0,0.25,-1,"{""label"": ""nontoxic"", ""user_toxicity_score"": 25, ""worst_review"": -1}"
76561198153531115,3,0,3,0,0.25,-1,"{""label"": ""nontoxic"", ""user_toxicity_score"": 25, ""worst_review"": -1}"
76561198853290996,3,0,4,0,0.25,-1,"{""label"": ""nontoxic"", ""user_toxicity_score"": 25, ""worst_review"": -1}"
76561198881309008,3,0,1,0,0.0,-1,"{""label"": ""nontoxic"", ""user_toxicity_score"": 0, ""worst_review"": -1}"
76561199307522103,3,0,1,0,0.05,-1,"{""label"": ""nontoxic"", ""user_toxicity_score"": 5, ""worst_review"": -1}"
76561199278108629,3,0,6,1,0.85,3,"{""label"": ""toxic"", ""user_toxicity_score"": 85, ""worst_review"": 3}"
76561198431591975,3,0,1,1,0.5,0,"{""label"": ""toxic"", ""user_toxicity_score"": 50, ""worst_review"": 0}"
76561198979368839,3,0,1,0,0.0,-1,"{""label"": ""nontoxic"", ""user_toxicity_score"": 0, ""worst_review"": -1}"
76561198281815522,3,0,4,0,0.25,-1,"{""label"": ""nontoxic"", ""user_toxicity_score"": 25, ""worst_review"": -1}"
76561198139078959,3,0,1,0,0.0,-1,"{""label"": ""nontoxic"", ""user_toxicity_score"": 0, ""worst_review"": -1}"
76561198014620443,3,0,1,0,0.0,-1,"{""label"": ""nontoxic"", ""user_toxicity_score"": 0, ""worst_review"": -1}"
76561198026353729,3,0,1,0,0.0,-1,"{""label"": ""nontoxic"", ""user_toxicity_score"": 0, ""worst_review"": -1}"
76561198056467571,3,0,2,0,0.0,-1,"{""label"": ""nontoxic"", ""user_toxicity_score"": 0, ""worst_review"": -1}"
76561199266021926,4,0,1,0,0.05,-1,"{""label"": ""nontoxic"", ""user_toxicity_score"": 5, ""worst_review"": -1}"
76561198052077462,4,0,3,0,0.25,-1,"{""label"": ""nontoxic"", ""user_toxicity_score"": 25, ""worst_review"": -1}"
76561199547096176,4,1,1,1,0.5,0,"{""label"": ""toxic"", ""user_toxicity_score"": 50, ""worst_review"": 0}"
76561198005430751,4,0,1,0,0.0,-1,"{""label"": ""nontoxic"", ""user_toxicity_score"": 0, ""worst_review"": -1}"
76561198054307571,4,0,1,0,0.0,-1,"{""label"": ""nontoxic"", ""user_toxicity_score"": 0, ""worst_review"": -1}"
76561198838908424,4,0,1,0,0.0,-1,"{""label"": ""nontoxic"", ""user_toxicity_score"": 0, ""worst_review"": -1}"
76561197993289716,4,0,2,0,0.0,-1,"{""label"": ""nontoxic"", ""user_toxicity_score"": 0, ""worst_review"": -1}"
76561198074463286,4,0,1,0,0.0,-1,"{""label"": ""nontoxic"", ""user_toxicity_score"": 0, ""worst_review"": -1}"
76561198973266509,4,0,3,0,0.0,-1,"{""label"": ""nontoxic"", ""user_toxicity_score"": 0, ""worst_review"": -1}"
76561198283331169,4,0,1,0,0.0,-1,"{""label"": ""nontoxic"", ""user_toxicity_score"": 0, ""worst_review"": -1}"
76561199244867149,4,0,2,0,0.0,-1,"{""label"": ""nontoxic"", ""user_toxicity_score"": 0, ""worst_review"": -1}"
76561199044489441,4,0,2,0,0.25,-1,"{""label"": ""nontoxic"", ""user_toxicity_score"": 25, ""worst_review"": -1}"
76561198088611952,4,0,6,0,0.25,-1,"{""label"": ""nontoxic"", ""user_toxicity_score"": 25, ""worst_review"": -1}"
76561199077488600,4,0,1,0,0.0,-1,"{""label"": ""nontoxic"", ""user_toxicity_score"": 0, ""worst_review"": -1}"
76561198028682526,4,0,1,0,0.0,-1,"{""label"": ""nontoxic"", ""user_toxicity_score"": 0, ""worst_review"": -1}"
76561198327272391,4,0,1,0,0.25,-1,"{""label"": ""nontoxic"", ""user_toxicity_score"": 25, ""worst_review"": -1}"
76561198871284804,4,0,2,0,0.05,-1,"{""label"": ""nontoxic"", ""user_toxicity_score"": 5, ""worst_review"": -1}"
76561199557707688,4,0,1,0,0.05,-1,"{""label"": ""nontoxic"", ""user_toxicity_score"": 5, ""worst_review"": -1}"
76561198165848963,4,0,1,0,0.0,-1,"{""label"": ""nontoxic"", ""user_toxicity_score"": 0, ""worst_review"": -1}"
76561198859837979,4,0,2,0,0.05,-1,"{""label"": ""nontoxic"", ""user_toxicity_score"": 5, ""worst_review"": -1}"
76561199017243774,4,0,4,0,0.05,-1,"{""label"": ""nontoxic"", ""user_toxicity_score"": 5, ""worst_review"": -1}"
76561199493187664,4,0,1,0,0.05,-1,"{""label"": ""nontoxic"", ""user_toxicity_score"": 5, ""worst_review"": -1}"
76561198072620204,4,0,1,0,0.0,-1,"{""label"": ""nontoxic"", ""user_toxicity_score"": 0, ""worst_review"": -1}"
76561198199099819,4,0,2,0,0.0,-1,"{""label"": ""nontoxic"", ""user_toxicity_score"": 0, ""worst_review"": -1}"
76561198045372443,4,0,9,1,0.85,8,"{""label"": ""toxic"", ""user_toxicity_score"": 85, ""worst_review"": 8}"
76561199220742175,4,0,4,1,0.85,1,"{""label"": ""toxic"", ""user_toxicity_score"": 85, ""worst_review"": 1}"
76561198294576236,4,0,1,0,0.0,-1,"{""label"": ""nontoxic"", ""user_toxicity_score"": 0, ""worst_review"": -1}"
76561198035130011,4,1,275,0,0.25,-1,"{""label"": ""nontoxic"", ""user_toxicity_score"": 25, ""worst_review"": -1}"
76561199383997784,4,0,1,0,0.05,-1,"{""label"": ""nontoxic"", ""user_toxicity_score"": 5, ""worst_review"": -1}"
76561199116901035,4,0,13,1,0.85,10,"{""label"": ""toxic"", ""user_toxicity_score"": 85, ""worst_review"": 10}"
76561198166316378,4,0,2,1,0.85,0,"{""label"": ""toxic"", ""user_toxicity_score"": 85, ""worst_review"": 0}"
76561199069813982,4,0,3,0,0.25,-1,"{""label"": ""nontoxic"", ""user_toxicity_score"": 25, ""worst_review"": -1}"
76561198189809791,4,0,1,0,0.05,-1,"{""label"": ""nontoxic"", ""user_toxicity_score"": 5, ""worst_review"": -1}"
76561198308940171,4,0,2,0,0.05,-1,"{""label"": ""nontoxic"", ""user_toxicity_score"": 5, ""worst_review"": -1}"
76561198001109842,4,0,1,0,0.0,-1,"{""label"": ""nontoxic"", ""user_toxicity_score"": 0, ""worst_review"": -1}"
76561199418971364,4,0,1,0,0.0,-1,"{""label"": ""nontoxic"", ""user_toxicity_score"": 0, ""worst_review"": -1}"
76561199094905856,4,0,1,0,0.0,-1,"{""label"": ""nontoxic"", ""user_toxicity_score"": 0, ""worst_review"": -1}"
76561198410346859,4,0,39,1,0.85,31,"{""label"": ""toxic"", ""user_toxicity_score"": 85, ""worst_review"": 31}"
76561199508673642,4,0,1,0,0.0,-1,"{""label"": ""nontoxic"", ""user_toxicity_score"": 0, ""worst_review"": -1}"
76561198062935443,4,0,1,0,0.05,-1,"{""label"": ""nontoxic"", ""user_toxicity_score"": 5, ""worst_review"": -1}"
76561197960969889,4,0,2,1,0.65,0,"{""label"": ""toxic"", ""user_toxicity_score"": 65, ""worst_review"": 0}"
76561199038970932,4,0,2,0,0.0,-1,"{""label"": ""nontoxic"", ""user_toxicity_score"": 0, ""worst_review"": -1}"
76561199071529700,4,0,1,0,0.05,-1,"{""label"": ""nontoxic"", ""user_toxicity_score"": 5, ""worst_review"": -1}"
76561198367616227,4,0,1,0,0.05,-1,"{""label"": ""nontoxic"", ""user_toxicity_score"": 5, ""worst_review"": -1}"
76561199369160282,4,0,2,1,0.5,0,"{""label"": ""toxic"", ""user_toxicity_score"": 50, ""worst_review"": 0}"
76561198114507881,4,0,2,0,0.25,-1,"{""label"": ""nontoxic"", ""user_toxicity_score"": 25, ""worst_review"": -1}"
76561198141162742,4,0,1,0,0.0,-1,"{""label"": ""nontoxic"", ""user_toxicity_score"": 0, ""worst_review"": -1}"
76561198139461865,4,0,1,0,0.0,-1,"{""label"": ""nontoxic"", ""user_toxicity_score"": 0, ""worst_review"": -1}"
76561199191522334,4,0,1,0,0.0,-1,"{""label"": ""nontoxic"", ""user_toxicity_score"": 0, ""worst_review"": -1}"
76561198848362910,4,0,1,0,0.0,-1,"{""label"": ""nontoxic"", ""user_toxicity_score"": 0, ""worst_review"": -1}"
76561199179056761,4,0,8,1,0.85,0,"{""label"": ""toxic"", ""user_toxicity_score"": 85, ""worst_review"": 0}"
76561198859959229,4,0,1,0,0.25,-1,"{""label"": ""nontoxic"", ""user_toxicity_score"": 25, ""worst_review"": -1}"
76561199535620360,4,0,1,0,0.0,-1,"{""label"": ""nontoxic"", ""user_toxicity_score"": 0, ""worst_review"": -1}"
76561198119557686,4,0,3,0,0.25,-1,"{""label"": ""nontoxic"", ""user_toxicity_score"": 25, ""worst_review"": -1}"
76561198821898144,4,0,1,0,0.0,-1,"{""label"": ""nontoxic"", ""user_toxicity_score"": 0, ""worst_review"": -1}"
76561199024736504,4,0,1,0,0.0,-1,"{""label"": ""nontoxic"", ""user_toxicity_score"": 0, ""worst_review"": -1}"
76561199090306318,4,0,1,0,0.05,-1,"{""label"": ""nontoxic"", ""user_toxicity_score"": 5, ""worst_review"": -1}"
76561198023202449,4,0,1,0,0.0,-1,"{""label"": ""nontoxic"", ""user_toxicity_score"": 0, ""worst_review"": -1}"
76561198007566968,4,0,2,1,0.85,0,"{""label"": ""toxic"", ""user_toxicity_score"": 85, ""worst_review"": 0}"
76561198151569806,4,0,1,0,0.05,-1,"{""label"": ""nontoxic"", ""user_toxicity_score"": 5, ""worst_review"": -1}"
76561198130843291,4,0,1,0,0.05,-1,"{""label"": ""nontoxic"", ""user_toxicity_score"": 5, ""worst_review"": -1}"
76561198425930098,4,0,1,0,0.25,-1,"{""label"": ""nontoxic"", ""user_toxicity_score"": 25, ""worst_review"": -1}"
76561198361985877,4,0,1,0,0.25,-1,"{""label"": ""nontoxic"", ""user_toxicity_score"": 25, ""worst_review"": -1}"
76561199400409997,4,0,2,0,0.05,-1,"{""label"": ""nontoxic"", ""user_toxicity_score"": 5, ""worst_review"": -1}"
76561199069236392,4,0,1,0,0.0,-1,"{""label"": ""nontoxic"", ""user_toxicity_score"": 0, ""worst_review"": -1}"
76561198127423803,4,0,1,0,0.05,-1,"{""label"": ""nontoxic"", ""user_toxicity_score"": 5, ""worst_review"": -1}"
76561198844999666,4,0,1,0,0.0,-1,"{""label"": ""nontoxic"", ""user_toxicity_score"": 0, ""worst_review"": -1}"
76561198334148323,4,0,1,0,0.0,-1,"{""label"": ""nontoxic"", ""user_toxicity_score"": 0, ""worst_review"": -1}"
76561198053503565,4,0,5,0,0.05,-1,"{""label"": ""nontoxic"", ""user_toxicity_score"": 5, ""worst_review"": -1}"
76561198801101361,4,0,3,0,0.05,-1,"{""label"": ""nontoxic"", ""user_toxicity_score"": 5, ""worst_review"": -1}"
76561198048288336,4,0,1,0,0.05,-1,"{""label"": ""nontoxic"", ""user_toxicity_score"": 5, ""worst_review"": -1}"
76561199192116374,4,0,1,0,0.0,-1,"{""label"": ""nontoxic"", ""user_toxicity_score"": 0, ""worst_review"": -1}"
76561198006557941,4,1,4,1,0.85,0,"{""label"": ""toxic"", ""user_toxicity_score"": 85, ""worst_review"": 0}"
76561199387768134,4,0,5,0,0.05,-1,"{""label"": ""nontoxic"", ""user_toxicity_score"": 5, ""worst_review"": -1}"
76561198799062383,4,0,1,0,0.0,-1,"{""label"": ""nontoxic"", ""user_toxicity_score"": 0, ""worst_review"": -1}"
76561198170822197,4,0,1,0,0.05,-1,"{""label"": ""nontoxic"", ""user_toxicity_score"": 5, ""worst_review"": -1}"
76561199758694336,4,0,1,0,0.0,-1,"{""label"": ""nontoxic"", ""user_toxicity_score"": 0, ""worst_review"": -1}"
76561198104359413,4,0,3,0,0.25,-1,"{""label"": ""nontoxic"", ""user_toxicity_score"": 25, ""worst_review"": -1}"
76561198047161317,4,0,2,0,0.05,-1,"{""label"": ""nontoxic"", ""user_toxicity_score"": 5, ""worst_review"": -1}"
76561198320589711,4,0,1,0,0.0,-1,"{""label"": ""nontoxic"", ""user_toxicity_score"": 0, ""worst_review"": -1}"
76561199157432514,4,1,3,1,0.85,1,"{""label"": ""toxic"", ""user_toxicity_score"": 85, ""worst_review"": 1}"
76561198316693230,4,0,1,0,0.0,-1,"{""label"": ""nontoxic"", ""user_toxicity_score"": 0, ""worst_review"": -1}"
76561198407050544,4,0,2,1,0.85,0,"{""label"": ""toxic"", ""user_toxicity_score"": 85, ""worst_review"": 0}"
76561199205271213,4,0,1,0,0.0,-1,"{""label"": ""nontoxic"", ""user_toxicity_score"": 0, ""worst_review"": -1}"
76561199262226762,4,0,4,0,0.05,-1,"{""label"": ""nontoxic"", ""user_toxicity_score"": 5, ""worst_review"": -1}"
76561198095607960,4,0,1,0,0.0,-1,"{""label"": ""nontoxic"", ""user_toxicity_score"": 0, ""worst_review"": -1}"
76561198133507920,4,0,1,0,0.05,-1,"{""label"": ""nontoxic"", ""user_toxicity_score"": 5, ""worst_review"": -1}"
76561199236153107,4,0,1,1,0.5,0,"{""label"": ""toxic"", ""user_toxicity_score"": 50, ""worst_review"": 0}"
76561199208154726,4,0,3,1,0.85,2,"{""label"": ""toxic"", ""user_toxicity_score"": 85, ""worst_review"": 2}"
76561197963617220,4,0,1,0,0.0,-1,"{""label"": ""nontoxic"", ""user_toxicity_score"": 0, ""worst_review"": -1}"
76561198057219393,4,0,2,0,0.25,-1,"{""label"": ""nontoxic"", ""user_toxicity_score"": 25, ""worst_review"": -1}"
76561199055645221,4,0,1,1,0.85,0,"{""label"": ""toxic"", ""user_toxicity_score"": 85, ""worst_review"": 0}"
76561199004211401,4,0,3,0,0.0,-1,"{""label"": ""nontoxic"", ""user_toxicity_score"": 0, ""worst_review"": -1}"
76561197972355107,4,0,1,0,0.0,-1,"{""label"": ""nontoxic"", ""user_toxicity_score"": 0, ""worst_review"": -1}"
76561198059409612,4,0,1,0,0.05,-1,"{""label"": ""nontoxic"", ""user_toxicity_score"": 5, ""worst_review"": -1}"
76561198409189141,4,0,5,0,0.05,-1,"{""label"": ""nontoxic"", ""user_toxicity_score"": 5, ""worst_review"": -1}"
76561199206386601,4,0,1,0,0.05,-1,"{""label"": ""nontoxic"", ""user_toxicity_score"": 5, ""worst_review"": -1}"
76561198092209965,4,0,1,1,0.85,0,"{""label"": ""toxic"", ""user_toxicity_score"": 85, ""worst_review"": 0}"
76561198045048761,4,0,20,1,0.85,5,"{""label"": ""toxic"", ""user_toxicity_score"": 85, ""worst_review"": 5}"
76561198125499842,4,0,2,0,0.25,-1,"{""label"": ""nontoxic"", ""user_toxicity_score"": 25, ""worst_review"": -1}"
76561199122230701,4,0,1,0,0.0,-1,"{""label"": ""nontoxic"", ""user_toxicity_score"": 0, ""worst_review"": -1}"
76561199471491317,4,0,1,0,0.0,-1,"{""label"": ""nontoxic"", ""user_toxicity_score"": 0, ""worst_review"": -1}"
76561199473717437,4,0,2,1,0.85,1,"{""label"": ""toxic"", ""user_toxicity_score"": 85, ""worst_review"": 1}"
76561199193990961,4,0,1,0,0.25,-1,"{""label"": ""nontoxic"", ""user_toxicity_score"": 25, ""worst_review"": -1}"
76561199095892336,4,0,1,0,0.0,-1,"{""label"": ""nontoxic"", ""user_toxicity_score"": 0, ""worst_review"": -1}"
76561198313212889,4,0,5,0,0.25,-1,"{""label"": ""nontoxic"", ""user_toxicity_score"": 25, ""worst_review"": -1}"
76561198152562740,4,0,1,0,0.0,-1,"{""label"": ""nontoxic"", ""user_toxicity_score"": 0, ""worst_review"": -1}"
76561198150529883,4,0,1,0,0.0,-1,"{""label"": ""nontoxic"", ""user_toxicity_score"": 0, ""worst_review"": -1}"
76561199124999813,4,0,1,0,0.0,-1,"{""label"": ""nontoxic"", ""user_toxicity_score"": 0, ""worst_review"": -1}"
76561198278868198,4,0,1,0,0.0,-1,"{""label"": ""nontoxic"", ""user_toxicity_score"": 0, ""worst_review"": -1}"
76561198451821718,4,0,1,0,0.0,-1,"{""label"": ""nontoxic"", ""user_toxicity_score"": 0, ""worst_review"": -1}"
76561198956627929,4,0,1,0,0.05,-1,"{""label"": ""nontoxic"", ""user_toxicity_score"": 5, ""worst_review"": -1}"
76561199528280053,4,0,1,0,0.05,-1,"{""label"": ""nontoxic"", ""user_toxicity_score"": 5, ""worst_review"": -1}"
76561198261065568,4,0,7,0,0.05,-1,"{""label"": ""nontoxic"", ""user_toxicity_score"": 5, ""worst_review"": -1}"
76561198274220843,4,0,2,0,0.25,-1,"{""label"": ""nontoxic"", ""user_toxicity_score"": 25, ""worst_review"": -1}"
76561198079576313,4,0,1,0,0.05,-1,"{""label"": ""nontoxic"", ""user_toxicity_score"": 5, ""worst_review"": -1}"
76561198265298771,4,0,1,0,0.05,-1,"{""label"": ""nontoxic"", ""user_toxicity_score"": 5, ""worst_review"": -1}"
76561198864501653,4,0,1,0,0.0,-1,"{""label"": ""nontoxic"", ""user_toxicity_score"": 0, ""worst_review"": -1}"
76561198953916307,4,0,1,0,0.0,-1,"{""label"": ""nontoxic"", ""user_toxicity_score"": 0, ""worst_review"": -1}"
76561198972301717,4,0,1,0,0.0,-1,"{""label"": ""nontoxic"", ""user_toxicity_score"": 0, ""worst_review"": -1}"
76561199141099519,4,0,1,0,0.0,-1,"{""label"": ""nontoxic"", ""user_toxicity_score"": 0, ""worst_review"": -1}"
76561197960586175,4,0,1,0,0.25,-1,"{""label"": ""nontoxic"", ""user_toxicity_score"": 25, ""worst_review"": -1}"
76561198099936667,4,0,3,0,0.25,-1,"{""label"": ""nontoxic"", ""user_toxicity_score"": 25, ""worst_review"": -1}"
76561198113162705,4,0,1,0,0.05,-1,"{""label"": ""nontoxic"", ""user_toxicity_score"": 5, ""worst_review"": -1}"
76561198061877014,4,0,1,0,0.25,-1,"{""label"": ""nontoxic"", ""user_toxicity_score"": 25, ""worst_review"": -1}"
76561199219303441,4,0,1,0,0.0,-1,"{""label"": ""nontoxic"", ""user_toxicity_score"": 0, ""worst_review"": -1}"
76561198052592535,4,0,5,0,0.25,-1,"{""label"": ""nontoxic"", ""user_toxicity_score"": 25, ""worst_review"": -1}"
76561198987502862,4,0,3,0,0.0,-1,"{""label"": ""nontoxic"", ""user_toxicity_score"": 0, ""worst_review"": -1}"
76561199061585121,4,0,2,0,0.25,-1,"{""label"": ""nontoxic"", ""user_toxicity_score"": 25, ""worst_review"": -1}"
76561198887970632,4,0,1,0,0.0,-1,"{""label"": ""nontoxic"", ""user_toxicity_score"": 0, ""worst_review"": -1}"
76561198045725554,4,0,2,0,0.0,-1,"{""label"": ""nontoxic"", ""user_toxicity_score"": 0, ""worst_review"": -1}"
76561199054390761,4,0,1,0,0.0,-1,"{""label"": ""nontoxic"", ""user_toxicity_score"": 0, ""worst_review"": -1}"
76561198254347938,4,0,2,0,0.05,-1,"{""label"": ""nontoxic"", ""user_toxicity_score"": 5, ""worst_review"": -1}"
76561198389793799,4,0,1,0,0.0,-1,"{""label"": ""nontoxic"", ""user_toxicity_score"": 0, ""worst_review"": -1}"
76561198013929390,4,0,2,0,0.0,-1,"{""label"": ""nontoxic"", ""user_toxicity_score"": 0, ""worst_review"": -1}"
76561198280705881,4,0,1,0,0.0,-1,"{""label"": ""nontoxic"", ""user_toxicity_score"": 0, ""worst_review"": -1}"
76561198209479991,4,1,3,1,0.85,1,"{""label"": ""toxic"", ""user_toxicity_score"": 85, ""worst_review"": 1}"
76561198037902910,4,0,3,0,0.25,-1,"{""label"": ""nontoxic"", ""user_toxicity_score"": 25, ""worst_review"": -1}"
76561199078288561,4,0,1,0,0.0,-1,"{""label"": ""nontoxic"", ""user_toxicity_score"": 0, ""worst_review"": -1}"
76561198300672417,4,0,5,0,0.25,-1,"{""label"": ""nontoxic"", ""user_toxicity_score"": 25, ""worst_review"": -1}"
76561198125301022,4,0,1,0,0.0,-1,"{""label"": ""nontoxic"", ""user_toxicity_score"": 0, ""worst_review"": -1}"
76561198202693078,4,0,2,0,0.05,-1,"{""label"": ""nontoxic"", ""user_toxicity_score"": 5, ""worst_review"": -1}"
76561198163231407,4,0,1,0,0.0,-1,"{""label"": ""nontoxic"", ""user_toxicity_score"": 0, ""worst_review"": -1}"
76561198019447389,4,0,4,0,0.0,-1,"{""label"": ""nontoxic"", ""user_toxicity_score"": 0, ""worst_review"": -1}"
76561199120378393,4,1,1,1,0.95,0,"{""label"": ""toxic"", ""user_toxicity_score"": 95, ""worst_review"": 0}"
76561198159651427,4,0,1,0,0.05,-1,"{""label"": ""nontoxic"", ""user_toxicity_score"": 5, ""worst_review"": -1}"
76561198438353799,4,0,1,0,0.0,-1,"{""label"": ""nontoxic"", ""user_toxicity_score"": 0, ""worst_review"": -1}"
76561198077692036,4,0,1,0,0.05,-1,"{""label"": ""nontoxic"", ""user_toxicity_score"": 5, ""worst_review"": -1}"
76561199398860603,4,1,5,0,0.25,-1,"{""label"": ""nontoxic"", ""user_toxicity_score"": 25, ""worst_review"": -1}"
76561199075929191,4,0,1,0,0.25,-1,"{""label"": ""nontoxic"", ""user_toxicity_score"": 25, ""worst_review"": -1}"
76561199126784487,4,0,4,0,0.05,-1,"{""label"": ""nontoxic"", ""user_toxicity_score"": 5, ""worst_review"": -1}"
76561198344337487,4,0,6,0,0.25,-1,"{""label"": ""nontoxic"", ""user_toxicity_score"": 25, ""worst_review"": -1}"
76561198117298367,4,0,1,0,0.05,-1,"{""label"": ""nontoxic"", ""user_toxicity_score"": 5, ""worst_review"": -1}"
76561197960419016,4,0,1,0,0.25,-1,"{""label"": ""nontoxic"", ""user_toxicity_score"": 25, ""worst_review"": -1}"
76561198048031529,4,0,11,0,0.25,-1,"{""label"": ""nontoxic"", ""user_toxicity_score"": 25, ""worst_review"": -1}"
76561198217028451,4,0,1,0,0.05,-1,"{""label"": ""nontoxic"", ""user_toxicity_score"": 5, ""worst_review"": -1}"
76561198028434222,4,0,11,1,0.85,3,"{""label"": ""toxic"", ""user_toxicity_score"": 85, ""worst_review"": 3}"
76561197999570033,4,0,3,0,0.05,-1,"{""label"": ""nontoxic"", ""user_toxicity_score"": 5, ""worst_review"": -1}"
76561198072567828,4,0,1,1,0.5,0,"{""label"": ""toxic"", ""user_toxicity_score"": 50, ""worst_review"": 0}"
76561197978542403,4,0,7,1,0.85,5,"{""label"": ""toxic"", ""user_toxicity_score"": 85, ""worst_review"": 5}"
76561198107760281,4,0,3,0,0.0,-1,"{""label"": ""nontoxic"", ""user_toxicity_score"": 0, ""worst_review"": -1}"
76561198869134750,4,0,1,0,0.05,-1,"{""label"": ""nontoxic"", ""user_toxicity_score"": 5, ""worst_review"": -1}"
76561198365075852,4,0,1,0,0.0,-1,"{""label"": ""nontoxic"", ""user_toxicity_score"": 0, ""worst_review"": -1}"
76561198052036404,4,0,6,1,0.85,1,"{""label"": ""toxic"", ""user_toxicity_score"": 85, ""worst_review"": 1}"
76561199533783487,4,0,1,0,0.0,-1,"{""label"": ""nontoxic"", ""user_toxicity_score"": 0, ""worst_review"": -1}"
76561199022519622,4,0,1,0,0.0,-1,"{""label"": ""nontoxic"", ""user_toxicity_score"": 0, ""worst_review"": -1}"
76561198361863102,4,0,1,0,0.0,-1,"{""label"": ""nontoxic"", ""user_toxicity_score"": 0, ""worst_review"": -1}"
76561198158180733,4,0,4,1,0.85,0,"{""label"": ""toxic"", ""user_toxicity_score"": 85, ""worst_review"": 0}"
76561197998942796,4,0,1,0,0.25,-1,"{""label"": ""nontoxic"", ""user_toxicity_score"": 25, ""worst_review"": -1}"
76561199759306674,4,0,1,1,0.5,0,"{""label"": ""toxic"", ""user_toxicity_score"": 50, ""worst_review"": 0}"
76561199042667231,4,0,1,0,0.0,-1,"{""label"": ""nontoxic"", ""user_toxicity_score"": 0, ""worst_review"": -1}"
76561198091818432,4,0,1,0,0.0,-1,"{""label"": ""nontoxic"", ""user_toxicity_score"": 0, ""worst_review"": -1}"
76561199117011503,4,0,8,0,0.25,-1,"{""label"": ""nontoxic"", ""user_toxicity_score"": 25, ""worst_review"": -1}"
76561198132630479,4,1,2,1,0.95,1,"{""label"": ""toxic"", ""user_toxicity_score"": 95, ""worst_review"": 1}"
76561198044708818,4,0,3,0,0.25,-1,"{""label"": ""nontoxic"", ""user_toxicity_score"": 25, ""worst_review"": -1}"
76561199089578585,4,0,1,0,0.0,-1,"{""label"": ""nontoxic"", ""user_toxicity_score"": 0, ""worst_review"": -1}"
76561198829152430,4,0,1,0,0.25,-1,"{""label"": ""nontoxic"", ""user_toxicity_score"": 25, ""worst_review"": -1}"
76561198005685397,4,0,1,0,0.0,-1,"{""label"": ""nontoxic"", ""user_toxicity_score"": 0, ""worst_review"": -1}"
76561198856977548,4,0,2,0,0.25,-1,"{""label"": ""nontoxic"", ""user_toxicity_score"": 25, ""worst_review"": -1}"
76561199256554106,4,0,1,0,0.0,-1,"{""label"": ""nontoxic"", ""user_toxicity_score"": 0, ""worst_review"": -1}"
76561198348521027,4,0,1,0,0.05,-1,"{""label"": ""nontoxic"", ""user_toxicity_score"": 5, ""worst_review"": -1}"
76561198061446795,4,0,1,0,0.0,-1,"{""label"": ""nontoxic"", ""user_toxicity_score"": 0, ""worst_review"": -1}"
76561199093719067,4,0,6,0,0.25,-1,"{""label"": ""nontoxic"", ""user_toxicity_score"": 25, ""worst_review"": -1}"
76561198957529933,4,0,3,0,0.0,-1,"{""label"": ""nontoxic"", ""user_toxicity_score"": 0, ""worst_review"": -1}"
76561199535790239,4,0,1,0,0.05,-1,"{""label"": ""nontoxic"", ""user_toxicity_score"": 5, ""worst_review"": -1}"
76561199078284471,4,0,3,0,0.0,-1,"{""label"": ""nontoxic"", ""user_toxicity_score"": 0, ""worst_review"": -1}"
76561198071487915,4,0,1,0,0.0,-1,"{""label"": ""nontoxic"", ""user_toxicity_score"": 0, ""worst_review"": -1}"
76561199032516928,4,0,3,0,0.25,-1,"{""label"": ""nontoxic"", ""user_toxicity_score"": 25, ""worst_review"": -1}"
76561198024239353,4,0,1,0,0.05,-1,"{""label"": ""nontoxic"", ""user_toxicity_score"": 5, ""worst_review"": -1}"
76561198165456258,4,0,1,0,0.0,-1,"{""label"": ""nontoxic"", ""user_toxicity_score"": 0, ""worst_review"": -1}"
76561198199380271,4,0,2,0,0.05,-1,"{""label"": ""nontoxic"", ""user_toxicity_score"": 5, ""worst_review"": -1}"
76561198021266246,4,0,1,0,0.0,-1,"{""label"": ""nontoxic"", ""user_toxicity_score"": 0, ""worst_review"": -1}"
76561197990402746,4,0,1,0,0.0,-1,"{""label"": ""nontoxic"", ""user_toxicity_score"": 0, ""worst_review"": -1}"
76561198344678200,4,0,1,0,0.0,-1,"{""label"": ""nontoxic"", ""user_toxicity_score"": 0, ""worst_review"": -1}"
76561198058163144,4,0,3,0,0.05,-1,"{""label"": ""nontoxic"", ""user_toxicity_score"": 5, ""worst_review"": -1}"
76561197970674495,4,0,2,0,0.05,-1,"{""label"": ""nontoxic"", ""user_toxicity_score"": 5, ""worst_review"": -1}"
76561198401441492,4,0,3,0,0.25,-1,"{""label"": ""nontoxic"", ""user_toxicity_score"": 25, ""worst_review"": -1}"
76561199654032115,4,0,1,0,0.0,-1,"{""label"": ""nontoxic"", ""user_toxicity_score"": 0, ""worst_review"": -1}"
76561198184648326,4,0,9,0,0.25,-1,"{""label"": ""nontoxic"", ""user_toxicity_score"": 25, ""worst_review"": -1}"
76561198007227808,4,0,2,0,0.0,-1,"{""label"": ""nontoxic"", ""user_toxicity_score"": 0, ""worst_review"": -1}"
