user_key,y,score,fold,threshold
76561198205655775,0,0.16875670850276947,0,0.9645610584853282
76561198800733313,0,0.6892105937004089,0,0.9645610584853282
76561198216745689,0,0.03711196407675743,0,0.9645610584853282
76561198254534582,0,0.030859477818012238,0,0.9645610584853282
76561198273394005,1,0.9707979559898376,0,0.9645610584853282
76561198323193927,0,0.3780134320259094,0,0.9645610584853282
76561198272036226,0,0.020156333222985268,0,0.9645610584853282
76561198049096575,0,0.22438327968120575,0,0.9645610584853282
76561199566676714,0,0.15552353858947754,0,0.9645610584853282
76561198052205756,0,0.0799187496304512,0,0.9645610584853282
76561198796060083,0,0.02325018122792244,0,0.9645610584853282
76561197997477521,0,0.1458648294210434,0,0.9645610584853282
76561198966411854,1,0.5649627447128296,0,0.9645610584853282
76561198014250547,0,0.006942916661500931,0,0.9645610584853282
76561198425496568,0,0.0218342412263155,0,0.9645610584853282
76561198046726245,0,0.4971766471862793,0,0.9645610584853282
76561198112998721,0,0.2207169085741043,0,0.9645610584853282
76561198075578989,0,0.54826819896698,0,0.9645610584853282
76561198433855503,0,0.6237300038337708,0,0.9645610584853282
76561198290343733,0,0.03947027772665024,0,0.9645610584853282
76561199061966571,0,0.1436365693807602,0,0.9645610584853282
76561198798909843,0,0.7778067588806152,0,0.9645610584853282
76561198024895063,0,0.2181694358587265,0,0.9645610584853282
76561198073691341,0,0.031630925834178925,0,0.9645610584853282
76561197997171915,0,0.6221213936805725,0,0.9645610584853282
76561199066796928,0,0.04040531814098358,0,0.9645610584853282
76561199073902898,0,0.04483550414443016,0,0.9645610584853282
76561198053778174,0,0.046493299305438995,0,0.9645610584853282
76561198839176041,0,0.03345826268196106,0,0.9645610584853282
76561198244125570,1,0.9877946376800537,0,0.9645610584853282
76561198104202490,0,0.8342128396034241,0,0.9645610584853282
76561199555246079,0,0.6242626309394836,0,0.9645610584853282
76561199201878077,0,0.06447568535804749,0,0.9645610584853282
76561199049087813,0,0.04976706579327583,0,0.9645610584853282
76561199193714060,0,0.022628704085946083,0,0.9645610584853282
76561198042439549,0,0.03670172020792961,0,0.9645610584853282
76561198277421027,0,0.43509843945503235,0,0.9645610584853282
76561199107303560,0,0.051428794860839844,0,0.9645610584853282
76561199508647776,0,0.014840563759207726,0,0.9645610584853282
76561197987842774,0,0.7459421157836914,0,0.9645610584853282
76561198039021270,0,0.04747319966554642,0,0.9645610584853282
76561198103630909,0,0.6038112640380859,0,0.9645610584853282
76561198043648833,0,0.6178684830665588,0,0.9645610584853282
76561198037927767,0,0.4144964814186096,0,0.9645610584853282
76561199126508688,0,0.4862431585788727,0,0.9645610584853282
76561199100485926,0,0.0391562394797802,0,0.9645610584853282
76561199039007061,0,0.08695679903030396,0,0.9645610584853282
76561198010083391,0,0.14961931109428406,0,0.9645610584853282
76561197986248943,0,0.7929407954216003,0,0.9645610584853282
76561198049095168,0,0.016515763476490974,0,0.9645610584853282
76561198058391079,0,0.02319314330816269,0,0.9645610584853282
76561198050308443,0,0.11376336961984634,0,0.9645610584853282
76561199277620307,0,0.08996471017599106,0,0.9645610584853282
76561198158016310,0,0.020211907103657722,0,0.9645610584853282
76561198353307403,0,0.09124109148979187,0,0.9645610584853282
76561197995456098,0,0.11100806295871735,0,0.9645610584853282
76561199334473768,0,0.020018985494971275,0,0.9645610584853282
76561199133234685,0,0.07705593854188919,0,0.9645610584853282
76561198294223640,0,0.37238138914108276,0,0.9645610584853282
76561198001279938,0,0.01756088249385357,0,0.9645610584853282
76561198107773542,0,0.06034630537033081,0,0.9645610584853282
76561198375267150,0,0.06336875259876251,0,0.9645610584853282
76561197972607382,0,0.03905195742845535,0,0.9645610584853282
76561198189115230,0,0.5384684801101685,0,0.9645610584853282
76561198035817246,0,0.014201708137989044,0,0.9645610584853282
76561198861020503,0,0.057540424168109894,0,0.9645610584853282
76561198086510604,0,0.47369956970214844,0,0.9645610584853282
76561198216917827,1,0.6845856308937073,0,0.9645610584853282
76561198163057521,0,0.4111759662628174,0,0.9645610584853282
76561198133587384,0,0.07015185803174973,0,0.9645610584853282
76561199044858958,0,0.019258813932538033,0,0.9645610584853282
76561198354173119,0,0.01680058054625988,0,0.9645610584853282
76561197995564300,0,0.03686487674713135,0,0.9645610584853282
76561198316223975,0,0.3810948133468628,0,0.9645610584853282
76561198280076855,0,0.06613071262836456,0,0.9645610584853282
76561198052869015,1,0.989300549030304,0,0.9645610584853282
76561197980428067,0,0.02134784683585167,0,0.9645610584853282
76561198083858227,0,0.017420506104826927,0,0.9645610584853282
76561198955097696,0,0.014326333999633789,0,0.9645610584853282
76561199116051953,0,0.019906656816601753,0,0.9645610584853282
76561199509107131,0,0.014405078254640102,0,0.9645610584853282
76561199214467906,0,0.08577525615692139,0,0.9645610584853282
76561198394514433,0,0.02305739000439644,0,0.9645610584853282
76561199084530906,0,0.18837721645832062,0,0.9645610584853282
76561199474517730,0,0.02070273645222187,0,0.9645610584853282
76561198132500222,0,0.012998569756746292,0,0.9645610584853282
76561198080640423,0,0.007109762169420719,0,0.9645610584853282
76561198150637574,0,0.10040824115276337,0,0.9645610584853282
76561198031200417,0,0.16849038004875183,0,0.9645610584853282
76561198975742965,0,0.09393462538719177,0,0.9645610584853282
76561198867211523,0,0.019852744415402412,0,0.9645610584853282
76561198312217388,0,0.05661861225962639,0,0.9645610584853282
76561199176260690,0,0.1527603417634964,0,0.9645610584853282
76561199689575867,0,0.014201708137989044,0,0.9645610584853282
76561199639449111,0,0.3290981650352478,0,0.9645610584853282
76561199136272975,0,0.08336295187473297,0,0.9645610584853282
76561198313299168,0,0.11761865019798279,0,0.9645610584853282
76561198151403312,0,0.07596754282712936,0,0.9645610584853282
76561198840291053,0,0.04734418913722038,0,0.9645610584853282
76561199141499514,0,0.7447139620780945,0,0.9645610584853282
76561198076022331,0,0.090522401034832,0,0.9645610584853282
76561199099206116,0,0.1392577588558197,0,0.9645610584853282
76561199181243941,0,0.01483095996081829,0,0.9645610584853282
76561198087478010,0,0.24943070113658905,0,0.9645610584853282
76561199186334263,0,0.22360360622406006,0,0.9645610584853282
76561198238016644,1,0.9754245281219482,0,0.9645610584853282
76561198378936057,0,0.10939472168684006,0,0.9645610584853282
76561198978542791,0,0.013204418122768402,0,0.9645610584853282
76561198006835535,0,0.03769012168049812,0,0.9645610584853282
76561198298907039,0,0.9735569953918457,0,0.9645610584853282
76561198095090289,0,0.5047163963317871,0,0.9645610584853282
76561199097115418,0,0.013896249234676361,0,0.9645610584853282
76561198022451544,0,0.031023327261209488,0,0.9645610584853282
76561199180068356,0,0.014201708137989044,0,0.9645610584853282
76561198407852721,1,0.9605134725570679,0,0.9645610584853282
76561198065118540,1,0.9764701724052429,0,0.9645610584853282
76561198037412348,0,0.09045860916376114,0,0.9645610584853282
76561198857354017,0,0.35432568192481995,0,0.9645610584853282
76561198187881930,0,0.017192380502820015,0,0.9645610584853282
76561197977768293,0,0.053805142641067505,0,0.9645610584853282
76561199157741714,0,0.021117113530635834,0,0.9645610584853282
76561198015394225,0,0.008374528028070927,0,0.9645610584853282
76561198064635799,0,0.19154943525791168,0,0.9645610584853282
76561199230024879,0,0.12899506092071533,0,0.9645610584853282
76561198129150891,0,0.023444967344403267,0,0.9645610584853282
76561198391384208,0,0.028146862983703613,0,0.9645610584853282
76561198067630395,0,0.21271874010562897,0,0.9645610584853282
76561198045093353,0,0.9879446029663086,0,0.9645610584853282
76561198433803829,0,0.34763431549072266,0,0.9645610584853282
76561199114312942,0,0.9189169406890869,0,0.9645610584853282
76561199033983810,0,0.10662984102964401,0,0.9645610584853282
76561198091273519,0,0.17679685354232788,0,0.9645610584853282
76561198839761448,0,0.06256610155105591,0,0.9645610584853282
76561199003575169,0,0.051428794860839844,0,0.9645610584853282
76561199045852544,0,0.010415329597890377,0,0.9645610584853282
76561198805558212,0,0.10607881844043732,0,0.9645610584853282
76561199017046169,0,0.3399447798728943,0,0.9645610584853282
76561199049729661,0,0.2800408899784088,0,0.9645610584853282
76561198432564136,0,0.008411593735218048,0,0.9645610584853282
76561199110762965,0,0.5590810179710388,0,0.9645610584853282
76561198411824773,0,0.04228220880031586,0,0.9645610584853282
76561198336786148,0,0.29171881079673767,0,0.9645610584853282
76561199094759376,0,0.36763396859169006,0,0.9645610584853282
76561198022789964,0,0.10163446515798569,0,0.9645610584853282
76561199365723467,0,0.05556127801537514,0,0.9645610584853282
76561198017683189,0,0.05167398974299431,0,0.9645610584853282
76561198144732435,0,0.6328583359718323,0,0.9645610584853282
76561198067485763,0,0.6285253763198853,0,0.9645610584853282
76561198802545250,0,0.34434935450553894,0,0.9645610584853282
76561199001546448,0,0.12242557108402252,0,0.9645610584853282
76561199019969132,0,0.061247680336236954,0,0.9645610584853282
76561198221594096,0,0.01620020531117916,0,0.9645610584853282
76561198085339957,0,0.04013242945075035,0,0.9645610584853282
76561199082014354,0,0.07178109139204025,0,0.9645610584853282
76561199085299789,0,0.01730342023074627,0,0.9645610584853282
76561198078551908,0,0.3510165810585022,0,0.9645610584853282
76561199010081633,0,0.06787719577550888,0,0.9645610584853282
76561198186407653,0,0.16746917366981506,0,0.9645610584853282
76561199149598186,0,0.8554667830467224,0,0.9645610584853282
76561197963034284,0,0.06505773216485977,0,0.9645610584853282
76561198392717655,0,0.09433986246585846,0,0.9645610584853282
76561198263521087,0,0.08467113226652145,0,0.9645610584853282
76561199544707724,0,0.20287112891674042,0,0.9645610584853282
76561198446645629,0,0.07475791871547699,0,0.9645610584853282
76561198964209311,0,0.11282996833324432,0,0.9645610584853282
76561198303976446,0,0.4065330922603607,0,0.9645610584853282
76561199212453306,0,0.023809276521205902,0,0.9645610584853282
76561198256579089,0,0.014750746078789234,0,0.9645610584853282
76561199104103688,0,0.016429485753178596,0,0.9645610584853282
76561198156539245,0,0.09744884073734283,0,0.9645610584853282
76561198019145782,1,0.9868250489234924,0,0.9645610584853282
76561198079455022,0,0.5077046155929565,0,0.9645610584853282
76561198086048891,0,0.010041782632470131,0,0.9645610584853282
76561197982113374,0,0.13398544490337372,0,0.9645610584853282
76561198982538786,0,0.8326537013053894,0,0.9645610584853282
76561198162046494,0,0.023955434560775757,0,0.9645610584853282
76561198813225105,0,0.0781613290309906,0,0.9645610584853282
76561198164237692,0,0.014345132745802402,0,0.9645610584853282
76561198881421279,0,0.4124734103679657,0,0.9645610584853282
76561199238034815,0,0.10255259275436401,0,0.9645610584853282
76561198085567859,0,0.01338850986212492,0,0.9645610584853282
76561199101158947,0,0.05047646909952164,0,0.9645610584853282
76561198394693847,0,0.18296931684017181,0,0.9645610584853282
76561198986710327,0,0.1208728775382042,0,0.9645610584853282
76561199035793981,0,0.06024913862347603,0,0.9645610584853282
76561198023859594,0,0.020933039486408234,0,0.9645610584853282
76561198401962205,0,0.15569636225700378,0,0.9645610584853282
76561198234317744,0,0.011885484680533409,0,0.9645610584853282
76561198157357471,0,0.10779435932636261,0,0.9645610584853282
76561198110470361,0,0.1373380571603775,0,0.9645610584853282
76561198168778939,0,0.23512974381446838,0,0.9645610584853282
76561198302905253,0,0.03922887146472931,0,0.9645610584853282
76561198980607199,0,0.019258813932538033,0,0.9645610584853282
76561198010921148,0,0.9789316058158875,0,0.9645610584853282
76561198349162735,0,0.00926161091774702,0,0.9645610584853282
76561199090702835,0,0.05965439975261688,0,0.9645610584853282
76561198036270656,0,0.056062787771224976,0,0.9645610584853282
76561198154046503,0,0.015594630502164364,0,0.9645610584853282
76561199179134929,0,0.20253315567970276,0,0.9645610584853282
76561198286413972,0,0.29701855778694153,0,0.9645610584853282
76561199454207888,0,0.05013839527964592,0,0.9645610584853282
76561198108003777,0,0.013943072408437729,0,0.9645610584853282
76561197972364221,0,0.03301284462213516,0,0.9645610584853282
76561198176058214,0,0.049710992723703384,0,0.9645610584853282
76561199140259303,1,0.9908225536346436,0,0.9645610584853282
76561198420252881,1,0.42504656314849854,0,0.9645610584853282
76561198880886143,0,0.031066572293639183,0,0.9645610584853282
76561199369206984,0,0.016777032986283302,0,0.9645610584853282
76561199001775421,0,0.01634468324482441,0,0.9645610584853282
76561199384910944,0,0.08449828624725342,0,0.9645610584853282
76561198226502128,0,0.3452840745449066,0,0.9645610584853282
76561198998721275,0,0.19203034043312073,0,0.9645610584853282
76561198293908080,0,0.23265580832958221,0,0.9645610584853282
76561199056329168,1,0.7867236137390137,0,0.9645610584853282
76561198003822998,0,0.15379925072193146,0,0.9645610584853282
76561198317649409,0,0.5669211745262146,0,0.9645610584853282
76561198231895116,0,0.7434831857681274,0,0.9645610584853282
76561199038440544,0,0.009043121710419655,0,0.9645610584853282
76561198846046441,0,0.15174846351146698,0,0.9645610584853282
76561198288843339,0,0.02321619912981987,0,0.9645610584853282
76561199245848134,0,0.4416990876197815,0,0.9645610584853282
76561198799679647,0,0.451803982257843,0,0.9645610584853282
76561199099691066,0,0.01597362570464611,0,0.9645610584853282
76561199161242725,0,0.2788890302181244,0,0.9645610584853282
76561198346141898,0,0.466143935918808,0,0.9645610584853282
76561198858707056,0,0.37591665983200073,0,0.9645610584853282
76561198066098813,0,0.45014846324920654,0,0.9645610584853282
76561198079467267,0,0.035925671458244324,0,0.9645610584853282
76561198123771585,0,0.0233159102499485,0,0.9645610584853282
76561198380311255,0,0.18379168212413788,0,0.9645610584853282
76561198046459530,0,0.3639303743839264,0,0.9645610584853282
76561198144397146,0,0.14470109343528748,0,0.9645610584853282
76561197979550083,0,0.21767494082450867,0,0.9645610584853282
76561198269049524,0,0.30577394366264343,0,0.9645610584853282
76561199167922531,0,0.01766144670546055,0,0.9645610584853282
76561198089199386,0,0.014717104844748974,0,0.9645610584853282
76561198144493105,0,0.790359616279602,0,0.9645610584853282
76561198053441199,0,0.4385124742984772,0,0.9645610584853282
76561198033686659,0,0.17192740738391876,0,0.9645610584853282
76561198052355148,0,0.1716834455728531,0,0.9645610584853282
76561199122082486,0,0.04635285586118698,0,0.9645610584853282
76561199013627398,0,0.18598343431949615,0,0.9645610584853282
76561198165096182,0,0.12429013103246689,0,0.9645610584853282
76561199173430115,0,0.08502211421728134,0,0.9645610584853282
76561198414033978,0,0.055047448724508286,0,0.9645610584853282
76561198111597538,0,0.01083641592413187,0,0.9645610584853282
76561198083524261,0,0.1786213368177414,0,0.9645610584853282
76561198025588631,0,0.22740328311920166,0,0.9645610584853282
76561198368494726,0,0.05133160203695297,0,0.9645610584853282
76561198012151061,0,0.11717703938484192,0,0.9645610584853282
76561198148585964,0,0.3561919927597046,0,0.9645610584853282
76561197970900831,0,0.7965245842933655,0,0.9645610584853282
76561199163129252,0,0.01061475183814764,0,0.9645610584853282
76561199527146164,0,0.18151448667049408,0,0.9645610584853282
76561198861292355,0,0.4303043782711029,0,0.9645610584853282
76561198829262777,0,0.009457609616219997,0,0.9645610584853282
76561197985511117,0,0.11006432771682739,0,0.9645610584853282
76561198310590587,0,0.5335685610771179,0,0.9645610584853282
76561199056045904,0,0.01991727389395237,0,0.9645610584853282
76561198060274704,0,0.007741986308246851,0,0.9645610584853282
76561198061990227,0,0.02346615307033062,0,0.9645610584853282
76561198252024030,0,0.020969264209270477,0,0.9645610584853282
76561198195429211,0,0.18320852518081665,0,0.9645610584853282
76561199111430931,0,0.04517960175871849,0,0.9645610584853282
76561198215578533,0,0.4395597577095032,0,0.9645610584853282
76561198390710030,0,0.04853961244225502,0,0.9645610584853282
76561198169745722,0,0.7755376696586609,0,0.9645610584853282
76561198039589814,0,0.023474808782339096,0,0.9645610584853282
76561199120749390,0,0.15015117824077606,0,0.9645610584853282
76561198190633543,0,0.018462438136339188,0,0.9645610584853282
76561198381880044,0,0.11846905946731567,0,0.9645610584853282
76561197995997006,0,0.14527666568756104,0,0.9645610584853282
76561199062438502,0,0.03884653374552727,0,0.9645610584853282
76561198324281475,0,0.03119712322950363,0,0.9645610584853282
76561198046782056,0,0.9773765802383423,0,0.9645610584853282
76561198245411964,0,0.00948540959507227,0,0.9645610584853282
76561199122830363,0,0.22971601784229279,0,0.9645610584853282
76561198208908033,0,0.27111557126045227,0,0.9645610584853282
76561198051966198,0,0.06726911664009094,0,0.9645610584853282
76561199547087590,0,0.025379041209816933,0,0.9645610584853282
76561198117102186,0,0.051428794860839844,0,0.9645610584853282
76561199196166680,0,0.03430229052901268,0,0.9645610584853282
76561198963575394,0,0.12020612508058548,0,0.9645610584853282
76561198393581926,0,0.018909329548478127,0,0.9645610584853282
76561198453231720,0,0.017074791714549065,0,0.9645610584853282
76561198048051543,0,0.08671033382415771,0,0.9645610584853282
76561198085192680,0,0.0392320491373539,0,0.9645610584853282
76561198922487878,0,0.0715453177690506,0,0.9645610584853282
76561199564690454,0,0.07879190146923065,0,0.9645610584853282
76561198040787242,0,0.023453088477253914,0,0.9645610584853282
76561199085829995,0,0.09558334946632385,0,0.9645610584853282
76561198372028637,0,0.03742998465895653,0,0.9645610584853282
76561197970442098,0,0.07955192029476166,0,0.9645610584853282
76561198018593032,0,0.050304729491472244,0,0.9645610584853282
76561198176262477,0,0.022876450791954994,0,0.9645610584853282
76561198054189341,0,0.012706464156508446,0,0.9645610584853282
76561198892131569,0,0.051428794860839844,0,0.9645610584853282
76561198854118228,0,0.9633949995040894,0,0.9645610584853282
76561199044102540,0,0.06258495897054672,0,0.9645610584853282
76561198353047065,0,0.05914836749434471,0,0.9645610584853282
76561198075626676,0,0.049388717859983444,0,0.9645610584853282
76561197967961389,1,0.9766445159912109,0,0.9645610584853282
76561197975914809,0,0.16756434738636017,0,0.9645610584853282
76561199133331109,0,0.4788859784603119,0,0.9645610584853282
76561198099145137,1,0.5440279245376587,0,0.9645610584853282
76561198031044198,0,0.5620571970939636,0,0.9645610584853282
76561198050508443,0,0.008678184822201729,0,0.9645610584853282
76561198089494342,0,0.28892603516578674,0,0.9645610584853282
76561199243781232,0,0.08717869967222214,0,0.9645610584853282
76561198023810211,0,0.5722333788871765,0,0.9645610584853282
76561198076539007,0,0.13212816417217255,0,0.9645610584853282
76561198101218568,1,0.9885634183883667,0,0.9645610584853282
76561199100349623,0,0.03186902031302452,0,0.9645610584853282
76561199663304213,0,0.03604762628674507,0,0.9645610584853282
76561198286934695,0,0.2347964495420456,0,0.9645610584853282
76561197980130019,0,0.06016029044985771,0,0.9645610584853282
76561198116333955,0,0.32663726806640625,0,0.9645610584853282
76561198092971944,0,0.6094485521316528,0,0.9645610584853282
76561198976231683,0,0.04000023752450943,0,0.9645610584853282
76561199021323442,0,0.01673237420618534,0,0.9645610584853282
76561198288752983,0,0.03625216335058212,0,0.9645610584853282
76561197999922265,0,0.045079104602336884,0,0.9645610584853282
76561198009963358,0,0.1408149152994156,0,0.9645610584853282
76561198021978655,0,0.2826836407184601,0,0.9645610584853282
76561198066171275,0,0.2597416937351227,0,0.9645610584853282
76561199538815725,0,0.14979016780853271,0,0.9645610584853282
76561199566426732,0,0.512023389339447,0,0.9645610584853282
76561197987154900,0,0.017517080530524254,0,0.9645610584853282
76561199498688705,0,0.11556394398212433,0,0.9645610584853282
76561198031765982,0,0.0462745763361454,0,0.9645610584853282
76561198056816171,0,0.35372525453567505,0,0.9645610584853282
76561198138520576,0,0.06862707436084747,0,0.9645610584853282
76561199162140971,0,0.09598874300718307,0,0.9645610584853282
76561197971034093,0,0.021829066798090935,0,0.9645610584853282
76561199524974071,0,0.07760973274707794,0,0.9645610584853282
76561198091348789,0,0.008428066968917847,0,0.9645610584853282
76561198092392659,0,0.040666334331035614,0,0.9645610584853282
76561198368857096,0,0.10158996284008026,0,0.9645610584853282
76561199472668506,1,0.875323474407196,0,0.9645610584853282
76561198142906908,0,0.03818115219473839,0,0.9645610584853282
76561198067008107,0,0.20407819747924805,0,0.9645610584853282
76561198437513453,0,0.02396579459309578,0,0.9645610584853282
76561199365201152,0,0.8164815902709961,0,0.9645610584853282
76561199436383155,0,0.20077931880950928,0,0.9645610584853282
76561198067937560,0,0.9384181499481201,0,0.9645610584853282
76561198343565833,0,0.01235534530133009,0,0.9645610584853282
76561197991736949,0,0.08550791442394257,0,0.9645610584853282
76561198074555412,0,0.08659622818231583,0,0.9645610584853282
76561198057232125,0,0.012671302072703838,0,0.9645610584853282
76561199511351905,0,0.2813255190849304,0,0.9645610584853282
76561199194223439,1,0.9443882703781128,0,0.9645610584853282
76561198120728923,0,0.05567920580506325,0,0.9645610584853282
76561198295253754,0,0.04075121134519577,0,0.9645610584853282
76561198080821751,0,0.10132447630167007,0,0.9645610584853282
76561198313176088,0,0.020934520289301872,0,0.9645610584853282
76561198278305097,0,0.0266518946737051,0,0.9645610584853282
76561199344344559,0,0.791515588760376,0,0.9645610584853282
76561199159940483,0,0.051428794860839844,0,0.9645610584853282
76561198799434092,0,0.22100311517715454,0,0.9645610584853282
76561198121876421,0,0.019034821540117264,0,0.9645610584853282
76561199215852675,0,0.11058143526315689,0,0.9645610584853282
76561198149035236,0,0.10801369696855545,0,0.9645610584853282
76561198128479008,0,0.03237244859337807,0,0.9645610584853282
76561198120597780,0,0.03208613023161888,0,0.9645610584853282
76561199202613269,0,0.025981595739722252,0,0.9645610584853282
76561197964574175,0,0.033483561128377914,0,0.9645610584853282
76561198141298207,0,0.04284137487411499,0,0.9645610584853282
76561198017342720,0,0.30662378668785095,0,0.9645610584853282
76561198114798966,0,0.14966623485088348,0,0.9645610584853282
76561199487975993,0,0.007063805125653744,0,0.9645610584853282
76561199059363969,0,0.06039998307824135,0,0.9645610584853282
76561198009591409,0,0.17906759679317474,0,0.9645610584853282
76561198815814482,0,0.030818291008472443,0,0.9645610584853282
76561199119587050,0,0.16826951503753662,0,0.9645610584853282
76561198345923098,0,0.04043840616941452,0,0.9645610584853282
76561199705927717,0,0.014842639677226543,0,0.9645610584853282
76561198822376909,0,0.04413413256406784,0,0.9645610584853282
76561197963009121,0,0.29804375767707825,0,0.9645610584853282
76561199275566062,0,0.0440388061106205,0,0.9645610584853282
76561198954707812,0,0.009155181236565113,0,0.9645610584853282
76561198945388864,0,0.016470029950141907,0,0.9645610584853282
76561198988876524,0,0.03538980707526207,0,0.9645610584853282
76561198110047711,0,0.011559336446225643,0,0.9645610584853282
76561198305500634,0,0.015129896812140942,0,0.9645610584853282
76561198331185155,0,0.014889833517372608,0,0.9645610584853282
76561198152486436,0,0.8090057373046875,0,0.9645610584853282
76561199066294770,0,0.030786307528614998,0,0.9645610584853282
76561198095917683,0,0.012736204080283642,0,0.9645610584853282
76561198068861956,0,0.11311498284339905,0,0.9645610584853282
76561198063215033,0,0.18238705396652222,0,0.9645610584853282
76561198048316244,0,0.3345097303390503,0,0.9645610584853282
76561198263069517,0,0.06860446184873581,0,0.9645610584853282
76561198029106303,0,0.04426078498363495,0,0.9645610584853282
76561199243420161,0,0.01634468324482441,0,0.9645610584853282
76561199511204899,0,0.32369914650917053,0,0.9645610584853282
76561199556055744,0,0.6908618807792664,0,0.9645610584853282
76561199096687186,0,0.05519087240099907,0,0.9645610584853282
76561198073752420,0,0.03003002144396305,0,0.9645610584853282
76561198322131367,0,0.03671269491314888,0,0.9645610584853282
76561199202148628,0,0.010668533854186535,0,0.9645610584853282
76561199575946819,0,0.014201708137989044,0,0.9645610584853282
76561199289210304,0,0.021962560713291168,0,0.9645610584853282
76561199077192648,0,0.21032314002513885,0,0.9645610584853282
76561198136824862,0,0.035315051674842834,0,0.9645610584853282
76561198050803719,0,0.05173662677407265,0,0.9645610584853282
76561198112447390,0,0.8973463177680969,0,0.9645610584853282
76561199030214744,0,0.02702750265598297,0,0.9645610584853282
76561198814061611,0,0.04497077316045761,0,0.9645610584853282
76561198874698087,0,0.01566288433969021,0,0.9645610584853282
76561198157190239,1,0.9828488230705261,0,0.9645610584853282
76561198292048881,0,0.438838392496109,0,0.9645610584853282
76561199481331075,0,0.015376860275864601,0,0.9645610584853282
76561198216672036,0,0.5889866352081299,0,0.9645610584853282
76561198273224687,0,0.569959819316864,0,0.9645610584853282
76561198027936600,0,0.07166039198637009,0,0.9645610584853282
76561198323996571,0,0.9800668954849243,0,0.9645610584853282
76561199013831664,0,0.11024568229913712,0,0.9645610584853282
76561199528896079,0,0.10613980889320374,0,0.9645610584853282
76561198171430251,0,0.897757351398468,0,0.9645610584853282
76561198860352727,0,0.04380049183964729,0,0.9645610584853282
76561199048925651,1,0.9898884892463684,0,0.9645610584853282
76561198131575018,0,0.019258813932538033,0,0.9645610584853282
76561198090882462,0,0.4861717224121094,0,0.9645610584853282
76561198845866354,0,0.7809321284294128,0,0.9645610584853282
76561198396931739,0,0.01169069018214941,0,0.9645610584853282
76561199091300383,0,0.1329486221075058,0,0.9645610584853282
76561198041715381,0,0.9437081813812256,0,0.9645610584853282
76561198081195483,0,0.03139015659689903,0,0.9645610584853282
76561199085007182,0,0.05133986473083496,0,0.9645610584853282
76561199015761704,1,0.9877655506134033,0,0.9645610584853282
76561198094633808,0,0.49590951204299927,0,0.9645610584853282
76561198202197006,0,0.043704431504011154,0,0.9645610584853282
76561199079201755,0,0.02353532426059246,0,0.9645610584853282
76561198089810830,0,0.34846436977386475,0,0.9645610584853282
76561198305403153,0,0.09226107597351074,0,0.9645610584853282
76561198838549146,0,0.18515263497829437,0,0.9645610584853282
76561198074124561,0,0.035192836076021194,0,0.9645610584853282
76561199104085421,0,0.8019075989723206,0,0.9645610584853282
76561197970536053,0,0.04546318203210831,0,0.9645610584853282
76561198197475809,0,0.09563642740249634,0,0.9645610584853282
76561198015316938,0,0.028874970972537994,0,0.9645610584853282
76561198415955195,0,0.02249937132000923,0,0.9645610584853282
76561198296492388,0,0.5865402817726135,0,0.9645610584853282
76561198204241508,0,0.0666532963514328,0,0.9645610584853282
76561198071262658,0,0.22403772175312042,0,0.9645610584853282
76561198143037770,0,0.045119334012269974,0,0.9645610584853282
76561199382799619,0,0.15359258651733398,0,0.9645610584853282
76561198001538285,0,0.027325093746185303,0,0.9645610584853282
76561199229840403,0,0.12112097442150116,0,0.9645610584853282
76561199028911581,0,0.057958610355854034,0,0.9645610584853282
76561199675705197,0,0.03500748798251152,0,0.9645610584853282
76561197983599730,0,0.062473706901073456,0,0.9645610584853282
76561198303108470,0,0.019624488428235054,0,0.9645610584853282
76561198166843217,0,0.1811211109161377,0,0.9645610584853282
76561198103634702,0,0.01600431650876999,0,0.9645610584853282
76561198095552535,0,0.10933977365493774,0,0.9645610584853282
76561198828107639,0,0.020640557631850243,0,0.9645610584853282
76561198364761502,0,0.7661044597625732,0,0.9645610584853282
76561199803491281,0,0.029790613800287247,0,0.9645610584853282
76561198816903607,0,0.03741823136806488,0,0.9645610584853282
76561198187057679,0,0.03553348034620285,0,0.9645610584853282
76561198158039620,0,0.05027536675333977,0,0.9645610584853282
76561199241446133,0,0.11738482862710953,0,0.9645610584853282
76561198142261907,0,0.15883032977581024,0,0.9645610584853282
76561199236494856,0,0.15768444538116455,0,0.9645610584853282
76561198034464772,0,0.12483654171228409,0,0.9645610584853282
76561197993643372,0,0.009480804204940796,0,0.9645610584853282
76561198357597168,0,0.02323523536324501,0,0.9645610584853282
76561199065716221,0,0.9505996108055115,0,0.9645610584853282
76561198369202470,0,0.018967313691973686,0,0.9645610584853282
76561197976484824,0,0.8641610741615295,0,0.9645610584853282
76561199112521706,0,0.017836999148130417,0,0.9645610584853282
76561198135679857,0,0.013298148289322853,0,0.9645610584853282
76561199048653082,0,0.008374408818781376,0,0.9645610584853282
76561198398919503,0,0.01255698874592781,0,0.9645610584853282
76561199403611762,0,0.148493692278862,0,0.9645610584853282
76561199159966501,0,0.00789869949221611,0,0.9645610584853282
76561198164946276,0,0.01235534530133009,0,0.9645610584853282
76561198359703598,0,0.010743855498731136,0,0.9645610584853282
76561198874971234,0,0.051428794860839844,0,0.9645610584853282
76561198283692472,0,0.03771215304732323,0,0.9645610584853282
76561198882518735,0,0.021586932241916656,0,0.9645610584853282
76561198066958385,0,0.36643221974372864,0,0.9645610584853282
76561198168603824,1,0.9814287424087524,0,0.9645610584853282
76561198089311482,0,0.07806538045406342,0,0.9645610584853282
76561197995054303,0,0.21032314002513885,0,0.9645610584853282
76561198032134769,0,0.2284250557422638,0,0.9645610584853282
76561197970588855,0,0.018014969304203987,0,0.9645610584853282
76561198064813156,0,0.5284899473190308,0,0.9645610584853282
76561198053517621,0,0.644166886806488,0,0.9645610584853282
76561198065665696,0,0.4446118175983429,0,0.9645610584853282
76561198134687108,0,0.5194195508956909,0,0.9645610584853282
76561199195638638,0,0.08975107967853546,0,0.9645610584853282
76561199383911229,0,0.040029577910900116,0,0.9645610584853282
76561198025473522,0,0.013464424759149551,0,0.9645610584853282
76561198177699557,0,0.4005717635154724,0,0.9645610584853282
76561198144799737,0,0.26649656891822815,0,0.9645610584853282
76561199239402593,0,0.013243482448160648,0,0.9645610584853282
76561198398014863,0,0.04617268219590187,0,0.9645610584853282
76561198844007761,0,0.4166399836540222,0,0.9645610584853282
76561198017665289,0,0.0880805253982544,0,0.9645610584853282
76561199651322178,0,0.14486229419708252,0,0.9645610584853282
76561198008150229,0,0.008716821670532227,0,0.9645610584853282
76561198004180696,0,0.013298229314386845,0,0.9645610584853282
76561198122861057,0,0.0074571347795426846,0,0.9645610584853282
76561198090521951,1,0.9408847689628601,0,0.9645610584853282
76561198929831687,0,0.01562936045229435,0,0.9645610584853282
76561198036349217,0,0.013194449245929718,0,0.9645610584853282
76561198269731711,0,0.481869637966156,0,0.9645610584853282
76561199041363508,0,0.009529216215014458,0,0.9645610584853282
76561198100536386,0,0.03322909027338028,0,0.9645610584853282
76561199046577868,0,0.1401284635066986,0,0.9645610584853282
76561198159066668,0,0.15704068541526794,0,0.9645610584853282
76561198263615559,0,0.15854714810848236,0,0.9645610584853282
76561198042308588,0,0.013418379239737988,0,0.9645610584853282
76561198284997170,0,0.7818544507026672,0,0.9645610584853282
76561198045387168,0,0.031456418335437775,0,0.9645610584853282
76561199101705597,0,0.6328779458999634,0,0.9645610584853282
76561199798297305,0,0.02807340957224369,0,0.9645610584853282
76561198385003887,0,0.03773192688822746,0,0.9645610584853282
76561198171763823,0,0.034351129084825516,0,0.9645610584853282
76561198954130562,0,0.010668533854186535,0,0.9645610584853282
76561198256341093,0,0.8951959013938904,0,0.9645610584853282
76561199112949890,0,0.12468380481004715,0,0.9645610584853282
76561198853218845,0,0.0333905890583992,0,0.9645610584853282
76561198068272390,0,0.0769319087266922,0,0.9645610584853282
76561198016345508,0,0.9525867104530334,0,0.9645610584853282
76561198051626757,0,0.01799139752984047,0,0.9645610584853282
76561198039963370,0,0.9685471057891846,0,0.9645610584853282
76561199130775004,0,0.09888163954019547,0,0.9645610584853282
76561198308261816,0,0.08258307725191116,0,0.9645610584853282
76561198047321053,0,0.3981223702430725,0,0.9645610584853282
76561199205675827,0,0.026517560705542564,0,0.9645610584853282
76561198275147443,0,0.010348071344196796,0,0.9645610584853282
76561198065762918,0,0.03267497196793556,0,0.9645610584853282
76561198097887761,0,0.30103644728660583,0,0.9645610584853282
76561198020866080,0,0.971792459487915,0,0.9645610584853282
76561198069860038,0,0.9769709706306458,0,0.9645610584853282
76561198328150261,0,0.02215547487139702,0,0.9645610584853282
76561198022421105,0,0.033153340220451355,0,0.9645610584853282
76561199010680187,0,0.1750912070274353,0,0.9645610584853282
76561198135374036,0,0.05817139521241188,0,0.9645610584853282
76561199227326466,0,0.05402484908699989,0,0.9645610584853282
76561198099200497,0,0.07026270031929016,0,0.9645610584853282
76561198394516675,0,0.050832297652959824,0,0.9645610584853282
76561197975939196,0,0.026455050334334373,0,0.9645610584853282
76561198261778269,0,0.01594606041908264,0,0.9645610584853282
76561198878087972,0,0.01794380135834217,0,0.9645610584853282
76561198139388975,0,0.5400115847587585,0,0.9645610584853282
76561198171868073,0,0.015012914314866066,0,0.9645610584853282
76561199060918074,0,0.23177511990070343,0,0.9645610584853282
76561198144484488,0,0.04310021921992302,0,0.9645610584853282
76561198356581532,0,0.010668533854186535,0,0.9645610584853282
76561199390408817,0,0.038103245198726654,0,0.9645610584853282
76561198298200877,0,0.07579781860113144,0,0.9645610584853282
76561198159075665,0,0.010796120390295982,0,0.9645610584853282
76561199025151836,0,0.03291760012507439,0,0.9645610584853282
76561199037945930,0,0.1539175659418106,0,0.9645610584853282
76561199231745624,0,0.22862863540649414,0,0.9645610584853282
76561198062044997,0,0.07284215837717056,0,0.9645610584853282
76561198860063414,0,0.44621655344963074,0,0.9645610584853282
76561198022226941,0,0.025797409936785698,0,0.9645610584853282
76561199213991071,0,0.03741823136806488,0,0.9645610584853282
76561198050607560,0,0.041414085775613785,0,0.9645610584853282
76561199194376202,0,0.019258813932538033,0,0.9645610584853282
76561198130146640,0,0.10769321769475937,0,0.9645610584853282
76561198032026761,0,0.4463443458080292,0,0.9645610584853282
76561198084193965,0,0.27667665481567383,0,0.9645610584853282
76561197982770798,0,0.31161293387413025,0,0.9645610584853282
76561198971247221,0,0.030211862176656723,0,0.9645610584853282
76561198886274127,0,0.4196195602416992,0,0.9645610584853282
76561199106675315,0,0.03499175235629082,0,0.9645610584853282
76561198068054597,0,0.317207008600235,0,0.9645610584853282
76561199582284568,0,0.010778829455375671,0,0.9645610584853282
76561198410761588,0,0.5382469892501831,0,0.9645610584853282
76561197970451676,0,0.8688089847564697,0,0.9645610584853282
76561199554621057,0,0.019258813932538033,0,0.9645610584853282
76561198065958872,0,0.016505420207977295,0,0.9645610584853282
76561199029160689,0,0.9630886316299438,0,0.9645610584853282
76561199056650594,0,0.13172638416290283,0,0.9645610584853282
76561198049012235,0,0.27769723534584045,0,0.9645610584853282
76561198026483338,0,0.5135402083396912,0,0.9645610584853282
76561197981385918,0,0.06958921998739243,0,0.9645610584853282
76561199493903694,0,0.35247090458869934,0,0.9645610584853282
76561197983742322,0,0.33112049102783203,0,0.9645610584853282
76561198028539269,0,0.1725895255804062,0,0.9645610584853282
76561199218670276,1,0.971796452999115,0,0.9645610584853282
76561198176479486,1,0.9907066226005554,0,0.9645610584853282
76561198147539715,0,0.11376336961984634,0,0.9645610584853282
76561199029377632,0,0.1355314701795578,0,0.9645610584853282
76561198105055298,0,0.7011286616325378,0,0.9645610584853282
76561198049421031,0,0.017984146252274513,0,0.9645610584853282
76561197964127098,0,0.07966314256191254,0,0.9645610584853282
76561198038516998,0,0.061950817704200745,0,0.9645610584853282
76561199099955700,0,0.011354587972164154,0,0.9645610584853282
76561198113704877,0,0.3844398558139801,0,0.9645610584853282
76561199062833882,0,0.8846099972724915,0,0.9645610584853282
76561198028433235,0,0.09471849352121353,0,0.9645610584853282
76561199507584421,0,0.2198290228843689,0,0.9645610584853282
76561198252820808,0,0.06782902032136917,0,0.9645610584853282
76561198809770336,0,0.1931631714105606,0,0.9645610584853282
76561198392123087,1,0.97678542137146,0,0.9645610584853282
76561199004118620,0,0.7699858546257019,0,0.9645610584853282
76561198193191999,0,0.5524009466171265,0,0.9645610584853282
76561198329018308,0,0.5333006381988525,0,0.9645610584853282
76561198396866865,0,0.08317659795284271,0,0.9645610584853282
76561198064714931,0,0.11595889180898666,0,0.9645610584853282
76561198118890837,0,0.9502272605895996,0,0.9645610584853282
76561199508279213,0,0.4150080978870392,0,0.9645610584853282
76561198081937475,0,0.30512237548828125,0,0.9645610584853282
76561198969251007,0,0.024472815915942192,0,0.9645610584853282
76561198121065179,0,0.27784547209739685,0,0.9645610584853282
76561198045251197,0,0.3068665862083435,0,0.9645610584853282
76561198156566485,0,0.042489346116781235,0,0.9645610584853282
76561198256898561,0,0.02328023500740528,0,0.9645610584853282
76561199091300223,0,0.9776759147644043,0,0.9645610584853282
76561198163481987,0,0.08308009058237076,0,0.9645610584853282
76561198244505698,0,0.04441627115011215,0,0.9645610584853282
76561198149661449,0,0.17371566593647003,0,0.9645610584853282
76561198056493293,0,0.03740662708878517,0,0.9645610584853282
76561198928892699,0,0.40353062748908997,0,0.9645610584853282
76561199071065099,0,0.009168916381895542,0,0.9645610584853282
76561198248070960,0,0.022897714748978615,0,0.9645610584853282
76561198119498759,0,0.2725096046924591,0,0.9645610584853282
76561198146771667,1,0.9893707036972046,0,0.9645610584853282
76561198838752636,0,0.01785564422607422,0,0.9645610584853282
76561198981908514,0,0.042387742549180984,0,0.9645610584853282
76561198093306399,0,0.10324601829051971,0,0.9645610584853282
76561199209898940,0,0.019003044813871384,0,0.9645610584853282
76561198932174528,0,0.49354568123817444,0,0.9645610584853282
76561198102634145,0,0.051060594618320465,0,0.9645610584853282
76561198428560969,0,0.4087526798248291,0,0.9645610584853282
76561198881627611,0,0.5259494781494141,0,0.9645610584853282
76561198057067420,0,0.06383509188890457,0,0.9645610584853282
76561198176049634,0,0.0306682325899601,0,0.9645610584853282
76561199151746940,0,0.06408293545246124,0,0.9645610584853282
76561199536209840,0,0.18148282170295715,0,0.9645610584853282
76561199615074514,0,0.8713207840919495,0,0.9645610584853282
76561198052982029,0,0.1395147740840912,0,0.9645610584853282
76561198061319185,0,0.015490524470806122,0,0.9645610584853282
76561199144157739,0,0.04641132801771164,0,0.9645610584853282
76561199483916150,0,0.024480143561959267,0,0.9645610584853282
76561198260343239,0,0.5030918121337891,0,0.9645610584853282
76561198070843630,0,0.5391601920127869,0,0.9645610584853282
76561199187444535,0,0.010668533854186535,0,0.9645610584853282
76561198027864701,0,0.3946995735168457,0,0.9645610584853282
76561199110757130,0,0.0718342587351799,0,0.9645610584853282
76561198042714994,0,0.03884653374552727,0,0.9645610584853282
76561198052705777,0,0.6266695857048035,0,0.9645610584853282
76561197967918917,0,0.02717783860862255,0,0.9645610584853282
76561198124563248,0,0.6252395510673523,0,0.9645610584853282
76561198983693858,0,0.010668533854186535,0,0.9645610584853282
76561198085483022,1,0.9747959971427917,0,0.9645610584853282
76561199202358070,0,0.336420476436615,0,0.9645610584853282
76561198014079523,0,0.11922335624694824,0,0.9645610584853282
76561198974045022,0,0.05531137064099312,0,0.9645610584853282
76561199080337645,0,0.008390952832996845,0,0.9645610584853282
76561198001336531,0,0.08882680535316467,0,0.9645610584853282
76561198978793675,0,0.08038203418254852,0,0.9645610584853282
76561198299055303,0,0.01594606041908264,0,0.9645610584853282
76561199079612911,0,0.3199293911457062,0,0.9645610584853282
76561199098801083,0,0.6661462783813477,0,0.9645610584853282
76561198009834858,0,0.010999909602105618,0,0.9645610584853282
76561198167757753,0,0.23179984092712402,0,0.9645610584853282
76561198124774824,0,0.4241584241390228,0,0.9645610584853282
76561199542497909,0,0.1760326325893402,0,0.9645610584853282
76561198842106673,0,0.7106302976608276,0,0.9645610584853282
76561197964461102,0,0.6904680132865906,0,0.9645610584853282
76561197968222108,0,0.13987529277801514,0,0.9645610584853282
76561199571175839,0,0.037268951535224915,0,0.9645610584853282
76561198376500861,0,0.05941350385546684,0,0.9645610584853282
76561198028276049,0,0.026930909603834152,0,0.9645610584853282
76561197994608059,0,0.012441209517419338,0,0.9645610584853282
76561198834307980,0,0.877079427242279,0,0.9645610584853282
76561199550396146,0,0.03177002817392349,0,0.9645610584853282
76561198015060025,0,0.4430905878543854,0,0.9645610584853282
76561198449886267,0,0.1363929808139801,0,0.9645610584853282
76561198154952808,0,0.051428794860839844,0,0.9645610584853282
76561198260931193,0,0.07494460791349411,0,0.9645610584853282
76561198103635002,1,0.9717845916748047,0,0.9645610584853282
76561198882365372,0,0.012436904013156891,0,0.9645610584853282
76561198063483534,0,0.9859195947647095,0,0.9645610584853282
76561198015623604,1,0.9887883067131042,0,0.9645610584853282
76561198028209589,0,0.6219137907028198,0,0.9645610584853282
76561198107043451,0,0.022978900000452995,0,0.9645610584853282
76561199382744228,0,0.2282801866531372,0,0.9645610584853282
76561198390126413,0,0.03351914882659912,0,0.9645610584853282
76561198263327214,0,0.037844736129045486,0,0.9645610584853282
76561198031230889,0,0.04342803731560707,0,0.9645610584853282
76561199028304751,0,0.025601468980312347,0,0.9645610584853282
76561197980776920,0,0.017868436872959137,0,0.9645610584853282
76561199028014931,0,0.07089550048112869,0,0.9645610584853282
76561199046873684,0,0.18606188893318176,0,0.9645610584853282
76561198020323491,0,0.010762191377580166,0,0.9645610584853282
76561198315430461,0,0.059027764946222305,0,0.9645610584853282
76561198252432248,1,0.9770111441612244,0,0.9645610584853282
76561198123850860,0,0.11580871045589447,0,0.9645610584853282
76561197969930698,0,0.16890299320220947,0,0.9645610584853282
76561198963522374,0,0.015930211171507835,0,0.9645610584853282
76561197994773516,0,0.10726623982191086,0,0.9645610584853282
76561197995769815,0,0.07716722786426544,0,0.9645610584853282
76561199041989734,0,0.377331405878067,0,0.9645610584853282
76561198238033972,0,0.05455063655972481,0,0.9645610584853282
76561199419614512,0,0.638660192489624,0,0.9645610584853282
76561198289794721,0,0.06787719577550888,0,0.9645610584853282
76561199119218968,0,0.09612611681222916,0,0.9645610584853282
76561199123961621,0,0.4339795708656311,0,0.9645610584853282
76561199393839284,0,0.07884487509727478,0,0.9645610584853282
76561198375583875,0,0.10716748982667923,0,0.9645610584853282
76561198070147788,0,0.1606656014919281,0,0.9645610584853282
76561198262518365,0,0.010668533854186535,0,0.9645610584853282
76561198076521087,0,0.051428794860839844,0,0.9645610584853282
76561198982075031,1,0.9892317652702332,0,0.9645610584853282
76561198947362342,0,0.112786203622818,0,0.9645610584853282
76561199482964568,0,0.3192882835865021,0,0.9645610584853282
76561199588549024,1,0.9772221446037292,0,0.9645610584853282
76561198305624079,0,0.28029608726501465,0,0.9645610584853282
76561197993862945,0,0.04577087610960007,0,0.9645610584853282
76561198401221086,0,0.226994127035141,0,0.9645610584853282
76561198395334579,0,0.05068819969892502,0,0.9645610584853282
76561197989110009,0,0.04977478086948395,0,0.9645610584853282
76561198400659921,0,0.12300481647253036,0,0.9645610584853282
76561198044617445,0,0.008956042118370533,0,0.9645610584853282
76561199433596247,0,0.05284862220287323,0,0.9645610584853282
76561199191961995,0,0.03149138018488884,0,0.9645610584853282
76561199063496315,0,0.36635008454322815,0,0.9645610584853282
76561199149777084,0,0.10670717805624008,0,0.9645610584853282
76561198086664038,0,0.08587765693664551,0,0.9645610584853282
76561198439599238,0,0.060284215956926346,0,0.9645610584853282
76561199008277083,0,0.010668533854186535,0,0.9645610584853282
76561198050911494,0,0.5830864310264587,0,0.9645610584853282
76561198131569835,0,0.017900705337524414,0,0.9645610584853282
76561197961937047,0,0.04322186857461929,0,0.9645610584853282
76561197984098262,0,0.07941301167011261,0,0.9645610584853282
76561199027683306,0,0.18346604704856873,0,0.9645610584853282
76561198041057782,0,0.015690268948674202,0,0.9645610584853282
76561198057705529,0,0.07151331007480621,0,0.9645610584853282
76561198312613822,0,0.016777032986283302,0,0.9645610584853282
76561198421735465,0,0.01572924666106701,0,0.9645610584853282
76561199671192950,0,0.5032579898834229,0,0.9645610584853282
76561198873231895,0,0.03473078832030296,0,0.9645610584853282
76561198153777931,0,0.0845041573047638,0,0.9645610584853282
76561199136272422,0,0.0122104212641716,0,0.9645610584853282
76561198141585327,0,0.11154531687498093,0,0.9645610584853282
76561198023214430,0,0.0223173126578331,0,0.9645610584853282
76561198032454846,0,0.012817206792533398,0,0.9645610584853282
76561199510030725,0,0.1711481511592865,0,0.9645610584853282
76561198032500431,0,0.14022646844387054,0,0.9645610584853282
76561198361694437,0,0.009208399802446365,0,0.9645610584853282
76561198077941742,0,0.3912930488586426,0,0.9645610584853282
76561198066711838,0,0.5847907066345215,0,0.9645610584853282
76561198023403788,0,0.37208616733551025,0,0.9645610584853282
76561198058343871,0,0.037344325333833694,0,0.9645610584853282
76561198044793120,0,0.8953603506088257,0,0.9645610584853282
76561199145537470,0,0.05677295848727226,0,0.9645610584853282
76561199483873918,0,0.01766144670546055,0,0.9645610584853282
76561198875761919,0,0.06638140976428986,0,0.9645610584853282
76561199409667782,0,0.6344240307807922,0,0.9645610584853282
76561199064855362,0,0.35247212648391724,0,0.9645610584853282
76561197963199793,0,0.31990742683410645,0,0.9645610584853282
76561199005381438,0,0.04518488794565201,0,0.9645610584853282
76561197960839117,0,0.1157652735710144,0,0.9645610584853282
76561198105682513,0,0.028201937675476074,0,0.9645610584853282
76561199311581555,0,0.09650515764951706,0,0.9645610584853282
76561197993026134,0,0.062345393002033234,0,0.9645610584853282
76561197988977449,0,0.2513742446899414,0,0.9645610584853282
76561198057680569,0,0.3298807144165039,0,0.9645610584853282
76561199207371916,0,0.9133428931236267,0,0.9645610584853282
76561198869448690,0,0.014201708137989044,0,0.9645610584853282
76561199496397739,0,0.02523420751094818,0,0.9645610584853282
76561199218261611,0,0.09319515526294708,0,0.9645610584853282
76561199175051779,0,0.1337696611881256,0,0.9645610584853282
76561198276215423,0,0.1576155573129654,0,0.9645610584853282
76561199069610431,0,0.3369578719139099,0,0.9645610584853282
76561198088527441,0,0.04102073609828949,0,0.9645610584853282
76561199187167638,0,0.14487195014953613,0,0.9645610584853282
76561197992682607,0,0.08383744955062866,0,0.9645610584853282
76561198040189268,0,0.14917513728141785,0,0.9645610584853282
76561198452937512,0,0.03275202959775925,0,0.9645610584853282
76561198368944950,0,0.49606049060821533,0,0.9645610584853282
76561198858672654,0,0.16335970163345337,0,0.9645610584853282
76561198289701498,0,0.016868194565176964,0,0.9645610584853282
76561198214885072,0,0.05202486366033554,0,0.9645610584853282
76561197970404448,0,0.8009251356124878,0,0.9645610584853282
76561197998040431,0,0.0928938239812851,0,0.9645610584853282
76561198078703734,0,0.05461040139198303,0,0.9645610584853282
76561198012299046,0,0.017810678109526634,0,0.9645610584853282
76561199190436493,0,0.0851004421710968,0,0.9645610584853282
76561199402951876,0,0.09150130301713943,0,0.9645610584853282
76561198083947261,0,0.20546260476112366,0,0.9645610584853282
76561197961481470,0,0.01886761002242565,0,0.9645610584853282
76561197982169905,0,0.8893210291862488,0,0.9645610584853282
76561198075808490,0,0.09192482382059097,0,0.9645610584853282
76561198125191455,0,0.018729206174612045,0,0.9645610584853282
76561198012549986,0,0.7912952303886414,0,0.9645610584853282
76561198145311576,0,0.04991602525115013,0,0.9645610584853282
76561198307951161,0,0.018355945125222206,0,0.9645610584853282
76561198976629362,0,0.042796213179826736,0,0.9645610584853282
76561198013017736,0,0.11072185635566711,0,0.9645610584853282
76561198262696870,0,0.3878540098667145,0,0.9645610584853282
76561198301065488,0,0.05888700485229492,0,0.9645610584853282
76561198202015525,0,0.04047177731990814,0,0.9645610584853282
76561198135142294,0,0.018021978437900543,0,0.9645610584853282
76561198318415191,0,0.03032919019460678,0,0.9645610584853282
76561199228477884,0,0.06879721581935883,0,0.9645610584853282
76561197992850864,1,0.9290215969085693,0,0.9645610584853282
76561198997527016,0,0.7408177256584167,0,0.9645610584853282
76561198393747109,0,0.2275705486536026,0,0.9645610584853282
76561198067560142,0,0.0600869283080101,0,0.9645610584853282
76561198113127763,0,0.18955814838409424,0,0.9645610584853282
76561198411346314,0,0.057242486625909805,0,0.9645610584853282
76561198062517682,0,0.8747912645339966,0,0.9645610584853282
76561198044610846,0,0.2371060848236084,0,0.9645610584853282
76561198042182885,0,0.6182053685188293,0,0.9645610584853282
76561199028075182,0,0.010675747878849506,0,0.9645610584853282
76561198357743800,0,0.04518488794565201,0,0.9645610584853282
76561197974277295,0,0.010972734540700912,0,0.9645610584853282
76561198138104206,0,0.18502222001552582,0,0.9645610584853282
76561199502212518,0,0.34133586287498474,0,0.9645610584853282
76561198155726498,1,0.9544757008552551,0,0.9645610584853282
76561198011165506,0,0.012123789638280869,0,0.9645610584853282
76561198930869478,0,0.1015034168958664,0,0.9645610584853282
76561198211668707,0,0.014909360557794571,0,0.9645610584853282
76561199468086762,0,0.02989920787513256,0,0.9645610584853282
76561198406777116,0,0.032839175313711166,0,0.9645610584853282
76561198041539752,0,0.9676674008369446,0,0.9645610584853282
76561198330128709,0,0.5457793474197388,0,0.9645610584853282
76561199387299125,0,0.010668533854186535,0,0.9645610584853282
76561198188111251,0,0.04585407301783562,0,0.9645610584853282
76561198043949955,0,0.012896286323666573,0,0.9645610584853282
76561199240332051,0,0.008668615482747555,0,0.9645610584853282
76561199013354092,0,0.025307999923825264,0,0.9645610584853282
76561199552588599,0,0.22966772317886353,0,0.9645610584853282
76561198018104941,0,0.022516852244734764,0,0.9645610584853282
76561199051575740,0,0.22971601784229279,0,0.9645610584853282
76561199116585876,0,0.14186449348926544,0,0.9645610584853282
76561198065816883,0,0.11320850253105164,0,0.9645610584853282
76561198805558884,0,0.9805944561958313,0,0.9645610584853282
76561197960821078,0,0.037658028304576874,0,0.9645610584853282
76561198414543728,0,0.01606740429997444,0,0.9645610584853282
76561199197996162,0,0.6375528573989868,0,0.9645610584853282
76561198157525987,1,0.9779600501060486,0,0.9645610584853282
76561198057533490,0,0.015984078869223595,0,0.9645610584853282
76561198968364787,0,0.012018895708024502,0,0.9645610584853282
76561199054390205,0,0.01730342023074627,0,0.9645610584853282
76561199024962606,0,0.21244727075099945,0,0.9645610584853282
76561199026637335,0,0.05585891380906105,0,0.9645610584853282
76561198137759651,0,0.012138282880187035,0,0.9645610584853282
76561198251708658,0,0.013562187552452087,0,0.9645610584853282
76561198073188176,0,0.9675673842430115,0,0.9645610584853282
76561198119658953,0,0.9287071824073792,0,0.9645610584853282
76561197971159785,0,0.017693467438220978,0,0.9645610584853282
76561198877237499,0,0.10613761097192764,0,0.9645610584853282
76561199114198363,0,0.875323474407196,0,0.9645610584853282
76561198025455552,0,0.28772950172424316,0,0.9645610584853282
76561198204209240,0,0.014201708137989044,0,0.9645610584853282
76561198053249851,0,0.06172303110361099,0,0.9645610584853282
76561198227052540,0,0.6637950539588928,0,0.9645610584853282
76561199007663821,0,0.8481670022010803,0,0.9645610584853282
76561198224693788,0,0.01668536849319935,0,0.9645610584853282
76561199231151725,1,0.9748149514198303,0,0.9645610584853282
76561199133285111,0,0.020057866349816322,0,0.9645610584853282
76561198359339141,0,0.467714786529541,0,0.9645610584853282
76561198449396324,0,0.05261959880590439,0,0.9645610584853282
76561199543619697,0,0.0248417966067791,0,0.9645610584853282
76561198847653300,0,0.4830947816371918,0,0.9645610584853282
76561198077188244,0,0.7463433146476746,0,0.9645610584853282
76561198133612661,0,0.18221469223499298,0,0.9645610584853282
76561199016242958,0,0.9840822219848633,0,0.9645610584853282
76561199121833922,0,0.4562767744064331,0,0.9645610584853282
76561198105179744,0,0.06799939274787903,0,0.9645610584853282
76561198280158965,0,0.016178619116544724,0,0.9645610584853282
76561198120881710,0,0.05844046175479889,0,0.9645610584853282
76561198189894107,0,0.027188964188098907,0,0.9645610584853282
76561198095764198,0,0.11100630462169647,0,0.9645610584853282
76561198092229676,0,0.9319477677345276,0,0.9645610584853282
76561198091821631,0,0.04092549905180931,0,0.9645610584853282
76561198427266630,0,0.36644771695137024,0,0.9645610584853282
76561197978763577,0,0.01295357383787632,0,0.9645610584853282
76561198114503650,0,0.029323264956474304,0,0.9645610584853282
76561198186178081,0,0.4822806119918823,0,0.9645610584853282
76561198300506796,0,0.09777721762657166,0,0.9645610584853282
76561199480058973,0,0.0771813690662384,0,0.9645610584853282
76561199495616473,0,0.7980570793151855,0,0.9645610584853282
76561198043040037,0,0.18971045315265656,0,0.9645610584853282
76561198238467358,0,0.050912078469991684,0,0.9645610584853282
76561198289287483,0,0.03806207701563835,0,0.9645610584853282
76561198339608082,0,0.2921443283557892,0,0.9645610584853282
76561199541626854,0,0.016078392043709755,0,0.9645610584853282
76561197994331564,0,0.01594606041908264,0,0.9645610584853282
76561198109233211,1,0.9326606392860413,0,0.9645610584853282
76561198242932168,0,0.10013671964406967,0,0.9645610584853282
76561198383150053,0,0.02316446788609028,0,0.9645610584853282
76561198014884176,0,0.13191156089305878,0,0.9645610584853282
76561198243680450,0,0.13894231617450714,0,0.9645610584853282
76561199188540434,0,0.06787719577550888,0,0.9645610584853282
76561199485636305,0,0.016465796157717705,0,0.9645610584853282
76561198064312986,0,0.026517560705542564,0,0.9645610584853282
76561199099590894,0,0.01122146937996149,0,0.9645610584853282
76561199260758742,0,0.05713776871562004,0,0.9645610584853282
76561198204149585,0,0.26027289032936096,0,0.9645610584853282
76561199380654042,0,0.13898223638534546,0,0.9645610584853282
76561198399660635,0,0.07743730396032333,0,0.9645610584853282
76561198017828078,0,0.057368382811546326,0,0.9645610584853282
76561197983664451,0,0.2718161642551422,0,0.9645610584853282
76561198044825057,0,0.10422490537166595,0,0.9645610584853282
76561198080117755,0,0.05261464789509773,0,0.9645610584853282
76561198151702803,0,0.009874165989458561,0,0.9645610584853282
76561198874959570,0,0.5344920754432678,0,0.9645610584853282
76561199132051571,0,0.03823287785053253,0,0.9645610584853282
76561198017842953,0,0.008107009343802929,0,0.9645610584853282
76561199447076781,0,0.03872380405664444,0,0.9645610584853282
76561198039835748,0,0.21328143775463104,0,0.9645610584853282
76561198064653155,0,0.008981199935078621,0,0.9645610584853282
76561198800083754,0,0.0533059798181057,0,0.9645610584853282
76561199134011688,0,0.23858760297298431,0,0.9645610584853282
76561198136412040,0,0.40473562479019165,0,0.9645610584853282
76561199678215279,0,0.006840802729129791,0,0.9645610584853282
76561198413772855,0,0.16436688601970673,0,0.9645610584853282
76561198079021510,0,0.8122297525405884,0,0.9645610584853282
76561198902364640,0,0.09950616210699081,0,0.9645610584853282
76561199061825228,0,0.06539513170719147,0,0.9645610584853282
76561199085944597,0,0.0599624365568161,0,0.9645610584853282
76561198833742882,0,0.03929289057850838,0,0.9645610584853282
76561198804658588,0,0.6205431818962097,0,0.9645610584853282
76561199135602552,0,0.9727885723114014,0,0.9645610584853282
76561198411143605,0,0.019188981503248215,0,0.9645610584853282
76561198053350536,0,0.012857573106884956,0,0.9645610584853282
76561198333659668,0,0.010737936943769455,0,0.9645610584853282
76561198061194561,0,0.023667247965931892,0,0.9645610584853282
76561197997716293,0,0.05041815713047981,0,0.9645610584853282
76561198047365933,0,0.027125393971800804,0,0.9645610584853282
76561198059125205,0,0.08421869575977325,0,0.9645610584853282
76561198979389145,0,0.03639315813779831,0,0.9645610584853282
76561198121901901,0,0.0588570162653923,0,0.9645610584853282
76561199241221452,0,0.03741823136806488,0,0.9645610584853282
76561199436024773,0,0.018129557371139526,0,0.9645610584853282
76561199250160295,0,0.014201708137989044,0,0.9645610584853282
76561199076434797,0,0.015376860275864601,0,0.9645610584853282
76561198075871448,0,0.06225728243589401,0,0.9645610584853282
76561199227772430,0,0.19455869495868683,0,0.9645610584853282
76561198070897508,0,0.07289379835128784,0,0.9645610584853282
76561199019144102,0,0.041736751794815063,0,0.9645610584853282
76561198193657983,0,0.051428794860839844,0,0.9645610584853282
76561198951886887,0,0.0692007765173912,0,0.9645610584853282
76561198060905368,0,0.03592138737440109,0,0.9645610584853282
76561198363181987,0,0.6438401937484741,0,0.9645610584853282
76561197985127477,0,0.6402899026870728,0,0.9645610584853282
76561198976123439,0,0.886169970035553,0,0.9645610584853282
76561198044930010,0,0.5142335891723633,0,0.9645610584853282
76561199098505628,0,0.11182615160942078,0,0.9645610584853282
76561198034359894,0,0.2600930333137512,0,0.9645610584853282
76561199385595234,0,0.2431054562330246,0,0.9645610584853282
76561198121266483,0,0.20173197984695435,0,0.9645610584853282
76561198392524669,0,0.009892597794532776,0,0.9645610584853282
76561199416910318,0,0.12948793172836304,0,0.9645610584853282
76561198170602950,0,0.0510665625333786,0,0.9645610584853282
76561198075920587,0,0.5968002080917358,0,0.9645610584853282
76561198852050348,0,0.08958420157432556,0,0.9645610584853282
76561198157142217,0,0.013022120110690594,0,0.9645610584853282
76561198003895514,0,0.41113802790641785,0,0.9645610584853282
76561198051796958,0,0.4145032465457916,0,0.9645610584853282
76561198018411201,0,0.7603271007537842,0,0.9645610584853282
76561198108565234,0,0.4236956536769867,0,0.9645610584853282
76561198095510557,0,0.014225306920707226,0,0.9645610584853282
76561198141773450,0,0.8204514980316162,0,0.9645610584853282
76561199208218301,0,0.9842840433120728,0,0.9645610584853282
76561198171516626,0,0.3129408657550812,0,0.9645610584853282
76561198093929123,0,0.03953363746404648,0,0.9645610584853282
76561199078653976,0,0.021178113296628,0,0.9645610584853282
76561199042085757,0,0.016515763476490974,0,0.9645610584853282
76561197989252679,0,0.3152697682380676,0,0.9645610584853282
76561198798689897,0,0.06109920144081116,0,0.9645610584853282
76561198359359818,0,0.19665861129760742,0,0.9645610584853282
76561198017843633,0,0.42764103412628174,0,0.9645610584853282
76561198043073813,0,0.3230561316013336,0,0.9645610584853282
76561199479649904,0,0.5109584927558899,0,0.9645610584853282
76561199589260085,0,0.1559750735759735,0,0.9645610584853282
76561199380280020,0,0.5931581258773804,0,0.9645610584853282
76561199229724671,0,0.3272485136985779,0,0.9645610584853282
76561199072929351,0,0.2549968659877777,0,0.9645610584853282
76561199089946511,0,0.47630223631858826,0,0.9645610584853282
76561198018029581,0,0.9833163619041443,0,0.9645610584853282
76561198103028331,0,0.03250224143266678,0,0.9645610584853282
76561199448616323,0,0.008633401244878769,0,0.9645610584853282
76561198880941393,1,0.9907280206680298,0,0.9645610584853282
76561198158361851,0,0.2377394437789917,0,0.9645610584853282
76561198842399864,0,0.2217659205198288,0,0.9645610584853282
76561197970604046,0,0.2715357542037964,0,0.9645610584853282
76561199132280204,0,0.05440935119986534,0,0.9645610584853282
76561197969660344,0,0.08454381674528122,0,0.9645610584853282
76561198036369545,0,0.1444006860256195,0,0.9645610584853282
76561198011680352,0,0.38017508387565613,0,0.9645610584853282
76561198211703404,0,0.015074830502271652,0,0.9645610584853282
76561198434132417,0,0.7050602436065674,0,0.9645610584853282
76561198285137901,0,0.015120996162295341,0,0.9645610584853282
76561198073848686,0,0.029375510290265083,0,0.9645610584853282
76561198985580538,0,0.03258412331342697,0,0.9645610584853282
76561198100522013,0,0.9828548431396484,0,0.9645610584853282
76561198027938177,0,0.009501379914581776,0,0.9645610584853282
76561199570996200,0,0.06974896788597107,0,0.9645610584853282
76561199225845220,0,0.1259959489107132,0,0.9645610584853282
76561199181742261,1,0.2087545543909073,0,0.9645610584853282
76561198143848407,0,0.28802165389060974,0,0.9645610584853282
76561199160999132,0,0.5124711990356445,0,0.9645610584853282
76561198093107821,0,0.2557261884212494,0,0.9645610584853282
76561198064071686,0,0.20467261970043182,0,0.9645610584853282
76561197968415117,0,0.008323466405272484,0,0.9645610584853282
76561199090317330,0,0.07252595573663712,0,0.9645610584853282
76561199281459923,0,0.04056159406900406,0,0.9645610584853282
76561198024963675,0,0.2567611038684845,0,0.9645610584853282
76561197982908143,0,0.4900355935096741,0,0.9645610584853282
76561199187711035,0,0.01421237364411354,0,0.9645610584853282
76561198025791020,0,0.2699972689151764,0,0.9645610584853282
76561199128675687,0,0.01630416139960289,0,0.9645610584853282
76561198427956720,0,0.02641655132174492,0,0.9645610584853282
76561198335375365,0,0.010340520180761814,0,0.9645610584853282
76561199080447990,0,0.3575364053249359,0,0.9645610584853282
76561197973992846,0,0.01594606041908264,0,0.9645610584853282
76561198042456477,0,0.01882079243659973,0,0.9645610584853282
76561198118310753,0,0.01594606041908264,0,0.9645610584853282
76561198813556794,0,0.06369788199663162,0,0.9645610584853282
76561198272952443,0,0.03251291811466217,0,0.9645610584853282
76561198021052583,0,0.016701726242899895,0,0.9645610584853282
76561198084199093,0,0.01824057102203369,0,0.9645610584853282
76561198025302381,0,0.035206034779548645,0,0.9645610584853282
76561199483014288,0,0.10091885179281235,0,0.9645610584853282
76561198139771097,0,0.23315750062465668,0,0.9645610584853282
76561198007629424,0,0.23475351929664612,0,0.9645610584853282
76561199551230066,0,0.5971841812133789,0,0.9645610584853282
76561198117376791,0,0.8134493827819824,0,0.9645610584853282
76561197992514055,0,0.10744566470384598,0,0.9645610584853282
76561198834320606,0,0.1461097002029419,0,0.9645610584853282
76561199744870102,0,0.014201708137989044,0,0.9645610584853282
76561199385434816,0,0.025719523429870605,0,0.9645610584853282
76561199154561041,0,0.9315479397773743,0,0.9645610584853282
76561198117223950,0,0.0391230583190918,0,0.9645610584853282
76561199014000204,0,0.5037796497344971,0,0.9645610584853282
76561198403929257,0,0.014611359685659409,0,0.9645610584853282
76561198081694061,0,0.05268300324678421,0,0.9645610584853282
76561198078188251,0,0.8405548334121704,0,0.9645610584853282
76561198057174123,0,0.09769568592309952,0,0.9645610584853282
76561199190867100,0,0.0361313633620739,0,0.9645610584853282
76561199380754684,0,0.10653206706047058,0,0.9645610584853282
76561199190372737,0,0.3022978901863098,0,0.9645610584853282
76561198359657295,0,0.5449407696723938,0,0.9645610584853282
76561198191527861,0,0.020428627729415894,0,0.9645610584853282
76561198303867132,0,0.2872670888900757,0,0.9645610584853282
76561198085632523,0,0.485513299703598,0,0.9645610584853282
76561198007205843,0,0.34115082025527954,0,0.9645610584853282
76561198108819641,0,0.519599437713623,0,0.9645610584853282
76561199416147602,0,0.44904282689094543,0,0.9645610584853282
76561199466534586,0,0.06290463358163834,0,0.9645610584853282
76561198332727172,0,0.051428794860839844,0,0.9645610584853282
76561198086011198,0,0.041648320853710175,0,0.9645610584853282
76561198116128125,0,0.288776695728302,0,0.9645610584853282
76561198002453014,0,0.4945988059043884,0,0.9645610584853282
76561198398123546,0,0.2885514199733734,0,0.9645610584853282
76561198079968457,0,0.07097657769918442,0,0.9645610584853282
76561198074746175,0,0.09012238681316376,0,0.9645610584853282
76561199019845971,0,0.049058686941862106,0,0.9645610584853282
76561198268736672,0,0.15047800540924072,0,0.9645610584853282
76561198218509719,0,0.7791876196861267,0,0.9645610584853282
76561198043567222,0,0.25279590487480164,0,0.9645610584853282
76561198965057446,0,0.5953647494316101,0,0.9645610584853282
76561199483805980,0,0.2703177034854889,0,0.9645610584853282
76561198384756204,0,0.02060820907354355,0,0.9645610584853282
76561199357732617,0,0.9735779166221619,0,0.9645610584853282
76561198424609097,0,0.9387344717979431,0,0.9645610584853282
76561198063646675,0,0.01568552851676941,0,0.9645610584853282
76561197994163237,0,0.12350006401538849,0,0.9645610584853282
76561198859142953,0,0.01616331934928894,0,0.9645610584853282
76561198798597357,0,0.01566288433969021,0,0.9645610584853282
76561199215681761,0,0.03451082855463028,0,0.9645610584853282
76561199019642919,1,0.9853777885437012,0,0.9645610584853282
76561198040874212,0,0.010668533854186535,0,0.9645610584853282
76561199015473532,0,0.3687605857849121,0,0.9645610584853282
76561199087163264,0,0.026517560705542564,0,0.9645610584853282
76561198018242530,0,0.043844714760780334,0,0.9645610584853282
76561198273092970,0,0.25615739822387695,0,0.9645610584853282
76561198373902223,0,0.02394377440214157,0,0.9645610584853282
76561199083864279,1,0.8112033009529114,0,0.9645610584853282
76561199054959650,1,0.9815672039985657,0,0.9645610584853282
76561198829286109,0,0.27114051580429077,0,0.9645610584853282
76561198973808234,0,0.09861075133085251,0,0.9645610584853282
76561198353749979,0,0.22188960015773773,0,0.9645610584853282
76561198042994473,0,0.1918105036020279,0,0.9645610584853282
76561198039150278,0,0.5730365514755249,0,0.9645610584853282
76561198018360268,0,0.28222623467445374,0,0.9645610584853282
76561198184481179,0,0.10410353541374207,0,0.9645610584853282
76561198298923584,0,0.8755820989608765,0,0.9645610584853282
76561199096906154,0,0.03261474147439003,0,0.9645610584853282
76561199100817540,0,0.11745434999465942,0,0.9645610584853282
76561198865896796,0,0.06303737312555313,0,0.9645610584853282
76561198088345009,0,0.03561205044388771,0,0.9645610584853282
76561198822568364,0,0.17301706969738007,0,0.9645610584853282
76561198796473256,0,0.9737052321434021,0,0.9645610584853282
76561198198561935,0,0.05556127801537514,0,0.9645610584853282
76561198062773946,0,0.061040326952934265,0,0.9645610584853282
76561198159743882,0,0.7504492998123169,0,0.9645610584853282
76561198147198257,0,0.012909944169223309,0,0.9645610584853282
76561198366132327,0,0.3474591374397278,0,0.9645610584853282
76561198000571154,0,0.09674523770809174,0,0.9645610584853282
76561198122440926,0,0.04243110120296478,0,0.9645610584853282
76561198052421779,0,0.06915974617004395,0,0.9645610584853282
76561198203283928,0,0.02641780488193035,0,0.9645610584853282
76561198059036186,0,0.2676098644733429,0,0.9645610584853282
76561199243106596,0,0.15266649425029755,0,0.9645610584853282
76561198308782871,0,0.06744765490293503,0,0.9645610584853282
76561199194006068,0,0.6518325805664062,0,0.9645610584853282
76561198055501160,0,0.030415842309594154,0,0.9645610584853282
76561198183706077,0,0.020540814846754074,0,0.9645610584853282
76561197987265670,0,0.011255307123064995,0,0.9645610584853282
76561198799197620,0,0.03485569730401039,0,0.9645610584853282
76561198241259082,0,0.10952198505401611,0,0.9645610584853282
76561198006769525,0,0.009288066066801548,0,0.9645610584853282
76561197971697653,0,0.04939427226781845,0,0.9645610584853282
76561197997837266,0,0.04878521338105202,0,0.9645610584853282
76561198928723324,0,0.036439113318920135,0,0.9645610584853282
76561199184448489,0,0.02156747505068779,0,0.9645610584853282
76561198916615522,0,0.02033752202987671,0,0.9645610584853282
76561198042405857,0,0.012914649210870266,0,0.9645610584853282
76561198239329468,0,0.06537028402090073,0,0.9645610584853282
76561199243545874,0,0.7122190594673157,0,0.9645610584853282
76561199577949627,0,0.0326746329665184,0,0.9645610584853282
76561198154194172,0,0.017189592123031616,0,0.9645610584853282
76561198295996260,0,0.8862552642822266,0,0.9645610584853282
76561198318078161,0,0.10158996284008026,0,0.9645610584853282
76561198220534307,0,0.38394302129745483,0,0.9645610584853282
76561198154748882,0,0.018236367031931877,0,0.9645610584853282
76561199537667777,0,0.7366878390312195,0,0.9645610584853282
76561199091015270,0,0.04366922378540039,0,0.9645610584853282
76561198330622707,0,0.015677183866500854,0,0.9645610584853282
76561199525814613,0,0.045243002474308014,0,0.9645610584853282
76561198271911455,0,0.019258813932538033,0,0.9645610584853282
76561197971941379,0,0.019817227497696877,0,0.9645610584853282
76561198436025593,0,0.08756782114505768,0,0.9645610584853282
76561198157517003,0,0.05417702719569206,0,0.9645610584853282
76561198134768302,0,0.14203201234340668,0,0.9645610584853282
76561198017035340,0,0.18419264256954193,0,0.9645610584853282
76561198037616151,0,0.17162977159023285,0,0.9645610584853282
76561198380677421,1,0.9674311280250549,0,0.9645610584853282
76561198204509463,0,0.37299805879592896,0,0.9645610584853282
76561198134024153,0,0.9029495120048523,0,0.9645610584853282
76561198088624913,0,0.05931219831109047,0,0.9645610584853282
76561198164832809,0,0.49368786811828613,0,0.9645610584853282
76561198061630266,0,0.09903857856988907,0,0.9645610584853282
76561198025989737,0,0.032319169491529465,0,0.9645610584853282
76561198293905256,0,0.12894630432128906,0,0.9645610584853282
76561199143674527,0,0.20977576076984406,0,0.9645610584853282
76561198071080643,0,0.4900248646736145,0,0.9645610584853282
76561198242534442,0,0.8053399920463562,0,0.9645610584853282
76561199127495243,0,0.020971160382032394,0,0.9645610584853282
76561198325391809,0,0.11404889822006226,0,0.9645610584853282
76561198062443975,0,0.3770905137062073,0,0.9645610584853282
76561198079388903,0,0.03286087140440941,0,0.9645610584853282
76561198082433869,0,0.28714311122894287,0,0.9645610584853282
76561198216241839,1,0.9188162088394165,0,0.9645610584853282
76561198054529488,0,0.6827031970024109,0,0.9645610584853282
76561198443122739,0,0.46070587635040283,0,0.9645610584853282
76561199003556595,0,0.07864124327898026,0,0.9645610584853282
76561198080201934,0,0.014867035672068596,0,0.9645610584853282
76561199125856407,0,0.03154608607292175,0,0.9645610584853282
76561198215898945,0,0.08943428844213486,0,0.9645610584853282
76561198815296786,0,0.6355286240577698,0,0.9645610584853282
76561198205919211,0,0.3283653259277344,0,0.9645610584853282
76561198019771279,0,0.19688411056995392,0,0.9645610584853282
76561199283255521,0,0.015323367901146412,0,0.9645610584853282
76561198359811995,0,0.029000550508499146,0,0.9645610584853282
76561198867376078,0,0.3644670248031616,0,0.9645610584853282
76561199044969276,0,0.010668533854186535,0,0.9645610584853282
76561199050360943,0,0.029716739431023598,0,0.9645610584853282
76561197980037381,0,0.030149858444929123,0,0.9645610584853282
76561198205922272,0,0.141342893242836,0,0.9645610584853282
76561198363276459,0,0.035043418407440186,0,0.9645610584853282
76561198247110866,0,0.03894352912902832,0,0.9645610584853282
76561198139167819,0,0.033321600407361984,0,0.9645610584853282
76561199163706750,0,0.014627705328166485,0,0.9645610584853282
76561198259183237,0,0.05402484908699989,0,0.9645610584853282
76561199067506554,0,0.03526782616972923,0,0.9645610584853282
76561199513536073,0,0.04560762643814087,0,0.9645610584853282
76561198442752283,0,0.014201708137989044,0,0.9645610584853282
76561199229024818,0,0.015574032440781593,0,0.9645610584853282
76561198377342850,0,0.0242952611297369,0,0.9645610584853282
76561198345907360,0,0.055195629596710205,0,0.9645610584853282
76561198305860128,0,0.9853412508964539,0,0.9645610584853282
76561198371177883,0,0.1881444752216339,0,0.9645610584853282
76561199156200418,0,0.07827094197273254,0,0.9645610584853282
76561198884766726,0,0.12048345804214478,0,0.9645610584853282
76561199347211767,0,0.011478040367364883,0,0.9645610584853282
76561198025295057,0,0.21712689101696014,0,0.9645610584853282
76561199043012534,0,0.056206583976745605,0,0.9645610584853282
76561198030764652,0,0.2910540699958801,0,0.9645610584853282
76561198119613577,0,0.04474852234125137,0,0.9645610584853282
76561197979304268,0,0.031824495643377304,0,0.9645610584853282
76561198328083754,0,0.040482744574546814,0,0.9645610584853282
76561198007746435,0,0.04673822224140167,0,0.9645610584853282
76561199309782392,0,0.1652126908302307,0,0.9645610584853282
76561199007743147,0,0.032029345631599426,0,0.9645610584853282
76561199497948567,0,0.12693244218826294,0,0.9645610584853282
76561198088103355,1,0.6605792045593262,0,0.9645610584853282
76561199171142205,0,0.07117170095443726,0,0.9645610584853282
76561199175459868,0,0.02411196567118168,0,0.9645610584853282
76561198370040170,0,0.03979318588972092,0,0.9645610584853282
76561198085167853,0,0.16697627305984497,0,0.9645610584853282
76561198035162565,0,0.06881707161664963,0,0.9645610584853282
76561198966041173,0,0.11890492588281631,0,0.9645610584853282
76561199070997329,0,0.051428794860839844,0,0.9645610584853282
76561199058823795,0,0.3188866376876831,0,0.9645610584853282
76561197990331576,0,0.035531699657440186,0,0.9645610584853282
76561198383290241,0,0.07332048565149307,0,0.9645610584853282
76561198381797468,0,0.015706872567534447,0,0.9645610584853282
76561199062803618,0,0.04433556646108627,0,0.9645610584853282
76561198299410266,0,0.026517560705542564,0,0.9645610584853282
76561199191355992,0,0.022249754518270493,0,0.9645610584853282
76561198007482568,0,0.30412694811820984,0,0.9645610584853282
76561198155769126,0,0.03916028141975403,0,0.9645610584853282
76561198894873498,0,0.0318608433008194,0,0.9645610584853282
76561198317146938,0,0.069157674908638,0,0.9645610584853282
76561198278297044,0,0.14596565067768097,0,0.9645610584853282
76561198005260954,0,0.14519481360912323,0,0.9645610584853282
76561198929175038,0,0.8178032636642456,0,0.9645610584853282
76561198070045187,0,0.0232851542532444,0,0.9645610584853282
76561199010673678,0,0.01292246114462614,0,0.9645610584853282
76561198890575767,0,0.01702711172401905,0,0.9645610584853282
76561198997731369,0,0.0833902359008789,0,0.9645610584853282
76561199470717294,0,0.144014373421669,0,0.9645610584853282
76561198094118124,0,0.20406866073608398,0,0.9645610584853282
76561199051637102,0,0.016078392043709755,0,0.9645610584853282
76561198035892571,0,0.014201708137989044,0,0.9645610584853282
76561198038759225,1,0.9253839254379272,0,0.9645610584853282
76561198966525250,0,0.43634292483329773,0,0.9645610584853282
76561199073796801,0,0.3547649383544922,0,0.9645610584853282
76561198048303841,0,0.41390976309776306,0,0.9645610584853282
76561198180725333,0,0.07868998497724533,0,0.9645610584853282
76561199500592635,0,0.048654742538928986,0,0.9645610584853282
76561199178524062,0,0.7691962122917175,0,0.9645610584853282
76561199206437646,0,0.014201708137989044,0,0.9645610584853282
76561198092107852,0,0.3008382022380829,0,0.9645610584853282
76561199081059906,0,0.012764829210937023,0,0.9645610584853282
76561198000118162,0,0.1670474261045456,0,0.9645610584853282
76561199651203498,0,0.017836999148130417,0,0.9645610584853282
76561198150027531,0,0.3151622414588928,0,0.9645610584853282
76561198040722734,0,0.3181394040584564,0,0.9645610584853282
76561198161600197,0,0.3366754949092865,0,0.9645610584853282
76561198354822032,0,0.19883522391319275,0,0.9645610584853282
76561198300306219,0,0.014201708137989044,0,0.9645610584853282
76561198167007215,0,0.06475633382797241,0,0.9645610584853282
76561198143208561,0,0.02335546910762787,0,0.9645610584853282
76561198071327192,0,0.8312922716140747,0,0.9645610584853282
76561198985521219,0,0.043148867785930634,0,0.9645610584853282
76561198062038493,0,0.014201708137989044,0,0.9645610584853282
76561198028481189,0,0.016866138204932213,0,0.9645610584853282
76561198055674225,0,0.012859776616096497,0,0.9645610584853282
76561198084725463,0,0.2946069836616516,0,0.9645610584853282
76561197999521305,0,0.5910648703575134,0,0.9645610584853282
76561198402727703,0,0.38411781191825867,0,0.9645610584853282
76561198409400499,0,0.5362564325332642,0,0.9645610584853282
76561198806926756,0,0.0309509988874197,0,0.9645610584853282
76561199021266420,0,0.04298010468482971,0,0.9645610584853282
76561198880764099,0,0.19289685785770416,0,0.9645610584853282
76561197969307333,0,0.06964125484228134,0,0.9645610584853282
76561199027331737,0,0.017331089824438095,0,0.9645610584853282
76561198082924885,0,0.10151331126689911,0,0.9645610584853282
76561198081526627,0,0.06621053814888,0,0.9645610584853282
76561198179382898,0,0.02188090793788433,0,0.9645610584853282
76561198006948813,0,0.06739839166402817,0,0.9645610584853282
76561199574916018,0,0.015690268948674202,0,0.9645610584853282
76561198815144550,0,0.04157928004860878,0,0.9645610584853282
76561198858947528,0,0.9398362636566162,0,0.9645610584853282
76561199116991627,0,0.37542057037353516,0,0.9645610584853282
76561199048210005,0,0.26282641291618347,0,0.9645610584853282
76561199017214798,0,0.551075279712677,0,0.9645610584853282
76561198871956978,0,0.1646914929151535,0,0.9645610584853282
76561198303444875,0,0.4147295355796814,0,0.9645610584853282
76561199373707461,0,0.052220456302165985,0,0.9645610584853282
76561198870967819,0,0.06787719577550888,0,0.9645610584853282
76561199117438183,0,0.08870281279087067,0,0.9645610584853282
76561198050609829,0,0.8352130055427551,0,0.9645610584853282
76561198273955848,0,0.5098506212234497,0,0.9645610584853282
76561199239869455,0,0.02901373989880085,0,0.9645610584853282
76561198129344619,0,0.051428794860839844,0,0.9645610584853282
76561199143475905,0,0.10740834474563599,0,0.9645610584853282
76561198072126620,0,0.019368449226021767,0,0.9645610584853282
76561198093443850,0,0.09841857850551605,0,0.9645610584853282
76561198805346548,0,0.016515763476490974,0,0.9645610584853282
76561198880423882,0,0.1700456589460373,0,0.9645610584853282
76561199229301926,0,0.12650057673454285,0,0.9645610584853282
76561198083345492,0,0.015261737629771233,0,0.9645610584853282
76561198334622154,0,0.38813284039497375,0,0.9645610584853282
76561198101002434,0,0.03724396228790283,0,0.9645610584853282
76561199542678089,0,0.029648225754499435,0,0.9645610584853282
76561197991374296,0,0.2422894835472107,0,0.9645610584853282
76561198050856409,0,0.15231923758983612,0,0.9645610584853282
76561198102122389,0,0.29571452736854553,0,0.9645610584853282
76561198055377661,0,0.020786507055163383,0,0.9645610584853282
76561198042277124,0,0.2136768251657486,0,0.9645610584853282
76561199543800852,0,0.1977083384990692,0,0.9645610584853282
76561198082981790,0,0.02713838592171669,0,0.9645610584853282
76561198092799979,0,0.034834202378988266,0,0.9645610584853282
76561198199062697,0,0.015876570716500282,0,0.9645610584853282
76561198874387858,0,0.011216603219509125,0,0.9645610584853282
76561198986767818,0,0.13707002997398376,0,0.9645610584853282
76561198296691437,0,0.015323367901146412,0,0.9645610584853282
76561198943229875,0,0.15552353858947754,0,0.9645610584853282
76561198052649915,0,0.952003002166748,0,0.9645610584853282
76561199191024713,0,0.008751368150115013,0,0.9645610584853282
76561198403744451,0,0.028783319517970085,0,0.9645610584853282
76561198362931907,0,0.09646634757518768,0,0.9645610584853282
76561199544280380,0,0.04162275046110153,0,0.9645610584853282
76561198260115277,0,0.051428794860839844,0,0.9645610584853282
76561198071459914,0,0.07854213565587997,0,0.9645610584853282
76561198012157307,0,0.5292518734931946,0,0.9645610584853282
76561199550903787,0,0.010668533854186535,0,0.9645610584853282
76561199534291714,0,0.011519904248416424,0,0.9645610584853282
76561198031188145,0,0.020831989124417305,0,0.9645610584853282
76561198006690624,0,0.16444942355155945,0,0.9645610584853282
76561199225704519,0,0.07388471812009811,0,0.9645610584853282
76561199036072571,0,0.020361969247460365,0,0.9645610584853282
76561198112700105,0,0.01402369700372219,0,0.9645610584853282
76561198239081378,0,0.43356993794441223,0,0.9645610584853282
76561198027218280,0,0.2509746849536896,0,0.9645610584853282
76561197963300387,0,0.19241517782211304,0,0.9645610584853282
76561199013279166,0,0.033153340220451355,0,0.9645610584853282
76561198052208264,0,0.4376053810119629,0,0.9645610584853282
76561198846502266,0,0.41280680894851685,0,0.9645610584853282
76561199367059661,0,0.4533484876155853,0,0.9645610584853282
76561199384110888,0,0.24599973857402802,0,0.9645610584853282
76561198854402416,0,0.21074345707893372,0,0.9645610584853282
76561198102330111,0,0.06008649244904518,0,0.9645610584853282
76561199509116649,0,0.07330119609832764,0,0.9645610584853282
76561198975472257,0,0.2777549624443054,0,0.9645610584853282
76561198865266299,0,0.4996439218521118,0,0.9645610584853282
76561199062892632,0,0.21688814461231232,0,0.9645610584853282
76561199000843076,0,0.014272700063884258,0,0.9645610584853282
76561199043585787,0,0.20979677140712738,0,0.9645610584853282
76561197990093903,0,0.03649827465415001,0,0.9645610584853282
76561198353421241,0,0.04395410418510437,0,0.9645610584853282
76561198240700248,1,0.3389427661895752,0,0.9645610584853282
76561199033656707,0,0.4616031348705292,0,0.9645610584853282
76561198055702058,0,0.023950401693582535,0,0.9645610584853282
76561198163187939,0,0.08306509256362915,0,0.9645610584853282
76561198056785636,0,0.08664942532777786,0,0.9645610584853282
76561198061656573,0,0.019026845693588257,0,0.9645610584853282
76561198002473962,1,0.8965959548950195,0,0.9645610584853282
76561198313167217,0,0.048875123262405396,0,0.9645610584853282
76561198813873096,0,0.5022276639938354,0,0.9645610584853282
76561199175520594,0,0.22914457321166992,0,0.9645610584853282
76561198195091530,0,0.261739045381546,0,0.9645610584853282
76561199754217093,0,0.09017862379550934,0,0.9645610584853282
76561198330093908,0,0.06129392236471176,0,0.9645610584853282
76561198019529276,0,0.011597055941820145,0,0.9645610584853282
76561198163062908,0,0.42413976788520813,0,0.9645610584853282
76561199576666152,0,0.21899597346782684,0,0.9645610584853282
76561198496677734,0,0.13800981640815735,0,0.9645610584853282
76561199453779995,0,0.961974024772644,0,0.9645610584853282
76561199275215429,0,0.2394285649061203,0,0.9645610584853282
76561198446217636,0,0.03149138018488884,0,0.9645610584853282
76561198988056514,0,0.06541051715612411,0,0.9645610584853282
76561198243949766,0,0.1368088275194168,0,0.9645610584853282
76561198206206977,0,0.5338547229766846,0,0.9645610584853282
76561199078255872,0,0.17675679922103882,0,0.9645610584853282
76561198312886726,0,0.07026571035385132,0,0.9645610584853282
76561199192852032,0,0.18024146556854248,0,0.9645610584853282
76561198144414798,0,0.11060068756341934,0,0.9645610584853282
76561197967025668,0,0.016515763476490974,0,0.9645610584853282
76561198436736949,0,0.050876468420028687,0,0.9645610584853282
76561198147095060,0,0.05402484908699989,0,0.9645610584853282
76561198436144658,0,0.9555434584617615,0,0.9645610584853282
76561199134089775,0,0.01901722140610218,0,0.9645610584853282
76561198307214707,0,0.16807006299495697,0,0.9645610584853282
76561198394676000,1,0.9867620468139648,0,0.9645610584853282
76561199386585451,0,0.05339465290307999,0,0.9645610584853282
76561198065328254,0,0.09663138538599014,0,0.9645610584853282
76561198025192338,0,0.13493308424949646,0,0.9645610584853282
76561199582546262,0,0.017870493233203888,0,0.9645610584853282
76561198306436157,0,0.02159852348268032,0,0.9645610584853282
76561198071163658,0,0.4273298978805542,0,0.9645610584853282
76561198027568934,0,0.424015074968338,0,0.9645610584853282
76561199001178356,1,0.990641176700592,0,0.9645610584853282
76561198392817968,0,0.5538318753242493,0,0.9645610584853282
76561198875479124,1,0.9797341227531433,0,0.9645610584853282
76561199099554791,0,0.01281282864511013,0,0.9645610584853282
76561198092176524,0,0.11058143526315689,0,0.9645610584853282
76561198958920388,0,0.09796161949634552,0,0.9645610584853282
76561199189366378,0,0.018031839281320572,0,0.9645610584853282
76561198426332296,0,0.03149138018488884,0,0.9645610584853282
76561199201296819,0,0.016237789765000343,0,0.9645610584853282
76561199099044963,0,0.04854339361190796,0,0.9645610584853282
76561198207823439,0,0.21027544140815735,0,0.9645610584853282
76561198041122079,0,0.040573157370090485,0,0.9645610584853282
76561197991153354,0,0.03289235383272171,0,0.9645610584853282
76561198106677467,0,0.009155912324786186,0,0.9645610584853282
76561197995013358,0,0.10763165354728699,0,0.9645610584853282
76561198038409738,0,0.03741823136806488,0,0.9645610584853282
76561198151150060,0,0.10662862658500671,0,0.9645610584853282
76561199064327015,0,0.8748514652252197,0,0.9645610584853282
76561198871976503,0,0.44588807225227356,0,0.9645610584853282
76561199513406722,0,0.008337371051311493,0,0.9645610584853282
76561198858791492,0,0.5895736813545227,0,0.9645610584853282
76561199061397681,0,0.03636329993605614,0,0.9645610584853282
76561199240218012,0,0.04116242751479149,0,0.9645610584853282
76561198067582593,0,0.04909978061914444,0,0.9645610584853282
76561198795865932,0,0.02041441947221756,0,0.9645610584853282
76561198050882976,0,0.015586666762828827,0,0.9645610584853282
76561198241661678,1,0.9841672778129578,0,0.9645610584853282
76561199249688547,0,0.026517560705542564,0,0.9645610584853282
76561198008079104,0,0.009494233876466751,0,0.9645610584853282
76561199091219838,0,0.16761881113052368,0,0.9645610584853282
76561199185389861,0,0.013261140324175358,0,0.9645610584853282
76561198388791985,0,0.183305025100708,0,0.9645610584853282
76561198048667213,0,0.06141480430960655,0,0.9645610584853282
76561199240004590,0,0.06787719577550888,0,0.9645610584853282
76561198266871601,0,0.05402484908699989,0,0.9645610584853282
76561199564323171,0,0.033153340220451355,0,0.9645610584853282
76561198399147019,0,0.29453763365745544,0,0.9645610584853282
76561198394962827,0,0.0215289406478405,0,0.9645610584853282
76561199013377042,0,0.1628851294517517,0,0.9645610584853282
76561199499692744,0,0.016054362058639526,0,0.9645610584853282
76561198331141756,0,0.13798359036445618,0,0.9645610584853282
76561198040332503,0,0.054031554609537125,0,0.9645610584853282
76561197962853508,0,0.01314830593764782,0,0.9645610584853282
76561198078745574,0,0.48430436849594116,0,0.9645610584853282
76561198135695555,0,0.24053232371807098,0,0.9645610584853282
76561198079979600,0,0.49272945523262024,0,0.9645610584853282
76561199465581828,0,0.33429354429244995,0,0.9645610584853282
76561199119457770,0,0.22257135808467865,0,0.9645610584853282
76561199589988998,0,0.048116590827703476,0,0.9645610584853282
76561199406003709,0,0.3979134261608124,0,0.9645610584853282
76561199455803164,0,0.01774493418633938,0,0.9645610584853282
76561197995294020,0,0.09838829189538956,0,0.9645610584853282
76561199065442296,0,0.1533547341823578,0,0.9645610584853282
76561198123489033,0,0.12664858996868134,0,0.9645610584853282
76561198009003138,0,0.3397727310657501,0,0.9645610584853282
76561199455589590,0,0.18082839250564575,0,0.9645610584853282
76561197975729607,0,0.07482921332120895,0,0.9645610584853282
76561198058639518,0,0.5118602514266968,0,0.9645610584853282
76561197972124859,0,0.04517750069499016,0,0.9645610584853282
76561198357584638,0,0.025420304387807846,0,0.9645610584853282
76561199259187832,0,0.014201708137989044,0,0.9645610584853282
76561199087916280,1,0.9588411450386047,0,0.9645610584853282
76561198154780114,0,0.8313509821891785,0,0.9645610584853282
76561198988519742,1,0.9915062785148621,0,0.9645610584853282
76561198994766672,0,0.1665380597114563,0,0.9645610584853282
76561198817809807,0,0.8293181657791138,0,0.9645610584853282
76561199034589519,0,0.5553775429725647,0,0.9645610584853282
76561198168843664,0,0.05709991604089737,0,0.9645610584853282
76561199154782684,0,0.1677306890487671,0,0.9645610584853282
76561198085673588,0,0.2556271553039551,0,0.9645610584853282
76561198171669942,0,0.15473613142967224,0,0.9645610584853282
76561198372354728,1,0.8450766801834106,0,0.9645610584853282
76561199012328542,0,0.33847683668136597,0,0.9645610584853282
76561198375023294,0,0.05072145536541939,0,0.9645610584853282
76561198889108878,0,0.03429947793483734,0,0.9645610584853282
76561199019751986,0,0.05702383816242218,0,0.9645610584853282
76561198012885346,0,0.2709059715270996,0,0.9645610584853282
76561198036378113,0,0.009852884337306023,0,0.9645610584853282
76561199193994839,0,0.7451934218406677,0,0.9645610584853282
76561198101023398,0,0.5152746438980103,0,0.9645610584853282
76561198188811362,0,0.17290084064006805,0,0.9645610584853282
76561199097253341,0,0.12792617082595825,0,0.9645610584853282
76561198049898618,0,0.05979958549141884,0,0.9645610584853282
76561198300434123,0,0.009152218699455261,0,0.9645610584853282
76561197979967687,0,0.03539570793509483,0,0.9645610584853282
76561198831797381,0,0.015612590126693249,0,0.9645610584853282
76561198253195583,0,0.13244254887104034,0,0.9645610584853282
76561199445842328,0,0.02122441679239273,0,0.9645610584853282
76561199010267071,0,0.01901722140610218,0,0.9645610584853282
76561198211522417,0,0.09648587554693222,0,0.9645610584853282
76561198056246523,0,0.5504875183105469,0,0.9645610584853282
76561198987596948,0,0.1683090776205063,0,0.9645610584853282
76561199443971893,0,0.09015195816755295,0,0.9645610584853282
76561198015888061,0,0.032002389430999756,0,0.9645610584853282
76561198356954579,0,0.03348376229405403,0,0.9645610584853282
76561198020192486,0,0.03932216018438339,0,0.9645610584853282
76561198007272502,0,0.025288494303822517,0,0.9645610584853282
76561198061375551,0,0.1743907928466797,0,0.9645610584853282
76561198211903876,0,0.06877411901950836,0,0.9645610584853282
76561199801768520,0,0.03925492987036705,0,0.9645610584853282
76561198041040274,0,0.039865683764219284,0,0.9645610584853282
76561199062640200,0,0.41245949268341064,0,0.9645610584853282
76561198093256174,0,0.014700450003147125,0,0.9645610584853282
76561199060443010,0,0.18743926286697388,0,0.9645610584853282
76561199014340235,0,0.05840355157852173,0,0.9645610584853282
76561197998440051,0,0.01933748833835125,0,0.9645610584853282
76561198026186045,0,0.060548052191734314,0,0.9645610584853282
76561199245139581,0,0.05320308357477188,0,0.9645610584853282
76561198211480621,0,0.007945969700813293,0,0.9645610584853282
76561198825255651,0,0.023037362843751907,0,0.9645610584853282
76561198034278418,0,0.04670225456357002,0,0.9645610584853282
76561198170025237,0,0.05200494825839996,0,0.9645610584853282
76561198976067424,0,0.04239393398165703,0,0.9645610584853282
76561199131443052,0,0.024741098284721375,0,0.9645610584853282
76561199259592604,0,0.9748077988624573,0,0.9645610584853282
76561199097658429,0,0.015873700380325317,0,0.9645610584853282
76561198018248785,0,0.04311002790927887,0,0.9645610584853282
76561199038625929,0,0.028762491419911385,0,0.9645610584853282
76561198368531981,0,0.020120996981859207,0,0.9645610584853282
76561198031073709,0,0.0235153641551733,0,0.9645610584853282
76561198384117588,0,0.009685754776000977,0,0.9645610584853282
76561199227375055,0,0.014201708137989044,0,0.9645610584853282
76561199520899737,0,0.021286247298121452,0,0.9645610584853282
76561199466461004,0,0.024010270833969116,0,0.9645610584853282
76561198049360051,0,0.1438903957605362,0,0.9645610584853282
76561198016871300,0,0.10333166271448135,0,0.9645610584853282
76561199067002509,0,0.020341981202363968,0,0.9645610584853282
76561198043867433,0,0.05450640618801117,0,0.9645610584853282
76561198018790492,0,0.6897568106651306,0,0.9645610584853282
76561198080308758,0,0.1401214897632599,0,0.9645610584853282
76561198123887761,0,0.47676408290863037,0,0.9645610584853282
76561198079434565,0,0.6397654414176941,0,0.9645610584853282
76561198987260616,0,0.7690184712409973,0,0.9645610584853282
76561199300023711,0,0.14736881852149963,0,0.9645610584853282
76561198071312681,1,0.9824020266532898,0,0.9645610584853282
76561198837350227,0,0.409707635641098,0,0.9645610584853282
76561198103909607,0,0.028357254341244698,0,0.9645610584853282
76561198375677959,0,0.9350695610046387,0,0.9645610584853282
76561198799228699,0,0.00919102318584919,0,0.9645610584853282
76561198125180142,0,0.5998356342315674,0,0.9645610584853282
76561198069568598,0,0.37031492590904236,0,0.9645610584853282
76561198049051583,0,0.39683598279953003,0,0.9645610584853282
76561198997899178,0,0.01766144670546055,0,0.9645610584853282
76561199122027921,0,0.13835656642913818,0,0.9645610584853282
76561198156009283,0,0.350539892911911,0,0.9645610584853282
76561198889615477,0,0.35466670989990234,0,0.9645610584853282
76561199403244421,0,0.02954329364001751,0,0.9645610584853282
76561198078972445,1,0.9109106659889221,0,0.9645610584853282
76561198272137103,0,0.5414049029350281,0,0.9645610584853282
76561199128593205,0,0.08518139272928238,0,0.9645610584853282
76561199560629982,0,0.9761112332344055,0,0.9645610584853282
76561199122520497,0,0.07881857454776764,0,0.9645610584853282
76561198111486575,0,0.45192599296569824,0,0.9645610584853282
76561198015580579,0,0.08464901894330978,0,0.9645610584853282
76561198058407775,0,0.42476779222488403,0,0.9645610584853282
76561199103874080,0,0.8125104904174805,0,0.9645610584853282
76561198103633991,0,0.27391859889030457,0,0.9645610584853282
76561198989068939,0,0.015376860275864601,0,0.9645610584853282
76561199325143776,0,0.07312966138124466,0,0.9645610584853282
76561199651605697,0,0.15741358697414398,0,0.9645610584853282
76561199064660536,0,0.06157488375902176,0,0.9645610584853282
76561198121322656,0,0.4825199246406555,0,0.9645610584853282
76561198982220899,0,0.44990119338035583,0,0.9645610584853282
76561198183186978,0,0.34284308552742004,0,0.9645610584853282
76561198178501933,0,0.04533054679632187,0,0.9645610584853282
76561198984461362,0,0.03509015217423439,0,0.9645610584853282
76561199088032276,0,0.11376336961984634,0,0.9645610584853282
76561198149862666,0,0.00998839270323515,0,0.9645610584853282
76561198044101645,0,0.04923420771956444,0,0.9645610584853282
76561198232490208,0,0.009980800561606884,0,0.9645610584853282
76561198028152969,0,0.9078049659729004,0,0.9645610584853282
76561198023285172,0,0.02774014323949814,0,0.9645610584853282
76561198446022876,1,0.9780418276786804,0,0.9645610584853282
76561198049129591,0,0.02534175105392933,0,0.9645610584853282
76561198333595524,0,0.18171603977680206,0,0.9645610584853282
76561198145537498,0,0.014201708137989044,0,0.9645610584853282
76561198140867742,0,0.03492080047726631,0,0.9645610584853282
76561198351054032,0,0.10757198184728622,0,0.9645610584853282
76561198273981532,0,0.05480610206723213,0,0.9645610584853282
76561198121013820,0,0.22926601767539978,0,0.9645610584853282
76561198036397513,0,0.03737908974289894,0,0.9645610584853282
76561199127250284,0,0.01636599190533161,0,0.9645610584853282
76561198211146552,0,0.3052040636539459,0,0.9645610584853282
76561199256766954,0,0.02000613696873188,0,0.9645610584853282
76561198205522772,0,0.7428018450737,0,0.9645610584853282
76561198010416829,0,0.020852725952863693,0,0.9645610584853282
76561198940942877,0,0.03268119692802429,0,0.9645610584853282
76561198195361141,1,0.9863742589950562,0,0.9645610584853282
76561198821555776,0,0.05739901587367058,0,0.9645610584853282
76561198076464374,0,0.076849564909935,0,0.9645610584853282
76561198872993625,0,0.014201708137989044,0,0.9645610584853282
76561198098912628,0,0.09977120906114578,0,0.9645610584853282
76561198310615139,0,0.05556127801537514,0,0.9645610584853282
76561197963494950,0,0.03114554099738598,0,0.9645610584853282
76561198013941908,0,0.01777939312160015,0,0.9645610584853282
76561199244687506,0,0.02921033464372158,0,0.9645610584853282
76561198195759175,0,0.017079297453165054,0,0.9645610584853282
76561198886535841,0,0.015323367901146412,0,0.9645610584853282
76561199117537827,0,0.9909189939498901,0,0.9645610584853282
76561198361938776,0,0.04056677222251892,0,0.9645610584853282
76561199277682003,0,0.4937254786491394,0,0.9645610584853282
76561198960050168,0,0.02582724578678608,0,0.9645610584853282
76561198101453173,0,0.019929910078644753,0,0.9645610584853282
76561198321050394,0,0.9757161140441895,0,0.9645610584853282
76561198811495273,0,0.006727183703333139,0,0.9645610584853282
76561199378019688,0,0.08877930045127869,0,0.9645610584853282
76561198447122746,0,0.06664913147687912,0,0.9645610584853282
76561199090973794,1,0.9633637070655823,0,0.9645610584853282
76561198091119246,0,0.041602011770009995,0,0.9645610584853282
76561198350388564,0,0.03527674823999405,0,0.9645610584853282
76561199238206723,0,0.03811182826757431,0,0.9645610584853282
76561198011161969,0,0.014126138761639595,0,0.9645610584853282
76561198060038690,1,0.9917011857032776,0,0.9645610584853282
76561198417832198,0,0.052642613649368286,0,0.9645610584853282
76561198279990216,0,0.9031127691268921,0,0.9645610584853282
76561199203117023,0,0.014946223236620426,0,0.9645610584853282
76561199075765455,0,0.014201708137989044,0,0.9645610584853282
76561198343634164,0,0.3893001079559326,0,0.9645610584853282
76561199175761484,0,0.029812190681695938,0,0.9645610584853282
76561198035816748,0,0.01562332920730114,0,0.9645610584853282
76561198095901612,0,0.533337414264679,0,0.9645610584853282
76561198862525878,0,0.07355997711420059,0,0.9645610584853282
76561198018026081,0,0.010039621032774448,0,0.9645610584853282
76561199167192910,1,0.9893632531166077,0,0.9645610584853282
76561199511028447,0,0.33524489402770996,0,0.9645610584853282
76561198424618641,0,0.6453806757926941,0,0.9645610584853282
76561198077804168,0,0.17111077904701233,0,0.9645610584853282
76561199070413566,0,0.7408883571624756,0,0.9645610584853282
76561198857346666,0,0.031969379633665085,0,0.9645610584853282
76561198054901687,0,0.422964483499527,0,0.9645610584853282
76561198015198207,0,0.5063492655754089,0,0.9645610584853282
76561198875126093,0,0.25280290842056274,0,0.9645610584853282
76561199158193789,0,0.28358519077301025,0,0.9645610584853282
76561198840938338,0,0.765916109085083,0,0.9645610584853282
76561198041466337,0,0.03918210044503212,0,0.9645610584853282
76561198003337467,0,0.03290703147649765,0,0.9645610584853282
76561198244297308,0,0.03145837411284447,0,0.9645610584853282
76561198076265119,0,0.4065236449241638,0,0.9645610584853282
76561197997951073,0,0.30705374479293823,0,0.9645610584853282
76561198447839233,0,0.11434104293584824,0,0.9645610584853282
76561198054242472,0,0.8140104413032532,0,0.9645610584853282
76561199154429501,0,0.01650093123316765,0,0.9645610584853282
76561199289237049,0,0.02090485207736492,0,0.9645610584853282
76561199230633710,0,0.038277044892311096,0,0.9645610584853282
76561198855955046,0,0.04989005997776985,0,0.9645610584853282
76561198102836297,0,0.027745606377720833,0,0.9645610584853282
76561198206434861,1,0.7375052571296692,0,0.9645610584853282
76561199135866260,0,0.044471800327301025,0,0.9645610584853282
76561198292915271,0,0.2861866354942322,0,0.9645610584853282
76561198797923777,0,0.1062246635556221,0,0.9645610584853282
76561198068553788,0,0.008593940176069736,0,0.9645610584853282
76561198071131393,0,0.010668533854186535,0,0.9645610584853282
76561199014612225,0,0.08902055025100708,0,0.9645610584853282
76561198001477013,0,0.022189700976014137,0,0.9645610584853282
76561198109439585,0,0.08629780262708664,0,0.9645610584853282
76561198347151840,0,0.010044542141258717,0,0.9645610584853282
76561198164259584,0,0.014201708137989044,0,0.9645610584853282
76561198848417605,0,0.01221262477338314,0,0.9645610584853282
76561199216173570,0,0.016460739076137543,0,0.9645610584853282
76561199242066862,0,0.3352842926979065,0,0.9645610584853282
76561198365461455,0,0.035081081092357635,0,0.9645610584853282
76561199019120479,0,0.07579232007265091,0,0.9645610584853282
76561199064996634,0,0.042189061641693115,0,0.9645610584853282
76561199242454629,0,0.10944803059101105,0,0.9645610584853282
76561198148714216,0,0.010668533854186535,0,0.9645610584853282
76561198268578331,1,0.9676494002342224,0,0.9645610584853282
76561199202535072,0,0.1299377679824829,0,0.9645610584853282
76561197998911601,0,0.045720215886831284,0,0.9645610584853282
76561197971965737,0,0.8991589546203613,0,0.9645610584853282
76561198439259971,0,0.1440003514289856,0,0.9645610584853282
76561198040107082,0,0.023391874507069588,0,0.9645610584853282
76561199517700519,0,0.03127768635749817,0,0.9645610584853282
76561199105284492,0,0.4394606351852417,0,0.9645610584853282
76561199110264880,0,0.695249080657959,0,0.9645610584853282
76561197978622177,0,0.021741291508078575,0,0.9645610584853282
76561199085833374,0,0.008552643470466137,0,0.9645610584853282
76561197964986577,0,0.019572913646697998,0,0.9645610584853282
76561199228226551,0,0.02357587032020092,0,0.9645610584853282
76561198128540547,0,0.9870235919952393,0,0.9645610584853282
76561198410702188,0,0.03431582823395729,0,0.9645610584853282
76561198876526594,0,0.013676086440682411,0,0.9645610584853282
76561198087933587,0,0.0455109179019928,0,0.9645610584853282
76561197983292130,0,0.5254742503166199,0,0.9645610584853282
76561199556000909,0,0.046570196747779846,0,0.9645610584853282
76561198006566004,0,0.266755610704422,0,0.9645610584853282
76561199061655031,0,0.022282177582383156,0,0.9645610584853282
76561198106142776,0,0.05213288962841034,0,0.9645610584853282
76561198120447161,0,0.04233057424426079,0,0.9645610584853282
76561198004544851,0,0.030602088198065758,0,0.9645610584853282
76561198300011310,0,0.15102489292621613,0,0.9645610584853282
76561198317708364,0,0.02519119344651699,0,0.9645610584853282
76561198147890875,0,0.022398754954338074,0,0.9645610584853282
76561198137877353,0,0.08638464659452438,0,0.9645610584853282
76561199758622208,0,0.06523504853248596,0,0.9645610584853282
76561199196615873,0,0.04105805978178978,0,0.9645610584853282
76561198974103633,0,0.014201708137989044,0,0.9645610584853282
76561198355588777,0,0.016078392043709755,0,0.9645610584853282
76561198069578874,0,0.010973240248858929,0,0.9645610584853282
76561198988950869,0,0.03509582579135895,0,0.9645610584853282
76561198126411034,0,0.057830002158880234,0,0.9645610584853282
76561198818841979,0,0.07782364636659622,0,0.9645610584853282
76561198059874142,0,0.015690268948674202,0,0.9645610584853282
76561198114041529,0,0.026584293693304062,0,0.9645610584853282
76561198088479108,0,0.4372846186161041,0,0.9645610584853282
76561198975014793,0,0.10158996284008026,0,0.9645610584853282
76561199081416901,0,0.177995964884758,0,0.9645610584853282
76561198854795665,0,0.5414066910743713,0,0.9645610584853282
76561197989722789,0,0.04802800714969635,0,0.9645610584853282
76561199032726794,0,0.37626516819000244,0,0.9645610584853282
76561198367699356,0,0.2573627829551697,0,0.9645610584853282
76561199070889995,0,0.7518311142921448,0,0.9645610584853282
76561198050521693,0,0.0355662927031517,0,0.9645610584853282
76561198041466596,0,0.11675535887479782,0,0.9645610584853282
76561197999926185,0,0.027301708236336708,0,0.9645610584853282
76561198318030487,1,0.9666048884391785,0,0.9645610584853282
76561198082168552,0,0.9866503477096558,0,0.9645610584853282
76561199304989225,0,0.04597708582878113,0,0.9645610584853282
76561197971116035,0,0.3043174743652344,0,0.9645610584853282
76561198407036588,0,0.8870370388031006,0,0.9645610584853282
76561199229094372,0,0.022292258217930794,0,0.9645610584853282
76561199617269373,0,0.016632860526442528,0,0.9645610584853282
76561199125987380,0,0.014201708137989044,0,0.9645610584853282
76561198040404206,0,0.2034301608800888,0,0.9645610584853282
76561198979088937,0,0.3533729016780853,0,0.9645610584853282
76561197969421529,0,0.4106353223323822,0,0.9645610584853282
76561198045793329,0,0.4038061201572418,0,0.9645610584853282
76561198357967440,0,0.552212119102478,0,0.9645610584853282
76561198320735348,0,0.5295950770378113,0,0.9645610584853282
76561199041855122,0,0.09957505762577057,0,0.9645610584853282
76561199030207671,0,0.016170848160982132,0,0.9645610584853282
76561198015342351,0,0.23050197958946228,0,0.9645610584853282
76561198055289846,0,0.014596904627978802,0,0.9645610584853282
76561198180140306,0,0.6004974842071533,0,0.9645610584853282
76561198442600142,0,0.5354515910148621,0,0.9645610584853282
76561198393604627,0,0.02001245506107807,0,0.9645610584853282
76561198362621406,0,0.8665640950202942,0,0.9645610584853282
76561198290709478,0,0.11657089740037918,0,0.9645610584853282
76561198360160659,0,0.009584815241396427,0,0.9645610584853282
76561199023190667,0,0.32831865549087524,0,0.9645610584853282
76561198049844163,0,0.21472986042499542,0,0.9645610584853282
76561199200378146,0,0.09372512251138687,0,0.9645610584853282
76561198999998473,0,0.6993012428283691,0,0.9645610584853282
76561199197642453,0,0.6607804894447327,0,0.9645610584853282
76561198213975224,0,0.05402484908699989,0,0.9645610584853282
76561197989001196,0,0.06505259871482849,0,0.9645610584853282
76561198170003499,0,0.6445209980010986,0,0.9645610584853282
76561199623500783,0,0.12026794254779816,0,0.9645610584853282
76561198806178619,0,0.01832411251962185,0,0.9645610584853282
76561198247890298,0,0.056021541357040405,0,0.9645610584853282
76561198006112986,0,0.865884006023407,0,0.9645610584853282
76561198354905480,0,0.14794985949993134,0,0.9645610584853282
76561197996061457,0,0.4110482633113861,0,0.9645610584853282
76561198120855212,0,0.015690268948674202,0,0.9645610584853282
76561199795095005,0,0.014814818277955055,0,0.9645610584853282
76561198323639282,0,0.036228179931640625,0,0.9645610584853282
76561198804093542,0,0.39173436164855957,0,0.9645610584853282
76561199270863252,0,0.9499282240867615,0,0.9645610584853282
76561198068844194,0,0.07671196013689041,0,0.9645610584853282
76561199239240601,0,0.5762720704078674,0,0.9645610584853282
76561199417863917,0,0.009138677269220352,0,0.9645610584853282
76561198084357253,0,0.02934732288122177,0,0.9645610584853282
76561198075533801,0,0.11391975730657578,0,0.9645610584853282
76561198074375749,0,0.05110486224293709,0,0.9645610584853282
76561198858434298,0,0.3450770080089569,0,0.9645610584853282
76561198364427567,0,0.22235196828842163,0,0.9645610584853282
76561197994183478,0,0.6767217516899109,0,0.9645610584853282
76561199000792381,0,0.016501564532518387,0,0.9645610584853282
76561198167299610,0,0.01876848191022873,0,0.9645610584853282
76561198093168198,0,0.3784451484680176,0,0.9645610584853282
76561198078364725,0,0.10919155180454254,0,0.9645610584853282
76561198099247767,0,0.10070904344320297,0,0.9645610584853282
76561199229106088,0,0.4845549166202545,0,0.9645610584853282
76561199168418162,0,0.0686834454536438,0,0.9645610584853282
76561199486310710,0,0.16149131953716278,0,0.9645610584853282
76561198237054544,0,0.06647644191980362,0,0.9645610584853282
76561199170310925,0,0.01730342023074627,0,0.9645610584853282
76561198820170671,0,0.026517560705542564,0,0.9645610584853282
76561198312513993,0,0.025508888065814972,0,0.9645610584853282
76561198051874463,0,0.7781306505203247,0,0.9645610584853282
76561199205100037,0,0.053623832762241364,0,0.9645610584853282
76561198264587205,0,0.012390720658004284,0,0.9645610584853282
76561198416433718,0,0.1251862794160843,0,0.9645610584853282
76561198975127025,0,0.01594606041908264,0,0.9645610584853282
76561199580145376,1,0.9906614422798157,0,0.9645610584853282
76561198978307384,0,0.021779708564281464,0,0.9645610584853282
76561198442782250,0,0.049418993294239044,0,0.9645610584853282
76561198229543356,0,0.030686521902680397,0,0.9645610584853282
76561198280090765,0,0.021313201636075974,0,0.9645610584853282
76561198083984056,0,0.02789362333714962,0,0.9645610584853282
76561198045414198,0,0.03313171863555908,0,0.9645610584853282
76561199434260516,0,0.017483867704868317,0,0.9645610584853282
76561198377211198,0,0.2347469925880432,0,0.9645610584853282
76561198085025708,0,0.016983846202492714,0,0.9645610584853282
76561199476508690,0,0.01996210590004921,0,0.9645610584853282
76561199280352578,0,0.2354196310043335,0,0.9645610584853282
76561198841041755,0,0.07217102497816086,0,0.9645610584853282
76561198235893832,0,0.06364386528730392,0,0.9645610584853282
76561198130698635,0,0.02547355927526951,0,0.9645610584853282
76561197972319323,0,0.13653142750263214,0,0.9645610584853282
76561198861280760,0,0.05402484908699989,0,0.9645610584853282
76561199405005563,0,0.06098728999495506,0,0.9645610584853282
76561199139571091,0,0.2159176468849182,0,0.9645610584853282
76561198124115536,1,0.9895638823509216,0,0.9645610584853282
76561198079503898,0,0.01156166847795248,0,0.9645610584853282
76561198358578557,0,0.029727712273597717,0,0.9645610584853282
76561199013827673,0,0.5046030879020691,0,0.9645610584853282
76561199022161240,0,0.01730342023074627,0,0.9645610584853282
76561199072600226,0,0.10677620023488998,0,0.9645610584853282
76561198822853750,0,0.008785887621343136,0,0.9645610584853282
76561197982185301,0,0.042889226227998734,0,0.9645610584853282
76561199592208608,0,0.017121197655797005,0,0.9645610584853282
76561198082987251,0,0.05924088880419731,0,0.9645610584853282
76561198001838204,0,0.010333934798836708,0,0.9645610584853282
76561198042554173,0,0.08278750628232956,0,0.9645610584853282
76561198862272738,0,0.12593913078308105,0,0.9645610584853282
76561198336519532,0,0.19339781999588013,0,0.9645610584853282
76561199141160603,0,0.0339634083211422,0,0.9645610584853282
76561198071876102,0,0.03467573598027229,0,0.9645610584853282
76561198276567171,0,0.021061984822154045,0,0.9645610584853282
76561198450706588,0,0.05661861225962639,0,0.9645610584853282
76561198400858899,0,0.10387949645519257,0,0.9645610584853282
76561198842985777,0,0.03192678466439247,0,0.9645610584853282
76561199464988444,0,0.017836999148130417,0,0.9645610584853282
76561198082842670,0,0.28972575068473816,0,0.9645610584853282
76561199564601141,0,0.5326715111732483,0,0.9645610584853282
76561198994828342,0,0.014942270703613758,0,0.9645610584853282
76561198115872893,0,0.014646302908658981,0,0.9645610584853282
76561199031944009,0,0.09947279095649719,0,0.9645610584853282
76561198118539872,0,0.2745280861854553,0,0.9645610584853282
76561198004439592,0,0.09368973970413208,0,0.9645610584853282
76561198044916184,0,0.0288607869297266,0,0.9645610584853282
76561199063607478,0,0.6005669236183167,0,0.9645610584853282
76561199195123123,1,0.9906794428825378,0,0.9645610584853282
76561199093026909,0,0.021281858906149864,0,0.9645610584853282
76561198048367553,0,0.007869935594499111,0,0.9645610584853282
76561198096207602,0,0.6619237661361694,0,0.9645610584853282
76561197991256489,1,0.9893500208854675,0,0.9645610584853282
76561199028604408,1,0.6785691380500793,0,0.9645610584853282
76561198132358335,0,0.49116238951683044,0,0.9645610584853282
76561198892311129,0,0.12818385660648346,0,0.9645610584853282
76561198168797018,0,0.3345995843410492,0,0.9645610584853282
76561198079663591,0,0.2214365452528,0,0.9645610584853282
76561198838346322,0,0.42503347992897034,0,0.9645610584853282
76561198174684286,0,0.20931358635425568,0,0.9645610584853282
76561197961602471,0,0.6767207980155945,0,0.9645610584853282
76561199206173418,0,0.06787719577550888,0,0.9645610584853282
76561198043134698,0,0.5742002129554749,0,0.9645610584853282
76561199371634317,0,0.11516903340816498,0,0.9645610584853282
76561198968703260,0,0.14086222648620605,0,0.9645610584853282
76561198114942807,0,0.9120916128158569,0,0.9645610584853282
76561198089305402,0,0.15177829563617706,0,0.9645610584853282
76561197994148793,0,0.4898652732372284,0,0.9645610584853282
76561198289159167,0,0.8349686861038208,0,0.9645610584853282
76561198258570171,1,0.9892973303794861,0,0.9645610584853282
76561198092297309,0,0.02829817123711109,0,0.9645610584853282
76561199016672227,0,0.3093189001083374,0,0.9645610584853282
76561199085739060,0,0.179439976811409,0,0.9645610584853282
76561198271980292,0,0.09292902052402496,0,0.9645610584853282
76561198162592570,0,0.02028306946158409,0,0.9645610584853282
76561198798238764,1,0.9739903807640076,0,0.9645610584853282
76561198258991701,0,0.010668533854186535,0,0.9645610584853282
76561198081667692,0,0.1390548199415207,0,0.9645610584853282
76561199002137232,0,0.2205328345298767,0,0.9645610584853282
76561199014075828,0,0.0477023720741272,0,0.9645610584853282
76561198239059304,0,0.10093801468610764,0,0.9645610584853282
76561198125845881,0,0.23392656445503235,0,0.9645610584853282
76561198272558171,0,0.21524105966091156,0,0.9645610584853282
76561198355898324,1,0.9614207148551941,0,0.9645610584853282
76561198150955032,0,0.03304481506347656,0,0.9645610584853282
76561199479092965,1,0.9906342029571533,0,0.9645610584853282
76561197964591683,0,0.04790470376610756,0,0.9645610584853282
76561198804886730,1,0.968792200088501,0,0.9645610584853282
76561198206871261,0,0.3166193962097168,0,0.9645610584853282
76561198863567369,0,0.3156339228153229,0,0.9645610584853282
76561198122887904,0,0.3823249042034149,0,0.9645610584853282
76561198261864486,0,0.08600711077451706,0,0.9645610584853282
76561199359654145,0,0.01285382080823183,0,0.9645610584853282
76561198289678030,0,0.36717694997787476,0,0.9645610584853282
76561198092447481,0,0.3871202766895294,0,0.9645610584853282
76561198451430678,0,0.015323367901146412,0,0.9645610584853282
76561198393770906,0,0.33925777673721313,0,0.9645610584853282
76561198802535614,0,0.01151081919670105,0,0.9645610584853282
76561198307540735,0,0.06675059348344803,0,0.9645610584853282
76561198953438271,0,0.17184996604919434,0,0.9645610584853282
76561197978323166,0,0.20268727838993073,0,0.9645610584853282
76561199169004581,0,0.3641743063926697,0,0.9645610584853282
76561199207025084,0,0.3303365707397461,0,0.9645610584853282
76561199222995528,0,0.48447656631469727,0,0.9645610584853282
76561198437808778,0,0.43240320682525635,0,0.9645610584853282
76561199049583130,0,0.053803008049726486,0,0.9645610584853282
76561199088670597,0,0.5831730961799622,0,0.9645610584853282
76561198853605164,0,0.014201708137989044,0,0.9645610584853282
76561198164671050,0,0.05974648520350456,0,0.9645610584853282
76561199085241336,0,0.43655166029930115,0,0.9645610584853282
76561198157380089,0,0.9446311593055725,0,0.9645610584853282
76561197985739176,0,0.9535065293312073,0,0.9645610584853282
76561198169886897,0,0.18464787304401398,0,0.9645610584853282
76561198042720508,0,0.23349784314632416,0,0.9645610584853282
76561198963803512,0,0.030786307528614998,0,0.9645610584853282
76561199196300364,0,0.061705175787210464,0,0.9645610584853282
76561198407523833,0,0.14406022429466248,0,0.9645610584853282
76561198042800147,0,0.21129164099693298,0,0.9645610584853282
76561198030751418,0,0.9621005058288574,0,0.9645610584853282
76561199012656814,0,0.0670773833990097,0,0.9645610584853282
76561198029051787,0,0.056268416345119476,0,0.9645610584853282
76561198452382853,0,0.5830415487289429,0,0.9645610584853282
76561198880310311,0,0.7965954542160034,0,0.9645610584853282
76561198313912574,0,0.02187999337911606,0,0.9645610584853282
76561198037791979,0,0.03979255259037018,0,0.9645610584853282
76561199367479935,0,0.015626931563019753,0,0.9645610584853282
76561198359593163,0,0.022810721769928932,0,0.9645610584853282
76561198816375358,0,0.17724472284317017,0,0.9645610584853282
76561199065137043,0,0.052951086312532425,0,0.9645610584853282
76561199584020323,0,0.015690268948674202,0,0.9645610584853282
76561198805677781,0,0.010593073442578316,0,0.9645610584853282
76561198365380568,0,0.7525599598884583,0,0.9645610584853282
76561198183546725,0,0.09935904294252396,0,0.9645610584853282
76561198079585340,0,0.016122860834002495,0,0.9645610584853282
76561197974725841,0,0.06265296041965485,0,0.9645610584853282
76561199002622091,0,0.0595845989882946,0,0.9645610584853282
76561198990764141,0,0.08962681144475937,0,0.9645610584853282
76561199474034754,0,0.025939665734767914,0,0.9645610584853282
76561198116036160,0,0.5115731954574585,0,0.9645610584853282
76561198038670421,0,0.09850982576608658,0,0.9645610584853282
76561198037402738,0,0.38092517852783203,0,0.9645610584853282
76561198963922293,0,0.28971484303474426,0,0.9645610584853282
76561198295877735,0,0.40064653754234314,0,0.9645610584853282
76561199260781867,0,0.04426078498363495,0,0.9645610584853282
76561198026197245,0,0.01663379743695259,0,0.9645610584853282
76561199031354832,0,0.010668533854186535,0,0.9645610584853282
76561198065101906,0,0.6177923083305359,0,0.9645610584853282
76561198007669809,0,0.10523388534784317,0,0.9645610584853282
76561198187555503,0,0.29715496301651,0,0.9645610584853282
76561198174696343,0,0.01566288433969021,0,0.9645610584853282
76561198018345414,0,0.016715697944164276,0,0.9645610584853282
76561198963484275,1,0.9744016528129578,0,0.9645610584853282
76561197986661579,0,0.7613114714622498,0,0.9645610584853282
76561198400074785,0,0.13541550934314728,0,0.9645610584853282
76561198446163190,0,0.21086619794368744,0,0.9645610584853282
76561198048869199,0,0.27596810460090637,0,0.9645610584853282
76561199122794328,0,0.011118443682789803,0,0.9645610584853282
76561198124246317,0,0.19612842798233032,0,0.9645610584853282
76561197970764118,0,0.27265021204948425,0,0.9645610584853282
76561198143351706,0,0.03061557374894619,0,0.9645610584853282
76561199442582163,0,0.02741008996963501,0,0.9645610584853282
76561199231313189,0,0.2853979170322418,0,0.9645610584853282
76561197987564111,0,0.8373669385910034,0,0.9645610584853282
76561198125218110,0,0.26840081810951233,0,0.9645610584853282
76561198303223788,0,0.11821276694536209,0,0.9645610584853282
76561199549637898,0,0.15801921486854553,0,0.9645610584853282
76561198050301592,0,0.05525201931595802,0,0.9645610584853282
76561198093571223,0,0.010668533854186535,0,0.9645610584853282
76561197970239289,0,0.013731014914810658,0,0.9645610584853282
76561199073105209,0,0.03138164430856705,0,0.9645610584853282
76561198059085240,0,0.09376615285873413,0,0.9645610584853282
76561198066218464,0,0.22822435200214386,0,0.9645610584853282
76561198817257900,0,0.014201708137989044,0,0.9645610584853282
76561199002205136,0,0.5202040672302246,0,0.9645610584853282
76561198039469604,0,0.07278678566217422,0,0.9645610584853282
76561197991301208,0,0.6682044267654419,0,0.9645610584853282
76561198393073640,0,0.019154686480760574,0,0.9645610584853282
76561199240626894,1,0.9874221086502075,0,0.9645610584853282
76561198358274974,0,0.09963332861661911,0,0.9645610584853282
76561198988544992,0,0.01906226947903633,0,0.9645610584853282
76561198219063015,0,0.025691384449601173,0,0.9645610584853282
76561198963802575,0,0.035549793392419815,0,0.9645610584853282
76561198998759110,1,0.9874725341796875,0,0.9645610584853282
76561198189866282,0,0.016515763476490974,0,0.9645610584853282
76561198972059227,0,0.014840813353657722,0,0.9645610584853282
76561198855286882,0,0.5360721349716187,0,0.9645610584853282
76561198063707853,0,0.09221312403678894,0,0.9645610584853282
76561199199074236,0,0.12001959979534149,0,0.9645610584853282
76561198399917574,0,0.5078535676002502,0,0.9645610584853282
76561199470057204,0,0.014672008343040943,0,0.9645610584853282
76561198000735129,0,0.08495922386646271,0,0.9645610584853282
76561199049628577,0,0.015627890825271606,0,0.9645610584853282
76561199213010448,0,0.10389138758182526,0,0.9645610584853282
76561198078686977,0,0.01466745138168335,0,0.9645610584853282
76561198127107006,0,0.26753225922584534,0,0.9645610584853282
76561199367672170,0,0.04986348748207092,0,0.9645610584853282
76561199062731500,0,0.1309005469083786,0,0.9645610584853282
76561198273220770,0,0.01730833202600479,0,0.9645610584853282
76561199195999899,0,0.13553181290626526,0,0.9645610584853282
76561199116610900,0,0.015690268948674202,0,0.9645610584853282
76561199796787335,0,0.10775353759527206,0,0.9645610584853282
76561198077439754,0,0.1597454696893692,0,0.9645610584853282
76561198021949296,0,0.015789154917001724,0,0.9645610584853282
76561198211726392,0,0.20193681120872498,0,0.9645610584853282
76561199658257421,0,0.01594606041908264,0,0.9645610584853282
76561199132074552,0,0.030305981636047363,0,0.9645610584853282
76561199552293438,0,0.02848135493695736,0,0.9645610584853282
76561198326128790,0,0.016083143651485443,0,0.9645610584853282
76561199485024503,0,0.011279603466391563,0,0.9645610584853282
76561198035545209,0,0.013456890359520912,0,0.9645610584853282
76561199060336376,0,0.047928135842084885,0,0.9645610584853282
76561198336011126,0,0.660611629486084,0,0.9645610584853282
76561199194765756,0,0.015323367901146412,0,0.9645610584853282
76561197970406033,0,0.06435555964708328,0,0.9645610584853282
76561199210959616,0,0.017917731776833534,0,0.9645610584853282
76561199381590480,0,0.05367636680603027,0,0.9645610584853282
76561199446012156,0,0.05402484908699989,0,0.9645610584853282
76561199454068284,0,0.15825361013412476,0,0.9645610584853282
76561198041667750,0,0.8735715746879578,0,0.9645610584853282
76561199763372255,0,0.034529779106378555,0,0.9645610584853282
76561198005759219,0,0.021873291581869125,0,0.9645610584853282
76561198119433498,0,0.015690268948674202,0,0.9645610584853282
76561198146208252,0,0.13202700018882751,0,0.9645610584853282
76561198880508751,0,0.3669654130935669,0,0.9645610584853282
76561199195822336,0,0.03149138018488884,0,0.9645610584853282
76561198168942923,0,0.38933295011520386,0,0.9645610584853282
76561199160625966,0,0.05402484908699989,0,0.9645610584853282
76561198281046597,0,0.577366828918457,0,0.9645610584853282
76561198856060008,0,0.05732507258653641,0,0.9645610584853282
76561198865458889,0,0.9866429567337036,0,0.9645610584853282
76561198969486543,0,0.8209644556045532,0,0.9645610584853282
76561198422190739,0,0.09477953612804413,0,0.9645610584853282
76561198123176690,0,0.8588375449180603,0,0.9645610584853282
76561198166244763,0,0.010184923186898232,0,0.9645610584853282
76561199237833123,0,0.23490747809410095,0,0.9645610584853282
76561198164458683,0,0.045755136758089066,0,0.9645610584853282
76561199104496217,0,0.28941723704338074,0,0.9645610584853282
76561198014603674,0,0.580994188785553,0,0.9645610584853282
76561198404855224,0,0.01235534530133009,0,0.9645610584853282
76561198799313480,1,0.9857175350189209,0,0.9645610584853282
76561198063789311,0,0.7149828672409058,0,0.9645610584853282
76561198314636500,0,0.12173061072826385,0,0.9645610584853282
76561197998722580,0,0.17759008705615997,0,0.9645610584853282
76561198383397968,0,0.057774607092142105,0,0.9645610584853282
76561199165559274,0,0.05102512612938881,0,0.9645610584853282
76561198014576026,0,0.3373086154460907,0,0.9645610584853282
76561198354587516,0,0.2330278754234314,0,0.9645610584853282
76561198451053305,0,0.04160301759839058,0,0.9645610584853282
76561199130286098,0,0.7490402460098267,0,0.9645610584853282
76561198023661212,0,0.012344934977591038,0,0.9645610584853282
76561198984299057,0,0.013140272349119186,0,0.9645610584853282
76561198071159810,0,0.6685090661048889,0,0.9645610584853282
76561199488163272,0,0.05896610766649246,0,0.9645610584853282
76561198354185532,0,0.7923054099082947,0,0.9645610584853282
76561199172092556,0,0.023962650448083878,0,0.9645610584853282
76561199130226326,0,0.20566114783287048,0,0.9645610584853282
76561198435332024,0,0.23468069732189178,0,0.9645610584853282
76561198062407217,0,0.054758548736572266,0,0.9645610584853282
76561199199468616,0,0.010039621032774448,0,0.9645610584853282
76561198147356209,0,0.2568356394767761,0,0.9645610584853282
76561198092693228,0,0.07670486718416214,0,0.9645610584853282
76561198973686269,1,0.9873936176300049,0,0.9645610584853282
76561198096237142,0,0.9771084785461426,0,0.9645610584853282
76561198231233196,0,0.016515763476490974,0,0.9645610584853282
76561199427553968,0,0.03807864710688591,0,0.9645610584853282
76561199694283370,0,0.13907182216644287,0,0.9645610584853282
76561198152862501,0,0.41964811086654663,0,0.9645610584853282
76561198985063647,0,0.4595069885253906,0,0.9645610584853282
76561198438208425,0,0.011406101286411285,0,0.9645610584853282
76561198026734637,0,0.8962960839271545,0,0.9645610584853282
76561198095112670,0,0.08962949365377426,0,0.9645610584853282
76561198002354697,0,0.03804310783743858,0,0.9645610584853282
76561198819119957,0,0.027269570156931877,0,0.9645610584853282
76561198094692082,0,0.47697827219963074,0,0.9645610584853282
76561198106823152,0,0.018451182171702385,0,0.9645610584853282
76561199483783081,0,0.015323367901146412,0,0.9645610584853282
76561198403005325,0,0.014201708137989044,0,0.9645610584853282
76561198295357472,0,0.1468961387872696,0,0.9645610584853282
76561199130423048,0,0.5889152884483337,0,0.9645610584853282
76561198162335682,0,0.7576024532318115,0,0.9645610584853282
76561198403316584,0,0.4229591488838196,0,0.9645610584853282
76561198073733504,0,0.9476279020309448,0,0.9645610584853282
76561199108739306,0,0.04426078498363495,0,0.9645610584853282
76561199252386889,0,0.4876053035259247,0,0.9645610584853282
76561199182131537,0,0.08186792582273483,0,0.9645610584853282
76561198823270414,0,0.034906838089227676,0,0.9645610584853282
76561197970598276,0,0.05263390764594078,0,0.9645610584853282
76561198163503987,0,0.024989938363432884,0,0.9645610584853282
76561198046672763,0,0.32447487115859985,0,0.9645610584853282
76561197971725953,0,0.23145483434200287,0,0.9645610584853282
76561198972619507,0,0.4187560975551605,0,0.9645610584853282
76561198450137408,0,0.04225301370024681,0,0.9645610584853282
76561199441307911,0,0.01594606041908264,0,0.9645610584853282
76561199073511727,0,0.12499310076236725,0,0.9645610584853282
76561198040298233,0,0.05188903585076332,0,0.9645610584853282
76561199045057771,0,0.01317280437797308,0,0.9645610584853282
76561198039225890,0,0.013186182826757431,0,0.9645610584853282
76561198000745330,0,0.024030013009905815,0,0.9645610584853282
76561199214991472,0,0.20401345193386078,0,0.9645610584853282
76561199228726335,0,0.010668533854186535,0,0.9645610584853282
76561199021242999,0,0.18045511841773987,0,0.9645610584853282
76561199407008079,0,0.18775175511837006,0,0.9645610584853282
76561198449508061,0,0.051428794860839844,0,0.9645610584853282
76561198035790295,0,0.13267754018306732,0,0.9645610584853282
76561198086576747,0,0.3419560492038727,0,0.9645610584853282
76561198884582903,0,0.15953965485095978,0,0.9645610584853282
76561198046552505,0,0.04214351251721382,0,0.9645610584853282
76561197966627463,0,0.13673937320709229,0,0.9645610584853282
76561198291075283,0,0.11108219623565674,0,0.9645610584853282
76561199311205022,0,0.128089040517807,0,0.9645610584853282
76561198042056592,0,0.027134401723742485,0,0.9645610584853282
76561199515036322,0,0.07677081972360611,0,0.9645610584853282
76561199718107904,0,0.11735363304615021,0,0.9645610584853282
76561198036956086,0,0.01236470602452755,0,0.9645610584853282
76561198118353303,0,0.06318032741546631,0,0.9645610584853282
76561199205520332,0,0.009420951828360558,0,0.9645610584853282
76561199494395720,0,0.07834605872631073,0,0.9645610584853282
76561199077233594,0,0.009455716237425804,0,0.9645610584853282
76561198126392867,0,0.025981398299336433,0,0.9645610584853282
76561198046019695,0,0.009738246910274029,0,0.9645610584853282
76561198207894525,0,0.014201708137989044,0,0.9645610584853282
76561198984322774,0,0.026517560705542564,0,0.9645610584853282
76561199109394043,0,0.010852312669157982,0,0.9645610584853282
76561198926336482,0,0.0118325250223279,0,0.9645610584853282
76561198142034979,0,0.021873291581869125,0,0.9645610584853282
76561198263552515,0,0.1845526099205017,0,0.9645610584853282
76561198413810066,0,0.16757190227508545,0,0.9645610584853282
76561198003885554,0,0.015196539461612701,0,0.9645610584853282
76561198079895867,0,0.012761891819536686,0,0.9645610584853282
76561198171911421,0,0.23606353998184204,0,0.9645610584853282
76561198028437015,0,0.174032524228096,0,0.9645610584853282
76561198328251416,0,0.7401295900344849,0,0.9645610584853282
76561198160546912,1,0.5737176537513733,0,0.9645610584853282
76561198134431162,0,0.5035793781280518,0,0.9645610584853282
76561197968768348,0,0.5865553021430969,0,0.9645610584853282
76561198830960085,0,0.013238579966127872,0,0.9645610584853282
76561198417240237,1,0.9392561912536621,0,0.9645610584853282
76561198080795871,0,0.20758399367332458,0,0.9645610584853282
76561198050012362,0,0.5356318354606628,0,0.9645610584853282
76561198855043722,0,0.04535732790827751,0,0.9645610584853282
76561199182601033,0,0.06749831140041351,0,0.9645610584853282
76561199197564649,0,0.06787719577550888,0,0.9645610584853282
76561199247153507,0,0.054159119725227356,0,0.9645610584853282
76561198432851716,0,0.6578194499015808,0,0.9645610584853282
76561198090322245,0,0.1967453807592392,0,0.9645610584853282
76561198977512914,0,0.7897694706916809,0,0.9645610584853282
76561199008664151,0,0.3225797414779663,0,0.9645610584853282
76561198886877622,0,0.8711962699890137,0,0.9645610584853282
76561198136686657,0,0.011154064908623695,0,0.9645610584853282
76561198017037090,0,0.6276668310165405,0,0.9645610584853282
76561199104124873,0,0.01372730266302824,0,0.9645610584853282
76561199516703617,0,0.34019482135772705,0,0.9645610584853282
76561197995725135,1,0.9769948720932007,0,0.9645610584853282
76561199071224937,0,0.16741278767585754,0,0.9645610584853282
76561198015623422,0,0.22051328420639038,0,0.9645610584853282
76561198081808004,0,0.4814068377017975,0,0.9645610584853282
76561198003180739,0,0.3159834146499634,0,0.9645610584853282
76561199008107537,0,0.16824474930763245,0,0.9645610584853282
76561198926338043,0,0.08813457190990448,0,0.9645610584853282
76561199259700988,0,0.010974276810884476,0,0.9645610584853282
76561198071131292,0,0.3331429362297058,0,0.9645610584853282
76561198231489200,0,0.2079535275697708,0,0.9645610584853282
76561198007618307,0,0.13787201046943665,0,0.9645610584853282
76561198818491360,0,0.008374377153813839,0,0.9645610584853282
76561199205233916,0,0.9540302753448486,0,0.9645610584853282
76561199199202845,0,0.8096027374267578,0,0.9645610584853282
76561199152909859,0,0.17254912853240967,0,0.9645610584853282
76561198336409140,0,0.6545101404190063,0,0.9645610584853282
76561198064355350,0,0.015690268948674202,0,0.9645610584853282
76561198289294106,0,0.05585233494639397,0,0.9645610584853282
76561198898706193,0,0.0206813532859087,0,0.9645610584853282
76561198056341086,0,0.11114679276943207,0,0.9645610584853282
76561198224263524,0,0.011634656228125095,0,0.9645610584853282
76561198995045694,0,0.038305528461933136,0,0.9645610584853282
76561199169633412,0,0.44233983755111694,0,0.9645610584853282
76561198076614211,0,0.03998827189207077,0,0.9645610584853282
76561198828019598,0,0.05818041041493416,0,0.9645610584853282
76561199077242387,0,0.039373978972435,0,0.9645610584853282
76561198046914091,0,0.2068159282207489,0,0.9645610584853282
76561199054669961,0,0.01052290853112936,0,0.9645610584853282
76561198901250470,0,0.018480855971574783,0,0.9645610584853282
76561198147700891,0,0.036100901663303375,0,0.9645610584853282
76561199013577158,0,0.5820336937904358,0,0.9645610584853282
76561198269460717,0,0.7540799379348755,0,0.9645610584853282
76561199092239523,0,0.25555866956710815,0,0.9645610584853282
76561197971385757,0,0.1718260943889618,0,0.9645610584853282
76561199185715711,0,0.050219934433698654,0,0.9645610584853282
76561199174250907,0,0.061062607914209366,0,0.9645610584853282
76561199718817023,0,0.010415329597890377,0,0.9645610584853282
76561199063957267,0,0.05770718306303024,0,0.9645610584853282
76561199467232986,0,0.11836037039756775,0,0.9645610584853282
76561198124465319,0,0.013074956834316254,0,0.9645610584853282
76561198440859915,0,0.8459444046020508,0,0.9645610584853282
76561199468788445,0,0.132490873336792,0,0.9645610584853282
76561198452730988,0,0.08764517307281494,0,0.9645610584853282
76561198319069221,0,0.09973466396331787,0,0.9645610584853282
76561198332116995,0,0.0333905890583992,0,0.9645610584853282
76561199139886561,0,0.08768513053655624,0,0.9645610584853282
76561198412949187,0,0.20806187391281128,0,0.9645610584853282
76561198038893537,0,0.1550344079732895,0,0.9645610584853282
76561198066909200,0,0.019148144870996475,0,0.9645610584853282
76561197969434653,0,0.14826802909374237,0,0.9645610584853282
76561198050047241,0,0.10892710089683533,0,0.9645610584853282
76561197975098558,0,0.03875403851270676,0,0.9645610584853282
76561199799266632,0,0.25491517782211304,0,0.9645610584853282
76561198413847371,0,0.20085842907428741,0,0.9645610584853282
76561199063423913,0,0.020487651228904724,0,0.9645610584853282
76561199086305793,0,0.01296018436551094,0,0.9645610584853282
76561198954858291,0,0.4802391231060028,0,0.9645610584853282
76561198164118381,0,0.09573382884263992,0,0.9645610584853282
76561198280698145,0,0.11724337190389633,0,0.9645610584853282
76561198367909708,0,0.051428794860839844,0,0.9645610584853282
76561199148231868,0,0.04892114922404289,0,0.9645610584853282
76561198279423495,0,0.0547754280269146,0,0.9645610584853282
76561198137845194,0,0.5485251545906067,0,0.9645610584853282
76561198081699643,0,0.3452494740486145,0,0.9645610584853282
76561199044747876,0,0.014149228110909462,0,0.9645610584853282
76561199804826184,0,0.016515763476490974,0,0.9645610584853282
76561198012654842,0,0.028523916378617287,0,0.9645610584853282
76561198021449430,0,0.02255207858979702,0,0.9645610584853282
76561198332128041,0,0.01581328548491001,0,0.9645610584853282
76561197999574231,0,0.47516772150993347,0,0.9645610584853282
76561198991417199,0,0.8324153423309326,0,0.9645610584853282
76561198087686237,0,0.03174438700079918,0,0.9645610584853282
76561199028341756,0,0.0864751785993576,0,0.9645610584853282
76561198035726780,1,0.8960453271865845,0,0.9645610584853282
76561198101657689,0,0.525154709815979,0,0.9645610584853282
76561197968312702,0,0.6639151573181152,0,0.9645610584853282
76561198027502227,1,0.7273457050323486,0,0.9645610584853282
76561198313790156,0,0.01661178469657898,0,0.9645610584853282
76561197974576589,0,0.4579143524169922,0,0.9645610584853282
76561199147797619,0,0.01730342023074627,0,0.9645610584853282
76561198008055385,0,0.4814619719982147,0,0.9645610584853282
76561197993983030,0,0.2415955662727356,0,0.9645610584853282
76561197979943857,0,0.4353930950164795,0,0.9645610584853282
76561199474492322,0,0.020090432837605476,0,0.9645610584853282
76561199073352519,0,0.01821037195622921,0,0.9645610584853282
76561199085801724,0,0.5116397738456726,0,0.9645610584853282
76561199112911659,0,0.1091882735490799,0,0.9645610584853282
76561198343631348,0,0.9813217520713806,0,0.9645610584853282
76561198050640703,1,0.9832951426506042,0,0.9645610584853282
76561198997236814,0,0.014201708137989044,0,0.9645610584853282
76561198046437660,0,0.07492034137248993,0,0.9645610584853282
76561199119873494,0,0.043309930711984634,0,0.9645610584853282
76561198027983538,0,0.05386653542518616,0,0.9645610584853282
76561198149597864,0,0.036137137562036514,0,0.9645610584853282
76561198134109918,0,0.06926742941141129,0,0.9645610584853282
76561198079307730,0,0.04146023467183113,0,0.9645610584853282
76561198185607938,0,0.21414536237716675,0,0.9645610584853282
76561198401351876,0,0.19947034120559692,0,0.9645610584853282
76561198367941840,0,0.33321765065193176,0,0.9645610584853282
76561198035991335,0,0.026937704533338547,0,0.9645610584853282
76561198347859269,0,0.47155261039733887,0,0.9645610584853282
76561198083093274,0,0.033872317522764206,0,0.9645610584853282
76561198084593369,0,0.3828916549682617,0,0.9645610584853282
76561198361469706,0,0.08948948979377747,0,0.9645610584853282
76561198070760214,0,0.6991595029830933,0,0.9645610584853282
76561198014210151,0,0.35358232259750366,0,0.9645610584853282
76561198109074695,0,0.04207349196076393,0,0.9645610584853282
76561198118752096,0,0.05396720767021179,0,0.9645610584853282
76561198331311054,0,0.01594606041908264,0,0.9645610584853282
76561198047047882,0,0.4209742248058319,0,0.9645610584853282
76561199236614264,0,0.01354348286986351,0,0.9645610584853282
76561199132889455,0,0.0455162413418293,0,0.9645610584853282
76561198045743278,0,0.022783445194363594,0,0.9645610584853282
76561198089233331,0,0.08853217214345932,0,0.9645610584853282
76561198961266196,0,0.0138932503759861,0,0.9645610584853282
76561199149688569,0,0.049682628363370895,0,0.9645610584853282
76561198154027070,0,0.011970603838562965,0,0.9645610584853282
76561198210807241,0,0.018659431487321854,0,0.9645610584853282
76561198072525402,0,0.8105252981185913,0,0.9645610584853282
76561199078332658,0,0.029238352552056313,0,0.9645610584853282
76561198139866518,0,0.051428794860839844,0,0.9645610584853282
76561198149762683,0,0.01235534530133009,0,0.9645610584853282
76561198414029254,0,0.036439113318920135,0,0.9645610584853282
76561198867354229,0,0.040573738515377045,0,0.9645610584853282
76561199094878227,0,0.07111172378063202,0,0.9645610584853282
76561199144239322,0,0.043279729783535004,0,0.9645610584853282
76561199488097727,0,0.017480216920375824,0,0.9645610584853282
76561198299109245,0,0.9427332282066345,0,0.9645610584853282
76561199258891042,0,0.01766902767121792,0,0.9645610584853282
76561197960879939,0,0.05587015673518181,0,0.9645610584853282
76561198089871391,1,0.9896334409713745,0,0.9645610584853282
76561198262504182,0,0.10091885179281235,0,0.9645610584853282
76561198109208247,1,0.9657164216041565,0,0.9645610584853282
76561197960475872,0,0.012376182712614536,0,0.9645610584853282
76561199094925194,0,0.06951257586479187,0,0.9645610584853282
76561198968523351,0,0.7195016145706177,0,0.9645610584853282
76561198053386012,0,0.013042011298239231,0,0.9645610584853282
76561198051555750,0,0.0081385038793087,0,0.9645610584853282
76561199026509138,0,0.9579731822013855,0,0.9645610584853282
76561199258898323,0,0.34394291043281555,0,0.9645610584853282
76561199348929653,0,0.282210111618042,0,0.9645610584853282
76561198383885557,0,0.9793108105659485,0,0.9645610584853282
76561199039851878,0,0.015286753885447979,0,0.9645610584853282
76561198049991107,0,0.02533097192645073,0,0.9645610584853282
76561198833557849,0,0.015034640207886696,0,0.9645610584853282
76561199233114711,0,0.08577525615692139,0,0.9645610584853282
76561198131647577,0,0.04528340697288513,0,0.9645610584853282
76561198119832925,0,0.029368683695793152,0,0.9645610584853282
76561197984583736,0,0.014697610400617123,0,0.9645610584853282
76561198133175134,0,0.6140178442001343,0,0.9645610584853282
76561198326341965,0,0.6850767135620117,0,0.9645610584853282
76561199651440000,0,0.05089493840932846,0,0.9645610584853282
76561198045002870,0,0.011588292196393013,0,0.9645610584853282
76561198050710947,0,0.040937524288892746,0,0.9645610584853282
76561199226061485,0,0.05661861225962639,0,0.9645610584853282
76561198082040114,0,0.010730575770139694,0,0.9645610584853282
76561199202427034,0,0.30938804149627686,0,0.9645610584853282
76561197988473362,0,0.12671397626399994,0,0.9645610584853282
76561198246770340,0,0.931332528591156,0,0.9645610584853282
76561198114607765,0,0.28166210651397705,0,0.9645610584853282
76561198997722111,0,0.033550798892974854,0,0.9645610584853282
76561199042181166,0,0.19995830953121185,0,0.9645610584853282
76561199595733486,0,0.030079560354351997,0,0.9645610584853282
76561199400699178,0,0.8825235366821289,0,0.9645610584853282
76561198141315155,0,0.26322048902511597,0,0.9645610584853282
76561199158278742,0,0.010415329597890377,0,0.9645610584853282
76561197961885163,0,0.05607612058520317,0,0.9645610584853282
76561198076014514,0,0.026176322251558304,0,0.9645610584853282
76561198053880758,0,0.346376895904541,0,0.9645610584853282
76561197991672401,0,0.2482491135597229,0,0.9645610584853282
76561199324998588,0,0.07494834810495377,0,0.9645610584853282
76561198071316134,0,0.08147695660591125,0,0.9645610584853282
76561198299265989,0,0.1776989847421646,0,0.9645610584853282
76561199016188657,0,0.4076820909976959,0,0.9645610584853282
76561198302434411,0,0.48395660519599915,0,0.9645610584853282
76561199130578327,1,0.9850549697875977,0,0.9645610584853282
76561198295681434,0,0.02580084837973118,0,0.9645610584853282
76561199001854129,0,0.09190380573272705,0,0.9645610584853282
76561199345813004,0,0.0352340005338192,0,0.9645610584853282
76561198042703600,0,0.5541289448738098,0,0.9645610584853282
76561198051262668,0,0.1238177940249443,0,0.9645610584853282
76561198301838604,0,0.7067613005638123,0,0.9645610584853282
76561198855720085,0,0.011605838313698769,0,0.9645610584853282
76561198106094911,0,0.3414327800273895,0,0.9645610584853282
76561198105870916,0,0.5546383857727051,0,0.9645610584853282
76561198014629779,0,0.598860502243042,0,0.9645610584853282
76561198044846318,0,0.8716261982917786,0,0.9645610584853282
76561198314738400,0,0.022578779608011246,0,0.9645610584853282
76561199370811562,0,0.03101239912211895,0,0.9645610584853282
76561198001573353,1,0.519153356552124,0,0.9645610584853282
76561197978270999,0,0.016217876225709915,0,0.9645610584853282
76561198218814517,0,0.12043043226003647,0,0.9645610584853282
76561198943848797,0,0.9873160123825073,0,0.9645610584853282
76561198132480550,0,0.032898060977458954,0,0.9645610584853282
76561198838792005,0,0.014829023741185665,0,0.9645610584853282
76561199302041475,0,0.4393320381641388,0,0.9645610584853282
76561198135276346,0,0.04284137487411499,0,0.9645610584853282
76561199257092604,0,0.1405288577079773,0,0.9645610584853282
76561199486899863,1,0.9347783923149109,0,0.9645610584853282
76561199275904499,0,0.5220579504966736,0,0.9645610584853282
76561199261627709,0,0.051428794860839844,0,0.9645610584853282
76561199543166311,1,0.9921166300773621,0,0.9645610584853282
76561198263596063,0,0.007434141356498003,0,0.9645610584853282
76561198303761440,0,0.010668533854186535,0,0.9645610584853282
76561199475828118,1,0.9890977144241333,0,0.9645610584853282
76561198156185405,0,0.020636841654777527,0,0.9645610584853282
76561198056912885,0,0.08519848436117172,0,0.9645610584853282
76561199122855730,0,0.0072533912025392056,0,0.9645610584853282
76561199014086585,0,0.05055203288793564,0,0.9645610584853282
76561198342989095,0,0.491367906332016,0,0.9645610584853282
76561198090892610,0,0.02771148458123207,0,0.9645610584853282
76561198896928508,0,0.19445663690567017,0,0.9645610584853282
76561198125668723,0,0.04455568641424179,0,0.9645610584853282
76561199044436864,0,0.15291103720664978,0,0.9645610584853282
76561198162595367,0,0.30468857288360596,0,0.9645610584853282
76561198078104208,0,0.05664381384849548,0,0.9645610584853282
76561198874755168,0,0.05666271224617958,0,0.9645610584853282
76561199111090018,0,0.016515763476490974,0,0.9645610584853282
76561198965015100,0,0.010609258897602558,0,0.9645610584853282
76561198417860181,0,0.02001427300274372,0,0.9645610584853282
76561198399408992,0,0.29272210597991943,0,0.9645610584853282
76561198138950886,0,0.6629307866096497,0,0.9645610584853282
76561198882416638,0,0.061185937374830246,0,0.9645610584853282
76561198925581020,0,0.01758207008242607,0,0.9645610584853282
76561198065782959,0,0.0464332140982151,0,0.9645610584853282
76561197990310799,0,0.1418437510728836,0,0.9645610584853282
76561199095657906,0,0.012243961915373802,0,0.9645610584853282
76561199336990058,0,0.06193332001566887,0,0.9645610584853282
76561198146085639,0,0.18860174715518951,0,0.9645610584853282
76561198155190850,0,0.04781578108668327,0,0.9645610584853282
76561198030821513,0,0.16452641785144806,0,0.9645610584853282
76561198152805342,0,0.12276338040828705,0,0.9645610584853282
76561198006601818,0,0.11376336961984634,0,0.9645610584853282
76561198816335621,0,0.01716405153274536,0,0.9645610584853282
76561198096123932,0,0.0690041184425354,0,0.9645610584853282
76561199436208034,0,0.014201708137989044,0,0.9645610584853282
76561198854873311,0,0.03675141558051109,0,0.9645610584853282
76561198105680498,0,0.0632462352514267,0,0.9645610584853282
76561198250695470,0,0.011241856962442398,0,0.9645610584853282
76561198980415556,0,0.025715278461575508,0,0.9645610584853282
76561199214038675,0,0.06787719577550888,0,0.9645610584853282
76561198149445781,0,0.012795848771929741,0,0.9645610584853282
76561198158917648,0,0.179104283452034,0,0.9645610584853282
76561198839122989,0,0.29484274983406067,0,0.9645610584853282
76561199059069337,0,0.017823537811636925,0,0.9645610584853282
76561198108069785,0,0.46058106422424316,0,0.9645610584853282
76561197971896625,0,0.009501379914581776,0,0.9645610584853282
76561199078800671,0,0.07358111441135406,0,0.9645610584853282
76561198183092898,0,0.0999375730752945,0,0.9645610584853282
76561199499202186,0,0.01594606041908264,0,0.9645610584853282
76561198351440243,0,0.01766144670546055,0,0.9645610584853282
76561198160296833,1,0.9837576746940613,0,0.9645610584853282
76561198002561659,0,0.167427659034729,0,0.9645610584853282
76561198062179821,0,0.38217803835868835,0,0.9645610584853282
76561198988081139,0,0.06099778786301613,0,0.9645610584853282
76561199095733262,0,0.03521084412932396,0,0.9645610584853282
76561198150148451,0,0.047959037125110626,0,0.9645610584853282
76561197994750036,0,0.2193901538848877,0,0.9645610584853282
76561199482045650,0,0.030826294794678688,0,0.9645610584853282
76561198877318432,0,0.025036828592419624,0,0.9645610584853282
76561198035446603,0,0.07681307196617126,0,0.9645610584853282
76561199202399187,0,0.5984234809875488,0,0.9645610584853282
76561198066124609,0,0.031014831736683846,0,0.9645610584853282
76561198061304199,0,0.6075595021247864,0,0.9645610584853282
76561197978546800,0,0.05507916957139969,0,0.9645610584853282
76561198055291797,0,0.700069010257721,0,0.9645610584853282
76561198122456770,0,0.1358422040939331,0,0.9645610584853282
76561199194631363,0,0.15509331226348877,0,0.9645610584853282
76561198106414786,0,0.5244496464729309,0,0.9645610584853282
76561198191801989,0,0.8197535872459412,0,0.9645610584853282
76561198451726763,0,0.6859689354896545,0,0.9645610584853282
76561198053863963,0,0.3839215040206909,0,0.9645610584853282
76561198047446427,0,0.6637479662895203,0,0.9645610584853282
76561198844924614,0,0.08577525615692139,0,0.9645610584853282
76561198099609485,0,0.23005947470664978,0,0.9645610584853282
76561198394041751,0,0.016515763476490974,0,0.9645610584853282
76561198066740761,0,0.011911210604012012,0,0.9645610584853282
76561199186574678,0,0.060853470116853714,0,0.9645610584853282
76561198442779185,0,0.5113561153411865,0,0.9645610584853282
76561198077872538,0,0.9373697638511658,0,0.9645610584853282
76561198991077477,0,0.014201708137989044,0,0.9645610584853282
76561199086931041,0,0.03174470365047455,0,0.9645610584853282
76561199556040460,0,0.02354925498366356,0,0.9645610584853282
76561198194039301,0,0.7121413946151733,0,0.9645610584853282
76561199389647805,0,0.6452962160110474,0,0.9645610584853282
76561199048678684,0,0.026327582076191902,0,0.9645610584853282
76561198310330443,0,0.029995307326316833,0,0.9645610584853282
76561198073371243,0,0.6342480182647705,0,0.9645610584853282
76561198411780535,0,0.4218190610408783,0,0.9645610584853282
76561199366311472,0,0.054145194590091705,0,0.9645610584853282
76561199173369293,0,0.24197371304035187,0,0.9645610584853282
76561198000976390,0,0.0702967420220375,0,0.9645610584853282
76561199537916545,0,0.506075918674469,0,0.9645610584853282
76561198061147542,0,0.028507154434919357,0,0.9645610584853282
76561198850786781,0,0.06706307828426361,0,0.9645610584853282
76561198081617561,0,0.8678527474403381,0,0.9645610584853282
76561198053618806,0,0.09993815422058105,0,0.9645610584853282
76561198038126034,0,0.4621109366416931,0,0.9645610584853282
76561198073868612,0,0.1759374737739563,0,0.9645610584853282
76561198006679602,0,0.1708948165178299,0,0.9645610584853282
76561199152654207,0,0.06253313273191452,0,0.9645610584853282
76561198015820279,0,0.04343250021338463,0,0.9645610584853282
76561199160301182,0,0.4342002272605896,0,0.9645610584853282
76561198068825317,0,0.670323371887207,0,0.9645610584853282
76561198842408661,0,0.01594606041908264,0,0.9645610584853282
76561198327007893,0,0.04137757048010826,0,0.9645610584853282
76561198076285078,0,0.04814903065562248,0,0.9645610584853282
76561198024233859,0,0.04588230326771736,0,0.9645610584853282
76561199023568214,0,0.801997184753418,0,0.9645610584853282
76561198204682399,0,0.010668533854186535,0,0.9645610584853282
76561199558118410,0,0.24663817882537842,0,0.9645610584853282
76561198368748273,0,0.04828999564051628,0,0.9645610584853282
76561199558524876,0,0.09150130301713943,0,0.9645610584853282
76561198060164248,1,0.9749491810798645,0,0.9645610584853282
76561198109897670,0,0.058289483189582825,0,0.9645610584853282
76561197992862314,0,0.03876025974750519,0,0.9645610584853282
76561199239722057,0,0.02440381795167923,0,0.9645610584853282
76561199202776521,0,0.05705401673913002,0,0.9645610584853282
76561199386239808,0,0.1171165332198143,0,0.9645610584853282
76561198052015577,0,0.2682270109653473,0,0.9645610584853282
76561198128229085,0,0.0394405722618103,0,0.9645610584853282
76561198041015005,0,0.14942868053913116,0,0.9645610584853282
76561199591374756,0,0.15540993213653564,0,0.9645610584853282
76561198451284271,0,0.16525529325008392,0,0.9645610584853282
76561198006558890,0,0.1550580859184265,0,0.9645610584853282
76561198185149359,0,0.014201708137989044,0,0.9645610584853282
76561198035905963,0,0.0075411107391119,0,0.9645610584853282
76561199196003285,0,0.020603425800800323,0,0.9645610584853282
76561197970322781,0,0.08402996510267258,0,0.9645610584853282
76561198071894945,0,0.026455840095877647,0,0.9645610584853282
76561198006549191,0,0.05960713326931,0,0.9645610584853282
76561198072031867,0,0.015642857179045677,0,0.9645610584853282
76561198823043864,0,0.007905807346105576,0,0.9645610584853282
76561199109828248,0,0.04228220880031586,0,0.9645610584853282
76561199162836400,0,0.03164564073085785,0,0.9645610584853282
76561198043805663,0,0.554915726184845,0,0.9645610584853282
76561198130109263,0,0.07994996756315231,0,0.9645610584853282
76561199394258450,0,0.043183501809835434,0,0.9645610584853282
76561198094959659,0,0.05297448858618736,0,0.9645610584853282
76561199187983755,0,0.056117087602615356,0,0.9645610584853282
76561198010354858,0,0.02339858002960682,0,0.9645610584853282
76561198073177632,0,0.008000867441296577,0,0.9645610584853282
76561198877373851,0,0.020038200542330742,0,0.9645610584853282
76561199191406955,1,0.9900012016296387,0,0.9645610584853282
76561198043474439,0,0.04188011586666107,0,0.9645610584853282
76561198091183391,0,0.013829302974045277,0,0.9645610584853282
76561199179869248,0,0.05295068025588989,0,0.9645610584853282
76561199141564387,0,0.010668533854186535,0,0.9645610584853282
76561199048232173,0,0.06787719577550888,0,0.9645610584853282
76561199068050846,0,0.01730342023074627,0,0.9645610584853282
76561198140850942,0,0.03011479042470455,0,0.9645610584853282
76561198190048169,0,0.05276312679052353,0,0.9645610584853282
76561198831541180,0,0.9359559416770935,0,0.9645610584853282
76561199003347829,0,0.5614049434661865,0,0.9645610584853282
76561198978180613,0,0.09622252732515335,0,0.9645610584853282
76561198018199584,0,0.0663105770945549,0,0.9645610584853282
76561198967895381,0,0.2785777747631073,0,0.9645610584853282
76561198259916714,0,0.793268620967865,0,0.9645610584853282
76561199221437879,0,0.01970359869301319,0,0.9645610584853282
76561198034321555,0,0.020782798528671265,0,0.9645610584853282
76561199245893602,0,0.26186734437942505,0,0.9645610584853282
76561198233710092,0,0.035214487463235855,0,0.9645610584853282
76561198805236865,0,0.01594606041908264,0,0.9645610584853282
76561198258366611,0,0.034474775195121765,0,0.9645610584853282
76561199002353054,0,0.3205042779445648,0,0.9645610584853282
76561198129626403,0,0.04474576190114021,0,0.9645610584853282
76561198259514266,0,0.04878375679254532,0,0.9645610584853282
76561198073164061,0,0.2952403426170349,0,0.9645610584853282
76561198037683441,0,0.8713303804397583,0,0.9645610584853282
76561198082736982,0,0.5339246988296509,0,0.9645610584853282
76561198123156744,0,0.9001199007034302,0,0.9645610584853282
76561198418187122,0,0.07977252453565598,0,0.9645610584853282
76561198846223231,0,0.01235534530133009,0,0.9645610584853282
76561197989129059,0,0.3337169587612152,0,0.9645610584853282
76561198180246942,0,0.07697875797748566,0,0.9645610584853282
76561198041328699,0,0.03470106050372124,0,0.9645610584853282
76561198128958361,0,0.06298068910837173,0,0.9645610584853282
76561199087218382,0,0.0599932037293911,0,0.9645610584853282
76561198097254157,0,0.24156491458415985,0,0.9645610584853282
76561198857482727,0,0.4268967807292938,0,0.9645610584853282
76561198411371321,0,0.6749932169914246,0,0.9645610584853282
76561198909248351,0,0.11116447299718857,0,0.9645610584853282
76561198271769392,0,0.13046184182167053,0,0.9645610584853282
76561198393396543,0,0.941145122051239,0,0.9645610584853282
76561198054148755,0,0.02399253286421299,0,0.9645610584853282
76561199079444764,0,0.0916123166680336,0,0.9645610584853282
76561198032282293,0,0.013914980925619602,0,0.9645610584853282
76561199025147525,0,0.24652472138404846,0,0.9645610584853282
76561198095722247,0,0.21612587571144104,0,0.9645610584853282
76561198033631922,0,0.9567351937294006,0,0.9645610584853282
76561198236378342,0,0.05479426681995392,0,0.9645610584853282
76561198927420688,0,0.07420000433921814,0,0.9645610584853282
76561198207619444,0,0.011898046359419823,0,0.9645610584853282
76561198016788892,0,0.027175309136509895,0,0.9645610584853282
76561198334073158,0,0.15020254254341125,0,0.9645610584853282
76561198873686481,0,0.0871913880109787,0,0.9645610584853282
76561199622920745,0,0.549374520778656,0,0.9645610584853282
76561198121297202,0,0.28030505776405334,0,0.9645610584853282
76561198138773850,0,0.7549751400947571,0,0.9645610584853282
76561199379252890,0,0.09457936882972717,0,0.9645610584853282
76561198409039154,0,0.13228659331798553,0,0.9645610584853282
76561198079226120,0,0.21685951948165894,0,0.9645610584853282
76561197985319580,0,0.19601498544216156,0,0.9645610584853282
76561199153337195,0,0.022422049194574356,0,0.9645610584853282
76561197970521014,0,0.010668533854186535,0,0.9645610584853282
76561198107382266,0,0.06564213335514069,0,0.9645610584853282
76561198087649617,0,0.029382850974798203,0,0.9645610584853282
76561198056543517,0,0.06687777489423752,0,0.9645610584853282
76561198134363426,0,0.6441983580589294,0,0.9645610584853282
76561199076810696,0,0.22719937562942505,0,0.9645610584853282
76561198150273537,0,0.034254077821969986,0,0.9645610584853282
76561199502566299,0,0.13677726686000824,0,0.9645610584853282
76561198331449954,0,0.030892767012119293,0,0.9645610584853282
76561198057049387,0,0.019588204100728035,0,0.9645610584853282
76561198030242250,0,0.03020435944199562,0,0.9645610584853282
76561198288877161,0,0.6142528653144836,0,0.9645610584853282
76561198331940469,0,0.016701726242899895,0,0.9645610584853282
76561199151025008,0,0.16705670952796936,0,0.9645610584853282
76561198254820483,0,0.1342984288930893,0,0.9645610584853282
76561198059345842,0,0.1363929808139801,0,0.9645610584853282
76561198895339187,0,0.029806142672896385,0,0.9645610584853282
76561198021612071,0,0.11440856754779816,0,0.9645610584853282
76561198341873647,0,0.8967491984367371,0,0.9645610584853282
76561198448349602,0,0.028695950284600258,0,0.9645610584853282
76561199036690976,0,0.01124066486954689,0,0.9645610584853282
76561198080653831,0,0.012981385923922062,0,0.9645610584853282
76561199127687034,0,0.7265416383743286,0,0.9645610584853282
76561198222134168,0,0.02663649246096611,0,0.9645610584853282
76561199207913608,0,0.014201708137989044,0,0.9645610584853282
76561198040777702,0,0.2163190394639969,0,0.9645610584853282
76561198132110029,0,0.43893811106681824,0,0.9645610584853282
76561198957787451,0,0.4385015368461609,0,0.9645610584853282
76561198374904931,0,0.01718386635184288,0,0.9645610584853282
76561199228738289,0,0.1661580502986908,0,0.9645610584853282
76561198309969832,0,0.5046030879020691,0,0.9645610584853282
76561199003042126,0,0.009385884739458561,0,0.9645610584853282
76561197995686259,0,0.23733019828796387,0,0.9645610584853282
76561198988325727,0,0.05745881795883179,0,0.9645610584853282
76561198008756424,0,0.293374627828598,0,0.9645610584853282
76561198047472036,0,0.18167664110660553,0,0.9645610584853282
76561199231679858,0,0.010668533854186535,0,0.9645610584853282
76561199023588778,0,0.032839175313711166,0,0.9645610584853282
76561199085667334,0,0.05841609463095665,0,0.9645610584853282
76561198200271069,1,0.6452495455741882,0,0.9645610584853282
76561198359943807,1,0.9901378154754639,0,0.9645610584853282
76561198048069296,0,0.9607928991317749,0,0.9645610584853282
76561198153886384,0,0.6689494848251343,0,0.9645610584853282
76561198041617754,0,0.07209789007902145,0,0.9645610584853282
76561199122729954,0,0.13326823711395264,0,0.9645610584853282
76561198798153900,0,0.12681250274181366,0,0.9645610584853282
76561198021489775,0,0.8763316869735718,0,0.9645610584853282
76561199548338480,0,0.4556322693824768,0,0.9645610584853282
76561199063394248,0,0.565601110458374,0,0.9645610584853282
76561199501389903,0,0.034530166536569595,0,0.9645610584853282
76561198042180292,0,0.49493587017059326,0,0.9645610584853282
76561199067942739,0,0.9697968363761902,0,0.9645610584853282
76561198088160733,0,0.019671281799674034,0,0.9645610584853282
76561197992921741,0,0.4809456467628479,0,0.9645610584853282
76561198007331479,0,0.21364550292491913,0,0.9645610584853282
76561197983671551,0,0.27082568407058716,0,0.9645610584853282
76561198095034504,0,0.8853569030761719,0,0.9645610584853282
76561198216750863,0,0.09108567237854004,0,0.9645610584853282
76561198022877314,0,0.09050939232110977,0,0.9645610584853282
76561198355716369,0,0.30976852774620056,0,0.9645610584853282
76561198992139388,0,0.4245016872882843,0,0.9645610584853282
76561197969654894,0,0.22351936995983124,0,0.9645610584853282
76561198145365462,0,0.2539033889770508,0,0.9645610584853282
76561198401438976,0,0.06397692859172821,0,0.9645610584853282
76561199216880054,0,0.32724207639694214,0,0.9645610584853282
76561198963708852,0,0.09086374193429947,0,0.9645610584853282
76561199227342713,0,0.010668533854186535,0,0.9645610584853282
76561198399909042,0,0.4584851562976837,0,0.9645610584853282
76561198018686512,0,0.17426210641860962,0,0.9645610584853282
76561199526847957,0,0.5356228947639465,0,0.9645610584853282
76561198350539577,0,0.7616843581199646,0,0.9645610584853282
76561198029596110,0,0.014450928196310997,0,0.9645610584853282
76561197974697239,0,0.17878364026546478,0,0.9645610584853282
76561198075779901,0,0.028156068176031113,0,0.9645610584853282
76561199013311945,0,0.015376860275864601,0,0.9645610584853282
76561199079882628,0,0.22050714492797852,0,0.9645610584853282
76561198189619650,0,0.017101701349020004,0,0.9645610584853282
76561199241608949,0,0.06924603134393692,0,0.9645610584853282
76561198448920799,0,0.05184190720319748,0,0.9645610584853282
76561199533909386,0,0.015726633369922638,0,0.9645610584853282
76561198979644607,0,0.1099667102098465,0,0.9645610584853282
76561198389369225,0,0.034159861505031586,0,0.9645610584853282
76561199231962050,0,0.46628835797309875,0,0.9645610584853282
76561198414680630,0,0.3220771849155426,0,0.9645610584853282
76561198803703263,0,0.012676242738962173,0,0.9645610584853282
76561198185071059,0,0.20219722390174866,0,0.9645610584853282
76561198852827447,0,0.8124081492424011,0,0.9645610584853282
76561198906512519,0,0.017148982733488083,0,0.9645610584853282
76561198065921189,1,0.9752487540245056,0,0.9645610584853282
76561199125265437,0,0.26090008020401,0,0.9645610584853282
76561198140953920,0,0.9747161269187927,0,0.9645610584853282
76561198964317378,0,0.03143204376101494,0,0.9645610584853282
76561198122236237,0,0.5474172830581665,0,0.9645610584853282
76561198070733604,0,0.036798980087041855,0,0.9645610584853282
76561198987205632,0,0.014201708137989044,0,0.9645610584853282
76561199109702371,0,0.01682654768228531,0,0.9645610584853282
76561198298241190,0,0.029240239411592484,0,0.9645610584853282
76561198018872702,0,0.12682384252548218,0,0.9645610584853282
76561198041701246,0,0.013296052813529968,0,0.9645610584853282
76561197984773953,0,0.02342154271900654,0,0.9645610584853282
76561199231899998,0,0.03588011488318443,0,0.9645610584853282
76561198015981743,0,0.01855906844139099,0,0.9645610584853282
76561198419226079,0,0.05674586817622185,0,0.9645610584853282
76561198165026049,0,0.862835705280304,0,0.9645610584853282
76561198239070170,0,0.03747381269931793,0,0.9645610584853282
76561198361734579,0,0.010668533854186535,0,0.9645610584853282
76561198452717619,0,0.712746798992157,0,0.9645610584853282
76561199192029533,0,0.30211523175239563,0,0.9645610584853282
76561199170088401,0,0.02393818087875843,0,0.9645610584853282
76561198045214608,0,0.06262174993753433,0,0.9645610584853282
76561198089514679,0,0.07373635470867157,0,0.9645610584853282
76561198323700751,0,0.028890129178762436,0,0.9645610584853282
76561198116655273,0,0.4004780352115631,0,0.9645610584853282
76561199097902464,0,0.021748218685388565,0,0.9645610584853282
76561198800676380,0,0.03616802394390106,0,0.9645610584853282
76561198075866765,0,0.0440131239593029,0,0.9645610584853282
76561198311193037,0,0.012634987942874432,0,0.9645610584853282
76561198873368397,0,0.03158539533615112,0,0.9645610584853282
76561197984527100,0,0.014161177910864353,0,0.9645610584853282
76561198067938622,0,0.02186228334903717,0,0.9645610584853282
76561198887103804,0,0.1418686807155609,0,0.9645610584853282
76561198074548955,0,0.08817934989929199,0,0.9645610584853282
76561198344828868,0,0.01566288433969021,0,0.9645610584853282
76561198129698924,0,0.32076409459114075,0,0.9645610584853282
76561198072566831,0,0.21634027361869812,0,0.9645610584853282
76561199326159448,0,0.019258813932538033,0,0.9645610584853282
76561199191639644,0,0.14149531722068787,0,0.9645610584853282
76561198271195269,0,0.025874072685837746,0,0.9645610584853282
76561198063070992,0,0.13999535143375397,0,0.9645610584853282
76561198268883729,0,0.0333905890583992,0,0.9645610584853282
76561198994434775,0,0.019006039947271347,0,0.9645610584853282
76561198078797547,0,0.1938774287700653,0,0.9645610584853282
76561198032741661,0,0.015477597713470459,0,0.9645610584853282
76561199060628976,0,0.1125669851899147,0,0.9645610584853282
76561198137624661,0,0.12250379472970963,0,0.9645610584853282
76561197998980711,0,0.40700316429138184,0,0.9645610584853282
76561199175299456,0,0.03696814551949501,0,0.9645610584853282
76561198118290797,0,0.4584996998310089,0,0.9645610584853282
76561199101449078,0,0.9373632669448853,0,0.9645610584853282
76561198165897380,0,0.08197574317455292,0,0.9645610584853282
76561198853799150,0,0.014201708137989044,0,0.9645610584853282
76561197967346099,0,0.020292311906814575,0,0.9645610584853282
76561199104131866,1,0.9832894802093506,0,0.9645610584853282
76561199496639549,0,0.05491328239440918,0,0.9645610584853282
76561198864971520,0,0.6970740556716919,0,0.9645610584853282
76561198362923951,0,0.36172476410865784,0,0.9645610584853282
76561198069985542,0,0.35610252618789673,0,0.9645610584853282
76561199018026427,0,0.860331118106842,0,0.9645610584853282
76561199086687120,0,0.07887521386146545,0,0.9645610584853282
76561198142326371,0,0.25430020689964294,0,0.9645610584853282
76561198123800353,0,0.7602816820144653,0,0.9645610584853282
76561198019386886,0,0.3018015921115875,0,0.9645610584853282
76561198048557780,0,0.254533976316452,0,0.9645610584853282
76561198310201772,0,0.04140356183052063,0,0.9645610584853282
76561199616611678,0,0.15086989104747772,0,0.9645610584853282
76561198835119996,0,0.03750072792172432,0,0.9645610584853282
76561199140093159,0,0.14312131702899933,0,0.9645610584853282
76561198069316886,0,0.37551066279411316,0,0.9645610584853282
76561198825173051,0,0.4129393398761749,0,0.9645610584853282
76561198000944826,0,0.09407617151737213,0,0.9645610584853282
76561198449380763,0,0.7398344278335571,0,0.9645610584853282
76561198824605316,0,0.8276973962783813,0,0.9645610584853282
76561198969612660,0,0.028334759175777435,0,0.9645610584853282
76561199174405296,0,0.022881805896759033,0,0.9645610584853282
76561198964373258,0,0.9837484359741211,0,0.9645610584853282
76561198028435724,0,0.561294674873352,0,0.9645610584853282
76561198940124420,0,0.033153340220451355,0,0.9645610584853282
76561199126164553,0,0.33184993267059326,0,0.9645610584853282
76561198225843092,0,0.6908135414123535,0,0.9645610584853282
76561198355028967,0,0.030954472720623016,0,0.9645610584853282
76561199140407260,0,0.10879019647836685,0,0.9645610584853282
76561198201971512,0,0.04220927506685257,0,0.9645610584853282
76561199140546069,0,0.057597752660512924,0,0.9645610584853282
76561199782580114,0,0.04988201707601547,0,0.9645610584853282
76561198833809096,0,0.14916957914829254,0,0.9645610584853282
76561199243245103,0,0.019529815763235092,0,0.9645610584853282
76561198927579967,0,0.02351953648030758,0,0.9645610584853282
76561199076079450,0,0.036311302334070206,0,0.9645610584853282
76561198407288455,0,0.0267389677464962,0,0.9645610584853282
76561198292853650,0,0.019258813932538033,0,0.9645610584853282
76561198167716067,0,0.07303730398416519,0,0.9645610584853282
76561199386713063,0,0.3554324805736542,0,0.9645610584853282
76561199384405968,0,0.3249330520629883,0,0.9645610584853282
76561199078794366,0,0.06787719577550888,0,0.9645610584853282
76561199007774099,0,0.7447584867477417,0,0.9645610584853282
76561198975278520,0,0.022525936365127563,0,0.9645610584853282
76561197974663792,0,0.9081336855888367,0,0.9645610584853282
76561198819846783,0,0.056293416768312454,0,0.9645610584853282
76561198071887996,0,0.07270900905132294,0,0.9645610584853282
76561198105299808,0,0.10478653758764267,0,0.9645610584853282
76561198083084445,0,0.3305160403251648,0,0.9645610584853282
76561198047627279,0,0.06717577576637268,0,0.9645610584853282
76561198077155538,0,0.00878342054784298,0,0.9645610584853282
76561198245443568,0,0.4151126742362976,0,0.9645610584853282
76561199375670143,0,0.03321145102381706,0,0.9645610584853282
76561198391173512,0,0.05423706769943237,0,0.9645610584853282
76561198050143333,0,0.3717004656791687,0,0.9645610584853282
76561199081140630,0,0.01594606041908264,0,0.9645610584853282
76561198952250736,0,0.015313012525439262,0,0.9645610584853282
76561198102333696,0,0.019379377365112305,0,0.9645610584853282
76561199209403670,0,0.21858422458171844,0,0.9645610584853282
76561199471544135,0,0.018236298114061356,0,0.9645610584853282
76561198033797640,0,0.032253287732601166,0,0.9645610584853282
76561198053541387,0,0.032840609550476074,0,0.9645610584853282
76561198255406155,0,0.07230240851640701,0,0.9645610584853282
76561197964736145,0,0.08685783296823502,0,0.9645610584853282
76561198046209758,1,0.9569659233093262,0,0.9645610584853282
76561199233085440,0,0.013197163119912148,0,0.9645610584853282
76561198375282884,0,0.6422603726387024,0,0.9645610584853282
76561199227856988,0,0.017081353813409805,0,0.9645610584853282
76561198006633219,0,0.06366447359323502,0,0.9645610584853282
76561199172744890,0,0.7564029693603516,0,0.9645610584853282
76561199687814607,0,0.03149138018488884,0,0.9645610584853282
76561199223717118,0,0.010668533854186535,0,0.9645610584853282
76561198832151501,0,0.1117837131023407,0,0.9645610584853282
76561198374234507,0,0.9358240365982056,0,0.9645610584853282
76561198399184591,0,0.9437175393104553,0,0.9645610584853282
76561198339868478,0,0.7791975140571594,0,0.9645610584853282
76561198002086244,0,0.3346390426158905,0,0.9645610584853282
76561198053692255,0,0.25781315565109253,0,0.9645610584853282
76561199111896969,0,0.014201708137989044,0,0.9645610584853282
76561198847185900,0,0.021722858771681786,0,0.9645610584853282
76561199061937350,0,0.03996096923947334,0,0.9645610584853282
76561198859534900,0,0.47093144059181213,0,0.9645610584853282
76561198084086334,0,0.049113862216472626,0,0.9645610584853282
76561198235890428,0,0.7631043791770935,0,0.9645610584853282
76561198136171308,0,0.03037179633975029,0,0.9645610584853282
76561198402264379,1,0.9733428359031677,0,0.9645610584853282
76561199443514599,0,0.01879459246993065,0,0.9645610584853282
76561198391902672,0,0.016873430460691452,0,0.9645610584853282
76561199079219069,1,0.9434536695480347,0,0.9645610584853282
76561198058012258,0,0.313137412071228,0,0.9645610584853282
76561198151440385,0,0.3074337840080261,0,0.9645610584853282
76561199440650124,0,0.010765761137008667,0,0.9645610584853282
76561198865320318,0,0.21795818209648132,0,0.9645610584853282
76561198974751508,0,0.01566288433969021,0,0.9645610584853282
76561199217158865,0,0.7819378972053528,0,0.9645610584853282
76561198272610112,0,0.22369490563869476,0,0.9645610584853282
76561198272788930,0,0.8631215691566467,0,0.9645610584853282
76561199174817937,0,0.0450422503054142,0,0.9645610584853282
76561199276412290,0,0.016866352409124374,0,0.9645610584853282
76561199633553679,0,0.018139686435461044,0,0.9645610584853282
76561198797611741,0,0.4717212915420532,0,0.9645610584853282
76561198143126136,0,0.5314170122146606,0,0.9645610584853282
76561199117822128,0,0.010668533854186535,0,0.9645610584853282
76561198375425299,0,0.019968796521425247,0,0.9645610584853282
76561198203729677,0,0.03270566090941429,0,0.9645610584853282
76561199137104138,0,0.32265493273735046,0,0.9645610584853282
76561198078423771,0,0.11485767364501953,0,0.9645610584853282
76561198036005832,0,0.023293474689126015,0,0.9645610584853282
76561198012291258,0,0.06361990422010422,0,0.9645610584853282
76561199527974292,0,0.024741098284721375,0,0.9645610584853282
76561198870462905,0,0.015111178159713745,0,0.9645610584853282
76561198071222295,0,0.9634682536125183,0,0.9645610584853282
76561199350916422,0,0.01676032692193985,0,0.9645610584853282
76561198291552190,0,0.10420844703912735,0,0.9645610584853282
76561199210474646,0,0.41851741075515747,0,0.9645610584853282
76561198831809865,0,0.04969041049480438,0,0.9645610584853282
76561198167359461,0,0.07087928056716919,0,0.9645610584853282
76561198101968914,0,0.35815659165382385,0,0.9645610584853282
76561198441240299,0,0.9835609197616577,0,0.9645610584853282
76561199005573428,0,0.616511881351471,0,0.9645610584853282
76561198127433118,0,0.019107600674033165,0,0.9645610584853282
76561199228647824,0,0.012654627673327923,0,0.9645610584853282
76561199185081167,0,0.12824614346027374,0,0.9645610584853282
76561198874183444,0,0.015578022226691246,0,0.9645610584853282
76561197984581014,0,0.02496515028178692,0,0.9645610584853282
76561198089813458,0,0.015060147270560265,0,0.9645610584853282
76561198065026784,0,0.06489279866218567,0,0.9645610584853282
76561198004272545,0,0.03944745287299156,0,0.9645610584853282
76561198103453770,0,0.051428794860839844,0,0.9645610584853282
76561198031562014,0,0.01332059781998396,0,0.9645610584853282
76561198099655563,0,0.08088944107294083,0,0.9645610584853282
76561199046478927,0,0.2339070439338684,0,0.9645610584853282
76561198877761310,1,0.9917749166488647,0,0.9645610584853282
76561197979799121,0,0.3121545910835266,0,0.9645610584853282
76561198975046304,0,0.04271065071225166,0,0.9645610584853282
76561198046032249,1,0.40627601742744446,0,0.9645610584853282
76561198368417879,0,0.14732830226421356,0,0.9645610584853282
76561198055351978,0,0.07877755910158157,0,0.9645610584853282
76561199325760054,0,0.012881525792181492,0,0.9645610584853282
76561197971900633,0,0.009303457103669643,0,0.9645610584853282
76561198401393365,0,0.6280813217163086,0,0.9645610584853282
76561198175479221,0,0.09029397368431091,0,0.9645610584853282
76561198263715951,0,0.14786137640476227,0,0.9645610584853282
76561199584018483,0,0.0741926059126854,0,0.9645610584853282
76561198259796914,0,0.015690268948674202,0,0.9645610584853282
76561198067535493,0,0.023721691220998764,0,0.9645610584853282
76561198308801343,0,0.6821888089179993,0,0.9645610584853282
76561199229837471,0,0.006336176302284002,0,0.9645610584853282
76561199344597726,0,0.08439940214157104,0,0.9645610584853282
76561198035291963,0,0.04416815936565399,0,0.9645610584853282
76561197995661987,0,0.046052418649196625,0,0.9645610584853282
76561198071772105,0,0.44115355610847473,0,0.9645610584853282
76561199196954339,0,0.9734491109848022,0,0.9645610584853282
76561199066130793,0,0.014201708137989044,0,0.9645610584853282
76561199014753856,0,0.16786985099315643,0,0.9645610584853282
76561198268234988,0,0.26897352933883667,0,0.9645610584853282
76561198036375811,0,0.3534410297870636,0,0.9645610584853282
76561199139319390,0,0.01900125853717327,0,0.9645610584853282
76561198429832599,0,0.32928165793418884,0,0.9645610584853282
76561199124219374,0,0.027424156665802002,0,0.9645610584853282
76561198354674576,0,0.8974183201789856,0,0.9645610584853282
76561199203760924,0,0.9196369051933289,0,0.9645610584853282
76561198233472804,0,0.11172265559434891,0,0.9645610584853282
76561197962259207,0,0.07165701687335968,0,0.9645610584853282
76561198036856923,0,0.4474407136440277,0,0.9645610584853282
76561198803728937,0,0.07830094546079636,0,0.9645610584853282
76561198110836127,0,0.4093491733074188,0,0.9645610584853282
76561198154889852,0,0.02210737019777298,0,0.9645610584853282
76561199642927314,0,0.05991979315876961,0,0.9645610584853282
76561199006713325,0,0.057980459183454514,0,0.9645610584853282
76561198999468563,0,0.3136815130710602,0,0.9645610584853282
76561198354062967,0,0.44937729835510254,0,0.9645610584853282
76561198155217313,1,0.9881861209869385,0,0.9645610584853282
76561199068083290,0,0.04565715789794922,0,0.9645610584853282
76561197991523979,0,0.1373685598373413,0,0.9645610584853282
76561198031278948,0,0.07718344032764435,0,0.9645610584853282
76561197992438015,1,0.8642774820327759,0,0.9645610584853282
76561198867761094,0,0.05562257394194603,0,0.9645610584853282
76561197998442796,0,0.5918090343475342,0,0.9645610584853282
76561198072176172,0,0.2217453420162201,0,0.9645610584853282
76561198054225800,0,0.591973066329956,0,0.9645610584853282
76561198368482119,0,0.013928885571658611,0,0.9645610584853282
76561198345270219,0,0.035787951201200485,0,0.9645610584853282
76561198037982242,0,0.06270624697208405,0,0.9645610584853282
76561198040435722,0,0.009090038947761059,0,0.9645610584853282
76561198070872332,0,0.9777131676673889,0,0.9645610584853282
76561197998439669,0,0.039913617074489594,0,0.9645610584853282
76561198132727301,0,0.8632397055625916,0,0.9645610584853282
76561198347822160,0,0.48332294821739197,0,0.9645610584853282
76561198195876581,1,0.9831070899963379,0,0.9645610584853282
76561198171269918,0,0.04950103536248207,0,0.9645610584853282
76561198092669793,0,0.8428082466125488,0,0.9645610584853282
76561198007527417,0,0.4403260052204132,0,0.9645610584853282
76561199077945422,0,0.34639355540275574,0,0.9645610584853282
76561199382665562,0,0.03403426706790924,0,0.9645610584853282
76561199176560058,0,0.31522491574287415,0,0.9645610584853282
76561198879969455,0,0.013178806751966476,0,0.9645610584853282
76561198208083443,1,0.46554574370384216,0,0.9645610584853282
76561198012991591,0,0.1878681480884552,0,0.9645610584853282
76561198128247631,0,0.25044184923171997,0,0.9645610584853282
76561199127465962,0,0.051428794860839844,0,0.9645610584853282
76561198400702021,0,0.0637892484664917,0,0.9645610584853282
76561198286738336,0,0.026517560705542564,0,0.9645610584853282
76561198921057372,0,0.01938474550843239,0,0.9645610584853282
76561198199108231,0,0.988244891166687,0,0.9645610584853282
76561198980387092,0,0.39085593819618225,0,0.9645610584853282
76561198030109043,0,0.018138131126761436,0,0.9645610584853282
76561198202292784,0,0.010668533854186535,0,0.9645610584853282
76561198830271671,0,0.040116772055625916,0,0.9645610584853282
76561199019910286,0,0.024277282878756523,0,0.9645610584853282
76561198049659006,0,0.3201271593570709,0,0.9645610584853282
76561198017470907,0,0.047730255872011185,0,0.9645610584853282
76561198897574768,0,0.7036368250846863,0,0.9645610584853282
76561198052042859,0,0.06358081847429276,0,0.9645610584853282
76561198803300979,0,0.6684978008270264,0,0.9645610584853282
76561199047457411,0,0.12375954538583755,0,0.9645610584853282
76561199574582188,0,0.11397604644298553,0,0.9645610584853282
76561198075884729,0,0.636982262134552,0,0.9645610584853282
76561198924190257,0,0.056117087602615356,0,0.9645610584853282
76561198054848675,0,0.8354817628860474,0,0.9645610584853282
76561198814397568,0,0.4720972180366516,0,0.9645610584853282
76561199424581273,0,0.03497295081615448,0,0.9645610584853282
76561198204450480,0,0.044776637107133865,0,0.9645610584853282
76561198347130793,0,0.02537369541823864,0,0.9645610584853282
76561198048005317,0,0.01594606041908264,0,0.9645610584853282
76561198061983048,0,0.07368171960115433,0,0.9645610584853282
76561199003777251,0,0.07462169975042343,0,0.9645610584853282
76561199122134036,0,0.016560787335038185,0,0.9645610584853282
76561199218718396,0,0.04629794508218765,0,0.9645610584853282
76561199347524871,0,0.2009650617837906,0,0.9645610584853282
76561198364276699,0,0.040684156119823456,0,0.9645610584853282
76561198803720341,0,0.20139622688293457,0,0.9645610584853282
76561198948849824,0,0.012691900134086609,0,0.9645610584853282
76561198020815459,0,0.07494586706161499,0,0.9645610584853282
76561199229999892,0,0.066311314702034,0,0.9645610584853282
76561197964872783,0,0.01263011060655117,0,0.9645610584853282
76561198058070552,0,0.48450496792793274,0,0.9645610584853282
76561199227152834,0,0.1290288120508194,0,0.9645610584853282
76561199591393259,0,0.08541974425315857,0,0.9645610584853282
76561198293798818,0,0.01594606041908264,0,0.9645610584853282
76561199220388002,0,0.09995628893375397,0,0.9645610584853282
76561198024426039,0,0.009836495853960514,0,0.9645610584853282
76561198024025714,0,0.07755039632320404,0,0.9645610584853282
76561198025866809,0,0.31922397017478943,0,0.9645610584853282
76561198171072881,0,0.06989143788814545,0,0.9645610584853282
76561199062419278,0,0.1017209142446518,0,0.9645610584853282
76561198000013756,0,0.031483862549066544,0,0.9645610584853282
76561198049928419,0,0.03226002678275108,0,0.9645610584853282
76561198123009701,0,0.13129054009914398,0,0.9645610584853282
76561198030820936,0,0.010668533854186535,0,0.9645610584853282
76561199057353372,0,0.11076521873474121,0,0.9645610584853282
76561198969285227,0,0.07489892840385437,0,0.9645610584853282
76561199567171166,0,0.03608884662389755,0,0.9645610584853282
76561198882512265,0,0.02070769853889942,0,0.9645610584853282
76561199095453958,0,0.020604485645890236,0,0.9645610584853282
76561198248509224,0,0.5073714256286621,0,0.9645610584853282
76561198281047024,0,0.03111942484974861,0,0.9645610584853282
76561199530761890,0,0.038984332233667374,0,0.9645610584853282
76561199472086034,0,0.009068041108548641,0,0.9645610584853282
76561198141116746,0,0.05745597556233406,0,0.9645610584853282
76561198090427469,0,0.07168767601251602,0,0.9645610584853282
76561198341137805,0,0.9604418873786926,0,0.9645610584853282
76561197973223967,0,0.03110799565911293,0,0.9645610584853282
76561198841746684,0,0.49423807859420776,0,0.9645610584853282
76561199221842216,0,0.01785373128950596,0,0.9645610584853282
76561198050081532,0,0.04390525817871094,0,0.9645610584853282
76561198132119344,0,0.4280729293823242,0,0.9645610584853282
76561199221645702,0,0.08773992955684662,0,0.9645610584853282
76561199085894606,0,0.014988591894507408,0,0.9645610584853282
76561199114926374,0,0.7408537268638611,0,0.9645610584853282
76561198851364442,0,0.17764759063720703,0,0.9645610584853282
76561198107938605,0,0.03656334429979324,0,0.9645610584853282
76561198047611234,0,0.33137252926826477,0,0.9645610584853282
76561199199755358,1,0.941815972328186,0,0.9645610584853282
76561198064947415,0,0.34853941202163696,0,0.9645610584853282
76561198119445802,0,0.34869593381881714,0,0.9645610584853282
76561198063861249,0,0.12777407467365265,0,0.9645610584853282
76561197983762507,0,0.22927182912826538,0,0.9645610584853282
76561198293429762,0,0.25939086079597473,0,0.9645610584853282
76561198446929293,0,0.018268169835209846,0,0.9645610584853282
76561198302045727,0,0.17598788440227509,0,0.9645610584853282
76561199180603225,0,0.01594606041908264,0,0.9645610584853282
76561198020357407,0,0.5164244771003723,0,0.9645610584853282
76561198115838937,0,0.02293451875448227,0,0.9645610584853282
76561197963396383,0,0.22172683477401733,0,0.9645610584853282
76561198819493113,0,0.528039276599884,0,0.9645610584853282
76561198443687220,0,0.09560712426900864,0,0.9645610584853282
76561198144541107,0,0.03764726221561432,0,0.9645610584853282
76561199207651676,0,0.03834027051925659,0,0.9645610584853282
76561198127804591,0,0.01730342023074627,0,0.9645610584853282
76561199389725143,0,0.01732683554291725,0,0.9645610584853282
76561198174042322,0,0.04475203901529312,0,0.9645610584853282
76561197961255077,0,0.2716120481491089,0,0.9645610584853282
76561198352611099,1,0.4464150071144104,0,0.9645610584853282
76561198401880671,0,0.010668533854186535,0,0.9645610584853282
76561198865078089,0,0.03761614114046097,0,0.9645610584853282
76561198811503003,0,0.5112286806106567,0,0.9645610584853282
76561198084226773,0,0.02826576866209507,0,0.9645610584853282
76561199496752123,0,0.9729943871498108,0,0.9645610584853282
76561198068429208,0,0.11409411579370499,0,0.9645610584853282
76561198320672610,0,0.25166597962379456,0,0.9645610584853282
76561198237810730,0,0.025811301544308662,0,0.9645610584853282
76561198041445728,0,0.103972889482975,0,0.9645610584853282
76561198051895580,0,0.06557518988847733,0,0.9645610584853282
76561199672610978,0,0.02629033662378788,0,0.9645610584853282
76561199186063884,0,0.014201708137989044,0,0.9645610584853282
76561198040038029,0,0.01636599190533161,0,0.9645610584853282
76561198267773049,0,0.021912233904004097,0,0.9645610584853282
76561199380333022,0,0.058411918580532074,0,0.9645610584853282
76561199051710824,0,0.07205997407436371,0,0.9645610584853282
76561198290168540,0,0.0224042609333992,0,0.9645610584853282
76561199043407435,0,0.2096092849969864,0,0.9645610584853282
76561198845855648,0,0.01730342023074627,0,0.9645610584853282
76561199229529927,0,0.04909718409180641,0,0.9645610584853282
76561199443213519,0,0.06682080030441284,0,0.9645610584853282
76561199224319702,1,0.985249936580658,0,0.9645610584853282
76561198355107226,0,0.045222003012895584,0,0.9645610584853282
76561198855435335,1,0.9839816689491272,0,0.9645610584853282
76561198969623794,0,0.0076706502586603165,0,0.9645610584853282
76561198097536415,0,0.022160114720463753,0,0.9645610584853282
76561198986587160,0,0.019258813932538033,0,0.9645610584853282
76561198128033164,0,0.07078370451927185,0,0.9645610584853282
76561198877785193,0,0.34378159046173096,0,0.9645610584853282
76561198306395503,0,0.01806752197444439,0,0.9645610584853282
76561199072384101,0,0.014201708137989044,0,0.9645610584853282
76561198382594954,0,0.07542651891708374,0,0.9645610584853282
76561198848067486,0,0.03656438738107681,0,0.9645610584853282
76561198801154276,0,0.2942340075969696,0,0.9645610584853282
76561198055546890,0,0.14588101208209991,0,0.9645610584853282
76561199155940452,0,0.15883032977581024,0,0.9645610584853282
76561198144426141,0,0.010668533854186535,0,0.9645610584853282
76561198052342475,0,0.01947660744190216,0,0.9645610584853282
76561198276433402,0,0.9038969874382019,0,0.9645610584853282
76561199094507392,0,0.13340741395950317,0,0.9645610584853282
76561199489524909,0,0.03740008547902107,0,0.9645610584853282
76561198240415498,0,0.07396569848060608,0,0.9645610584853282
76561198426265917,0,0.014201708137989044,0,0.9645610584853282
76561198027412045,0,0.04465899616479874,0,0.9645610584853282
76561198022418743,0,0.02158818207681179,0,0.9645610584853282
76561198168974282,0,0.9586531519889832,0,0.9645610584853282
76561198864233234,0,0.08361226320266724,0,0.9645610584853282
76561198220211669,0,0.6674506068229675,0,0.9645610584853282
76561198196614526,0,0.021721338853240013,0,0.9645610584853282
76561199434272635,0,0.3271343410015106,0,0.9645610584853282
76561199101319583,0,0.02853894792497158,0,0.9645610584853282
76561198289565476,0,0.01656344160437584,0,0.9645610584853282
76561198055026467,0,0.8658487200737,0,0.9645610584853282
76561199017909999,0,0.038469478487968445,0,0.9645610584853282
76561197969395281,0,0.018936550244688988,0,0.9645610584853282
76561197984317586,1,0.9878199100494385,0,0.9645610584853282
76561198264264624,0,0.010668533854186535,0,0.9645610584853282
76561198119269650,0,0.012545713223516941,0,0.9645610584853282
76561199122994875,0,0.0407269187271595,0,0.9645610584853282
76561199029656086,0,0.051428794860839844,0,0.9645610584853282
76561198324638897,0,0.030698725953698158,0,0.9645610584853282
76561198047033853,0,0.08516307175159454,0,0.9645610584853282
76561198254968402,0,0.015690268948674202,0,0.9645610584853282
76561198295149275,0,0.05220331624150276,0,0.9645610584853282
76561198990318242,0,0.013491413556039333,0,0.9645610584853282
76561198202324426,0,0.03695645555853844,0,0.9645610584853282
76561198271982069,0,0.03867431357502937,0,0.9645610584853282
76561199249435672,0,0.17464259266853333,0,0.9645610584853282
76561198088385511,1,0.5862807035446167,0,0.9645610584853282
76561198211255129,0,0.2602911591529846,0,0.9645610584853282
76561199445431828,0,0.026287367567420006,0,0.9645610584853282
76561198138587059,0,0.3091450333595276,0,0.9645610584853282
76561197996444664,0,0.08304450660943985,0,0.9645610584853282
76561198047305108,0,0.5528221130371094,0,0.9645610584853282
76561199392871163,0,0.31043821573257446,0,0.9645610584853282
76561198001226057,0,0.3577299118041992,0,0.9645610584853282
76561198142615684,0,0.048215221613645554,0,0.9645610584853282
76561198978678376,0,0.022289704531431198,0,0.9645610584853282
76561198031367619,0,0.9141489267349243,0,0.9645610584853282
76561198364809405,0,0.1103704497218132,0,0.9645610584853282
76561197996146702,0,0.1211271807551384,0,0.9645610584853282
76561198884929049,0,0.01594606041908264,0,0.9645610584853282
76561198343551168,0,0.6254470944404602,0,0.9645610584853282
76561198274308918,0,0.06319469958543777,0,0.9645610584853282
76561198119141351,0,0.3267260491847992,0,0.9645610584853282
76561198351813860,0,0.032486286014318466,0,0.9645610584853282
76561198383073554,0,0.6388165354728699,0,0.9645610584853282
76561199476235154,0,0.0921577662229538,0,0.9645610584853282
76561198263264184,1,0.9791394472122192,0,0.9645610584853282
76561199782294235,0,0.539431631565094,0,0.9645610584853282
76561198357855788,0,0.061498306691646576,0,0.9645610584853282
76561198855192894,0,0.3286712169647217,0,0.9645610584853282
76561198026412544,0,0.8020523190498352,0,0.9645610584853282
76561198436088330,0,0.018250586465001106,0,0.9645610584853282
76561199049497373,0,0.4851657450199127,0,0.9645610584853282
76561198833066781,0,0.06872758269309998,0,0.9645610584853282
76561198873167847,0,0.14586739242076874,0,0.9645610584853282
76561198014976245,0,0.4305272102355957,0,0.9645610584853282
76561198400787721,1,0.7104862332344055,0,0.9645610584853282
76561198024942826,0,0.04913504794239998,0,0.9645610584853282
76561197960454188,0,0.4172475337982178,0,0.9645610584853282
76561198228054508,0,0.11962537467479706,0,0.9645610584853282
76561199688030736,0,0.030928637832403183,0,0.9645610584853282
76561198056979556,0,0.06413388252258301,0,0.9645610584853282
76561198167588100,0,0.5687578916549683,0,0.9645610584853282
76561199212570215,0,0.13939931988716125,0,0.9645610584853282
76561198122062212,0,0.8061811327934265,0,0.9645610584853282
76561198081110223,0,0.03689593821763992,0,0.9645610584853282
76561198035923504,1,0.9523138403892517,0,0.9645610584853282
76561198077964496,0,0.020890114828944206,0,0.9645610584853282
76561199222747208,0,0.19191841781139374,0,0.9645610584853282
76561198193271019,0,0.4299229085445404,0,0.9645610584853282
76561199125187744,0,0.06787719577550888,0,0.9645610584853282
76561198970399562,0,0.032556112855672836,0,0.9645610584853282
76561198220254071,0,0.838604211807251,0,0.9645610584853282
76561199443446325,0,0.07656089961528778,0,0.9645610584853282
76561198874189699,0,0.022711247205734253,0,0.9645610584853282
76561197998789896,0,0.2645920515060425,0,0.9645610584853282
76561198424018929,0,0.2145940661430359,0,0.9645610584853282
76561197960888688,0,0.03913826495409012,0,0.9645610584853282
76561198045297653,0,0.07491479068994522,0,0.9645610584853282
76561199250099052,0,0.02219054102897644,0,0.9645610584853282
76561198071250114,0,0.4292398989200592,0,0.9645610584853282
76561199467773356,0,0.10531903803348541,0,0.9645610584853282
76561198072817877,0,0.028532160446047783,0,0.9645610584853282
76561198376369152,0,0.020258817821741104,0,0.9645610584853282
76561198132201600,0,0.07304488867521286,0,0.9645610584853282
76561199344621937,0,0.023350944742560387,0,0.9645610584853282
76561199220997106,0,0.04228220880031586,0,0.9645610584853282
76561198332414582,0,0.037284113466739655,0,0.9645610584853282
76561198000115002,0,0.0640501081943512,0,0.9645610584853282
76561198120231787,0,0.010450370609760284,0,0.9645610584853282
76561198014650645,0,0.15729941427707672,0,0.9645610584853282
76561198235564692,0,0.08513952046632767,0,0.9645610584853282
76561199098322357,0,0.022610163316130638,0,0.9645610584853282
76561198364830882,0,0.9396476149559021,0,0.9645610584853282
76561198052578071,0,0.021797655150294304,0,0.9645610584853282
76561198873133169,0,0.01594606041908264,0,0.9645610584853282
76561198155640107,0,0.05215761065483093,0,0.9645610584853282
76561198000589835,0,0.017400560900568962,0,0.9645610584853282
76561199013791328,0,0.10594259202480316,0,0.9645610584853282
76561198949553952,0,0.8267853260040283,0,0.9645610584853282
76561199073078670,0,0.3743906021118164,0,0.9645610584853282
76561198328611550,0,0.43083226680755615,0,0.9645610584853282
76561199237571766,0,0.025062721222639084,0,0.9645610584853282
76561199164599023,0,0.1724075973033905,0,0.9645610584853282
76561199384718273,0,0.15421947836875916,0,0.9645610584853282
76561198809796509,0,0.02851126156747341,0,0.9645610584853282
76561199018171319,0,0.022711247205734253,0,0.9645610584853282
76561199527582944,0,0.8981988430023193,0,0.9645610584853282
76561198426290139,0,0.12588995695114136,0,0.9645610584853282
76561198415416835,0,0.08099759370088577,0,0.9645610584853282
76561198024821617,0,0.07268773764371872,0,0.9645610584853282
76561198110618229,0,0.5913107991218567,0,0.9645610584853282
76561199092852276,0,0.2663189172744751,0,0.9645610584853282
76561198273607209,0,0.040084753185510635,0,0.9645610584853282
76561198180715787,0,0.015572823584079742,0,0.9645610584853282
76561198113663972,0,0.17433831095695496,0,0.9645610584853282
76561199520339475,0,0.03189273923635483,0,0.9645610584853282
76561198383231322,0,0.02070438116788864,0,0.9645610584853282
76561198204558032,0,0.0938713401556015,0,0.9645610584853282
76561198964784135,0,0.4280232787132263,0,0.9645610584853282
76561199491363097,0,0.01809260994195938,0,0.9645610584853282
76561199340697948,0,0.5980113744735718,0,0.9645610584853282
76561198079366178,0,0.13507241010665894,0,0.9645610584853282
76561198030994745,0,0.06796875596046448,0,0.9645610584853282
76561198912060866,0,0.009824524633586407,0,0.9645610584853282
76561198342091874,0,0.7436667084693909,0,0.9645610584853282
76561198154888177,0,0.17628294229507446,0,0.9645610584853282
76561197975761908,0,0.02674766443669796,0,0.9645610584853282
76561198106212072,0,0.9577511548995972,0,0.9645610584853282
76561198997393847,0,0.023543642833828926,0,0.9645610584853282
76561198017193279,0,0.017943238839507103,0,0.9645610584853282
76561198801118553,0,0.017527630552649498,0,0.9645610584853282
76561198135336493,0,0.4414949417114258,0,0.9645610584853282
76561199002358970,0,0.3935856521129608,0,0.9645610584853282
76561198157898239,0,0.026517560705542564,0,0.9645610584853282
76561197976637698,0,0.04734102636575699,0,0.9645610584853282
76561199097342128,0,0.29848602414131165,0,0.9645610584853282
76561198214494745,0,0.4396439492702484,0,0.9645610584853282
76561198015482955,0,0.2532389760017395,0,0.9645610584853282
76561197965168151,0,0.06246925890445709,0,0.9645610584853282
76561199652055687,0,0.03019631654024124,0,0.9645610584853282
76561197960467635,0,0.02831282652914524,0,0.9645610584853282
76561198110571007,0,0.022436780855059624,0,0.9645610584853282
76561198930779702,0,0.09437558799982071,0,0.9645610584853282
76561198369173672,0,0.009972020983695984,0,0.9645610584853282
76561199212425487,0,0.014201708137989044,0,0.9645610584853282
76561198278263888,0,0.13384103775024414,0,0.9645610584853282
76561199440752051,0,0.017591562122106552,0,0.9645610584853282
76561198320885176,0,0.5929063558578491,0,0.9645610584853282
76561199017054012,0,0.020684266462922096,0,0.9645610584853282
76561198171139495,0,0.05728507041931152,0,0.9645610584853282
76561199217419812,1,0.9851886034011841,0,0.9645610584853282
76561198138671787,0,0.034798648208379745,0,0.9645610584853282
76561198781236327,0,0.015916388481855392,0,0.9645610584853282
76561198061251908,0,0.08306259661912918,0,0.9645610584853282
76561199047768607,0,0.011302484199404716,0,0.9645610584853282
76561197985877854,0,0.06011705473065376,0,0.9645610584853282
76561199117209781,0,0.029703721404075623,0,0.9645610584853282
76561198046133544,0,0.2728932797908783,0,0.9645610584853282
76561198014926328,0,0.031815871596336365,0,0.9645610584853282
76561199723950588,0,0.015027468092739582,0,0.9645610584853282
76561199363909524,0,0.029894312843680382,0,0.9645610584853282
76561198214457088,0,0.02021368220448494,0,0.9645610584853282
76561199247667106,1,0.9775308966636658,0,0.9645610584853282
76561198135638513,0,0.941635012626648,0,0.9645610584853282
76561198065405147,0,0.05687098205089569,0,0.9645610584853282
76561199455573109,0,0.40806856751441956,0,0.9645610584853282
76561199192908285,0,0.070918969810009,0,0.9645610584853282
76561199140362752,0,0.21908850967884064,0,0.9645610584853282
76561198079715800,0,0.5830711722373962,0,0.9645610584853282
76561199061980476,0,0.06541051715612411,0,0.9645610584853282
76561199021487702,0,0.023902200162410736,0,0.9645610584853282
76561198021442177,0,0.015622207894921303,0,0.9645610584853282
76561199096284899,0,0.2522783577442169,0,0.9645610584853282
76561199216311147,0,0.33303457498550415,0,0.9645610584853282
76561198291993067,0,0.4148915410041809,0,0.9645610584853282
76561198048131756,0,0.29108938574790955,0,0.9645610584853282
76561199081528793,0,0.028913479298353195,0,0.9645610584853282
76561198295947584,0,0.041531041264534,0,0.9645610584853282
76561199212424844,0,0.07859361916780472,0,0.9645610584853282
76561199075033971,1,0.17814762890338898,0,0.9645610584853282
76561197999606861,0,0.14884698390960693,0,0.9645610584853282
76561199156541216,0,0.010439066216349602,0,0.9645610584853282
76561199177999981,0,0.12100667506456375,0,0.9645610584853282
76561198249258018,0,0.05966208130121231,0,0.9645610584853282
76561198923049135,0,0.32378503680229187,0,0.9645610584853282
76561198070276616,0,0.015521795488893986,0,0.9645610584853282
76561198421956169,0,0.012669726274907589,0,0.9645610584853282
76561198826395251,0,0.42131051421165466,0,0.9645610584853282
76561198025177991,0,0.02015296369791031,0,0.9645610584853282
76561198120915310,0,0.016623973846435547,0,0.9645610584853282
76561198066011366,0,0.15071652829647064,0,0.9645610584853282
76561198044113017,0,0.009802205488085747,0,0.9645610584853282
76561199146307970,0,0.035457316786050797,0,0.9645610584853282
76561198129015095,0,0.008280462585389614,0,0.9645610584853282
76561198159184176,0,0.04944460839033127,0,0.9645610584853282
76561199241148264,0,0.06534618884325027,0,0.9645610584853282
76561198069636816,0,0.3961856961250305,0,0.9645610584853282
76561199228244007,0,0.02292426861822605,0,0.9645610584853282
76561199579956235,0,0.10437726974487305,0,0.9645610584853282
76561198325338964,0,0.016774673014879227,0,0.9645610584853282
76561198215622015,0,0.05402484908699989,0,0.9645610584853282
76561198169896775,0,0.13683287799358368,0,0.9645610584853282
76561198237480454,0,0.06303715705871582,0,0.9645610584853282
76561198980922885,0,0.0440928116440773,0,0.9645610584853282
76561199106458542,0,0.04426078498363495,0,0.9645610584853282
76561199179050699,0,0.9516483545303345,0,0.9645610584853282
76561199500360078,0,0.3074314594268799,0,0.9645610584853282
76561198837638883,0,0.9619215130805969,0,0.9645610584853282
76561198035540696,0,0.298684686422348,0,0.9645610584853282
76561198261444959,0,0.3115745186805725,0,0.9645610584853282
76561198281482021,0,0.0181653443723917,0,0.9645610584853282
76561198058882176,0,0.03856119513511658,0,0.9645610584853282
76561199076736119,0,0.4046725034713745,0,0.9645610584853282
76561199144747176,0,0.056447770446538925,0,0.9645610584853282
76561199276642707,0,0.01766144670546055,0,0.9645610584853282
76561198395338062,0,0.6068084239959717,0,0.9645610584853282
76561199119904162,0,0.3818408250808716,0,0.9645610584853282
76561198019134694,0,0.19914864003658295,0,0.9645610584853282
76561198045731560,0,0.3887254595756531,0,0.9645610584853282
76561199469374963,1,0.9895151853561401,0,0.9645610584853282
76561198354123797,0,0.02998054213821888,0,0.9645610584853282
76561197976029885,0,0.10089682787656784,0,0.9645610584853282
76561198109107599,0,0.15434549748897552,0,0.9645610584853282
76561198097038740,0,0.015828438103199005,0,0.9645610584853282
76561198880669979,0,0.5143465399742126,0,0.9645610584853282
76561198125764974,0,0.06995663791894913,0,0.9645610584853282
76561198050039832,0,0.04522273689508438,0,0.9645610584853282
76561198066925554,0,0.5571762919425964,0,0.9645610584853282
76561198071400957,0,0.029064908623695374,0,0.9645610584853282
76561198170302006,0,0.03419024497270584,0,0.9645610584853282
76561198952012614,0,0.07941067218780518,0,0.9645610584853282
76561197971612927,0,0.14163950085639954,0,0.9645610584853282
76561198075655142,0,0.10029199719429016,0,0.9645610584853282
76561198047294325,0,0.014965111389756203,0,0.9645610584853282
76561199086547539,0,0.02934883162379265,0,0.9645610584853282
76561198269066344,0,0.007500084582716227,0,0.9645610584853282
76561198429182357,0,0.4492354691028595,0,0.9645610584853282
76561198122717933,0,0.31601765751838684,0,0.9645610584853282
76561198382460473,0,0.08503492176532745,0,0.9645610584853282
76561198299392254,0,0.014201708137989044,0,0.9645610584853282
76561198260422444,0,0.45130011439323425,0,0.9645610584853282
76561198803735353,0,0.11960837244987488,0,0.9645610584853282
76561198173842553,0,0.26380202174186707,0,0.9645610584853282
76561198020731950,0,0.03114485554397106,0,0.9645610584853282
76561199784661427,0,0.0957123190164566,0,0.9645610584853282
76561198010074580,0,0.5176767706871033,0,0.9645610584853282
76561198339853894,0,0.17806051671504974,0,0.9645610584853282
76561198120448291,0,0.036726195365190506,0,0.9645610584853282
76561198018980363,0,0.38873597979545593,0,0.9645610584853282
76561198799387432,0,0.030222710222005844,0,0.9645610584853282
76561199114066396,0,0.03177102282643318,0,0.9645610584853282
76561199153507580,0,0.03736312687397003,0,0.9645610584853282
76561198392672911,0,0.041705526411533356,0,0.9645610584853282
76561199390953145,0,0.0834021046757698,0,0.9645610584853282
76561198886272635,0,0.0990832969546318,0,0.9645610584853282
76561199138997334,0,0.14581437408924103,0,0.9645610584853282
76561198284343184,0,0.04938806965947151,0,0.9645610584853282
76561199556679704,0,0.1494409441947937,0,0.9645610584853282
76561199242336826,0,0.7408447861671448,0,0.9645610584853282
76561198050510461,0,0.016515763476490974,0,0.9645610584853282
76561199037594219,0,0.1322435885667801,0,0.9645610584853282
76561198022027256,0,0.01401018537580967,0,0.9645610584853282
76561199025736250,0,0.014265429228544235,0,0.9645610584853282
76561198056993822,0,0.02537757158279419,0,0.9645610584853282
76561198021061622,0,0.051428794860839844,0,0.9645610584853282
76561197964457181,0,0.007361897733062506,0,0.9645610584853282
76561198000695927,0,0.07163522392511368,0,0.9645610584853282
76561198069405681,0,0.011769482865929604,0,0.9645610584853282
76561198030936223,0,0.016962680965662003,0,0.9645610584853282
76561198042567947,0,0.21315117180347443,0,0.9645610584853282
76561199244581908,0,0.0788612887263298,0,0.9645610584853282
76561199747268827,0,0.9158027172088623,0,0.9645610584853282
76561198069112122,0,0.014208199456334114,0,0.9645610584853282
76561198111719982,0,0.03222831338644028,0,0.9645610584853282
76561198444015551,0,0.07527405768632889,0,0.9645610584853282
76561199502511230,0,0.5351905226707458,0,0.9645610584853282
76561198019808709,0,0.04408882185816765,0,0.9645610584853282
76561199575799856,0,0.04119621589779854,0,0.9645610584853282
76561198363002591,0,0.06054797023534775,0,0.9645610584853282
76561198363038360,0,0.03953893855214119,0,0.9645610584853282
76561199043326525,0,0.05555528402328491,0,0.9645610584853282
76561198026544240,0,0.951831042766571,0,0.9645610584853282
76561198093901051,0,0.022246718406677246,0,0.9645610584853282
76561199156572883,0,0.6351413726806641,0,0.9645610584853282
76561198212384283,0,0.02623870223760605,0,0.9645610584853282
76561198080718183,0,0.03722666949033737,0,0.9645610584853282
76561198948451090,0,0.08297345787286758,0,0.9645610584853282
76561199043773685,0,0.19063131511211395,0,0.9645610584853282
76561198133140111,0,0.04936974123120308,0,0.9645610584853282
76561198800011294,0,0.04270422086119652,0,0.9645610584853282
76561198120921395,0,0.18084825575351715,0,0.9645610584853282
76561197978349753,0,0.0477023720741272,0,0.9645610584853282
76561197963410994,0,0.03768474608659744,0,0.9645610584853282
76561198083107399,0,0.21720659732818604,0,0.9645610584853282
76561199038566948,0,0.016429485753178596,0,0.9645610584853282
76561198040341359,0,0.3304861783981323,0,0.9645610584853282
76561198086521814,0,0.525654137134552,0,0.9645610584853282
76561199136949200,0,0.04284137487411499,0,0.9645610584853282
76561199546905793,0,0.9058555960655212,0,0.9645610584853282
76561199194879606,0,0.21583636105060577,0,0.9645610584853282
76561198968506481,0,0.554858386516571,0,0.9645610584853282
76561198847068437,0,0.9602166414260864,0,0.9645610584853282
76561199345808401,0,0.037951454520225525,0,0.9645610584853282
76561198115579902,0,0.028825243934988976,0,0.9645610584853282
76561198069486448,0,0.033153340220451355,0,0.9645610584853282
76561199063262811,0,0.014201708137989044,0,0.9645610584853282
76561199500304359,0,0.9242897629737854,0,0.9645610584853282
76561198332221001,0,0.10089536011219025,0,0.9645610584853282
76561198293056097,0,0.36683130264282227,0,0.9645610584853282
76561198121280386,0,0.2893003821372986,0,0.9645610584853282
76561199097723710,0,0.4874612092971802,0,0.9645610584853282
76561198205392923,0,0.07654936611652374,0,0.9645610584853282
76561197989699016,0,0.41335856914520264,0,0.9645610584853282
76561199255699228,0,0.3369136452674866,0,0.9645610584853282
76561198360595053,1,0.9870088696479797,0,0.9645610584853282
76561199015892528,0,0.13588935136795044,0,0.9645610584853282
76561198151282586,0,0.6444590091705322,0,0.9645610584853282
76561198127343909,0,0.01960110291838646,0,0.9645610584853282
76561199468457303,0,0.533963143825531,0,0.9645610584853282
76561198040907925,0,0.11560680717229843,0,0.9645610584853282
76561198271994101,0,0.32780200242996216,0,0.9645610584853282
76561198104008374,0,0.014054459519684315,0,0.9645610584853282
76561198846869183,0,0.926749050617218,0,0.9645610584853282
76561198876024339,0,0.015323367901146412,0,0.9645610584853282
76561198207100695,0,0.35668861865997314,0,0.9645610584853282
76561199011781775,0,0.8717107772827148,0,0.9645610584853282
76561198009445720,1,0.9845727682113647,0,0.9645610584853282
76561198061776872,0,0.022292258217930794,0,0.9645610584853282
76561198002452769,0,0.013784391805529594,0,0.9645610584853282
76561199582015775,0,0.27231448888778687,0,0.9645610584853282
76561198147123515,0,0.47950300574302673,0,0.9645610584853282
76561198078937315,0,0.05971384048461914,0,0.9645610584853282
76561198424067598,0,0.6207307577133179,0,0.9645610584853282
76561198137350596,0,0.014447377063333988,0,0.9645610584853282
76561198139814164,0,0.10094819962978363,0,0.9645610584853282
76561199429844978,0,0.1064794585108757,0,0.9645610584853282
76561198904530211,0,0.034598492085933685,0,0.9645610584853282
76561198453279447,0,0.03359567001461983,0,0.9645610584853282
76561199564675017,0,0.9723691344261169,0,0.9645610584853282
76561199137991007,0,0.020376509055495262,0,0.9645610584853282
76561198005684502,0,0.02838822267949581,0,0.9645610584853282
76561198063414070,0,0.13590320944786072,0,0.9645610584853282
76561198995045243,0,0.016387635841965675,0,0.9645610584853282
76561198159036935,0,0.014201708137989044,0,0.9645610584853282
76561199210786022,0,0.019034821540117264,0,0.9645610584853282
76561197971375902,0,0.01591520756483078,0,0.9645610584853282
76561199517208649,0,0.15446129441261292,0,0.9645610584853282
76561199137247387,1,0.8705672025680542,0,0.9645610584853282
76561198060007539,0,0.016777032986283302,0,0.9645610584853282
76561198413062754,0,0.7888226509094238,0,0.9645610584853282
76561199085379868,0,0.01730342023074627,0,0.9645610584853282
76561198929761691,0,0.013204418122768402,0,0.9645610584853282
76561199567253971,0,0.03792949765920639,0,0.9645610584853282
76561199228700038,0,0.008696860633790493,0,0.9645610584853282
76561199215971182,0,0.3687605857849121,0,0.9645610584853282
76561199150076710,0,0.018719393759965897,0,0.9645610584853282
76561198265077887,0,0.10061204433441162,0,0.9645610584853282
76561198812564585,0,0.10951198637485504,0,0.9645610584853282
76561198808978250,0,0.06983152776956558,0,0.9645610584853282
76561198057934983,0,0.18614371120929718,0,0.9645610584853282
76561198285869001,0,0.07977252453565598,0,0.9645610584853282
76561198959172548,0,0.2887946665287018,0,0.9645610584853282
76561198092121222,0,0.05089493840932846,0,0.9645610584853282
76561198040166803,0,0.010484212078154087,0,0.9645610584853282
76561198000238005,0,0.07561904937028885,0,0.9645610584853282
76561198384317305,0,0.16450060904026031,0,0.9645610584853282
76561199073694005,0,0.1323484480381012,0,0.9645610584853282
76561199248071597,0,0.3581424355506897,0,0.9645610584853282
76561198015522967,0,0.026702390983700752,0,0.9645610584853282
76561199155287277,0,0.018588460981845856,0,0.9645610584853282
76561198051171748,0,0.20727410912513733,0,0.9645610584853282
76561198063922655,0,0.007983862422406673,0,0.9645610584853282
76561199110508930,0,0.08118730038404465,0,0.9645610584853282
76561198218779560,0,0.07854973524808884,0,0.9645610584853282
76561199209975978,0,0.15666604042053223,0,0.9645610584853282
76561198295768579,1,0.9739956855773926,0,0.9645610584853282
76561198024347948,0,0.007156809791922569,0,0.9645610584853282
76561198186829679,0,0.009466145187616348,0,0.9645610584853282
76561198815702037,0,0.10158996284008026,0,0.9645610584853282
76561198232082864,0,0.04426078498363495,0,0.9645610584853282
76561197992303455,0,0.01700584776699543,0,0.9645610584853282
76561197991538139,0,0.016515763476490974,0,0.9645610584853282
76561199475140964,0,0.05032435059547424,0,0.9645610584853282
76561198277695170,0,0.01566288433969021,0,0.9645610584853282
76561198035406431,0,0.7547208666801453,0,0.9645610584853282
76561198135043705,1,0.848458468914032,0,0.9645610584853282
76561199150540372,0,0.019955316558480263,0,0.9645610584853282
76561198057136626,0,0.2751128375530243,0,0.9645610584853282
76561197991289112,0,0.9193200469017029,0,0.9645610584853282
76561198187612823,0,0.31260767579078674,0,0.9645610584853282
76561199073511424,0,0.019302163273096085,0,0.9645610584853282
76561198434393498,0,0.046059366315603256,0,0.9645610584853282
76561198140167453,0,0.7699717283248901,0,0.9645610584853282
76561198265189715,0,0.009513337165117264,0,0.9645610584853282
76561198855525652,0,0.533359706401825,0,0.9645610584853282
76561198087811934,0,0.010346801951527596,0,0.9645610584853282
76561197983406838,0,0.6654409766197205,0,0.9645610584853282
76561198837957468,0,0.036086052656173706,0,0.9645610584853282
76561198061960270,0,0.24406267702579498,0,0.9645610584853282
76561198978725709,0,0.07143393158912659,0,0.9645610584853282
76561198303839406,0,0.6686488389968872,0,0.9645610584853282
76561198041555298,0,0.27956244349479675,0,0.9645610584853282
76561199016527488,0,0.3467878997325897,0,0.9645610584853282
76561197994386334,0,0.4691823124885559,0,0.9645610584853282
76561198807363858,0,0.15432342886924744,0,0.9645610584853282
76561198038093069,0,0.2578761875629425,0,0.9645610584853282
76561199190231340,0,0.3777105510234833,0,0.9645610584853282
76561198046708130,0,0.19178317487239838,0,0.9645610584853282
76561198342790380,0,0.3667747378349304,0,0.9645610584853282
76561199086847406,0,0.9223466515541077,0,0.9645610584853282
76561199136634370,0,0.010039621032774448,0,0.9645610584853282
76561198001575739,0,0.1303005963563919,0,0.9645610584853282
76561198227628128,0,0.6521590352058411,0,0.9645610584853282
76561199096716556,0,0.2851870059967041,0,0.9645610584853282
76561198966173834,0,0.29154714941978455,0,0.9645610584853282
76561198116943424,0,0.014201708137989044,0,0.9645610584853282
76561198077159030,0,0.8722623586654663,0,0.9645610584853282
76561198083499566,0,0.012447432614862919,0,0.9645610584853282
76561199002720572,0,0.1275278627872467,0,0.9645610584853282
76561198851295200,0,0.030205562710762024,0,0.9645610584853282
76561198094453611,0,0.04229733347892761,0,0.9645610584853282
76561197987028374,0,0.22759926319122314,0,0.9645610584853282
76561198358333672,0,0.04882759228348732,0,0.9645610584853282
76561198884069091,0,0.16001944243907928,0,0.9645610584853282
76561199312123742,0,0.06787719577550888,0,0.9645610584853282
76561198061368003,0,0.2576623558998108,0,0.9645610584853282
76561198373281081,0,0.08095703274011612,0,0.9645610584853282
76561198276919623,0,0.16159965097904205,0,0.9645610584853282
76561198017204122,0,0.9254777431488037,0,0.9645610584853282
76561199056095121,0,0.07877262681722641,0,0.9645610584853282
76561199520008208,0,0.01281282864511013,0,0.9645610584853282
76561198347156230,0,0.10851410776376724,0,0.9645610584853282
76561198304290520,0,0.04107094183564186,0,0.9645610584853282
76561199082564719,0,0.933051586151123,0,0.9645610584853282
76561198857547402,0,0.9746469855308533,0,0.9645610584853282
76561198807231314,0,0.29669591784477234,0,0.9645610584853282
76561198036528120,0,0.022693241015076637,0,0.9645610584853282
76561198239605394,0,0.0319194495677948,0,0.9645610584853282
76561198237947010,0,0.01728213019669056,0,0.9645610584853282
76561199193107491,0,0.01594606041908264,0,0.9645610584853282
76561199202663716,0,0.7808064818382263,0,0.9645610584853282
76561198046453389,0,0.1182067021727562,0,0.9645610584853282
76561199546857532,0,0.5704979300498962,0,0.9645610584853282
76561198758138145,0,0.09704557061195374,0,0.9645610584853282
76561198267574260,0,0.010382991284132004,0,0.9645610584853282
76561198214057120,0,0.014715665020048618,0,0.9645610584853282
76561199525168915,0,0.1700422167778015,0,0.9645610584853282
76561198822558483,0,0.051428794860839844,0,0.9645610584853282
76561199590090498,0,0.017464660108089447,0,0.9645610584853282
76561198959689179,1,0.9531987905502319,0,0.9645610584853282
76561197999519015,0,0.010876858606934547,0,0.9645610584853282
76561198062070385,0,0.2213631272315979,0,0.9645610584853282
76561198044734334,0,0.08824561536312103,0,0.9645610584853282
76561197961844556,0,0.016723519191145897,0,0.9645610584853282
76561198327724757,0,0.014355836436152458,0,0.9645610584853282
76561199391504328,1,0.9568661451339722,0,0.9645610584853282
76561198122779889,0,0.04228220880031586,0,0.9645610584853282
76561199196732989,0,0.9373621940612793,0,0.9645610584853282
76561198300510646,0,0.047965072095394135,0,0.9645610584853282
76561198257660939,0,0.016515763476490974,0,0.9645610584853282
76561198859329968,0,0.28128358721733093,0,0.9645610584853282
76561198030680681,0,0.020247604697942734,0,0.9645610584853282
76561199074684195,0,0.01594606041908264,0,0.9645610584853282
76561199372526548,0,0.04681364819407463,0,0.9645610584853282
76561198255883821,0,0.039915673434734344,0,0.9645610584853282
76561199261259665,0,0.010668533854186535,0,0.9645610584853282
76561198864118139,0,0.20250999927520752,0,0.9645610584853282
76561197975176036,0,0.0491388738155365,0,0.9645610584853282
76561198033429627,1,0.9760948419570923,0,0.9645610584853282
76561198051003310,0,0.015690268948674202,0,0.9645610584853282
76561199122102954,1,0.9832329154014587,0,0.9645610584853282
76561199066305551,0,0.6901376247406006,0,0.9645610584853282
76561199004801401,1,0.9798489212989807,0,0.9645610584853282
76561198104893382,1,0.5293238759040833,0,0.9645610584853282
76561199088276467,0,0.07389363646507263,0,0.9645610584853282
76561199192031382,0,0.008334876038134098,0,0.9645610584853282
76561198086475780,0,0.048917416483163834,0,0.9645610584853282
76561198025500477,0,0.38005754351615906,0,0.9645610584853282
76561198036278334,0,0.13170795142650604,0,0.9645610584853282
76561198072316627,0,0.10835137218236923,0,0.9645610584853282
76561198117991635,0,0.46597984433174133,0,0.9645610584853282
76561199069427628,0,0.35656848549842834,0,0.9645610584853282
76561198361835746,0,0.4327903687953949,0,0.9645610584853282
76561197996565946,0,0.45448118448257446,0,0.9645610584853282
76561197971459277,0,0.023197581991553307,0,0.9645610584853282
76561198798940550,1,0.9869794845581055,0,0.9645610584853282
76561198116619476,0,0.05556127801537514,0,0.9645610584853282
76561199471859706,0,0.17096807062625885,0,0.9645610584853282
76561197976854505,0,0.5853354930877686,0,0.9645610584853282
76561198329381480,0,0.3845278322696686,0,0.9645610584853282
76561198008782050,0,0.3045920431613922,0,0.9645610584853282
76561198062409686,0,0.11717116832733154,0,0.9645610584853282
76561198122773068,0,0.09286215901374817,0,0.9645610584853282
76561198855181225,0,0.5978987216949463,0,0.9645610584853282
76561198452319550,0,0.47200286388397217,0,0.9645610584853282
76561198187100085,0,0.3493967652320862,0,0.9645610584853282
76561199659440243,0,0.11443733423948288,0,0.9645610584853282
76561198009345755,0,0.49484971165657043,0,0.9645610584853282
76561199050385233,0,0.6299999356269836,0,0.9645610584853282
76561198292315760,0,0.041648201644420624,0,0.9645610584853282
76561198158156131,0,0.1206507608294487,0,0.9645610584853282
76561198451756222,0,0.30479249358177185,0,0.9645610584853282
76561198023510080,0,0.4217489957809448,0,0.9645610584853282
76561198389271595,0,0.02628147043287754,0,0.9645610584853282
76561199027596848,0,0.35457679629325867,0,0.9645610584853282
76561198280286603,0,0.09810225665569305,0,0.9645610584853282
76561198859416059,0,0.10610108822584152,0,0.9645610584853282
76561199076824606,0,0.42074739933013916,0,0.9645610584853282
76561198075098467,0,0.9399594664573669,0,0.9645610584853282
76561198360220255,0,0.9698465466499329,0,0.9645610584853282
76561199077557594,0,0.17587904632091522,0,0.9645610584853282
76561198976625970,0,0.010585825890302658,0,0.9645610584853282
76561199379559752,0,0.03545685112476349,0,0.9645610584853282
76561198840436021,0,0.6846187710762024,0,0.9645610584853282
76561199124363053,0,0.07814490795135498,0,0.9645610584853282
76561197997900867,0,0.016777032986283302,0,0.9645610584853282
76561199238587111,0,0.17390738427639008,0,0.9645610584853282
76561199568098148,0,0.10352496802806854,0,0.9645610584853282
76561199042682471,0,0.023652097210288048,0,0.9645610584853282
76561198926343505,0,0.13018271327018738,0,0.9645610584853282
76561198826559552,0,0.5090863704681396,0,0.9645610584853282
76561199114021900,0,0.14381062984466553,0,0.9645610584853282
76561198025523078,0,0.14705103635787964,0,0.9645610584853282
76561198201979093,0,0.10869129002094269,0,0.9645610584853282
76561198093057786,0,0.02377593144774437,0,0.9645610584853282
76561199089866391,0,0.13963189721107483,0,0.9645610584853282
76561199465598401,0,0.029012758284807205,0,0.9645610584853282
76561198353955632,0,0.2576834559440613,0,0.9645610584853282
76561198353871069,0,0.02864745259284973,0,0.9645610584853282
76561199270919850,0,0.012193180620670319,0,0.9645610584853282
76561198023819977,0,0.54469895362854,0,0.9645610584853282
76561198214052419,1,0.9850790500640869,0,0.9645610584853282
76561199688422142,0,0.047711800783872604,0,0.9645610584853282
76561198090246704,0,0.09689953178167343,0,0.9645610584853282
76561198012905577,0,0.013589083217084408,0,0.9645610584853282
76561199080486133,0,0.642808735370636,0,0.9645610584853282
76561198288100091,0,0.25891900062561035,0,0.9645610584853282
76561197993824085,0,0.1221664622426033,0,0.9645610584853282
76561198082298953,0,0.08855336904525757,0,0.9645610584853282
76561198043879531,0,0.02763923443853855,0,0.9645610584853282
76561199122264441,0,0.09181538224220276,0,0.9645610584853282
76561198065828713,0,0.3664521872997284,0,0.9645610584853282
76561198311511008,0,0.16204926371574402,0,0.9645610584853282
76561199078177691,0,0.03452066704630852,0,0.9645610584853282
76561199097897886,0,0.15010637044906616,0,0.9645610584853282
76561198418344826,0,0.026854336261749268,0,0.9645610584853282
76561198335292367,0,0.0411292165517807,0,0.9645610584853282
76561198072834371,0,0.4282197654247284,0,0.9645610584853282
76561197996523722,0,0.09677616506814957,0,0.9645610584853282
76561199013698819,0,0.037738244980573654,0,0.9645610584853282
76561199521907773,0,0.1963973343372345,0,0.9645610584853282
76561198803718054,0,0.17281559109687805,0,0.9645610584853282
76561199286912065,0,0.02135458216071129,0,0.9645610584853282
76561199193410405,0,0.00800425186753273,0,0.9645610584853282
76561198153359851,0,0.39153173565864563,0,0.9645610584853282
76561198376163505,0,0.02164204977452755,0,0.9645610584853282
76561198152630705,0,0.030015841126441956,0,0.9645610584853282
76561198165507331,0,0.04385765269398689,0,0.9645610584853282
76561198394883389,0,0.5675230026245117,0,0.9645610584853282
76561198087535658,0,0.13442501425743103,0,0.9645610584853282
76561198136849801,0,0.15547455847263336,0,0.9645610584853282
76561198110059200,0,0.3388822078704834,0,0.9645610584853282
76561198058431701,0,0.9285081624984741,0,0.9645610584853282
76561198452676049,0,0.17014363408088684,0,0.9645610584853282
76561198963804340,0,0.03527380898594856,0,0.9645610584853282
76561198443434090,1,0.8986736536026001,0,0.9645610584853282
76561198888587037,0,0.4509928524494171,0,0.9645610584853282
76561199045171304,0,0.025249473750591278,0,0.9645610584853282
76561198141043254,0,0.02560989186167717,0,0.9645610584853282
76561199059169449,0,0.27396076917648315,0,0.9645610584853282
76561198030280420,0,0.07195933908224106,0,0.9645610584853282
76561198254802690,0,0.014919470995664597,0,0.9645610584853282
76561198272099608,0,0.7058327198028564,0,0.9645610584853282
76561198132019683,0,0.3849657475948334,0,0.9645610584853282
76561198202379421,0,0.33076709508895874,0,0.9645610584853282
76561199242477864,0,0.5244686007499695,0,0.9645610584853282
76561198054561594,0,0.3601556122303009,0,0.9645610584853282
76561198066056093,0,0.9637792110443115,0,0.9645610584853282
76561198193706765,0,0.019995585083961487,0,0.9645610584853282
76561198142507757,0,0.0816112756729126,0,0.9645610584853282
76561199016909835,0,0.17986518144607544,0,0.9645610584853282
76561198034582082,0,0.007572696078568697,0,0.9645610584853282
76561198392448364,0,0.028008492663502693,0,0.9645610584853282
76561198056150818,0,0.021582122892141342,0,0.9645610584853282
76561199056605492,0,0.018064791336655617,0,0.9645610584853282
76561198097634188,0,0.0670814961194992,0,0.9645610584853282
76561198139509873,0,0.0553789921104908,0,0.9645610584853282
76561198147332211,0,0.01798778399825096,0,0.9645610584853282
76561198009992071,0,0.23837268352508545,0,0.9645610584853282
76561197989980476,0,0.3688030540943146,0,0.9645610584853282
76561199060477734,0,0.02299356274306774,0,0.9645610584853282
76561198059693127,0,0.01743580773472786,0,0.9645610584853282
76561198090333473,0,0.061256565153598785,0,0.9645610584853282
76561199226755307,0,0.07502792030572891,0,0.9645610584853282
76561199163653824,1,0.9397412538528442,0,0.9645610584853282
76561198885298902,0,0.7886897325515747,0,0.9645610584853282
76561197966330154,0,0.035428471863269806,0,0.9645610584853282
76561198177716795,0,0.10327750444412231,0,0.9645610584853282
76561198322195167,0,0.18209126591682434,0,0.9645610584853282
76561199129205220,0,0.10158996284008026,0,0.9645610584853282
76561198126561103,0,0.10459225624799728,0,0.9645610584853282
76561198152281570,0,0.01777714490890503,0,0.9645610584853282
76561198128893990,0,0.06232822313904762,0,0.9645610584853282
76561198035988811,0,0.9553683400154114,0,0.9645610584853282
76561199524302626,0,0.04558110982179642,0,0.9645610584853282
76561199212088335,0,0.9524053335189819,0,0.9645610584853282
76561198255281550,1,0.8645977973937988,0,0.9645610584853282
76561199162299612,0,0.0928959921002388,0,0.9645610584853282
76561198104773139,0,0.02333115041255951,0,0.9645610584853282
76561199142158219,0,0.2328326553106308,0,0.9645610584853282
76561199067271257,0,0.21458221971988678,0,0.9645610584853282
76561199019076249,0,0.548706591129303,0,0.9645610584853282
76561198407448017,0,0.06564301997423172,0,0.9645610584853282
76561199006790391,0,0.06595691293478012,0,0.9645610584853282
76561198450187281,0,0.5580519437789917,0,0.9645610584853282
76561198263655501,0,0.014608392491936684,0,0.9645610584853282
76561198880536863,0,0.4392201900482178,0,0.9645610584853282
76561198136909138,0,0.4028192460536957,0,0.9645610584853282
76561198226262896,0,0.07266229391098022,0,0.9645610584853282
76561199105242491,0,0.2711765170097351,0,0.9645610584853282
76561199517705955,0,0.052621711045503616,0,0.9645610584853282
76561199054377626,0,0.007077510468661785,0,0.9645610584853282
76561198047462714,0,0.2604547441005707,0,0.9645610584853282
76561197964892594,0,0.03706032410264015,0,0.9645610584853282
76561199230243264,0,0.08650478720664978,0,0.9645610584853282
76561198365276860,0,0.062085241079330444,0,0.9645610584853282
76561198108623036,0,0.2549850642681122,0,0.9645610584853282
76561198147510920,0,0.01594606041908264,0,0.9645610584853282
76561199009298061,0,0.2473696619272232,0,0.9645610584853282
76561198146262659,0,0.018354205414652824,0,0.9645610584853282
76561198888164495,0,0.8428534865379333,0,0.9645610584853282
76561199120130091,0,0.04228220880031586,0,0.9645610584853282
76561199223771530,0,0.014201708137989044,0,0.9645610584853282
76561198993346946,0,0.010666572488844395,0,0.9645610584853282
76561198323971973,0,0.09210014343261719,0,0.9645610584853282
76561198042646968,0,0.01594606041908264,0,0.9645610584853282
76561198311356689,0,0.12663400173187256,0,0.9645610584853282
76561198820573917,0,0.009480258449912071,0,0.9645610584853282
76561199016476752,0,0.02302856743335724,0,0.9645610584853282
76561199092304327,0,0.11311119049787521,0,0.9645610584853282
76561198446956345,0,0.08936076611280441,0,0.9645610584853282
76561198880474293,0,0.052784405648708344,0,0.9645610584853282
76561198404749435,0,0.45824339985847473,0,0.9645610584853282
76561199580212008,0,0.014201708137989044,0,0.9645610584853282
76561198127179807,0,0.04952072724699974,0,0.9645610584853282
76561199104807960,0,0.01705493964254856,0,0.9645610584853282
76561198925918795,0,0.05661861225962639,0,0.9645610584853282
76561198075200679,0,0.11849233508110046,0,0.9645610584853282
76561198032274061,0,0.600531816482544,0,0.9645610584853282
76561199552549706,0,0.03076215274631977,0,0.9645610584853282
76561198229186596,0,0.035246726125478745,0,0.9645610584853282
76561198258031098,0,0.5015587210655212,0,0.9645610584853282
76561198075132300,0,0.051428794860839844,0,0.9645610584853282
76561197968521773,0,0.8897701501846313,0,0.9645610584853282
76561198307666345,0,0.13313645124435425,0,0.9645610584853282
76561198137507813,0,0.07209813594818115,0,0.9645610584853282
76561199078347323,0,0.16915766894817352,0,0.9645610584853282
76561198078481495,0,0.17602404952049255,0,0.9645610584853282
76561199089492208,0,0.7531130313873291,0,0.9645610584853282
76561198002447541,0,0.9831327795982361,0,0.9645610584853282
76561198168342310,1,0.8996253609657288,0,0.9645610584853282
76561198038795675,0,0.33929482102394104,0,0.9645610584853282
76561198065674525,0,0.28626328706741333,0,0.9645610584853282
76561198195192417,0,0.06045028939843178,0,0.9645610584853282
76561198053519090,0,0.9217281341552734,0,0.9645610584853282
76561198044489647,0,0.7776395678520203,0,0.9645610584853282
76561198076852936,0,0.8074473142623901,0,0.9645610584853282
76561199112282557,0,0.583852231502533,0,0.9645610584853282
76561198004488074,0,0.22874121367931366,0,0.9645610584853282
76561199034277748,0,0.15539881587028503,0,0.9645610584853282
76561198001635355,1,0.910959005355835,0,0.9645610584853282
76561198179774018,0,0.38165193796157837,0,0.9645610584853282
76561198834741419,0,0.18608532845973969,0,0.9645610584853282
76561198884042603,0,0.6187073588371277,0,0.9645610584853282
76561198801105651,0,0.5429198741912842,0,0.9645610584853282
76561198170633751,0,0.9084457159042358,0,0.9645610584853282
76561198075030306,0,0.14443090558052063,0,0.9645610584853282
76561198155002643,0,0.3242502510547638,0,0.9645610584853282
76561198079464187,0,0.11389920115470886,0,0.9645610584853282
76561199198153688,0,0.9777096509933472,0,0.9645610584853282
76561198359804007,1,0.9658809900283813,0,0.9645610584853282
76561198400285934,0,0.10820804536342621,0,0.9645610584853282
76561198882989524,1,0.9901407361030579,0,0.9645610584853282
76561198347251900,0,0.45105230808258057,0,0.9645610584853282
76561199086790611,1,0.8559349775314331,0,0.9645610584853282
76561198044189735,0,0.3394210636615753,0,0.9645610584853282
76561198049501678,0,0.0424206517636776,0,0.9645610584853282
76561199138831988,0,0.0409129373729229,0,0.9645610584853282
76561199150026172,0,0.07710590958595276,0,0.9645610584853282
76561199020608576,0,0.01746201142668724,0,0.9645610584853282
76561198272056365,0,0.4993261396884918,0,0.9645610584853282
76561199246780131,0,0.04824313148856163,0,0.9645610584853282
76561199005605521,0,0.13190756738185883,0,0.9645610584853282
76561198038287036,0,0.031676895916461945,0,0.9645610584853282
76561198449079893,0,0.305157333612442,0,0.9645610584853282
76561198071729626,0,0.8588501214981079,0,0.9645610584853282
76561198042340834,0,0.17334683239459991,0,0.9645610584853282
76561197992651486,0,0.09850239008665085,0,0.9645610584853282
76561198347394395,0,0.06088192015886307,0,0.9645610584853282
76561198050473739,0,0.01568000018596649,0,0.9645610584853282
76561197976581535,0,0.9392202496528625,0,0.9645610584853282
76561199470658519,0,0.16363218426704407,0,0.9645610584853282
76561199090314977,0,0.012519682757556438,0,0.9645610584853282
76561198862388397,0,0.19264261424541473,0,0.9645610584853282
76561198073286172,0,0.040659867227077484,0,0.9645610584853282
76561199033162010,0,0.809715747833252,0,0.9645610584853282
76561198261324641,1,0.9913740754127502,0,0.9645610584853282
76561198115722881,0,0.050215207040309906,0,0.9645610584853282
76561198218413455,0,0.08296909183263779,0,0.9645610584853282
76561199025608561,0,0.7401494979858398,0,0.9645610584853282
76561198798751294,0,0.012090819887816906,0,0.9645610584853282
76561198286628939,0,0.16409873962402344,0,0.9645610584853282
76561198150138319,0,0.4203472137451172,0,0.9645610584853282
76561199259227641,0,0.1181994304060936,0,0.9645610584853282
76561199080607472,0,0.3850472569465637,0,0.9645610584853282
76561198803108395,0,0.03122676908969879,0,0.9645610584853282
76561198277767080,0,0.6306670904159546,0,0.9645610584853282
76561198250866070,0,0.41865694522857666,0,0.9645610584853282
76561198886721921,0,0.7926163673400879,0,0.9645610584853282
76561199138289791,0,0.03212044760584831,0,0.9645610584853282
76561198218555595,0,0.14016301929950714,0,0.9645610584853282
76561198065303693,0,0.0853796973824501,0,0.9645610584853282
76561197970559431,0,0.11474443227052689,0,0.9645610584853282
76561198816364849,0,0.6529525518417358,0,0.9645610584853282
76561199522843184,0,0.01325160451233387,0,0.9645610584853282
76561198185787170,0,0.017371220514178276,0,0.9645610584853282
76561198336389526,0,0.9185556173324585,0,0.9645610584853282
76561198278232007,0,0.030952822417020798,0,0.9645610584853282
76561197970568777,0,0.03956899419426918,0,0.9645610584853282
76561198413282244,0,0.6583340167999268,0,0.9645610584853282
76561198303578301,0,0.10716671496629715,0,0.9645610584853282
76561198122792674,0,0.029995307326316833,0,0.9645610584853282
76561198128075123,0,0.1177143082022667,0,0.9645610584853282
76561199081469453,0,0.025619525462388992,0,0.9645610584853282
76561199250962991,0,0.14708049595355988,0,0.9645610584853282
76561198869730896,0,0.036518506705760956,0,0.9645610584853282
76561198022890706,0,0.10702870786190033,0,0.9645610584853282
76561199014631405,0,0.28350192308425903,0,0.9645610584853282
76561198938927073,0,0.24078477919101715,0,0.9645610584853282
76561199588434084,0,0.024204399436712265,0,0.9645610584853282
76561197963942787,0,0.04805494844913483,0,0.9645610584853282
76561198117468361,1,0.9799129962921143,0,0.9645610584853282
76561198249772706,0,0.026517560705542564,0,0.9645610584853282
76561198843389130,0,0.12440552562475204,0,0.9645610584853282
76561198842723407,0,0.09131412208080292,0,0.9645610584853282
76561199141006967,0,0.08545973896980286,0,0.9645610584853282
76561198126620431,0,0.021499237045645714,0,0.9645610584853282
76561198136414924,0,0.2078249305486679,0,0.9645610584853282
76561198076735444,0,0.08630867302417755,0,0.9645610584853282
76561198080572282,0,0.045245736837387085,0,0.9645610584853282
76561199122078706,0,0.12811778485774994,0,0.9645610584853282
76561198354864864,0,0.08238070458173752,0,0.9645610584853282
76561198105533161,0,0.049276143312454224,0,0.9645610584853282
76561198075075244,1,0.8769098520278931,0,0.9645610584853282
76561198017534336,0,0.7518311142921448,0,0.9645610584853282
76561198128729874,0,0.014587603509426117,0,0.9645610584853282
76561198074913240,0,0.08279850333929062,0,0.9645610584853282
76561198880609251,0,0.014201708137989044,0,0.9645610584853282
76561198849138053,0,0.16430608928203583,0,0.9645610584853282
76561198314932634,0,0.010668533854186535,0,0.9645610584853282
76561199558430267,0,0.03192126005887985,0,0.9645610584853282
76561197990755373,0,0.1830500364303589,0,0.9645610584853282
76561198042138042,0,0.011454766616225243,0,0.9645610584853282
76561198935530602,0,0.33473077416419983,0,0.9645610584853282
76561198379683944,0,0.3798414170742035,0,0.9645610584853282
76561198017770891,0,0.036047741770744324,0,0.9645610584853282
76561198195383941,0,0.9636626243591309,0,0.9645610584853282
76561199284724181,0,0.05049724876880646,0,0.9645610584853282
76561197994418009,0,0.052606310695409775,0,0.9645610584853282
76561199201263718,0,0.8474105000495911,0,0.9645610584853282
76561198040278670,0,0.17264695465564728,0,0.9645610584853282
76561199321306013,0,0.08788897842168808,0,0.9645610584853282
76561198006672122,0,0.012966174632310867,0,0.9645610584853282
76561199072146009,0,0.34331291913986206,0,0.9645610584853282
76561199184086320,0,0.1507629007101059,0,0.9645610584853282
76561199157430296,0,0.013435243628919125,0,0.9645610584853282
76561198194517401,1,0.6083959937095642,0,0.9645610584853282
76561198868881713,0,0.28159090876579285,0,0.9645610584853282
76561199484969284,0,0.02954097092151642,0,0.9645610584853282
76561199501991694,0,0.30306002497673035,0,0.9645610584853282
76561198168467761,0,0.6203317046165466,0,0.9645610584853282
76561198093695222,0,0.26293376088142395,0,0.9645610584853282
76561198413922170,0,0.012327667325735092,0,0.9645610584853282
76561198966720503,0,0.07112906128168106,0,0.9645610584853282
76561198327393687,0,0.11695896834135056,0,0.9645610584853282
76561198025764551,0,0.4805624485015869,0,0.9645610584853282
76561199075520804,0,0.18364852666854858,0,0.9645610584853282
76561198838040571,0,0.4895727336406708,0,0.9645610584853282
76561198055920821,0,0.033153340220451355,0,0.9645610584853282
76561198071623261,0,0.05395391583442688,0,0.9645610584853282
76561197986286749,0,0.26752769947052,0,0.9645610584853282
76561198165522874,0,0.5107419490814209,0,0.9645610584853282
76561199013484730,0,0.7165403962135315,0,0.9645610584853282
76561199524186233,0,0.24018044769763947,0,0.9645610584853282
76561198060008219,1,0.5130088329315186,0,0.9645610584853282
76561199129085983,0,0.08494322746992111,0,0.9645610584853282
76561198026921656,0,0.13269996643066406,0,0.9645610584853282
76561199087953133,0,0.5249202847480774,0,0.9645610584853282
76561198996866984,0,0.6304487586021423,0,0.9645610584853282
76561199057003089,0,0.013153448700904846,0,0.9645610584853282
76561198868453696,0,0.07646432518959045,0,0.9645610584853282
76561199588439936,0,0.1198243722319603,0,0.9645610584853282
76561198125533592,0,0.3687605857849121,0,0.9645610584853282
76561198013519066,0,0.9012101888656616,0,0.9645610584853282
76561198080936393,0,0.025791721418499947,0,0.9645610584853282
76561198889435697,0,0.041437290608882904,0,0.9645610584853282
76561199097645895,0,0.04837631434202194,0,0.9645610584853282
76561199564427685,0,0.009922590106725693,0,0.9645610584853282
76561198340800763,0,0.49536851048469543,0,0.9645610584853282
76561198032890709,0,0.08396393060684204,0,0.9645610584853282
76561199375437449,0,0.14669448137283325,0,0.9645610584853282
76561199727008238,0,0.01564187929034233,0,0.9645610584853282
76561198315829398,0,0.012528256513178349,0,0.9645610584853282
76561199166220836,0,0.014297125861048698,0,0.9645610584853282
76561197971841158,0,0.3089343011379242,0,0.9645610584853282
76561198855521432,0,0.11761865019798279,0,0.9645610584853282
76561198404677324,0,0.16258953511714935,0,0.9645610584853282
76561198105034729,0,0.05337776988744736,0,0.9645610584853282
76561198880956765,0,0.5548242926597595,0,0.9645610584853282
76561198163063247,0,0.021837923675775528,0,0.9645610584853282
76561198003468732,0,0.012969227507710457,0,0.9645610584853282
76561198271207338,0,0.08391182124614716,0,0.9645610584853282
76561198969409721,0,0.026517560705542564,0,0.9645610584853282
76561197961032498,0,0.17902587354183197,0,0.9645610584853282
76561198044195667,0,0.5689951777458191,0,0.9645610584853282
76561199162276273,0,0.12571631371974945,0,0.9645610584853282
76561199252043839,0,0.48902809619903564,0,0.9645610584853282
76561198019268363,0,0.1314477026462555,0,0.9645610584853282
76561197996525131,0,0.031919412314891815,0,0.9645610584853282
76561198099821955,0,0.0625770166516304,0,0.9645610584853282
76561198101599550,0,0.9671862125396729,0,0.9645610584853282
76561198272011914,0,0.010956560261547565,0,0.9645610584853282
76561199050447537,0,0.06081952154636383,0,0.9645610584853282
76561198188841505,0,0.9860976934432983,0,0.9645610584853282
76561198889867481,0,0.026677047833800316,0,0.9645610584853282
76561199125434482,0,0.03799137845635414,0,0.9645610584853282
76561198816084212,0,0.018293825909495354,0,0.9645610584853282
76561199006544996,0,0.5065433979034424,0,0.9645610584853282
76561199589525586,0,0.012698546051979065,0,0.9645610584853282
76561198122457015,0,0.09084263443946838,0,0.9645610584853282
76561198863497076,0,0.022292258217930794,0,0.9645610584853282
76561199351328505,0,0.07190043479204178,0,0.9645610584853282
76561199287943694,0,0.026517560705542564,0,0.9645610584853282
76561198335422747,0,0.02684561349451542,0,0.9645610584853282
76561198859647268,0,0.3710031807422638,0,0.9645610584853282
76561198139664009,0,0.17169079184532166,0,0.9645610584853282
76561199036377089,0,0.015348512679338455,0,0.9645610584853282
76561198173555935,0,0.15973103046417236,0,0.9645610584853282
76561198848643646,1,0.9105533957481384,0,0.9645610584853282
76561199217469087,0,0.08447486162185669,0,0.9645610584853282
76561199128165871,0,0.01975729689002037,0,0.9645610584853282
76561197961221578,0,0.5693727135658264,0,0.9645610584853282
76561198975106493,0,0.07272122800350189,0,0.9645610584853282
76561198203285653,0,0.5226758718490601,0,0.9645610584853282
76561198136209098,0,0.03412491828203201,0,0.9645610584853282
76561199062917917,0,0.9376349449157715,0,0.9645610584853282
76561199160178892,0,0.5029407143592834,0,0.9645610584853282
76561198065804819,0,0.05069692060351372,0,0.9645610584853282
76561199506609719,0,0.08308033645153046,0,0.9645610584853282
76561199165379143,0,0.37560752034187317,0,0.9645610584853282
76561199013829376,1,0.92950439453125,0,0.9645610584853282
76561199066137394,1,0.953481137752533,0,0.9645610584853282
76561197984078366,0,0.4454713761806488,0,0.9645610584853282
76561198211733215,0,0.1536041498184204,0,0.9645610584853282
76561199003439875,0,0.10918190330266953,0,0.9645610584853282
76561199031833912,0,0.04103044047951698,0,0.9645610584853282
76561199524123631,0,0.10751866549253464,0,0.9645610584853282
76561198136272607,0,0.19557242095470428,0,0.9645610584853282
76561198045440528,0,0.9369524121284485,0,0.9645610584853282
76561198121187601,1,0.663640558719635,0,0.9645610584853282
76561198079694063,0,0.03461002558469772,0,0.9645610584853282
76561198031481842,0,0.048384591937065125,0,0.9645610584853282
76561198983173022,0,0.03914991393685341,0,0.9645610584853282
76561198804337830,0,0.011095382273197174,0,0.9645610584853282
76561199205156723,0,0.014201708137989044,0,0.9645610584853282
76561198071341873,0,0.4243525564670563,0,0.9645610584853282
76561199436043317,0,0.02223431132733822,0,0.9645610584853282
76561198282709473,0,0.30572500824928284,0,0.9645610584853282
76561199232666126,0,0.03678632527589798,0,0.9645610584853282
76561197972076696,0,0.44833314418792725,0,0.9645610584853282
76561199177423623,0,0.0113948043435812,0,0.9645610584853282
76561197974868253,0,0.2654778063297272,0,0.9645610584853282
76561198198176311,0,0.030927294865250587,0,0.9645610584853282
76561199122685181,0,0.03285786136984825,0,0.9645610584853282
76561198920383672,0,0.1466847062110901,0,0.9645610584853282
76561198214001396,0,0.029304686933755875,0,0.9645610584853282
76561198934591500,0,0.01594606041908264,0,0.9645610584853282
76561198076152642,0,0.1422552466392517,0,0.9645610584853282
76561198403796235,0,0.15564794838428497,0,0.9645610584853282
76561198399334807,0,0.4336148202419281,0,0.9645610584853282
76561198201773034,0,0.9905596375465393,0,0.9645610584853282
76561198050641776,0,0.0408407486975193,0,0.9645610584853282
76561197962831234,0,0.40440434217453003,0,0.9645610584853282
76561199715539856,0,0.0443604476749897,0,0.9645610584853282
76561198027539849,0,0.2041265368461609,0,0.9645610584853282
76561198873481181,0,0.9573795199394226,0,0.9645610584853282
76561198809733626,0,0.08324785530567169,0,0.9645610584853282
76561198056908470,0,0.03765101358294487,0,0.9645610584853282
76561199011806246,0,0.05471428483724594,0,0.9645610584853282
76561197994128751,0,0.03679223731160164,0,0.9645610584853282
76561199215219084,0,0.007989286445081234,0,0.9645610584853282
76561197971960999,0,0.010096746496856213,0,0.9645610584853282
76561198169036589,0,0.017690906301140785,0,0.9645610584853282
76561198052908104,1,0.919704794883728,0,0.9645610584853282
76561198403905873,0,0.5828258395195007,0,0.9645610584853282
76561198821128325,0,0.9344655871391296,0,0.9645610584853282
76561197970975247,0,0.5801247358322144,0,0.9645610584853282
76561198097846855,0,0.018458541482686996,0,0.9645610584853282
76561198042029678,0,0.23204290866851807,0,0.9645610584853282
76561198023580537,0,0.09293995797634125,0,0.9645610584853282
76561198014311023,0,0.06277687847614288,0,0.9645610584853282
76561197977776033,0,0.03914550319314003,0,0.9645610584853282
76561198043032906,0,0.0453941784799099,0,0.9645610584853282
76561199512410696,0,0.2177964448928833,0,0.9645610584853282
76561199487739375,0,0.3345627188682556,0,0.9645610584853282
76561198930236793,0,0.1587136685848236,0,0.9645610584853282
76561198158180757,0,0.05124741047620773,0,0.9645610584853282
76561198850138006,0,0.08623822033405304,0,0.9645610584853282
76561198986764271,0,0.015323367901146412,0,0.9645610584853282
76561198133506696,0,0.6300659775733948,0,0.9645610584853282
76561198103097720,0,0.020620031282305717,0,0.9645610584853282
76561199256567917,0,0.04056159406900406,0,0.9645610584853282
76561198035691496,0,0.07802236825227737,0,0.9645610584853282
76561199043095128,0,0.22887490689754486,0,0.9645610584853282
76561198949021209,0,0.03061774931848049,0,0.9645610584853282
76561198203237204,0,0.05994012579321861,0,0.9645610584853282
76561198059737058,0,0.38207077980041504,0,0.9645610584853282
76561198233258488,0,0.037944938987493515,0,0.9645610584853282
76561198063242250,0,0.9279967546463013,0,0.9645610584853282
76561197989398225,0,0.030271422117948532,0,0.9645610584853282
76561198060207094,0,0.014815541915595531,0,0.9645610584853282
76561199144118202,0,0.0314074344933033,0,0.9645610584853282
76561198840037147,0,0.06881707161664963,0,0.9645610584853282
76561198059089074,0,0.02845686860382557,0,0.9645610584853282
76561198400979669,1,0.8028660416603088,0,0.9645610584853282
76561198093927574,0,0.01214819960296154,0,0.9645610584853282
76561198926088991,0,0.008533172309398651,0,0.9645610584853282
76561199008417501,0,0.015058009885251522,0,0.9645610584853282
76561198076821376,0,0.016205614432692528,0,0.9645610584853282
76561198109526720,0,0.006632788106799126,0,0.9645610584853282
76561199082377956,0,0.13764990866184235,0,0.9645610584853282
76561199101692341,0,0.020268818363547325,0,0.9645610584853282
76561198144711842,0,0.021525243297219276,0,0.9645610584853282
76561199093206250,0,0.16580232977867126,0,0.9645610584853282
76561198175655365,0,0.08186792582273483,0,0.9645610584853282
76561198449581667,0,0.02428448013961315,0,0.9645610584853282
76561198436621724,0,0.05969209969043732,0,0.9645610584853282
76561198040954872,0,0.5237441062927246,0,0.9645610584853282
76561198806767189,1,0.36136776208877563,0,0.9645610584853282
76561199063034776,0,0.05927020311355591,0,0.9645610584853282
76561198038381645,0,0.23921164870262146,0,0.9645610584853282
76561198022608728,0,0.05169404298067093,0,0.9645610584853282
76561198039656794,0,0.060479626059532166,0,0.9645610584853282
76561198197630813,0,0.8267437815666199,0,0.9645610584853282
76561198182771423,0,0.01371761690825224,0,0.9645610584853282
76561198135956286,1,0.9889489412307739,0,0.9645610584853282
76561199325795722,0,0.4917551875114441,0,0.9645610584853282
76561198378360738,0,0.3660227358341217,0,0.9645610584853282
76561198106856328,0,0.5172834992408752,0,0.9645610584853282
76561198417307934,0,0.03494679555296898,0,0.9645610584853282
76561198322303636,1,0.9864945411682129,0,0.9645610584853282
76561198042559844,0,0.16365638375282288,0,0.9645610584853282
76561198271936294,0,0.3037092685699463,0,0.9645610584853282
76561199773094077,0,0.24013139307498932,0,0.9645610584853282
76561198109656099,0,0.36819949746131897,0,0.9645610584853282
76561199096843970,0,0.7516052722930908,0,0.9645610584853282
76561199493439984,0,0.09984076023101807,0,0.9645610584853282
76561198162767781,0,0.5548216104507446,0,0.9645610584853282
76561198022796115,0,0.7926530838012695,0,0.9645610584853282
76561199269430329,0,0.07073397189378738,0,0.9645610584853282
76561198156478042,0,0.31641826033592224,0,0.9645610584853282
76561198008102970,0,0.27338647842407227,0,0.9645610584853282
76561199479532338,0,0.4493320882320404,0,0.9645610584853282
76561198251390632,0,0.9818217158317566,0,0.9645610584853282
76561199469994663,0,0.06193332001566887,0,0.9645610584853282
76561197996948139,0,0.02399379387497902,0,0.9645610584853282
76561198965937055,0,0.10181877017021179,0,0.9645610584853282
76561198256094919,0,0.8130790591239929,0,0.9645610584853282
76561199570580619,0,0.033637914806604385,0,0.9645610584853282
76561199071668678,0,0.2919910252094269,0,0.9645610584853282
76561198358461815,0,0.0771518349647522,0,0.9645610584853282
76561197993322555,0,0.007255122065544128,0,0.9645610584853282
76561198801132025,0,0.8763939738273621,0,0.9645610584853282
76561198046438405,0,0.14358185231685638,0,0.9645610584853282
76561198340270322,0,0.437418133020401,0,0.9645610584853282
76561198328567206,0,0.015456237830221653,0,0.9645610584853282
76561199006360156,1,0.9902803301811218,0,0.9645610584853282
76561198993049080,0,0.016415683552622795,0,0.9645610584853282
76561198001461025,0,0.19050849974155426,0,0.9645610584853282
76561199102881929,0,0.19221824407577515,0,0.9645610584853282
76561198073083160,0,0.019974684342741966,0,0.9645610584853282
76561198363186039,0,0.8383943438529968,0,0.9645610584853282
76561197974383636,0,0.36173567175865173,0,0.9645610584853282
76561198006822992,0,0.24335777759552002,0,0.9645610584853282
76561197999792839,0,0.029323264956474304,0,0.9645610584853282
76561198053066080,0,0.27216222882270813,0,0.9645610584853282
76561199294366716,0,0.6181933879852295,0,0.9645610584853282
76561198203398256,0,0.7729380130767822,0,0.9645610584853282
76561199140264476,0,0.530057430267334,0,0.9645610584853282
76561197967853551,0,0.7791796326637268,0,0.9645610584853282
76561198072587574,0,0.03955104947090149,0,0.9645610584853282
76561199099254705,0,0.028665056452155113,0,0.9645610584853282
76561198035724607,0,0.014238212257623672,0,0.9645610584853282
76561198009034802,0,0.2188195288181305,0,0.9645610584853282
76561199024573841,0,0.014201708137989044,0,0.9645610584853282
76561198860517545,0,0.1400211751461029,0,0.9645610584853282
76561198155364540,0,0.021596457809209824,0,0.9645610584853282
76561198083579925,0,0.02294839173555374,0,0.9645610584853282
76561199121807843,0,0.019082363694906235,0,0.9645610584853282
76561198298090098,0,0.29776644706726074,0,0.9645610584853282
76561198307769454,0,0.05715345963835716,0,0.9645610584853282
76561199125254321,0,0.04209362715482712,0,0.9645610584853282
76561198990887160,0,0.026573551818728447,0,0.9645610584853282
76561198449748783,0,0.01594606041908264,0,0.9645610584853282
76561198886138608,0,0.21555960178375244,0,0.9645610584853282
76561198816081755,0,0.029841391369700432,0,0.9645610584853282
76561198298397131,0,0.014415528625249863,0,0.9645610584853282
76561199485353174,0,0.01634468324482441,0,0.9645610584853282
76561198103484584,0,0.102728471159935,0,0.9645610584853282
76561198885320123,0,0.680591881275177,0,0.9645610584853282
76561198108526911,0,0.008339231833815575,0,0.9645610584853282
76561198056282290,0,0.11997361481189728,0,0.9645610584853282
76561199180564513,0,0.02128186821937561,0,0.9645610584853282
76561198122719740,0,0.016300154849886894,0,0.9645610584853282
76561197976766640,0,0.907145082950592,0,0.9645610584853282
76561199792554575,0,0.04518488794565201,0,0.9645610584853282
76561198041843446,0,0.14168500900268555,0,0.9645610584853282
76561198895371410,0,0.06208429113030434,0,0.9645610584853282
76561198094151629,0,0.06315119564533234,0,0.9645610584853282
76561197980155883,0,0.00793246179819107,0,0.9645610584853282
76561199468464542,0,0.03544457256793976,0,0.9645610584853282
76561198009426458,0,0.03143296763300896,0,0.9645610584853282
76561199241599354,0,0.08044619858264923,0,0.9645610584853282
76561199171816862,0,0.02936575934290886,0,0.9645610584853282
76561198440054942,0,0.10158996284008026,0,0.9645610584853282
76561198121414034,0,0.7276334166526794,0,0.9645610584853282
76561198088240760,0,0.060831595212221146,0,0.9645610584853282
76561199100491507,0,0.4560675323009491,0,0.9645610584853282
76561199111817133,0,0.9784668684005737,0,0.9645610584853282
76561199268212940,0,0.01322908978909254,0,0.9645610584853282
76561199546510896,0,0.01827828213572502,0,0.9645610584853282
76561199095084363,1,0.6121784448623657,0,0.9645610584853282
76561199212335069,1,0.6822566390037537,0,0.9645610584853282
76561198058486401,0,0.31848540902137756,0,0.9645610584853282
76561198004664320,0,0.5835719704627991,0,0.9645610584853282
76561199150228484,0,0.03660108894109726,0,0.9645610584853282
76561198330274693,0,0.48675820231437683,0,0.9645610584853282
76561198024998825,0,0.7714561223983765,0,0.9645610584853282
76561198304815907,0,0.42664456367492676,0,0.9645610584853282
76561198154252925,0,0.04982462152838707,0,0.9645610584853282
76561199498793650,0,0.1779409795999527,0,0.9645610584853282
76561197994162098,0,0.018483206629753113,0,0.9645610584853282
76561198114492571,0,0.6777003407478333,0,0.9645610584853282
76561199227529873,0,0.05301325395703316,0,0.9645610584853282
76561198016633124,0,0.04725242033600807,0,0.9645610584853282
76561198121867969,0,0.7017271518707275,0,0.9645610584853282
76561199023586260,0,0.014201708137989044,0,0.9645610584853282
76561198076360966,0,0.05821077525615692,0,0.9645610584853282
76561198168527155,0,0.27587538957595825,0,0.9645610584853282
76561198400387175,0,0.3327237367630005,0,0.9645610584853282
76561198433244278,0,0.013124334625899792,0,0.9645610584853282
76561199062647612,0,0.45418989658355713,0,0.9645610584853282
76561198115229620,0,0.07161764055490494,0,0.9645610584853282
76561199260466800,0,0.05436133220791817,0,0.9645610584853282
76561197999965114,1,0.969318151473999,0,0.9645610584853282
76561199120977959,0,0.35334512591362,0,0.9645610584853282
76561198063130491,0,0.7250126004219055,0,0.9645610584853282
76561198240678518,0,0.410690575838089,0,0.9645610584853282
76561198070800581,0,0.7724637389183044,0,0.9645610584853282
76561198134731909,0,0.08517395704984665,0,0.9645610584853282
76561198353543453,0,0.13072483241558075,0,0.9645610584853282
76561198042795526,0,0.05486258864402771,0,0.9645610584853282
76561198021842477,0,0.07158295810222626,0,0.9645610584853282
76561198261813923,0,0.04344872012734413,0,0.9645610584853282
76561197970326069,0,0.03554230555891991,0,0.9645610584853282
76561198852067066,0,0.010121062397956848,0,0.9645610584853282
76561199183174588,0,0.050303906202316284,0,0.9645610584853282
76561199004790837,0,0.354946106672287,0,0.9645610584853282
76561199022182260,0,0.04064958542585373,0,0.9645610584853282
76561199034554082,0,0.2929898202419281,0,0.9645610584853282
76561198170306687,0,0.109422467648983,0,0.9645610584853282
76561198041721849,0,0.02348308451473713,0,0.9645610584853282
76561198302148205,0,0.02309483475983143,0,0.9645610584853282
76561198091984764,0,0.060096096247434616,0,0.9645610584853282
76561199069783115,0,0.6421539783477783,0,0.9645610584853282
76561199102884421,0,0.4254468083381653,0,0.9645610584853282
76561199104854434,0,0.21893960237503052,0,0.9645610584853282
76561199229173418,0,0.44045570492744446,0,0.9645610584853282
76561199012962186,0,0.016140993684530258,0,0.9645610584853282
76561198154595943,0,0.029800627380609512,0,0.9645610584853282
76561199285927232,0,0.2632240056991577,0,0.9645610584853282
76561198043315090,0,0.6453288793563843,0,0.9645610584853282
76561198119792856,0,0.04284137487411499,0,0.9645610584853282
76561198129829664,0,0.015626724809408188,0,0.9645610584853282
76561198059794231,0,0.12631690502166748,0,0.9645610584853282
76561198099405437,0,0.0995592474937439,0,0.9645610584853282
76561198094421829,0,0.3939862847328186,0,0.9645610584853282
76561199807029110,0,0.8072302341461182,0,0.9645610584853282
76561198006540534,0,0.010026895441114902,0,0.9645610584853282
76561197966898645,0,0.4535207450389862,0,0.9645610584853282
76561199012902884,0,0.014201708137989044,0,0.9645610584853282
76561199246099064,0,0.019971441477537155,0,0.9645610584853282
76561198864643442,0,0.012571043334901333,0,0.9645610584853282
76561198044254616,0,0.04284137487411499,0,0.9645610584853282
76561198989056995,0,0.0968082919716835,0,0.9645610584853282
76561198028201776,0,0.149026557803154,0,0.9645610584853282
76561198844498872,0,0.02474861778318882,0,0.9645610584853282
76561198056360036,0,0.014201708137989044,0,0.9645610584853282
76561199256989378,0,0.4681483209133148,0,0.9645610584853282
76561198088686170,0,0.01420272421091795,0,0.9645610584853282
76561197976585924,0,0.009251447394490242,0,0.9645610584853282
76561198118404475,0,0.11691600829362869,0,0.9645610584853282
76561198833766604,0,0.04348622262477875,0,0.9645610584853282
76561199588875925,0,0.015323367901146412,0,0.9645610584853282
76561197984601772,0,0.040005654096603394,0,0.9645610584853282
76561198172870135,0,0.0628996342420578,0,0.9645610584853282
76561198284057593,0,0.31608372926712036,0,0.9645610584853282
76561199334122049,0,0.03045298531651497,0,0.9645610584853282
76561199270236090,0,0.0404503159224987,0,0.9645610584853282
76561197999344811,0,0.32475224137306213,0,0.9645610584853282
76561198180353869,0,0.36310628056526184,0,0.9645610584853282
76561199136546860,0,0.10964779555797577,0,0.9645610584853282
76561199256687333,0,0.0818113461136818,0,0.9645610584853282
76561198803444214,1,0.9891282916069031,0,0.9645610584853282
76561199443328203,0,0.04775894060730934,0,0.9645610584853282
76561199233187847,1,0.9857524037361145,0,0.9645610584853282
76561198141828245,0,0.8739266991615295,0,0.9645610584853282
76561197979129130,0,0.33856090903282166,0,0.9645610584853282
76561199098942092,0,0.12503021955490112,0,0.9645610584853282
76561198857380883,0,0.8452960252761841,0,0.9645610584853282
76561197995496893,0,0.05092944577336311,0,0.9645610584853282
76561198037225265,0,0.11585985869169235,0,0.9645610584853282
76561198118440269,0,0.051428794860839844,0,0.9645610584853282
76561198195721781,0,0.012669726274907589,0,0.9645610584853282
76561199089834304,0,0.014201708137989044,0,0.9645610584853282
76561198831246494,0,0.42359864711761475,0,0.9645610584853282
76561199176633232,0,0.1656716912984848,0,0.9645610584853282
76561197974216293,0,0.6388334631919861,0,0.9645610584853282
76561197980185238,0,0.017808442935347557,0,0.9645610584853282
76561198022626901,0,0.76087886095047,0,0.9645610584853282
76561198833522833,0,0.0584731362760067,0,0.9645610584853282
76561197969887132,0,0.015380403958261013,0,0.9645610584853282
76561198366329509,0,0.010668533854186535,0,0.9645610584853282
76561198156804943,0,0.37325066328048706,0,0.9645610584853282
76561199426776908,1,0.9891242980957031,0,0.9645610584853282
76561198442294707,0,0.01901722140610218,0,0.9645610584853282
76561198102206345,0,0.18835173547267914,0,0.9645610584853282
76561198250661342,0,0.055358462035655975,0,0.9645610584853282
76561199379322056,0,0.053746793419122696,0,0.9645610584853282
76561198099111681,1,0.9887686967849731,0,0.9645610584853282
76561199168415254,0,0.11376336961984634,0,0.9645610584853282
76561199129023761,1,0.5091489553451538,0,0.9645610584853282
76561199660572115,0,0.5371086001396179,0,0.9645610584853282
76561198879259002,0,0.06511682271957397,0,0.9645610584853282
76561198165153260,0,0.9821962118148804,0,0.9645610584853282
76561198142358957,0,0.5836352705955505,0,0.9645610584853282
76561199188290553,1,0.9320670366287231,0,0.9645610584853282
76561199302896792,0,0.014958260580897331,0,0.9645610584853282
76561198237324716,0,0.11341369897127151,0,0.9645610584853282
76561199463387432,0,0.014037851244211197,0,0.9645610584853282
76561199015212413,1,0.9820143580436707,0,0.9645610584853282
76561198160211165,0,0.04875263199210167,0,0.9645610584853282
76561199037557895,0,0.06199901923537254,0,0.9645610584853282
76561198882769528,0,0.03759945556521416,0,0.9645610584853282
76561199629589072,0,0.05402484908699989,0,0.9645610584853282
76561198208823999,0,0.22303961217403412,0,0.9645610584853282
76561198804050967,0,0.021108681336045265,0,0.9645610584853282
76561199160800307,0,0.029237424954771996,0,0.9645610584853282
76561198320725510,0,0.011995545588433743,0,0.9645610584853282
76561198058332868,0,0.06191566213965416,0,0.9645610584853282
76561197970529528,0,0.027281513437628746,0,0.9645610584853282
76561198004582656,0,0.4017007648944855,0,0.9645610584853282
76561198366857079,0,0.10417131334543228,0,0.9645610584853282
76561198960077582,0,0.01594606041908264,0,0.9645610584853282
76561199017963949,0,0.45022183656692505,0,0.9645610584853282
76561198392630662,0,0.3649130165576935,0,0.9645610584853282
76561198161434225,0,0.06901420652866364,0,0.9645610584853282
76561198010378121,0,0.043412305414676666,0,0.9645610584853282
76561199200876345,0,0.0365123488008976,0,0.9645610584853282
76561199198077010,0,0.10003427416086197,0,0.9645610584853282
76561199083150239,0,0.19512367248535156,0,0.9645610584853282
76561199222120438,0,0.2954677641391754,0,0.9645610584853282
76561199227364962,0,0.014201708137989044,0,0.9645610584853282
76561199116391234,0,0.022674372419714928,0,0.9645610584853282
76561198168839692,0,0.04944184795022011,0,0.9645610584853282
76561198195837202,0,0.29910165071487427,0,0.9645610584853282
76561199025189336,0,0.029483051970601082,0,0.9645610584853282
76561198238277432,0,0.9793108105659485,0,0.9645610584853282
76561198929236798,0,0.13615535199642181,0,0.9645610584853282
76561199032711385,0,0.0179683119058609,0,0.9645610584853282
76561198253665017,0,0.01789207197725773,0,0.9645610584853282
76561199229713743,0,0.1554974913597107,0,0.9645610584853282
76561198059951065,0,0.0068975999020040035,0,0.9645610584853282
76561198099256360,0,0.0873999074101448,0,0.9645610584853282
76561199350580163,0,0.01882362551987171,0,0.9645610584853282
76561198415757062,0,0.4169858694076538,0,0.9645610584853282
76561198053548350,0,0.13778294622898102,0,0.9645610584853282
76561198156269850,0,0.14451539516448975,0,0.9645610584853282
76561198173335782,0,0.02326304465532303,0,0.9645610584853282
76561198063513741,0,0.02105792984366417,0,0.9645610584853282
76561199164974651,0,0.10241406410932541,0,0.9645610584853282
76561198199365533,0,0.7650058269500732,0,0.9645610584853282
76561199005382822,0,0.14954553544521332,0,0.9645610584853282
76561199129803783,0,0.06779602915048599,0,0.9645610584853282
76561198289420600,0,0.04117702692747116,0,0.9645610584853282
76561199035551303,0,0.07771813124418259,0,0.9645610584853282
76561198115698852,0,0.013140685856342316,0,0.9645610584853282
76561198142580656,0,0.35685989260673523,0,0.9645610584853282
76561198116894696,0,0.30155113339424133,0,0.9645610584853282
76561197966743959,0,0.08750341087579727,0,0.9645610584853282
76561198030926725,0,0.009235328063368797,0,0.9645610584853282
76561198978814261,0,0.035930149257183075,0,0.9645610584853282
76561198038257040,0,0.016777880489826202,0,0.9645610584853282
76561198322516775,0,0.03242701664566994,0,0.9645610584853282
76561198143979415,0,0.0581694059073925,0,0.9645610584853282
76561198958798867,0,0.08968566358089447,0,0.9645610584853282
76561198064212226,0,0.3132975995540619,0,0.9645610584853282
76561198072584691,0,0.23065482079982758,0,0.9645610584853282
76561198050225132,0,0.04000706970691681,0,0.9645610584853282
76561198983332464,1,0.9851344227790833,0,0.9645610584853282
76561199407847643,1,0.9297373294830322,0,0.9645610584853282
76561199135662588,0,0.3037664592266083,0,0.9645610584853282
76561198009357271,0,0.1675902158021927,0,0.9645610584853282
76561198025238250,0,0.37553805112838745,0,0.9645610584853282
76561198040034843,0,0.1529664695262909,0,0.9645610584853282
76561198924688391,0,0.13167674839496613,0,0.9645610584853282
76561199086192915,0,0.4044698178768158,0,0.9645610584853282
76561198104362298,0,0.11192847788333893,0,0.9645610584853282
76561198075041320,0,0.15971744060516357,0,0.9645610584853282
76561198048029103,0,0.7655124664306641,0,0.9645610584853282
76561198009049014,0,0.32253265380859375,0,0.9645610584853282
76561198816014289,0,0.4570455551147461,0,0.9645610584853282
76561197976422793,0,0.02811042033135891,0,0.9645610584853282
76561199119452854,0,0.5208672881126404,0,0.9645610584853282
76561199151754898,0,0.01253460068255663,0,0.9645610584853282
76561198035691480,0,0.059708405286073685,0,0.9645610584853282
76561198015969261,0,0.320415198802948,0,0.9645610584853282
76561198071920250,0,0.06919623166322708,0,0.9645610584853282
76561199556320129,0,0.02047134004533291,0,0.9645610584853282
76561198037832094,1,0.9548585414886475,0,0.9645610584853282
76561198054948346,0,0.1694665253162384,0,0.9645610584853282
76561198263837358,0,0.174438014626503,0,0.9645610584853282
76561199487049115,0,0.06500115245580673,0,0.9645610584853282
76561198301073271,0,0.07003206014633179,0,0.9645610584853282
76561198261030435,0,0.20127910375595093,0,0.9645610584853282
76561198320388704,0,0.5232368111610413,0,0.9645610584853282
76561199699581168,0,0.3798080384731293,0,0.9645610584853282
76561198999882572,0,0.14622065424919128,0,0.9645610584853282
76561198040572718,0,0.03667794540524483,0,0.9645610584853282
76561198071387973,0,0.05593656003475189,0,0.9645610584853282
76561198010093493,0,0.6956609487533569,0,0.9645610584853282
76561198130319164,1,0.9845778346061707,0,0.9645610584853282
76561198138071342,0,0.08513200283050537,0,0.9645610584853282
76561197970896097,0,0.19691351056098938,0,0.9645610584853282
76561199198938858,0,0.04228220880031586,0,0.9645610584853282
76561198983837411,0,0.01730342023074627,0,0.9645610584853282
76561199182974062,0,0.04593596234917641,0,0.9645610584853282
76561198202078278,0,0.3132809102535248,0,0.9645610584853282
76561199203821046,1,0.9908255934715271,0,0.9645610584853282
76561198136979338,0,0.72562175989151,0,0.9645610584853282
76561198045029971,0,0.07842753827571869,0,0.9645610584853282
76561198082588061,0,0.020056379958987236,0,0.9645610584853282
76561198000488882,0,0.1895640790462494,0,0.9645610584853282
76561198315473817,0,0.01917673461139202,0,0.9645610584853282
76561198105784767,0,0.0728427991271019,0,0.9645610584853282
76561198345715916,0,0.16287901997566223,0,0.9645610584853282
76561198966913436,0,0.1359899938106537,0,0.9645610584853282
76561198309245581,0,0.22591014206409454,0,0.9645610584853282
76561199099598230,0,0.012273328378796577,0,0.9645610584853282
76561198067076409,0,0.10520966351032257,0,0.9645610584853282
76561198067187053,0,0.021611420437693596,0,0.9645610584853282
76561199710360431,0,0.05382800102233887,0,0.9645610584853282
76561198107778971,0,0.08901549130678177,0,0.9645610584853282
76561198069877701,0,0.6523638963699341,0,0.9645610584853282
76561198125435762,0,0.014015654101967812,0,0.9645610584853282
76561198062667071,0,0.016976872459053993,0,0.9645610584853282
76561198129894195,0,0.13556545972824097,0,0.9645610584853282
76561199250148908,0,0.20035985112190247,0,0.9645610584853282
76561198041706924,0,0.031185222789645195,0,0.9645610584853282
76561198211736475,0,0.022250117734074593,0,0.9645610584853282
76561198031512964,0,0.021176885813474655,0,0.9645610584853282
76561199065556163,0,0.030317991971969604,0,0.9645610584853282
76561198160424351,1,0.9637694954872131,0,0.9645610584853282
76561198996114799,0,0.4321337044239044,0,0.9645610584853282
76561198001530739,0,0.012458785437047482,0,0.9645610584853282
76561199015503576,0,0.09765500575304031,0,0.9645610584853282
76561198020076748,0,0.3981418311595917,0,0.9645610584853282
76561199228321778,0,0.037086501717567444,0,0.9645610584853282
76561199154744826,0,0.10553886741399765,0,0.9645610584853282
76561198264796912,0,0.06927084177732468,0,0.9645610584853282
76561198194913789,0,0.06047236546874046,0,0.9645610584853282
76561198289875925,0,0.04441550374031067,0,0.9645610584853282
76561198394046311,0,0.683139443397522,0,0.9645610584853282
76561199199358830,1,0.6139021515846252,0,0.9645610584853282
76561199151126733,0,0.024451619014143944,0,0.9645610584853282
76561198045468909,0,0.4325326979160309,0,0.9645610584853282
76561198860196286,0,0.35156533122062683,0,0.9645610584853282
76561199097128185,0,0.03452066704630852,0,0.9645610584853282
76561197970995330,0,0.26693612337112427,0,0.9645610584853282
76561198995367832,0,0.014201708137989044,0,0.9645610584853282
76561199155585005,0,0.7510700225830078,0,0.9645610584853282
76561199635028351,0,0.4573437571525574,0,0.9645610584853282
76561198195609058,0,0.28074702620506287,0,0.9645610584853282
76561199031309118,0,0.012493799440562725,0,0.9645610584853282
76561198814249536,0,0.036978304386138916,0,0.9645610584853282
76561198027652405,0,0.27899041771888733,0,0.9645610584853282
76561197970979949,0,0.016542769968509674,0,0.9645610584853282
76561198250612362,1,0.9559052586555481,0,0.9645610584853282
76561198046646917,0,0.185456782579422,0,0.9645610584853282
76561198116579456,0,0.02503165788948536,0,0.9645610584853282
76561198061226494,1,0.7905522584915161,0,0.9645610584853282
76561198148058377,0,0.7389160990715027,0,0.9645610584853282
76561199078907880,0,0.10797011107206345,0,0.9645610584853282
76561199051160029,0,0.24547411501407623,0,0.9645610584853282
76561199114655486,0,0.09272066503763199,0,0.9645610584853282
76561199593296331,0,0.021761156618595123,0,0.9645610584853282
76561199165454426,0,0.014201708137989044,0,0.9645610584853282
76561199014200160,0,0.03074035421013832,0,0.9645610584853282
76561198208676295,0,0.025458065792918205,0,0.9645610584853282
76561198946799083,0,0.05751103162765503,0,0.9645610584853282
76561198309998508,0,0.013521026819944382,0,0.9645610584853282
76561199021838293,0,0.01833168789744377,0,0.9645610584853282
76561199099805605,0,0.1141095906496048,0,0.9645610584853282
76561199587795579,0,0.29622045159339905,0,0.9645610584853282
76561197988983149,0,0.05429244786500931,0,0.9645610584853282
76561198928690505,0,0.044686976820230484,0,0.9645610584853282
76561198051875467,0,0.8138846158981323,0,0.9645610584853282
76561198080851016,0,0.5578064322471619,0,0.9645610584853282
76561198118567686,0,0.05924442037940025,0,0.9645610584853282
76561199181948641,0,0.01766144670546055,0,0.9645610584853282
76561198996556777,0,0.8300380110740662,0,0.9645610584853282
76561198860150169,0,0.18223057687282562,0,0.9645610584853282
76561198065216477,0,0.23924040794372559,0,0.9645610584853282
76561199191744092,0,0.22357696294784546,0,0.9645610584853282
76561198982944031,0,0.08783820271492004,0,0.9645610584853282
76561198155405781,0,0.5652434825897217,0,0.9645610584853282
76561199105918045,0,0.12127991765737534,0,0.9645610584853282
76561198273480105,0,0.046909160912036896,0,0.9645610584853282
76561199025173512,0,0.35072603821754456,0,0.9645610584853282
76561198048446991,0,0.02362758293747902,0,0.9645610584853282
76561199042937056,0,0.5472025871276855,0,0.9645610584853282
76561198378737505,0,0.3886168301105499,0,0.9645610584853282
76561198181223369,0,0.30150312185287476,0,0.9645610584853282
76561199015805792,0,0.21792294085025787,0,0.9645610584853282
76561199628329829,0,0.05748984217643738,0,0.9645610584853282
76561197974106624,0,0.09971411526203156,0,0.9645610584853282
76561199086753985,0,0.09284252673387527,0,0.9645610584853282
76561198024743778,0,0.06492888182401657,0,0.9645610584853282
76561199216398638,0,0.10373866558074951,0,0.9645610584853282
76561198037944582,0,0.5433855056762695,0,0.9645610584853282
76561198834037076,0,0.5093418955802917,0,0.9645610584853282
76561198841194719,0,0.016515763476490974,0,0.9645610584853282
76561199186422590,0,0.10325708985328674,0,0.9645610584853282
76561198303998885,1,0.487041175365448,0,0.9645610584853282
76561199487377802,0,0.014852774329483509,0,0.9645610584853282
76561199160523951,0,0.010415329597890377,0,0.9645610584853282
76561199621659031,0,0.01818915270268917,0,0.9645610584853282
76561198117234743,0,0.046572718769311905,0,0.9645610584853282
76561199127826673,1,0.974053680896759,0,0.9645610584853282
76561198258068766,0,0.06551294028759003,0,0.9645610584853282
76561198023828524,0,0.03859805688261986,0,0.9645610584853282
76561198046641307,1,0.9782257676124573,0,0.9645610584853282
76561198019490095,0,0.026959143579006195,0,0.9645610584853282
76561199046564271,0,0.04634290561079979,0,0.9645610584853282
76561198993608053,0,0.01594606041908264,0,0.9645610584853282
76561198147714427,0,0.019651245325803757,0,0.9645610584853282
76561199002857181,0,0.17313449084758759,0,0.9645610584853282
76561198201222630,0,0.11653293669223785,0,0.9645610584853282
76561198042766164,0,0.03559806942939758,0,0.9645610584853282
76561198928583977,0,0.05544643849134445,0,0.9645610584853282
76561199799023032,0,0.016460739076137543,0,0.9645610584853282
76561198104221579,0,0.018925586715340614,0,0.9645610584853282
76561198032825143,0,0.023565087467432022,0,0.9645610584853282
76561199040500267,0,0.35105302929878235,0,0.9645610584853282
76561198016954243,0,0.0814940482378006,0,0.9645610584853282
76561199118827519,0,0.04053894057869911,0,0.9645610584853282
76561198400531099,0,0.026543719694018364,0,0.9645610584853282
76561197989538869,0,0.02129468508064747,0,0.9645610584853282
76561199467311014,0,0.013796825893223286,0,0.9645610584853282
76561198954563013,0,0.019052021205425262,0,0.9645610584853282
76561198190243490,0,0.09566664695739746,0,0.9645610584853282
76561198088934341,0,0.030509889125823975,0,0.9645610584853282
76561198976788467,0,0.13684363663196564,0,0.9645610584853282
76561198122388856,0,0.08323361724615097,0,0.9645610584853282
76561199051827053,0,0.1011701226234436,0,0.9645610584853282
76561199014925670,0,0.128089040517807,0,0.9645610584853282
76561199001937695,0,0.6051092743873596,0,0.9645610584853282
76561199009214586,0,0.08344738930463791,0,0.9645610584853282
76561198124310477,0,0.015690268948674202,0,0.9645610584853282
76561199075975017,0,0.31700795888900757,0,0.9645610584853282
76561198283363930,0,0.3862396478652954,0,0.9645610584853282
76561199223819373,0,0.09732624143362045,0,0.9645610584853282
76561199577094710,0,0.014201708137989044,0,0.9645610584853282
76561198882489338,0,0.03843075782060623,0,0.9645610584853282
76561198881091600,0,0.9398941397666931,0,0.9645610584853282
76561198035531411,0,0.2545044422149658,0,0.9645610584853282
76561199106025505,0,0.23480412364006042,0,0.9645610584853282
76561198087920998,0,0.0185464508831501,0,0.9645610584853282
76561199152685383,0,0.07326405495405197,0,0.9645610584853282
76561199097908906,0,0.9729883074760437,0,0.9645610584853282
76561199653746013,0,0.03884653374552727,0,0.9645610584853282
76561198982250440,0,0.18220336735248566,0,0.9645610584853282
76561198170804078,0,0.13407550752162933,0,0.9645610584853282
76561199094355605,0,0.5234614610671997,0,0.9645610584853282
76561198381318051,0,0.10300426930189133,0,0.9645610584853282
76561199248521506,0,0.05878634378314018,0,0.9645610584853282
76561198150790726,0,0.676544189453125,0,0.9645610584853282
76561198086462821,0,0.5476530194282532,0,0.9645610584853282
76561199131802651,0,0.21054299175739288,0,0.9645610584853282
76561199289098212,0,0.030786307528614998,0,0.9645610584853282
76561198418434736,0,0.04201624542474747,0,0.9645610584853282
76561198267031652,0,0.05095688998699188,0,0.9645610584853282
76561199229793932,0,0.31429222226142883,0,0.9645610584853282
76561198386234746,0,0.4044843316078186,0,0.9645610584853282
76561198365737999,0,0.7587645649909973,0,0.9645610584853282
76561198304483060,0,0.6938512921333313,0,0.9645610584853282
76561198278811255,0,0.1656135469675064,0,0.9645610584853282
76561199796922471,0,0.09187452495098114,0,0.9645610584853282
76561198071721959,0,0.1646847128868103,0,0.9645610584853282
76561198039775521,0,0.020572606474161148,0,0.9645610584853282
76561198847459725,0,0.007836990058422089,0,0.9645610584853282
76561198715969114,0,0.15467937290668488,0,0.9645610584853282
76561199468873049,0,0.48156145215034485,0,0.9645610584853282
76561198155565201,0,0.01466235239058733,0,0.9645610584853282
76561198237688186,0,0.07889139652252197,0,0.9645610584853282
76561198252143378,0,0.25045955181121826,0,0.9645610584853282
76561198025092414,0,0.24144943058490753,0,0.9645610584853282
76561198152972043,0,0.015261737629771233,0,0.9645610584853282
76561199066067110,0,0.5747013688087463,0,0.9645610584853282
76561199100540966,0,0.07546839863061905,0,0.9645610584853282
76561199228794988,0,0.061623264104127884,0,0.9645610584853282
76561199529512988,1,0.98985356092453,0,0.9645610584853282
76561199292266634,0,0.039178527891635895,0,0.9645610584853282
76561197989201951,0,0.05048273131251335,0,0.9645610584853282
76561198260327607,1,0.986263632774353,0,0.9645610584853282
76561198386028357,0,0.7986530661582947,0,0.9645610584853282
76561199439525568,0,0.27882957458496094,0,0.9645610584853282
76561199413217484,0,0.014201708137989044,0,0.9645610584853282
76561198208599401,0,0.8123570680618286,0,0.9645610584853282
76561198015299627,0,0.057712335139513016,0,0.9645610584853282
76561198967670666,0,0.9636642932891846,0,0.9645610584853282
76561198156355229,0,0.04864050820469856,0,0.9645610584853282
76561197974967482,0,0.0090983547270298,0,0.9645610584853282
76561198044801494,0,0.07941516488790512,0,0.9645610584853282
76561199009119222,0,0.028208022937178612,0,0.9645610584853282
76561199277450166,0,0.04133240878582001,0,0.9645610584853282
76561198804174495,0,0.22171717882156372,0,0.9645610584853282
76561198876503307,0,0.05477205291390419,0,0.9645610584853282
76561198102249748,0,0.019267749041318893,0,0.9645610584853282
76561198443901913,0,0.05157499387860298,0,0.9645610584853282
76561199371849122,0,0.014201708137989044,0,0.9645610584853282
76561198846130877,0,0.17350813746452332,0,0.9645610584853282
76561199550010074,0,0.15325602889060974,0,0.9645610584853282
76561198850516854,1,0.9884235262870789,0,0.9645610584853282
76561198947323811,0,0.030103426426649094,0,0.9645610584853282
76561199589947720,1,0.9624532461166382,0,0.9645610584853282
76561198311855796,0,0.07344793528318405,0,0.9645610584853282
76561198131068087,0,0.01139146275818348,0,0.9645610584853282
76561198841675941,0,0.19573913514614105,0,0.9645610584853282
76561198334616054,0,0.04832396283745766,0,0.9645610584853282
76561198044745405,0,0.035055361688137054,0,0.9645610584853282
76561199577846636,0,0.019258813932538033,0,0.9645610584853282
76561198979420339,0,0.01821037195622921,0,0.9645610584853282
76561199489936190,0,0.022291122004389763,0,0.9645610584853282
76561197962044626,0,0.0858050212264061,0,0.9645610584853282
76561198043312233,0,0.0654699057340622,0,0.9645610584853282
76561199205227530,0,0.11756575852632523,0,0.9645610584853282
76561199221512425,0,0.28962182998657227,0,0.9645610584853282
76561197971306202,0,0.014201708137989044,0,0.9645610584853282
76561197999049654,0,0.13638730347156525,0,0.9645610584853282
76561199114067531,0,0.04361259192228317,0,0.9645610584853282
76561198256642830,0,0.010265587829053402,0,0.9645610584853282
76561198056497621,0,0.5172286629676819,0,0.9645610584853282
76561197964813141,0,0.04801780357956886,0,0.9645610584853282
76561198965075500,0,0.018289141356945038,0,0.9645610584853282
76561199095449315,0,0.3525238037109375,0,0.9645610584853282
76561198878222717,0,0.010668533854186535,0,0.9645610584853282
76561198071585341,0,0.06207507476210594,0,0.9645610584853282
76561198287276222,0,0.09344272315502167,0,0.9645610584853282
76561198911098060,0,0.48693957924842834,0,0.9645610584853282
76561198839329468,0,0.5153878927230835,0,0.9645610584853282
76561199304305229,0,0.9528546333312988,0,0.9645610584853282
76561199529925536,0,0.05133986473083496,0,0.9645610584853282
76561197980785261,0,0.04217386245727539,0,0.9645610584853282
76561199062467234,0,0.05749862641096115,0,0.9645610584853282
76561198334474780,0,0.019028255715966225,0,0.9645610584853282
76561198301879459,0,0.3175118863582611,0,0.9645610584853282
76561198050424237,0,0.016167595982551575,0,0.9645610584853282
76561198237779902,0,0.31577593088150024,0,0.9645610584853282
76561198007967176,0,0.14642345905303955,0,0.9645610584853282
76561199138508502,0,0.0789421796798706,0,0.9645610584853282
76561199279051508,0,0.09622252732515335,0,0.9645610584853282
76561199138144704,0,0.025722166523337364,0,0.9645610584853282
76561198329341762,0,0.8302180767059326,0,0.9645610584853282
76561199738999759,0,0.025558751076459885,0,0.9645610584853282
76561198847126076,0,0.03343915566802025,0,0.9645610584853282
76561198072280599,0,0.0157081987708807,0,0.9645610584853282
76561198302395869,0,0.026090366765856743,0,0.9645610584853282
76561198923855710,0,0.06132706627249718,0,0.9645610584853282
76561199245908430,0,0.023379692807793617,0,0.9645610584853282
76561199629024531,0,0.012436904013156891,0,0.9645610584853282
76561198983759084,0,0.18037013709545135,0,0.9645610584853282
76561199473740116,0,0.28834739327430725,0,0.9645610584853282
76561199237090403,0,0.07164972275495529,0,0.9645610584853282
76561198054889135,0,0.12854593992233276,0,0.9645610584853282
76561198157365397,0,0.031171424314379692,0,0.9645610584853282
76561198035922839,0,0.11849134415388107,0,0.9645610584853282
76561198353134179,0,0.06389925628900528,0,0.9645610584853282
76561199209717311,0,0.18456129729747772,0,0.9645610584853282
76561198286765595,1,0.3919348418712616,0,0.9645610584853282
76561199250851962,0,0.15638254582881927,0,0.9645610584853282
76561198121480847,0,0.03119274601340294,0,0.9645610584853282
76561198890163685,0,0.1369152069091797,0,0.9645610584853282
76561198152970796,0,0.0594882033765316,0,0.9645610584853282
76561198339486933,0,0.6780646443367004,0,0.9645610584853282
76561198042193813,0,0.1613522469997406,0,0.9645610584853282
76561198087393346,0,0.0191288311034441,0,0.9645610584853282
76561199034666669,0,0.2059752196073532,0,0.9645610584853282
76561198153727752,0,0.037268493324518204,0,0.9645610584853282
76561198031716411,0,0.374100923538208,0,0.9645610584853282
76561197970557934,0,0.018065685406327248,0,0.9645610584853282
76561197972747249,0,0.15566518902778625,0,0.9645610584853282
76561198001143531,0,0.30662378668785095,0,0.9645610584853282
76561198044064799,0,0.5302934646606445,0,0.9645610584853282
76561199015362941,0,0.53107088804245,0,0.9645610584853282
76561199239109639,0,0.8577797412872314,0,0.9645610584853282
76561198174797053,0,0.02036047726869583,0,0.9645610584853282
76561199439531891,0,0.20706024765968323,0,0.9645610584853282
76561199176835717,1,0.9817368984222412,0,0.9645610584853282
76561199228716368,0,0.2035362869501114,0,0.9645610584853282
76561197983928898,0,0.13691483438014984,0,0.9645610584853282
76561198200159169,0,0.31138357520103455,0,0.9645610584853282
76561198029716409,0,0.010255221277475357,0,0.9645610584853282
76561198282884502,0,0.30012449622154236,0,0.9645610584853282
76561199106280386,0,0.013337367214262486,0,0.9645610584853282
76561198910130673,0,0.014201708137989044,0,0.9645610584853282
76561198180845393,0,0.5641568303108215,0,0.9645610584853282
76561199086615928,0,0.011168643832206726,0,0.9645610584853282
76561198109171277,0,0.05515938624739647,0,0.9645610584853282
76561198795475017,0,0.5090392827987671,0,0.9645610584853282
76561199077450882,0,0.1506858617067337,0,0.9645610584853282
76561199664603274,0,0.041440676897764206,0,0.9645610584853282
76561198104414185,0,0.1275707334280014,0,0.9645610584853282
76561197993427178,0,0.04684962332248688,0,0.9645610584853282
76561198060833946,0,0.15801921486854553,0,0.9645610584853282
76561198086628196,0,0.08401355892419815,0,0.9645610584853282
76561199127891995,0,0.026517560705542564,0,0.9645610584853282
76561199043941661,0,0.06655586510896683,0,0.9645610584853282
76561199122298049,1,0.9754337072372437,0,0.9645610584853282
76561198371195162,0,0.08343587815761566,0,0.9645610584853282
76561198163997343,0,0.41630518436431885,0,0.9645610584853282
76561198123559727,1,0.8570482134819031,0,0.9645610584853282
76561199467158122,0,0.8951413631439209,0,0.9645610584853282
76561198271729117,0,0.015690268948674202,0,0.9645610584853282
76561198202527259,0,0.046630602329969406,0,0.9645610584853282
76561199286047574,0,0.18839380145072937,0,0.9645610584853282
76561198048993863,0,0.41313523054122925,0,0.9645610584853282
76561198262612014,0,0.07750579714775085,0,0.9645610584853282
76561199482370781,0,0.014201708137989044,0,0.9645610584853282
76561198052894255,0,0.1015034168958664,0,0.9645610584853282
76561199177086926,0,0.02774014323949814,0,0.9645610584853282
76561199058506244,0,0.20974935591220856,0,0.9645610584853282
76561198020647252,0,0.016555553302168846,0,0.9645610584853282
76561199448255236,0,0.2798303961753845,0,0.9645610584853282
76561198106371508,0,0.08063459396362305,0,0.9645610584853282
76561198992731614,0,0.26439523696899414,0,0.9645610584853282
76561199380310831,1,0.7538793087005615,0,0.9645610584853282
76561198016580947,0,0.4205968976020813,0,0.9645610584853282
76561199112538310,0,0.007651382591575384,0,0.9645610584853282
76561199137720168,0,0.17186859250068665,0,0.9645610584853282
76561198918539936,0,0.031752441078424454,0,0.9645610584853282
76561199062140054,0,0.011236807331442833,0,0.9645610584853282
76561198015662355,0,0.3503436744213104,0,0.9645610584853282
76561198856044296,0,0.030610080808401108,0,0.9645610584853282
76561198104392925,0,0.27793392539024353,0,0.9645610584853282
76561198033579486,0,0.06360898166894913,0,0.9645610584853282
76561199563267909,0,0.05241367965936661,0,0.9645610584853282
76561198053048892,0,0.02466057986021042,0,0.9645610584853282
76561198279440739,1,0.7220965027809143,0,0.9645610584853282
76561198138887401,0,0.20505596697330475,0,0.9645610584853282
76561199079124357,0,0.10158996284008026,0,0.9645610584853282
76561199097086657,0,0.011796950362622738,0,0.9645610584853282
76561199158604384,0,0.02297884039580822,0,0.9645610584853282
76561199406389378,0,0.067811518907547,0,0.9645610584853282
76561199117141236,0,0.2517007291316986,0,0.9645610584853282
76561199141809963,0,0.01953551545739174,0,0.9645610584853282
76561199179814778,0,0.06787719577550888,0,0.9645610584853282
76561198213304703,0,0.0414324551820755,0,0.9645610584853282
76561199018083047,0,0.07460040599107742,0,0.9645610584853282
76561199013737811,0,0.08552438020706177,0,0.9645610584853282
76561199378680481,0,0.01178061868995428,0,0.9645610584853282
76561198230749000,0,0.04810785502195358,0,0.9645610584853282
76561198883937905,0,0.049288567155599594,0,0.9645610584853282
76561198114303698,0,0.05436991527676582,0,0.9645610584853282
76561198852881228,0,0.22678324580192566,0,0.9645610584853282
76561199115234803,0,0.009858179837465286,0,0.9645610584853282
76561198089766642,0,0.38045698404312134,0,0.9645610584853282
76561198018839183,0,0.586841344833374,0,0.9645610584853282
76561199081949002,0,0.40367740392684937,0,0.9645610584853282
76561199072461053,0,0.9785236120223999,0,0.9645610584853282
76561197984876732,0,0.8934040069580078,0,0.9645610584853282
76561199157643101,0,0.03859780728816986,0,0.9645610584853282
76561197981740918,0,0.10137821733951569,0,0.9645610584853282
76561199160425867,0,0.20290279388427734,0,0.9645610584853282
76561199482071751,0,0.03474939614534378,0,0.9645610584853282
76561197993468765,0,0.31727704405784607,0,0.9645610584853282
76561199218118544,0,0.03923751041293144,0,0.9645610584853282
76561198300871963,0,0.8535174131393433,0,0.9645610584853282
76561198005529746,0,0.02148582972586155,0,0.9645610584853282
76561199574365872,0,0.7705126404762268,0,0.9645610584853282
76561198187344739,0,0.010901634581387043,0,0.9645610584853282
76561197966730318,0,0.05816219747066498,0,0.9645610584853282
76561198043404627,0,0.11333146691322327,0,0.9645610584853282
76561199466311426,0,0.11857055127620697,0,0.9645610584853282
76561198029476091,0,0.019024372100830078,0,0.9645610584853282
76561198175182511,0,0.5158268809318542,0,0.9645610584853282
76561198090136054,0,0.3323654234409332,0,0.9645610584853282
76561199629141785,0,0.015113776549696922,0,0.9645610584853282
76561198797861586,0,0.4617719054222107,0,0.9645610584853282
76561198364722799,0,0.14597326517105103,0,0.9645610584853282
76561199575651186,0,0.0491325743496418,0,0.9645610584853282
76561198093945061,0,0.347648561000824,0,0.9645610584853282
76561199129933150,0,0.2623659372329712,0,0.9645610584853282
76561198069043807,0,0.06047242134809494,0,0.9645610584853282
76561198973924125,0,0.05282382667064667,0,0.9645610584853282
76561197965486373,0,0.7304624915122986,0,0.9645610584853282
76561199565221297,0,0.19347833096981049,0,0.9645610584853282
76561198352884901,0,0.22044895589351654,0,0.9645610584853282
76561199392005916,1,0.9055997729301453,0,0.9645610584853282
76561198883103237,0,0.016777032986283302,0,0.9645610584853282
76561198866370088,0,0.44842368364334106,0,0.9645610584853282
76561198123677114,0,0.5605892539024353,0,0.9645610584853282
76561199005627813,0,0.06582776457071304,0,0.9645610584853282
76561197996285465,0,0.1988571286201477,0,0.9645610584853282
76561198211820268,0,0.08186792582273483,0,0.9645610584853282
76561198073303449,0,0.01877273991703987,0,0.9645610584853282
76561198062559831,1,0.9809862971305847,0,0.9645610584853282
76561198002951141,0,0.4495268762111664,0,0.9645610584853282
76561199495150278,0,0.04518488794565201,0,0.9645610584853282
76561199017042432,0,0.019021417945623398,0,0.9645610584853282
76561198054282478,0,0.044145017862319946,0,0.9645610584853282
76561198006355212,1,0.9888265132904053,0,0.9645610584853282
76561198343839810,0,0.03274040296673775,0,0.9645610584853282
76561199122854980,0,0.14340898394584656,0,0.9645610584853282
76561198093138866,0,0.21638068556785583,0,0.9645610584853282
76561199006405535,0,0.052711185067892075,0,0.9645610584853282
76561198207440245,0,0.05233157426118851,0,0.9645610584853282
76561198042364487,0,0.016376003623008728,0,0.9645610584853282
76561198383877613,0,0.18689309060573578,0,0.9645610584853282
76561198262427234,0,0.36635008454322815,0,0.9645610584853282
76561198931530034,0,0.10691145807504654,0,0.9645610584853282
76561198271918467,0,0.08801056444644928,0,0.9645610584853282
76561198002633093,0,0.7055791616439819,0,0.9645610584853282
76561199239511633,0,0.576258659362793,0,0.9645610584853282
76561198047227680,0,0.02878752537071705,0,0.9645610584853282
76561198081256180,0,0.023681357502937317,0,0.9645610584853282
76561199013795842,0,0.044783949851989746,0,0.9645610584853282
76561199567124493,0,0.013890454545617104,0,0.9645610584853282
76561197999674474,0,0.0112211424857378,0,0.9645610584853282
76561198402032111,0,0.06450004875659943,0,0.9645610584853282
76561198031351033,0,0.09539593756198883,0,0.9645610584853282
76561198157855614,0,0.04897497966885567,0,0.9645610584853282
76561199136219009,0,0.23877868056297302,0,0.9645610584853282
76561198399313448,0,0.06958252936601639,0,0.9645610584853282
76561199144689568,0,0.01734289340674877,0,0.9645610584853282
76561198355840157,0,0.1220003068447113,0,0.9645610584853282
76561198809856067,0,0.7782809734344482,0,0.9645610584853282
76561198102910971,0,0.43680673837661743,0,0.9645610584853282
76561199008616522,0,0.04995274543762207,0,0.9645610584853282
76561198821398079,0,0.04426078498363495,0,0.9645610584853282
76561198122034012,0,0.02269463799893856,0,0.9645610584853282
76561199111928405,0,0.12823055684566498,0,0.9645610584853282
76561199440890170,0,0.05402484908699989,0,0.9645610584853282
76561198109731460,0,0.03101239912211895,0,0.9645610584853282
76561198799289613,0,0.38758793473243713,0,0.9645610584853282
76561198041227593,0,0.04755086451768875,0,0.9645610584853282
76561198089338761,0,0.03240220621228218,0,0.9645610584853282
76561198305483311,0,0.014201708137989044,0,0.9645610584853282
76561198025644084,0,0.031177224591374397,0,0.9645610584853282
76561199029542768,0,0.10353576391935349,0,0.9645610584853282
76561197971559623,0,0.01716136373579502,0,0.9645610584853282
76561198094226934,0,0.007673619315028191,0,0.9645610584853282
76561199216418774,0,0.011280041188001633,0,0.9645610584853282
76561197992140210,0,0.010106682777404785,0,0.9645610584853282
76561198133717456,0,0.01879899390041828,0,0.9645610584853282
76561198325735809,0,0.01235534530133009,0,0.9645610584853282
76561199025998633,0,0.06787719577550888,0,0.9645610584853282
76561198111353970,0,0.012297583743929863,0,0.9645610584853282
76561198135475579,0,0.039150990545749664,0,0.9645610584853282
76561198054086339,0,0.09661253541707993,0,0.9645610584853282
76561198297408858,0,0.02135397307574749,0,0.9645610584853282
76561198084803675,0,0.7537511587142944,0,0.9645610584853282
76561198804975784,0,0.6751325130462646,0,0.9645610584853282
76561198087077872,0,0.5917977690696716,0,0.9645610584853282
76561198412077157,0,0.942858874797821,0,0.9645610584853282
76561199081470816,0,0.5816436409950256,0,0.9645610584853282
76561199123946988,0,0.05965583398938179,0,0.9645610584853282
76561198155881956,0,0.8880430459976196,0,0.9645610584853282
76561198046452542,0,0.444067120552063,0,0.9645610584853282
76561198027924207,0,0.13668668270111084,0,0.9645610584853282
76561198954022739,0,0.2044905424118042,0,0.9645610584853282
76561199228790692,1,0.9911744594573975,0,0.9645610584853282
76561198060245933,0,0.010617599822580814,0,0.9645610584853282
76561198203062439,0,0.6533499360084534,0,0.9645610584853282
76561198057904751,0,0.411268949508667,0,0.9645610584853282
76561198029378342,0,0.0849304050207138,0,0.9645610584853282
76561197997157554,0,0.26567721366882324,0,0.9645610584853282
76561198916621588,0,0.036001477390527725,0,0.9645610584853282
76561199106821169,1,0.989788830280304,0,0.9645610584853282
76561199245288081,0,0.024550866335630417,0,0.9645610584853282
76561199078489204,0,0.010661348700523376,0,0.9645610584853282
76561199464111732,0,0.15208996832370758,0,0.9645610584853282
76561199535211190,0,0.5966965556144714,0,0.9645610584853282
76561198364431410,0,0.10926468670368195,0,0.9645610584853282
76561198001061233,0,0.03184013068675995,0,0.9645610584853282
76561197990694341,0,0.010668533854186535,0,0.9645610584853282
76561198314454004,0,0.11880458146333694,0,0.9645610584853282
76561198043555330,0,0.9479715824127197,0,0.9645610584853282
76561198092588803,0,0.022491509094834328,0,0.9645610584853282
76561198072398164,0,0.08844251930713654,0,0.9645610584853282
76561198102853491,0,0.6404792666435242,0,0.9645610584853282
76561198295694632,0,0.5708761811256409,0,0.9645610584853282
76561198123433850,0,0.06473857164382935,0,0.9645610584853282
76561199093878164,0,0.1872643530368805,0,0.9645610584853282
76561198052862835,0,0.4805411100387573,0,0.9645610584853282
76561198855151821,0,0.418955534696579,0,0.9645610584853282
76561198051723112,0,0.058291736990213394,0,0.9645610584853282
76561199095611147,0,0.12889054417610168,0,0.9645610584853282
76561198322641694,0,0.36415955424308777,0,0.9645610584853282
76561198178109905,0,0.05009002238512039,0,0.9645610584853282
76561199560870830,0,0.06239167973399162,0,0.9645610584853282
76561198112820006,0,0.024220794439315796,0,0.9645610584853282
76561199176616047,0,0.00966726616024971,0,0.9645610584853282
76561198859317122,0,0.010039621032774448,0,0.9645610584853282
76561198872896583,0,0.6064894199371338,0,0.9645610584853282
76561198197657975,0,0.24006778001785278,0,0.9645610584853282
76561198169857481,0,0.031236780807375908,0,0.9645610584853282
76561198888292987,0,0.4674336910247803,0,0.9645610584853282
76561198036536416,0,0.024800848215818405,0,0.9645610584853282
76561199242477865,0,0.3196428716182709,0,0.9645610584853282
76561198330424595,0,0.043814193457365036,0,0.9645610584853282
76561198028094245,0,0.032962046563625336,0,0.9645610584853282
76561198316528257,0,0.12409094721078873,0,0.9645610584853282
76561198823334681,0,0.05047077685594559,0,0.9645610584853282
76561198844442805,0,0.020537080243229866,0,0.9645610584853282
76561199304489801,0,0.2899206578731537,0,0.9645610584853282
76561198208525896,0,0.08256407082080841,0,0.9645610584853282
76561198867929426,0,0.024741098284721375,0,0.9645610584853282
76561198073405908,0,0.009184411726891994,0,0.9645610584853282
76561198280888505,0,0.2980464696884155,0,0.9645610584853282
76561199106554637,0,0.10376036912202835,0,0.9645610584853282
76561198819781356,0,0.09703803062438965,0,0.9645610584853282
76561199107815697,0,0.021357113495469093,0,0.9645610584853282
76561198205623507,0,0.0654422715306282,0,0.9645610584853282
76561198272316299,0,0.04612895846366882,0,0.9645610584853282
76561198400557675,0,0.16341355443000793,0,0.9645610584853282
76561198166720675,0,0.05563093721866608,0,0.9645610584853282
76561199388006385,0,0.0851004421710968,0,0.9645610584853282
76561198884193660,0,0.20297569036483765,0,0.9645610584853282
76561199081556533,0,0.02374957874417305,0,0.9645610584853282
76561198084715052,0,0.105709508061409,0,0.9645610584853282
76561198187860891,0,0.04639890044927597,0,0.9645610584853282
76561199146732189,0,0.018642663955688477,0,0.9645610584853282
76561198030851300,0,0.09880264848470688,0,0.9645610584853282
76561198866471767,0,0.1523274928331375,0,0.9645610584853282
76561198110996603,0,0.012769787572324276,0,0.9645610584853282
76561199475279172,0,0.019258813932538033,0,0.9645610584853282
76561198369879398,0,0.01400265283882618,0,0.9645610584853282
76561198064519629,0,0.3699272871017456,0,0.9645610584853282
76561198173323841,0,0.03521351516246796,0,0.9645610584853282
76561198092619082,0,0.1360187977552414,0,0.9645610584853282
76561198446847884,0,0.7784168124198914,0,0.9645610584853282
76561199159343388,0,0.015807349234819412,0,0.9645610584853282
76561199728977449,0,0.27497681975364685,0,0.9645610584853282
76561198944590728,0,0.14658290147781372,0,0.9645610584853282
76561198981754221,0,0.11336918920278549,0,0.9645610584853282
76561198090469076,0,0.44714561104774475,0,0.9645610584853282
76561199145738880,0,0.9730982184410095,0,0.9645610584853282
76561198032263918,0,0.19036903977394104,0,0.9645610584853282
76561197992641978,0,0.10981312394142151,0,0.9645610584853282
76561198120114753,0,0.45750150084495544,0,0.9645610584853282
76561199090339806,0,0.09564904123544693,0,0.9645610584853282
76561198975954569,0,0.049832917749881744,0,0.9645610584853282
76561199078535672,0,0.08615555614233017,0,0.9645610584853282
76561198076848402,0,0.9709893465042114,0,0.9645610584853282
76561198811245317,0,0.22581283748149872,0,0.9645610584853282
76561199245566723,0,0.15748973190784454,0,0.9645610584853282
76561198017024345,0,0.22758306562900543,0,0.9645610584853282
76561198113010057,0,0.43540701270103455,0,0.9645610584853282
76561199075474992,0,0.9860348701477051,0,0.9645610584853282
76561199104608331,0,0.15952035784721375,0,0.9645610584853282
76561198983693044,0,0.2244972586631775,0,0.9645610584853282
76561199067341563,0,0.20822271704673767,0,0.9645610584853282
76561198069067436,0,0.5010630488395691,0,0.9645610584853282
76561198045807897,0,0.4881753921508789,0,0.9645610584853282
76561198193976838,0,0.8117271661758423,0,0.9645610584853282
76561198197303341,0,0.39061251282691956,0,0.9645610584853282
76561197970514499,0,0.9494868516921997,0,0.9645610584853282
76561198009208565,0,0.22609181702136993,0,0.9645610584853282
76561198069738135,0,0.6927599906921387,0,0.9645610584853282
76561198023983910,1,0.3410145938396454,0,0.9645610584853282
76561198798174087,0,0.17197690904140472,0,0.9645610584853282
76561199133610043,0,0.01235534530133009,0,0.9645610584853282
76561199093182808,0,0.022709406912326813,0,0.9645610584853282
76561198971274470,0,0.9490835666656494,0,0.9645610584853282
76561199015573173,0,0.6246339082717896,0,0.9645610584853282
76561197967697979,0,0.43647414445877075,0,0.9645610584853282
76561199023275722,0,0.9801638722419739,0,0.9645610584853282
76561199277342427,0,0.029237424954771996,0,0.9645610584853282
76561198382759236,0,0.023389335721731186,0,0.9645610584853282
76561198124483237,0,0.04284137487411499,0,0.9645610584853282
76561197972333694,0,0.47749701142311096,0,0.9645610584853282
76561198051013524,0,0.3122755289077759,0,0.9645610584853282
76561198836043556,0,0.051428794860839844,0,0.9645610584853282
76561199136589568,0,0.10219695419073105,0,0.9645610584853282
76561198843050434,0,0.06607959419488907,0,0.9645610584853282
76561197994891831,0,0.22630010545253754,0,0.9645610584853282
76561199086240086,0,0.2307574450969696,0,0.9645610584853282
76561199124097645,0,0.044439494609832764,0,0.9645610584853282
76561199221651833,0,0.10158996284008026,0,0.9645610584853282
76561199125313758,0,0.06900879740715027,0,0.9645610584853282
76561198975573152,0,0.643409252166748,0,0.9645610584853282
76561199199226637,0,0.7053788900375366,0,0.9645610584853282
76561198842549332,0,0.11229169368743896,0,0.9645610584853282
76561198074799295,0,0.05331094190478325,0,0.9645610584853282
76561199164880330,0,0.6079111695289612,0,0.9645610584853282
76561198052017730,0,0.08914115279912949,0,0.9645610584853282
76561199187727330,0,0.01162457000464201,0,0.9645610584853282
76561198129634590,0,0.014201708137989044,0,0.9645610584853282
76561198977160100,0,0.8151039481163025,0,0.9645610584853282
76561198040368766,0,0.01818661019206047,0,0.9645610584853282
76561199064105812,0,0.08036240190267563,0,0.9645610584853282
76561198440492193,0,0.05854633077979088,0,0.9645610584853282
76561198269069172,0,0.03173781558871269,0,0.9645610584853282
76561198081438358,0,0.03570134565234184,0,0.9645610584853282
76561199488982331,0,0.06669171899557114,0,0.9645610584853282
76561199249062742,0,0.021423710510134697,0,0.9645610584853282
76561198444108022,0,0.010668533854186535,0,0.9645610584853282
76561199494633806,0,0.1623235046863556,0,0.9645610584853282
76561198003885648,1,0.9890244603157043,0,0.9645610584853282
76561199467485436,0,0.10440324246883392,0,0.9645610584853282
76561198017627897,0,0.42500582337379456,0,0.9645610584853282
76561198057827924,0,0.4615955352783203,0,0.9645610584853282
76561198830106951,0,0.05079065263271332,0,0.9645610584853282
76561198873431434,0,0.03936644271016121,0,0.9645610584853282
76561198072844307,0,0.014030936174094677,0,0.9645610584853282
76561199231199568,0,0.10068672895431519,0,0.9645610584853282
76561198853378312,1,0.9874327778816223,0,0.9645610584853282
76561198312129686,0,0.31757494807243347,0,0.9645610584853282
76561198106783874,0,0.1863126903772354,0,0.9645610584853282
76561198053813788,0,0.0204644612967968,0,0.9645610584853282
76561198188874013,0,0.2969908118247986,0,0.9645610584853282
76561198343459109,0,0.03431221470236778,0,0.9645610584853282
76561198197589279,0,0.12511128187179565,0,0.9645610584853282
76561198421109969,0,0.9143104553222656,0,0.9645610584853282
76561198348628269,0,0.038103245198726654,0,0.9645610584853282
76561198141517316,0,0.9522562623023987,0,0.9645610584853282
76561199364803774,0,0.07073397189378738,0,0.9645610584853282
76561199224420275,0,0.015626681968569756,0,0.9645610584853282
76561198024811952,0,0.03877668082714081,0,0.9645610584853282
76561199248298247,0,0.09533042460680008,0,0.9645610584853282
76561198359397423,0,0.3005967140197754,0,0.9645610584853282
76561199210746118,0,0.10442236810922623,0,0.9645610584853282
76561198030805429,0,0.06396985799074173,0,0.9645610584853282
76561198157110251,0,0.09422886371612549,0,0.9645610584853282
76561198008755523,0,0.033559080213308334,0,0.9645610584853282
76561198086444418,0,0.012893524020910263,0,0.9645610584853282
76561198059004801,0,0.07089807838201523,0,0.9645610584853282
76561197967861162,0,0.05116700753569603,0,0.9645610584853282
76561198091228446,1,0.5673637986183167,0,0.9645610584853282
76561199122017904,0,0.4547825753688812,0,0.9645610584853282
76561198268423702,0,0.021153289824724197,0,0.9645610584853282
76561199468423421,0,0.026099584996700287,0,0.9645610584853282
76561198043915448,0,0.39293622970581055,0,0.9645610584853282
76561199136491608,1,0.7238924503326416,0,0.9645610584853282
76561198998606054,0,0.04290854185819626,0,0.9645610584853282
76561199208743468,0,0.03431018441915512,0,0.9645610584853282
76561198099790084,0,0.01843969151377678,0,0.9645610584853282
76561199087637436,0,0.046678487211465836,0,0.9645610584853282
76561198916961571,0,0.6082643866539001,0,0.9645610584853282
76561199286690681,0,0.016868866980075836,0,0.9645610584853282
76561199143034861,0,0.1684308648109436,0,0.9645610584853282
76561198128167460,0,0.4394337236881256,0,0.9645610584853282
76561199557724392,0,0.3122680187225342,0,0.9645610584853282
76561198109512548,0,0.03878603130578995,0,0.9645610584853282
76561198082521461,0,0.0345117449760437,0,0.9645610584853282
76561197969288272,0,0.026028582826256752,0,0.9645610584853282
76561199204922115,0,0.030535055324435234,0,0.9645610584853282
76561198015710493,0,0.31454578042030334,0,0.9645610584853282
76561199524098527,0,0.050819285213947296,0,0.9645610584853282
76561199387190599,0,0.03429161384701729,0,0.9645610584853282
76561198333275108,0,0.4490702152252197,0,0.9645610584853282
76561198276964260,0,0.9592048525810242,0,0.9645610584853282
76561198145314023,0,0.0171503983438015,0,0.9645610584853282
76561199089039639,0,0.020624984055757523,0,0.9645610584853282
76561198416548995,0,0.04104384034872055,0,0.9645610584853282
76561198024759486,0,0.2891354262828827,0,0.9645610584853282
76561198076258839,0,0.8640897274017334,0,0.9645610584853282
76561198020110203,0,0.037086281925439835,0,0.9645610584853282
76561199122301560,0,0.011429529637098312,0,0.9645610584853282
76561199230769876,0,0.014201708137989044,0,0.9645610584853282
76561198188273151,0,0.968562662601471,0,0.9645610584853282
76561198140748974,1,0.9684650301933289,0,0.9645610584853282
76561199034041325,0,0.03844194859266281,0,0.9645610584853282
76561198453115903,0,0.7518311142921448,0,0.9645610584853282
76561198113066993,0,0.03514588251709938,0,0.9645610584853282
76561198009819122,0,0.24819615483283997,0,0.9645610584853282
76561198068184830,0,0.20151712000370026,0,0.9645610584853282
76561198218678328,0,0.5306910276412964,0,0.9645610584853282
76561198073215661,0,0.3002678453922272,0,0.9645610584853282
76561198199919634,0,0.15019145607948303,0,0.9645610584853282
76561199704853156,0,0.10297438502311707,0,0.9645610584853282
76561199093948821,0,0.009993214160203934,0,0.9645610584853282
76561197970285713,0,0.9362188577651978,0,0.9645610584853282
76561198006535923,0,0.07593830674886703,0,0.9645610584853282
76561199016380146,0,0.3134053349494934,0,0.9645610584853282
76561199221268734,0,0.8489651083946228,0,0.9645610584853282
76561198047526512,0,0.27799180150032043,0,0.9645610584853282
76561198452170817,0,0.08859293162822723,0,0.9645610584853282
76561197963089515,0,0.15668365359306335,0,0.9645610584853282
76561199061034402,0,0.025085503235459328,0,0.9645610584853282
76561199211542312,0,0.09369784593582153,0,0.9645610584853282
76561197985059818,0,0.6239560842514038,0,0.9645610584853282
76561198110089188,0,0.06763797253370285,0,0.9645610584853282
76561198011800071,0,0.02886352688074112,0,0.9645610584853282
76561198083264634,0,0.16801930963993073,0,0.9645610584853282
76561199520472648,0,0.08095765858888626,0,0.9645610584853282
76561198820198909,0,0.05402484908699989,0,0.9645610584853282
76561198866794789,0,0.1139458566904068,0,0.9645610584853282
76561198066250208,0,0.07928459346294403,0,0.9645610584853282
76561199035772352,0,0.01173789519816637,0,0.9645610584853282
76561198099488499,0,0.01742449961602688,0,0.9645610584853282
76561198993277373,0,0.018047621473670006,0,0.9645610584853282
76561198175624799,0,0.019034821540117264,0,0.9645610584853282
76561198093049191,0,0.02067491039633751,0,0.9645610584853282
76561198099414823,0,0.08338765799999237,0,0.9645610584853282
76561199588900796,0,0.17315573990345,0,0.9645610584853282
76561198956159987,0,0.6861470937728882,0,0.9645610584853282
76561199153855080,0,0.019787220284342766,0,0.9645610584853282
76561199390256350,0,0.025430193170905113,0,0.9645610584853282
76561198155448298,0,0.7046793699264526,0,0.9645610584853282
76561198072017655,0,0.29153257608413696,0,0.9645610584853282
76561197961984226,0,0.07026365399360657,0,0.9645610584853282
76561198359560269,0,0.029224969446659088,0,0.9645610584853282
76561198104329062,0,0.02688211388885975,0,0.9645610584853282
76561198058341651,0,0.12331298738718033,0,0.9645610584853282
76561199786815229,0,0.02134150266647339,0,0.9645610584853282
76561198185990862,0,0.0554119236767292,0,0.9645610584853282
76561199118709759,0,0.030786307528614998,0,0.9645610584853282
76561198124005656,0,0.007658601738512516,0,0.9645610584853282
76561198008074780,0,0.010581545531749725,0,0.9645610584853282
76561198238513880,0,0.481606662273407,0,0.9645610584853282
76561198096736153,0,0.49760934710502625,0,0.9645610584853282
76561199086554530,0,0.009501379914581776,0,0.9645610584853282
76561199222371292,0,0.05089493840932846,0,0.9645610584853282
76561198083047074,0,0.11214012652635574,0,0.9645610584853282
76561198125838355,0,0.02031792886555195,0,0.9645610584853282
76561198156218514,0,0.01572890765964985,0,0.9645610584853282
76561198066301406,0,0.8684147596359253,0,0.9645610584853282
76561198056998338,0,0.11228357255458832,0,0.9645610584853282
76561198799779751,0,0.044743090867996216,0,0.9645610584853282
76561198015622677,1,0.9655032753944397,0,0.9645610584853282
76561198275738750,0,0.24058708548545837,0,0.9645610584853282
76561198078262915,0,0.020397106185555458,0,0.9645610584853282
76561198056281640,0,0.40656036138534546,0,0.9645610584853282
76561198081688729,0,0.943970799446106,0,0.9645610584853282
76561199229199850,0,0.015323367901146412,0,0.9645610584853282
76561198222603564,0,0.3358483910560608,0,0.9645610584853282
76561198136555464,0,0.9085306525230408,0,0.9645610584853282
76561199053697641,0,0.01235534530133009,0,0.9645610584853282
76561199050108828,0,0.011624877341091633,0,0.9645610584853282
76561198074494755,0,0.5975939631462097,0,0.9645610584853282
76561198031966405,0,0.025140458717942238,0,0.9645610584853282
76561198308184674,0,0.05015723779797554,0,0.9645610584853282
76561199130039346,0,0.2537842094898224,0,0.9645610584853282
76561198036810590,0,0.800683319568634,0,0.9645610584853282
76561199204411390,0,0.400623619556427,0,0.9645610584853282
76561198184748479,0,0.5189610719680786,0,0.9645610584853282
76561199403966673,0,0.26487770676612854,0,0.9645610584853282
76561199505028903,0,0.5863279700279236,0,0.9645610584853282
76561198392255059,0,0.010668533854186535,0,0.9645610584853282
76561197975195459,0,0.8913776278495789,0,0.9645610584853282
76561198027017058,0,0.3600809872150421,0,0.9645610584853282
76561199174427801,0,0.8916388750076294,0,0.9645610584853282
76561198038225480,0,0.11848418414592743,0,0.9645610584853282
76561198083081409,0,0.0526372455060482,0,0.9645610584853282
76561198041224830,0,0.33279451727867126,0,0.9645610584853282
76561198375122447,0,0.24623757600784302,0,0.9645610584853282
76561198222927936,0,0.046198371797800064,0,0.9645610584853282
76561198248933472,0,0.6110031604766846,0,0.9645610584853282
76561198403032625,0,0.05630023777484894,0,0.9645610584853282
76561198236241404,0,0.9886703491210938,0,0.9645610584853282
76561198053423787,0,0.014016464352607727,0,0.9645610584853282
76561198010816012,0,0.6699435114860535,0,0.9645610584853282
76561199530367748,0,0.42477837204933167,0,0.9645610584853282
76561198190106881,0,0.010658453218638897,0,0.9645610584853282
76561199082004698,0,0.007769747171550989,0,0.9645610584853282
76561198165454099,0,0.39054104685783386,0,0.9645610584853282
76561198147117346,0,0.7061628103256226,0,0.9645610584853282
76561198134078780,0,0.031164418905973434,0,0.9645610584853282
76561198077028431,1,0.9863861799240112,0,0.9645610584853282
76561199005116697,0,0.03352053090929985,0,0.9645610584853282
76561199472804978,0,0.014225306920707226,0,0.9645610584853282
76561198985375906,0,0.014892799779772758,0,0.9645610584853282
76561199081332741,0,0.06221971660852432,0,0.9645610584853282
76561198110326993,0,0.6901055574417114,0,0.9645610584853282
76561198321585562,0,0.38987624645233154,0,0.9645610584853282
76561199689493268,0,0.9601728916168213,0,0.9645610584853282
76561198176993434,0,0.039295509457588196,0,0.9645610584853282
76561199217016673,0,0.02263697423040867,0,0.9645610584853282
76561199074526026,0,0.042998503893613815,0,0.9645610584853282
76561197983039065,0,0.013615001924335957,0,0.9645610584853282
76561198103674083,0,0.018137460574507713,0,0.9645610584853282
76561199003310640,0,0.05166136100888252,0,0.9645610584853282
76561198363686364,0,0.11945505440235138,0,0.9645610584853282
76561198402916802,0,0.4398142099380493,0,0.9645610584853282
76561199217844873,0,0.0688045471906662,0,0.9645610584853282
76561198081181172,0,0.013027109205722809,0,0.9645610584853282
76561199095000767,0,0.09821978956460953,0,0.9645610584853282
76561198092678594,0,0.03259691968560219,0,0.9645610584853282
76561199427583521,0,0.04689691588282585,0,0.9645610584853282
76561198100980848,0,0.18791109323501587,0,0.9645610584853282
76561198965399914,0,0.015313012525439262,0,0.9645610584853282
76561198007249878,0,0.23928050696849823,0,0.9645610584853282
76561199098593080,0,0.04284137487411499,0,0.9645610584853282
76561198278240244,0,0.020361561328172684,0,0.9645610584853282
76561199224821604,0,0.08428749442100525,0,0.9645610584853282
76561199085339486,0,0.020176013931632042,0,0.9645610584853282
76561199089989910,0,0.20185856521129608,0,0.9645610584853282
76561198163931365,0,0.060784317553043365,0,0.9645610584853282
76561198066469627,0,0.009488693438470364,0,0.9645610584853282
76561198048106887,0,0.031538572162389755,0,0.9645610584853282
76561198077822100,0,0.021587025374174118,0,0.9645610584853282
76561198203422244,0,0.10260283201932907,0,0.9645610584853282
76561198876137317,0,0.04113565385341644,0,0.9645610584853282
76561198071570911,0,0.22238518297672272,0,0.9645610584853282
76561198312836404,0,0.18903577327728271,0,0.9645610584853282
76561199222099763,0,0.10657240450382233,0,0.9645610584853282
76561198129232837,0,0.04557190090417862,0,0.9645610584853282
76561198967940797,0,0.010415329597890377,0,0.9645610584853282
76561198314658294,0,0.01004337053745985,0,0.9645610584853282
76561198032473847,0,0.0407642237842083,0,0.9645610584853282
76561199446986122,0,0.012732584029436111,0,0.9645610584853282
76561198184089354,0,0.03796036168932915,0,0.9645610584853282
76561198992101087,0,0.06609699875116348,0,0.9645610584853282
76561198052798311,0,0.16450104117393494,0,0.9645610584853282
76561198114881054,0,0.07718514651060104,0,0.9645610584853282
76561198995003952,0,0.43488234281539917,0,0.9645610584853282
76561199119297691,0,0.018166175112128258,0,0.9645610584853282
76561198110663639,0,0.018784621730446815,0,0.9645610584853282
76561198093809340,0,0.045559439808130264,0,0.9645610584853282
76561198019996811,0,0.011387865990400314,0,0.9645610584853282
76561198049023325,0,0.05153192952275276,0,0.9645610584853282
76561198005775040,0,0.4384761154651642,0,0.9645610584853282
76561198122985557,0,0.025172991678118706,0,0.9645610584853282
76561198835438022,0,0.08203740417957306,0,0.9645610584853282
76561199175231607,0,0.019643062725663185,0,0.9645610584853282
76561197994802058,0,0.2192465215921402,0,0.9645610584853282
76561198846379554,0,0.028957398608326912,0,0.9645610584853282
76561198402666479,0,0.05810914561152458,0,0.9645610584853282
76561198353528423,0,0.03652331233024597,0,0.9645610584853282
76561199225224648,0,0.01730342023074627,0,0.9645610584853282
76561199226608563,0,0.037522271275520325,0,0.9645610584853282
76561198308712052,0,0.01566288433969021,0,0.9645610584853282
76561199225498793,0,0.4305097460746765,0,0.9645610584853282
76561198071287413,0,0.7664259076118469,0,0.9645610584853282
76561198994980757,0,0.42359790205955505,0,0.9645610584853282
76561199131986205,0,0.019570687785744667,0,0.9645610584853282
76561198160917907,0,0.9759541749954224,0,0.9645610584853282
76561198029828018,0,0.7427629232406616,0,0.9645610584853282
76561199071978311,0,0.07358111441135406,0,0.9645610584853282
76561198028902090,0,0.5701746344566345,0,0.9645610584853282
76561199093898777,0,0.6776475310325623,0,0.9645610584853282
76561198239247280,0,0.025979669764637947,0,0.9645610584853282
76561198077790455,0,0.24688728153705597,0,0.9645610584853282
76561198016972581,0,0.045928627252578735,0,0.9645610584853282
76561198150951730,0,0.011407965794205666,0,0.9645610584853282
76561198337117781,0,0.15315128862857819,0,0.9645610584853282
76561197981889756,0,0.021618759259581566,0,0.9645610584853282
76561199073734115,0,0.02179035171866417,0,0.9645610584853282
76561199085125221,0,0.04474489390850067,0,0.9645610584853282
76561198884283833,0,0.03514125570654869,0,0.9645610584853282
76561198401852278,0,0.013545828871428967,0,0.9645610584853282
76561198244716404,0,0.2857085168361664,0,0.9645610584853282
76561198008334484,0,0.06406085938215256,0,0.9645610584853282
76561199428777811,0,0.05830705165863037,0,0.9645610584853282
76561198067845271,0,0.06997670978307724,0,0.9645610584853282
76561199013358599,0,0.030237490311264992,0,0.9645610584853282
76561199092010624,0,0.9096052646636963,0,0.9645610584853282
76561198065263568,0,0.06594745814800262,0,0.9645610584853282
76561198031761400,0,0.09239175915718079,0,0.9645610584853282
76561199566149739,0,0.09398602694272995,0,0.9645610584853282
76561198067405029,0,0.48132699728012085,0,0.9645610584853282
76561199239134477,0,0.20912255346775055,0,0.9645610584853282
76561198124272807,1,0.9857766032218933,0,0.9645610584853282
76561199220143802,0,0.9596185088157654,0,0.9645610584853282
76561198241621870,0,0.016140993684530258,0,0.9645610584853282
76561198174392318,0,0.18065707385540009,0,0.9645610584853282
76561199295105022,0,0.026344148442149162,0,0.9645610584853282
76561198104048724,0,0.32472583651542664,0,0.9645610584853282
76561198088526562,0,0.18598705530166626,0,0.9645610584853282
76561199656287272,0,0.03213362768292427,0,0.9645610584853282
76561199054406602,0,0.44230595231056213,0,0.9645610584853282
76561198308618552,0,0.01382802240550518,0,0.9645610584853282
76561197971485035,0,0.8290977478027344,0,0.9645610584853282
76561199387907920,0,0.020366987213492393,0,0.9645610584853282
76561199158635636,0,0.024347594007849693,0,0.9645610584853282
76561199068356622,0,0.3222651481628418,0,0.9645610584853282
76561197993342079,0,0.23952063918113708,0,0.9645610584853282
76561198355428283,0,0.05209416523575783,0,0.9645610584853282
76561198799286428,0,0.5967648029327393,0,0.9645610584853282
76561198145903001,0,0.024032864719629288,0,0.9645610584853282
76561198241928480,0,0.016351046040654182,0,0.9645610584853282
76561198067206416,0,0.031989000737667084,0,0.9645610584853282
76561198150529883,0,0.0696396455168724,0,0.9645610584853282
76561197974074683,0,0.0454147532582283,0,0.9645610584853282
76561198277560284,0,0.026517560705542564,0,0.9645610584853282
76561199119047396,0,0.17927567660808563,0,0.9645610584853282
76561198434531262,0,0.354362428188324,0,0.9645610584853282
76561198041467952,0,0.07712399214506149,0,0.9645610584853282
76561198802345988,0,0.024877440184354782,0,0.9645610584853282
76561198268104420,0,0.10282284766435623,0,0.9645610584853282
76561198807985142,0,0.051996275782585144,0,0.9645610584853282
76561199105481536,0,0.06403778493404388,0,0.9645610584853282
76561198202176272,0,0.05287938565015793,0,0.9645610584853282
76561198319337200,0,0.015345622785389423,0,0.9645610584853282
76561199083024314,0,0.08963147550821304,0,0.9645610584853282
76561198978396647,0,0.01788523979485035,0,0.9645610584853282
76561199176311287,0,0.10362192988395691,0,0.9645610584853282
76561198162650223,0,0.04301774874329567,0,0.9645610584853282
76561199375077070,0,0.10860694944858551,0,0.9645610584853282
76561199177035574,0,0.8416733145713806,0,0.9645610584853282
76561198984780610,0,0.32286137342453003,0,0.9645610584853282
76561198856981911,0,0.015592910349369049,0,0.9645610584853282
76561198886948772,0,0.010039621032774448,0,0.9645610584853282
76561198300669101,0,0.04484431818127632,0,0.9645610584853282
76561199462451137,0,0.010861274786293507,0,0.9645610584853282
76561199230903723,0,0.02086740732192993,0,0.9645610584853282
76561198103197943,0,0.014623020775616169,0,0.9645610584853282
76561197993605339,0,0.048045359551906586,0,0.9645610584853282
76561199230395642,0,0.7659775018692017,0,0.9645610584853282
76561199100956844,0,0.08815415948629379,0,0.9645610584853282
76561199506205855,0,0.36154887080192566,0,0.9645610584853282
76561198228460364,0,0.10679250210523605,0,0.9645610584853282
76561197967101102,0,0.7372623682022095,0,0.9645610584853282
76561198046504497,0,0.0372847281396389,0,0.9645610584853282
76561198173888702,0,0.9358230233192444,0,0.9645610584853282
76561197970869744,0,0.026079325005412102,0,0.9645610584853282
76561198040372777,0,0.47705715894699097,0,0.9645610584853282
76561198012894369,0,0.02756590209901333,0,0.9645610584853282
76561198062997285,0,0.22237984836101532,0,0.9645610584853282
76561198977794762,1,0.9891166090965271,0,0.9645610584853282
76561199214364264,0,0.14665637910366058,0,0.9645610584853282
76561198347491935,0,0.08225391060113907,0,0.9645610584853282
76561198264274273,0,0.036245644092559814,0,0.9645610584853282
76561197962618751,0,0.46504586935043335,0,0.9645610584853282
76561198080945456,0,0.783598005771637,0,0.9645610584853282
76561198115936151,0,0.18969693779945374,0,0.9645610584853282
76561198013741773,0,0.015360473655164242,0,0.9645610584853282
76561199488778460,0,0.015690268948674202,0,0.9645610584853282
76561198978220952,0,0.8650878667831421,0,0.9645610584853282
76561199387880341,0,0.014201708137989044,0,0.9645610584853282
76561198047347029,1,0.3999296724796295,0,0.9645610584853282
76561199570660983,0,0.026517560705542564,0,0.9645610584853282
76561198142099354,0,0.9707087874412537,0,0.9645610584853282
76561199528847387,0,0.017403220757842064,0,0.9645610584853282
76561197992825063,0,0.8272543549537659,0,0.9645610584853282
76561198092452420,0,0.020001960918307304,0,0.9645610584853282
76561199024876848,0,0.058522991836071014,0,0.9645610584853282
76561199068721094,0,0.03865990787744522,0,0.9645610584853282
76561198236988312,0,0.026457827538251877,0,0.9645610584853282
76561198194910933,0,0.28836414217948914,0,0.9645610584853282
76561199230160462,0,0.03407880291342735,0,0.9645610584853282
76561199092174219,0,0.5381880402565002,0,0.9645610584853282
76561199507551470,0,0.015323367901146412,0,0.9645610584853282
76561199085458639,0,0.6322799324989319,0,0.9645610584853282
76561199013885691,0,0.169148251414299,0,0.9645610584853282
76561199577450210,0,0.929592490196228,0,0.9645610584853282
76561198088303898,0,0.4751395285129547,0,0.9645610584853282
76561197997627631,0,0.1714145541191101,0,0.9645610584853282
76561198821478334,1,0.8827266693115234,0,0.9645610584853282
76561199105002229,0,0.08591185510158539,0,0.9645610584853282
76561199166823419,0,0.03149138018488884,0,0.9645610584853282
76561198289112110,0,0.011903059668838978,0,0.9645610584853282
76561198214466453,0,0.34586456418037415,0,0.9645610584853282
76561198444318121,0,0.9003690481185913,0,0.9645610584853282
76561199240055424,0,0.040561217814683914,0,0.9645610584853282
76561198169272826,0,0.06847366690635681,0,0.9645610584853282
76561198072707607,0,0.10558280348777771,0,0.9645610584853282
76561198000820183,0,0.723909318447113,0,0.9645610584853282
76561198852964077,0,0.05402484908699989,0,0.9645610584853282
76561199504178994,0,0.036255721002817154,0,0.9645610584853282
76561199028569926,0,0.167403444647789,0,0.9645610584853282
76561198297794698,0,0.01235534530133009,0,0.9645610584853282
76561198102896022,0,0.049201879650354385,0,0.9645610584853282
76561198424018656,0,0.36055788397789,0,0.9645610584853282
76561198075476754,0,0.19716806709766388,0,0.9645610584853282
76561198125321434,0,0.059831563383340836,0,0.9645610584853282
76561198876758311,0,0.11319097876548767,0,0.9645610584853282
76561199127485501,0,0.10667356103658676,0,0.9645610584853282
76561198126452220,0,0.016624651849269867,0,0.9645610584853282
76561198089883858,0,0.032344941049814224,0,0.9645610584853282
76561199241396551,0,0.4360087513923645,0,0.9645610584853282
76561199027639410,0,0.17227815091609955,0,0.9645610584853282
76561197963379415,0,0.13080309331417084,0,0.9645610584853282
76561198044304878,0,0.6061253547668457,0,0.9645610584853282
76561198171109682,0,0.019541330635547638,0,0.9645610584853282
76561198994252785,0,0.24385912716388702,0,0.9645610584853282
76561198364768204,0,0.02190941944718361,0,0.9645610584853282
76561198833438686,0,0.07652611285448074,0,0.9645610584853282
76561199284348258,0,0.01378594245761633,0,0.9645610584853282
76561198137088305,0,0.012800294905900955,0,0.9645610584853282
76561198087379251,0,0.28448736667633057,0,0.9645610584853282
76561199679806681,0,0.1247527077794075,0,0.9645610584853282
76561199121926270,0,0.1124286875128746,0,0.9645610584853282
76561199762005652,0,0.33237072825431824,0,0.9645610584853282
76561198804825982,0,0.009411171078681946,0,0.9645610584853282
76561199135424279,0,0.24317333102226257,0,0.9645610584853282
76561198105518128,0,0.011144071817398071,0,0.9645610584853282
76561198398557333,0,0.1725243628025055,0,0.9645610584853282
76561199054009913,0,0.02863827347755432,0,0.9645610584853282
76561198142163588,0,0.06136436015367508,0,0.9645610584853282
76561199092001950,0,0.9833256006240845,0,0.9645610584853282
76561198370592857,0,0.044045958667993546,0,0.9645610584853282
76561198054232511,0,0.11376336961984634,0,0.9645610584853282
76561199155623256,0,0.012768104672431946,0,0.9645610584853282
76561198030076801,0,0.09317099303007126,0,0.9645610584853282
76561197979652291,0,0.011961656622588634,0,0.9645610584853282
76561199223814486,0,0.014201708137989044,0,0.9645610584853282
76561198101955462,0,0.12230204045772552,0,0.9645610584853282
76561199527506058,0,0.06336498260498047,0,0.9645610584853282
76561198862213922,0,0.04290148615837097,0,0.9645610584853282
76561198086590443,0,0.015343556180596352,0,0.9645610584853282
76561198005555567,0,0.10313244163990021,0,0.9645610584853282
76561198172630833,0,0.02877752110362053,0,0.9645610584853282
76561198392391789,0,0.02627573348581791,0,0.9645610584853282
76561199087973216,0,0.01235534530133009,0,0.9645610584853282
76561199386239502,0,0.0645572692155838,0,0.9645610584853282
76561199095563798,0,0.01594606041908264,0,0.9645610584853282
76561198353400280,0,0.11902980506420135,0,0.9645610584853282
76561198399030685,0,0.016369646415114403,0,0.9645610584853282
76561198192556610,0,0.2080029845237732,0,0.9645610584853282
76561198888547569,0,0.10911481082439423,0,0.9645610584853282
76561199211908929,0,0.054804619401693344,0,0.9645610584853282
76561198841927345,0,0.18546812236309052,0,0.9645610584853282
76561198143835834,0,0.2968981862068176,0,0.9645610584853282
76561198329792706,0,0.7441333532333374,0,0.9645610584853282
76561198091456521,0,0.5375298857688904,0,0.9645610584853282
76561198127509143,0,0.3047463595867157,0,0.9645610584853282
76561199575515955,0,0.04167548939585686,0,0.9645610584853282
76561198139209723,1,0.4748998284339905,0,0.9645610584853282
76561199229990458,0,0.11202701181173325,0,0.9645610584853282
76561197993642316,1,0.9781654477119446,0,0.9645610584853282
76561199102095570,0,0.5185794830322266,0,0.9645610584853282
76561197982552441,0,0.8017113208770752,0,0.9645610584853282
76561198163090873,0,0.03211721405386925,0,0.9645610584853282
76561198944788420,0,0.020459415391087532,0,0.9645610584853282
76561198057247043,0,0.38083499670028687,0,0.9645610584853282
76561198162389262,0,0.41302862763404846,0,0.9645610584853282
76561198093221503,0,0.4861612915992737,0,0.9645610584853282
76561197970490793,0,0.13919658958911896,0,0.9645610584853282
76561197999005237,0,0.022774582728743553,0,0.9645610584853282
76561199028589116,0,0.03369956463575363,0,0.9645610584853282
76561199126107979,0,0.05947583541274071,0,0.9645610584853282
76561198167712039,0,0.047523900866508484,0,0.9645610584853282
76561199013865538,0,0.4950326383113861,0,0.9645610584853282
76561198065871825,0,0.09794669598340988,0,0.9645610584853282
76561199166717901,0,0.05759802460670471,0,0.9645610584853282
76561198278204287,0,0.07210887968540192,0,0.9645610584853282
76561197960677836,1,0.9872387051582336,0,0.9645610584853282
76561198984064082,0,0.05402484908699989,0,0.9645610584853282
76561198858537093,0,0.06193332001566887,0,0.9645610584853282
76561198097302968,0,0.1173265129327774,0,0.9645610584853282
76561198044797572,0,0.08867304772138596,0,0.9645610584853282
76561198918580739,0,0.1023806482553482,0,0.9645610584853282
76561198475156530,0,0.8565191626548767,0,0.9645610584853282
76561199180856175,0,0.11142408847808838,0,0.9645610584853282
76561198931053285,0,0.027591869235038757,0,0.9645610584853282
76561198029765530,0,0.06350526958703995,0,0.9645610584853282
76561198384696091,0,0.3282544016838074,0,0.9645610584853282
76561198006798745,0,0.3724808692932129,0,0.9645610584853282
76561199291771087,0,0.7049864530563354,0,0.9645610584853282
76561198450860035,0,0.01842149905860424,0,0.9645610584853282
76561199063959243,0,0.2119673639535904,0,0.9645610584853282
76561198292031081,0,0.015323367901146412,0,0.9645610584853282
76561199132647242,0,0.9728252291679382,0,0.9645610584853282
76561197960668549,0,0.7491670846939087,0,0.9645610584853282
76561198283876739,0,0.06916875392198563,0,0.9645610584853282
76561198399413507,0,0.11394405364990234,0,0.9645610584853282
76561198072017362,0,0.021573392674326897,0,0.9645610584853282
76561198255961048,0,0.023529963567852974,0,0.9645610584853282
76561198228004268,0,0.08414138108491898,0,0.9645610584853282
76561198283487603,0,0.1720690131187439,0,0.9645610584853282
76561198050052030,0,0.02368723228573799,0,0.9645610584853282
76561199237488239,0,0.7196410894393921,0,0.9645610584853282
76561198125197804,0,0.05241398140788078,0,0.9645610584853282
76561199489018255,0,0.014201708137989044,0,0.9645610584853282
76561199250213907,0,0.06046361103653908,0,0.9645610584853282
76561198123905170,0,0.1767140030860901,0,0.9645610584853282
76561198354015657,0,0.04284137487411499,0,0.9645610584853282
76561198066827672,0,0.8419350385665894,0,0.9645610584853282
76561198079183172,0,0.3198310136795044,0,0.9645610584853282
76561199218713727,0,0.2970084547996521,0,0.9645610584853282
76561198861019575,0,0.2331669181585312,0,0.9645610584853282
76561198865705020,0,0.03987940400838852,0,0.9645610584853282
76561199183910072,0,0.9791040420532227,0,0.9645610584853282
76561199760163462,0,0.03886420652270317,0,0.9645610584853282
76561198174153889,0,0.030786307528614998,0,0.9645610584853282
76561198142317601,0,0.43819910287857056,0,0.9645610584853282
76561199588725716,0,0.0433797687292099,0,0.9645610584853282
76561198965246336,0,0.07407763600349426,0,0.9645610584853282
76561198060600817,0,0.006764116697013378,0,0.9645610584853282
76561198384964746,0,0.015003828331828117,0,0.9645610584853282
76561198314834766,0,0.014201708137989044,0,0.9645610584853282
76561198842924141,0,0.007983862422406673,0,0.9645610584853282
76561198055630003,0,0.019057778641581535,0,0.9645610584853282
76561199235190274,0,0.9606896042823792,0,0.9645610584853282
76561198312976759,0,0.6627413630485535,0,0.9645610584853282
76561199112340969,0,0.08140376210212708,0,0.9645610584853282
76561199535597273,0,0.025272056460380554,0,0.9645610584853282
76561197962959251,0,0.08227045089006424,0,0.9645610584853282
76561198035322773,0,0.07277059555053711,0,0.9645610584853282
76561198215591696,0,0.11821901798248291,0,0.9645610584853282
76561198064580645,0,0.1643785834312439,0,0.9645610584853282
76561199089414821,0,0.16908475756645203,0,0.9645610584853282
76561198870082386,0,0.012285362929105759,0,0.9645610584853282
76561198845366198,0,0.16046324372291565,0,0.9645610584853282
76561198057830259,0,0.03917370364069939,0,0.9645610584853282
76561199050204914,0,0.05402484908699989,0,0.9645610584853282
76561198253086333,0,0.019655950367450714,0,0.9645610584853282
76561198271154996,0,0.017105581238865852,0,0.9645610584853282
76561198216559877,0,0.6324580907821655,0,0.9645610584853282
76561198347159459,0,0.1417715698480606,0,0.9645610584853282
76561199210910543,0,0.2743089497089386,0,0.9645610584853282
76561198858479216,0,0.2178056836128235,0,0.9645610584853282
76561197976440334,0,0.1649417132139206,0,0.9645610584853282
76561198054809203,0,0.481217622756958,0,0.9645610584853282
76561198304465904,1,0.4281686246395111,0,0.9645610584853282
76561198057038227,0,0.6251303553581238,0,0.9645610584853282
76561198074981593,0,0.11334605515003204,0,0.9645610584853282
76561198877489288,0,0.12814484536647797,0,0.9645610584853282
76561198015647639,0,0.9086613655090332,0,0.9645610584853282
76561199104777154,0,0.01379186287522316,0,0.9645610584853282
76561198246956240,0,0.1633508801460266,0,0.9645610584853282
76561198355212517,0,0.857074499130249,0,0.9645610584853282
76561198059414755,0,0.013470157980918884,0,0.9645610584853282
76561198028214082,0,0.755544126033783,0,0.9645610584853282
76561198197146609,0,0.11382891982793808,0,0.9645610584853282
76561198049839521,0,0.06045153737068176,0,0.9645610584853282
76561198126685070,0,0.3841146230697632,0,0.9645610584853282
76561198122086612,0,0.1026332750916481,0,0.9645610584853282
76561199447878179,0,0.032854463905096054,0,0.9645610584853282
76561199059405635,0,0.24528907239437103,0,0.9645610584853282
76561198243448430,0,0.7126339077949524,0,0.9645610584853282
76561198042755946,0,0.02045450545847416,0,0.9645610584853282
76561198102822831,0,0.0904163122177124,0,0.9645610584853282
76561198011584645,0,0.6312914490699768,0,0.9645610584853282
76561198315502738,0,0.021873291581869125,0,0.9645610584853282
76561198071071471,0,0.25553229451179504,0,0.9645610584853282
76561198143932323,0,0.07334156334400177,0,0.9645610584853282
76561198049261212,0,0.03675561770796776,0,0.9645610584853282
76561199095042402,0,0.4667944312095642,0,0.9645610584853282
76561199145607673,0,0.014201708137989044,0,0.9645610584853282
76561199138428596,0,0.2605604827404022,0,0.9645610584853282
76561198057464311,1,0.6071130037307739,0,0.9645610584853282
76561198011302673,0,0.4758886694908142,0,0.9645610584853282
76561198072304169,0,0.30255648493766785,0,0.9645610584853282
76561198274436857,0,0.02589554525911808,0,0.9645610584853282
76561198055555909,0,0.03560922294855118,0,0.9645610584853282
76561199126701178,0,0.04259222000837326,0,0.9645610584853282
76561199075936290,0,0.012288100086152554,0,0.9645610584853282
76561198215104399,0,0.010946817696094513,0,0.9645610584853282
76561198955261366,0,0.46821722388267517,0,0.9645610584853282
76561199529493575,0,0.20401334762573242,0,0.9645610584853282
76561198247611732,0,0.6363096833229065,0,0.9645610584853282
76561198432459310,0,0.1255992203950882,0,0.9645610584853282
76561199072434408,0,0.021873291581869125,0,0.9645610584853282
76561197960550872,0,0.05150831118226051,0,0.9645610584853282
76561198303359079,0,0.8688216805458069,0,0.9645610584853282
76561199350758435,0,0.02434859238564968,0,0.9645610584853282
76561198297343595,0,0.5199660658836365,0,0.9645610584853282
76561198412364034,0,0.3426416218280792,0,0.9645610584853282
76561198375362852,0,0.07099141925573349,0,0.9645610584853282
76561198833910165,0,0.22158373892307281,0,0.9645610584853282
76561198161750736,0,0.04938267543911934,0,0.9645610584853282
76561198004440817,0,0.02552925981581211,0,0.9645610584853282
76561198972232670,0,0.027207471430301666,0,0.9645610584853282
76561198072217633,0,0.6756264567375183,0,0.9645610584853282
76561198373995110,0,0.019258813932538033,0,0.9645610584853282
76561199237078231,0,0.07415420562028885,0,0.9645610584853282
76561199528379928,0,0.033153340220451355,0,0.9645610584853282
76561199191965434,0,0.010668533854186535,0,0.9645610584853282
76561198406249276,0,0.20614977180957794,0,0.9645610584853282
76561198035819526,0,0.9880196452140808,0,0.9645610584853282
76561198274223643,0,0.19591079652309418,0,0.9645610584853282
76561198982641797,0,0.016994928941130638,0,0.9645610584853282
76561198423810567,0,0.01911059580743313,0,0.9645610584853282
76561198058427498,0,0.015690268948674202,0,0.9645610584853282
76561199697929512,0,0.017720902338624,0,0.9645610584853282
76561198072003648,0,0.013450023718178272,0,0.9645610584853282
76561198802237466,0,0.014201708137989044,0,0.9645610584853282
76561199508245647,0,0.5637859106063843,0,0.9645610584853282
76561198057632307,0,0.49388986825942993,0,0.9645610584853282
76561198027157893,0,0.0202844999730587,0,0.9645610584853282
76561199138363598,0,0.27331486344337463,0,0.9645610584853282
76561199250496526,0,0.16926123201847076,0,0.9645610584853282
76561198148677925,0,0.10169153660535812,0,0.9645610584853282
76561198196708533,0,0.8196037411689758,0,0.9645610584853282
76561198420842567,0,0.3496083915233612,0,0.9645610584853282
76561198162152573,0,0.019303372129797935,0,0.9645610584853282
76561198104738812,0,0.0333905890583992,0,0.9645610584853282
76561198053042119,0,0.13179324567317963,0,0.9645610584853282
76561198238316642,0,0.6850618720054626,0,0.9645610584853282
76561198340665059,0,0.06166195496916771,0,0.9645610584853282
76561198218919965,0,0.033153340220451355,0,0.9645610584853282
76561199494236000,0,0.06192662939429283,0,0.9645610584853282
76561199577500952,0,0.19989436864852905,0,0.9645610584853282
76561198029073398,0,0.1321800798177719,0,0.9645610584853282
76561198194831425,0,0.4333239495754242,0,0.9645610584853282
76561199405890739,0,0.05857675522565842,0,0.9645610584853282
76561197977490775,0,0.09234187006950378,0,0.9645610584853282
76561197982042159,0,0.0067139966413378716,0,0.9645610584853282
76561198020568540,0,0.017836999148130417,0,0.9645610584853282
76561199221504022,0,0.05506294593214989,0,0.9645610584853282
76561199146537225,0,0.016078392043709755,0,0.9645610584853282
76561199279917853,1,0.9480358362197876,0,0.9645610584853282
76561198380103280,0,0.05556127801537514,0,0.9645610584853282
76561199164973974,0,0.011574668809771538,0,0.9645610584853282
76561199499423164,0,0.03919941931962967,0,0.9645610584853282
76561199222486947,0,0.019045772030949593,0,0.9645610584853282
76561199551360956,0,0.01594606041908264,0,0.9645610584853282
76561198823986152,0,0.027761779725551605,0,0.9645610584853282
76561198809896142,1,0.37517374753952026,0,0.9645610584853282
76561198811173411,1,0.9446328282356262,0,0.9645610584853282
76561198063399898,0,0.7468374371528625,0,0.9645610584853282
76561198041739345,1,0.9496808648109436,0,0.9645610584853282
76561198106636505,0,0.599362850189209,0,0.9645610584853282
76561198449354003,0,0.2405053973197937,0,0.9645610584853282
76561199122414813,0,0.9529011249542236,0,0.9645610584853282
76561198141896168,1,0.7928348183631897,0,0.9645610584853282
76561198929844044,0,0.10236040502786636,0,0.9645610584853282
76561198038110673,0,0.05864774435758591,0,0.9645610584853282
76561198831578864,0,0.16464266180992126,0,0.9645610584853282
76561198125871768,0,0.1653599739074707,0,0.9645610584853282
76561198061595015,0,0.00989063736051321,0,0.9645610584853282
76561199054742086,0,0.4592471122741699,0,0.9645610584853282
76561198235726842,0,0.01165431272238493,0,0.9645610584853282
76561199106942391,0,0.0215289406478405,0,0.9645610584853282
76561198352364528,0,0.8290867805480957,0,0.9645610584853282
76561198155286377,0,0.9231938123703003,0,0.9645610584853282
76561199086537506,0,0.1410667449235916,0,0.9645610584853282
76561198071014601,0,0.12962529063224792,0,0.9645610584853282
76561198269618472,0,0.14122484624385834,0,0.9645610584853282
76561198031358234,0,0.7970702648162842,0,0.9645610584853282
76561198115530084,0,0.878857433795929,0,0.9645610584853282
76561198029350098,0,0.07116839289665222,0,0.9645610584853282
76561199037532034,0,0.30177175998687744,0,0.9645610584853282
76561198145929269,0,0.21114322543144226,0,0.9645610584853282
76561198035095274,0,0.3023383915424347,0,0.9645610584853282
76561198065531498,0,0.1435355693101883,0,0.9645610584853282
76561198032048913,0,0.07179740816354752,0,0.9645610584853282
76561198142193981,0,0.261722207069397,0,0.9645610584853282
76561198139253749,0,0.5885477066040039,0,0.9645610584853282
76561199403557334,0,0.1182425320148468,0,0.9645610584853282
76561198159299493,0,0.04097549244761467,0,0.9645610584853282
76561199524640023,0,0.010576965287327766,0,0.9645610584853282
76561198050109561,0,0.014108126983046532,0,0.9645610584853282
76561198279833947,0,0.357655793428421,0,0.9645610584853282
76561198359455706,0,0.04001646488904953,0,0.9645610584853282
76561199681901081,0,0.08746323734521866,0,0.9645610584853282
76561198452891191,1,0.9908214211463928,0,0.9645610584853282
76561198037346607,0,0.019579889252781868,0,0.9645610584853282
76561199231632821,0,0.3536668121814728,0,0.9645610584853282
76561198876201311,1,0.9812219738960266,0,0.9645610584853282
76561198984929967,0,0.49727797508239746,0,0.9645610584853282
76561198296670777,0,0.047567062079906464,0,0.9645610584853282
76561198037969999,0,0.04068511724472046,0,0.9645610584853282
76561198180999806,0,0.008232967928051949,0,0.9645610584853282
76561199467799800,0,0.05022548511624336,0,0.9645610584853282
76561199045893118,0,0.4468880593776703,0,0.9645610584853282
76561199173047171,0,0.06304236501455307,0,0.9645610584853282
76561198202885096,0,0.11968623101711273,0,0.9645610584853282
76561198209518576,0,0.010668533854186535,0,0.9645610584853282
76561199058901991,0,0.02048577554523945,0,0.9645610584853282
76561199404979585,0,0.9689289331436157,0,0.9645610584853282
76561198439156042,0,0.14695973694324493,0,0.9645610584853282
76561198132173711,0,0.018979493528604507,0,0.9645610584853282
76561198381727092,0,0.275517076253891,0,0.9645610584853282
76561199053177384,0,0.8766542673110962,0,0.9645610584853282
76561198188990751,1,0.49962353706359863,0,0.9645610584853282
76561198127593610,0,0.29038378596305847,0,0.9645610584853282
76561198442665899,0,0.6849446296691895,0,0.9645610584853282
76561198110169124,0,0.05666323006153107,0,0.9645610584853282
76561198076561849,0,0.025342822074890137,0,0.9645610584853282
76561198149452926,0,0.35605958104133606,0,0.9645610584853282
76561198251310470,0,0.1061062440276146,0,0.9645610584853282
76561198820622416,0,0.10412819683551788,0,0.9645610584853282
76561197975978987,0,0.41289258003234863,0,0.9645610584853282
76561199441904677,0,0.1539200097322464,0,0.9645610584853282
76561199197977420,0,0.02215387113392353,0,0.9645610584853282
76561198133189597,0,0.02914494089782238,0,0.9645610584853282
76561198145398205,0,0.3134745955467224,0,0.9645610584853282
76561199122365543,0,0.03239019960165024,0,0.9645610584853282
76561197993379615,0,0.5169827938079834,0,0.9645610584853282
76561199585522744,0,0.3158288300037384,0,0.9645610584853282
76561198828287911,0,0.06837598234415054,0,0.9645610584853282
76561198079631819,0,0.18171216547489166,0,0.9645610584853282
76561199019530295,0,0.02725338563323021,0,0.9645610584853282
76561198242973142,0,0.039934445172548294,0,0.9645610584853282
76561198915851985,0,0.024052634835243225,0,0.9645610584853282
76561199130381953,0,0.028418246656656265,0,0.9645610584853282
76561198033056270,0,0.03243314102292061,0,0.9645610584853282
76561199020719454,0,0.24634894728660583,0,0.9645610584853282
76561198295216126,0,0.02594204992055893,0,0.9645610584853282
76561198301448336,0,0.015690268948674202,0,0.9645610584853282
76561198031398295,0,0.4850664436817169,0,0.9645610584853282
76561198256796459,0,0.017098935320973396,0,0.9645610584853282
76561198069685258,0,0.3989712595939636,0,0.9645610584853282
76561199074048580,0,0.6626262664794922,0,0.9645610584853282
76561199231731881,0,0.19202163815498352,0,0.9645610584853282
76561198849835855,0,0.02682296372950077,0,0.9645610584853282
76561198010152899,0,0.024096395820379257,0,0.9645610584853282
76561198142409369,0,0.3490052819252014,0,0.9645610584853282
76561199635652934,0,0.23891328275203705,0,0.9645610584853282
76561198097717565,0,0.017369071021676064,0,0.9645610584853282
76561198098613907,0,0.6115819811820984,0,0.9645610584853282
76561198192525707,0,0.30910271406173706,0,0.9645610584853282
76561198318344691,0,0.019258813932538033,0,0.9645610584853282
76561198100533050,0,0.3545929193496704,0,0.9645610584853282
76561199129030236,0,0.035941943526268005,0,0.9645610584853282
76561198160961577,0,0.059572335332632065,0,0.9645610584853282
76561198123622857,0,0.3034391403198242,0,0.9645610584853282
76561198089044219,0,0.9576767683029175,0,0.9645610584853282
76561198917360121,0,0.13999299705028534,0,0.9645610584853282
76561198123385263,0,0.924452006816864,0,0.9645610584853282
76561198384811695,1,0.9813721179962158,0,0.9645610584853282
76561198096315404,0,0.7992902398109436,0,0.9645610584853282
76561198016879742,0,0.035540346056222916,0,0.9645610584853282
76561199166693848,0,0.8196234703063965,0,0.9645610584853282
76561198127772373,0,0.18293850123882294,0,0.9645610584853282
76561199233675588,0,0.4138789176940918,0,0.9645610584853282
76561198967748528,1,0.9895803332328796,0,0.9645610584853282
76561198022771244,0,0.24369388818740845,0,0.9645610584853282
76561199501221785,0,0.97510826587677,0,0.9645610584853282
76561198815054634,0,0.05544643849134445,0,0.9645610584853282
76561198979829899,0,0.08155239373445511,0,0.9645610584853282
76561198131213510,0,0.013116183690726757,0,0.9645610584853282
76561199013390791,1,0.9234204292297363,0,0.9645610584853282
76561198094679323,0,0.2327457070350647,0,0.9645610584853282
76561199564603516,0,0.19698840379714966,0,0.9645610584853282
76561198282875722,0,0.10990885645151138,0,0.9645610584853282
76561198047148267,0,0.029168326407670975,0,0.9645610584853282
76561198928199919,0,0.05255348980426788,0,0.9645610584853282
76561197998802578,0,0.022753356024622917,0,0.9645610584853282
76561198380668320,0,0.4676494598388672,0,0.9645610584853282
76561198259553142,0,0.3654066324234009,0,0.9645610584853282
76561198333635576,0,0.3841656446456909,0,0.9645610584853282
76561198226135092,0,0.08971959352493286,0,0.9645610584853282
76561198415255143,1,0.8981232643127441,0,0.9645610584853282
76561198163812332,0,0.008413112722337246,0,0.9645610584853282
76561198188569459,0,0.15345051884651184,0,0.9645610584853282
76561199263474534,0,0.04632442072033882,0,0.9645610584853282
76561198104285062,0,0.26755237579345703,0,0.9645610584853282
76561198379531254,0,0.013718286529183388,0,0.9645610584853282
76561199063294028,0,0.0695820078253746,0,0.9645610584853282
76561199572554678,0,0.01472767349332571,0,0.9645610584853282
76561198883779916,0,0.09144823998212814,0,0.9645610584853282
76561198855358161,0,0.17675352096557617,0,0.9645610584853282
76561198168681750,0,0.5935015678405762,0,0.9645610584853282
76561199387125728,0,0.3619447946548462,0,0.9645610584853282
76561198173641530,0,0.05581112578511238,0,0.9645610584853282
76561198150547702,1,0.6996962428092957,0,0.9645610584853282
76561198042338281,0,0.011478564701974392,0,0.9645610584853282
76561198134041975,0,0.036337822675704956,0,0.9645610584853282
76561198951420473,0,0.049631714820861816,0,0.9645610584853282
76561198369324999,0,0.7549989819526672,0,0.9645610584853282
76561198273458437,0,0.16159282624721527,0,0.9645610584853282
76561198137947672,0,0.08855322003364563,0,0.9645610584853282
76561198151640407,0,0.10140679776668549,0,0.9645610584853282
76561197999464802,0,0.03748929873108864,0,0.9645610584853282
76561199402483684,0,0.048654742538928986,0,0.9645610584853282
76561198818996698,0,0.15970422327518463,0,0.9645610584853282
76561198064820027,0,0.26722458004951477,0,0.9645610584853282
76561198306354792,0,0.4721348285675049,0,0.9645610584853282
76561197971187091,1,0.9878867864608765,0,0.9645610584853282
76561198293357554,0,0.08908437192440033,0,0.9645610584853282
76561198338526863,0,0.05379757285118103,0,0.9645610584853282
76561198384118895,0,0.3756893575191498,0,0.9645610584853282
76561199008440398,0,0.42484456300735474,0,0.9645610584853282
76561199591911268,0,0.3969156742095947,0,0.9645610584853282
76561198263384546,0,0.01734289340674877,0,0.9645610584853282
76561199228885621,0,0.33637186884880066,0,0.9645610584853282
76561199042954085,0,0.5568965077400208,0,0.9645610584853282
76561198315388765,0,0.04551778733730316,0,0.9645610584853282
76561198079413166,0,0.020360847935080528,0,0.9645610584853282
76561197978404538,0,0.029627667739987373,0,0.9645610584853282
76561198180145646,0,0.19644643366336823,0,0.9645610584853282
76561198272307933,0,0.04239422455430031,0,0.9645610584853282
76561198113990859,0,0.016777032986283302,0,0.9645610584853282
76561198096187729,0,0.10541602224111557,0,0.9645610584853282
76561198159236484,0,0.028906170278787613,0,0.9645610584853282
76561199149455350,0,0.08621717989444733,0,0.9645610584853282
76561198412107773,0,0.047425806522369385,0,0.9645610584853282
76561198361127925,0,0.2975822985172272,0,0.9645610584853282
76561199058689746,0,0.9793108105659485,0,0.9645610584853282
76561199168185721,0,0.014843826182186604,0,0.9645610584853282
76561198114432284,0,0.023112474009394646,0,0.9645610584853282
76561199550495694,0,0.015594630502164364,0,0.9645610584853282
76561198452930018,0,0.06319469958543777,0,0.9645610584853282
76561198199007765,0,0.018380705267190933,0,0.9645610584853282
76561197991911652,0,0.5501602292060852,0,0.9645610584853282
76561199155257685,0,0.1587498039007187,0,0.9645610584853282
76561199755900270,0,0.016043828800320625,0,0.9645610584853282
76561198995188140,0,0.05724649876356125,0,0.9645610584853282
76561198030885770,0,0.04396996647119522,0,0.9645610584853282
76561198065234365,0,0.1779409795999527,0,0.9645610584853282
76561198355323913,0,0.08428749442100525,0,0.9645610584853282
76561198971188942,0,0.17043541371822357,0,0.9645610584853282
76561199099405650,0,0.026293491944670677,0,0.9645610584853282
76561198058932144,0,0.041495706886053085,0,0.9645610584853282
76561198313745477,0,0.2450019270181656,0,0.9645610584853282
76561198369803001,0,0.08042070269584656,0,0.9645610584853282
76561198340525169,0,0.021819578483700752,0,0.9645610584853282
76561198112680645,0,0.01837334595620632,0,0.9645610584853282
76561198852677818,0,0.12238585203886032,0,0.9645610584853282
76561198321058114,0,0.8959651589393616,0,0.9645610584853282
76561198091522669,0,0.0229739248752594,0,0.9645610584853282
76561197990051968,0,0.06576552242040634,0,0.9645610584853282
76561198094500287,0,0.010950876399874687,0,0.9645610584853282
76561199014383627,0,0.016515763476490974,0,0.9645610584853282
76561198799327924,0,0.5571264028549194,0,0.9645610584853282
76561198031768696,0,0.038264285773038864,0,0.9645610584853282
76561198094946834,0,0.012609884142875671,0,0.9645610584853282
76561199031379079,0,0.7539024353027344,0,0.9645610584853282
76561198189662097,0,0.25873610377311707,0,0.9645610584853282
76561199047982364,0,0.5106518268585205,0,0.9645610584853282
76561198885426175,0,0.07962214201688766,0,0.9645610584853282
76561198141431913,0,0.835144579410553,0,0.9645610584853282
76561198834488281,0,0.010084349662065506,0,0.9645610584853282
76561198982292683,0,0.8444678783416748,0,0.9645610584853282
76561199079486594,0,0.5265128016471863,0,0.9645610584853282
76561198115438557,0,0.08340006321668625,0,0.9645610584853282
76561198121738538,0,0.9753322005271912,0,0.9645610584853282
76561198385019100,0,0.08213970065116882,0,0.9645610584853282
76561198002460934,0,0.4591419994831085,0,0.9645610584853282
76561199086614787,1,0.9741322994232178,0,0.9645610584853282
76561198026036769,0,0.9694914221763611,0,0.9645610584853282
76561198174445991,0,0.5157094597816467,0,0.9645610584853282
76561198157089751,0,0.08387888222932816,0,0.9645610584853282
76561198329796563,0,0.07597073912620544,0,0.9645610584853282
76561198066809423,1,0.9914980530738831,0,0.9645610584853282
76561198051750281,0,0.06546565890312195,0,0.9645610584853282
76561198256219492,0,0.03650248423218727,0,0.9645610584853282
76561198046781141,0,0.05321738123893738,0,0.9645610584853282
76561199201188011,0,0.07734552770853043,0,0.9645610584853282
76561199562832762,0,0.2530154287815094,0,0.9645610584853282
76561198194738679,0,0.13028325140476227,0,0.9645610584853282
76561199237306240,0,0.39910608530044556,0,0.9645610584853282
76561198066234067,0,0.3863539695739746,0,0.9645610584853282
76561199088122154,0,0.01730342023074627,0,0.9645610584853282
76561199403522993,0,0.44746312499046326,0,0.9645610584853282
76561198067174758,0,0.3352353572845459,0,0.9645610584853282
76561198335412576,0,0.4240480661392212,0,0.9645610584853282
76561198976660628,1,0.9829441905021667,0,0.9645610584853282
76561198007091489,1,0.9752700924873352,0,0.9645610584853282
76561198350546940,0,0.7407897710800171,0,0.9645610584853282
76561198030508199,1,0.9692690968513489,0,0.9645610584853282
76561198058656006,0,0.6882821321487427,0,0.9645610584853282
76561198124122928,0,0.5745980143547058,0,0.9645610584853282
76561198062091883,0,0.1385461986064911,0,0.9645610584853282
76561198036752411,0,0.050500739365816116,0,0.9645610584853282
76561198421499558,0,0.8073334693908691,0,0.9645610584853282
76561198128508438,0,0.04172232002019882,0,0.9645610584853282
76561198043786021,0,0.00933107640594244,0,0.9645610584853282
76561197970166905,0,0.04424070939421654,0,0.9645610584853282
76561198034310019,0,0.047518596053123474,0,0.9645610584853282
76561198310103399,0,0.8092254400253296,0,0.9645610584853282
76561199079461854,0,0.5321932435035706,0,0.9645610584853282
76561198039206425,0,0.027170395478606224,0,0.9645610584853282
76561198347572792,0,0.00788570661097765,0,0.9645610584853282
76561198001433525,0,0.04308987781405449,0,0.9645610584853282
76561198092321192,0,0.045017439872026443,0,0.9645610584853282
76561199559709798,0,0.007953315041959286,0,0.9645610584853282
76561198025090494,0,0.21991190314292908,0,0.9645610584853282
76561199436746399,0,0.10091885179281235,0,0.9645610584853282
76561198090230369,0,0.019718602299690247,0,0.9645610584853282
76561199366722644,0,0.2625371217727661,0,0.9645610584853282
76561199280061731,0,0.018658075481653214,0,0.9645610584853282
76561197973428731,0,0.09425955265760422,0,0.9645610584853282
76561198170543619,0,0.04114971682429314,0,0.9645610584853282
76561198881849920,0,0.029133999720215797,0,0.9645610584853282
76561199033125797,0,0.5561565160751343,0,0.9645610584853282
76561199154848814,0,0.014201708137989044,0,0.9645610584853282
76561198038658323,0,0.04653419554233551,0,0.9645610584853282
76561199275018041,0,0.017074791714549065,0,0.9645610584853282
76561198085760479,0,0.4255741238594055,0,0.9645610584853282
76561198153529304,0,0.03509749472141266,0,0.9645610584853282
76561199323081889,0,0.051428794860839844,0,0.9645610584853282
76561198344678200,0,0.015690268948674202,0,0.9645610584853282
76561199562478323,0,0.15738996863365173,0,0.9645610584853282
76561198076288473,0,0.023726290091872215,0,0.9645610584853282
76561199485920610,0,0.2846307158470154,0,0.9645610584853282
76561199095413601,0,0.0950213298201561,0,0.9645610584853282
76561198167671046,0,0.0962815135717392,0,0.9645610584853282
76561198069485775,0,0.015219442546367645,0,0.9645610584853282
76561198038441359,0,0.07649315893650055,0,0.9645610584853282
76561197963756181,0,0.017785804346203804,0,0.9645610584853282
76561198119763609,0,0.2538204789161682,0,0.9645610584853282
76561199506283579,0,0.24013406038284302,0,0.9645610584853282
76561198807533269,0,0.17697910964488983,0,0.9645610584853282
76561198111822763,0,0.04113664850592613,0,0.9645610584853282
76561199532637752,0,0.9894006848335266,0,0.9645610584853282
76561199021833966,0,0.033194806426763535,0,0.9645610584853282
76561197970637087,0,0.014919701032340527,0,0.9645610584853282
76561199224970477,0,0.02819526568055153,0,0.9645610584853282
76561198020665042,0,0.8457997441291809,0,0.9645610584853282
76561199249136988,0,0.061526261270046234,0,0.9645610584853282
76561198113366312,0,0.16550931334495544,0,0.9645610584853282
76561198139398142,0,0.1860266774892807,0,0.9645610584853282
76561198045003740,0,0.2592976689338684,0,0.9645610584853282
76561199142511202,0,0.8341800570487976,0,0.9645610584853282
76561198206608212,0,0.028525063768029213,0,0.9645610584853282
76561199088819880,0,0.14081431925296783,0,0.9645610584853282
76561198109346119,0,0.04034837707877159,0,0.9645610584853282
76561198111528308,0,0.5233862996101379,0,0.9645610584853282
76561198422688355,0,0.05732019990682602,0,0.9645610584853282
76561198218776588,0,0.018400944769382477,0,0.9645610584853282
76561198069236262,0,0.05869733542203903,0,0.9645610584853282
76561198052208900,0,0.35904839634895325,0,0.9645610584853282
76561198040742314,0,0.08474291115999222,0,0.9645610584853282
76561198174442767,0,0.08992552012205124,0,0.9645610584853282
76561198149521283,0,0.3190440833568573,0,0.9645610584853282
76561197967746641,1,0.9109634757041931,0,0.9645610584853282
76561198022522711,0,0.011794292367994785,0,0.9645610584853282
76561198854138104,0,0.1665922999382019,0,0.9645610584853282
76561198041949970,0,0.0909111425280571,0,0.9645610584853282
76561198045326764,0,0.225060373544693,0,0.9645610584853282
76561199428693461,0,0.2536512315273285,0,0.9645610584853282
76561199146985314,0,0.05661861225962639,0,0.9645610584853282
76561198864305279,0,0.34572890400886536,0,0.9645610584853282
76561198896112206,0,0.1842271238565445,0,0.9645610584853282
76561199142226494,0,0.2587406039237976,0,0.9645610584853282
76561198067115095,0,0.5428861975669861,0,0.9645610584853282
76561199012917982,0,0.503954291343689,0,0.9645610584853282
76561198087544287,0,0.020550984889268875,0,0.9645610584853282
76561198119366563,0,0.04930828884243965,0,0.9645610584853282
76561199224239392,0,0.423946738243103,0,0.9645610584853282
76561199082795539,0,0.3476434350013733,0,0.9645610584853282
76561199041884721,0,0.13957436382770538,0,0.9645610584853282
76561198150396921,0,0.09685768187046051,0,0.9645610584853282
76561198961333857,0,0.15421923995018005,0,0.9645610584853282
76561198324248776,0,0.5028388500213623,0,0.9645610584853282
76561198881050767,0,0.011108726263046265,0,0.9645610584853282
76561199066966269,0,0.05814070999622345,0,0.9645610584853282
76561198031035624,0,0.02970200404524803,0,0.9645610584853282
76561198098014582,0,0.02512960508465767,0,0.9645610584853282
76561198316463458,0,0.18661849200725555,0,0.9645610584853282
76561199294543333,0,0.1320672482252121,0,0.9645610584853282
76561198451506140,0,0.12372348457574844,0,0.9645610584853282
76561198123092309,0,0.4248439371585846,0,0.9645610584853282
76561199155362485,0,0.2907344102859497,0,0.9645610584853282
76561197974878529,1,0.8976118564605713,0,0.9645610584853282
76561198258969638,0,0.8535907864570618,0,0.9645610584853282
76561199106231995,0,0.049231041222810745,0,0.9645610584853282
76561198855953840,0,0.02070128731429577,0,0.9645610584853282
76561199283206041,0,0.022874075919389725,0,0.9645610584853282
76561198127511626,0,0.13646836578845978,0,0.9645610584853282
76561198017031740,0,0.2685319781303406,0,0.9645610584853282
76561198041258623,0,0.18055124580860138,0,0.9645610584853282
76561198081773167,0,0.09974091500043869,0,0.9645610584853282
76561198095272292,0,0.014201708137989044,0,0.9645610584853282
76561199012510904,0,0.7669168710708618,0,0.9645610584853282
76561198365768535,0,0.0902620330452919,0,0.9645610584853282
76561199250265459,0,0.014867735095322132,0,0.9645610584853282
76561198402144459,0,0.01730342023074627,0,0.9645610584853282
76561198375347068,0,0.016629625111818314,0,0.9645610584853282
76561198280472066,0,0.11234652251005173,0,0.9645610584853282
76561197999473427,0,0.018313217908143997,0,0.9645610584853282
76561198111433711,0,0.23210041224956512,0,0.9645610584853282
76561198209067893,0,0.0931810513138771,0,0.9645610584853282
76561199379274025,0,0.016078392043709755,0,0.9645610584853282
76561198216717203,0,0.03029661439359188,0,0.9645610584853282
76561198827935851,0,0.017843807116150856,0,0.9645610584853282
76561198875151026,0,0.014201708137989044,0,0.9645610584853282
76561199381333592,0,0.4638572335243225,0,0.9645610584853282
76561199189707514,0,0.016078392043709755,0,0.9645610584853282
76561197972825001,0,0.2926640808582306,0,0.9645610584853282
76561199249351083,0,0.09663021564483643,0,0.9645610584853282
76561198031059953,0,0.022977670654654503,0,0.9645610584853282
76561198244351388,0,0.05742894485592842,0,0.9645610584853282
76561199135452943,0,0.026202335953712463,0,0.9645610584853282
76561199137372012,0,0.06902039796113968,0,0.9645610584853282
76561198164923652,0,0.24283498525619507,0,0.9645610584853282
76561198059099202,0,0.06032850593328476,0,0.9645610584853282
76561199807349229,0,0.01073385588824749,0,0.9645610584853282
76561197966558174,0,0.31271129846572876,0,0.9645610584853282
76561198394856763,1,0.6266219019889832,0,0.9645610584853282
76561198040986183,0,0.08446303009986877,0,0.9645610584853282
76561198021533664,0,0.5646172165870667,0,0.9645610584853282
76561199068753533,0,0.1167290061712265,0,0.9645610584853282
76561198120562874,0,0.017201069742441177,0,0.9645610584853282
76561199230567359,0,0.02654251456260681,0,0.9645610584853282
76561199185252196,0,0.6236721277236938,0,0.9645610584853282
76561199388892319,0,0.3582962155342102,0,0.9645610584853282
76561199079275989,0,0.08174135535955429,0,0.9645610584853282
76561198883774962,0,0.18022088706493378,0,0.9645610584853282
76561199434618970,0,0.0946372002363205,0,0.9645610584853282
76561199186002671,0,0.09325787425041199,0,0.9645610584853282
76561199205386112,0,0.5270651578903198,0,0.9645610584853282
76561198026928916,0,0.3597383201122284,0,0.9645610584853282
76561198052706199,0,0.014840131625533104,0,0.9645610584853282
76561199059359614,0,0.01403366681188345,0,0.9645610584853282
76561197972150842,0,0.435914546251297,0,0.9645610584853282
76561199107790687,0,0.20855872333049774,0,0.9645610584853282
76561198135874604,0,0.01468397956341505,0,0.9645610584853282
76561198053018330,0,0.02712482027709484,0,0.9645610584853282
76561198387110337,1,0.9085078239440918,0,0.9645610584853282
76561198310971283,0,0.03815917670726776,0,0.9645610584853282
76561198154287894,0,0.17016789317131042,0,0.9645610584853282
76561199211658223,0,0.35940495133399963,0,0.9645610584853282
76561198092589818,0,0.5153926610946655,0,0.9645610584853282
76561199043902638,0,0.14967378973960876,0,0.9645610584853282
76561198968163483,0,0.738815426826477,0,0.9645610584853282
76561198338051895,1,0.8950983881950378,0,0.9645610584853282
76561198045507205,0,0.08439233899116516,0,0.9645610584853282
76561198100306575,0,0.9822176098823547,0,0.9645610584853282
76561198394932330,0,0.3630588948726654,0,0.9645610584853282
76561198030885126,0,0.18132972717285156,0,0.9645610584853282
76561198118323417,0,0.03324030339717865,0,0.9645610584853282
76561199060690606,0,0.014201708137989044,0,0.9645610584853282
76561197979963944,0,0.09334902465343475,0,0.9645610584853282
76561199751101302,0,0.10974858701229095,0,0.9645610584853282
76561197992460160,0,0.0377504825592041,0,0.9645610584853282
76561198259612393,0,0.03205372393131256,0,0.9645610584853282
76561198107243321,0,0.008759628050029278,0,0.9645610584853282
76561198105281408,0,0.7637795805931091,0,0.9645610584853282
76561198428510330,0,0.028875527903437614,0,0.9645610584853282
76561198992083224,0,0.9793108105659485,0,0.9645610584853282
76561198046112177,0,0.05498155951499939,0,0.9645610584853282
76561198336020109,0,0.06991367042064667,0,0.9645610584853282
76561198032198401,0,0.022629186511039734,0,0.9645610584853282
76561198253345331,0,0.09296508133411407,0,0.9645610584853282
76561199085647057,0,0.15870384871959686,0,0.9645610584853282
76561198028414051,0,0.1852995902299881,0,0.9645610584853282
76561198069591158,0,0.38005855679512024,0,0.9645610584853282
76561198210360020,0,0.10158996284008026,0,0.9645610584853282
76561198823838154,0,0.013260778971016407,0,0.9645610584853282
76561198070022321,0,0.7781223654747009,0,0.9645610584853282
76561199225982788,0,0.010668533854186535,0,0.9645610584853282
76561198121443289,0,0.2809239327907562,0,0.9645610584853282
76561197995250123,0,0.1409454494714737,0,0.9645610584853282
76561198158031134,0,0.045398321002721786,0,0.9645610584853282
76561198071712857,0,0.06823182851076126,0,0.9645610584853282
76561198137535278,0,0.43481820821762085,0,0.9645610584853282
76561198854564565,0,0.0464802123606205,0,0.9645610584853282
76561199438278971,0,0.1462988555431366,0,0.9645610584853282
76561198037498305,0,0.11687888950109482,0,0.9645610584853282
76561199222834418,0,0.027269570156931877,0,0.9645610584853282
76561199122053526,0,0.10891857743263245,0,0.9645610584853282
76561198822200818,0,0.07091692090034485,0,0.9645610584853282
76561198059047977,0,0.050972066819667816,0,0.9645610584853282
76561198080209290,0,0.010668533854186535,0,0.9645610584853282
76561198947286833,0,0.020207379013299942,0,0.9645610584853282
76561198795987374,0,0.017942585051059723,0,0.9645610584853282
76561199461214165,0,0.24497942626476288,0,0.9645610584853282
76561199042193289,0,0.0100565729662776,0,0.9645610584853282
76561197972740646,0,0.03838217258453369,0,0.9645610584853282
76561198845074952,0,0.018435953184962273,0,0.9645610584853282
76561197998838989,0,0.06232614070177078,0,0.9645610584853282
76561198011718299,0,0.020989131182432175,0,0.9645610584853282
76561198173721443,0,0.09991800785064697,0,0.9645610584853282
76561198886055585,0,0.08938338607549667,0,0.9645610584853282
76561198431668553,0,0.07666386663913727,0,0.9645610584853282
76561198136334729,0,0.021091677248477936,0,0.9645610584853282
76561198302400453,0,0.04021885246038437,0,0.9645610584853282
76561198147324483,0,0.03236805275082588,0,0.9645610584853282
76561198968751728,0,0.012417510151863098,0,0.9645610584853282
76561199092217567,0,0.2345968782901764,0,0.9645610584853282
76561199231719315,0,0.13425052165985107,0,0.9645610584853282
76561198011586792,0,0.061061445623636246,0,0.9645610584853282
76561198211921385,0,0.09661272168159485,0,0.9645610584853282
76561198349269921,0,0.1416414976119995,0,0.9645610584853282
76561198881635429,0,0.7390395998954773,0,0.9645610584853282
76561198095445409,0,0.016515763476490974,0,0.9645610584853282
76561199115242718,0,0.1588505506515503,0,0.9645610584853282
76561198202120370,0,0.014718003571033478,0,0.9645610584853282
76561198273592970,0,0.041150160133838654,0,0.9645610584853282
76561198320814323,0,0.036401454359292984,0,0.9645610584853282
76561198145694461,0,0.07728602737188339,0,0.9645610584853282
76561198169767391,0,0.26218047738075256,0,0.9645610584853282
76561198105208469,1,0.28596827387809753,0,0.9645610584853282
76561198015238374,0,0.030462918803095818,0,0.9645610584853282
76561197970799452,0,0.5958358645439148,0,0.9645610584853282
76561198039086043,0,0.23868197202682495,0,0.9645610584853282
76561198137945999,0,0.7896447777748108,0,0.9645610584853282
76561199103793265,0,0.05742254853248596,0,0.9645610584853282
76561198298622466,0,0.009406314231455326,0,0.9645610584853282
76561198118999998,0,0.01235534530133009,0,0.9645610584853282
76561198158405403,0,0.08753931522369385,0,0.9645610584853282
76561198013712464,0,0.4974813759326935,0,0.9645610584853282
76561198211030283,0,0.8715683817863464,0,0.9645610584853282
76561198855750450,0,0.017072509974241257,0,0.9645610584853282
76561198873466565,0,0.7530032992362976,0,0.9645610584853282
76561199319657907,0,0.13995122909545898,0,0.9645610584853282
76561197997972415,0,0.014201708137989044,0,0.9645610584853282
76561198298305648,0,0.612563967704773,0,0.9645610584853282
76561198076486544,0,0.9356318712234497,0,0.9645610584853282
76561198213424831,0,0.5259045362472534,0,0.9645610584853282
76561199505395461,0,0.07629720121622086,0,0.9645610584853282
76561199305895398,0,0.2738912105560303,0,0.9645610584853282
76561198880399695,0,0.0460931770503521,0,0.9645610584853282
76561199407953000,0,0.22851340472698212,0,0.9645610584853282
76561199210770988,0,0.2107013463973999,0,0.9645610584853282
76561199073394603,0,0.36946555972099304,0,0.9645610584853282
76561198263755251,0,0.11541792005300522,0,0.9645610584853282
76561198379772014,1,0.9890090823173523,0,0.9645610584853282
76561199045012799,0,0.03260292485356331,0,0.9645610584853282
76561198037428947,0,0.9508033394813538,0,0.9645610584853282
76561198305664461,0,0.043589524924755096,0,0.9645610584853282
76561198102003658,0,0.026934396475553513,0,0.9645610584853282
76561198023655787,0,0.24192215502262115,0,0.9645610584853282
76561199456107927,0,0.016473127529025078,0,0.9645610584853282
76561199438517554,0,0.012372907251119614,0,0.9645610584853282
76561198087054198,0,0.04503317549824715,0,0.9645610584853282
76561198219134425,0,0.6501845121383667,0,0.9645610584853282
76561199125692137,0,0.40270599722862244,0,0.9645610584853282
76561198238071218,0,0.2294033318758011,0,0.9645610584853282
76561198114125630,0,0.03190157189965248,0,0.9645610584853282
76561198051906682,0,0.04858937859535217,0,0.9645610584853282
76561199092561172,1,0.9372563362121582,0,0.9645610584853282
76561197970343484,0,0.2555786073207855,0,0.9645610584853282
76561199009977556,0,0.13421618938446045,0,0.9645610584853282
76561199224892758,0,0.435914546251297,0,0.9645610584853282
76561199092565464,0,0.01594606041908264,0,0.9645610584853282
76561199040068092,0,0.013026545755565166,0,0.9645610584853282
76561198023233829,0,0.06471129506826401,0,0.9645610584853282
76561198043796780,0,0.676379919052124,0,0.9645610584853282
76561199549314449,0,0.41367390751838684,0,0.9645610584853282
76561199011150211,0,0.03013318032026291,0,0.9645610584853282
76561198326495575,0,0.02351897396147251,0,0.9645610584853282
76561199385057801,0,0.029111679643392563,0,0.9645610584853282
76561198146231700,0,0.0333905890583992,0,0.9645610584853282
76561198113353040,0,0.03101239912211895,0,0.9645610584853282
76561198124856274,0,0.029955819249153137,0,0.9645610584853282
76561198930163375,0,0.6434248685836792,0,0.9645610584853282
76561199144435747,0,0.32658135890960693,0,0.9645610584853282
76561197988613502,0,0.050780121237039566,0,0.9645610584853282
76561198265592479,0,0.02253367379307747,0,0.9645610584853282
76561197978893963,0,0.07326062768697739,0,0.9645610584853282
76561199250473298,0,0.2118263840675354,0,0.9645610584853282
76561199060034415,0,0.22137628495693207,0,0.9645610584853282
76561198424122701,0,0.16209352016448975,0,0.9645610584853282
76561197970626242,0,0.06879613548517227,0,0.9645610584853282
76561198202241140,0,0.16971617937088013,0,0.9645610584853282
76561199384899918,0,0.09372512251138687,0,0.9645610584853282
76561199049965144,0,0.6801644563674927,0,0.9645610584853282
76561199001042998,0,0.015571894124150276,0,0.9645610584853282
76561198144365436,0,0.5092737674713135,0,0.9645610584853282
76561199577578011,0,0.10733426362276077,0,0.9645610584853282
76561198199622743,0,0.12456971406936646,0,0.9645610584853282
76561198822975960,0,0.033153340220451355,0,0.9645610584853282
76561199079075382,0,0.039195723831653595,0,0.9645610584853282
76561199224256868,0,0.03386824205517769,0,0.9645610584853282
76561199045307013,0,0.01620020531117916,0,0.9645610584853282
76561199078963235,0,0.04198434576392174,0,0.9645610584853282
76561199054925883,0,0.950089156627655,0,0.9645610584853282
76561199230713450,0,0.09454470872879028,0,0.9645610584853282
76561197999433294,0,0.01311800442636013,0,0.9645610584853282
76561199241694570,0,0.026517560705542564,0,0.9645610584853282
76561198131320226,0,0.11957241594791412,0,0.9645610584853282
76561198035847307,0,0.019341954961419106,0,0.9645610584853282
76561199135569110,0,0.2611665725708008,0,0.9645610584853282
76561198017303312,0,0.008973827585577965,0,0.9645610584853282
76561198020010077,0,0.008312055841088295,0,0.9645610584853282
76561198165994688,0,0.029004544019699097,0,0.9645610584853282
76561198916881096,0,0.0144441993907094,0,0.9645610584853282
76561199164405135,0,0.06953226029872894,0,0.9645610584853282
76561198158329703,0,0.010668533854186535,0,0.9645610584853282
76561198307029476,0,0.06711293011903763,0,0.9645610584853282
76561198168728906,0,0.030786307528614998,0,0.9645610584853282
76561199015642434,0,0.06277191638946533,0,0.9645610584853282
76561198370602936,0,0.014201708137989044,0,0.9645610584853282
76561198841092705,0,0.014671546407043934,0,0.9645610584853282
76561199122268759,0,0.12459355592727661,0,0.9645610584853282
76561198023372491,0,0.022807179018855095,0,0.9645610584853282
76561198004691732,0,0.01076435949653387,0,0.9645610584853282
76561198297270776,0,0.10142792016267776,0,0.9645610584853282
76561198837488207,0,0.03450501337647438,0,0.9645610584853282
76561198327375031,0,0.20166750252246857,0,0.9645610584853282
76561198966272246,0,0.007271422538906336,0,0.9645610584853282
76561198384786330,0,0.014201708137989044,0,0.9645610584853282
76561199479381892,0,0.4685736298561096,0,0.9645610584853282
76561198182993191,0,0.8159144520759583,0,0.9645610584853282
76561199525329445,0,0.017148982733488083,0,0.9645610584853282
76561199230728460,1,0.2509974539279938,0,0.9645610584853282
76561198977650334,0,0.015566050074994564,0,0.9645610584853282
76561199176731478,0,0.04050422087311745,0,0.9645610584853282
76561198810938614,0,0.018849555402994156,0,0.9645610584853282
76561198033485244,0,0.03193279355764389,0,0.9645610584853282
76561198282369190,0,0.014201708137989044,0,0.9645610584853282
76561199086793077,0,0.16285546123981476,0,0.9645610584853282
76561199006022590,0,0.33015915751457214,0,0.9645610584853282
