user_key,y,score,fold,threshold
76561199013404563,0,0.8344289660453796,1,0.9540951135134577
76561199203216846,0,0.003510876093059778,1,0.9540951135134577
76561199512579213,0,0.003544769948348403,1,0.9540951135134577
76561198012453485,0,0.06432588398456573,1,0.9540951135134577
76561198204581091,0,0.0037772306241095066,1,0.9540951135134577
76561199023894269,0,0.009194154292345047,1,0.9540951135134577
76561199137944075,0,0.004563451278954744,1,0.9540951135134577
76561199160860084,0,0.020364196971058846,1,0.9540951135134577
76561198271897492,0,0.004791491199284792,1,0.9540951135134577
76561199146196357,0,0.8786433339118958,1,0.9540951135134577
76561198353532124,0,0.34674882888793945,1,0.9540951135134577
76561198415481117,0,0.36395740509033203,1,0.9540951135134577
76561199220652024,0,0.005061677191406488,1,0.9540951135134577
76561199236042657,0,0.016103245317935944,1,0.9540951135134577
76561199028875091,0,0.004922968801110983,1,0.9540951135134577
76561199005560857,0,0.00946633331477642,1,0.9540951135134577
76561197970769709,0,0.015156272798776627,1,0.9540951135134577
76561198197264025,0,0.0047641899436712265,1,0.9540951135134577
76561197970411998,0,0.03709399327635765,1,0.9540951135134577
76561198007174147,0,0.004129381384700537,1,0.9540951135134577
76561198076310095,0,0.9833313226699829,1,0.9540951135134577
76561198169450191,0,0.026519544422626495,1,0.9540951135134577
76561198062440120,0,0.9308414459228516,1,0.9540951135134577
76561198019092076,0,0.014027513563632965,1,0.9540951135134577
76561198005583870,0,0.006343208719044924,1,0.9540951135134577
76561198344831353,0,0.1805306226015091,1,0.9540951135134577
76561198070053060,1,0.8617885708808899,1,0.9540951135134577
76561198280668728,0,0.0056439791806042194,1,0.9540951135134577
76561199121248111,0,0.28736624121665955,1,0.9540951135134577
76561198119735087,0,0.0045760623179376125,1,0.9540951135134577
76561198424132829,0,0.00723069254308939,1,0.9540951135134577
76561198910296925,0,0.09838877618312836,1,0.9540951135134577
76561198047582281,0,0.029881134629249573,1,0.9540951135134577
76561198835320599,0,0.005181506741791964,1,0.9540951135134577
76561198841386441,0,0.05767747759819031,1,0.9540951135134577
76561198158877317,0,0.011662835255265236,1,0.9540951135134577
76561199619730844,0,0.0066785686649382114,1,0.9540951135134577
76561199195403485,0,0.010477110743522644,1,0.9540951135134577
76561198304603926,0,0.004418812692165375,1,0.9540951135134577
76561199013243122,0,0.9113192558288574,1,0.9540951135134577
76561198155432383,0,0.20670828223228455,1,0.9540951135134577
76561197961907581,0,0.07806848734617233,1,0.9540951135134577
76561198161367378,1,0.9224105477333069,1,0.9540951135134577
76561198834924818,0,0.00723069254308939,1,0.9540951135134577
76561199050059185,0,0.0076714991591870785,1,0.9540951135134577
76561198448856721,0,0.003939602058380842,1,0.9540951135134577
76561198142901250,0,0.005682780873030424,1,0.9540951135134577
76561198057299732,0,0.004053868353366852,1,0.9540951135134577
76561198071901988,0,0.01640380173921585,1,0.9540951135134577
76561198345253008,0,0.014156360179185867,1,0.9540951135134577
76561199382450566,0,0.9508219957351685,1,0.9540951135134577
76561198082560253,0,0.22796377539634705,1,0.9540951135134577
76561199020182597,0,0.02146044187247753,1,0.9540951135134577
76561199382189715,0,0.007164182141423225,1,0.9540951135134577
76561199081962563,0,0.003575145034119487,1,0.9540951135134577
76561199122364847,0,0.003945912700146437,1,0.9540951135134577
76561198353786876,0,0.005305670667439699,1,0.9540951135134577
76561199127182901,0,0.005305670667439699,1,0.9540951135134577
76561198033073249,0,0.004424352198839188,1,0.9540951135134577
76561198020768816,0,0.013036518357694149,1,0.9540951135134577
76561198135940399,0,0.007593965623527765,1,0.9540951135134577
76561199499096173,0,0.01482374221086502,1,0.9540951135134577
76561198857519646,0,0.003820964368060231,1,0.9540951135134577
76561198145703291,0,0.20505701005458832,1,0.9540951135134577
76561197968191462,0,0.003962368238717318,1,0.9540951135134577
76561199091126061,0,0.005401702132076025,1,0.9540951135134577
76561199094464440,0,0.6645623445510864,1,0.9540951135134577
76561198014143821,0,0.39246782660484314,1,0.9540951135134577
76561198056112298,0,0.02875407598912716,1,0.9540951135134577
76561199151230582,0,0.009953014552593231,1,0.9540951135134577
76561199453170574,0,0.0035301297903060913,1,0.9540951135134577
76561199047456940,0,0.007815586403012276,1,0.9540951135134577
76561199069391947,0,0.010712741874158382,1,0.9540951135134577
76561198035567360,0,0.07335346192121506,1,0.9540951135134577
76561198142716239,0,0.004622391425073147,1,0.9540951135134577
76561198237894306,0,0.033730752766132355,1,0.9540951135134577
76561198061079091,0,0.013526421040296555,1,0.9540951135134577
76561199071568197,0,0.004322337452322245,1,0.9540951135134577
76561198366056724,0,0.006670367904007435,1,0.9540951135134577
76561198003127511,0,0.014852572232484818,1,0.9540951135134577
76561198161133617,0,0.0036730500869452953,1,0.9540951135134577
76561198838507246,0,0.008924643509089947,1,0.9540951135134577
76561197987160100,0,0.0036220450419932604,1,0.9540951135134577
76561199148173579,0,0.9826787710189819,1,0.9540951135134577
76561199046445997,0,0.30252718925476074,1,0.9540951135134577
76561198022274463,0,0.007426783442497253,1,0.9540951135134577
76561198038975349,0,0.007851013913750648,1,0.9540951135134577
76561198080293864,0,0.003575145034119487,1,0.9540951135134577
76561197971755709,0,0.014817073941230774,1,0.9540951135134577
76561198055972481,0,0.013740530237555504,1,0.9540951135134577
76561198265076070,0,0.005644287448376417,1,0.9540951135134577
76561199119294840,0,0.006354173179715872,1,0.9540951135134577
76561199095062975,0,0.005863659083843231,1,0.9540951135134577
76561199470332257,0,0.004115026444196701,1,0.9540951135134577
76561198073898391,0,0.004335534758865833,1,0.9540951135134577
76561198048355246,0,0.8490308523178101,1,0.9540951135134577
76561198928792622,0,0.003558599390089512,1,0.9540951135134577
76561198837051286,0,0.00412852643057704,1,0.9540951135134577
76561198813886759,0,0.005577904637902975,1,0.9540951135134577
76561198100178546,0,0.9611860513687134,1,0.9540951135134577
76561198312231468,0,0.6207981109619141,1,0.9540951135134577
76561198116843157,0,0.009022722952067852,1,0.9540951135134577
76561199109941558,0,0.056716933846473694,1,0.9540951135134577
76561198105651287,0,0.9811452031135559,1,0.9540951135134577
76561199066825309,1,0.9847906231880188,1,0.9540951135134577
76561199231732926,0,0.005946737714111805,1,0.9540951135134577
76561198336986978,0,0.07401105761528015,1,0.9540951135134577
76561199229486425,0,0.006317703984677792,1,0.9540951135134577
76561198953726129,0,0.0038073507603257895,1,0.9540951135134577
76561197995325555,1,0.9849505424499512,1,0.9540951135134577
76561198103805450,0,0.0036549600772559643,1,0.9540951135134577
76561198279199748,0,0.02459411695599556,1,0.9540951135134577
76561197966666397,0,0.35062283277511597,1,0.9540951135134577
76561197988338357,0,0.9711642265319824,1,0.9540951135134577
76561198134846638,0,0.0046403855085372925,1,0.9540951135134577
76561197993441624,0,0.009266103617846966,1,0.9540951135134577
76561199494555424,0,0.0038189031183719635,1,0.9540951135134577
76561198294972200,0,0.010328776203095913,1,0.9540951135134577
76561198117514455,0,0.3182739019393921,1,0.9540951135134577
76561198885172672,0,0.0040395124815404415,1,0.9540951135134577
76561197983362820,0,0.005816189106553793,1,0.9540951135134577
76561199181754208,0,0.08456156402826309,1,0.9540951135134577
76561198048280043,0,0.01171812042593956,1,0.9540951135134577
76561198057199262,0,0.006242058239877224,1,0.9540951135134577
76561198169892618,0,0.016090692952275276,1,0.9540951135134577
76561199179802733,0,0.039193715900182724,1,0.9540951135134577
76561198142260352,0,0.06578421592712402,1,0.9540951135134577
76561199182654950,0,0.004269517492502928,1,0.9540951135134577
76561198823749232,0,0.009953014552593231,1,0.9540951135134577
76561199102957153,0,0.004720210563391447,1,0.9540951135134577
76561199024790010,0,0.0065710777416825294,1,0.9540951135134577
76561199057821393,0,0.004142061807215214,1,0.9540951135134577
76561198137776976,0,0.07044469565153122,1,0.9540951135134577
76561198272692954,0,0.006434083450585604,1,0.9540951135134577
76561198030281918,0,0.006950831972062588,1,0.9540951135134577
76561198048119014,0,0.002926816698163748,1,0.9540951135134577
76561198039010461,0,0.08026832342147827,1,0.9540951135134577
76561198116638459,0,0.05244654044508934,1,0.9540951135134577
76561198092527212,0,0.00781391840428114,1,0.9540951135134577
76561199174195057,0,0.005873757880181074,1,0.9540951135134577
76561198315299536,0,0.01826961524784565,1,0.9540951135134577
76561198272230516,0,0.006917700637131929,1,0.9540951135134577
76561198856838935,0,0.0068616424687206745,1,0.9540951135134577
76561199224281859,0,0.0058623021468520164,1,0.9540951135134577
76561198141465375,0,0.004929078742861748,1,0.9540951135134577
76561199179874866,0,0.008408150635659695,1,0.9540951135134577
76561199134966114,0,0.0040120710618793964,1,0.9540951135134577
76561198039116672,0,0.04730629920959473,1,0.9540951135134577
76561199019620738,0,0.0032869484275579453,1,0.9540951135134577
76561199606757056,0,0.013134583830833435,1,0.9540951135134577
76561198955435210,1,0.6600080728530884,1,0.9540951135134577
76561198294076354,0,0.1208842396736145,1,0.9540951135134577
76561198430607980,0,0.004813019651919603,1,0.9540951135134577
76561198292192190,0,0.008199318312108517,1,0.9540951135134577
76561197985271015,0,0.025881115347146988,1,0.9540951135134577
76561198201771206,0,0.007466054521501064,1,0.9540951135134577
76561198119714656,0,0.005274349357932806,1,0.9540951135134577
76561198990833190,0,0.012806073762476444,1,0.9540951135134577
76561199245040001,0,0.0049041444435715675,1,0.9540951135134577
76561199235863986,0,0.006115447264164686,1,0.9540951135134577
76561199379616784,0,0.01642857864499092,1,0.9540951135134577
76561199039167520,0,0.005442910827696323,1,0.9540951135134577
76561198139264019,0,0.041159410029649734,1,0.9540951135134577
76561198275616192,0,0.004480849020183086,1,0.9540951135134577
76561199031845574,0,0.003575145034119487,1,0.9540951135134577
76561199200223230,0,0.9789720773696899,1,0.9540951135134577
76561199580172311,0,0.016542870551347733,1,0.9540951135134577
76561199057302493,0,0.006251902785152197,1,0.9540951135134577
76561198271144310,0,0.007322081830352545,1,0.9540951135134577
76561199181167334,0,0.012601467780768871,1,0.9540951135134577
76561198973358845,0,0.05658750608563423,1,0.9540951135134577
76561198307401692,0,0.010234382934868336,1,0.9540951135134577
76561199107066496,0,0.01773703843355179,1,0.9540951135134577
76561199229703177,0,0.005714465398341417,1,0.9540951135134577
76561198876387756,0,0.007041651289910078,1,0.9540951135134577
76561198434683623,0,0.003826951375231147,1,0.9540951135134577
76561199164377964,0,0.4579922556877136,1,0.9540951135134577
76561198255334931,0,0.004597894847393036,1,0.9540951135134577
76561199217824042,0,0.004936146549880505,1,0.9540951135134577
76561199422558631,0,0.004486946389079094,1,0.9540951135134577
76561199023906421,0,0.003540569916367531,1,0.9540951135134577
76561198056719145,0,0.004002174362540245,1,0.9540951135134577
76561198035009456,0,0.0047511328011751175,1,0.9540951135134577
76561198044645118,0,0.004041170235723257,1,0.9540951135134577
76561198154260766,0,0.02964038774371147,1,0.9540951135134577
76561199223933093,0,0.007410477846860886,1,0.9540951135134577
76561199089713847,0,0.004334081895649433,1,0.9540951135134577
76561198308073529,0,0.008276824839413166,1,0.9540951135134577
76561199111830959,0,0.021974904462695122,1,0.9540951135134577
76561199006720359,0,0.005030055996030569,1,0.9540951135134577
76561199276191180,0,0.00416657654568553,1,0.9540951135134577
76561198451444584,0,0.01663532480597496,1,0.9540951135134577
76561198014904831,0,0.21028593182563782,1,0.9540951135134577
76561199434886654,0,0.08868424594402313,1,0.9540951135134577
76561199443580338,0,0.09320729970932007,1,0.9540951135134577
76561197972384453,0,0.01913449726998806,1,0.9540951135134577
76561198041436750,0,0.20385059714317322,1,0.9540951135134577
76561198126736473,1,0.3836537003517151,1,0.9540951135134577
76561198094521330,0,0.7002182006835938,1,0.9540951135134577
76561198306737404,0,0.005355282220989466,1,0.9540951135134577
76561199567303655,0,0.39303550124168396,1,0.9540951135134577
76561198165791152,0,0.006722664926201105,1,0.9540951135134577
76561198078318568,0,0.03242410719394684,1,0.9540951135134577
76561198849383705,0,0.04252542927861214,1,0.9540951135134577
76561199121411609,0,0.004898195620626211,1,0.9540951135134577
76561199305804517,0,0.011327635496854782,1,0.9540951135134577
76561199066508312,0,0.9222345948219299,1,0.9540951135134577
76561199260916164,0,0.9617162942886353,1,0.9540951135134577
76561198417675038,0,0.9683727025985718,1,0.9540951135134577
76561198122547203,0,0.0058495886623859406,1,0.9540951135134577
76561198813539448,0,0.003575145034119487,1,0.9540951135134577
76561198048345173,0,0.005297448486089706,1,0.9540951135134577
76561197968700552,0,0.003954415209591389,1,0.9540951135134577
76561199124320304,0,0.004532606340944767,1,0.9540951135134577
76561199013930515,0,0.8615800738334656,1,0.9540951135134577
76561199468838441,0,0.0052876402623951435,1,0.9540951135134577
76561198028315766,0,0.07483183592557907,1,0.9540951135134577
76561198036133957,0,0.00591188995167613,1,0.9540951135134577
76561198052365367,0,0.006659180391579866,1,0.9540951135134577
76561198063193501,0,0.6229104399681091,1,0.9540951135134577
76561198421733237,1,0.9572083950042725,1,0.9540951135134577
76561198839092331,0,0.5320149660110474,1,0.9540951135134577
76561198032252806,0,0.005612856242805719,1,0.9540951135134577
76561199099608936,0,0.022703712806105614,1,0.9540951135134577
76561198421459970,0,0.775088369846344,1,0.9540951135134577
76561199044466721,0,0.4042948782444,1,0.9540951135134577
76561198364699515,0,0.8821194171905518,1,0.9540951135134577
76561199122509410,0,0.05701832473278046,1,0.9540951135134577
76561199004466045,0,0.006749482359737158,1,0.9540951135134577
76561198055074022,0,0.07594259828329086,1,0.9540951135134577
76561198041597249,0,0.02490818314254284,1,0.9540951135134577
76561198008221111,0,0.009675309993326664,1,0.9540951135134577
76561198218033700,0,0.03734167665243149,1,0.9540951135134577
76561198418074129,0,0.1598033607006073,1,0.9540951135134577
76561198877232796,1,0.989291250705719,1,0.9540951135134577
76561198819934446,0,0.004448253195732832,1,0.9540951135134577
76561198316266920,0,0.005287536885589361,1,0.9540951135134577
76561198346603948,0,0.006954594515264034,1,0.9540951135134577
76561197971070013,0,0.007089600898325443,1,0.9540951135134577
76561198278901914,0,0.004512430634349585,1,0.9540951135134577
76561197980230017,0,0.006884174887090921,1,0.9540951135134577
76561198972446932,0,0.0038729177322238684,1,0.9540951135134577
76561198281940967,0,0.8851574659347534,1,0.9540951135134577
76561199213130289,0,0.0037406906485557556,1,0.9540951135134577
76561198985474318,0,0.014353555627167225,1,0.9540951135134577
76561199072989416,0,0.009372526779770851,1,0.9540951135134577
76561198378087374,0,0.011127548292279243,1,0.9540951135134577
76561198825067360,0,0.5506483912467957,1,0.9540951135134577
76561198069921419,0,0.8640478849411011,1,0.9540951135134577
76561198827988796,0,0.896431028842926,1,0.9540951135134577
76561199001680818,1,0.9816482067108154,1,0.9540951135134577
76561199099686699,0,0.0037492194678634405,1,0.9540951135134577
76561199582653096,0,0.014317542314529419,1,0.9540951135134577
76561198841791215,0,0.00802564062178135,1,0.9540951135134577
76561198137565860,0,0.006403599865734577,1,0.9540951135134577
76561198051235438,0,0.005322374403476715,1,0.9540951135134577
76561199041095059,0,0.005864470731467009,1,0.9540951135134577
76561198982416950,0,0.016314977779984474,1,0.9540951135134577
76561198798708906,0,0.009600289165973663,1,0.9540951135134577
76561198848902381,0,0.00495200976729393,1,0.9540951135134577
76561198067919188,0,0.005514773540198803,1,0.9540951135134577
76561199181231964,0,0.0037835377734154463,1,0.9540951135134577
76561198824256393,0,0.005671550519764423,1,0.9540951135134577
76561198324573816,0,0.007241472601890564,1,0.9540951135134577
76561199370249084,0,0.006600662600249052,1,0.9540951135134577
76561198049701638,0,0.008796196430921555,1,0.9540951135134577
76561199028882938,0,0.08835229277610779,1,0.9540951135134577
76561198406922438,0,0.9781700968742371,1,0.9540951135134577
76561199590739695,0,0.7734915018081665,1,0.9540951135134577
76561198055216630,0,0.9310240745544434,1,0.9540951135134577
76561198179999509,0,0.007310500834137201,1,0.9540951135134577
76561198094686745,0,0.005216116085648537,1,0.9540951135134577
76561198148925469,0,0.0063687823712825775,1,0.9540951135134577
76561198043044372,0,0.0071184695698320866,1,0.9540951135134577
76561198280563733,0,0.0035537348594516516,1,0.9540951135134577
76561198821585996,0,0.004330791067332029,1,0.9540951135134577
76561198962987240,0,0.0039747306145727634,1,0.9540951135134577
76561198263629917,0,0.010315068066120148,1,0.9540951135134577
76561198051425957,0,0.011019883677363396,1,0.9540951135134577
76561198214715243,0,0.15045830607414246,1,0.9540951135134577
76561198158731747,0,0.003575145034119487,1,0.9540951135134577
76561199162106911,0,0.007459379266947508,1,0.9540951135134577
76561198211101948,0,0.006844189018011093,1,0.9540951135134577
76561198118692397,0,0.005422413349151611,1,0.9540951135134577
76561198358568157,0,0.043394409120082855,1,0.9540951135134577
76561198859933277,0,0.00859405379742384,1,0.9540951135134577
76561199111280604,0,0.0033779172226786613,1,0.9540951135134577
76561198009347750,0,0.011178047396242619,1,0.9540951135134577
76561199555865202,0,0.004537940490990877,1,0.9540951135134577
76561199064621743,0,0.013204257003962994,1,0.9540951135134577
76561199531065756,0,0.019022716209292412,1,0.9540951135134577
76561199468925044,0,0.0637321025133133,1,0.9540951135134577
76561199326868185,0,0.006407351233065128,1,0.9540951135134577
76561198014094411,0,0.9421417713165283,1,0.9540951135134577
76561198018591273,0,0.3204026520252228,1,0.9540951135134577
76561198442930372,0,0.0036826145369559526,1,0.9540951135134577
76561199404006806,0,0.003204184118658304,1,0.9540951135134577
76561199049346931,1,0.9789043068885803,1,0.9540951135134577
76561199223800878,0,0.04285494610667229,1,0.9540951135134577
76561199013476630,0,0.8727923631668091,1,0.9540951135134577
76561198138431542,0,0.009402715601027012,1,0.9540951135134577
76561198262980227,0,0.005115000531077385,1,0.9540951135134577
76561199096060550,0,0.16071009635925293,1,0.9540951135134577
76561198025192669,0,0.19609712064266205,1,0.9540951135134577
76561198024023986,0,0.5154837369918823,1,0.9540951135134577
76561199526901925,0,0.003575145034119487,1,0.9540951135134577
76561198358959330,0,0.10765853524208069,1,0.9540951135134577
76561198056857729,0,0.19589021801948547,1,0.9540951135134577
76561198418157172,0,0.0037596102338284254,1,0.9540951135134577
76561199200112833,0,0.020613916218280792,1,0.9540951135134577
76561199214192220,0,0.004640502389520407,1,0.9540951135134577
76561198429107081,0,0.0032869484275579453,1,0.9540951135134577
76561197970325619,0,0.006106182932853699,1,0.9540951135134577
76561198072920268,0,0.010215994901955128,1,0.9540951135134577
76561198138255777,0,0.030921900644898415,1,0.9540951135134577
76561199020772473,1,0.9717616438865662,1,0.9540951135134577
76561199049049133,0,0.12086784094572067,1,0.9540951135134577
76561198122319110,0,0.9644949436187744,1,0.9540951135134577
76561198054791734,0,0.004401709418743849,1,0.9540951135134577
76561199311619678,0,0.7990830540657043,1,0.9540951135134577
76561198095244777,0,0.023418547585606575,1,0.9540951135134577
76561198114610921,0,0.007044574245810509,1,0.9540951135134577
76561198010910395,0,0.5906874537467957,1,0.9540951135134577
76561198176932529,0,0.005159392487257719,1,0.9540951135134577
76561198137937065,0,0.011625074781477451,1,0.9540951135134577
76561199500233744,0,0.004391616676002741,1,0.9540951135134577
76561198033799324,0,0.017136218026280403,1,0.9540951135134577
76561198882744982,0,0.004220459144562483,1,0.9540951135134577
76561198011861411,0,0.0040834457613527775,1,0.9540951135134577
76561199010189487,0,0.9862935543060303,1,0.9540951135134577
76561198047309943,0,0.0077231512404978275,1,0.9540951135134577
76561198178291022,0,0.007945669814944267,1,0.9540951135134577
76561198258264307,0,0.042197272181510925,1,0.9540951135134577
76561198347987315,0,0.012558762915432453,1,0.9540951135134577
76561198271664102,0,0.004859386011958122,1,0.9540951135134577
76561198357086451,0,0.037283994257450104,1,0.9540951135134577
76561199109383155,0,0.04800959676504135,1,0.9540951135134577
76561198068752354,0,0.007651773281395435,1,0.9540951135134577
76561198044600088,0,0.10123096406459808,1,0.9540951135134577
76561199488849852,0,0.00959745328873396,1,0.9540951135134577
76561197970951989,0,0.03645161911845207,1,0.9540951135134577
76561198049713261,0,0.004896117839962244,1,0.9540951135134577
76561198860331240,0,0.016798922792077065,1,0.9540951135134577
76561198842048689,0,0.9872676730155945,1,0.9540951135134577
76561199071549999,0,0.009107684716582298,1,0.9540951135134577
76561198853548562,0,0.06556659191846848,1,0.9540951135134577
76561198928034200,0,0.5340403914451599,1,0.9540951135134577
76561199522965592,0,0.015041491948068142,1,0.9540951135134577
76561198086512605,1,0.971810519695282,1,0.9540951135134577
76561199082644744,0,0.7868990898132324,1,0.9540951135134577
76561199037393216,0,0.051984548568725586,1,0.9540951135134577
76561199392472587,0,0.005567201878875494,1,0.9540951135134577
76561198979174503,0,0.11618077754974365,1,0.9540951135134577
76561199262500238,0,0.0037189002614468336,1,0.9540951135134577
76561198951052662,0,0.00501719256862998,1,0.9540951135134577
76561198347461608,0,0.03033004328608513,1,0.9540951135134577
76561199353991099,0,0.005366402678191662,1,0.9540951135134577
76561198040952932,0,0.009160705842077732,1,0.9540951135134577
76561199445813670,0,0.007901421748101711,1,0.9540951135134577
76561199473008408,0,0.007780458778142929,1,0.9540951135134577
76561199177971672,0,0.0043234811164438725,1,0.9540951135134577
76561198169412205,0,0.003823433769866824,1,0.9540951135134577
76561199337466568,0,0.003687050426378846,1,0.9540951135134577
76561198816096563,0,0.011994014494121075,1,0.9540951135134577
76561198159487088,0,0.0063432506285607815,1,0.9540951135134577
76561198748518029,0,0.5348376035690308,1,0.9540951135134577
76561198120854906,0,0.005696485284715891,1,0.9540951135134577
76561198180185455,0,0.0163116417825222,1,0.9540951135134577
76561198069531079,1,0.8906593918800354,1,0.9540951135134577
76561199034147514,0,0.010224475525319576,1,0.9540951135134577
76561198033204940,0,0.027889790013432503,1,0.9540951135134577
76561199789248156,0,0.004368087742477655,1,0.9540951135134577
76561197961383949,0,0.004953376483172178,1,0.9540951135134577
76561199274980662,0,0.01019841618835926,1,0.9540951135134577
76561198019062981,0,0.0036508110351860523,1,0.9540951135134577
76561198953687702,0,0.0032869484275579453,1,0.9540951135134577
76561197989894811,0,0.011820711195468903,1,0.9540951135134577
76561198323927525,0,0.609941303730011,1,0.9540951135134577
76561198294718274,0,0.006997825112193823,1,0.9540951135134577
76561198136332092,0,0.0065726665779948235,1,0.9540951135134577
76561199038735229,0,0.00314659858122468,1,0.9540951135134577
76561198100432141,0,0.004636603407561779,1,0.9540951135134577
76561198116945220,0,0.004403155297040939,1,0.9540951135134577
76561198854185100,0,0.21985787153244019,1,0.9540951135134577
76561199123167333,0,0.054178833961486816,1,0.9540951135134577
76561199087501744,0,0.9803308844566345,1,0.9540951135134577
76561198302075967,0,0.19832663238048553,1,0.9540951135134577
76561199160140014,0,0.5858258605003357,1,0.9540951135134577
76561197993421846,0,0.062006816267967224,1,0.9540951135134577
76561197963337299,0,0.6125932335853577,1,0.9540951135134577
76561199470533414,0,0.00413269829005003,1,0.9540951135134577
76561198072640182,0,0.17753003537654877,1,0.9540951135134577
76561198724337787,0,0.005442910827696323,1,0.9540951135134577
76561199359038531,0,0.06012619286775589,1,0.9540951135134577
76561198064722776,0,0.01148667186498642,1,0.9540951135134577
76561198113054535,0,0.04783942550420761,1,0.9540951135134577
76561197999585315,0,0.34279394149780273,1,0.9540951135134577
76561198039790652,0,0.006742249242961407,1,0.9540951135134577
76561197999937201,0,0.005725108552724123,1,0.9540951135134577
76561199162364295,1,0.9862073659896851,1,0.9540951135134577
76561198313576485,0,0.015170393511652946,1,0.9540951135134577
76561199319292723,0,0.007924307137727737,1,0.9540951135134577
76561199030052598,0,0.009531763382256031,1,0.9540951135134577
76561198288049102,0,0.005939788185060024,1,0.9540951135134577
76561198195966021,0,0.006936446763575077,1,0.9540951135134577
76561199152615318,0,0.004105768632143736,1,0.9540951135134577
76561198214259335,0,0.003575145034119487,1,0.9540951135134577
76561198085451507,0,0.9596795439720154,1,0.9540951135134577
76561198008107874,0,0.13444866240024567,1,0.9540951135134577
76561198876693242,0,0.4124731719493866,1,0.9540951135134577
76561199220677968,0,0.010158149525523186,1,0.9540951135134577
76561198849875474,0,0.00641632080078125,1,0.9540951135134577
76561198123774775,0,0.003019067458808422,1,0.9540951135134577
76561198069335227,0,0.005847204942256212,1,0.9540951135134577
76561198197370635,0,0.1271679550409317,1,0.9540951135134577
76561198023544777,0,0.0036143024917691946,1,0.9540951135134577
76561199592138000,0,0.0037876626010984182,1,0.9540951135134577
76561198013636023,0,0.005306015722453594,1,0.9540951135134577
76561198353077060,0,0.008296900428831577,1,0.9540951135134577
76561198173590151,0,0.0034246952272951603,1,0.9540951135134577
76561198412959813,0,0.05522921308875084,1,0.9540951135134577
76561198423636640,0,0.007872645743191242,1,0.9540951135134577
76561198042157307,0,0.006558704189956188,1,0.9540951135134577
76561198034542902,0,0.005085870623588562,1,0.9540951135134577
76561197964041590,0,0.014927538111805916,1,0.9540951135134577
76561198389546040,0,0.005230570677667856,1,0.9540951135134577
76561198040482765,0,0.008601718582212925,1,0.9540951135134577
76561198064047840,0,0.01843850128352642,1,0.9540951135134577
76561199206326612,0,0.0034380629658699036,1,0.9540951135134577
76561198048113538,0,0.003528809640556574,1,0.9540951135134577
76561198268657955,0,0.014636128209531307,1,0.9540951135134577
76561198200797535,0,0.025959838181734085,1,0.9540951135134577
76561199220953296,0,0.06796138733625412,1,0.9540951135134577
76561199257440073,0,0.16061484813690186,1,0.9540951135134577
76561199044250251,0,0.006997284945100546,1,0.9540951135134577
76561198092979617,0,0.5348376035690308,1,0.9540951135134577
76561198058006541,0,0.04148606210947037,1,0.9540951135134577
76561199223039666,0,0.004636526573449373,1,0.9540951135134577
76561199181659478,0,0.0048283739015460014,1,0.9540951135134577
76561198291108798,0,0.19918590784072876,1,0.9540951135134577
76561198368959656,0,0.004282567650079727,1,0.9540951135134577
76561198215542341,0,0.23694287240505219,1,0.9540951135134577
76561198068182864,0,0.004866953007876873,1,0.9540951135134577
76561198258497868,0,0.009548362344503403,1,0.9540951135134577
76561198867886107,0,0.008129436522722244,1,0.9540951135134577
76561198082498414,0,0.006797586102038622,1,0.9540951135134577
76561199080787007,0,0.6887206435203552,1,0.9540951135134577
76561198416042732,0,0.003342529060319066,1,0.9540951135134577
76561198297478355,0,0.9300999045372009,1,0.9540951135134577
76561198042281194,0,0.004466854967176914,1,0.9540951135134577
76561199786904214,0,0.015058900229632854,1,0.9540951135134577
76561198273138237,0,0.03128202259540558,1,0.9540951135134577
76561198254720903,0,0.005719050765037537,1,0.9540951135134577
76561199145758906,0,0.005165951792150736,1,0.9540951135134577
76561198048042820,0,0.8575875759124756,1,0.9540951135134577
76561199390054390,0,0.003575145034119487,1,0.9540951135134577
76561197995317605,0,0.9677605032920837,1,0.9540951135134577
76561199200331786,0,0.0047492217272520065,1,0.9540951135134577
76561198062921678,0,0.00550420768558979,1,0.9540951135134577
76561198035355577,0,0.005111100617796183,1,0.9540951135134577
76561198799322041,0,0.00558285228908062,1,0.9540951135134577
76561199005136415,0,0.00921169389039278,1,0.9540951135134577
76561198200567907,0,0.004016392398625612,1,0.9540951135134577
76561198864061697,0,0.005562827456742525,1,0.9540951135134577
76561199062342067,0,0.9421769976615906,1,0.9540951135134577
76561199192585438,0,0.004511475563049316,1,0.9540951135134577
76561199099230073,0,0.7258425951004028,1,0.9540951135134577
76561198096041854,0,0.0064878580160439014,1,0.9540951135134577
76561199686986934,0,0.010356411337852478,1,0.9540951135134577
76561199744688055,0,0.007724418770521879,1,0.9540951135134577
76561198873517546,0,0.004284853581339121,1,0.9540951135134577
76561199618983283,0,0.0038701300509274006,1,0.9540951135134577
76561198075364160,0,0.006526513956487179,1,0.9540951135134577
76561198257982342,0,0.008962299674749374,1,0.9540951135134577
76561199243554739,0,0.004768023733049631,1,0.9540951135134577
76561198263730528,0,0.00548590999096632,1,0.9540951135134577
76561198078981764,0,0.005320264026522636,1,0.9540951135134577
76561199019929521,0,0.015782976523041725,1,0.9540951135134577
76561199821507216,0,0.006550971884280443,1,0.9540951135134577
76561198262634201,0,0.005141466856002808,1,0.9540951135134577
76561198045720331,0,0.005568157881498337,1,0.9540951135134577
76561199386668424,0,0.004686744883656502,1,0.9540951135134577
76561199130051874,0,0.004075607750564814,1,0.9540951135134577
76561199080604161,0,0.7625086307525635,1,0.9540951135134577
76561198993539076,0,0.7226790189743042,1,0.9540951135134577
76561199106701025,0,0.9883251190185547,1,0.9540951135134577
76561197997073515,0,0.16110219061374664,1,0.9540951135134577
76561198093262976,0,0.9639752507209778,1,0.9540951135134577
76561198175526439,0,0.0032075666822493076,1,0.9540951135134577
76561199195228189,0,0.0033802955877035856,1,0.9540951135134577
76561198189059061,0,0.040951117873191833,1,0.9540951135134577
76561199167868263,0,0.00563854118809104,1,0.9540951135134577
76561198041605879,0,0.1032501682639122,1,0.9540951135134577
76561198816574556,0,0.004527586977928877,1,0.9540951135134577
76561199149485182,0,0.009265325032174587,1,0.9540951135134577
76561198105796023,0,0.25050267577171326,1,0.9540951135134577
76561198171218627,0,0.005922304000705481,1,0.9540951135134577
76561197974987064,0,0.488900750875473,1,0.9540951135134577
76561199485935085,0,0.00405809236690402,1,0.9540951135134577
76561198342460744,0,0.0042961067520082,1,0.9540951135134577
76561198178780049,0,0.2947101891040802,1,0.9540951135134577
76561198243330150,0,0.8765901327133179,1,0.9540951135134577
76561198111861972,0,0.06596311181783676,1,0.9540951135134577
76561198017893842,0,0.004764230456203222,1,0.9540951135134577
76561199431319226,0,0.10197219252586365,1,0.9540951135134577
76561199405215421,0,0.05468238517642021,1,0.9540951135134577
76561199249196092,0,0.008497696369886398,1,0.9540951135134577
76561198421183958,0,0.003192092990502715,1,0.9540951135134577
76561198365153982,0,0.023241786286234856,1,0.9540951135134577
76561198289846172,0,0.0054459706880152225,1,0.9540951135134577
76561199206061574,0,0.004671541042625904,1,0.9540951135134577
76561199045490848,0,0.40795788168907166,1,0.9540951135134577
76561199535038965,0,0.006000560708343983,1,0.9540951135134577
76561198034346230,1,0.9702314138412476,1,0.9540951135134577
76561198067521914,0,0.22383823990821838,1,0.9540951135134577
76561197974816251,0,0.0052517070434987545,1,0.9540951135134577
76561198069797104,0,0.20790217816829681,1,0.9540951135134577
76561199178180857,0,0.0037119477055966854,1,0.9540951135134577
76561199308593579,0,0.9637300372123718,1,0.9540951135134577
76561198157749755,0,0.011002626270055771,1,0.9540951135134577
76561198040243622,0,0.006247745361179113,1,0.9540951135134577
76561199228772110,1,0.9830348491668701,1,0.9540951135134577
76561198815554078,0,0.0045671784318983555,1,0.9540951135134577
76561198384520989,0,0.05277300626039505,1,0.9540951135134577
76561198032053757,0,0.011629852466285229,1,0.9540951135134577
76561197970198701,0,0.008978561498224735,1,0.9540951135134577
76561198254857781,0,0.008585923351347446,1,0.9540951135134577
76561198214380240,0,0.007057928014546633,1,0.9540951135134577
76561197993753700,0,0.05594947561621666,1,0.9540951135134577
76561198264284137,0,0.003652672516182065,1,0.9540951135134577
76561199131034332,0,0.012970478273928165,1,0.9540951135134577
76561199086761563,1,0.9896385669708252,1,0.9540951135134577
76561199122151454,0,0.005227039102464914,1,0.9540951135134577
76561198030935783,0,0.003543001366779208,1,0.9540951135134577
76561199125059461,0,0.00632061529904604,1,0.9540951135134577
76561199161917536,0,0.004201801028102636,1,0.9540951135134577
76561198013078452,0,0.08049634844064713,1,0.9540951135134577
76561198327407452,0,0.043431028723716736,1,0.9540951135134577
76561198311503183,0,0.020027466118335724,1,0.9540951135134577
76561198163950329,0,0.011658751405775547,1,0.9540951135134577
76561198058137112,0,0.004950839560478926,1,0.9540951135134577
76561198209754333,0,0.0051669953390955925,1,0.9540951135134577
76561198195440454,0,0.004459492862224579,1,0.9540951135134577
76561198121572841,0,0.848225474357605,1,0.9540951135134577
76561198400514243,0,0.006752303335815668,1,0.9540951135134577
76561199231539122,0,0.004591762088239193,1,0.9540951135134577
76561198169439655,0,0.016506634652614594,1,0.9540951135134577
76561198030666809,0,0.004216056317090988,1,0.9540951135134577
76561199059975381,0,0.7884836792945862,1,0.9540951135134577
76561197985387396,0,0.004551215097308159,1,0.9540951135134577
76561198880361205,0,0.00607433682307601,1,0.9540951135134577
76561199055607691,0,0.007102088071405888,1,0.9540951135134577
76561198007205851,0,0.004035685211420059,1,0.9540951135134577
76561198315092359,0,0.006103601772338152,1,0.9540951135134577
76561199446317794,0,0.0044073862954974174,1,0.9540951135134577
76561198972311464,0,0.005122977774590254,1,0.9540951135134577
76561198101077237,0,0.012303881347179413,1,0.9540951135134577
76561198064416655,0,0.005616133566945791,1,0.9540951135134577
76561197995081778,0,0.005928359925746918,1,0.9540951135134577
76561198030287952,0,0.004237267188727856,1,0.9540951135134577
76561198095975983,0,0.02408950962126255,1,0.9540951135134577
76561199122567429,0,0.0035104972776025534,1,0.9540951135134577
76561199056033295,0,0.017188675701618195,1,0.9540951135134577
76561198099420590,0,0.9102874398231506,1,0.9540951135134577
76561199112121525,0,0.011732380837202072,1,0.9540951135134577
76561198092721887,0,0.004084334708750248,1,0.9540951135134577
76561198325712968,0,0.005538730416446924,1,0.9540951135134577
76561199527388289,0,0.024523183703422546,1,0.9540951135134577
76561198017621220,1,0.9834666848182678,1,0.9540951135134577
76561198114838059,0,0.00609020609408617,1,0.9540951135134577
76561198030790928,0,0.007443410810083151,1,0.9540951135134577
76561198275622676,0,0.004546793643385172,1,0.9540951135134577
76561199096899399,0,0.003575145034119487,1,0.9540951135134577
76561198988805150,0,0.004385923035442829,1,0.9540951135134577
76561199093882044,0,0.008177337236702442,1,0.9540951135134577
76561199235696850,0,0.012513034045696259,1,0.9540951135134577
76561197980155835,0,0.003924482502043247,1,0.9540951135134577
76561198045991143,0,0.007870903238654137,1,0.9540951135134577
76561199446100274,0,0.0035751943942159414,1,0.9540951135134577
76561199024084429,0,0.01001494750380516,1,0.9540951135134577
76561197960417076,0,0.0045799077488482,1,0.9540951135134577
76561199159475028,0,0.004234025254845619,1,0.9540951135134577
76561197970511688,0,0.003292373614385724,1,0.9540951135134577
76561198837560495,0,0.06406377255916595,1,0.9540951135134577
76561199444493042,0,0.004667330998927355,1,0.9540951135134577
76561198119666950,0,0.004659825470298529,1,0.9540951135134577
76561198998730799,0,0.004315901082009077,1,0.9540951135134577
76561199003680610,0,0.0036017869133502245,1,0.9540951135134577
76561199131813228,0,0.003468545386567712,1,0.9540951135134577
76561198954149158,0,0.0054181539453566074,1,0.9540951135134577
76561198094773064,0,0.005549316760152578,1,0.9540951135134577
76561197976072290,0,0.0037567843683063984,1,0.9540951135134577
76561199311900165,0,0.0066866627894341946,1,0.9540951135134577
76561199402887207,0,0.008001639507710934,1,0.9540951135134577
76561198401757750,0,0.004410734865814447,1,0.9540951135134577
76561198241739408,0,0.004488359205424786,1,0.9540951135134577
76561198119466940,0,0.004267928656190634,1,0.9540951135134577
76561198813085065,0,0.005248858127743006,1,0.9540951135134577
76561199085115616,1,0.9765369892120361,1,0.9540951135134577
76561199128805365,0,0.04052888974547386,1,0.9540951135134577
76561199050774548,0,0.0044786580838263035,1,0.9540951135134577
76561198272040790,0,0.003369030775502324,1,0.9540951135134577
76561198038380173,0,0.004366706591099501,1,0.9540951135134577
76561199067244551,0,0.007026029285043478,1,0.9540951135134577
76561199079492481,0,0.004573100246489048,1,0.9540951135134577
76561198984692444,0,0.004213884938508272,1,0.9540951135134577
76561197971671032,0,0.005303887650370598,1,0.9540951135134577
76561198313713043,0,0.004768023733049631,1,0.9540951135134577
76561198826952684,1,0.9884229302406311,1,0.9540951135134577
76561198981581035,1,0.7367056608200073,1,0.9540951135134577
76561198136069154,0,0.013737094588577747,1,0.9540951135134577
76561199069854373,0,0.005174631718546152,1,0.9540951135134577
76561198149304961,0,0.008584393188357353,1,0.9540951135134577
76561197990946649,0,0.02423824928700924,1,0.9540951135134577
76561199076804503,0,0.01597624272108078,1,0.9540951135134577
76561199000493223,0,0.005888215731829405,1,0.9540951135134577
76561198085646297,0,0.005645130295306444,1,0.9540951135134577
76561198879436792,0,0.005729067139327526,1,0.9540951135134577
76561198135151310,0,0.004484253469854593,1,0.9540951135134577
76561198082535217,0,0.004081265069544315,1,0.9540951135134577
76561198188968794,0,0.006059867795556784,1,0.9540951135134577
76561198841818317,0,0.003940657712519169,1,0.9540951135134577
76561198374645095,0,0.03753497451543808,1,0.9540951135134577
76561199092629399,0,0.005146955605596304,1,0.9540951135134577
76561199053378911,0,0.007576613686978817,1,0.9540951135134577
76561198419307193,0,0.004763312637805939,1,0.9540951135134577
76561198338278365,0,0.005347654689103365,1,0.9540951135134577
76561198269057231,0,0.07337518781423569,1,0.9540951135134577
76561198176367651,0,0.003739301348105073,1,0.9540951135134577
76561198324875514,0,0.005992814898490906,1,0.9540951135134577
76561199012059038,0,0.003812175476923585,1,0.9540951135134577
76561197999953928,0,0.00462534511461854,1,0.9540951135134577
76561198345562100,0,0.004144612234085798,1,0.9540951135134577
76561198063049086,0,0.08491474390029907,1,0.9540951135134577
76561198299987342,0,0.003491136245429516,1,0.9540951135134577
76561198057582884,0,0.005265942309051752,1,0.9540951135134577
76561199225678563,0,0.23451390862464905,1,0.9540951135134577
76561199135024272,0,0.009509196504950523,1,0.9540951135134577
76561199444079444,0,0.0066866627894341946,1,0.9540951135134577
76561198071546175,0,0.21049094200134277,1,0.9540951135134577
76561198308462060,0,0.026221968233585358,1,0.9540951135134577
76561197993847051,0,0.4998582601547241,1,0.9540951135134577
76561199590355565,0,0.01827016845345497,1,0.9540951135134577
76561199191591783,0,0.006022360175848007,1,0.9540951135134577
76561198126007317,0,0.003272166009992361,1,0.9540951135134577
76561199525645700,0,0.005118231289088726,1,0.9540951135134577
76561198316712155,0,0.03723075985908508,1,0.9540951135134577
76561198037092746,0,0.012610811740159988,1,0.9540951135134577
76561198804068485,0,0.004054245073348284,1,0.9540951135134577
76561198798945818,0,0.005194594152271748,1,0.9540951135134577
76561198278506367,0,0.06062677130103111,1,0.9540951135134577
76561198838239107,0,0.004063891712576151,1,0.9540951135134577
76561198140812643,0,0.07634629309177399,1,0.9540951135134577
76561198086085043,0,0.00412379065528512,1,0.9540951135134577
76561198242096256,0,0.004797621164470911,1,0.9540951135134577
76561199588764239,0,0.0037499729078263044,1,0.9540951135134577
76561198138025286,0,0.00432544993236661,1,0.9540951135134577
76561199050646015,0,0.4768584966659546,1,0.9540951135134577
76561198085861460,0,0.0049833618104457855,1,0.9540951135134577
76561198258217307,0,0.03256610035896301,1,0.9540951135134577
76561198190141779,0,0.012293337844312191,1,0.9540951135134577
76561199587097625,0,0.017471076920628548,1,0.9540951135134577
76561199486418171,0,0.003575145034119487,1,0.9540951135134577
76561199257337057,0,0.014244578778743744,1,0.9540951135134577
76561199042296590,0,0.008669442497193813,1,0.9540951135134577
76561198079836285,0,0.00799181591719389,1,0.9540951135134577
76561199000325973,0,0.008381642401218414,1,0.9540951135134577
76561199237386300,0,0.005311325658112764,1,0.9540951135134577
76561198351315861,0,0.004722868092358112,1,0.9540951135134577
76561199057119391,0,0.013553922064602375,1,0.9540951135134577
76561198854936958,0,0.0038938643410801888,1,0.9540951135134577
76561199387861554,0,0.0061446288600564,1,0.9540951135134577
76561197969838597,0,0.0042835320346057415,1,0.9540951135134577
76561198430854608,0,0.005000343080610037,1,0.9540951135134577
76561197993535832,0,0.027822401374578476,1,0.9540951135134577
76561199200129199,0,0.003575145034119487,1,0.9540951135134577
76561198161271264,0,0.014691543765366077,1,0.9540951135134577
76561198257042589,0,0.003981602378189564,1,0.9540951135134577
76561198017667875,0,0.2540588080883026,1,0.9540951135134577
76561199224188908,0,0.005456678569316864,1,0.9540951135134577
76561199093049896,0,0.041324906051158905,1,0.9540951135134577
76561199013306150,0,0.0032869484275579453,1,0.9540951135134577
76561198149667215,0,0.41946926712989807,1,0.9540951135134577
76561198087744692,0,0.006441024597734213,1,0.9540951135134577
76561198107376579,0,0.005442910827696323,1,0.9540951135134577
76561198347656416,0,0.005200335755944252,1,0.9540951135134577
76561198144918931,0,0.009675716049969196,1,0.9540951135134577
76561199108096622,0,0.00314659858122468,1,0.9540951135134577
76561199078020177,0,0.025959838181734085,1,0.9540951135134577
76561199080637139,0,0.022145170718431473,1,0.9540951135134577
76561199136088887,0,0.004306076560169458,1,0.9540951135134577
76561198063935350,0,0.006277116946876049,1,0.9540951135134577
76561198370728506,0,0.06779642403125763,1,0.9540951135134577
76561198044892463,0,0.3505226969718933,1,0.9540951135134577
76561199089531912,0,0.0046784598380327225,1,0.9540951135134577
76561199478792075,0,0.6529285907745361,1,0.9540951135134577
76561199058612944,0,0.016432516276836395,1,0.9540951135134577
76561197967490661,0,0.8541489839553833,1,0.9540951135134577
76561198028041092,0,0.004647083580493927,1,0.9540951135134577
76561198088833812,0,0.016462452709674835,1,0.9540951135134577
76561199083964097,0,0.010119916871190071,1,0.9540951135134577
76561199454330574,0,0.0032869484275579453,1,0.9540951135134577
76561198409317468,0,0.003165600122883916,1,0.9540951135134577
76561198165457502,0,0.008307084441184998,1,0.9540951135134577
76561198114672789,0,0.0076981489546597,1,0.9540951135134577
76561199572809748,0,0.04015228897333145,1,0.9540951135134577
76561198091125632,0,0.021823955699801445,1,0.9540951135134577
76561197997498730,0,0.006263177376240492,1,0.9540951135134577
76561197962841171,0,0.005318354349583387,1,0.9540951135134577
76561198816578989,0,0.006338279228657484,1,0.9540951135134577
76561198372121025,0,0.5692001581192017,1,0.9540951135134577
76561198998111425,0,0.04608480632305145,1,0.9540951135134577
76561197974044426,0,0.00646319892257452,1,0.9540951135134577
76561198084301487,0,0.0040512303821742535,1,0.9540951135134577
76561198986406697,0,0.0038041977677494287,1,0.9540951135134577
76561198032893098,0,0.9178991913795471,1,0.9540951135134577
76561199074615380,0,0.004290588665753603,1,0.9540951135134577
76561198100443851,0,0.0064873844385147095,1,0.9540951135134577
76561198005372715,0,0.0032726044300943613,1,0.9540951135134577
76561198982810430,0,0.17392820119857788,1,0.9540951135134577
76561198977776281,0,0.0035751943942159414,1,0.9540951135134577
76561199096061206,0,0.011843468062579632,1,0.9540951135134577
76561198985787999,0,0.011309951543807983,1,0.9540951135134577
76561198142401144,1,0.4604937732219696,1,0.9540951135134577
76561198011098909,0,0.03805283084511757,1,0.9540951135134577
76561198097719417,0,0.21858245134353638,1,0.9540951135134577
76561198119429689,0,0.638855516910553,1,0.9540951135134577
76561199009106608,0,0.005080972332507372,1,0.9540951135134577
76561198383728862,0,0.004530939273536205,1,0.9540951135134577
76561198024015093,0,0.006357396021485329,1,0.9540951135134577
76561198304570931,0,0.01239020749926567,1,0.9540951135134577
76561198417515062,0,0.0036400018725544214,1,0.9540951135134577
76561199488220703,0,0.14143173396587372,1,0.9540951135134577
76561198299312358,0,0.0405147448182106,1,0.9540951135134577
76561198048949800,0,0.005860858131200075,1,0.9540951135134577
76561199581002495,0,0.004708461929112673,1,0.9540951135134577
76561198165886490,0,0.004936148878186941,1,0.9540951135134577
76561199001314942,0,0.09691029787063599,1,0.9540951135134577
76561198800561640,0,0.5062658190727234,1,0.9540951135134577
76561198171670886,0,0.8892828822135925,1,0.9540951135134577
76561198324063150,0,0.004253435414284468,1,0.9540951135134577
76561198801801660,0,0.009428867138922215,1,0.9540951135134577
76561199188835714,0,0.5067595839500427,1,0.9540951135134577
76561198152487049,0,0.03525282442569733,1,0.9540951135134577
76561198405841824,0,0.004767607897520065,1,0.9540951135134577
76561199589211120,0,0.004692416172474623,1,0.9540951135134577
76561198877330018,0,0.00732140289619565,1,0.9540951135134577
76561198168907989,0,0.9307375550270081,1,0.9540951135134577
76561199197917880,0,0.005305129569023848,1,0.9540951135134577
76561198867035838,0,0.015977533534169197,1,0.9540951135134577
76561199203736411,0,0.0043886867351830006,1,0.9540951135134577
76561199607424123,0,0.007117046508938074,1,0.9540951135134577
76561198047470908,0,0.0034769847989082336,1,0.9540951135134577
76561198191113927,0,0.05719351768493652,1,0.9540951135134577
76561199082347438,0,0.014252829365432262,1,0.9540951135134577
76561198258898816,0,0.022881561890244484,1,0.9540951135134577
76561198002561607,1,0.8073704242706299,1,0.9540951135134577
76561199588576871,0,0.004278360866010189,1,0.9540951135134577
76561198128136156,0,0.003019067458808422,1,0.9540951135134577
76561198029308907,0,0.018969621509313583,1,0.9540951135134577
76561198065328252,0,0.0033421155530959368,1,0.9540951135134577
76561198314587124,0,0.005809259135276079,1,0.9540951135134577
76561198016980877,0,0.007741902489215136,1,0.9540951135134577
76561199067651528,0,0.0042586736381053925,1,0.9540951135134577
76561198040912816,0,0.004815570078790188,1,0.9540951135134577
76561198248169536,0,0.0037039259914308786,1,0.9540951135134577
76561198299691861,0,0.42700904607772827,1,0.9540951135134577
76561199229874267,0,0.00723069254308939,1,0.9540951135134577
76561198953090890,0,0.9626139998435974,1,0.9540951135134577
76561198075495172,1,0.5225321054458618,1,0.9540951135134577
76561197991153964,0,0.5768579840660095,1,0.9540951135134577
76561198093149539,0,0.9635599255561829,1,0.9540951135134577
76561198889375913,1,0.9776171445846558,1,0.9540951135134577
76561198218003307,0,0.0036569160874933004,1,0.9540951135134577
76561199438400899,0,0.00345391733571887,1,0.9540951135134577
76561198290007848,0,0.8923025131225586,1,0.9540951135134577
76561198030763466,0,0.06729234755039215,1,0.9540951135134577
76561198074711869,1,0.9530985355377197,1,0.9540951135134577
76561198073729180,0,0.07428858429193497,1,0.9540951135134577
76561198016678615,0,0.0053399973548948765,1,0.9540951135134577
76561199082919199,0,0.5726020932197571,1,0.9540951135134577
76561198093520008,0,0.004956576507538557,1,0.9540951135134577
76561198034941991,0,0.05972275137901306,1,0.9540951135134577
76561198202323024,0,0.004856426734477282,1,0.9540951135134577
76561198091946047,0,0.007076588924974203,1,0.9540951135134577
76561198113101925,0,0.0038041977677494287,1,0.9540951135134577
76561199059919070,0,0.004200865514576435,1,0.9540951135134577
76561198081451590,1,0.983117938041687,1,0.9540951135134577
76561198798182774,0,0.9820002913475037,1,0.9540951135134577
76561198263383382,0,0.0070008873008191586,1,0.9540951135134577
76561199175320010,0,0.007399973459541798,1,0.9540951135134577
76561198300694195,0,0.004443302284926176,1,0.9540951135134577
76561199535566444,0,0.010424972511827946,1,0.9540951135134577
76561199425520056,0,0.3779393434524536,1,0.9540951135134577
76561199025779672,0,0.9747350811958313,1,0.9540951135134577
76561198004515255,0,0.0058979191817343235,1,0.9540951135134577
76561198099835390,0,0.027069993317127228,1,0.9540951135134577
76561198146064607,0,0.003961414098739624,1,0.9540951135134577
76561198029771905,0,0.00547946197912097,1,0.9540951135134577
76561198044449375,0,0.004885136615484953,1,0.9540951135134577
76561198181996517,0,0.005155013874173164,1,0.9540951135134577
76561198986179010,0,0.003911219537258148,1,0.9540951135134577
76561198881655693,1,0.9786851406097412,1,0.9540951135134577
76561198295561025,0,0.014630209654569626,1,0.9540951135134577
76561199277526682,0,0.006335615646094084,1,0.9540951135134577
76561198193184213,0,0.5343064665794373,1,0.9540951135134577
76561198125998046,0,0.9826897382736206,1,0.9540951135134577
76561199158970218,1,0.9677655100822449,1,0.9540951135134577
76561198177571710,0,0.0074345627799630165,1,0.9540951135134577
76561198176748691,0,0.003575145034119487,1,0.9540951135134577
76561198188439251,0,0.005428184289485216,1,0.9540951135134577
76561199447009735,0,0.8878113627433777,1,0.9540951135134577
76561199040967244,0,0.9461230635643005,1,0.9540951135134577
76561198886171074,0,0.04955388978123665,1,0.9540951135134577
76561199070430877,0,0.8122380971908569,1,0.9540951135134577
76561198010429546,0,0.004308681469410658,1,0.9540951135134577
76561198870431654,0,0.005150093697011471,1,0.9540951135134577
76561199319660441,0,0.003867005929350853,1,0.9540951135134577
76561198039224996,1,0.9481882452964783,1,0.9540951135134577
76561197992508769,0,0.005909701343625784,1,0.9540951135134577
76561198312859760,0,0.0759766697883606,1,0.9540951135134577
76561197992293457,0,0.00896462146192789,1,0.9540951135134577
76561198366197084,0,0.015258576720952988,1,0.9540951135134577
76561198123298472,0,0.07245273143053055,1,0.9540951135134577
76561199555783605,0,0.007609184831380844,1,0.9540951135134577
76561199027838192,0,0.010334656573832035,1,0.9540951135134577
76561197967127877,0,0.1036154180765152,1,0.9540951135134577
76561198088508541,0,0.01422766875475645,1,0.9540951135134577
76561198956288085,0,0.0213155597448349,1,0.9540951135134577
76561198055654569,0,0.004204149823635817,1,0.9540951135134577
76561198814753130,0,0.006328316405415535,1,0.9540951135134577
76561199627790745,0,0.0095743453130126,1,0.9540951135134577
76561199420659456,0,0.014619130641222,1,0.9540951135134577
76561198153508015,0,0.09237327426671982,1,0.9540951135134577
76561198448393067,0,0.003793763229623437,1,0.9540951135134577
76561198308998169,0,0.007182619534432888,1,0.9540951135134577
76561199382833136,0,0.010068558156490326,1,0.9540951135134577
76561199051773648,0,0.003575145034119487,1,0.9540951135134577
76561198078469397,0,0.010233405977487564,1,0.9540951135134577
76561199609186214,0,0.005016107112169266,1,0.9540951135134577
76561199675801507,0,0.005121486261487007,1,0.9540951135134577
76561199089035448,0,0.0033802955877035856,1,0.9540951135134577
76561198967445343,0,0.00784842949360609,1,0.9540951135134577
76561199258233857,0,0.01929694600403309,1,0.9540951135134577
76561199225955290,0,0.004386066924780607,1,0.9540951135134577
76561198332519926,0,0.00635945051908493,1,0.9540951135134577
76561199375674081,0,0.004271768033504486,1,0.9540951135134577
76561198047803492,0,0.010553276166319847,1,0.9540951135134577
76561197995500832,0,0.02926230989396572,1,0.9540951135134577
76561198980776530,0,0.8399218916893005,1,0.9540951135134577
76561198014774594,0,0.0035795760340988636,1,0.9540951135134577
76561199199437246,0,0.009563341736793518,1,0.9540951135134577
76561199066240948,0,0.004847699776291847,1,0.9540951135134577
76561198262704238,0,0.005753810051828623,1,0.9540951135134577
76561198355577366,0,0.8534066677093506,1,0.9540951135134577
76561198081080388,0,0.9209195375442505,1,0.9540951135134577
76561198833949818,0,0.8355821371078491,1,0.9540951135134577
76561199387098129,0,0.023355325683951378,1,0.9540951135134577
76561199005554787,0,0.9579624533653259,1,0.9540951135134577
76561198018814235,0,0.7617969512939453,1,0.9540951135134577
76561199801622507,0,0.005843148101121187,1,0.9540951135134577
76561198029570970,0,0.6771453619003296,1,0.9540951135134577
76561198007254129,0,0.05288977921009064,1,0.9540951135134577
76561199005345118,0,0.022146448493003845,1,0.9540951135134577
76561199552053334,0,0.011184548027813435,1,0.9540951135134577
76561199063540865,0,0.005341527983546257,1,0.9540951135134577
76561198126038020,0,0.0440448522567749,1,0.9540951135134577
76561198033690820,0,0.11594714969396591,1,0.9540951135134577
76561197990180240,0,0.006168760359287262,1,0.9540951135134577
76561199383348822,0,0.003103536320850253,1,0.9540951135134577
76561198865280983,0,0.022961892187595367,1,0.9540951135134577
76561198194130315,1,0.14536769688129425,1,0.9540951135134577
76561199127449325,0,0.005442910827696323,1,0.9540951135134577
76561199187497664,0,0.003575145034119487,1,0.9540951135134577
76561197997134985,0,0.06754767149686813,1,0.9540951135134577
76561198871321277,0,0.8712489604949951,1,0.9540951135134577
76561198336516244,0,0.004628993105143309,1,0.9540951135134577
76561198902041998,0,0.003603673307225108,1,0.9540951135134577
76561198086944150,0,0.005705631338059902,1,0.9540951135134577
76561198271396711,0,0.004283202346414328,1,0.9540951135134577
76561198838909125,1,0.9726444482803345,1,0.9540951135134577
76561198111685511,0,0.0037936067674309015,1,0.9540951135134577
76561198848894104,0,0.004230804275721312,1,0.9540951135134577
76561198839256413,0,0.01766340062022209,1,0.9540951135134577
76561198255419258,1,0.9883936047554016,1,0.9540951135134577
76561198314434842,0,0.9521930813789368,1,0.9540951135134577
76561199644560144,0,0.0065849595703184605,1,0.9540951135134577
76561198074235124,0,0.860267162322998,1,0.9540951135134577
76561198035989165,0,0.9704686999320984,1,0.9540951135134577
76561198063928304,0,0.007955493405461311,1,0.9540951135134577
76561197978293103,0,0.006327740382403135,1,0.9540951135134577
76561198203929560,0,0.014020650647580624,1,0.9540951135134577
76561198013999207,0,0.00508073577657342,1,0.9540951135134577
76561198442382652,0,0.003966419957578182,1,0.9540951135134577
76561198974136398,0,0.9766859412193298,1,0.9540951135134577
76561198348273180,0,0.0049887062050402164,1,0.9540951135134577
76561198016391266,0,0.003192092990502715,1,0.9540951135134577
76561199512444292,0,0.007222458254545927,1,0.9540951135134577
76561198247782216,0,0.0033602428156882524,1,0.9540951135134577
76561198207176852,0,0.006471787579357624,1,0.9540951135134577
76561199086724847,0,0.38529571890830994,1,0.9540951135134577
76561199030483727,0,0.004343499429523945,1,0.9540951135134577
76561198411337685,0,0.1268109381198883,1,0.9540951135134577
76561198120765145,0,0.007075774949043989,1,0.9540951135134577
76561198850907083,1,0.9812129139900208,1,0.9540951135134577
76561198091173909,0,0.0034438478760421276,1,0.9540951135134577
76561198024594239,0,0.003493832889944315,1,0.9540951135134577
76561198823929554,1,0.9832081198692322,1,0.9540951135134577
76561198079666964,0,0.005476891994476318,1,0.9540951135134577
76561199446604799,0,0.007535392884165049,1,0.9540951135134577
76561198208356825,0,0.9753187298774719,1,0.9540951135134577
76561199072681168,0,0.005615396425127983,1,0.9540951135134577
76561199073195876,0,0.48951125144958496,1,0.9540951135134577
76561198189796215,0,0.04442181810736656,1,0.9540951135134577
76561199114131406,0,0.0679035410284996,1,0.9540951135134577
76561198158061779,0,0.03046945482492447,1,0.9540951135134577
76561197984500025,0,0.34735986590385437,1,0.9540951135134577
76561199103956399,0,0.9519909024238586,1,0.9540951135134577
76561198078016335,0,0.007300061173737049,1,0.9540951135134577
76561199211612836,0,0.006366939749568701,1,0.9540951135134577
76561198087152997,0,0.21561092138290405,1,0.9540951135134577
76561198323052983,0,0.026626110076904297,1,0.9540951135134577
76561199759949322,0,0.00650694128125906,1,0.9540951135134577
76561198066910830,0,0.7259548306465149,1,0.9540951135134577
76561199690087604,0,0.005332687869668007,1,0.9540951135134577
76561198047500405,0,0.006303078029304743,1,0.9540951135134577
76561198083313112,0,0.028169991448521614,1,0.9540951135134577
76561198972591582,0,0.39995265007019043,1,0.9540951135134577
76561198051338137,0,0.0068052588030695915,1,0.9540951135134577
76561199185787475,0,0.0033847414888441563,1,0.9540951135134577
76561198263856020,0,0.03213607519865036,1,0.9540951135134577
76561198236117584,0,0.005149255506694317,1,0.9540951135134577
76561198026987301,0,0.006422745063900948,1,0.9540951135134577
76561198263299491,0,0.9736488461494446,1,0.9540951135134577
76561199084569582,0,0.003820964368060231,1,0.9540951135134577
76561198836061375,0,0.007026814855635166,1,0.9540951135134577
76561198125476615,0,0.004809695295989513,1,0.9540951135134577
76561198087626490,0,0.005383480340242386,1,0.9540951135134577
76561198268004975,0,0.01376612950116396,1,0.9540951135134577
76561198453139876,0,0.00369042600505054,1,0.9540951135134577
76561198061692109,0,0.004015496466308832,1,0.9540951135134577
76561198359684419,0,0.005038379225879908,1,0.9540951135134577
76561198191906059,0,0.005508918780833483,1,0.9540951135134577
76561199040642556,0,0.005421759560704231,1,0.9540951135134577
76561198451615010,0,0.0041037858463823795,1,0.9540951135134577
76561199555838833,0,0.01090849470347166,1,0.9540951135134577
76561199034247387,0,0.009216691367328167,1,0.9540951135134577
76561198155729437,0,0.036687999963760376,1,0.9540951135134577
76561198057178277,0,0.08126861602067947,1,0.9540951135134577
76561198128243376,0,0.05851320922374725,1,0.9540951135134577
76561198014364942,1,0.7317913770675659,1,0.9540951135134577
76561198092351084,0,0.6907727718353271,1,0.9540951135134577
76561198335877763,0,0.008281366899609566,1,0.9540951135134577
76561198242450220,0,0.9726846218109131,1,0.9540951135134577
76561198308381109,0,0.008522569201886654,1,0.9540951135134577
76561199470095514,0,0.009953014552593231,1,0.9540951135134577
76561198126938082,0,0.976535975933075,1,0.9540951135134577
76561199468095824,0,0.005560379941016436,1,0.9540951135134577
76561199143336127,0,0.005399197340011597,1,0.9540951135134577
76561198021573803,0,0.777879536151886,1,0.9540951135134577
76561198169480327,0,0.0034439724404364824,1,0.9540951135134577
76561198344146074,0,0.0043886867351830006,1,0.9540951135134577
76561197979453081,0,0.008777747862040997,1,0.9540951135134577
76561198188315003,0,0.005492138210684061,1,0.9540951135134577
76561198358606447,0,0.131168395280838,1,0.9540951135134577
76561198202171163,0,0.6455023884773254,1,0.9540951135134577
76561198297635480,0,0.013216713443398476,1,0.9540951135134577
76561199223942268,0,0.9406478404998779,1,0.9540951135134577
76561198134155908,0,0.004545669537037611,1,0.9540951135134577
76561198065388017,0,0.011339321732521057,1,0.9540951135134577
76561198033788057,0,0.005725358612835407,1,0.9540951135134577
76561199219749472,0,0.005794246681034565,1,0.9540951135134577
76561198361827474,0,0.007533419877290726,1,0.9540951135134577
76561198027970879,1,0.957831084728241,1,0.9540951135134577
76561198844993507,0,0.004856542218476534,1,0.9540951135134577
76561198042823891,0,0.8682979941368103,1,0.9540951135134577
76561198880101601,0,0.005630173720419407,1,0.9540951135134577
76561199198284303,0,0.5062658190727234,1,0.9540951135134577
76561197972888350,0,0.006717766169458628,1,0.9540951135134577
76561198958501410,0,0.015891440212726593,1,0.9540951135134577
76561198824132280,0,0.003674474311992526,1,0.9540951135134577
76561198429889953,0,0.003371122293174267,1,0.9540951135134577
76561198141184932,0,0.01843154802918434,1,0.9540951135134577
76561198967364993,0,0.005246956832706928,1,0.9540951135134577
76561198052109926,0,0.23387673497200012,1,0.9540951135134577
76561198017964055,0,0.004453330300748348,1,0.9540951135134577
76561199111714950,0,0.006754698231816292,1,0.9540951135134577
76561199613629888,0,0.02093869261443615,1,0.9540951135134577
76561199173443528,0,0.004260894376784563,1,0.9540951135134577
76561198176148393,0,0.004303928464651108,1,0.9540951135134577
76561198039085029,0,0.004941634833812714,1,0.9540951135134577
76561198135743079,0,0.005181344226002693,1,0.9540951135134577
76561199365607693,1,0.989589512348175,1,0.9540951135134577
76561198007400740,0,0.010343697853386402,1,0.9540951135134577
76561198017851031,0,0.005442910827696323,1,0.9540951135134577
76561198169011096,0,0.006566155701875687,1,0.9540951135134577
76561198253698351,0,0.768502950668335,1,0.9540951135134577
76561198076313276,0,0.00629781698808074,1,0.9540951135134577
76561198944364911,0,0.08174049854278564,1,0.9540951135134577
76561198858574763,0,0.11178693175315857,1,0.9540951135134577
76561199096885681,0,0.0032869484275579453,1,0.9540951135134577
76561198852694082,0,0.003535367315635085,1,0.9540951135134577
76561199053366668,0,0.003820964368060231,1,0.9540951135134577
76561198035736079,0,0.2859198749065399,1,0.9540951135134577
76561197980943607,0,0.46948477625846863,1,0.9540951135134577
76561198138944468,0,0.005305670667439699,1,0.9540951135134577
76561198330881788,0,0.00768607622012496,1,0.9540951135134577
76561199574494605,0,0.003983327653259039,1,0.9540951135134577
76561198038091080,0,0.026105370372533798,1,0.9540951135134577
76561199395094441,0,0.009953014552593231,1,0.9540951135134577
76561199521831922,0,0.005072157829999924,1,0.9540951135134577
76561199013378889,0,0.003601208794862032,1,0.9540951135134577
76561198419443137,1,0.9690675139427185,1,0.9540951135134577
76561199491750407,0,0.005305670667439699,1,0.9540951135134577
76561199223093989,0,0.011634656228125095,1,0.9540951135134577
76561198244796634,0,0.004170614760369062,1,0.9540951135134577
76561199121959369,0,0.015668077394366264,1,0.9540951135134577
76561198257729033,0,0.018059562891721725,1,0.9540951135134577
76561198053558291,0,0.011015508323907852,1,0.9540951135134577
76561199521276915,0,0.0041314405389130116,1,0.9540951135134577
76561199032923382,0,0.005507225636392832,1,0.9540951135134577
76561198082586158,1,0.9872081875801086,1,0.9540951135134577
76561198251263420,0,0.003192092990502715,1,0.9540951135134577
76561199762278268,0,0.017691172659397125,1,0.9540951135134577
76561198916848440,0,0.005759765859693289,1,0.9540951135134577
76561199016250508,0,0.00413269829005003,1,0.9540951135134577
76561198043761930,0,0.07309018820524216,1,0.9540951135134577
76561198044465084,0,0.008930663578212261,1,0.9540951135134577
76561198032816747,0,0.6613945960998535,1,0.9540951135134577
76561198798921404,0,0.008312023244798183,1,0.9540951135134577
76561197971070707,0,0.003192092990502715,1,0.9540951135134577
76561198118686276,0,0.0053504761308431625,1,0.9540951135134577
76561198030024455,0,0.007520219776779413,1,0.9540951135134577
76561199235119002,0,0.0034706888254731894,1,0.9540951135134577
76561198384065039,0,0.006026146467775106,1,0.9540951135134577
76561198066264721,0,0.007227068766951561,1,0.9540951135134577
76561198296543645,0,0.009861670434474945,1,0.9540951135134577
76561198909220100,0,0.255728155374527,1,0.9540951135134577
76561198310771617,0,0.0060613155364990234,1,0.9540951135134577
76561198181688579,0,0.012980634346604347,1,0.9540951135134577
76561198006218717,0,0.6403499841690063,1,0.9540951135134577
76561199121081648,0,0.9412586092948914,1,0.9540951135134577
76561198059276018,0,0.30085307359695435,1,0.9540951135134577
76561198022728143,0,0.05841611325740814,1,0.9540951135134577
76561199066257739,0,0.003597470000386238,1,0.9540951135134577
76561198796514514,0,0.9495583176612854,1,0.9540951135134577
76561198040790187,0,0.8189720511436462,1,0.9540951135134577
76561199090286980,0,0.0038872247096151114,1,0.9540951135134577
76561199247433683,0,0.4209233522415161,1,0.9540951135134577
76561199436345627,0,0.014771370217204094,1,0.9540951135134577
76561198014152758,0,0.14644765853881836,1,0.9540951135134577
76561198143728088,0,0.007019529119133949,1,0.9540951135134577
76561199036092042,0,0.021946944296360016,1,0.9540951135134577
76561198332953189,0,0.004207212943583727,1,0.9540951135134577
76561199325635938,0,0.00327713368460536,1,0.9540951135134577
76561198045225034,0,0.0074568032287061214,1,0.9540951135134577
76561198243174232,0,0.004207212943583727,1,0.9540951135134577
76561199153582686,0,0.003559935139492154,1,0.9540951135134577
76561199269406577,0,0.005324320401996374,1,0.9540951135134577
76561198955895498,0,0.6516619920730591,1,0.9540951135134577
76561198169935066,0,0.11077482253313065,1,0.9540951135134577
76561199439926512,0,0.9592481851577759,1,0.9540951135134577
76561198394707384,0,0.004525645170360804,1,0.9540951135134577
76561197984914013,0,0.004853277001529932,1,0.9540951135134577
76561198023619421,0,0.16684478521347046,1,0.9540951135134577
76561198444802114,0,0.004335042554885149,1,0.9540951135134577
76561198177098511,1,0.9821316003799438,1,0.9540951135134577
76561199065957434,0,0.022870758548378944,1,0.9540951135134577
76561198008221555,0,0.0036397287622094154,1,0.9540951135134577
76561198787044867,0,0.09072882682085037,1,0.9540951135134577
76561198008776358,0,0.005218551028519869,1,0.9540951135134577
76561198857611849,1,0.9837089776992798,1,0.9540951135134577
76561199137947202,0,0.008801818825304508,1,0.9540951135134577
76561199209891619,0,0.003272166009992361,1,0.9540951135134577
76561198390338721,0,0.017744917422533035,1,0.9540951135134577
76561198881448321,0,0.011798007413744926,1,0.9540951135134577
76561198372356732,1,0.9888482093811035,1,0.9540951135134577
76561199221904212,0,0.01438511535525322,1,0.9540951135134577
76561198023624742,0,0.004374770447611809,1,0.9540951135134577
76561198030922405,0,0.006231412291526794,1,0.9540951135134577
76561198031454105,1,0.9594035148620605,1,0.9540951135134577
76561197967563476,1,0.9605536460876465,1,0.9540951135134577
76561198383890941,0,0.02428455650806427,1,0.9540951135134577
76561199643452762,0,0.0070200772024691105,1,0.9540951135134577
76561198383948687,0,0.009919038973748684,1,0.9540951135134577
76561198312057425,0,0.9213486909866333,1,0.9540951135134577
76561199163769701,0,0.005213577765971422,1,0.9540951135134577
76561198324310339,0,0.0035078078508377075,1,0.9540951135134577
76561198797508415,0,0.028780153021216393,1,0.9540951135134577
76561198818129640,0,0.006535536143928766,1,0.9540951135134577
76561199053771568,0,0.010229591280221939,1,0.9540951135134577
76561198087634614,0,0.006449293810874224,1,0.9540951135134577
76561198052006859,0,0.0032241190783679485,1,0.9540951135134577
76561198062769670,0,0.02586858533322811,1,0.9540951135134577
76561198332555192,0,0.035172536969184875,1,0.9540951135134577
76561199218223081,0,0.004511475563049316,1,0.9540951135134577
76561198102427023,0,0.009293552488088608,1,0.9540951135134577
76561199069097959,0,0.09148113429546356,1,0.9540951135134577
76561199159208444,0,0.9635230302810669,1,0.9540951135134577
76561199210320581,0,0.29587140679359436,1,0.9540951135134577
76561198087039875,0,0.14195849001407623,1,0.9540951135134577
76561199179404127,0,0.025959838181734085,1,0.9540951135134577
76561199208104159,0,0.05177228897809982,1,0.9540951135134577
76561197980367562,0,0.007750775199383497,1,0.9540951135134577
76561198141339617,0,0.011475887149572372,1,0.9540951135134577
76561199649338713,0,0.00891171209514141,1,0.9540951135134577
76561198010765941,0,0.004544353112578392,1,0.9540951135134577
76561198027970057,0,0.00610829284414649,1,0.9540951135134577
76561199038795147,0,0.013923660852015018,1,0.9540951135134577
76561199220855671,0,0.004159172065556049,1,0.9540951135134577
76561199123305843,0,0.003899906063452363,1,0.9540951135134577
76561198175316039,0,0.9817919135093689,1,0.9540951135134577
76561198079805348,0,0.006539462599903345,1,0.9540951135134577
76561198820880350,0,0.007229374721646309,1,0.9540951135134577
76561198082703723,0,0.012861907482147217,1,0.9540951135134577
76561198026930237,0,0.004288272932171822,1,0.9540951135134577
76561198372077749,0,0.42700904607772827,1,0.9540951135134577
76561198089950673,0,0.00314659858122468,1,0.9540951135134577
76561198426416902,0,0.004771448206156492,1,0.9540951135134577
76561198847647649,0,0.005117772612720728,1,0.9540951135134577
76561198279041409,0,0.00485165836289525,1,0.9540951135134577
76561199578777046,0,0.04101132974028587,1,0.9540951135134577
76561198198966143,1,0.9119977355003357,1,0.9540951135134577
76561198993582411,0,0.0035374879371374846,1,0.9540951135134577
76561197997435588,0,0.005247558932751417,1,0.9540951135134577
76561198006599412,0,0.0210043266415596,1,0.9540951135134577
76561197987880260,0,0.004478870891034603,1,0.9540951135134577
76561198250662716,0,0.004600824788212776,1,0.9540951135134577
76561198407207308,0,0.004519045818597078,1,0.9540951135134577
76561199015705085,0,0.004065115004777908,1,0.9540951135134577
76561199191613638,0,0.010347065515816212,1,0.9540951135134577
76561198280953376,0,0.004207212943583727,1,0.9540951135134577
76561199084388102,0,0.003269184147939086,1,0.9540951135134577
76561198996868199,0,0.005270533263683319,1,0.9540951135134577
76561198014127748,0,0.004360404796898365,1,0.9540951135134577
76561198071858512,0,0.007221575826406479,1,0.9540951135134577
76561199043173231,0,0.006483985111117363,1,0.9540951135134577
76561199087439180,0,0.005269723013043404,1,0.9540951135134577
76561199471062246,0,0.010354739613831043,1,0.9540951135134577
76561198882820479,0,0.0036399983800947666,1,0.9540951135134577
76561199031967132,0,0.006478044670075178,1,0.9540951135134577
76561198144040695,0,0.0052267806604504585,1,0.9540951135134577
76561198431260553,0,0.003575145034119487,1,0.9540951135134577
76561198167559466,0,0.023083360865712166,1,0.9540951135134577
76561198798893152,0,0.005161708686500788,1,0.9540951135134577
76561198024681037,0,0.004256078507751226,1,0.9540951135134577
76561198040122240,0,0.20441517233848572,1,0.9540951135134577
76561197984746824,0,0.004220998380333185,1,0.9540951135134577
76561198258072919,0,0.021934406831860542,1,0.9540951135134577
76561198341018967,0,0.0048919059336185455,1,0.9540951135134577
76561197964143091,0,0.8745241761207581,1,0.9540951135134577
76561198156873737,0,0.7627065181732178,1,0.9540951135134577
76561198213627824,0,0.4897628724575043,1,0.9540951135134577
76561199210829040,0,0.003192092990502715,1,0.9540951135134577
76561199265627058,0,0.011386953294277191,1,0.9540951135134577
76561198167918399,0,0.0032869484275579453,1,0.9540951135134577
76561199204392185,0,0.0036190450191497803,1,0.9540951135134577
76561198113241963,0,0.7702804803848267,1,0.9540951135134577
76561198982704382,0,0.022077342495322227,1,0.9540951135134577
76561198998715430,0,0.004200019408017397,1,0.9540951135134577
76561198847462350,0,0.004849232267588377,1,0.9540951135134577
76561199486450166,0,0.019586414098739624,1,0.9540951135134577
76561199088782131,0,0.4071123003959656,1,0.9540951135134577
76561198313080445,0,0.9070837497711182,1,0.9540951135134577
76561198169992661,0,0.8603987097740173,1,0.9540951135134577
76561198120757715,0,0.37296468019485474,1,0.9540951135134577
76561198405336898,0,0.6177746653556824,1,0.9540951135134577
76561198871023773,0,0.0033710876014083624,1,0.9540951135134577
76561197968925024,0,0.006415054202079773,1,0.9540951135134577
76561198878882534,0,0.00539354095235467,1,0.9540951135134577
76561197982963530,0,0.03961179405450821,1,0.9540951135134577
76561198083992550,0,0.005442910827696323,1,0.9540951135134577
76561198017472935,0,0.006785283796489239,1,0.9540951135134577
76561198833212399,0,0.9563301801681519,1,0.9540951135134577
76561197968025786,0,0.049348071217536926,1,0.9540951135134577
76561198202791875,0,0.004024484660476446,1,0.9540951135134577
76561197961566330,0,0.005303111858665943,1,0.9540951135134577
76561199002493522,0,0.01991986483335495,1,0.9540951135134577
76561199387748035,0,0.9778493642807007,1,0.9540951135134577
76561198842662721,0,0.003575145034119487,1,0.9540951135134577
76561198970832583,0,0.005149040371179581,1,0.9540951135134577
76561198063806035,0,0.010539006441831589,1,0.9540951135134577
76561199124309711,0,0.0033557554706931114,1,0.9540951135134577
76561198102540613,0,0.004264794290065765,1,0.9540951135134577
76561198140055484,0,0.0403437539935112,1,0.9540951135134577
76561199184205954,0,0.9387256503105164,1,0.9540951135134577
76561199014014494,0,0.9648440480232239,1,0.9540951135134577
76561199020067747,0,0.004941465798765421,1,0.9540951135134577
76561198180015622,0,0.0033915217500180006,1,0.9540951135134577
76561198357234732,0,0.014196943491697311,1,0.9540951135134577
76561198040598063,0,0.0064044250175356865,1,0.9540951135134577
76561197984965309,0,0.019354522228240967,1,0.9540951135134577
76561198213046584,0,0.011704262346029282,1,0.9540951135134577
76561199559840784,0,0.004861184861510992,1,0.9540951135134577
76561199146701234,0,0.004695790819823742,1,0.9540951135134577
76561198863140435,0,0.00413269829005003,1,0.9540951135134577
76561199091753532,0,0.0053001753985881805,1,0.9540951135134577
76561199385679810,0,0.37903258204460144,1,0.9540951135134577
76561198058303963,0,0.00483689596876502,1,0.9540951135134577
76561199438083979,0,0.008628236129879951,1,0.9540951135134577
76561199229125414,0,0.004711853340268135,1,0.9540951135134577
76561198098395535,0,0.004422501660883427,1,0.9540951135134577
76561198066567106,0,0.00431563425809145,1,0.9540951135134577
76561198310587912,0,0.004817028064280748,1,0.9540951135134577
76561198376179344,0,0.0079329339787364,1,0.9540951135134577
76561198066363708,0,0.003820964368060231,1,0.9540951135134577
76561199060625882,0,0.003797061275690794,1,0.9540951135134577
76561198844081823,0,0.08875540643930435,1,0.9540951135134577
76561199058011452,0,0.003586485981941223,1,0.9540951135134577
76561198923331412,1,0.9868153929710388,1,0.9540951135134577
76561198214360980,0,0.007388619240373373,1,0.9540951135134577
76561199023904511,0,0.004601623862981796,1,0.9540951135134577
76561199132664677,0,0.008205920457839966,1,0.9540951135134577
76561198190391667,0,0.005608703475445509,1,0.9540951135134577
76561198405011123,0,0.008593005128204823,1,0.9540951135134577
76561199013232797,0,0.007466563954949379,1,0.9540951135134577
76561199545773431,0,0.0038237497210502625,1,0.9540951135134577
76561198971845518,0,0.004366190638393164,1,0.9540951135134577
76561198010398423,0,0.004032301716506481,1,0.9540951135134577
76561199394149986,0,0.1431376338005066,1,0.9540951135134577
76561199142473236,0,0.004377666395157576,1,0.9540951135134577
76561199202896627,0,0.009767213836312294,1,0.9540951135134577
76561197989566491,0,0.00639265077188611,1,0.9540951135134577
76561199049361106,1,0.9851641654968262,1,0.9540951135134577
76561198117185687,0,0.8566045165061951,1,0.9540951135134577
76561198257675554,0,0.005956883076578379,1,0.9540951135134577
76561199105326439,0,0.6840149164199829,1,0.9540951135134577
76561198334049347,0,0.7330902218818665,1,0.9540951135134577
76561198364299643,0,0.09772550314664841,1,0.9540951135134577
76561197983271801,0,0.04699728265404701,1,0.9540951135134577
76561198173964269,0,0.004928678274154663,1,0.9540951135134577
76561198999379530,0,0.2501421570777893,1,0.9540951135134577
76561199156040135,0,0.018987931311130524,1,0.9540951135134577
76561198974298386,0,0.3965087831020355,1,0.9540951135134577
76561198043844559,0,0.021642930805683136,1,0.9540951135134577
76561199086035922,0,0.03147260472178459,1,0.9540951135134577
76561198988762029,1,0.9856522083282471,1,0.9540951135134577
76561198028441996,0,0.6189035773277283,1,0.9540951135134577
76561198118425843,0,0.009666437283158302,1,0.9540951135134577
76561198155848008,0,0.005397876258939505,1,0.9540951135134577
76561199151899557,0,0.40252411365509033,1,0.9540951135134577
76561198178864494,0,0.004960743244737387,1,0.9540951135134577
76561199181032458,0,0.010420300997793674,1,0.9540951135134577
76561198032972782,0,0.005182512104511261,1,0.9540951135134577
76561198873671442,0,0.842602550983429,1,0.9540951135134577
76561198961108844,0,0.5270978212356567,1,0.9540951135134577
76561198036037482,0,0.6424762010574341,1,0.9540951135134577
76561199013312068,0,0.00490225525572896,1,0.9540951135134577
76561199618389103,0,0.003575145034119487,1,0.9540951135134577
76561197993719980,0,0.5336967706680298,1,0.9540951135134577
76561198341979631,0,0.005745965056121349,1,0.9540951135134577
76561199794925004,0,0.004434339702129364,1,0.9540951135134577
76561199110640765,0,0.003591410582885146,1,0.9540951135134577
76561199560310922,0,0.005305670667439699,1,0.9540951135134577
76561198387955178,0,0.005598084535449743,1,0.9540951135134577
76561199187393930,0,0.010814733803272247,1,0.9540951135134577
76561198062505602,0,0.03221685439348221,1,0.9540951135134577
76561199044175410,0,0.006876788567751646,1,0.9540951135134577
76561198122181551,0,0.004080949351191521,1,0.9540951135134577
76561198120936681,0,0.003590106964111328,1,0.9540951135134577
76561198089756047,0,0.009505752474069595,1,0.9540951135134577
76561198006844091,0,0.009620249271392822,1,0.9540951135134577
76561198019680508,0,0.00438283197581768,1,0.9540951135134577
76561199486629319,0,0.005237676668912172,1,0.9540951135134577
76561198052185737,0,0.0047087231650948524,1,0.9540951135134577
76561197993331670,0,0.005627600941807032,1,0.9540951135134577
76561198025742202,0,0.005859179887920618,1,0.9540951135134577
76561198988343339,0,0.005055093672126532,1,0.9540951135134577
76561198006791088,0,0.00397515157237649,1,0.9540951135134577
76561199148450963,0,0.04168335348367691,1,0.9540951135134577
76561198041698556,0,0.005042461212724447,1,0.9540951135134577
76561198028448686,0,0.0038766025099903345,1,0.9540951135134577
76561198073064056,0,0.003575145034119487,1,0.9540951135134577
76561198799718701,0,0.0046509914100170135,1,0.9540951135134577
76561199765993823,0,0.003575145034119487,1,0.9540951135134577
76561198046957068,0,0.0297839492559433,1,0.9540951135134577
76561198998598413,0,0.9808564186096191,1,0.9540951135134577
76561199045164212,0,0.1477576345205307,1,0.9540951135134577
76561198061671225,0,0.007485776208341122,1,0.9540951135134577
76561198009301946,0,0.03377920016646385,1,0.9540951135134577
76561198032871458,0,0.027331896126270294,1,0.9540951135134577
76561199163563870,0,0.469714492559433,1,0.9540951135134577
76561198985556767,0,0.00441643875092268,1,0.9540951135134577
76561197970484842,0,0.6748391389846802,1,0.9540951135134577
76561199424498115,0,0.009953014552593231,1,0.9540951135134577
76561198867294562,0,0.004958785139024258,1,0.9540951135134577
76561199551938298,0,0.013642653822898865,1,0.9540951135134577
76561198021498569,0,0.007830867543816566,1,0.9540951135134577
76561198197490934,0,0.2700742781162262,1,0.9540951135134577
76561199521140248,0,0.00810680165886879,1,0.9540951135134577
76561198118480619,0,0.020028026774525642,1,0.9540951135134577
76561198084458805,0,0.004088122397661209,1,0.9540951135134577
76561198036074472,0,0.972054660320282,1,0.9540951135134577
76561199174633475,0,0.004181394353508949,1,0.9540951135134577
76561199015507557,0,0.004195694345980883,1,0.9540951135134577
76561197970655889,0,0.01666763424873352,1,0.9540951135134577
76561198990354810,0,0.003272166009992361,1,0.9540951135134577
76561199133018080,0,0.004348680377006531,1,0.9540951135134577
76561199465912459,0,0.005305670667439699,1,0.9540951135134577
76561199471825383,0,0.7332156300544739,1,0.9540951135134577
76561198128783623,0,0.004107330460101366,1,0.9540951135134577
76561199034351822,0,0.007737899664789438,1,0.9540951135134577
76561199606240908,0,0.009245448745787144,1,0.9540951135134577
76561198431347431,0,0.005773643497377634,1,0.9540951135134577
76561198051360233,0,0.17168305814266205,1,0.9540951135134577
76561198270979807,0,0.009520883671939373,1,0.9540951135134577
76561198071509840,0,0.005774333141744137,1,0.9540951135134577
76561197972645114,0,0.11189330369234085,1,0.9540951135134577
76561198121884167,0,0.004739983007311821,1,0.9540951135134577
76561198273297375,0,0.009510044008493423,1,0.9540951135134577
76561198141100170,0,0.02755545638501644,1,0.9540951135134577
76561198245145922,0,0.00451165996491909,1,0.9540951135134577
76561198372446053,0,0.010223258286714554,1,0.9540951135134577
76561199111813095,0,0.0038054953329265118,1,0.9540951135134577
76561199109285228,0,0.003575145034119487,1,0.9540951135134577
76561199095313284,0,0.004511475563049316,1,0.9540951135134577
76561198071733209,0,0.003472865093499422,1,0.9540951135134577
76561199156431026,0,0.006916875019669533,1,0.9540951135134577
76561198202998052,0,0.006324371788650751,1,0.9540951135134577
76561198048494726,0,0.0036574217956513166,1,0.9540951135134577
76561197978573269,0,0.017061959952116013,1,0.9540951135134577
76561197984734579,0,0.003923431038856506,1,0.9540951135134577
76561197982718937,0,0.004060947336256504,1,0.9540951135134577
76561198805363107,0,0.009553018026053905,1,0.9540951135134577
76561198149113597,0,0.004497244488447905,1,0.9540951135134577
76561198854404607,0,0.009594851173460484,1,0.9540951135134577
76561199504855307,0,0.004610189702361822,1,0.9540951135134577
76561199088528528,0,0.005586867220699787,1,0.9540951135134577
76561198847142948,0,0.009953014552593231,1,0.9540951135134577
76561198054290774,0,0.03157268464565277,1,0.9540951135134577
76561199113006221,0,0.003575145034119487,1,0.9540951135134577
76561197975168473,0,0.009513611905276775,1,0.9540951135134577
76561198871596724,1,0.9568278193473816,1,0.9540951135134577
76561198171597933,0,0.023642893880605698,1,0.9540951135134577
76561198281458934,0,0.005267254542559385,1,0.9540951135134577
76561198375911101,0,0.9486618638038635,1,0.9540951135134577
76561198968747424,0,0.003575145034119487,1,0.9540951135134577
76561198300291896,0,0.006492251064628363,1,0.9540951135134577
76561199390083984,0,0.0056089963763952255,1,0.9540951135134577
76561199527515824,0,0.003192092990502715,1,0.9540951135134577
76561199059997010,0,0.006851905025541782,1,0.9540951135134577
76561198000258105,0,0.7566421031951904,1,0.9540951135134577
76561198000266288,0,0.2652587890625,1,0.9540951135134577
76561199062912026,0,0.06624913960695267,1,0.9540951135134577
76561199388828223,0,0.004121771547943354,1,0.9540951135134577
76561198147429036,0,0.5050852298736572,1,0.9540951135134577
76561198448143735,0,0.006416947580873966,1,0.9540951135134577
76561199164300216,0,0.01834084466099739,1,0.9540951135134577
76561199051509977,1,0.9878765344619751,1,0.9540951135134577
76561199159335674,0,0.004908797796815634,1,0.9540951135134577
76561198035567347,0,0.007797783240675926,1,0.9540951135134577
76561198003930620,0,0.0047949436120688915,1,0.9540951135134577
76561198847620361,0,0.05137148126959801,1,0.9540951135134577
76561198101186429,0,0.006418155040591955,1,0.9540951135134577
76561197997727313,0,0.1448468118906021,1,0.9540951135134577
76561198021925181,0,0.004043018911033869,1,0.9540951135134577
76561198170036297,0,0.0051701730117201805,1,0.9540951135134577
76561198406468782,0,0.40247586369514465,1,0.9540951135134577
76561198804093457,0,0.9633838534355164,1,0.9540951135134577
76561197968136109,0,0.005785520654171705,1,0.9540951135134577
76561198122531584,0,0.007076485548168421,1,0.9540951135134577
76561198141516437,0,0.0038493743631988764,1,0.9540951135134577
76561198019302348,0,0.00820799358189106,1,0.9540951135134577
76561198060210390,0,0.09120884537696838,1,0.9540951135134577
76561198042057970,0,0.981404721736908,1,0.9540951135134577
76561199056722392,0,0.008916851133108139,1,0.9540951135134577
76561198869239420,0,0.017045261338353157,1,0.9540951135134577
76561198268716708,0,0.09115138649940491,1,0.9540951135134577
76561199157345190,0,0.0032869484275579453,1,0.9540951135134577
76561199103239247,0,0.0064656855538487434,1,0.9540951135134577
76561198823458478,0,0.9865912795066833,1,0.9540951135134577
76561198338964435,0,0.005253336392343044,1,0.9540951135134577
76561199050485861,0,0.00474288547411561,1,0.9540951135134577
76561198020733534,0,0.3451184332370758,1,0.9540951135134577
76561198991971845,0,0.003970308694988489,1,0.9540951135134577
76561198954568504,0,0.004100663587450981,1,0.9540951135134577
76561198818795216,0,0.003192092990502715,1,0.9540951135134577
76561198366074796,0,0.006484341807663441,1,0.9540951135134577
76561199160292376,0,0.02653820998966694,1,0.9540951135134577
76561198267530410,0,0.019792677834630013,1,0.9540951135134577
76561198142282424,0,0.011872857809066772,1,0.9540951135134577
76561198017971510,0,0.1621728241443634,1,0.9540951135134577
76561198323412320,0,0.019604817032814026,1,0.9540951135134577
76561199003009757,0,0.01068632397800684,1,0.9540951135134577
76561199121632358,0,0.003575145034119487,1,0.9540951135134577
76561198830331475,0,0.12508592009544373,1,0.9540951135134577
76561198028362125,0,0.004282454028725624,1,0.9540951135134577
76561198064157263,0,0.0045333849266171455,1,0.9540951135134577
76561198042668973,0,0.00765923922881484,1,0.9540951135134577
76561199209694847,0,0.005592945031821728,1,0.9540951135134577
76561198211849415,1,0.9871599674224854,1,0.9540951135134577
76561198801540910,0,0.004178401082754135,1,0.9540951135134577
76561199375674220,0,0.0032896085176616907,1,0.9540951135134577
76561198407311354,0,0.02153816819190979,1,0.9540951135134577
76561199499215814,0,0.003595674177631736,1,0.9540951135134577
76561198445131432,0,0.01277625747025013,1,0.9540951135134577
76561198915492412,0,0.003491136245429516,1,0.9540951135134577
76561197963909518,0,0.003968344070017338,1,0.9540951135134577
76561198106810088,1,0.22468973696231842,1,0.9540951135134577
76561198434841254,1,0.9877747297286987,1,0.9540951135134577
76561198037693713,0,0.00717637175694108,1,0.9540951135134577
76561199168751018,0,0.003916032612323761,1,0.9540951135134577
76561198064750196,0,0.003306320169940591,1,0.9540951135134577
76561199110573983,0,0.0034815312828868628,1,0.9540951135134577
76561199012368372,0,0.00723069254308939,1,0.9540951135134577
76561198052221449,0,0.004198260605335236,1,0.9540951135134577
76561199099598487,0,0.004218976479023695,1,0.9540951135134577
76561199530767737,0,0.004211654886603355,1,0.9540951135134577
76561198807164885,0,0.006306159775704145,1,0.9540951135134577
76561198046426796,0,0.006619059480726719,1,0.9540951135134577
76561199110426032,0,0.0040867323987185955,1,0.9540951135134577
76561198032525038,0,0.012395944446325302,1,0.9540951135134577
76561198975256696,0,0.004207940306514502,1,0.9540951135134577
76561198048864476,0,0.9433863162994385,1,0.9540951135134577
76561198857356283,0,0.0040789032354950905,1,0.9540951135134577
76561198295391438,0,0.004950397182255983,1,0.9540951135134577
76561199212036075,0,0.0066972775384783745,1,0.9540951135134577
76561198192604790,0,0.0036763374228030443,1,0.9540951135134577
76561199475950982,0,0.01664484478533268,1,0.9540951135134577
76561199059323795,0,0.0037259296514093876,1,0.9540951135134577
76561199214829779,0,0.003575145034119487,1,0.9540951135134577
76561199226845256,1,0.9888047575950623,1,0.9540951135134577
76561199121337856,0,0.0033779172226786613,1,0.9540951135134577
76561198110652381,0,0.006475826725363731,1,0.9540951135134577
76561199099712278,0,0.004207212943583727,1,0.9540951135134577
76561198935399275,0,0.005798764992505312,1,0.9540951135134577
76561199164451754,0,0.003575145034119487,1,0.9540951135134577
76561198887052385,0,0.012363284826278687,1,0.9540951135134577
76561199070084499,0,0.0048355646431446075,1,0.9540951135134577
76561199050144705,0,0.006273028906434774,1,0.9540951135134577
76561198994823826,0,0.010335773229598999,1,0.9540951135134577
76561199228833367,0,0.005305670667439699,1,0.9540951135134577
76561198292338339,0,0.006314131431281567,1,0.9540951135134577
76561198168635962,0,0.006174273788928986,1,0.9540951135134577
76561199378812410,0,0.00833810493350029,1,0.9540951135134577
76561198316850228,0,0.012957854196429253,1,0.9540951135134577
76561198186288138,0,0.008308534510433674,1,0.9540951135134577
76561198030952838,0,0.004806254990398884,1,0.9540951135134577
76561198416060337,0,0.005360275041311979,1,0.9540951135134577
76561198300522643,0,0.4968124330043793,1,0.9540951135134577
76561199154526015,0,0.004767908249050379,1,0.9540951135134577
76561198111755661,1,0.9831708073616028,1,0.9540951135134577
76561197999142470,0,0.005226255394518375,1,0.9540951135134577
76561198278508704,0,0.0046824002638459206,1,0.9540951135134577
76561198010348384,0,0.0047907112166285515,1,0.9540951135134577
76561198081202655,1,0.9573682546615601,1,0.9540951135134577
76561198796262822,0,0.8295407295227051,1,0.9540951135134577
76561198214299303,0,0.015187080018222332,1,0.9540951135134577
76561198336681890,0,0.16232475638389587,1,0.9540951135134577
76561198011395657,0,0.013680814765393734,1,0.9540951135134577
76561198950846467,1,0.9874339699745178,1,0.9540951135134577
76561197992187987,0,0.013650253415107727,1,0.9540951135134577
76561197988923483,0,0.009285446256399155,1,0.9540951135134577
76561198859298176,0,0.7460305690765381,1,0.9540951135134577
76561199087487445,0,0.004685632884502411,1,0.9540951135134577
76561198170601917,0,0.9707460403442383,1,0.9540951135134577
76561198990364034,0,0.9180771708488464,1,0.9540951135134577
76561198400075083,0,0.008384493179619312,1,0.9540951135134577
76561199011180375,0,0.8080098628997803,1,0.9540951135134577
76561197962947783,0,0.05536244809627533,1,0.9540951135134577
76561198354004474,0,0.003508538007736206,1,0.9540951135134577
76561198111048381,0,0.06833159923553467,1,0.9540951135134577
76561197970067880,0,0.4139460623264313,1,0.9540951135134577
76561198290457712,0,0.030284300446510315,1,0.9540951135134577
76561198797730445,0,0.003192092990502715,1,0.9540951135134577
76561198065922938,0,0.20053337514400482,1,0.9540951135134577
76561198505672718,0,0.0065882825292646885,1,0.9540951135134577
76561199097426826,0,0.0431966632604599,1,0.9540951135134577
76561199445714547,0,0.9433321952819824,1,0.9540951135134577
76561198202081405,0,0.003369030775502324,1,0.9540951135134577
76561198026840034,1,0.5023766756057739,1,0.9540951135134577
76561198160374322,0,0.010924330912530422,1,0.9540951135134577
76561198327282786,0,0.008103249594569206,1,0.9540951135134577
76561198305300970,0,0.004623946733772755,1,0.9540951135134577
76561199052212494,0,0.20802544057369232,1,0.9540951135134577
76561199609945627,0,0.02653653360903263,1,0.9540951135134577
76561199229435455,0,0.004831461701542139,1,0.9540951135134577
76561199007186864,0,0.0096129784360528,1,0.9540951135134577
76561198892706242,0,0.03382343053817749,1,0.9540951135134577
76561198060536677,0,0.0705641433596611,1,0.9540951135134577
76561199787682883,0,0.005928008817136288,1,0.9540951135134577
76561198895615294,0,0.004363363608717918,1,0.9540951135134577
76561198252428052,1,0.9686598777770996,1,0.9540951135134577
76561198023376695,0,0.0035049086436629295,1,0.9540951135134577
76561199220192534,0,0.003328189952298999,1,0.9540951135134577
76561199436688074,0,0.00766717316582799,1,0.9540951135134577
76561198942015984,0,0.012666495516896248,1,0.9540951135134577
76561199086084513,0,0.012386596761643887,1,0.9540951135134577
76561198012851357,0,0.006290480960160494,1,0.9540951135134577
76561198040842781,0,0.004713083151727915,1,0.9540951135134577
76561198029093805,1,0.43623217940330505,1,0.9540951135134577
76561198095322527,0,0.004552647937089205,1,0.9540951135134577
76561198156576943,0,0.6371206045150757,1,0.9540951135134577
76561198128245515,0,0.010224041528999805,1,0.9540951135134577
76561198208125460,0,0.006046086549758911,1,0.9540951135134577
76561199059484021,0,0.003544769948348403,1,0.9540951135134577
76561199592189505,0,0.8620810508728027,1,0.9540951135134577
76561199519547189,0,0.005032535642385483,1,0.9540951135134577
76561199078816249,0,0.0045071435160934925,1,0.9540951135134577
76561198917241076,0,0.003985407296568155,1,0.9540951135134577
76561198358316861,0,0.0035280068404972553,1,0.9540951135134577
76561199000557902,0,0.004300959873944521,1,0.9540951135134577
76561198416495025,0,0.003820964368060231,1,0.9540951135134577
76561198206479271,0,0.004148047883063555,1,0.9540951135134577
76561199216601038,0,0.681036114692688,1,0.9540951135134577
76561199223077686,0,0.004420377779752016,1,0.9540951135134577
76561199389587483,0,0.007580375764518976,1,0.9540951135134577
76561197991713238,0,0.005634006578475237,1,0.9540951135134577
76561198272365003,0,0.043528180569410324,1,0.9540951135134577
76561199003799346,0,0.003575145034119487,1,0.9540951135134577
76561198370370804,0,0.003306320169940591,1,0.9540951135134577
76561198114399122,0,0.004008613992482424,1,0.9540951135134577
76561198118672693,0,0.004673519637435675,1,0.9540951135134577
76561199009676181,0,0.010729369707405567,1,0.9540951135134577
76561199349688811,0,0.0062921675853431225,1,0.9540951135134577
76561198292855094,0,0.00314659858122468,1,0.9540951135134577
76561198253296090,0,0.004150092601776123,1,0.9540951135134577
76561198052161484,0,0.004583374597132206,1,0.9540951135134577
76561199476960404,0,0.0038500891532748938,1,0.9540951135134577
76561198140037195,0,0.0048292153514921665,1,0.9540951135134577
76561198069132449,0,0.004176103975623846,1,0.9540951135134577
76561198985709240,0,0.005091176368296146,1,0.9540951135134577
76561198320927071,0,0.005756463389843702,1,0.9540951135134577
76561198820699970,0,0.8411985039710999,1,0.9540951135134577
76561198050898681,0,0.003292373614385724,1,0.9540951135134577
76561199038267361,0,0.025959838181734085,1,0.9540951135134577
76561198882414021,0,0.003567321226000786,1,0.9540951135134577
76561198107035466,0,0.006156605668365955,1,0.9540951135134577
76561198039855686,1,0.9623649716377258,1,0.9540951135134577
76561198866456771,0,0.41799020767211914,1,0.9540951135134577
76561198295781786,0,0.0044018286280334,1,0.9540951135134577
76561199497066212,0,0.011185054667294025,1,0.9540951135134577
76561199021550349,0,0.9741348028182983,1,0.9540951135134577
76561198839819119,0,0.004170614760369062,1,0.9540951135134577
76561199107439317,0,0.020996790379285812,1,0.9540951135134577
76561199066137273,0,0.0041763754561543465,1,0.9540951135134577
76561198866818186,0,0.006920468993484974,1,0.9540951135134577
76561198412886201,0,0.578553318977356,1,0.9540951135134577
76561198810557898,0,0.005768975708633661,1,0.9540951135134577
76561198234376276,0,0.00527910515666008,1,0.9540951135134577
76561198879403208,0,0.004708604421466589,1,0.9540951135134577
76561198012714937,0,0.6398666501045227,1,0.9540951135134577
76561199066036333,0,0.01713702082633972,1,0.9540951135134577
76561199088414318,0,0.008485577069222927,1,0.9540951135134577
76561198995581890,0,0.005046328995376825,1,0.9540951135134577
76561198123750907,0,0.08989842236042023,1,0.9540951135134577
76561198011856004,0,0.021273106336593628,1,0.9540951135134577
76561199174187038,0,0.005305670667439699,1,0.9540951135134577
76561198024124415,0,0.08437585085630417,1,0.9540951135134577
76561199095052798,0,0.6803309321403503,1,0.9540951135134577
76561199092196597,0,0.01691952906548977,1,0.9540951135134577
76561198023173106,0,0.006988427601754665,1,0.9540951135134577
76561198043043834,0,0.0049943020567297935,1,0.9540951135134577
76561198965361101,0,0.007588264066725969,1,0.9540951135134577
76561199067322613,0,0.010239149443805218,1,0.9540951135134577
76561198082080335,0,0.0037520972546190023,1,0.9540951135134577
76561199182040242,0,0.0049313828349113464,1,0.9540951135134577
76561199184090230,0,0.0038310892414301634,1,0.9540951135134577
76561198864353372,0,0.020322229713201523,1,0.9540951135134577
76561199445659284,0,0.9857944250106812,1,0.9540951135134577
76561199806815479,0,0.005215299781411886,1,0.9540951135134577
76561198872165192,0,0.0047269850037992,1,0.9540951135134577
76561198015478750,0,0.01046118512749672,1,0.9540951135134577
76561198963577000,0,0.4767751693725586,1,0.9540951135134577
76561199022064252,0,0.004017977975308895,1,0.9540951135134577
76561199229031112,0,0.013956641778349876,1,0.9540951135134577
76561199082263419,0,0.005189284682273865,1,0.9540951135134577
76561198071416093,0,0.004663832485675812,1,0.9540951135134577
76561198843570023,0,0.11512856185436249,1,0.9540951135134577
76561198029305653,0,0.22853480279445648,1,0.9540951135134577
76561198104071365,0,0.005897405557334423,1,0.9540951135134577
76561198315574474,0,0.006344678346067667,1,0.9540951135134577
76561198173019854,0,0.30830079317092896,1,0.9540951135134577
76561198796479082,0,0.006469068117439747,1,0.9540951135134577
76561199006457336,0,0.008404978550970554,1,0.9540951135134577
76561199016143881,0,0.8289579153060913,1,0.9540951135134577
76561199401544777,0,0.004271425306797028,1,0.9540951135134577
76561198078386256,0,0.0036731199361383915,1,0.9540951135134577
76561198290771297,0,0.020916378125548363,1,0.9540951135134577
76561198262152995,1,0.9878976941108704,1,0.9540951135134577
76561198890091605,0,0.003667571349069476,1,0.9540951135134577
76561198121909777,0,0.004377778619527817,1,0.9540951135134577
76561198122478671,0,0.7332654595375061,1,0.9540951135134577
76561199164919805,0,0.7343460917472839,1,0.9540951135134577
76561199077016972,0,0.009953014552593231,1,0.9540951135134577
76561198039622631,0,0.007735245395451784,1,0.9540951135134577
76561198186865165,0,0.05448759347200394,1,0.9540951135134577
76561199534004953,0,0.004531840328127146,1,0.9540951135134577
76561199365717011,0,0.003316937480121851,1,0.9540951135134577
76561198000771504,0,0.006929168477654457,1,0.9540951135134577
76561198063805771,0,0.38857558369636536,1,0.9540951135134577
76561197972616749,0,0.0059684449806809425,1,0.9540951135134577
76561198392668049,1,0.9845818877220154,1,0.9540951135134577
76561198384180715,0,0.9837725758552551,1,0.9540951135134577
76561198027667984,0,0.01559574343264103,1,0.9540951135134577
76561198110979281,0,0.005419355817139149,1,0.9540951135134577
76561199125954933,0,0.012810355052351952,1,0.9540951135134577
76561197962070123,0,0.0054951864294707775,1,0.9540951135134577
76561199043028881,0,0.7156071662902832,1,0.9540951135134577
76561199068244351,0,0.006174528039991856,1,0.9540951135134577
76561197998146436,0,0.005380179733037949,1,0.9540951135134577
76561198139559246,0,0.006678044330328703,1,0.9540951135134577
76561198115204915,0,0.005305670667439699,1,0.9540951135134577
76561198388152531,0,0.06817281991243362,1,0.9540951135134577
76561198335022071,0,0.003192092990502715,1,0.9540951135134577
76561198328293325,0,0.0038938994985073805,1,0.9540951135134577
76561199076951431,0,0.0038539317902177572,1,0.9540951135134577
76561199079041358,0,0.005891853477805853,1,0.9540951135134577
76561198372817188,0,0.003575145034119487,1,0.9540951135134577
76561197987847720,0,0.004474310670047998,1,0.9540951135134577
76561198069256335,0,0.00942452996969223,1,0.9540951135134577
76561199509698627,0,0.0036663587670773268,1,0.9540951135134577
76561199493812000,0,0.021022116765379906,1,0.9540951135134577
76561198053838286,0,0.0033705634996294975,1,0.9540951135134577
76561199517133974,0,0.005261560436338186,1,0.9540951135134577
76561198072029871,0,0.004428937565535307,1,0.9540951135134577
76561199132333091,0,0.8196752071380615,1,0.9540951135134577
76561198438351367,0,0.004300451371818781,1,0.9540951135134577
76561199155737739,0,0.005024448502808809,1,0.9540951135134577
76561198100094725,0,0.8603854179382324,1,0.9540951135134577
76561198279817236,0,0.10387206077575684,1,0.9540951135134577
76561199081539052,0,0.003953844308853149,1,0.9540951135134577
76561198276214972,0,0.00389078794978559,1,0.9540951135134577
76561198088181171,0,0.003867928171530366,1,0.9540951135134577
76561198053382234,0,0.0046419003047049046,1,0.9540951135134577
76561198007359653,0,0.005739093292504549,1,0.9540951135134577
76561198203286535,0,0.009617005474865437,1,0.9540951135134577
76561198157972009,0,0.16849291324615479,1,0.9540951135134577
76561198130127647,0,0.003575145034119487,1,0.9540951135134577
76561198006916361,0,0.3542919158935547,1,0.9540951135134577
76561198037956418,0,0.14767895638942719,1,0.9540951135134577
76561199341876917,0,0.003928540274500847,1,0.9540951135134577
76561198086720561,0,0.6139060258865356,1,0.9540951135134577
76561198063119482,0,0.01199769414961338,1,0.9540951135134577
76561198008713574,0,0.0036702395882457495,1,0.9540951135134577
76561197961016971,0,0.04805300757288933,1,0.9540951135134577
76561199007684656,0,0.5742657780647278,1,0.9540951135134577
76561199679162852,0,0.898680567741394,1,0.9540951135134577
76561199240313704,0,0.0035751943942159414,1,0.9540951135134577
76561199099438951,1,0.9874346852302551,1,0.9540951135134577
76561199120671269,0,0.009046838618814945,1,0.9540951135134577
76561198332859620,0,0.007073253393173218,1,0.9540951135134577
76561199014660357,0,0.004155649337917566,1,0.9540951135134577
76561199410395633,0,0.012178841978311539,1,0.9540951135134577
76561198000836116,0,0.013787023723125458,1,0.9540951135134577
76561198442006905,0,0.005942624062299728,1,0.9540951135134577
76561198197569658,0,0.0048844460397958755,1,0.9540951135134577
76561198162985140,0,0.032476842403411865,1,0.9540951135134577
76561199135362895,0,0.003575145034119487,1,0.9540951135134577
76561198223089856,0,0.003330920822918415,1,0.9540951135134577
76561198078225264,0,0.10358007997274399,1,0.9540951135134577
76561199479523175,0,0.003575145034119487,1,0.9540951135134577
76561199085432658,0,0.9459859728813171,1,0.9540951135134577
76561199032045500,0,0.0052199228666722775,1,0.9540951135134577
76561198003575603,0,0.01017708145081997,1,0.9540951135134577
76561199105226880,0,0.004511475563049316,1,0.9540951135134577
76561198070071399,0,0.005319057963788509,1,0.9540951135134577
76561198356874454,0,0.5029351711273193,1,0.9540951135134577
76561198343263194,0,0.003575145034119487,1,0.9540951135134577
76561199239900947,0,0.003272166009992361,1,0.9540951135134577
76561199011119880,0,0.006974398624151945,1,0.9540951135134577
76561198327136014,0,0.012213584966957569,1,0.9540951135134577
76561198136219483,0,0.19667650759220123,1,0.9540951135134577
76561198989832642,0,0.005666201934218407,1,0.9540951135134577
76561198091938761,0,0.019730009138584137,1,0.9540951135134577
76561199169534803,0,0.3848707675933838,1,0.9540951135134577
76561198239127246,0,0.004451395943760872,1,0.9540951135134577
76561198007836882,0,0.06261159479618073,1,0.9540951135134577
76561198318550563,0,0.004549116361886263,1,0.9540951135134577
76561199100389873,0,0.005996815860271454,1,0.9540951135134577
76561199539813202,0,0.0049052475951612,1,0.9540951135134577
76561198203332629,0,0.11178266257047653,1,0.9540951135134577
76561198856592748,0,0.005513740703463554,1,0.9540951135134577
76561199119117685,0,0.004044897388666868,1,0.9540951135134577
76561198863498249,0,0.14730748534202576,1,0.9540951135134577
76561198352900953,0,0.009810599498450756,1,0.9540951135134577
76561198865370074,0,0.024623136967420578,1,0.9540951135134577
76561198879413288,0,0.003862314159050584,1,0.9540951135134577
76561198841433158,0,0.004905024077743292,1,0.9540951135134577
76561198996423094,0,0.0077633121982216835,1,0.9540951135134577
76561198130697729,0,0.011334853246808052,1,0.9540951135134577
76561198830732292,0,0.9284070730209351,1,0.9540951135134577
76561198022060850,0,0.0036374519113451242,1,0.9540951135134577
76561199225658720,0,0.0033320561051368713,1,0.9540951135134577
76561199065058536,0,0.02145995944738388,1,0.9540951135134577
76561198119650305,0,0.005812311079353094,1,0.9540951135134577
76561199168416664,1,0.4596726894378662,1,0.9540951135134577
76561198195299878,0,0.00598555663600564,1,0.9540951135134577
76561199192222947,1,0.9732381105422974,1,0.9540951135134577
76561199064907676,0,0.003301869612187147,1,0.9540951135134577
76561198046871294,0,0.3540927767753601,1,0.9540951135134577
76561198080404923,0,0.005033546127378941,1,0.9540951135134577
76561198353873773,0,0.006632951088249683,1,0.9540951135134577
76561198847961807,0,0.00376997422426939,1,0.9540951135134577
76561197976526834,0,0.12595869600772858,1,0.9540951135134577
76561198125507162,0,0.040182583034038544,1,0.9540951135134577
76561199527942420,0,0.003192092990502715,1,0.9540951135134577
76561198301622243,0,0.008223566226661205,1,0.9540951135134577
76561198405698317,0,0.0032869484275579453,1,0.9540951135134577
76561198359912754,0,0.017074894160032272,1,0.9540951135134577
76561198148211149,0,0.004465044476091862,1,0.9540951135134577
76561199041493996,0,0.003354554297402501,1,0.9540951135134577
76561197976910164,0,0.004743213765323162,1,0.9540951135134577
76561198395740795,0,0.012473072856664658,1,0.9540951135134577
76561199060941596,0,0.04797288775444031,1,0.9540951135134577
76561199519677540,0,0.009253750555217266,1,0.9540951135134577
76561199093130259,0,0.00731501542031765,1,0.9540951135134577
76561198346169854,0,0.004039673134684563,1,0.9540951135134577
76561198960001409,0,0.009054497815668583,1,0.9540951135134577
76561198145177538,0,0.006845005787909031,1,0.9540951135134577
76561198124303767,0,0.003904452547430992,1,0.9540951135134577
76561197972358087,0,0.004491372965276241,1,0.9540951135134577
76561198126803764,0,0.0037625066470354795,1,0.9540951135134577
76561198086838476,0,0.0033802955877035856,1,0.9540951135134577
76561198040949623,0,0.003597586415708065,1,0.9540951135134577
76561198806444049,0,0.004789970349520445,1,0.9540951135134577
76561198052845748,0,0.010270710103213787,1,0.9540951135134577
76561198395728619,0,0.08586091548204422,1,0.9540951135134577
76561199167309693,0,0.012848147191107273,1,0.9540951135134577
76561199013814118,0,0.003575145034119487,1,0.9540951135134577
76561199151739042,1,0.48375403881073,1,0.9540951135134577
76561199620174848,0,0.0039896285161376,1,0.9540951135134577
76561199349475835,0,0.004295005463063717,1,0.9540951135134577
76561198052998098,0,0.004459619987756014,1,0.9540951135134577
76561198065956251,1,0.5637405514717102,1,0.9540951135134577
76561197987307911,0,0.10832054913043976,1,0.9540951135134577
76561198104647640,0,0.007466111797839403,1,0.9540951135134577
76561198799712187,1,0.9868791699409485,1,0.9540951135134577
76561198444742154,0,0.985709547996521,1,0.9540951135134577
76561197995208403,0,0.15505088865756989,1,0.9540951135134577
76561198820614270,0,0.7407019138336182,1,0.9540951135134577
76561198087207318,0,0.019999247044324875,1,0.9540951135134577
76561198059025916,0,0.0035751943942159414,1,0.9540951135134577
76561198042701465,0,0.011434169486165047,1,0.9540951135134577
76561198850112258,0,0.005337432958185673,1,0.9540951135134577
76561198054414294,0,0.0063181533478200436,1,0.9540951135134577
76561198103378948,0,0.004655326716601849,1,0.9540951135134577
76561198880770937,0,0.012181710451841354,1,0.9540951135134577
76561199465889150,1,0.9610519409179688,1,0.9540951135134577
76561198051643234,0,0.005442910827696323,1,0.9540951135134577
76561198452344203,0,0.0059938691556453705,1,0.9540951135134577
76561198005746433,0,0.004183316137641668,1,0.9540951135134577
76561199465875949,0,0.004448244348168373,1,0.9540951135134577
76561199384017234,0,0.0037230809684842825,1,0.9540951135134577
76561199364497938,0,0.003491136245429516,1,0.9540951135134577
76561198351119236,0,0.05390603467822075,1,0.9540951135134577
76561197997829082,0,0.050175659358501434,1,0.9540951135134577
76561197998780502,0,0.0941530391573906,1,0.9540951135134577
76561198249947786,0,0.03388911858201027,1,0.9540951135134577
76561198257011803,0,0.010063344612717628,1,0.9540951135134577
76561198344110076,0,0.003913146909326315,1,0.9540951135134577
76561199232128212,0,0.005442910827696323,1,0.9540951135134577
76561198968759514,0,0.008449486456811428,1,0.9540951135134577
76561199567722023,0,0.650416374206543,1,0.9540951135134577
76561198163460017,0,0.8626936674118042,1,0.9540951135134577
76561198415432151,0,0.005781273823231459,1,0.9540951135134577
76561198031509263,0,0.010836577974259853,1,0.9540951135134577
76561197998727958,0,0.8686657547950745,1,0.9540951135134577
76561198162605838,0,0.974499523639679,1,0.9540951135134577
76561198028835715,1,0.9841503500938416,1,0.9540951135134577
76561198092022607,0,0.03300625830888748,1,0.9540951135134577
76561199128686716,0,0.0032205628231167793,1,0.9540951135134577
76561198277201356,0,0.03784751519560814,1,0.9540951135134577
76561199298524853,0,0.9880005717277527,1,0.9540951135134577
76561198271437164,0,0.0065311165526509285,1,0.9540951135134577
76561199101695140,0,0.0054511381313204765,1,0.9540951135134577
76561199577892453,0,0.025430014356970787,1,0.9540951135134577
76561198858537604,0,0.008673291653394699,1,0.9540951135134577
76561198344686365,0,0.004814013838768005,1,0.9540951135134577
76561198207763137,0,0.013327055610716343,1,0.9540951135134577
76561198895033335,0,0.003926767967641354,1,0.9540951135134577
76561198069273596,0,0.27444493770599365,1,0.9540951135134577
76561198148408237,0,0.004406277555972338,1,0.9540951135134577
76561198078390393,0,0.00602387310937047,1,0.9540951135134577
76561198137682990,0,0.6704236268997192,1,0.9540951135134577
76561197994288116,0,0.007895591668784618,1,0.9540951135134577
76561199153811512,1,0.9868932962417603,1,0.9540951135134577
76561198071692358,0,0.008068500086665154,1,0.9540951135134577
76561199095835535,1,0.9897364377975464,1,0.9540951135134577
76561198291830504,0,0.009706477634608746,1,0.9540951135134577
76561199221811415,0,0.0874587818980217,1,0.9540951135134577
76561199106228634,0,0.020723838359117508,1,0.9540951135134577
76561199043580545,0,0.03896428272128105,1,0.9540951135134577
76561199137996602,0,0.004878030624240637,1,0.9540951135134577
76561198022245481,0,0.004850886762142181,1,0.9540951135134577
76561198140186573,0,0.949998676776886,1,0.9540951135134577
76561199375681840,0,0.008460046723484993,1,0.9540951135134577
76561198116675493,0,0.004033051896840334,1,0.9540951135134577
76561199187672454,0,0.008238274604082108,1,0.9540951135134577
76561199263435867,0,0.004292165394872427,1,0.9540951135134577
76561199529521101,0,0.003525195177644491,1,0.9540951135134577
76561199098477473,0,0.0040849861688911915,1,0.9540951135134577
76561198014534802,0,0.004479594063013792,1,0.9540951135134577
76561199473217669,0,0.008372231386601925,1,0.9540951135134577
76561199205047784,0,0.1411486268043518,1,0.9540951135134577
76561199109822826,0,0.006097686011344194,1,0.9540951135134577
76561199207886101,0,0.003895675763487816,1,0.9540951135134577
76561199026963643,0,0.9807096719741821,1,0.9540951135134577
76561199160013355,0,0.005436650011688471,1,0.9540951135134577
76561198859903256,0,0.006183084100484848,1,0.9540951135134577
76561198090236599,0,0.013628063723444939,1,0.9540951135134577
76561198075127039,0,0.006246176548302174,1,0.9540951135134577
76561198124476191,0,0.004158444702625275,1,0.9540951135134577
76561197992617645,0,0.005625181831419468,1,0.9540951135134577
76561198367510460,0,0.00457861740142107,1,0.9540951135134577
76561198015958731,0,0.0038041977677494287,1,0.9540951135134577
76561198178951287,0,0.02162993513047695,1,0.9540951135134577
76561199546157866,0,0.008362161926925182,1,0.9540951135134577
76561198396351874,0,0.003426140872761607,1,0.9540951135134577
76561198870822791,0,0.9772671461105347,1,0.9540951135134577
76561198305008182,0,0.004512970335781574,1,0.9540951135134577
76561199524230731,0,0.0067766569554805756,1,0.9540951135134577
76561199583304693,0,0.004480654839426279,1,0.9540951135134577
76561198983258476,0,0.005346259567886591,1,0.9540951135134577
76561199349204777,0,0.003732433309778571,1,0.9540951135134577
76561199140085682,0,0.008127633482217789,1,0.9540951135134577
76561198237300644,0,0.49471548199653625,1,0.9540951135134577
76561198340795589,0,0.007073336746543646,1,0.9540951135134577
76561199371406808,0,0.006821518763899803,1,0.9540951135134577
76561198193288386,0,0.005021688062697649,1,0.9540951135134577
76561198043513426,0,0.0034383961465209723,1,0.9540951135134577
76561199234977862,0,0.009070354513823986,1,0.9540951135134577
76561198239988662,0,0.010249385610222816,1,0.9540951135134577
76561199148333915,0,0.01169867068529129,1,0.9540951135134577
76561198800892242,0,0.023386279121041298,1,0.9540951135134577
76561198029965262,0,0.008139031939208508,1,0.9540951135134577
76561199186544646,0,0.005984112154692411,1,0.9540951135134577
76561199122087428,0,0.011185054667294025,1,0.9540951135134577
76561199193189930,0,0.005756061058491468,1,0.9540951135134577
76561198426364996,0,0.9726654291152954,1,0.9540951135134577
76561198083394055,0,0.8311038017272949,1,0.9540951135134577
76561197999488340,0,0.004949646070599556,1,0.9540951135134577
76561198076755019,0,0.025252893567085266,1,0.9540951135134577
76561197972949292,0,0.596278727054596,1,0.9540951135134577
76561198092868952,0,0.004654694814234972,1,0.9540951135134577
76561199078408910,0,0.004872977267950773,1,0.9540951135134577
76561198388876339,1,0.9637691378593445,1,0.9540951135134577
76561198357604252,0,0.010772131383419037,1,0.9540951135134577
76561199113950570,0,0.003564391518011689,1,0.9540951135134577
76561199190630289,0,0.004180063959211111,1,0.9540951135134577
76561198096231176,0,0.3011283278465271,1,0.9540951135134577
76561198312347739,0,0.005062853917479515,1,0.9540951135134577
76561197969327505,0,0.06844941526651382,1,0.9540951135134577
76561199090630748,0,0.005305670667439699,1,0.9540951135134577
76561198282628548,1,0.9753811955451965,1,0.9540951135134577
76561198320387146,0,0.005015735514461994,1,0.9540951135134577
76561199130678062,0,0.960245668888092,1,0.9540951135134577
76561199692707893,0,0.0073003098368644714,1,0.9540951135134577
76561198065155494,0,0.019306892529129982,1,0.9540951135134577
76561198030730832,0,0.5103256106376648,1,0.9540951135134577
76561198045556147,0,0.7183862924575806,1,0.9540951135134577
76561197997979768,0,0.043745044618844986,1,0.9540951135134577
76561198080610825,0,0.008375572971999645,1,0.9540951135134577
76561199396396131,1,0.9796736836433411,1,0.9540951135134577
76561198038780566,0,0.03007340431213379,1,0.9540951135134577
76561197997459961,0,0.022006163373589516,1,0.9540951135134577
76561199095743591,0,0.004630311392247677,1,0.9540951135134577
76561199522561485,0,0.00424927519634366,1,0.9540951135134577
76561198047024433,0,0.006870786193758249,1,0.9540951135134577
76561198041865647,0,0.9673643112182617,1,0.9540951135134577
76561198006514415,0,0.007423069328069687,1,0.9540951135134577
76561198083175375,0,0.0037874288391321898,1,0.9540951135134577
76561198409467726,0,0.033737875521183014,1,0.9540951135134577
76561199059593642,0,0.977060079574585,1,0.9540951135134577
76561198233893764,0,0.005663236603140831,1,0.9540951135134577
76561198829980621,0,0.0049469927325844765,1,0.9540951135134577
76561198277450183,0,0.020137449726462364,1,0.9540951135134577
76561199121956400,1,0.9420720338821411,1,0.9540951135134577
76561198103170239,0,0.00413269829005003,1,0.9540951135134577
76561197999829705,0,0.014068865217268467,1,0.9540951135134577
76561198138888977,0,0.9815660715103149,1,0.9540951135134577
76561199160269734,0,0.006855341140180826,1,0.9540951135134577
76561199084809903,0,0.015592711977660656,1,0.9540951135134577
76561197964193542,0,0.008004107512533665,1,0.9540951135134577
76561198183799469,0,0.02042832039296627,1,0.9540951135134577
76561198104927317,0,0.0077603780664503574,1,0.9540951135134577
76561198380342668,0,0.9382144212722778,1,0.9540951135134577
76561198844894325,0,0.0045659421011805534,1,0.9540951135134577
76561198046970380,0,0.04140421003103256,1,0.9540951135134577
76561198959754528,0,0.013571747578680515,1,0.9540951135134577
76561199081684991,0,0.04136284813284874,1,0.9540951135134577
76561199137212513,0,0.004734625108540058,1,0.9540951135134577
76561198327750077,0,0.005305670667439699,1,0.9540951135134577
76561198966920565,0,0.003192092990502715,1,0.9540951135134577
76561198154176931,0,0.002955178963020444,1,0.9540951135134577
76561199609191368,0,0.008530535735189915,1,0.9540951135134577
76561199171318544,0,0.0038766921497881413,1,0.9540951135134577
76561199015225950,0,0.00921169389039278,1,0.9540951135134577
76561198321706820,0,0.006536415778100491,1,0.9540951135134577
76561198963274471,0,0.02365296334028244,1,0.9540951135134577
76561199209049381,0,0.007494302000850439,1,0.9540951135134577
76561199070249331,0,0.004781088791787624,1,0.9540951135134577
76561198148910669,0,0.008005636744201183,1,0.9540951135134577
76561198208470645,0,0.13556089997291565,1,0.9540951135134577
76561197966466508,0,0.013538777828216553,1,0.9540951135134577
76561198968559481,0,0.02616308256983757,1,0.9540951135134577
76561199503591090,0,0.003729102900251746,1,0.9540951135134577
76561198115245542,0,0.006609102711081505,1,0.9540951135134577
76561198137457956,0,0.037695370614528656,1,0.9540951135134577
76561198158661762,0,0.00982018280774355,1,0.9540951135134577
76561198026523958,0,0.004746179562062025,1,0.9540951135134577
76561198209982924,0,0.013582833111286163,1,0.9540951135134577
76561198158538656,0,0.00923210196197033,1,0.9540951135134577
76561198873673333,0,0.02330937795341015,1,0.9540951135134577
76561198836012965,0,0.00524594122543931,1,0.9540951135134577
76561199062970681,0,0.0048790122382342815,1,0.9540951135134577
76561198131489981,0,0.004518955480307341,1,0.9540951135134577
76561198049107167,0,0.9532777667045593,1,0.9540951135134577
76561198100634126,1,0.9720510244369507,1,0.9540951135134577
76561198992490359,0,0.005055681336671114,1,0.9540951135134577
76561198014582532,0,0.44737961888313293,1,0.9540951135134577
76561199173806521,0,0.0036774533800780773,1,0.9540951135134577
76561198867857025,0,0.004291104152798653,1,0.9540951135134577
76561199036283918,0,0.00314659858122468,1,0.9540951135134577
76561199125819331,0,0.004533236380666494,1,0.9540951135134577
76561198068154156,0,0.004760711919516325,1,0.9540951135134577
76561198128767613,0,0.3087870478630066,1,0.9540951135134577
76561199069316308,0,0.016231819987297058,1,0.9540951135134577
76561198327972973,0,0.007833747193217278,1,0.9540951135134577
76561199073036365,0,0.004841295536607504,1,0.9540951135134577
76561199020345080,0,0.003559843637049198,1,0.9540951135134577
76561198403600858,0,0.004312488716095686,1,0.9540951135134577
76561198012620785,0,0.013015588745474815,1,0.9540951135134577
76561198171496870,0,0.0036398146767169237,1,0.9540951135134577
76561198991678302,0,0.44171908497810364,1,0.9540951135134577
76561199086239997,0,0.2076696902513504,1,0.9540951135134577
76561198056210964,0,0.37583252787590027,1,0.9540951135134577
76561198825025061,0,0.00489700585603714,1,0.9540951135134577
76561199548278263,0,0.003826991654932499,1,0.9540951135134577
76561198861567767,0,0.007900195196270943,1,0.9540951135134577
76561198074138844,0,0.059113431721925735,1,0.9540951135134577
76561199405002067,0,0.00609173346310854,1,0.9540951135134577
76561197970918619,1,0.6384841203689575,1,0.9540951135134577
76561198092275835,0,0.003997129388153553,1,0.9540951135134577
76561199242606013,0,0.08127947151660919,1,0.9540951135134577
76561199220464822,0,0.030638812109827995,1,0.9540951135134577
76561198130854717,0,0.12682770192623138,1,0.9540951135134577
76561199200474445,0,0.004244099371135235,1,0.9540951135134577
76561198321782478,0,0.9431144595146179,1,0.9540951135134577
76561198291890873,0,0.0069766114465892315,1,0.9540951135134577
76561198080973113,0,0.003708183066919446,1,0.9540951135134577
76561198801651159,0,0.03620855510234833,1,0.9540951135134577
76561198067865050,0,0.008247463032603264,1,0.9540951135134577
76561198362641046,0,0.08493920415639877,1,0.9540951135134577
76561198992008616,0,0.004421402234584093,1,0.9540951135134577
76561198800654245,0,0.023744987323880196,1,0.9540951135134577
76561199168283981,0,0.0032869484275579453,1,0.9540951135134577
76561198133995403,0,0.006470539607107639,1,0.9540951135134577
76561199086459924,0,0.17567940056324005,1,0.9540951135134577
76561198327769593,0,0.007501899264752865,1,0.9540951135134577
76561198872330186,0,0.008693359792232513,1,0.9540951135134577
76561198282851380,0,0.13056044280529022,1,0.9540951135134577
76561198054828932,0,0.006416947580873966,1,0.9540951135134577
76561198369729845,0,0.005121189635246992,1,0.9540951135134577
76561198194460174,0,0.00678282929584384,1,0.9540951135134577
76561199566548553,0,0.0033393343910574913,1,0.9540951135134577
76561198028733151,0,0.0054598161950707436,1,0.9540951135134577
76561198086827946,0,0.20737852156162262,1,0.9540951135134577
76561198970586540,0,0.0322013720870018,1,0.9540951135134577
76561198141398799,0,0.005229094997048378,1,0.9540951135134577
76561198039328556,0,0.008829968050122261,1,0.9540951135134577
76561198930513041,0,0.004679585341364145,1,0.9540951135134577
76561199088286324,0,0.8765138983726501,1,0.9540951135134577
76561198246322250,0,0.004857071675360203,1,0.9540951135134577
76561198040660165,0,0.006378566846251488,1,0.9540951135134577
76561198219912321,0,0.006364381872117519,1,0.9540951135134577
76561198129085163,0,0.003575145034119487,1,0.9540951135134577
76561199396202411,0,0.003575145034119487,1,0.9540951135134577
76561198121589679,0,0.004402128979563713,1,0.9540951135134577
76561198051587730,0,0.003659356152638793,1,0.9540951135134577
76561199233922100,0,0.8547642827033997,1,0.9540951135134577
76561198304218963,0,0.007670584134757519,1,0.9540951135134577
76561199010299502,0,0.00394630990922451,1,0.9540951135134577
76561199480672821,0,0.007224030792713165,1,0.9540951135134577
76561197961858877,0,0.0072122965939342976,1,0.9540951135134577
76561198004534465,0,0.10124426335096359,1,0.9540951135134577
76561198974400760,0,0.004957616329193115,1,0.9540951135134577
76561198094633793,0,0.4321962594985962,1,0.9540951135134577
76561197993402439,0,0.027689140290021896,1,0.9540951135134577
76561198339032814,0,0.0048500425182282925,1,0.9540951135134577
76561199063506548,0,0.005683260038495064,1,0.9540951135134577
76561198007176609,0,0.008598865941166878,1,0.9540951135134577
76561198109587670,0,0.008874132297933102,1,0.9540951135134577
76561198086681912,0,0.009796096943318844,1,0.9540951135134577
76561198300040145,0,0.01876235567033291,1,0.9540951135134577
76561199018630820,0,0.00431070988997817,1,0.9540951135134577
76561199525384613,0,0.006777601316571236,1,0.9540951135134577
76561198149196539,0,0.0036148023791611195,1,0.9540951135134577
76561198056208216,0,0.0036132673267275095,1,0.9540951135134577
76561198017284173,0,0.007741781882941723,1,0.9540951135134577
76561198195309438,0,0.01017027162015438,1,0.9540951135134577
76561198135969056,0,0.005734768696129322,1,0.9540951135134577
76561198044859832,0,0.006260895170271397,1,0.9540951135134577
76561198420454856,0,0.007124278228729963,1,0.9540951135134577
76561199667405734,0,0.006101806182414293,1,0.9540951135134577
76561198426284526,0,0.01478365808725357,1,0.9540951135134577
76561198328677759,0,0.006975256372243166,1,0.9540951135134577
76561198298054901,0,0.006888515315949917,1,0.9540951135134577
76561199386275978,0,0.00789899192750454,1,0.9540951135134577
76561199103232994,0,0.003575145034119487,1,0.9540951135134577
76561199484074549,0,0.4085097312927246,1,0.9540951135134577
76561199178017240,0,0.011908411048352718,1,0.9540951135134577
76561198008907444,0,0.00376997422426939,1,0.9540951135134577
76561198089235262,0,0.004434691276401281,1,0.9540951135134577
76561198172577741,0,0.005809228401631117,1,0.9540951135134577
76561198050151583,0,0.004481219220906496,1,0.9540951135134577
76561198132503597,0,0.004863109439611435,1,0.9540951135134577
76561198239197688,0,0.8999714851379395,1,0.9540951135134577
76561198117420614,0,0.004761536605656147,1,0.9540951135134577
76561198014015292,0,0.006037017796188593,1,0.9540951135134577
76561198202713148,0,0.17226126790046692,1,0.9540951135134577
76561198280587816,0,0.9878502488136292,1,0.9540951135134577
76561198044490841,0,0.028321921825408936,1,0.9540951135134577
76561198210223381,0,0.007362067699432373,1,0.9540951135134577
76561198326768429,0,0.008106452412903309,1,0.9540951135134577
76561198082707821,0,0.8535033464431763,1,0.9540951135134577
76561199229569618,1,0.9838724732398987,1,0.9540951135134577
76561198354871778,0,0.005005978979170322,1,0.9540951135134577
76561198077503393,0,0.014555429108440876,1,0.9540951135134577
76561198302268661,1,0.8515172600746155,1,0.9540951135134577
76561198844557370,1,0.9894658327102661,1,0.9540951135134577
76561198201033895,0,0.013262244872748852,1,0.9540951135134577
76561199387904737,0,0.00406049657613039,1,0.9540951135134577
76561199220078226,0,0.005305670667439699,1,0.9540951135134577
76561198394726644,0,0.9763185381889343,1,0.9540951135134577
76561199163358156,0,0.0037592051085084677,1,0.9540951135134577
76561198076381614,0,0.00408796314150095,1,0.9540951135134577
76561198119671804,0,0.9762944579124451,1,0.9540951135134577
76561198057911723,0,0.7936356067657471,1,0.9540951135134577
76561198078381221,0,0.944421112537384,1,0.9540951135134577
76561198330575566,0,0.0193974319845438,1,0.9540951135134577
76561198354380802,0,0.0036001871339976788,1,0.9540951135134577
76561198149544499,0,0.8419921398162842,1,0.9540951135134577
76561198897034662,0,0.6809372901916504,1,0.9540951135134577
76561198026916181,0,0.0035470915026962757,1,0.9540951135134577
76561198006684717,0,0.029826238751411438,1,0.9540951135134577
76561199120058226,0,0.0037681711837649345,1,0.9540951135134577
76561198874979824,0,0.1403304934501648,1,0.9540951135134577
76561198053529992,0,0.9833112955093384,1,0.9540951135134577
76561198083076232,0,0.13364888727664948,1,0.9540951135134577
76561198409118828,0,0.00444156164303422,1,0.9540951135134577
76561199259891910,0,0.0044439262710511684,1,0.9540951135134577
76561199124828256,0,0.005731300916522741,1,0.9540951135134577
76561198161362578,0,0.23336678743362427,1,0.9540951135134577
76561199467196834,0,0.006928722374141216,1,0.9540951135134577
76561198872325568,0,0.00413269829005003,1,0.9540951135134577
76561199105423893,0,0.07303816080093384,1,0.9540951135134577
76561199062265923,0,0.004162344615906477,1,0.9540951135134577
76561199039770250,0,0.004824311938136816,1,0.9540951135134577
76561198076597125,0,0.0050169117748737335,1,0.9540951135134577
76561198007371177,0,0.020077519118785858,1,0.9540951135134577
76561198799681177,0,0.027068594470620155,1,0.9540951135134577
76561198067053341,0,0.006251479499042034,1,0.9540951135134577
76561199066826513,0,0.003862314159050584,1,0.9540951135134577
76561198130796623,0,0.0040120878256857395,1,0.9540951135134577
76561199199761754,0,0.010193993337452412,1,0.9540951135134577
76561198050433232,0,0.02589559182524681,1,0.9540951135134577
76561198329952998,0,0.005011363886296749,1,0.9540951135134577
76561198111009752,1,0.9603137969970703,1,0.9540951135134577
76561198044490409,0,0.897191047668457,1,0.9540951135134577
76561198271762092,0,0.0066866627894341946,1,0.9540951135134577
76561198985310930,0,0.4997745454311371,1,0.9540951135134577
76561199526535357,0,0.003192092990502715,1,0.9540951135134577
76561198133723830,0,0.007007909007370472,1,0.9540951135134577
76561198413989581,0,0.005408331286162138,1,0.9540951135134577
76561198424201641,0,0.0181743111461401,1,0.9540951135134577
76561198133320467,0,0.008168069645762444,1,0.9540951135134577
76561199539259900,0,0.005883438512682915,1,0.9540951135134577
76561199182400888,0,0.004753949586302042,1,0.9540951135134577
76561198196626731,0,0.9401126503944397,1,0.9540951135134577
76561197975347871,0,0.6874560117721558,1,0.9540951135134577
76561198078043603,0,0.003213238902390003,1,0.9540951135134577
76561198086237905,0,0.004001951776444912,1,0.9540951135134577
76561198003031545,0,0.004938704892992973,1,0.9540951135134577
76561198066031695,0,0.00586173590272665,1,0.9540951135134577
76561199502687251,0,0.007556579541414976,1,0.9540951135134577
76561198447396223,0,0.00603072065860033,1,0.9540951135134577
76561197970112934,0,0.009167980402708054,1,0.9540951135134577
76561199053725662,0,0.003797061275690794,1,0.9540951135134577
76561198007383349,0,0.9764752388000488,1,0.9540951135134577
76561199276152115,0,0.02292509377002716,1,0.9540951135134577
76561198043928418,0,0.11046493053436279,1,0.9540951135134577
76561198284201514,0,0.0032869484275579453,1,0.9540951135134577
76561198010880647,0,0.003153327153995633,1,0.9540951135134577
76561198006644824,0,0.003333000000566244,1,0.9540951135134577
76561198032489192,0,0.006644378416240215,1,0.9540951135134577
76561198210405773,0,0.012028813362121582,1,0.9540951135134577
76561199344390127,0,0.006913534831255674,1,0.9540951135134577
76561199218990930,0,0.005323007237166166,1,0.9540951135134577
76561198804620571,0,0.005479838233441114,1,0.9540951135134577
76561198149659457,1,0.9872676730155945,1,0.9540951135134577
76561198999418924,0,0.645923376083374,1,0.9540951135134577
76561198859128109,0,0.003755974117666483,1,0.9540951135134577
76561198319596456,0,0.02006719261407852,1,0.9540951135134577
76561199331113888,0,0.004471138585358858,1,0.9540951135134577
76561198150521585,0,0.003887976286932826,1,0.9540951135134577
76561198114904134,0,0.00461910804733634,1,0.9540951135134577
76561198066235573,0,0.0037588190753012896,1,0.9540951135134577
76561199751562635,0,0.007897034287452698,1,0.9540951135134577
76561199402173062,0,0.825337290763855,1,0.9540951135134577
76561198434722937,0,0.005507398396730423,1,0.9540951135134577
76561198360628337,0,0.011517059057950974,1,0.9540951135134577
76561199011230114,0,0.0032869484275579453,1,0.9540951135134577
76561198035726113,0,0.0035751943942159414,1,0.9540951135134577
76561199069817795,0,0.003611648455262184,1,0.9540951135134577
76561198278396187,0,0.008142368867993355,1,0.9540951135134577
76561197974971714,0,0.003870423650369048,1,0.9540951135134577
76561198082949723,0,0.003757037688046694,1,0.9540951135134577
76561198085147986,0,0.9739056825637817,1,0.9540951135134577
76561199013515332,0,0.003575145034119487,1,0.9540951135134577
76561198981958200,0,0.006404992658644915,1,0.9540951135134577
76561198064996768,0,0.006702024955302477,1,0.9540951135134577
76561198797671884,0,0.003970106597989798,1,0.9540951135134577
76561197995946797,0,0.0057456111535429955,1,0.9540951135134577
76561199006598638,0,0.008307091891765594,1,0.9540951135134577
76561198302078164,0,0.052058037370443344,1,0.9540951135134577
76561198017019225,0,0.08417961746454239,1,0.9540951135134577
76561199008150091,0,0.010743723250925541,1,0.9540951135134577
76561199084903061,0,0.004059505648910999,1,0.9540951135134577
76561198011900655,0,0.9301891922950745,1,0.9540951135134577
76561197971333775,0,0.19991423189640045,1,0.9540951135134577
76561198280984833,1,0.9206144213676453,1,0.9540951135134577
76561198974205316,0,0.005486253183335066,1,0.9540951135134577
76561198263493572,0,0.010548224672675133,1,0.9540951135134577
76561198375546851,0,0.003180829109624028,1,0.9540951135134577
76561198280708909,0,0.9441535472869873,1,0.9540951135134577
76561198221177632,0,0.8744369149208069,1,0.9540951135134577
76561198050294963,0,0.00701716635376215,1,0.9540951135134577
76561198389818543,0,0.01367366872727871,1,0.9540951135134577
76561198152626829,0,0.00773724727332592,1,0.9540951135134577
76561198032446438,0,0.005468273535370827,1,0.9540951135134577
76561198044388426,0,0.0044564856216311455,1,0.9540951135134577
76561198928683675,0,0.013710670173168182,1,0.9540951135134577
76561199125960083,0,0.007133515551686287,1,0.9540951135134577
76561198051625711,0,0.006202576216310263,1,0.9540951135134577
76561199139121739,0,0.004708915948867798,1,0.9540951135134577
76561198013978188,0,0.006220785900950432,1,0.9540951135134577
76561198139423649,0,0.004857445135712624,1,0.9540951135134577
76561197974977972,0,0.0035855730529874563,1,0.9540951135134577
76561198279688673,0,0.005514412187039852,1,0.9540951135134577
76561198261380082,0,0.008889872580766678,1,0.9540951135134577
76561198043093456,0,0.005409526638686657,1,0.9540951135134577
76561198844193749,0,0.00396390724927187,1,0.9540951135134577
76561199242258049,0,0.008569900877773762,1,0.9540951135134577
76561199149801563,1,0.905969500541687,1,0.9540951135134577
76561199174998735,0,0.00376581447198987,1,0.9540951135134577
76561198279481656,0,0.006804324220865965,1,0.9540951135134577
76561198089654813,0,0.08401906490325928,1,0.9540951135134577
76561198442793022,0,0.0122776934877038,1,0.9540951135134577
76561199588160374,0,0.8419293761253357,1,0.9540951135134577
76561198874960806,0,0.0047204140573740005,1,0.9540951135134577
76561198319504867,0,0.016087885946035385,1,0.9540951135134577
76561199041081954,0,0.9224454164505005,1,0.9540951135134577
76561197992658163,0,0.11096357554197311,1,0.9540951135134577
76561198130890638,0,0.00594268599525094,1,0.9540951135134577
76561198325411957,0,0.00416781147941947,1,0.9540951135134577
76561199003659553,0,0.14071932435035706,1,0.9540951135134577
76561198149017442,0,0.006678044330328703,1,0.9540951135134577
76561199655278090,0,0.0037140415515750647,1,0.9540951135134577
76561198112290828,0,0.05960916355252266,1,0.9540951135134577
76561198201323859,0,0.018363071605563164,1,0.9540951135134577
76561198820999881,0,0.8804827928543091,1,0.9540951135134577
76561198231732676,0,0.18050412833690643,1,0.9540951135134577
76561199046058681,0,0.005784182343631983,1,0.9540951135134577
76561198830592254,0,0.013961907476186752,1,0.9540951135134577
76561198043402671,0,0.003803014289587736,1,0.9540951135134577
76561198042857346,0,0.004051575902849436,1,0.9540951135134577
76561198977120480,0,0.008367996662855148,1,0.9540951135134577
76561198844733674,0,0.05843491107225418,1,0.9540951135134577
76561198072022733,0,0.5583609938621521,1,0.9540951135134577
76561198049874807,0,0.004672517068684101,1,0.9540951135134577
76561198355045816,0,0.003544769948348403,1,0.9540951135134577
76561199184886388,0,0.08128613233566284,1,0.9540951135134577
76561199033388506,0,0.9877025485038757,1,0.9540951135134577
76561198210811743,1,0.9885725975036621,1,0.9540951135134577
76561199157168180,0,0.0034509773831814528,1,0.9540951135134577
76561198144805167,0,0.004414849448949099,1,0.9540951135134577
76561198185281931,0,0.003696860047057271,1,0.9540951135134577
76561198021123218,0,0.004746632184833288,1,0.9540951135134577
76561198992485505,0,0.003908625338226557,1,0.9540951135134577
76561198015860328,0,0.005658862181007862,1,0.9540951135134577
76561198080196910,0,0.003972273785620928,1,0.9540951135134577
76561199674882419,0,0.0070906346663832664,1,0.9540951135134577
76561199289796492,0,0.027680838480591774,1,0.9540951135134577
76561198241899998,0,0.003491136245429516,1,0.9540951135134577
76561198931790117,0,0.0037419190630316734,1,0.9540951135134577
76561199153248133,0,0.008372231386601925,1,0.9540951135134577
76561199544240920,0,0.0035846515092998743,1,0.9540951135134577
76561198169199415,0,0.007659928407520056,1,0.9540951135134577
76561198084555963,0,0.003575145034119487,1,0.9540951135134577
76561198256776525,0,0.25866883993148804,1,0.9540951135134577
76561198121590891,0,0.983247697353363,1,0.9540951135134577
76561198228376072,0,0.060445208102464676,1,0.9540951135134577
76561199223121506,0,0.9606752991676331,1,0.9540951135134577
76561199063887974,0,0.08542805165052414,1,0.9540951135134577
76561198064390081,0,0.7769343852996826,1,0.9540951135134577
76561197994030168,1,0.95513916015625,1,0.9540951135134577
76561199122594783,0,0.006660344544798136,1,0.9540951135134577
76561199162205711,0,0.24955599009990692,1,0.9540951135134577
76561198032445798,0,0.009823341853916645,1,0.9540951135134577
76561199559240035,0,0.003295708214864135,1,0.9540951135134577
76561198203209559,0,0.1632174849510193,1,0.9540951135134577
76561199198258710,0,0.004056393168866634,1,0.9540951135134577
76561198314440525,0,0.8406680822372437,1,0.9540951135134577
76561198055840416,0,0.03208780288696289,1,0.9540951135134577
76561198045805091,1,0.16084033250808716,1,0.9540951135134577
76561198354363463,0,0.0160953588783741,1,0.9540951135134577
76561198283135476,0,0.0033037534449249506,1,0.9540951135134577
76561198203885947,0,0.005942252464592457,1,0.9540951135134577
76561197987099134,0,0.7639082670211792,1,0.9540951135134577
76561198037397060,0,0.18542757630348206,1,0.9540951135134577
76561198854015964,0,0.015302835032343864,1,0.9540951135134577
76561199229948794,0,0.37232521176338196,1,0.9540951135134577
76561199066662104,0,0.00719978054985404,1,0.9540951135134577
76561198212929740,0,0.004449685104191303,1,0.9540951135134577
76561198996425534,0,0.020169872790575027,1,0.9540951135134577
76561198888925757,1,0.9567704200744629,1,0.9540951135134577
76561198171443081,0,0.34851670265197754,1,0.9540951135134577
76561198840805919,0,0.9479914903640747,1,0.9540951135134577
76561198337394445,0,0.0035758756566792727,1,0.9540951135134577
76561199289472697,0,0.10279498994350433,1,0.9540951135134577
76561198038215523,0,0.004865726921707392,1,0.9540951135134577
76561197998408411,0,0.8328877687454224,1,0.9540951135134577
76561198003635924,0,0.00512345926836133,1,0.9540951135134577
76561198984679761,0,0.08953771740198135,1,0.9540951135134577
76561198013260350,0,0.03917713463306427,1,0.9540951135134577
76561198287634666,0,0.008874076418578625,1,0.9540951135134577
76561199138219556,1,0.9870332479476929,1,0.9540951135134577
76561198042770128,0,0.04146626964211464,1,0.9540951135134577
76561199144629022,0,0.00333037949167192,1,0.9540951135134577
76561198012907628,0,0.007761174812912941,1,0.9540951135134577
76561197998854067,0,0.02730690687894821,1,0.9540951135134577
76561198927292866,0,0.009879850782454014,1,0.9540951135134577
76561198387355340,0,0.9263588190078735,1,0.9540951135134577
76561198355149760,0,0.006763030309230089,1,0.9540951135134577
76561198423502763,0,0.12629060447216034,1,0.9540951135134577
76561199015172386,0,0.0038464737590402365,1,0.9540951135134577
76561198283992131,0,0.004226958379149437,1,0.9540951135134577
76561199074787334,0,0.0319983996450901,1,0.9540951135134577
76561199164041661,0,0.02796516753733158,1,0.9540951135134577
76561198157980025,0,0.0059348661452531815,1,0.9540951135134577
76561199186108535,0,0.005305670667439699,1,0.9540951135134577
76561199016610635,0,0.10788962244987488,1,0.9540951135134577
76561199009115440,0,0.00819876603782177,1,0.9540951135134577
76561198016209333,0,0.0036700465716421604,1,0.9540951135134577
76561199156428814,0,0.6483601331710815,1,0.9540951135134577
76561198032386040,0,0.005442910827696323,1,0.9540951135134577
76561199368945576,0,0.16869860887527466,1,0.9540951135134577
76561199110695531,0,0.013040617108345032,1,0.9540951135134577
76561198045667047,0,0.0042047929018735886,1,0.9540951135134577
76561199013398188,0,0.00450800359249115,1,0.9540951135134577
76561198127839288,0,0.9782715439796448,1,0.9540951135134577
76561199079484255,0,0.0035751943942159414,1,0.9540951135134577
76561199081632203,0,0.004767510574311018,1,0.9540951135134577
76561198824489661,0,0.0068224654532969,1,0.9540951135134577
76561198982595572,0,0.003248229157179594,1,0.9540951135134577
76561198994752741,0,0.003019067458808422,1,0.9540951135134577
76561198254874631,0,0.18512097001075745,1,0.9540951135134577
76561198344612113,1,0.984740674495697,1,0.9540951135134577
76561199027108979,0,0.2566055953502655,1,0.9540951135134577
76561198037945437,0,0.03272198140621185,1,0.9540951135134577
76561198827019457,0,0.007579629309475422,1,0.9540951135134577
76561199469907327,0,0.0037663260009139776,1,0.9540951135134577
76561199218674990,0,0.008435445837676525,1,0.9540951135134577
76561198125596241,0,0.00524144945666194,1,0.9540951135134577
76561199437143667,0,0.005186016671359539,1,0.9540951135134577
76561199152323688,0,0.006627411115914583,1,0.9540951135134577
76561198300795541,0,0.00398322194814682,1,0.9540951135134577
76561198279957020,0,0.013399145565927029,1,0.9540951135134577
76561198269262735,0,0.0033477398101240396,1,0.9540951135134577
76561199082901019,0,0.010942730121314526,1,0.9540951135134577
76561198000845400,0,0.003956688567996025,1,0.9540951135134577
76561199170415517,0,0.02091001160442829,1,0.9540951135134577
76561198019650017,0,0.012707767076790333,1,0.9540951135134577
76561198968305424,0,0.01617588847875595,1,0.9540951135134577
76561199229678849,0,0.01546093262732029,1,0.9540951135134577
76561199324445168,0,0.06315913051366806,1,0.9540951135134577
76561199193277050,0,0.009361022152006626,1,0.9540951135134577
76561199239540772,0,0.0036001871339976788,1,0.9540951135134577
76561198435064642,0,0.006741930264979601,1,0.9540951135134577
76561198201398157,0,0.00782043021172285,1,0.9540951135134577
76561198109197485,0,0.0035751943942159414,1,0.9540951135134577
76561198147104549,0,0.004800241906195879,1,0.9540951135134577
76561198161157129,0,0.4649028778076172,1,0.9540951135134577
76561198044807722,0,0.046385958790779114,1,0.9540951135134577
76561198967216642,0,0.006934059783816338,1,0.9540951135134577
76561198213014441,0,0.004817032255232334,1,0.9540951135134577
76561198417412273,0,0.7482452988624573,1,0.9540951135134577
76561198262488103,0,0.9852978587150574,1,0.9540951135134577
76561199075119229,0,0.00313159660436213,1,0.9540951135134577
76561198349365873,0,0.029867608100175858,1,0.9540951135134577
76561199227370220,0,0.10254558175802231,1,0.9540951135134577
76561198006860536,0,0.04136267676949501,1,0.9540951135134577
76561199190036096,0,0.9355029463768005,1,0.9540951135134577
76561198009812754,0,0.1829695701599121,1,0.9540951135134577
76561199054320757,0,0.5535330772399902,1,0.9540951135134577
76561197964923673,0,0.1781744807958603,1,0.9540951135134577
76561198291084142,0,0.0670616626739502,1,0.9540951135134577
76561198164873231,0,0.005521797575056553,1,0.9540951135134577
76561198819182122,0,0.030877651646733284,1,0.9540951135134577
76561199583992167,0,0.005334469024091959,1,0.9540951135134577
76561199405193888,0,0.003575145034119487,1,0.9540951135134577
76561199213717686,1,0.9879436492919922,1,0.9540951135134577
76561198009238703,0,0.04014543816447258,1,0.9540951135134577
76561198032579960,0,0.01735115796327591,1,0.9540951135134577
76561197984582239,0,0.008600182831287384,1,0.9540951135134577
76561198170925019,0,0.016540847718715668,1,0.9540951135134577
76561198401066926,0,0.4779408872127533,1,0.9540951135134577
76561198098105814,0,0.4132978618144989,1,0.9540951135134577
76561198069055443,0,0.9583054184913635,1,0.9540951135134577
76561198312658261,0,0.7883571982383728,1,0.9540951135134577
76561198116984061,0,0.0037643371615558863,1,0.9540951135134577
76561198162008547,0,0.024244118481874466,1,0.9540951135134577
76561198414138446,0,0.004298355430364609,1,0.9540951135134577
76561198310498929,0,0.006119961850345135,1,0.9540951135134577
76561197973357521,0,0.006154217291623354,1,0.9540951135134577
76561199312951389,0,0.00723016494885087,1,0.9540951135134577
76561199055899450,0,0.004981535021215677,1,0.9540951135134577
76561198282852686,0,0.004493467044085264,1,0.9540951135134577
76561199062190528,0,0.9416881799697876,1,0.9540951135134577
76561199153100528,0,0.9479885101318359,1,0.9540951135134577
76561198373041831,0,0.07762359827756882,1,0.9540951135134577
76561197997908749,0,0.007045447826385498,1,0.9540951135134577
76561198055665569,0,0.005128043238073587,1,0.9540951135134577
76561198160362599,1,0.9870666861534119,1,0.9540951135134577
76561197964277736,0,0.0037567843683063984,1,0.9540951135134577
76561198043863769,0,0.8116192817687988,1,0.9540951135134577
76561199164444252,0,0.004675933625549078,1,0.9540951135134577
76561199114112309,0,0.433458149433136,1,0.9540951135134577
76561198417504280,0,0.006853504106402397,1,0.9540951135134577
76561198894159009,0,0.003350644838064909,1,0.9540951135134577
76561198798215296,0,0.8198879957199097,1,0.9540951135134577
76561199087356122,0,0.07556376606225967,1,0.9540951135134577
76561198081712627,0,0.0047773439437150955,1,0.9540951135134577
76561198149379161,0,0.01802356168627739,1,0.9540951135134577
76561199031545581,0,0.004348680377006531,1,0.9540951135134577
76561199261019492,0,0.004983068909496069,1,0.9540951135134577
76561198056498719,0,0.07436908036470413,1,0.9540951135134577
76561199125789367,0,0.004186209756880999,1,0.9540951135134577
76561198028149795,0,0.003969838842749596,1,0.9540951135134577
76561198087038647,0,0.14417476952075958,1,0.9540951135134577
76561198997671156,0,0.0736112892627716,1,0.9540951135134577
76561198085454373,0,0.004624021705240011,1,0.9540951135134577
76561198029387224,0,0.16490818560123444,1,0.9540951135134577
76561199206854309,0,0.005112802144140005,1,0.9540951135134577
76561198940070646,0,0.00839768536388874,1,0.9540951135134577
76561199072104251,0,0.005136970896273851,1,0.9540951135134577
76561199043820413,0,0.003630478400737047,1,0.9540951135134577
76561199294171360,0,0.08352208137512207,1,0.9540951135134577
76561198176441933,0,0.04537118598818779,1,0.9540951135134577
76561198386297480,0,0.04226471483707428,1,0.9540951135134577
76561198843664205,0,0.008855043910443783,1,0.9540951135134577
76561198151564510,0,0.00394236808642745,1,0.9540951135134577
76561198350944558,0,0.025834955275058746,1,0.9540951135134577
76561198389643754,0,0.006416947580873966,1,0.9540951135134577
76561198144114903,0,0.010333612561225891,1,0.9540951135134577
76561198039622676,0,0.07393884658813477,1,0.9540951135134577
76561198997627903,0,0.006863335147500038,1,0.9540951135134577
76561198001111203,0,0.00810988899320364,1,0.9540951135134577
76561198018608514,0,0.013243220746517181,1,0.9540951135134577
76561198993615081,0,0.0068877460435032845,1,0.9540951135134577
76561198803940833,0,0.005591976922005415,1,0.9540951135134577
76561198135032979,0,0.003942748997360468,1,0.9540951135134577
76561198414985187,0,0.005663886666297913,1,0.9540951135134577
76561199144851410,0,0.0035106888972222805,1,0.9540951135134577
76561199436454527,0,0.0032587472815066576,1,0.9540951135134577
76561198261256086,0,0.00365372933447361,1,0.9540951135134577
76561199003717506,0,0.007618279196321964,1,0.9540951135134577
76561198155900656,0,0.013489414006471634,1,0.9540951135134577
76561199220116749,0,0.004732627887278795,1,0.9540951135134577
76561198880292035,0,0.003192092990502715,1,0.9540951135134577
76561198313630418,0,0.011423265561461449,1,0.9540951135134577
76561198096819415,0,0.004389582667499781,1,0.9540951135134577
76561199019545885,0,0.003906866069883108,1,0.9540951135134577
76561198409782298,0,0.0032869484275579453,1,0.9540951135134577
76561198836815203,0,0.00921169389039278,1,0.9540951135134577
76561199074767273,0,0.005173058714717627,1,0.9540951135134577
76561198933414863,0,0.005478027742356062,1,0.9540951135134577
76561198023749719,0,0.007808084134012461,1,0.9540951135134577
76561198958112260,0,0.02605988271534443,1,0.9540951135134577
76561198198473731,0,0.007403069641441107,1,0.9540951135134577
76561198985032155,0,0.0039039873518049717,1,0.9540951135134577
76561199550847351,0,0.006012190133333206,1,0.9540951135134577
76561198810064466,0,0.0034438478760421276,1,0.9540951135134577
76561199527485356,0,0.009939835406839848,1,0.9540951135134577
76561198345632262,0,0.5821598768234253,1,0.9540951135134577
76561198353137120,0,0.005852204281836748,1,0.9540951135134577
76561199072585703,0,0.005305670667439699,1,0.9540951135134577
76561198243097678,1,0.6712185740470886,1,0.9540951135134577
76561198118537766,0,0.020830996334552765,1,0.9540951135134577
76561198367032702,0,0.9730706810951233,1,0.9540951135134577
76561198074108044,0,0.007354413159191608,1,0.9540951135134577
76561198094586775,0,0.006053650751709938,1,0.9540951135134577
76561198052534544,0,0.0078122736886143684,1,0.9540951135134577
76561198065959898,0,0.006992217618972063,1,0.9540951135134577
76561199389842521,0,0.008962194435298443,1,0.9540951135134577
76561197977173274,0,0.02338002435863018,1,0.9540951135134577
76561198072494562,0,0.004083865322172642,1,0.9540951135134577
76561198343987044,0,0.6228720545768738,1,0.9540951135134577
76561198261553030,0,0.004108030814677477,1,0.9540951135134577
76561198294259744,0,0.13712109625339508,1,0.9540951135134577
76561198116193084,0,0.005442910827696323,1,0.9540951135134577
76561199625596977,0,0.0040013138204813,1,0.9540951135134577
76561198242407968,0,0.01928567886352539,1,0.9540951135134577
76561198808649803,1,0.9670656323432922,1,0.9540951135134577
76561198060132260,0,0.003575145034119487,1,0.9540951135134577
76561198070092472,0,0.022933559492230415,1,0.9540951135134577
76561197965726380,0,0.0052990540862083435,1,0.9540951135134577
76561198174245023,0,0.030598394572734833,1,0.9540951135134577
76561198193490094,0,0.010954187251627445,1,0.9540951135134577
76561198094518957,0,0.010517586953938007,1,0.9540951135134577
76561198876629705,0,0.005030417814850807,1,0.9540951135134577
76561198970262092,0,0.006125413812696934,1,0.9540951135134577
76561198061092880,0,0.003996774088591337,1,0.9540951135134577
76561198007399976,0,0.0687105655670166,1,0.9540951135134577
76561198055915655,0,0.01414311584085226,1,0.9540951135134577
76561198011507524,0,0.02430904284119606,1,0.9540951135134577
76561198147129630,0,0.005134731996804476,1,0.9540951135134577
76561199232017217,0,0.20275595784187317,1,0.9540951135134577
76561198029782760,0,0.003609386505559087,1,0.9540951135134577
76561199018003410,0,0.005618811119347811,1,0.9540951135134577
76561198243525826,0,0.47603386640548706,1,0.9540951135134577
76561198089136484,0,0.975844144821167,1,0.9540951135134577
76561198411375556,0,0.011850791983306408,1,0.9540951135134577
76561198064141888,0,0.004709943663328886,1,0.9540951135134577
76561199032374142,0,0.9729452133178711,1,0.9540951135134577
76561198308294296,0,0.0035751943942159414,1,0.9540951135134577
76561198391959214,0,0.009198674000799656,1,0.9540951135134577
76561198385468354,0,0.004212703090161085,1,0.9540951135134577
76561198880877155,0,0.5999879837036133,1,0.9540951135134577
76561198004585558,0,0.05179029330611229,1,0.9540951135134577
76561199190637606,0,0.024050014093518257,1,0.9540951135134577
76561198056631354,0,0.027106979861855507,1,0.9540951135134577
76561198183460013,0,0.007505059242248535,1,0.9540951135134577
76561199048258360,0,0.008044153451919556,1,0.9540951135134577
76561198976918456,0,0.04393531382083893,1,0.9540951135134577
76561198065150596,0,0.00688532879576087,1,0.9540951135134577
76561198220308141,0,0.00413435697555542,1,0.9540951135134577
76561198068146403,0,0.004761793650686741,1,0.9540951135134577
76561198335528318,0,0.007369766477495432,1,0.9540951135134577
76561198397601783,0,0.004415285773575306,1,0.9540951135134577
76561198202498323,0,0.004955566022545099,1,0.9540951135134577
76561198332600797,0,0.007117046508938074,1,0.9540951135134577
76561199013522762,0,0.004348942544311285,1,0.9540951135134577
76561199247424232,0,0.011185054667294025,1,0.9540951135134577
76561198083598936,0,0.6173700094223022,1,0.9540951135134577
76561198177815847,0,0.003575145034119487,1,0.9540951135134577
76561198205796275,0,0.004862500354647636,1,0.9540951135134577
76561199153854762,0,0.004530248697847128,1,0.9540951135134577
76561198138180604,0,0.0034691260661929846,1,0.9540951135134577
76561198076525315,0,0.0051905205473303795,1,0.9540951135134577
76561198142437396,0,0.18236951529979706,1,0.9540951135134577
76561198024099389,0,0.003628691891208291,1,0.9540951135134577
76561199012763364,0,0.008245483040809631,1,0.9540951135134577
76561198371183878,0,0.004997625481337309,1,0.9540951135134577
76561198003035063,0,0.008600829169154167,1,0.9540951135134577
76561198303745146,0,0.003575145034119487,1,0.9540951135134577
76561198050621128,0,0.004734834190458059,1,0.9540951135134577
76561198903337238,0,0.00994732603430748,1,0.9540951135134577
76561198299212783,0,0.0053819636814296246,1,0.9540951135134577
76561198036484348,0,0.009869268164038658,1,0.9540951135134577
76561198006288165,0,0.00969203282147646,1,0.9540951135134577
76561198008371335,0,0.0038006247486919165,1,0.9540951135134577
76561198039955049,0,0.005470257718116045,1,0.9540951135134577
76561198139633218,0,0.004675815813243389,1,0.9540951135134577
76561199086265442,0,0.02135077677667141,1,0.9540951135134577
76561198822604674,0,0.00940440222620964,1,0.9540951135134577
76561198044473285,0,0.020252782851457596,1,0.9540951135134577
76561198025741592,0,0.8894214034080505,1,0.9540951135134577
76561199106538505,0,0.004660103470087051,1,0.9540951135134577
76561199207691975,0,0.006018690299242735,1,0.9540951135134577
76561198838726117,0,0.024465255439281464,1,0.9540951135134577
76561199095225225,0,0.0286550335586071,1,0.9540951135134577
76561199131530795,0,0.004820915404707193,1,0.9540951135134577
76561198303563462,0,0.6491862535476685,1,0.9540951135134577
76561199182503365,0,0.06143300607800484,1,0.9540951135134577
76561198134812088,0,0.006564317736774683,1,0.9540951135134577
76561198800977833,1,0.9830697774887085,1,0.9540951135134577
76561199042249198,1,0.9693765044212341,1,0.9540951135134577
76561198314787914,0,0.03506077080965042,1,0.9540951135134577
76561198406894968,0,0.006769638974219561,1,0.9540951135134577
76561198075183719,0,0.9868876338005066,1,0.9540951135134577
76561199113006893,0,0.0032703159376978874,1,0.9540951135134577
76561198110669895,0,0.6974058151245117,1,0.9540951135134577
76561198131923673,0,0.003510539187118411,1,0.9540951135134577
76561198387730209,0,0.9769845008850098,1,0.9540951135134577
76561198299147387,0,0.008415035903453827,1,0.9540951135134577
76561198333759178,0,0.04403628036379814,1,0.9540951135134577
76561199483740203,0,0.005176779814064503,1,0.9540951135134577
76561198107471404,0,0.00892568938434124,1,0.9540951135134577
76561199257838337,0,0.003575145034119487,1,0.9540951135134577
76561198329462646,0,0.0036243777722120285,1,0.9540951135134577
76561198282616873,0,0.004878456704318523,1,0.9540951135134577
76561197999665361,0,0.5581194758415222,1,0.9540951135134577
76561198301692042,0,0.3727457821369171,1,0.9540951135134577
76561198001068989,0,0.938460648059845,1,0.9540951135134577
76561199096258574,0,0.7875069379806519,1,0.9540951135134577
76561198271975010,0,0.03240682929754257,1,0.9540951135134577
76561198116435984,0,0.9581661820411682,1,0.9540951135134577
76561198343504695,0,0.025604786351323128,1,0.9540951135134577
76561198129913292,0,0.004163388162851334,1,0.9540951135134577
76561199189980803,0,0.0055287303403019905,1,0.9540951135134577
76561198336369064,0,0.005664069205522537,1,0.9540951135134577
76561199090670377,1,0.9746944308280945,1,0.9540951135134577
76561198294713134,0,0.007096972782164812,1,0.9540951135134577
76561198068070921,0,0.003576172748580575,1,0.9540951135134577
76561198009591969,0,0.7249518632888794,1,0.9540951135134577
76561198095381402,0,0.9554486870765686,1,0.9540951135134577
76561198029809905,0,0.008392644114792347,1,0.9540951135134577
76561199486060189,0,0.08916271477937698,1,0.9540951135134577
76561198123911575,0,0.006296289153397083,1,0.9540951135134577
76561198028775919,0,0.07080938667058945,1,0.9540951135134577
76561197983426637,1,0.9560307860374451,1,0.9540951135134577
76561198064253629,0,0.11406167596578598,1,0.9540951135134577
76561199186933388,0,0.0054848273284733295,1,0.9540951135134577
76561198032462821,0,0.003835563315078616,1,0.9540951135134577
76561198844706148,0,0.009562298655509949,1,0.9540951135134577
76561198109000176,0,0.013425780460238457,1,0.9540951135134577
76561199154332653,0,0.00381446466781199,1,0.9540951135134577
76561199223043317,0,0.003575145034119487,1,0.9540951135134577
76561198273640096,0,0.003192092990502715,1,0.9540951135134577
76561198125284569,0,0.970802366733551,1,0.9540951135134577
76561198214081604,0,0.006518248934298754,1,0.9540951135134577
76561198077164416,0,0.0032061508391052485,1,0.9540951135134577
76561199020927199,0,0.0053758155554533005,1,0.9540951135134577
76561198068363067,0,0.017970306798815727,1,0.9540951135134577
76561198969602580,0,0.0050598690286278725,1,0.9540951135134577
76561199511532611,0,0.01167412381619215,1,0.9540951135134577
76561198005630248,1,0.9819449186325073,1,0.9540951135134577
76561198335135193,0,0.015755238011479378,1,0.9540951135134577
76561198100597531,0,0.008830728009343147,1,0.9540951135134577
76561198362736272,1,0.9893264770507812,1,0.9540951135134577
76561198047533042,0,0.009184402413666248,1,0.9540951135134577
76561198888383768,0,0.006663377862423658,1,0.9540951135134577
76561199576531943,0,0.04743732511997223,1,0.9540951135134577
76561199121874724,0,0.880998432636261,1,0.9540951135134577
76561198075598214,0,0.0041725304909050465,1,0.9540951135134577
76561199563948303,0,0.005445381626486778,1,0.9540951135134577
76561198022645460,0,0.00926146563142538,1,0.9540951135134577
76561199489655647,0,0.9766859412193298,1,0.9540951135134577
76561198870168634,0,0.005305670667439699,1,0.9540951135134577
76561198992064633,0,0.014386303722858429,1,0.9540951135134577
76561199569832200,0,0.004335534758865833,1,0.9540951135134577
76561198004585788,0,0.006326921749860048,1,0.9540951135134577
76561198091186205,0,0.005625296384096146,1,0.9540951135134577
76561199445296527,0,0.003205762477591634,1,0.9540951135134577
76561198331077396,0,0.003899246919900179,1,0.9540951135134577
76561198285527601,0,0.22790776193141937,1,0.9540951135134577
76561198146300965,1,0.9835695624351501,1,0.9540951135134577
76561199228607636,0,0.005940477829426527,1,0.9540951135134577
76561198155501530,0,0.007711747661232948,1,0.9540951135134577
76561198171504375,0,0.005073018372058868,1,0.9540951135134577
76561198979735405,0,0.018303856253623962,1,0.9540951135134577
76561198055028870,0,0.004947918001562357,1,0.9540951135134577
76561199303313170,0,0.00520359119400382,1,0.9540951135134577
76561199588947250,0,0.00531178992241621,1,0.9540951135134577
76561198885675316,0,0.005631907377392054,1,0.9540951135134577
76561197972698074,0,0.006925645284354687,1,0.9540951135134577
76561198343252310,0,0.0035751943942159414,1,0.9540951135134577
76561198796356580,0,0.0044296905398368835,1,0.9540951135134577
76561198191290586,0,0.006282740738242865,1,0.9540951135134577
76561198080996001,0,0.004899971652776003,1,0.9540951135134577
76561199122197822,0,0.003597155911847949,1,0.9540951135134577
76561199091290867,0,0.006833358202129602,1,0.9540951135134577
76561199468833489,0,0.003575145034119487,1,0.9540951135134577
76561198829951130,0,0.004192611202597618,1,0.9540951135134577
76561199032201110,0,0.00424950709566474,1,0.9540951135134577
76561198271170912,0,0.004177581984549761,1,0.9540951135134577
76561198075793852,0,0.003569252323359251,1,0.9540951135134577
76561198115737330,0,0.837581217288971,1,0.9540951135134577
76561198076509994,0,0.003948957193642855,1,0.9540951135134577
76561198970171636,0,0.0037406906485557556,1,0.9540951135134577
76561198112127778,0,0.022478878498077393,1,0.9540951135134577
76561197975957914,0,0.012810355052351952,1,0.9540951135134577
76561198163118252,0,0.005973533261567354,1,0.9540951135134577
76561198046486071,1,0.691040575504303,1,0.9540951135134577
76561198375009991,0,0.004634546581655741,1,0.9540951135134577
76561198007099913,0,0.2421722561120987,1,0.9540951135134577
76561198027695358,0,0.7444710731506348,1,0.9540951135134577
76561198036171935,0,0.7081499695777893,1,0.9540951135134577
76561198275756177,0,0.00509923230856657,1,0.9540951135134577
76561198049166669,0,0.004904986824840307,1,0.9540951135134577
76561198867470427,1,0.9887470602989197,1,0.9540951135134577
76561198185427517,0,0.9040660262107849,1,0.9540951135134577
76561198357712681,0,0.004961247555911541,1,0.9540951135134577
76561198413913158,0,0.9066531658172607,1,0.9540951135134577
76561198272051846,0,0.015498475171625614,1,0.9540951135134577
76561198093279696,0,0.0047856601886451244,1,0.9540951135134577
76561198068670146,0,0.952150285243988,1,0.9540951135134577
76561198368508142,0,0.015019177459180355,1,0.9540951135134577
76561198063949392,0,0.9458449482917786,1,0.9540951135134577
76561197986150498,0,0.005669749341905117,1,0.9540951135134577
76561199499692978,0,0.03126651048660278,1,0.9540951135134577
76561198055226575,0,0.2695012390613556,1,0.9540951135134577
76561198090638278,0,0.0037067546509206295,1,0.9540951135134577
76561198330914667,0,0.0038522405084222555,1,0.9540951135134577
76561198975436744,0,0.3323303461074829,1,0.9540951135134577
76561198052243811,0,0.9754565358161926,1,0.9540951135134577
76561198017360076,1,0.9714484810829163,1,0.9540951135134577
76561199033114644,0,0.003583852667361498,1,0.9540951135134577
76561198052361239,0,0.0049541667103767395,1,0.9540951135134577
76561198347032000,0,0.35755279660224915,1,0.9540951135134577
76561198858236854,0,0.004790004342794418,1,0.9540951135134577
76561198122696545,0,0.005280677694827318,1,0.9540951135134577
76561198197103211,0,0.32062268257141113,1,0.9540951135134577
76561199102752406,0,0.006129920482635498,1,0.9540951135134577
76561198043859750,0,0.00603127246722579,1,0.9540951135134577
76561197978156572,0,0.00757089676335454,1,0.9540951135134577
76561198834850214,1,0.9880717992782593,1,0.9540951135134577
76561198344976786,0,0.03968176990747452,1,0.9540951135134577
76561198082198197,0,0.022610466927289963,1,0.9540951135134577
76561199015250990,0,0.007858579978346825,1,0.9540951135134577
76561198036850185,0,0.019138848409056664,1,0.9540951135134577
76561198144105855,0,0.10688590258359909,1,0.9540951135134577
76561198868937304,0,0.007944422774016857,1,0.9540951135134577
76561197980872403,0,0.3173981308937073,1,0.9540951135134577
76561198049010963,0,0.005373248364776373,1,0.9540951135134577
76561198071741100,0,0.005376736167818308,1,0.9540951135134577
76561198205737623,0,0.9131911993026733,1,0.9540951135134577
76561198353104060,0,0.0697929784655571,1,0.9540951135134577
76561198113795638,0,0.0066787623800337315,1,0.9540951135134577
76561198846970135,0,0.3619566261768341,1,0.9540951135134577
76561198849425077,0,0.003529859706759453,1,0.9540951135134577
76561198070410336,0,0.0033681904897093773,1,0.9540951135134577
76561198090704164,0,0.9713378548622131,1,0.9540951135134577
76561198094785647,0,0.004583078436553478,1,0.9540951135134577
76561198334741856,0,0.953559398651123,1,0.9540951135134577
76561199556286224,0,0.04260363057255745,1,0.9540951135134577
76561198142905305,0,0.0074226693250238895,1,0.9540951135134577
76561198146762339,0,0.006416947580873966,1,0.9540951135134577
76561198993487565,0,0.003894012188538909,1,0.9540951135134577
76561198866746898,0,0.007457748521119356,1,0.9540951135134577
76561198438135709,1,0.9872294664382935,1,0.9540951135134577
76561198981382763,0,0.2509048879146576,1,0.9540951135134577
76561198214381657,0,0.0049988324753940105,1,0.9540951135134577
76561199142284618,0,0.028595568612217903,1,0.9540951135134577
76561199022329630,0,0.00314659858122468,1,0.9540951135134577
76561198008194955,0,0.3664539158344269,1,0.9540951135134577
76561199191981172,0,0.025363260880112648,1,0.9540951135134577
76561198947027815,0,0.0057786512188613415,1,0.9540951135134577
76561198014119110,0,0.005012856796383858,1,0.9540951135134577
76561198322068229,0,0.004019952844828367,1,0.9540951135134577
76561198294657461,0,0.005088541656732559,1,0.9540951135134577
76561197995922620,0,0.004264415707439184,1,0.9540951135134577
76561198094530885,0,0.007397462148219347,1,0.9540951135134577
76561199167089106,0,0.005315741524100304,1,0.9540951135134577
76561199071763720,0,0.028107179328799248,1,0.9540951135134577
76561199124988683,0,0.004299153108149767,1,0.9540951135134577
76561198863261683,0,0.0039451331831514835,1,0.9540951135134577
76561198127099569,0,0.004823462571948767,1,0.9540951135134577
76561198068174273,0,0.00743159418925643,1,0.9540951135134577
76561199105292672,0,0.006236162967979908,1,0.9540951135134577
76561198046246114,0,0.003788476111367345,1,0.9540951135134577
76561198041687713,0,0.006179080344736576,1,0.9540951135134577
76561198140291733,0,0.00534613523632288,1,0.9540951135134577
76561198086336377,0,0.0036023773718625307,1,0.9540951135134577
76561198132270450,0,0.005375374108552933,1,0.9540951135134577
76561199142001052,0,0.27712252736091614,1,0.9540951135134577
76561198387747894,0,0.007050045765936375,1,0.9540951135134577
76561198009700279,0,0.8540319204330444,1,0.9540951135134577
76561199473855515,0,0.02004339173436165,1,0.9540951135134577
76561198041692925,0,0.003672986989840865,1,0.9540951135134577
76561199139130946,0,0.004932536277920008,1,0.9540951135134577
76561198131717119,0,0.00465776864439249,1,0.9540951135134577
76561198038787123,0,0.0038963069673627615,1,0.9540951135134577
76561198082235678,0,0.00710922060534358,1,0.9540951135134577
76561199000007048,0,0.005788816139101982,1,0.9540951135134577
76561198012592396,0,0.006522082258015871,1,0.9540951135134577
76561198819898417,0,0.003936005290597677,1,0.9540951135134577
76561198813712230,0,0.692041277885437,1,0.9540951135134577
76561199223847388,1,0.08083825558423996,1,0.9540951135134577
76561198369098995,0,0.08413976430892944,1,0.9540951135134577
76561198150831245,0,0.016377387568354607,1,0.9540951135134577
76561197993646311,0,0.06191317364573479,1,0.9540951135134577
76561199218101540,0,0.005591688212007284,1,0.9540951135134577
76561198102398037,0,0.0043077534064650536,1,0.9540951135134577
76561198278611959,0,0.006408753804862499,1,0.9540951135134577
76561198109608559,0,0.05872339755296707,1,0.9540951135134577
76561198354428739,0,0.9416311979293823,1,0.9540951135134577
76561198026210391,0,0.005690205842256546,1,0.9540951135134577
76561198260494890,0,0.5750032663345337,1,0.9540951135134577
76561198013600577,1,0.9551790952682495,1,0.9540951135134577
76561198076006145,0,0.004985623061656952,1,0.9540951135134577
76561198061537254,0,0.70415860414505,1,0.9540951135134577
76561199177342928,0,0.020244838669896126,1,0.9540951135134577
76561199060294926,0,0.9050103425979614,1,0.9540951135134577
76561198091852535,0,0.01105711329728365,1,0.9540951135134577
76561198049759051,0,0.9041631817817688,1,0.9540951135134577
76561199272414392,0,0.00425232108682394,1,0.9540951135134577
76561199098261699,0,0.008808835409581661,1,0.9540951135134577
76561198073811013,0,0.0046805874444544315,1,0.9540951135134577
76561199098893840,1,0.9839769601821899,1,0.9540951135134577
76561199095273542,0,0.0075521389953792095,1,0.9540951135134577
76561198155130452,0,0.005233673378825188,1,0.9540951135134577
76561198834046089,0,0.01823190413415432,1,0.9540951135134577
76561199090294798,0,0.0032431972213089466,1,0.9540951135134577
76561198361690621,0,0.00370606267824769,1,0.9540951135134577
76561198319445757,1,0.9809447526931763,1,0.9540951135134577
76561199094323109,0,0.5472313761711121,1,0.9540951135134577
76561199033503451,0,0.979022204875946,1,0.9540951135134577
76561198147966812,0,0.004794802982360125,1,0.9540951135134577
76561198286170582,0,0.0047857556492090225,1,0.9540951135134577
76561198866507247,0,0.00443282863125205,1,0.9540951135134577
76561198851331628,0,0.38714316487312317,1,0.9540951135134577
76561198409123353,0,0.006502898875623941,1,0.9540951135134577
76561198991310443,0,0.007322185672819614,1,0.9540951135134577
76561198026252254,0,0.004230157472193241,1,0.9540951135134577
76561198862201678,0,0.0044022840447723866,1,0.9540951135134577
76561199008858594,1,0.9360877275466919,1,0.9540951135134577
76561199038993191,0,0.005860107950866222,1,0.9540951135134577
76561197961038320,0,0.003456357168033719,1,0.9540951135134577
76561198965358265,0,0.009182234294712543,1,0.9540951135134577
76561198031187300,0,0.18986618518829346,1,0.9540951135134577
76561197972645472,0,0.008522618561983109,1,0.9540951135134577
76561198883525225,0,0.008222438395023346,1,0.9540951135134577
76561199693999748,0,0.007396786939352751,1,0.9540951135134577
76561199092054174,0,0.003962755668908358,1,0.9540951135134577
76561198099475944,0,0.014563336968421936,1,0.9540951135134577
76561198141525137,0,0.006416947580873966,1,0.9540951135134577
76561198448847147,0,0.006404528394341469,1,0.9540951135134577
76561198415641681,0,0.8455842733383179,1,0.9540951135134577
76561198427432936,0,0.008333288133144379,1,0.9540951135134577
76561197960421252,0,0.004327485803514719,1,0.9540951135134577
76561199091770527,0,0.0036989948712289333,1,0.9540951135134577
76561198141109169,0,0.9036495089530945,1,0.9540951135134577
76561198830317676,0,0.004096735268831253,1,0.9540951135134577
76561199105644566,0,0.004738442599773407,1,0.9540951135134577
76561198372278979,0,0.00867857038974762,1,0.9540951135134577
76561198347872510,0,0.003258713521063328,1,0.9540951135134577
76561199273518104,0,0.007579938042908907,1,0.9540951135134577
76561197983268459,0,0.003913492430001497,1,0.9540951135134577
76561198038215405,1,0.8714216351509094,1,0.9540951135134577
76561199162062004,0,0.007117046508938074,1,0.9540951135134577
76561198865855167,0,0.00386635959148407,1,0.9540951135134577
76561198299044692,0,0.005301980767399073,1,0.9540951135134577
76561198152444441,0,0.02063073217868805,1,0.9540951135134577
76561198335676760,0,0.10678092390298843,1,0.9540951135134577
76561198172617645,0,0.0038457445334643126,1,0.9540951135134577
76561197982283148,0,0.005591485649347305,1,0.9540951135134577
76561198806209630,0,0.10158122330904007,1,0.9540951135134577
76561198819899050,0,0.014062345027923584,1,0.9540951135134577
76561199545429095,0,0.06899755448102951,1,0.9540951135134577
76561198241757218,0,0.003257550299167633,1,0.9540951135134577
76561198382583223,0,0.003192092990502715,1,0.9540951135134577
76561198256529575,0,0.003945669159293175,1,0.9540951135134577
76561198281118524,0,0.0035466263070702553,1,0.9540951135134577
76561198027444303,0,0.004915774334222078,1,0.9540951135134577
76561199540773170,0,0.007619129028171301,1,0.9540951135134577
76561198071653039,0,0.055318936705589294,1,0.9540951135134577
76561198116515394,0,0.7275705933570862,1,0.9540951135134577
76561198082504929,0,0.7678163647651672,1,0.9540951135134577
76561198972694525,0,0.004059513099491596,1,0.9540951135134577
76561199014328347,0,0.0046391673386096954,1,0.9540951135134577
76561198981513144,0,0.6682676672935486,1,0.9540951135134577
76561198845395522,0,0.057305462658405304,1,0.9540951135134577
76561198884521101,0,0.014422920532524586,1,0.9540951135134577
76561199178695705,0,0.00548321008682251,1,0.9540951135134577
76561198281565725,0,0.7216944098472595,1,0.9540951135134577
76561199074991974,0,0.003192092990502715,1,0.9540951135134577
76561199472293292,0,0.020506354048848152,1,0.9540951135134577
76561198281802870,0,0.04722414165735245,1,0.9540951135134577
76561198427795047,0,0.004178730305284262,1,0.9540951135134577
76561199222575938,0,0.014587773010134697,1,0.9540951135134577
76561198059391493,0,0.02360311895608902,1,0.9540951135134577
76561198403241697,0,0.41861510276794434,1,0.9540951135134577
76561199006161958,0,0.6476213335990906,1,0.9540951135134577
76561199480861169,0,0.054230980575084686,1,0.9540951135134577
76561199274901399,0,0.008044153451919556,1,0.9540951135134577
76561198085862000,0,0.49896329641342163,1,0.9540951135134577
76561197994271297,0,0.004232226870954037,1,0.9540951135134577
76561198001658000,0,0.01011908520013094,1,0.9540951135134577
76561199053835634,0,0.8874474167823792,1,0.9540951135134577
76561198426244803,0,0.003670437028631568,1,0.9540951135134577
76561199083845478,0,0.0038339640013873577,1,0.9540951135134577
76561198069145586,0,0.8892844915390015,1,0.9540951135134577
76561198867488472,0,0.12388183921575546,1,0.9540951135134577
76561197971176150,0,0.4627074599266052,1,0.9540951135134577
76561198024088329,0,0.07951942831277847,1,0.9540951135134577
76561198263318761,0,0.003803450148552656,1,0.9540951135134577
76561198010639121,0,0.0071071540005505085,1,0.9540951135134577
76561198031469633,0,0.2360418289899826,1,0.9540951135134577
76561198424661362,0,0.013739361427724361,1,0.9540951135134577
76561198795818287,0,0.006559514906257391,1,0.9540951135134577
76561198032835088,0,0.015093312598764896,1,0.9540951135134577
76561198887477304,0,0.003818357363343239,1,0.9540951135134577
76561198094015867,0,0.17902308702468872,1,0.9540951135134577
76561199025773822,0,0.003575145034119487,1,0.9540951135134577
76561199035630456,0,0.9237142205238342,1,0.9540951135134577
76561199474287025,0,0.025893205776810646,1,0.9540951135134577
76561198030734553,0,0.008405066095292568,1,0.9540951135134577
76561198802549566,0,0.05616724491119385,1,0.9540951135134577
76561198156771687,0,0.007578069344162941,1,0.9540951135134577
76561198168056315,0,0.01603948511183262,1,0.9540951135134577
76561199055205865,0,0.009340024553239346,1,0.9540951135134577
76561199227836253,0,0.0034245261922478676,1,0.9540951135134577
76561198435412719,0,0.004766121506690979,1,0.9540951135134577
76561199601563496,0,0.04554620757699013,1,0.9540951135134577
76561198973715334,0,0.009796096943318844,1,0.9540951135134577
76561199816849937,0,0.3165242075920105,1,0.9540951135134577
76561199071413386,0,0.053187862038612366,1,0.9540951135134577
76561198315187553,0,0.0037412154488265514,1,0.9540951135134577
76561198003333573,0,0.005233685951679945,1,0.9540951135134577
76561197992863032,0,0.32257774472236633,1,0.9540951135134577
76561199025417714,0,0.941960334777832,1,0.9540951135134577
76561199521622974,0,0.9023561477661133,1,0.9540951135134577
76561198948767932,0,0.004031497053802013,1,0.9540951135134577
76561198029273010,0,0.005305670667439699,1,0.9540951135134577
76561198095934036,0,0.006457837298512459,1,0.9540951135134577
76561198128344317,0,0.06019586697220802,1,0.9540951135134577
76561198025402468,0,0.008987008593976498,1,0.9540951135134577
76561198387482396,0,0.003820964368060231,1,0.9540951135134577
76561198042288096,0,0.019027071073651314,1,0.9540951135134577
76561199076831421,0,0.5000527501106262,1,0.9540951135134577
76561198128184716,0,0.005256707314401865,1,0.9540951135134577
76561198283624250,0,0.03379685431718826,1,0.9540951135134577
76561198294540464,0,0.006003010086715221,1,0.9540951135134577
76561199049671123,0,0.4269937574863434,1,0.9540951135134577
76561199531957552,0,0.010403227061033249,1,0.9540951135134577
76561199064300199,0,0.003698689164593816,1,0.9540951135134577
76561199198826682,0,0.010269159451127052,1,0.9540951135134577
76561198982202602,0,0.004315800499171019,1,0.9540951135134577
76561198359259734,0,0.06280093640089035,1,0.9540951135134577
76561198212556281,0,0.9674805402755737,1,0.9540951135134577
76561199076630456,0,0.9410451054573059,1,0.9540951135134577
76561198269288833,0,0.004903953056782484,1,0.9540951135134577
76561199122359732,0,0.003988275770097971,1,0.9540951135134577
76561198348793240,0,0.0038624240551143885,1,0.9540951135134577
76561198821677169,0,0.009953014552593231,1,0.9540951135134577
76561198849287035,0,0.004373572301119566,1,0.9540951135134577
76561199767431071,0,0.9632264375686646,1,0.9540951135134577
76561198287863152,0,0.0053380681201815605,1,0.9540951135134577
76561198052344565,0,0.0038054953329265118,1,0.9540951135134577
76561198013895995,0,0.010504950769245625,1,0.9540951135134577
76561198171099345,0,0.006490756757557392,1,0.9540951135134577
76561199216745497,0,0.057009533047676086,1,0.9540951135134577
76561199446618318,0,0.006729118525981903,1,0.9540951135134577
76561198044267699,0,0.004611130338162184,1,0.9540951135134577
76561198247566054,0,0.04267335310578346,1,0.9540951135134577
76561198321337273,0,0.15778720378875732,1,0.9540951135134577
76561198870803416,0,0.004235961940139532,1,0.9540951135134577
76561198151223189,0,0.0034438478760421276,1,0.9540951135134577
76561198176788462,0,0.003265236970037222,1,0.9540951135134577
76561198032614176,0,0.00880561862140894,1,0.9540951135134577
76561198844033314,0,0.004850525874644518,1,0.9540951135134577
76561198279641127,0,0.9320600032806396,1,0.9540951135134577
76561198353561327,0,0.003575145034119487,1,0.9540951135134577
76561198246003162,0,0.009048005566000938,1,0.9540951135134577
76561199218060715,0,0.005877234041690826,1,0.9540951135134577
76561199013914282,0,0.003485908033326268,1,0.9540951135134577
76561198929083445,0,0.003192092990502715,1,0.9540951135134577
76561198259479570,0,0.01478453166782856,1,0.9540951135134577
76561199350975959,0,0.0033935809042304754,1,0.9540951135134577
76561198055400223,0,0.25144049525260925,1,0.9540951135134577
76561198146760057,0,0.0067557827569544315,1,0.9540951135134577
76561198309870501,0,0.8990569114685059,1,0.9540951135134577
76561198851671013,1,0.9779403209686279,1,0.9540951135134577
76561199170467782,0,0.004119568504393101,1,0.9540951135134577
76561199562960399,0,0.0035751943942159414,1,0.9540951135134577
76561198848501932,0,0.008753799833357334,1,0.9540951135134577
76561198853970115,0,0.00782073475420475,1,0.9540951135134577
76561198098151455,0,0.006283923052251339,1,0.9540951135134577
76561198124783058,0,0.4156056046485901,1,0.9540951135134577
76561198013143638,0,0.011981640011072159,1,0.9540951135134577
76561199050671009,0,0.046887338161468506,1,0.9540951135134577
76561199154658906,0,0.006307265721261501,1,0.9540951135134577
76561199206172917,1,0.9415620565414429,1,0.9540951135134577
76561199242599376,0,0.005019082687795162,1,0.9540951135134577
76561199185741985,0,0.03856688365340233,1,0.9540951135134577
76561199215042907,0,0.0071319760754704475,1,0.9540951135134577
76561198216022719,0,0.02683289162814617,1,0.9540951135134577
76561199497336009,0,0.41296061873435974,1,0.9540951135134577
76561198001731801,0,0.7995187044143677,1,0.9540951135134577
76561198446229261,0,0.004781235940754414,1,0.9540951135134577
76561198813870079,0,0.2670465409755707,1,0.9540951135134577
76561198962591086,0,0.00567177077755332,1,0.9540951135134577
76561198346837404,0,0.005382267292588949,1,0.9540951135134577
76561198167276289,0,0.24701480567455292,1,0.9540951135134577
76561198120522714,0,0.15369704365730286,1,0.9540951135134577
76561198171627387,0,0.9042781591415405,1,0.9540951135134577
76561198068891239,0,0.19542983174324036,1,0.9540951135134577
76561198387421342,0,0.41698402166366577,1,0.9540951135134577
76561198830740232,0,0.007066407706588507,1,0.9540951135134577
76561199588016311,0,0.8842254281044006,1,0.9540951135134577
76561198083182825,0,0.004575171507894993,1,0.9540951135134577
76561198043274748,0,0.5906474590301514,1,0.9540951135134577
76561198025876325,0,0.00424962630495429,1,0.9540951135134577
76561199127459958,0,0.0034040792379528284,1,0.9540951135134577
76561198297939472,0,0.0392848439514637,1,0.9540951135134577
76561199279350496,0,0.007540132850408554,1,0.9540951135134577
76561198049431234,0,0.010423284955322742,1,0.9540951135134577
76561199436630297,0,0.8258729577064514,1,0.9540951135134577
76561199120035269,0,0.98012375831604,1,0.9540951135134577
76561199024468717,0,0.006152896210551262,1,0.9540951135134577
76561199138016753,0,0.008001560345292091,1,0.9540951135134577
76561199623810512,0,0.01519604679197073,1,0.9540951135134577
76561199434216278,0,0.9047874808311462,1,0.9540951135134577
76561199121587172,0,0.008460046723484993,1,0.9540951135134577
76561198105582536,0,0.004487656522542238,1,0.9540951135134577
76561198052658162,0,0.00557392742484808,1,0.9540951135134577
76561198021273987,0,0.05243510380387306,1,0.9540951135134577
76561199255122685,0,0.0048378026112914085,1,0.9540951135134577
76561198036276167,0,0.006264162249863148,1,0.9540951135134577
76561198010619303,0,0.010794623754918575,1,0.9540951135134577
76561198451721329,0,0.0065762074664235115,1,0.9540951135134577
76561198090706441,0,0.0032869484275579453,1,0.9540951135134577
76561198032688888,0,0.18428945541381836,1,0.9540951135134577
76561198090810584,0,0.04503428936004639,1,0.9540951135134577
76561198989718578,0,0.006422520149499178,1,0.9540951135134577
76561198263370766,0,0.005232039839029312,1,0.9540951135134577
76561198207734375,0,0.003382770111784339,1,0.9540951135134577
76561198141674888,0,0.007586853113025427,1,0.9540951135134577
76561199662774841,0,0.006216038018465042,1,0.9540951135134577
76561198151496396,0,0.003997158259153366,1,0.9540951135134577
76561198403073557,0,0.49494171142578125,1,0.9540951135134577
76561199425935624,0,0.014056184329092503,1,0.9540951135134577
76561198268443513,0,0.02116207219660282,1,0.9540951135134577
76561198879672520,1,0.804868221282959,1,0.9540951135134577
76561198888996813,0,0.005457879509776831,1,0.9540951135134577
76561198259160367,0,0.010849972255527973,1,0.9540951135134577
76561198048867656,0,0.6039677858352661,1,0.9540951135134577
76561199445399235,0,0.005001470912247896,1,0.9540951135134577
76561198074357419,0,0.0038644869346171618,1,0.9540951135134577
76561199145270138,0,0.008766976185142994,1,0.9540951135134577
76561198110560360,0,0.004547376651316881,1,0.9540951135134577
76561198084957586,0,0.00615008594468236,1,0.9540951135134577
76561198156611239,1,0.9840763211250305,1,0.9540951135134577
76561198065870511,0,0.0071570901200175285,1,0.9540951135134577
76561198293307938,0,0.005048333201557398,1,0.9540951135134577
76561198038003299,0,0.003908185753971338,1,0.9540951135134577
76561198092559461,0,0.00380754959769547,1,0.9540951135134577
76561198084674719,0,0.004017977975308895,1,0.9540951135134577
76561198142021864,0,0.004877438303083181,1,0.9540951135134577
76561198079233864,0,0.6863992810249329,1,0.9540951135134577
76561198129668765,0,0.20294828712940216,1,0.9540951135134577
76561198390825780,1,0.9890613555908203,1,0.9540951135134577
76561198064881957,0,0.06887897849082947,1,0.9540951135134577
76561198821491739,0,0.03512302786111832,1,0.9540951135134577
76561198342770344,0,0.7981179356575012,1,0.9540951135134577
76561198257611400,0,0.007958493195474148,1,0.9540951135134577
76561198141190978,0,0.004314348101615906,1,0.9540951135134577
76561199325968403,0,0.004386774264276028,1,0.9540951135134577
76561198059756946,0,0.011624306440353394,1,0.9540951135134577
76561198835660185,0,0.960888683795929,1,0.9540951135134577
76561198064570300,0,0.1384134292602539,1,0.9540951135134577
76561198041300599,0,0.004401648882776499,1,0.9540951135134577
76561198190110334,0,0.12343468517065048,1,0.9540951135134577
76561199002003332,0,0.834790050983429,1,0.9540951135134577
76561198005030330,0,0.9712153077125549,1,0.9540951135134577
76561198323503912,0,0.017624961212277412,1,0.9540951135134577
76561198204220876,0,0.9785658717155457,1,0.9540951135134577
76561198188365159,0,0.007628581020981073,1,0.9540951135134577
76561198411654692,0,0.00314659858122468,1,0.9540951135134577
76561199133148808,0,0.0050451671704649925,1,0.9540951135134577
76561199229719277,1,0.9871572852134705,1,0.9540951135134577
76561199445317859,0,0.049862224608659744,1,0.9540951135134577
76561198361908049,0,0.005983805749565363,1,0.9540951135134577
76561199206082932,0,0.00863732025027275,1,0.9540951135134577
76561198384313570,0,0.0032869484275579453,1,0.9540951135134577
76561198024739533,0,0.010186341591179371,1,0.9540951135134577
76561198058749439,0,0.9814034700393677,1,0.9540951135134577
76561198346837903,0,0.005442910827696323,1,0.9540951135134577
76561198116814722,0,0.06729122251272202,1,0.9540951135134577
76561198815262346,0,0.025786591693758965,1,0.9540951135134577
76561198036779415,0,0.006959216669201851,1,0.9540951135134577
76561199570190372,1,0.98630291223526,1,0.9540951135134577
76561198012356291,0,0.0765802189707756,1,0.9540951135134577
76561198156911523,0,0.9677103757858276,1,0.9540951135134577
76561198105195714,0,0.9099596738815308,1,0.9540951135134577
76561198000344803,0,0.004873599857091904,1,0.9540951135134577
76561198181311405,0,0.003575145034119487,1,0.9540951135134577
76561198947631034,0,0.018050676211714745,1,0.9540951135134577
76561198415166429,0,0.005305670667439699,1,0.9540951135134577
76561199151641723,0,0.006029888987541199,1,0.9540951135134577
76561198860744848,0,0.9503722786903381,1,0.9540951135134577
76561199024529497,0,0.015678416937589645,1,0.9540951135134577
76561199132510825,0,0.003272166009992361,1,0.9540951135134577
76561198997694442,0,0.015605481341481209,1,0.9540951135134577
76561198285695926,0,0.008815607987344265,1,0.9540951135134577
76561199192719992,0,0.015816327184438705,1,0.9540951135134577
76561199222480296,0,0.04374545067548752,1,0.9540951135134577
76561198969101093,1,0.9842391014099121,1,0.9540951135134577
76561198032313992,0,0.0032869484275579453,1,0.9540951135134577
76561198176942269,0,0.00722553301602602,1,0.9540951135134577
76561198077720638,0,0.14270691573619843,1,0.9540951135134577
76561197992404392,0,0.9294057488441467,1,0.9540951135134577
76561198262334076,0,0.026606407016515732,1,0.9540951135134577
76561198264297772,0,0.0041442858055233955,1,0.9540951135134577
76561198123378292,0,0.021706270053982735,1,0.9540951135134577
76561199121480532,0,0.04395163804292679,1,0.9540951135134577
76561198167892406,0,0.003776990110054612,1,0.9540951135134577
76561199016679604,0,0.05132579430937767,1,0.9540951135134577
76561199476233755,0,0.004097153432667255,1,0.9540951135134577
76561199019429895,0,0.003192092990502715,1,0.9540951135134577
76561199164545841,0,0.07778489589691162,1,0.9540951135134577
76561198293203791,0,0.009597578085958958,1,0.9540951135134577
76561199654535960,0,0.004040798172354698,1,0.9540951135134577
76561198265420211,0,0.008755926974117756,1,0.9540951135134577
76561199465260015,0,0.8602244853973389,1,0.9540951135134577
76561198153235909,0,0.013664801605045795,1,0.9540951135134577
76561198061529463,0,0.00636660773307085,1,0.9540951135134577
76561199513747211,0,0.976963460445404,1,0.9540951135134577
76561198079712957,0,0.005635903216898441,1,0.9540951135134577
76561198150319820,0,0.006290536839514971,1,0.9540951135134577
76561198316308615,1,0.9614863395690918,1,0.9540951135134577
76561198097031578,0,0.004810763522982597,1,0.9540951135134577
76561198038672694,0,0.013066370040178299,1,0.9540951135134577
76561198008794350,0,0.006416947580873966,1,0.9540951135134577
76561198352593890,0,0.009604597464203835,1,0.9540951135134577
76561198395338021,0,0.003528484608978033,1,0.9540951135134577
76561199227575079,0,0.005097075831145048,1,0.9540951135134577
76561198874271186,0,0.009942716918885708,1,0.9540951135134577
76561198845688911,0,0.04498791694641113,1,0.9540951135134577
76561199123124968,0,0.004827065858989954,1,0.9540951135134577
76561198055888870,0,0.003913645166903734,1,0.9540951135134577
76561198130973140,1,0.9906381368637085,1,0.9540951135134577
76561197987948161,0,0.005442910827696323,1,0.9540951135134577
76561198059289443,0,0.003569252323359251,1,0.9540951135134577
76561198128676229,0,0.008571125566959381,1,0.9540951135134577
76561198058604021,0,0.005135813727974892,1,0.9540951135134577
76561199199647540,0,0.00888922531157732,1,0.9540951135134577
76561198331813409,0,0.004135260358452797,1,0.9540951135134577
76561198074169975,1,0.9672170877456665,1,0.9540951135134577
76561199082033608,0,0.003995548002421856,1,0.9540951135134577
76561197979083946,0,0.2573806047439575,1,0.9540951135134577
76561198272997349,0,0.0577513687312603,1,0.9540951135134577
76561198862815625,1,0.9889048337936401,1,0.9540951135134577
76561198370570026,0,0.5460989475250244,1,0.9540951135134577
76561199016865509,0,0.004616981837898493,1,0.9540951135134577
76561199134114359,0,0.004840502515435219,1,0.9540951135134577
76561199756813840,0,0.004496941342949867,1,0.9540951135134577
76561198095022386,0,0.01901542767882347,1,0.9540951135134577
76561199349435310,0,0.005308941006660461,1,0.9540951135134577
76561198447784549,0,0.01675642840564251,1,0.9540951135134577
76561197982534497,0,0.007378421723842621,1,0.9540951135134577
76561198357866266,0,0.08191101998090744,1,0.9540951135134577
76561198007767164,1,0.9298860430717468,1,0.9540951135134577
76561199439745486,0,0.056851401925086975,1,0.9540951135134577
76561198286967400,0,0.005713926162570715,1,0.9540951135134577
76561199370069615,0,0.01660332828760147,1,0.9540951135134577
76561199011094546,0,0.0035855730529874563,1,0.9540951135134577
76561199134963231,0,0.007030172273516655,1,0.9540951135134577
76561198069278314,0,0.005560918245464563,1,0.9540951135134577
76561198848555795,0,0.003543776459991932,1,0.9540951135134577
76561199173987920,0,0.003939605318009853,1,0.9540951135134577
76561199259307277,0,0.7153733372688293,1,0.9540951135134577
76561199013520232,0,0.0032243658788502216,1,0.9540951135134577
76561199083854981,0,0.006922583095729351,1,0.9540951135134577
76561198085942252,0,0.004337309394031763,1,0.9540951135134577
76561198255315947,0,0.8846448659896851,1,0.9540951135134577
76561198162136252,0,0.010244036093354225,1,0.9540951135134577
76561198057912662,0,0.6411288380622864,1,0.9540951135134577
76561199390233075,0,0.908204972743988,1,0.9540951135134577
76561198004868350,0,0.05941956490278244,1,0.9540951135134577
76561199050252004,0,0.00575536023825407,1,0.9540951135134577
76561197997026420,0,0.0044378419406712055,1,0.9540951135134577
76561199108005569,0,0.010552360676229,1,0.9540951135134577
76561199469919580,0,0.004603629466146231,1,0.9540951135134577
76561199057293040,0,0.019593629986047745,1,0.9540951135134577
76561197994095562,0,0.5756332874298096,1,0.9540951135134577
76561198053565453,0,0.00463483203202486,1,0.9540951135134577
76561198119565884,0,0.005305670667439699,1,0.9540951135134577
76561198129681885,0,0.005908138584345579,1,0.9540951135134577
76561198110407768,0,0.7028690576553345,1,0.9540951135134577
76561198007103817,1,0.9149561524391174,1,0.9540951135134577
76561198050684899,1,0.9848569631576538,1,0.9540951135134577
76561198217060029,0,0.005057106260210276,1,0.9540951135134577
76561198972702969,0,0.009978924877941608,1,0.9540951135134577
76561198071890625,0,0.02105959691107273,1,0.9540951135134577
76561198006957085,0,0.0052932389080524445,1,0.9540951135134577
76561199447277767,0,0.004744168370962143,1,0.9540951135134577
76561198093612428,0,0.006333331577479839,1,0.9540951135134577
76561198968883926,0,0.025689903646707535,1,0.9540951135134577
76561198027667174,0,0.9403864145278931,1,0.9540951135134577
76561199088186731,0,0.052938055247068405,1,0.9540951135134577
76561199167966665,0,0.02704431675374508,1,0.9540951135134577
76561198083334661,0,0.09389198571443558,1,0.9540951135134577
76561199069829729,0,0.014390144497156143,1,0.9540951135134577
76561198183711023,0,0.2777920067310333,1,0.9540951135134577
76561197994884017,0,0.01857765205204487,1,0.9540951135134577
76561199739967750,0,0.005533975549042225,1,0.9540951135134577
76561198822997960,0,0.09463205933570862,1,0.9540951135134577
76561198250687226,0,0.085529625415802,1,0.9540951135134577
76561198099670224,0,0.003917792811989784,1,0.9540951135134577
76561198210942673,0,0.004523999057710171,1,0.9540951135134577
76561198348277574,0,0.004541550297290087,1,0.9540951135134577
76561198087485974,1,0.9775214195251465,1,0.9540951135134577
76561198003951189,0,0.008053210563957691,1,0.9540951135134577
76561198058575944,0,0.028382452204823494,1,0.9540951135134577
76561198074333428,0,0.006593768019229174,1,0.9540951135134577
76561199139819504,0,0.9250742197036743,1,0.9540951135134577
76561198262419054,0,0.2367655634880066,1,0.9540951135134577
76561198079421466,0,0.014561216346919537,1,0.9540951135134577
76561198071464071,0,0.31150129437446594,1,0.9540951135134577
76561198966536442,0,0.010839829221367836,1,0.9540951135134577
76561198039308614,0,0.014837858267128468,1,0.9540951135134577
76561198006060264,0,0.005018814001232386,1,0.9540951135134577
76561199231778516,0,0.003192092990502715,1,0.9540951135134577
76561198164754384,0,0.04259010776877403,1,0.9540951135134577
76561198384183920,0,0.22251687943935394,1,0.9540951135134577
76561199013682788,0,0.0050810519605875015,1,0.9540951135134577
76561198041220444,0,0.004970768932253122,1,0.9540951135134577
76561198097427156,0,0.00352402962744236,1,0.9540951135134577
76561197996376918,0,0.003938417881727219,1,0.9540951135134577
76561198864495789,0,0.003019067458808422,1,0.9540951135134577
76561198799254674,0,0.04697359725832939,1,0.9540951135134577
76561198141776851,0,0.03661520779132843,1,0.9540951135134577
76561199119166283,0,0.007530173286795616,1,0.9540951135134577
76561198356859961,0,0.0035451436415314674,1,0.9540951135134577
76561198119113917,0,0.005886847618967295,1,0.9540951135134577
76561198079420641,0,0.004290425684303045,1,0.9540951135134577
76561199219823183,0,0.004746086895465851,1,0.9540951135134577
76561199635541890,0,0.003491136245429516,1,0.9540951135134577
76561198039830721,0,0.005732588469982147,1,0.9540951135134577
76561198116879306,0,0.006086772307753563,1,0.9540951135134577
76561198050154676,0,0.003369030775502324,1,0.9540951135134577
76561198181090014,0,0.007147341966629028,1,0.9540951135134577
76561198001294016,0,0.005753756035119295,1,0.9540951135134577
76561198054283029,0,0.03883140906691551,1,0.9540951135134577
76561198069423426,0,0.8924649357795715,1,0.9540951135134577
76561198186840557,1,0.5483729243278503,1,0.9540951135134577
76561198164335886,0,0.0794515311717987,1,0.9540951135134577
76561199121875979,0,0.00921169389039278,1,0.9540951135134577
76561198006561967,0,0.004426795057952404,1,0.9540951135134577
76561198171826573,0,0.9757155179977417,1,0.9540951135134577
76561197989960053,0,0.004392294678837061,1,0.9540951135134577
76561198443220917,0,0.5970597267150879,1,0.9540951135134577
76561198169288394,0,0.9627413749694824,1,0.9540951135134577
76561198256528800,0,0.4471071660518646,1,0.9540951135134577
76561198298013699,0,0.00899130292236805,1,0.9540951135134577
76561198126917695,0,0.016901645809412003,1,0.9540951135134577
76561198998681450,0,0.09375414252281189,1,0.9540951135134577
76561198826742909,1,0.9848107099533081,1,0.9540951135134577
76561199609209021,0,0.00739607959985733,1,0.9540951135134577
76561199031176915,0,0.0060766697861254215,1,0.9540951135134577
76561197981131336,0,0.37133315205574036,1,0.9540951135134577
76561198871779773,0,0.008396620862185955,1,0.9540951135134577
76561199013947696,0,0.6505264639854431,1,0.9540951135134577
76561199206905815,0,0.01535582821816206,1,0.9540951135134577
76561198103047071,0,0.8514921069145203,1,0.9540951135134577
76561198059841475,0,0.009991028346121311,1,0.9540951135134577
76561198870813817,0,0.02229577675461769,1,0.9540951135134577
76561199037804761,0,0.003192092990502715,1,0.9540951135134577
76561199133774750,0,0.004954253789037466,1,0.9540951135134577
76561198058815928,0,0.006469374988228083,1,0.9540951135134577
76561198272374691,0,0.024342065677046776,1,0.9540951135134577
76561198083950645,0,0.0046403855085372925,1,0.9540951135134577
76561198168319893,0,0.005945153534412384,1,0.9540951135134577
76561198120029181,0,0.008907926268875599,1,0.9540951135134577
76561198308349082,0,0.004249047487974167,1,0.9540951135134577
76561199092365417,0,0.005014750640839338,1,0.9540951135134577
76561198153181435,0,0.3050442039966583,1,0.9540951135134577
76561198340371288,0,0.29899173974990845,1,0.9540951135134577
76561198072138431,0,0.008697946555912495,1,0.9540951135134577
76561198273937186,0,0.9609308242797852,1,0.9540951135134577
76561199397334277,0,0.023564618080854416,1,0.9540951135134577
76561198224026384,0,0.005654849577695131,1,0.9540951135134577
76561198345481338,0,0.005694113671779633,1,0.9540951135134577
76561198969711246,1,0.97882080078125,1,0.9540951135134577
76561198849346396,0,0.0038883418310433626,1,0.9540951135134577
76561198055987741,0,0.2592620551586151,1,0.9540951135134577
76561199029981457,0,0.07351381331682205,1,0.9540951135134577
76561198289754353,0,0.0051393574103713036,1,0.9540951135134577
76561199165763661,0,0.006975256372243166,1,0.9540951135134577
76561199079150875,0,0.0052823713049292564,1,0.9540951135134577
76561197993964704,0,0.2530945837497711,1,0.9540951135134577
76561198870388916,0,0.025878340005874634,1,0.9540951135134577
76561198190055595,0,0.0036127727944403887,1,0.9540951135134577
76561198393915673,0,0.006987991277128458,1,0.9540951135134577
76561199100630871,0,0.010239889845252037,1,0.9540951135134577
76561198822748168,0,0.003630478400737047,1,0.9540951135134577
76561198190833514,0,0.003487869631499052,1,0.9540951135134577
76561198818422212,0,0.45620501041412354,1,0.9540951135134577
76561197980752397,0,0.006429390981793404,1,0.9540951135134577
76561198093680377,0,0.009100203402340412,1,0.9540951135134577
76561198110060098,0,0.004308877978473902,1,0.9540951135134577
76561197986046546,0,0.005865749437361956,1,0.9540951135134577
76561197976612142,0,0.8534197807312012,1,0.9540951135134577
76561198872180279,0,0.010339363478124142,1,0.9540951135134577
76561199395128525,0,0.006063631270080805,1,0.9540951135134577
76561198106576912,0,0.0059981802478432655,1,0.9540951135134577
76561198192977079,0,0.005568522959947586,1,0.9540951135134577
76561198201714742,0,0.05817655473947525,1,0.9540951135134577
76561199039501471,0,0.02540961280465126,1,0.9540951135134577
76561198368872816,0,0.008781532756984234,1,0.9540951135134577
76561199014081285,0,0.005574445705860853,1,0.9540951135134577
76561198037038029,1,0.9527746438980103,1,0.9540951135134577
76561198217791840,0,0.04473201557993889,1,0.9540951135134577
76561199568001772,0,0.0035751943942159414,1,0.9540951135134577
76561198163834168,0,0.003836410352960229,1,0.9540951135134577
76561199273469813,0,0.01351297739893198,1,0.9540951135134577
76561198089009633,0,0.004630332812666893,1,0.9540951135134577
76561197984275550,0,0.02476082742214203,1,0.9540951135134577
76561198339495709,0,0.0035854061134159565,1,0.9540951135134577
76561198445128460,0,0.004167122766375542,1,0.9540951135134577
76561199531433985,0,0.006555977277457714,1,0.9540951135134577
76561198173021638,0,0.008302262052893639,1,0.9540951135134577
76561199202194077,0,0.00413269829005003,1,0.9540951135134577
76561198023677166,0,0.005138314329087734,1,0.9540951135134577
76561199069886616,0,0.0066866627894341946,1,0.9540951135134577
76561198068254870,0,0.007428896147757769,1,0.9540951135134577
76561199093142167,0,0.3562632203102112,1,0.9540951135134577
76561198797047808,0,0.007844673469662666,1,0.9540951135134577
76561197983157173,0,0.007328445091843605,1,0.9540951135134577
76561198847937458,0,0.004983187187463045,1,0.9540951135134577
76561198123399048,0,0.008931638672947884,1,0.9540951135134577
76561198384905155,0,0.0163654163479805,1,0.9540951135134577
76561198346059805,0,0.0034438478760421276,1,0.9540951135134577
76561198139361576,0,0.009169384837150574,1,0.9540951135134577
76561198086560101,0,0.004024220630526543,1,0.9540951135134577
76561197983549635,0,0.00486406497657299,1,0.9540951135134577
76561198353061220,0,0.010676725767552853,1,0.9540951135134577
76561198070967811,0,0.4351840913295746,1,0.9540951135134577
76561198029500815,0,0.008023841306567192,1,0.9540951135134577
76561198309690724,0,0.01978219673037529,1,0.9540951135134577
76561198928700575,0,0.8515629768371582,1,0.9540951135134577
76561197982199854,0,0.00855562835931778,1,0.9540951135134577
76561199095736820,0,0.005320606753230095,1,0.9540951135134577
76561199018562068,0,0.003547003958374262,1,0.9540951135134577
76561199148833534,0,0.005538369994610548,1,0.9540951135134577
76561198368634017,0,0.012535934336483479,1,0.9540951135134577
76561199096021968,0,0.007940870709717274,1,0.9540951135134577
76561198117348312,0,0.04302504286170006,1,0.9540951135134577
76561198032017799,0,0.01979193463921547,1,0.9540951135134577
76561199079362635,1,0.9892169237136841,1,0.9540951135134577
76561198412507097,0,0.0036180615425109863,1,0.9540951135134577
76561199507878054,0,0.00716581754386425,1,0.9540951135134577
76561198367334696,0,0.9565274715423584,1,0.9540951135134577
76561199192787495,0,0.004300245083868504,1,0.9540951135134577
76561199368214520,0,0.04366321861743927,1,0.9540951135134577
76561199168796502,0,0.9753237962722778,1,0.9540951135134577
76561198083470616,0,0.004831349011510611,1,0.9540951135134577
76561198103882979,0,0.0824761688709259,1,0.9540951135134577
76561199499592152,0,0.00314659858122468,1,0.9540951135134577
76561198002161426,0,0.4907815158367157,1,0.9540951135134577
76561198421127053,1,0.9613122940063477,1,0.9540951135134577
76561199596493935,0,0.5402805209159851,1,0.9540951135134577
76561198796911176,0,0.052873045206069946,1,0.9540951135134577
76561197965449827,0,0.01539767999202013,1,0.9540951135134577
76561199088681074,0,0.005618949420750141,1,0.9540951135134577
76561199168967769,0,0.007853365503251553,1,0.9540951135134577
76561199066308475,0,0.003192092990502715,1,0.9540951135134577
76561199098626797,0,0.006451656576246023,1,0.9540951135134577
76561199481273823,0,0.0035985573194921017,1,0.9540951135134577
76561199111269269,0,0.012979412451386452,1,0.9540951135134577
76561198122446672,0,0.007232921663671732,1,0.9540951135134577
76561198444826759,0,0.0036935722455382347,1,0.9540951135134577
76561198037270521,0,0.004989768844097853,1,0.9540951135134577
76561198038300554,0,0.03724632039666176,1,0.9540951135134577
76561198036422915,0,0.013109397143125534,1,0.9540951135134577
76561199257775234,0,0.2676626145839691,1,0.9540951135134577
76561198228220596,1,0.9408581256866455,1,0.9540951135134577
76561198968190582,0,0.005305670667439699,1,0.9540951135134577
76561198146865183,0,0.008840767666697502,1,0.9540951135134577
76561198408861665,0,0.010349562391638756,1,0.9540951135134577
76561198008073030,0,0.015316578559577465,1,0.9540951135134577
76561198269207920,0,0.006355841178447008,1,0.9540951135134577
76561199089044862,0,0.0045960573479533195,1,0.9540951135134577
76561198980524644,0,0.009579569101333618,1,0.9540951135134577
76561198301728685,0,0.010833973065018654,1,0.9540951135134577
76561199002911069,0,0.02315359003841877,1,0.9540951135134577
76561199437802877,0,0.004651055671274662,1,0.9540951135134577
76561198133015047,0,0.007745085749775171,1,0.9540951135134577
76561199091792810,0,0.468037486076355,1,0.9540951135134577
76561198993058539,0,0.00917371828109026,1,0.9540951135134577
76561198025357237,0,0.00703530665487051,1,0.9540951135134577
76561199137823110,0,0.004151070024818182,1,0.9540951135134577
76561198287991005,0,0.005007135681807995,1,0.9540951135134577
76561198272619894,0,0.5192636847496033,1,0.9540951135134577
76561198874447688,0,0.005177749786525965,1,0.9540951135134577
76561198195392351,0,0.0065199630334973335,1,0.9540951135134577
76561199151216454,0,0.003575145034119487,1,0.9540951135134577
76561198093146753,0,0.00495440186932683,1,0.9540951135134577
76561199436409959,0,0.011274139396846294,1,0.9540951135134577
76561199080723197,0,0.012954585254192352,1,0.9540951135134577
76561198977757631,0,0.005445805378258228,1,0.9540951135134577
76561199088149788,0,0.967625081539154,1,0.9540951135134577
76561199405102917,0,0.909263014793396,1,0.9540951135134577
76561198218220284,0,0.004041905049234629,1,0.9540951135134577
76561198335839234,0,0.00855952501296997,1,0.9540951135134577
76561198902287546,0,0.014917613007128239,1,0.9540951135134577
76561198085561574,0,0.004083806648850441,1,0.9540951135134577
76561198972218646,0,0.0061739664524793625,1,0.9540951135134577
76561199640485317,0,0.003575145034119487,1,0.9540951135134577
76561198969140799,0,0.003491136245429516,1,0.9540951135134577
76561198881002378,0,0.006416947580873966,1,0.9540951135134577
76561198008728384,0,0.007346480153501034,1,0.9540951135134577
76561199428263987,0,0.009245448745787144,1,0.9540951135134577
76561198303843871,0,0.004450895357877016,1,0.9540951135134577
76561198006007186,0,0.007838662713766098,1,0.9540951135134577
76561197991848797,0,0.006568495184183121,1,0.9540951135134577
76561199105589823,0,0.007481547072529793,1,0.9540951135134577
76561199512140648,0,0.15999171137809753,1,0.9540951135134577
76561199387099948,0,0.004199951887130737,1,0.9540951135134577
76561198092538932,0,0.0061708372086286545,1,0.9540951135134577
76561199562741430,0,0.004135909955948591,1,0.9540951135134577
76561198131692757,0,0.012307573109865189,1,0.9540951135134577
76561198065573654,0,0.6735267639160156,1,0.9540951135134577
76561198212292853,1,0.9677047729492188,1,0.9540951135134577
76561198882887232,0,0.0032399646006524563,1,0.9540951135134577
76561198244069390,0,0.10027433931827545,1,0.9540951135134577
76561199117173221,0,0.11868191510438919,1,0.9540951135134577
76561199124713750,0,0.1814088374376297,1,0.9540951135134577
76561198076143029,0,0.023804033175110817,1,0.9540951135134577
76561198095399757,0,0.13939915597438812,1,0.9540951135134577
76561198113344540,0,0.011458707973361015,1,0.9540951135134577
76561198109349417,0,0.003938600886613131,1,0.9540951135134577
76561198143164800,1,0.9868859052658081,1,0.9540951135134577
76561199367529911,0,0.006518913432955742,1,0.9540951135134577
76561197986990711,1,0.9849115610122681,1,0.9540951135134577
76561198009123545,0,0.003936607390642166,1,0.9540951135134577
76561198171911471,0,0.1402634084224701,1,0.9540951135134577
76561199013525994,0,0.8192266225814819,1,0.9540951135134577
76561197991839674,0,0.7009046077728271,1,0.9540951135134577
76561198093327871,0,0.016909457743167877,1,0.9540951135134577
76561199235674224,1,0.989589512348175,1,0.9540951135134577
76561199187845403,1,0.9511916041374207,1,0.9540951135134577
76561199090767971,0,0.00314659858122468,1,0.9540951135134577
76561199084700883,0,0.08817994594573975,1,0.9540951135134577
76561198134800713,1,0.8370565176010132,1,0.9540951135134577
76561199630212838,0,0.006328435614705086,1,0.9540951135134577
76561198148981878,0,0.008914842270314693,1,0.9540951135134577
76561198081198953,0,0.5985170602798462,1,0.9540951135134577
76561198106992814,0,0.03182924538850784,1,0.9540951135134577
76561199090476072,0,0.004429397638887167,1,0.9540951135134577
76561199184809111,0,0.016464468091726303,1,0.9540951135134577
76561198886786729,0,0.008532503619790077,1,0.9540951135134577
76561198021822153,0,0.006498479284346104,1,0.9540951135134577
76561199389381996,0,0.0047944821417331696,1,0.9540951135134577
76561198396721433,0,0.9537287354469299,1,0.9540951135134577
76561198106277167,0,0.008543376810848713,1,0.9540951135134577
76561199029439423,0,0.004348680377006531,1,0.9540951135134577
76561198165072165,0,0.1370295137166977,1,0.9540951135134577
76561198354038602,0,0.008073798380792141,1,0.9540951135134577
76561198964614213,0,0.004179437179118395,1,0.9540951135134577
76561198122978970,0,0.835955798625946,1,0.9540951135134577
76561198079310368,0,0.005691559985280037,1,0.9540951135134577
76561198147169117,0,0.004277797881513834,1,0.9540951135134577
76561198409802967,0,0.0040594786405563354,1,0.9540951135134577
76561199061356326,0,0.004156399518251419,1,0.9540951135134577
76561198149373922,0,0.005469609051942825,1,0.9540951135134577
76561198958661281,0,0.018343569710850716,1,0.9540951135134577
76561198022240336,0,0.44522982835769653,1,0.9540951135134577
76561198369711106,0,0.8613285422325134,1,0.9540951135134577
76561197979514701,0,0.3039836883544922,1,0.9540951135134577
76561199077881599,0,0.006236593704670668,1,0.9540951135134577
76561198414451843,0,0.7492589950561523,1,0.9540951135134577
76561198055305262,0,0.034926339983940125,1,0.9540951135134577
76561199498318843,0,0.0072785173542797565,1,0.9540951135134577
76561198304179721,0,0.00544933183118701,1,0.9540951135134577
76561199157688232,0,0.9636005163192749,1,0.9540951135134577
76561198007537457,0,0.09309976547956467,1,0.9540951135134577
76561199232116231,0,0.009110499173402786,1,0.9540951135134577
76561198105649637,0,0.004945402033627033,1,0.9540951135134577
76561198046854292,0,0.004496405366808176,1,0.9540951135134577
76561198303867562,0,0.008078929036855698,1,0.9540951135134577
76561198030458867,0,0.00635910127311945,1,0.9540951135134577
76561199260164853,0,0.09135603159666061,1,0.9540951135134577
76561198117410076,0,0.24438075721263885,1,0.9540951135134577
76561198975190191,1,0.9671457409858704,1,0.9540951135134577
76561198031824016,1,0.9884309768676758,1,0.9540951135134577
76561198159542414,0,0.9690775871276855,1,0.9540951135134577
76561198161238204,0,0.9449908137321472,1,0.9540951135134577
76561198044522324,0,0.006366939749568701,1,0.9540951135134577
76561199472892403,0,0.005315924994647503,1,0.9540951135134577
76561198985585394,0,0.004488291218876839,1,0.9540951135134577
76561198415987901,0,0.003820964368060231,1,0.9540951135134577
76561198984082436,0,0.0054062544368207455,1,0.9540951135134577
76561198169772382,0,0.9121798872947693,1,0.9540951135134577
76561199078063428,0,0.0034679819364100695,1,0.9540951135134577
76561198072890523,0,0.9469735622406006,1,0.9540951135134577
76561198081309676,0,0.007362636271864176,1,0.9540951135134577
76561199217581672,0,0.00921169389039278,1,0.9540951135134577
76561198104777542,0,0.007735245395451784,1,0.9540951135134577
76561198359116252,0,0.0036001871339976788,1,0.9540951135134577
76561199188467315,0,0.011700108647346497,1,0.9540951135134577
76561199052568983,0,0.006881365552544594,1,0.9540951135134577
76561199814433233,0,0.00782330334186554,1,0.9540951135134577
76561199070561561,0,0.007204851135611534,1,0.9540951135134577
76561199061192126,0,0.0035751943942159414,1,0.9540951135134577
76561198868978696,0,0.07736972719430923,1,0.9540951135134577
76561197981286583,0,0.006500533316284418,1,0.9540951135134577
76561198135061536,0,0.004161064513027668,1,0.9540951135134577
76561199381001851,0,0.005161953624337912,1,0.9540951135134577
76561198116000772,0,0.005310907494276762,1,0.9540951135134577
76561198061508137,0,0.005641982890665531,1,0.9540951135134577
76561198392875296,0,0.003192092990502715,1,0.9540951135134577
76561198243119108,0,0.15026457607746124,1,0.9540951135134577
76561198071575520,0,0.6055924892425537,1,0.9540951135134577
76561199500300077,0,0.00838451273739338,1,0.9540951135134577
76561199089647384,0,0.005261191166937351,1,0.9540951135134577
76561198821832419,0,0.02923527918756008,1,0.9540951135134577
76561198129816767,0,0.003983766306191683,1,0.9540951135134577
76561198037561542,0,0.004206114914268255,1,0.9540951135134577
76561199465477531,0,0.005966866388916969,1,0.9540951135134577
76561198089550918,0,0.0039460062980651855,1,0.9540951135134577
76561199611647261,0,0.003658069996163249,1,0.9540951135134577
76561199100023551,0,0.3803378641605377,1,0.9540951135134577
76561198996665287,0,0.004921083804219961,1,0.9540951135134577
76561199189619992,1,0.981404721736908,1,0.9540951135134577
76561199102685810,0,0.004353971686214209,1,0.9540951135134577
76561198113823034,0,0.005174039863049984,1,0.9540951135134577
76561199139785609,0,0.004238561261445284,1,0.9540951135134577
76561198092694887,0,0.676127552986145,1,0.9540951135134577
76561198043912164,0,0.003836116986349225,1,0.9540951135134577
76561198097792288,0,0.17956185340881348,1,0.9540951135134577
76561198028665735,0,0.9525420069694519,1,0.9540951135134577
76561198110872232,0,0.03738702833652496,1,0.9540951135134577
76561198153212749,0,0.9486451148986816,1,0.9540951135134577
76561198078260751,0,0.004435171373188496,1,0.9540951135134577
76561198018514753,0,0.004294165410101414,1,0.9540951135134577
76561198089317640,1,0.9537440538406372,1,0.9540951135134577
76561198838579305,0,0.36359888315200806,1,0.9540951135134577
76561199094988696,0,0.49496039748191833,1,0.9540951135134577
76561198087518476,0,0.010485266335308552,1,0.9540951135134577
76561198013570285,0,0.0037364549934864044,1,0.9540951135134577
76561199247500190,0,0.005885697901248932,1,0.9540951135134577
76561198112031812,0,0.8229382038116455,1,0.9540951135134577
76561198189936118,0,0.8553964495658875,1,0.9540951135134577
76561198064659773,0,0.052532684057950974,1,0.9540951135134577
76561199153111184,0,0.0065959179773926735,1,0.9540951135134577
76561198838011187,0,0.0032121255062520504,1,0.9540951135134577
76561198001558628,0,0.003531533991917968,1,0.9540951135134577
76561198874162464,0,0.006007068790495396,1,0.9540951135134577
76561198075219474,0,0.007615949492901564,1,0.9540951135134577
76561199711665032,0,0.0036391871981322765,1,0.9540951135134577
76561198153774711,0,0.0060440776869654655,1,0.9540951135134577
76561199124747145,0,0.003019067458808422,1,0.9540951135134577
76561198045009261,0,0.007854670286178589,1,0.9540951135134577
76561198117969978,0,0.004004920367151499,1,0.9540951135134577
76561198997129945,0,0.0033891359344124794,1,0.9540951135134577
76561198216603216,0,0.006282523740082979,1,0.9540951135134577
76561199073181194,0,0.00482505327090621,1,0.9540951135134577
76561198067883686,0,0.006726066116243601,1,0.9540951135134577
76561198079191101,0,0.00598281342536211,1,0.9540951135134577
76561199143163772,0,0.009958839043974876,1,0.9540951135134577
76561198189937695,0,0.007079488132148981,1,0.9540951135134577
76561199020870933,1,0.983391523361206,1,0.9540951135134577
76561198292653939,0,0.36708831787109375,1,0.9540951135134577
76561198102101515,0,0.008438434451818466,1,0.9540951135134577
76561198051667058,0,0.004407394677400589,1,0.9540951135134577
76561198041120539,0,0.3121507167816162,1,0.9540951135134577
76561198869551394,0,0.004599615000188351,1,0.9540951135134577
76561198846693105,0,0.00723069254308939,1,0.9540951135134577
76561198344168147,0,0.005319057963788509,1,0.9540951135134577
76561199067009048,0,0.02230479195713997,1,0.9540951135134577
76561199124128688,0,0.2320963591337204,1,0.9540951135134577
76561198181687249,0,0.03685706481337547,1,0.9540951135134577
76561198077482340,0,0.005652737338095903,1,0.9540951135134577
76561198366620105,0,0.009165182709693909,1,0.9540951135134577
76561199375228573,0,0.004501489922404289,1,0.9540951135134577
76561198014294847,0,0.970098078250885,1,0.9540951135134577
76561198060486006,0,0.9396104216575623,1,0.9540951135134577
76561199514730269,0,0.006607118993997574,1,0.9540951135134577
76561198116385605,0,0.006440659053623676,1,0.9540951135134577
76561199089458541,0,0.009964744560420513,1,0.9540951135134577
76561199476463831,0,0.005015393253415823,1,0.9540951135134577
76561198088514916,0,0.009837912395596504,1,0.9540951135134577
76561199150672059,0,0.7911443710327148,1,0.9540951135134577
76561198053144515,0,0.10246974974870682,1,0.9540951135134577
76561199207662602,0,0.02704431675374508,1,0.9540951135134577
76561198925493048,1,0.025577226653695107,1,0.9540951135134577
76561198860553047,0,0.3494877815246582,1,0.9540951135134577
76561198125516913,0,0.005327076185494661,1,0.9540951135134577
76561199085777111,0,0.005423170980066061,1,0.9540951135134577
76561198951575429,0,0.007119284477084875,1,0.9540951135134577
76561198020911257,0,0.0728485956788063,1,0.9540951135134577
76561198327229081,0,0.004960922058671713,1,0.9540951135134577
76561198021314586,0,0.004746514838188887,1,0.9540951135134577
76561198425809783,0,0.005376491229981184,1,0.9540951135134577
76561198829127277,0,0.020554138347506523,1,0.9540951135134577
76561198339779981,0,0.022246001288294792,1,0.9540951135134577
76561199004048769,0,0.004568036645650864,1,0.9540951135134577
76561199153197352,0,0.0033802955877035856,1,0.9540951135134577
76561198062619009,0,0.9689452052116394,1,0.9540951135134577
76561198076342644,0,0.004656095523387194,1,0.9540951135134577
76561198239129454,0,0.005304002668708563,1,0.9540951135134577
76561198058888280,0,0.0046602278016507626,1,0.9540951135134577
76561198009357156,0,0.004003370180726051,1,0.9540951135134577
76561198300654308,0,0.003923850599676371,1,0.9540951135134577
76561199415837771,0,0.15031293034553528,1,0.9540951135134577
76561198023548615,0,0.004030716139823198,1,0.9540951135134577
76561198838424477,0,0.1441999226808548,1,0.9540951135134577
76561198024262699,0,0.3420003354549408,1,0.9540951135134577
76561198015063020,0,0.7185364365577698,1,0.9540951135134577
76561198290347459,0,0.0052463640458881855,1,0.9540951135134577
76561197994034954,0,0.5028947591781616,1,0.9540951135134577
76561198063541467,0,0.017885370180010796,1,0.9540951135134577
76561198129263236,0,0.2588811218738556,1,0.9540951135134577
76561198402917052,1,0.9806484580039978,1,0.9540951135134577
76561198010940890,0,0.9221355319023132,1,0.9540951135134577
76561198889974162,0,0.015980014577507973,1,0.9540951135134577
76561198010386427,0,0.3087161183357239,1,0.9540951135134577
76561199189090365,0,0.005979006178677082,1,0.9540951135134577
76561199062883893,0,0.03937188908457756,1,0.9540951135134577
76561198279700297,0,0.9073572158813477,1,0.9540951135134577
76561198970807979,0,0.015847979113459587,1,0.9540951135134577
76561199275059216,0,0.004518419504165649,1,0.9540951135134577
76561198990390285,0,0.007618279196321964,1,0.9540951135134577
76561198329754156,0,0.724348783493042,1,0.9540951135134577
76561198346300009,0,0.00652205478399992,1,0.9540951135134577
76561198445387034,0,0.004133816808462143,1,0.9540951135134577
76561198015910623,0,0.013528992421925068,1,0.9540951135134577
76561198860622824,0,0.015697520226240158,1,0.9540951135134577
76561198169320978,0,0.2403552085161209,1,0.9540951135134577
76561199316838602,0,0.00751637015491724,1,0.9540951135134577
76561198254556107,0,0.0033670656848698854,1,0.9540951135134577
76561199515782856,0,0.003542096121236682,1,0.9540951135134577
76561198930998640,0,0.005144660361111164,1,0.9540951135134577
76561199097565211,0,0.005756463389843702,1,0.9540951135134577
76561198379875561,0,0.004156467039138079,1,0.9540951135134577
76561198447007542,0,0.008044153451919556,1,0.9540951135134577
76561199098235372,0,0.01485159620642662,1,0.9540951135134577
76561198096929800,0,0.007432666607201099,1,0.9540951135134577
76561199105787064,0,0.011402741074562073,1,0.9540951135134577
76561199260128362,0,0.006913089193403721,1,0.9540951135134577
76561199446593839,0,0.0032869484275579453,1,0.9540951135134577
76561198879528224,1,0.9608226418495178,1,0.9540951135134577
76561199212915671,0,0.8392852544784546,1,0.9540951135134577
76561198108762827,0,0.1564607173204422,1,0.9540951135134577
76561199239616470,0,0.1254015564918518,1,0.9540951135134577
76561199383019250,0,0.2175426334142685,1,0.9540951135134577
76561198214880629,0,0.00391874136403203,1,0.9540951135134577
76561198907749687,0,0.012294578365981579,1,0.9540951135134577
76561199091505412,0,0.6975051164627075,1,0.9540951135134577
76561198094499749,0,0.02572552114725113,1,0.9540951135134577
76561199194386479,0,0.8993315696716309,1,0.9540951135134577
76561199481479457,0,0.22659561038017273,1,0.9540951135134577
76561198837911415,0,0.8533807396888733,1,0.9540951135134577
76561198047742374,1,0.9842956066131592,1,0.9540951135134577
76561197987337135,0,0.15653498470783234,1,0.9540951135134577
76561197993484003,0,0.009908315725624561,1,0.9540951135134577
76561198971720812,0,0.9819980263710022,1,0.9540951135134577
76561198121066507,0,0.006528750061988831,1,0.9540951135134577
76561198358419404,0,0.0035878310445696115,1,0.9540951135134577
76561198044598769,0,0.003575145034119487,1,0.9540951135134577
76561199105485169,0,0.005636951420456171,1,0.9540951135134577
76561199450948481,0,0.03372325003147125,1,0.9540951135134577
76561199096276741,0,0.005498035810887814,1,0.9540951135134577
76561198142958776,0,0.013721991330385208,1,0.9540951135134577
76561198391450962,0,0.06854747980833054,1,0.9540951135134577
76561198314152295,0,0.18287356197834015,1,0.9540951135134577
76561199225027654,0,0.0034246952272951603,1,0.9540951135134577
76561199581802345,0,0.004345376044511795,1,0.9540951135134577
76561198050315770,0,0.051153555512428284,1,0.9540951135134577
76561199769308106,0,0.004070543684065342,1,0.9540951135134577
76561199248178460,0,0.005668142344802618,1,0.9540951135134577
76561198096914875,0,0.0055680470541119576,1,0.9540951135134577
76561199162120383,0,0.1931557059288025,1,0.9540951135134577
76561198064739403,0,0.004393869545310736,1,0.9540951135134577
76561198418368878,0,0.0035380085464566946,1,0.9540951135134577
76561198079312111,0,0.008174530230462551,1,0.9540951135134577
76561199763124823,0,0.5074423551559448,1,0.9540951135134577
76561199104956540,0,0.005104329902678728,1,0.9540951135134577
76561199293001939,0,0.003808580571785569,1,0.9540951135134577
76561198090123735,0,0.019798558205366135,1,0.9540951135134577
76561199261554886,0,0.0088269067928195,1,0.9540951135134577
76561198082187903,0,0.00737770227715373,1,0.9540951135134577
76561199226605237,0,0.00739607959985733,1,0.9540951135134577
76561198969529498,0,0.013715003617107868,1,0.9540951135134577
76561198111280327,0,0.08263085037469864,1,0.9540951135134577
76561198308365661,0,0.0035751943942159414,1,0.9540951135134577
76561199468077393,0,0.003575145034119487,1,0.9540951135134577
76561198133505549,0,0.006250979378819466,1,0.9540951135134577
76561198191786533,0,0.00517032528296113,1,0.9540951135134577
76561199086994433,0,0.0034587508998811245,1,0.9540951135134577
76561199545384645,0,0.005413196515291929,1,0.9540951135134577
76561198085123326,0,0.0074620735831558704,1,0.9540951135134577
76561197993486838,0,0.020015232264995575,1,0.9540951135134577
76561199155143155,0,0.0032869484275579453,1,0.9540951135134577
76561198006706041,0,0.032286401838064194,1,0.9540951135134577
76561199544417649,0,0.009389284998178482,1,0.9540951135134577
76561198915378759,0,0.40765801072120667,1,0.9540951135134577
76561199521379410,0,0.004852494224905968,1,0.9540951135134577
76561198211848291,0,0.00440968805924058,1,0.9540951135134577
76561199131013516,1,0.9865587949752808,1,0.9540951135134577
76561198146425583,1,0.9867460131645203,1,0.9540951135134577
76561198010303720,0,0.0150902783498168,1,0.9540951135134577
76561198908888690,0,0.004222114570438862,1,0.9540951135134577
76561198114407010,0,0.0040178848430514336,1,0.9540951135134577
76561197979688999,0,0.24746190011501312,1,0.9540951135134577
76561198393841427,0,0.00916491448879242,1,0.9540951135134577
76561199619867562,0,0.898705780506134,1,0.9540951135134577
76561198329632257,0,0.003165600122883916,1,0.9540951135134577
76561199724870235,0,0.005428323056548834,1,0.9540951135134577
76561199111311435,0,0.09853918105363846,1,0.9540951135134577
76561198928289350,0,0.2685612738132477,1,0.9540951135134577
76561198043518646,0,0.012546498328447342,1,0.9540951135134577
76561198800054922,0,0.0057251849211752415,1,0.9540951135134577
76561199215548879,0,0.9827213883399963,1,0.9540951135134577
76561198887863381,1,0.9526346325874329,1,0.9540951135134577
76561198078049392,0,0.03384493291378021,1,0.9540951135134577
76561198083122843,0,0.9708859324455261,1,0.9540951135134577
76561198279496298,0,0.06543795019388199,1,0.9540951135134577
76561198997918362,0,0.8323716521263123,1,0.9540951135134577
76561198850875500,0,0.0034570961724966764,1,0.9540951135134577
76561199079330734,0,0.003575145034119487,1,0.9540951135134577
76561198083969851,0,0.006413687020540237,1,0.9540951135134577
76561198018693673,0,0.03860900178551674,1,0.9540951135134577
76561198272208736,0,0.9815093278884888,1,0.9540951135134577
76561199677609975,0,0.0062474459409713745,1,0.9540951135134577
76561198864594139,0,0.0043283686973154545,1,0.9540951135134577
76561199765260910,0,0.004511475563049316,1,0.9540951135134577
76561198058674470,0,0.6384989619255066,1,0.9540951135134577
76561199094105169,0,0.7667611837387085,1,0.9540951135134577
76561199110296914,0,0.01198869664222002,1,0.9540951135134577
76561199041783149,0,0.004599780775606632,1,0.9540951135134577
76561199045100669,0,0.00386869627982378,1,0.9540951135134577
76561199140504015,0,0.012513034045696259,1,0.9540951135134577
76561199154416243,0,0.00446432875469327,1,0.9540951135134577
76561199134861933,0,0.9641273617744446,1,0.9540951135134577
76561198850874790,0,0.005282115191221237,1,0.9540951135134577
76561198974486132,0,0.00628532562404871,1,0.9540951135134577
76561198095111967,0,0.006669610273092985,1,0.9540951135134577
76561198374714499,0,0.004522998817265034,1,0.9540951135134577
76561198872845156,0,0.030348462983965874,1,0.9540951135134577
76561198798851694,0,0.012126469053328037,1,0.9540951135134577
76561198018497442,0,0.043557751923799515,1,0.9540951135134577
76561198031865688,0,0.014527072198688984,1,0.9540951135134577
76561199467976130,0,0.015593416057527065,1,0.9540951135134577
76561198008531517,0,0.004384443163871765,1,0.9540951135134577
76561198107482254,0,0.0038041977677494287,1,0.9540951135134577
76561198134553975,0,0.004067504312843084,1,0.9540951135134577
76561198133305909,0,0.0066179088316857815,1,0.9540951135134577
76561198030946747,0,0.004956643097102642,1,0.9540951135134577
76561198083685873,0,0.007785127963870764,1,0.9540951135134577
76561198005868952,0,0.006225902121514082,1,0.9540951135134577
76561198163692233,0,0.019233888015151024,1,0.9540951135134577
76561198041068679,0,0.005944316741079092,1,0.9540951135134577
76561198962782929,0,0.005044547840952873,1,0.9540951135134577
76561198077548126,0,0.10131396353244781,1,0.9540951135134577
76561199580915891,0,0.004602480214089155,1,0.9540951135134577
76561198040844570,0,0.007320096250623465,1,0.9540951135134577
76561198083920456,0,0.005262155085802078,1,0.9540951135134577
76561199136098303,0,0.007215787656605244,1,0.9540951135134577
76561199073823661,0,0.004559535998851061,1,0.9540951135134577
76561199689899054,0,0.005870701279491186,1,0.9540951135134577
76561197971355316,0,0.01708047278225422,1,0.9540951135134577
76561198041854605,0,0.004080896731466055,1,0.9540951135134577
76561198151720022,0,0.007724693510681391,1,0.9540951135134577
76561198045713415,0,0.005899882409721613,1,0.9540951135134577
76561198038650623,0,0.012370390817523003,1,0.9540951135134577
76561199119810164,0,0.24454672634601593,1,0.9540951135134577
76561198083492791,0,0.005305670667439699,1,0.9540951135134577
76561198283873527,0,0.0058018057607114315,1,0.9540951135134577
76561197998078914,0,0.0049052005633711815,1,0.9540951135134577
76561198420070173,0,0.8506258726119995,1,0.9540951135134577
76561198875366039,1,0.9841402769088745,1,0.9540951135134577
76561198275755383,0,0.0034587508998811245,1,0.9540951135134577
76561199426782839,0,0.005442910827696323,1,0.9540951135134577
76561198292644405,0,0.9469210505485535,1,0.9540951135134577
76561199009985989,0,0.004369879607111216,1,0.9540951135134577
76561198087318648,0,0.0036442289128899574,1,0.9540951135134577
76561198013340341,0,0.008393441326916218,1,0.9540951135134577
76561198220437363,0,0.005438287276774645,1,0.9540951135134577
76561198166979713,0,0.041523899883031845,1,0.9540951135134577
76561198427053716,0,0.015365833416581154,1,0.9540951135134577
76561199088294241,0,0.0322079211473465,1,0.9540951135134577
76561198976997518,0,0.004107542801648378,1,0.9540951135134577
76561198392851569,0,0.009726639837026596,1,0.9540951135134577
76561198810774716,0,0.004808618687093258,1,0.9540951135134577
76561198005412353,0,0.29545432329177856,1,0.9540951135134577
76561198073001519,0,0.01869327761232853,1,0.9540951135134577
76561198223982024,0,0.9731427431106567,1,0.9540951135134577
76561198228459788,0,0.3881215453147888,1,0.9540951135134577
76561198156765654,0,0.6564524173736572,1,0.9540951135134577
76561198807983856,0,0.00451448792591691,1,0.9540951135134577
76561199668158847,0,0.8443754315376282,1,0.9540951135134577
76561198014574083,0,0.03873058408498764,1,0.9540951135134577
76561198207310273,0,0.9837028980255127,1,0.9540951135134577
76561198051394386,0,0.025194762274622917,1,0.9540951135134577
76561198007483640,0,0.9270874261856079,1,0.9540951135134577
76561198066457495,1,0.9751204252243042,1,0.9540951135134577
76561198012740283,0,0.005983652547001839,1,0.9540951135134577
76561198119544451,0,0.010203679092228413,1,0.9540951135134577
76561199143531899,0,0.00430318433791399,1,0.9540951135134577
76561198359891311,0,0.013821858912706375,1,0.9540951135134577
76561197974474384,0,0.5955373644828796,1,0.9540951135134577
76561198289747770,0,0.5881651043891907,1,0.9540951135134577
76561199500627532,0,0.0033474485389888287,1,0.9540951135134577
76561199184758602,0,0.00417068786919117,1,0.9540951135134577
76561198043863885,0,0.6348750591278076,1,0.9540951135134577
76561199002764161,0,0.0037567843683063984,1,0.9540951135134577
76561198179750517,0,0.00998746883124113,1,0.9540951135134577
76561198307029522,0,0.08228492736816406,1,0.9540951135134577
76561198081380393,0,0.005965772084891796,1,0.9540951135134577
76561199191698084,0,0.006319175008684397,1,0.9540951135134577
76561198215230635,0,0.005609530955553055,1,0.9540951135134577
76561199289420303,0,0.004759541712701321,1,0.9540951135134577
76561198079852560,0,0.16504207253456116,1,0.9540951135134577
76561198122753753,0,0.0037415458355098963,1,0.9540951135134577
76561198995143328,0,0.5629966855049133,1,0.9540951135134577
76561198071058640,0,0.09491362422704697,1,0.9540951135134577
76561198031101336,0,0.012314054183661938,1,0.9540951135134577
76561199542413634,0,0.009016836993396282,1,0.9540951135134577
76561199404444651,0,0.007214974611997604,1,0.9540951135134577
76561199116993570,0,0.006037701852619648,1,0.9540951135134577
76561198967278094,0,0.006539462599903345,1,0.9540951135134577
76561198119199491,0,0.2515949606895447,1,0.9540951135134577
76561198872778612,0,0.004695984534919262,1,0.9540951135134577
76561198193523228,0,0.003426140872761607,1,0.9540951135134577
76561198308862825,0,0.12467949837446213,1,0.9540951135134577
76561199023285528,0,0.8469727039337158,1,0.9540951135134577
76561198847800293,0,0.004587420728057623,1,0.9540951135134577
76561199160587033,0,0.003916602116078138,1,0.9540951135134577
76561198275473377,0,0.9708811044692993,1,0.9540951135134577
76561198412906951,0,0.007833747193217278,1,0.9540951135134577
76561199507017500,0,0.004159833304584026,1,0.9540951135134577
76561198882750383,0,0.5078142881393433,1,0.9540951135134577
76561198062774173,0,0.0239503625780344,1,0.9540951135134577
76561198152255939,0,0.014258001931011677,1,0.9540951135134577
76561198341278059,0,0.004259146749973297,1,0.9540951135134577
76561198052878928,0,0.005069590173661709,1,0.9540951135134577
76561197979699209,0,0.004921693820506334,1,0.9540951135134577
76561198034109134,0,0.6563782095909119,1,0.9540951135134577
76561198992602748,0,0.006088739726692438,1,0.9540951135134577
76561198899454510,0,0.021637609228491783,1,0.9540951135134577
76561198278398271,0,0.005219269078224897,1,0.9540951135134577
76561198136627541,0,0.009901204146444798,1,0.9540951135134577
76561198142407820,0,0.0054487865418195724,1,0.9540951135134577
76561198886903354,0,0.006631468888372183,1,0.9540951135134577
76561199209907988,0,0.007046464830636978,1,0.9540951135134577
76561198018861330,0,0.004078837111592293,1,0.9540951135134577
76561199006748992,0,0.003575145034119487,1,0.9540951135134577
76561198272469906,0,0.00706714391708374,1,0.9540951135134577
76561197997725789,0,0.011951422318816185,1,0.9540951135134577
76561198353157543,0,0.7717881202697754,1,0.9540951135134577
76561199102478139,0,0.003575145034119487,1,0.9540951135134577
76561198053160832,0,0.008131120353937149,1,0.9540951135134577
76561198366231052,0,0.595407247543335,1,0.9540951135134577
76561198046637364,0,0.18033002316951752,1,0.9540951135134577
76561198997023643,0,0.006397558841854334,1,0.9540951135134577
76561198122965520,1,0.9742538332939148,1,0.9540951135134577
76561198383536187,0,0.006340786814689636,1,0.9540951135134577
76561199125275095,0,0.0049604191444814205,1,0.9540951135134577
76561197987590541,0,0.8573682904243469,1,0.9540951135134577
76561198057906726,0,0.006697350647300482,1,0.9540951135134577
76561199043879833,0,0.0034008552320301533,1,0.9540951135134577
76561198174222726,0,0.052184514701366425,1,0.9540951135134577
76561198953160595,0,0.007124922703951597,1,0.9540951135134577
76561199229555639,0,0.883102297782898,1,0.9540951135134577
76561198083907020,0,0.4707428514957428,1,0.9540951135134577
76561197993531244,0,0.005447056144475937,1,0.9540951135134577
76561199039382509,0,0.8734635710716248,1,0.9540951135134577
76561199351870974,0,0.11226019263267517,1,0.9540951135134577
76561198979089164,0,0.013485798612236977,1,0.9540951135134577
76561198974877951,0,0.18050499260425568,1,0.9540951135134577
76561198862238264,0,0.08635541051626205,1,0.9540951135134577
76561198014187783,0,0.004025662317872047,1,0.9540951135134577
76561198101480276,0,0.01957608014345169,1,0.9540951135134577
76561199213979362,0,0.023982297629117966,1,0.9540951135134577
76561199027377506,0,0.10714006423950195,1,0.9540951135134577
76561198349064952,1,0.8278244733810425,1,0.9540951135134577
76561199204536054,0,0.23316313326358795,1,0.9540951135134577
76561198037081421,0,0.004619627725332975,1,0.9540951135134577
76561198055288460,0,0.004552308935672045,1,0.9540951135134577
76561199010246051,0,0.0062409574165940285,1,0.9540951135134577
76561198170174458,0,0.9113099575042725,1,0.9540951135134577
76561198147628149,0,0.055069632828235626,1,0.9540951135134577
76561198031799183,0,0.1722181886434555,1,0.9540951135134577
76561198358766970,0,0.0039062276482582092,1,0.9540951135134577
76561198054227881,0,0.021309904754161835,1,0.9540951135134577
76561198115597405,0,0.0063843270763754845,1,0.9540951135134577
76561199035940409,0,0.008036318235099316,1,0.9540951135134577
76561199055673567,0,0.006665403489023447,1,0.9540951135134577
76561197998076241,0,0.00710635632276535,1,0.9540951135134577
76561198127040022,0,0.01080563198775053,1,0.9540951135134577
76561198057418742,0,0.7111302018165588,1,0.9540951135134577
76561198055090006,0,0.5578091144561768,1,0.9540951135134577
76561199471532018,0,0.007475891150534153,1,0.9540951135134577
76561198812113652,0,0.9667565226554871,1,0.9540951135134577
76561198094211656,0,0.8787962198257446,1,0.9540951135134577
76561198081278835,0,0.011474685743451118,1,0.9540951135134577
76561199259714184,0,0.14322583377361298,1,0.9540951135134577
76561198304726892,0,0.0038376227021217346,1,0.9540951135134577
76561199196872175,0,0.007630639243870974,1,0.9540951135134577
76561198056258170,0,0.0037228120490908623,1,0.9540951135134577
76561199686312411,0,0.2320963591337204,1,0.9540951135134577
76561199100909229,0,0.004391850437968969,1,0.9540951135134577
76561198414383111,0,0.004324930254369974,1,0.9540951135134577
76561198142334183,0,0.004325734917074442,1,0.9540951135134577
76561198086237532,0,0.003956452012062073,1,0.9540951135134577
76561198144373375,0,0.005251328460872173,1,0.9540951135134577
76561198147867504,0,0.006154566537588835,1,0.9540951135134577
76561199373385571,0,0.006591888144612312,1,0.9540951135134577
76561198268168832,0,0.005463688168674707,1,0.9540951135134577
76561198096542074,0,0.967560350894928,1,0.9540951135134577
76561199038830701,0,0.003575145034119487,1,0.9540951135134577
76561198400749199,0,0.004276411607861519,1,0.9540951135134577
76561198369685410,0,0.04867909103631973,1,0.9540951135134577
76561198328826382,0,0.717063844203949,1,0.9540951135134577
76561199005630339,0,0.004228157456964254,1,0.9540951135134577
76561198177340618,0,0.00491914339363575,1,0.9540951135134577
76561198086360484,0,0.0203337874263525,1,0.9540951135134577
76561198055645667,0,0.006492367945611477,1,0.9540951135134577
76561198092317241,0,0.01431321632117033,1,0.9540951135134577
76561198046274921,0,0.005442910827696323,1,0.9540951135134577
76561198162043539,0,0.9080213308334351,1,0.9540951135134577
76561198366286653,0,0.020569248124957085,1,0.9540951135134577
76561198375365656,0,0.005724001210182905,1,0.9540951135134577
76561199032767995,0,0.003943300805985928,1,0.9540951135134577
76561198440009342,0,0.006556485779583454,1,0.9540951135134577
76561198830279887,0,0.00407256418839097,1,0.9540951135134577
76561197971685425,0,0.07768464088439941,1,0.9540951135134577
76561198852315383,0,0.004666028544306755,1,0.9540951135134577
76561198049414330,0,0.009286805987358093,1,0.9540951135134577
76561198001711333,0,0.004838371649384499,1,0.9540951135134577
76561198304038493,1,0.9866481423377991,1,0.9540951135134577
76561197970538638,0,0.01022038422524929,1,0.9540951135134577
76561198841287763,0,0.009245448745787144,1,0.9540951135134577
76561198086278928,0,0.00700746662914753,1,0.9540951135134577
76561198124661487,0,0.004591818433254957,1,0.9540951135134577
76561199164145912,0,0.0051460955291986465,1,0.9540951135134577
76561198023020011,0,0.004765510559082031,1,0.9540951135134577
76561199089835926,0,0.024468442425131798,1,0.9540951135134577
76561198112492897,0,0.27237212657928467,1,0.9540951135134577
76561197997135278,0,0.5144116878509521,1,0.9540951135134577
76561198429139187,0,0.9860092997550964,1,0.9540951135134577
76561198147933170,0,0.013923188671469688,1,0.9540951135134577
76561199256351639,0,0.006894826889038086,1,0.9540951135134577
76561199191768603,0,0.49491918087005615,1,0.9540951135134577
76561199372286335,0,0.00801283773034811,1,0.9540951135134577
76561199123698302,0,0.8917877674102783,1,0.9540951135134577
76561199385311553,0,0.024585651233792305,1,0.9540951135134577
76561199042755798,1,0.9895802140235901,1,0.9540951135134577
76561198074624557,0,0.0106104901060462,1,0.9540951135134577
76561199002420555,0,0.008029373362660408,1,0.9540951135134577
76561199051778053,0,0.8430485725402832,1,0.9540951135134577
76561198071046012,0,0.0757267102599144,1,0.9540951135134577
76561198219239463,0,0.0037620810326188803,1,0.9540951135134577
76561199073785874,0,0.016324561089277267,1,0.9540951135134577
76561198138593424,0,0.0038210407365113497,1,0.9540951135134577
76561198041762973,0,0.005095025058835745,1,0.9540951135134577
76561198077037836,0,0.019100453704595566,1,0.9540951135134577
76561198354172430,0,0.0037062896881252527,1,0.9540951135134577
76561198040489582,0,0.8422136306762695,1,0.9540951135134577
76561198151665153,0,0.30869239568710327,1,0.9540951135134577
76561198089156515,0,0.019810911267995834,1,0.9540951135134577
76561199675150640,0,0.006084952037781477,1,0.9540951135134577
76561198006774106,0,0.005982591770589352,1,0.9540951135134577
76561198078891545,0,0.004681951366364956,1,0.9540951135134577
76561198404908596,0,0.26511502265930176,1,0.9540951135134577
76561199009016906,0,0.0039062276482582092,1,0.9540951135134577
76561198207238897,0,0.7512133121490479,1,0.9540951135134577
76561199160930364,0,0.004329637158662081,1,0.9540951135134577
76561198079026279,0,0.016532696783542633,1,0.9540951135134577
76561198114617214,0,0.004335534758865833,1,0.9540951135134577
76561199345391744,0,0.906150221824646,1,0.9540951135134577
76561198009592459,0,0.005038239993155003,1,0.9540951135134577
76561198039941515,0,0.0037296097725629807,1,0.9540951135134577
76561199111535724,0,0.07497583329677582,1,0.9540951135134577
76561198222738004,0,0.0047048768028616905,1,0.9540951135134577
76561198022575666,0,0.006619674619287252,1,0.9540951135134577
76561198059140746,0,0.06145486235618591,1,0.9540951135134577
76561198130806977,0,0.00826269667595625,1,0.9540951135134577
76561198189314658,0,0.003192092990502715,1,0.9540951135134577
76561198918187567,0,0.23660488426685333,1,0.9540951135134577
76561199147961485,0,0.004511475563049316,1,0.9540951135134577
76561197984418907,0,0.007028288207948208,1,0.9540951135134577
76561198433822628,0,0.218390092253685,1,0.9540951135134577
76561197975098571,0,0.43892544507980347,1,0.9540951135134577
76561198091778464,0,0.003942662384361029,1,0.9540951135134577
76561198392986962,0,0.00543123809620738,1,0.9540951135134577
76561198006968141,0,0.495792418718338,1,0.9540951135134577
76561198071059123,0,0.631432294845581,1,0.9540951135134577
76561198148839702,0,0.005995866376906633,1,0.9540951135134577
76561199057686537,0,0.004335534758865833,1,0.9540951135134577
76561199223045257,0,0.08364545553922653,1,0.9540951135134577
76561198873640922,0,0.9305223822593689,1,0.9540951135134577
76561198354575708,0,0.005072773899883032,1,0.9540951135134577
76561198105357548,0,0.013812918215990067,1,0.9540951135134577
76561198191789713,0,0.9728662371635437,1,0.9540951135134577
76561198018011711,0,0.030350692570209503,1,0.9540951135134577
76561198845326154,0,0.005073163192719221,1,0.9540951135134577
76561198313432307,0,0.04406745359301567,1,0.9540951135134577
76561199172904715,0,0.4631168842315674,1,0.9540951135134577
76561197970515867,0,0.006328771822154522,1,0.9540951135134577
76561198122163958,0,0.763829231262207,1,0.9540951135134577
76561199582999380,0,0.025223782286047935,1,0.9540951135134577
76561198200460378,0,0.006125256884843111,1,0.9540951135134577
76561198318184534,0,0.0033430878538638353,1,0.9540951135134577
76561199026912121,0,0.8980551958084106,1,0.9540951135134577
76561198112595744,0,0.019650952890515327,1,0.9540951135134577
76561198928967765,0,0.021223893389105797,1,0.9540951135134577
76561198821943872,0,0.00633006077259779,1,0.9540951135134577
76561198067764094,0,0.009398923255503178,1,0.9540951135134577
76561198384084958,0,0.003263012273237109,1,0.9540951135134577
76561199170552410,0,0.007655068766325712,1,0.9540951135134577
76561198966079658,0,0.013079068623483181,1,0.9540951135134577
76561198846475697,0,0.023455295711755753,1,0.9540951135134577
76561198061211236,0,0.4473568797111511,1,0.9540951135134577
76561199191494200,0,0.00314659858122468,1,0.9540951135134577
76561198949236027,0,0.005657949484884739,1,0.9540951135134577
76561199047192185,0,0.00921169389039278,1,0.9540951135134577
76561198343109625,0,0.08070015907287598,1,0.9540951135134577
76561199731853025,0,0.3171752691268921,1,0.9540951135134577
76561198841602020,0,0.004645028151571751,1,0.9540951135134577
76561198137790107,0,0.007318283896893263,1,0.9540951135134577
76561199170826283,0,0.007203671149909496,1,0.9540951135134577
76561198145791165,0,0.006601318717002869,1,0.9540951135134577
76561198066669150,0,0.004032956436276436,1,0.9540951135134577
76561198009772117,0,0.0037356491666287184,1,0.9540951135134577
76561199107155507,0,0.003575145034119487,1,0.9540951135134577
76561199467556426,0,0.003575145034119487,1,0.9540951135134577
76561197971474484,0,0.004967071581631899,1,0.9540951135134577
76561199045212037,0,0.02211550623178482,1,0.9540951135134577
76561199589768134,0,0.0036936774849891663,1,0.9540951135134577
76561198388528203,0,0.04820549115538597,1,0.9540951135134577
76561199075009108,0,0.0046156588941812515,1,0.9540951135134577
76561198158230079,0,0.00545933423563838,1,0.9540951135134577
76561198855212377,0,0.0066866627894341946,1,0.9540951135134577
76561197977362765,0,0.0038351076655089855,1,0.9540951135134577
76561199008249917,0,0.0077723911963403225,1,0.9540951135134577
76561198122651315,0,0.006941299885511398,1,0.9540951135134577
76561198050005274,0,0.015332523733377457,1,0.9540951135134577
76561198833241805,0,0.008752604946494102,1,0.9540951135134577
76561198141959668,0,0.0037717316299676895,1,0.9540951135134577
76561198421875520,0,0.0038629251066595316,1,0.9540951135134577
76561198097456156,0,0.003575145034119487,1,0.9540951135134577
76561198978476761,0,0.015858512371778488,1,0.9540951135134577
76561198084647142,0,0.00785121414810419,1,0.9540951135134577
76561199212426304,0,0.9800258874893188,1,0.9540951135134577
76561198048357762,0,0.011680067516863346,1,0.9540951135134577
76561198929952048,0,0.003925187047570944,1,0.9540951135134577
76561199489432537,0,0.0867534652352333,1,0.9540951135134577
76561197966681378,0,0.5845401287078857,1,0.9540951135134577
76561199215348254,0,0.007154505234211683,1,0.9540951135134577
76561198399160559,0,0.052106257528066635,1,0.9540951135134577
76561199082333435,0,0.6281578540802002,1,0.9540951135134577
76561198027244170,1,0.9538036584854126,1,0.9540951135134577
76561199134567376,0,0.004018689971417189,1,0.9540951135134577
76561199077737242,0,0.0055167172104120255,1,0.9540951135134577
76561199044616609,1,0.9897152781486511,1,0.9540951135134577
76561198017968832,0,0.006578531116247177,1,0.9540951135134577
76561198011207756,0,0.27795639634132385,1,0.9540951135134577
76561198260684569,0,0.005244092550128698,1,0.9540951135134577
76561199352525657,0,0.005427746567875147,1,0.9540951135134577
76561199406571164,0,0.009735498577356339,1,0.9540951135134577
76561198153344375,0,0.06572692096233368,1,0.9540951135134577
76561198121640031,0,0.0051316204480826855,1,0.9540951135134577
76561198124113196,0,0.0073903691954910755,1,0.9540951135134577
76561199088403250,0,0.00935460440814495,1,0.9540951135134577
76561198022234313,0,0.047497961670160294,1,0.9540951135134577
76561198203437659,0,0.00765179144218564,1,0.9540951135134577
76561199115355735,1,0.984628438949585,1,0.9540951135134577
76561198050155635,1,0.9671775102615356,1,0.9540951135134577
76561198870934738,0,0.0035198088735342026,1,0.9540951135134577
76561199149158961,0,0.01174725778400898,1,0.9540951135134577
76561198280605861,0,0.005532527808099985,1,0.9540951135134577
76561199008895685,0,0.02679847925901413,1,0.9540951135134577
76561198863839111,0,0.00888922531157732,1,0.9540951135134577
76561199014554615,0,0.015282096341252327,1,0.9540951135134577
76561198968846156,1,0.932785153388977,1,0.9540951135134577
76561199250191868,0,0.8677377104759216,1,0.9540951135134577
76561199041434434,0,0.013605455867946148,1,0.9540951135134577
76561197968330556,0,0.06942813098430634,1,0.9540951135134577
76561198816949686,0,0.9722006320953369,1,0.9540951135134577
76561198250146798,0,0.0032869484275579453,1,0.9540951135134577
76561198385408647,0,0.004103990737348795,1,0.9540951135134577
76561199103363831,0,0.025550536811351776,1,0.9540951135134577
76561198265825553,0,0.003575145034119487,1,0.9540951135134577
76561198426007510,0,0.006030337419360876,1,0.9540951135134577
76561198046473963,0,0.00371217867359519,1,0.9540951135134577
76561198374379926,0,0.003575145034119487,1,0.9540951135134577
76561199101813116,0,0.934188187122345,1,0.9540951135134577
76561198322065450,1,0.9743267297744751,1,0.9540951135134577
76561198045471942,0,0.00407473323866725,1,0.9540951135134577
76561197971989254,0,0.9324173927307129,1,0.9540951135134577
76561198990448939,0,0.7169982194900513,1,0.9540951135134577
76561198204698272,0,0.013743322342634201,1,0.9540951135134577
76561198093807623,0,0.010308519005775452,1,0.9540951135134577
76561198363728037,0,0.006680252030491829,1,0.9540951135134577
76561198214312739,0,0.015356326475739479,1,0.9540951135134577
76561198158285604,0,0.010933661833405495,1,0.9540951135134577
76561199262262267,0,0.023637287318706512,1,0.9540951135134577
76561198086534257,0,0.923167884349823,1,0.9540951135134577
76561199054438746,0,0.005057418718934059,1,0.9540951135134577
76561198213536709,0,0.006416947580873966,1,0.9540951135134577
76561198881920502,0,0.028069714084267616,1,0.9540951135134577
76561199114930771,0,0.013938700780272484,1,0.9540951135134577
76561198088883075,0,0.006020139902830124,1,0.9540951135134577
76561197989168299,0,0.24299100041389465,1,0.9540951135134577
76561199047396518,0,0.10473258048295975,1,0.9540951135134577
76561198233374940,0,0.005350959952920675,1,0.9540951135134577
76561199025505391,0,0.007618279196321964,1,0.9540951135134577
76561198271738020,0,0.0036795958876609802,1,0.9540951135134577
76561198073776595,0,0.005861069541424513,1,0.9540951135134577
76561198151493616,0,0.0048606060445308685,1,0.9540951135134577
76561198871753859,0,0.005820983089506626,1,0.9540951135134577
76561198156327309,0,0.02222415991127491,1,0.9540951135134577
76561198175418673,0,0.007960901595652103,1,0.9540951135134577
76561198307409143,0,0.016414852812886238,1,0.9540951135134577
76561197990344158,0,0.006805062294006348,1,0.9540951135134577
76561198416008187,0,0.0032869484275579453,1,0.9540951135134577
76561199010473421,0,0.004984688945114613,1,0.9540951135134577
76561198978243680,0,0.003192092990502715,1,0.9540951135134577
76561198008821704,0,0.6812315583229065,1,0.9540951135134577
76561198393322340,0,0.005442910827696323,1,0.9540951135134577
76561199441004861,0,0.00377364712767303,1,0.9540951135134577
76561198100107403,0,0.047324828803539276,1,0.9540951135134577
76561199156036333,0,0.019724374637007713,1,0.9540951135134577
76561198264912840,0,0.0048386151902377605,1,0.9540951135134577
76561198065433544,0,0.004592021461576223,1,0.9540951135134577
76561199506386008,0,0.005941430106759071,1,0.9540951135134577
76561198113540996,0,0.03760971128940582,1,0.9540951135134577
76561198856120449,0,0.007773916702717543,1,0.9540951135134577
76561198866244351,0,0.9118925333023071,1,0.9540951135134577
76561198013812941,0,0.006350820418447256,1,0.9540951135134577
76561199135324835,0,0.005668631289154291,1,0.9540951135134577
76561198264964730,0,0.018403340131044388,1,0.9540951135134577
76561198825596549,0,0.004101189319044352,1,0.9540951135134577
76561199183190081,0,0.9457484483718872,1,0.9540951135134577
76561198076574382,0,0.0060511063784360886,1,0.9540951135134577
76561198152005536,0,0.003192092990502715,1,0.9540951135134577
76561198134407375,0,0.004032903350889683,1,0.9540951135134577
76561199147783747,0,0.003491136245429516,1,0.9540951135134577
76561198406374028,0,0.546444833278656,1,0.9540951135134577
76561198192672206,0,0.0035751808900386095,1,0.9540951135134577
76561199095588534,0,0.003918909002095461,1,0.9540951135134577
76561198908388524,0,0.00894972588866949,1,0.9540951135134577
76561198187929105,0,0.6554648876190186,1,0.9540951135134577
76561198235940484,0,0.8946375846862793,1,0.9540951135134577
76561197984316644,0,0.8210768699645996,1,0.9540951135134577
76561198245970066,1,0.9796457886695862,1,0.9540951135134577
76561199512664768,0,0.003292373614385724,1,0.9540951135134577
76561198222747408,0,0.004968870431184769,1,0.9540951135134577
76561198375914893,0,0.00923803448677063,1,0.9540951135134577
76561198051011844,0,0.004447645042091608,1,0.9540951135134577
76561198071327221,0,0.9247744679450989,1,0.9540951135134577
76561198014827713,0,0.003192092990502715,1,0.9540951135134577
76561199061882490,0,0.017311187461018562,1,0.9540951135134577
76561198202962020,1,0.9744420051574707,1,0.9540951135134577
76561198931931160,0,0.012765868566930294,1,0.9540951135134577
76561198145926083,0,0.12056484073400497,1,0.9540951135134577
76561199088654879,0,0.005618800409138203,1,0.9540951135134577
76561199698325346,0,0.010029030032455921,1,0.9540951135134577
76561199230985684,0,0.013738625682890415,1,0.9540951135134577
76561199529082062,0,0.01283737551420927,1,0.9540951135134577
76561198046038456,0,0.004928129259496927,1,0.9540951135134577
76561197970630805,0,0.5120404958724976,1,0.9540951135134577
76561198112644581,0,0.027214843779802322,1,0.9540951135134577
76561198065256211,0,0.007743056397885084,1,0.9540951135134577
76561198055517647,0,0.008378582075238228,1,0.9540951135134577
76561198122595086,0,0.004531461279839277,1,0.9540951135134577
76561199050912478,0,0.9535200595855713,1,0.9540951135134577
76561198056667366,0,0.04830705374479294,1,0.9540951135134577
76561198141370217,0,0.03313113749027252,1,0.9540951135134577
76561198044954169,0,0.9131242036819458,1,0.9540951135134577
76561198442873118,0,0.0055721779353916645,1,0.9540951135134577
76561199625166265,0,0.3096698224544525,1,0.9540951135134577
76561198406552196,0,0.9090638756752014,1,0.9540951135134577
76561199076275730,0,0.004137023817747831,1,0.9540951135134577
76561198352076710,0,0.00500999903306365,1,0.9540951135134577
76561198012732648,0,0.8504477143287659,1,0.9540951135134577
76561198328665822,0,0.008250099606812,1,0.9540951135134577
76561198056798152,0,0.0037542576901614666,1,0.9540951135134577
76561199181661449,0,0.0037567843683063984,1,0.9540951135134577
76561198994514441,0,0.004605757538229227,1,0.9540951135134577
76561198799183157,0,0.011119555681943893,1,0.9540951135134577
76561198837685424,1,0.9862450361251831,1,0.9540951135134577
76561198136172318,0,0.006735776085406542,1,0.9540951135134577
76561198419611175,0,0.010103545151650906,1,0.9540951135134577
76561198323510436,0,0.046698831021785736,1,0.9540951135134577
76561198321713673,0,0.008407633751630783,1,0.9540951135134577
76561198038891503,0,0.0055898642167449,1,0.9540951135134577
76561198407148419,0,0.02238982729613781,1,0.9540951135134577
76561198044923749,0,0.005865265615284443,1,0.9540951135134577
76561198959675552,0,0.0034587508998811245,1,0.9540951135134577
76561198837683199,0,0.004608469549566507,1,0.9540951135134577
76561198043399782,0,0.006250866688787937,1,0.9540951135134577
76561198892367549,0,0.8237688541412354,1,0.9540951135134577
76561198987754713,0,0.03453954681754112,1,0.9540951135134577
76561198432293159,0,0.0035292725078761578,1,0.9540951135134577
76561198407086999,0,0.003666219301521778,1,0.9540951135134577
76561198070700654,0,0.008853812702000141,1,0.9540951135134577
76561198964475888,0,0.006416947580873966,1,0.9540951135134577
76561198876594274,0,0.005065775476396084,1,0.9540951135134577
76561199251050010,0,0.004782054573297501,1,0.9540951135134577
76561198087181941,0,0.8932731747627258,1,0.9540951135134577
76561198836230132,0,0.04631447419524193,1,0.9540951135134577
76561198157901272,0,0.00733075151219964,1,0.9540951135134577
76561198012717617,0,0.11787766218185425,1,0.9540951135134577
76561198030073670,0,0.07138562202453613,1,0.9540951135134577
76561198080556158,0,0.00481979688629508,1,0.9540951135134577
76561199168107412,0,0.23975609242916107,1,0.9540951135134577
76561199090897521,0,0.004764248616993427,1,0.9540951135134577
76561198263197365,0,0.003837458323687315,1,0.9540951135134577
76561198022500540,0,0.0067159561440348625,1,0.9540951135134577
76561198205464509,0,0.017679158598184586,1,0.9540951135134577
76561199094745093,0,0.1411486268043518,1,0.9540951135134577
76561198177068475,0,0.004901599138975143,1,0.9540951135134577
76561198930085410,0,0.003960087429732084,1,0.9540951135134577
76561199104818580,0,0.00413269829005003,1,0.9540951135134577
76561199149594309,0,0.004112027585506439,1,0.9540951135134577
76561198338202089,0,0.006678044330328703,1,0.9540951135134577
76561198128175819,0,0.00918833538889885,1,0.9540951135134577
76561198060931498,0,0.007051130756735802,1,0.9540951135134577
76561198129498510,0,0.04506773129105568,1,0.9540951135134577
76561198375018564,0,0.005602375138550997,1,0.9540951135134577
76561197994083990,0,0.00690690241754055,1,0.9540951135134577
76561199019407235,0,0.3310526907444,1,0.9540951135134577
76561198298679124,0,0.003019067458808422,1,0.9540951135134577
76561198063390657,0,0.02204035595059395,1,0.9540951135134577
76561198993716471,0,0.009953014552593231,1,0.9540951135134577
76561198408663792,0,0.02381221204996109,1,0.9540951135134577
76561199189039980,0,0.005016245413571596,1,0.9540951135134577
76561198043464796,0,0.004679725505411625,1,0.9540951135134577
76561198128815383,0,0.004312488716095686,1,0.9540951135134577
76561199053510172,0,0.003575145034119487,1,0.9540951135134577
76561198930387689,0,0.01460140012204647,1,0.9540951135134577
76561198374644150,0,0.005952665116637945,1,0.9540951135134577
76561198126104269,0,0.02279120869934559,1,0.9540951135134577
76561198278067790,0,0.003192092990502715,1,0.9540951135134577
76561198875869969,0,0.004051859024912119,1,0.9540951135134577
76561198256449298,0,0.00361327244900167,1,0.9540951135134577
76561199005982088,0,0.005485862493515015,1,0.9540951135134577
76561199116726583,0,0.004749622195959091,1,0.9540951135134577
76561198271916829,0,0.0038472157903015614,1,0.9540951135134577
76561198103211183,0,0.5000303387641907,1,0.9540951135134577
76561198441495461,1,0.9819113612174988,1,0.9540951135134577
76561198324644492,0,0.0043443492613732815,1,0.9540951135134577
76561197995839137,0,0.004390699788928032,1,0.9540951135134577
76561198073958231,0,0.9509166479110718,1,0.9540951135134577
76561199127072923,0,0.004911130294203758,1,0.9540951135134577
76561198199099819,0,0.005299164913594723,1,0.9540951135134577
76561198263397869,0,0.003912096843123436,1,0.9540951135134577
76561198068342804,0,0.005965497810393572,1,0.9540951135134577
76561198329518068,0,0.007341568358242512,1,0.9540951135134577
76561198879452862,0,0.05216376483440399,1,0.9540951135134577
76561198087773721,0,0.042890310287475586,1,0.9540951135134577
76561198087648276,0,0.004955812357366085,1,0.9540951135134577
76561198159643649,0,0.011698598973453045,1,0.9540951135134577
76561198045145257,0,0.17144210636615753,1,0.9540951135134577
76561199497014126,0,0.9828425049781799,1,0.9540951135134577
76561198120996997,0,0.005709799472242594,1,0.9540951135134577
76561199128811326,0,0.0041578784584999084,1,0.9540951135134577
76561198137550027,0,0.003764465684071183,1,0.9540951135134577
76561198168063584,0,0.0033527235500514507,1,0.9540951135134577
76561198098142805,0,0.005373967345803976,1,0.9540951135134577
76561198102899587,0,0.007926185615360737,1,0.9540951135134577
76561199137046734,0,0.005279014352709055,1,0.9540951135134577
76561198106172638,0,0.004475368652492762,1,0.9540951135134577
76561198880431066,0,0.30570876598358154,1,0.9540951135134577
76561198104668489,0,0.053511351346969604,1,0.9540951135134577
76561198044112193,0,0.006325105205178261,1,0.9540951135134577
76561197991540009,1,0.9709643721580505,1,0.9540951135134577
76561199379471100,0,0.0037808783818036318,1,0.9540951135134577
76561198860380844,0,0.005372886545956135,1,0.9540951135134577
76561199194855097,0,0.004957197699695826,1,0.9540951135134577
76561198360618336,1,0.9885259866714478,1,0.9540951135134577
76561199101076077,0,0.04243447259068489,1,0.9540951135134577
76561199237886616,0,0.9277711510658264,1,0.9540951135134577
76561197971181444,0,0.9360802173614502,1,0.9540951135134577
76561199013849018,0,0.03816178813576698,1,0.9540951135134577
76561199401486453,0,0.028638387098908424,1,0.9540951135134577
76561198174973193,0,0.00528116337954998,1,0.9540951135134577
76561199144846497,0,0.011353602632880211,1,0.9540951135134577
76561197967661426,0,0.00554628623649478,1,0.9540951135134577
76561199223871597,0,0.02143045887351036,1,0.9540951135134577
76561198421059306,0,0.02693941257894039,1,0.9540951135134577
76561199535324331,0,0.0302173662930727,1,0.9540951135134577
76561198964191531,0,0.006797241512686014,1,0.9540951135134577
76561198008680731,1,0.985508382320404,1,0.9540951135134577
76561198424528607,0,0.003684231312945485,1,0.9540951135134577
76561198970008858,1,0.9863926768302917,1,0.9540951135134577
76561197982505956,0,0.009202403016388416,1,0.9540951135134577
76561198064546389,0,0.030583875253796577,1,0.9540951135134577
76561198014634928,0,0.0054325563833117485,1,0.9540951135134577
76561199243816297,0,0.014607843942940235,1,0.9540951135134577
76561199082961829,1,0.9488075971603394,1,0.9540951135134577
76561198262455704,0,0.08609653264284134,1,0.9540951135134577
76561198045117928,0,0.00548905273899436,1,0.9540951135134577
76561198041925911,0,0.005876865703612566,1,0.9540951135134577
76561199062868294,0,0.0035069880541414022,1,0.9540951135134577
76561197972643756,0,0.019051702693104744,1,0.9540951135134577
76561198108698226,1,0.9839035272598267,1,0.9540951135134577
76561198807210149,0,0.015571318566799164,1,0.9540951135134577
76561199023316707,0,0.05038238689303398,1,0.9540951135134577
76561198199810834,0,0.007294465787708759,1,0.9540951135134577
76561199437461301,0,0.004415008705109358,1,0.9540951135134577
76561198254703161,0,0.7021641731262207,1,0.9540951135134577
76561197967443931,0,0.006072129588574171,1,0.9540951135134577
76561198041992606,0,0.005035257898271084,1,0.9540951135134577
76561197993254771,0,0.004128447733819485,1,0.9540951135134577
76561199036654894,0,0.0055187600664794445,1,0.9540951135134577
76561198133855693,0,0.03886416554450989,1,0.9540951135134577
76561199071359351,0,0.007740058936178684,1,0.9540951135134577
76561198020304137,0,0.0031610724981874228,1,0.9540951135134577
76561198887823531,0,0.0044358158484101295,1,0.9540951135134577
76561198008540083,0,0.019799990579485893,1,0.9540951135134577
76561198087543807,0,0.0037620756775140762,1,0.9540951135134577
76561198957780995,0,0.008345582522451878,1,0.9540951135134577
76561198906455566,0,0.0060682715848088264,1,0.9540951135134577
76561199222222727,0,0.00478530814871192,1,0.9540951135134577
76561199482053122,0,0.00498103117570281,1,0.9540951135134577
76561198054003437,0,0.0036016397643834352,1,0.9540951135134577
76561198285721016,0,0.009106460958719254,1,0.9540951135134577
76561198163883113,0,0.03618549183011055,1,0.9540951135134577
76561199197610032,0,0.010593772865831852,1,0.9540951135134577
76561198021450762,0,0.11489176005125046,1,0.9540951135134577
76561198097954751,0,0.005641469266265631,1,0.9540951135134577
76561198090730764,0,0.01141970045864582,1,0.9540951135134577
76561199220949276,0,0.015486111864447594,1,0.9540951135134577
76561197994347484,0,0.007335423491895199,1,0.9540951135134577
76561199227215087,0,0.07752815634012222,1,0.9540951135134577
76561198156857206,0,0.005537026096135378,1,0.9540951135134577
76561199553719956,0,0.0035751943942159414,1,0.9540951135134577
76561198043826509,0,0.009703682735562325,1,0.9540951135134577
76561198005977075,0,0.004511475563049316,1,0.9540951135134577
76561199389734928,0,0.004310589283704758,1,0.9540951135134577
76561199467051272,0,0.0036578718572854996,1,0.9540951135134577
76561199513328486,0,0.004170614760369062,1,0.9540951135134577
76561198118977611,0,0.004230293910950422,1,0.9540951135134577
76561197962590407,0,0.006016887724399567,1,0.9540951135134577
76561199054864183,0,0.005397922359406948,1,0.9540951135134577
76561199350722022,1,0.010479262098670006,1,0.9540951135134577
76561198827548508,0,0.006752303335815668,1,0.9540951135134577
76561198073722701,0,0.009952427819371223,1,0.9540951135134577
76561198029970036,0,0.07785593718290329,1,0.9540951135134577
76561198100246145,0,0.25582537055015564,1,0.9540951135134577
76561198990389130,0,0.003334589535370469,1,0.9540951135134577
76561198077655138,0,0.003437935607507825,1,0.9540951135134577
76561198060671249,0,0.005059635732322931,1,0.9540951135134577
76561199709998734,0,0.00797982607036829,1,0.9540951135134577
76561198204859805,0,0.018038401380181313,1,0.9540951135134577
76561198202136235,0,0.2182544618844986,1,0.9540951135134577
76561198856840189,0,0.015504063107073307,1,0.9540951135134577
76561198121090260,0,0.03958411514759064,1,0.9540951135134577
76561197987012777,0,0.7751501202583313,1,0.9540951135134577
76561198121528531,0,0.4729701578617096,1,0.9540951135134577
76561199396225392,0,0.010806851089000702,1,0.9540951135134577
76561198215005549,0,0.008653232827782631,1,0.9540951135134577
76561198054438525,0,0.02449401281774044,1,0.9540951135134577
76561199130256743,0,0.004990223329514265,1,0.9540951135134577
76561199195895129,0,0.006265925709158182,1,0.9540951135134577
76561198004348157,0,0.012558762915432453,1,0.9540951135134577
76561198185992209,0,0.004617617465555668,1,0.9540951135134577
76561198047105832,0,0.004235199186950922,1,0.9540951135134577
76561198857239307,0,0.008274218998849392,1,0.9540951135134577
76561198234591828,0,0.00479900324717164,1,0.9540951135134577
76561199686056406,0,0.003474946366623044,1,0.9540951135134577
76561199487172886,0,0.006741415709257126,1,0.9540951135134577
76561199163620715,0,0.04786963388323784,1,0.9540951135134577
76561198006925363,1,0.4958226680755615,1,0.9540951135134577
76561198313762536,0,0.00413269829005003,1,0.9540951135134577
76561198154830005,0,0.015360422432422638,1,0.9540951135134577
76561199742347260,0,0.01669812574982643,1,0.9540951135134577
76561198034493683,0,0.6484775543212891,1,0.9540951135134577
76561198294903577,0,0.00413269829005003,1,0.9540951135134577
76561199188366075,0,0.005275985226035118,1,0.9540951135134577
76561198310420773,0,0.004257820546627045,1,0.9540951135134577
76561199227680122,0,0.0400107316672802,1,0.9540951135134577
76561198128443260,0,0.6884276270866394,1,0.9540951135134577
76561198218395635,0,0.0043688006699085236,1,0.9540951135134577
76561198414864476,0,0.004017933737486601,1,0.9540951135134577
76561199258093762,0,0.012381465174257755,1,0.9540951135134577
76561198041788337,0,0.010372115299105644,1,0.9540951135134577
76561197969435589,0,0.17151059210300446,1,0.9540951135134577
76561199408085111,0,0.008537869900465012,1,0.9540951135134577
76561199064986522,0,0.03681887686252594,1,0.9540951135134577
76561198828757928,0,0.00491385767236352,1,0.9540951135134577
76561198120762790,0,0.030745873227715492,1,0.9540951135134577
76561198064558734,1,0.9878111481666565,1,0.9540951135134577
76561198020747669,0,0.0052838074043393135,1,0.9540951135134577
76561197965928128,0,0.036487627774477005,1,0.9540951135134577
76561198075541537,0,0.9340631365776062,1,0.9540951135134577
76561199092279711,0,0.008449486456811428,1,0.9540951135134577
76561198380453638,0,0.008281049318611622,1,0.9540951135134577
76561198262779085,0,0.9579666256904602,1,0.9540951135134577
76561198985082117,1,0.9873090386390686,1,0.9540951135134577
76561198120448820,0,0.011468791402876377,1,0.9540951135134577
76561198370214170,0,0.023429879918694496,1,0.9540951135134577
76561197965432202,0,0.004361700266599655,1,0.9540951135134577
76561198807420607,0,0.7612109780311584,1,0.9540951135134577
76561198028117379,0,0.006320773623883724,1,0.9540951135134577
76561198901872552,0,0.008223566226661205,1,0.9540951135134577
76561198067403439,0,0.007301585283130407,1,0.9540951135134577
76561198065877752,0,0.007171611301600933,1,0.9540951135134577
76561199403323091,0,0.007585557177662849,1,0.9540951135134577
76561199090000228,0,0.003590949811041355,1,0.9540951135134577
76561198033567203,0,0.013134583830833435,1,0.9540951135134577
76561199387103225,0,0.00461954902857542,1,0.9540951135134577
76561198101189993,0,0.0066648004576563835,1,0.9540951135134577
76561199524195724,0,0.004216452594846487,1,0.9540951135134577
76561198074777928,0,0.005442910827696323,1,0.9540951135134577
76561198024294703,0,0.0043639629147946835,1,0.9540951135134577
76561198391891592,0,0.005028273444622755,1,0.9540951135134577
76561198856603946,0,0.003575145034119487,1,0.9540951135134577
76561198049936658,0,0.012851503677666187,1,0.9540951135134577
76561198026898655,0,0.00471061235293746,1,0.9540951135134577
76561199484411282,0,0.3802202641963959,1,0.9540951135134577
76561198350751534,0,0.8997100591659546,1,0.9540951135134577
76561198268608691,0,0.7462354302406311,1,0.9540951135134577
76561198098269817,0,0.004428882617503405,1,0.9540951135134577
76561198074400736,0,0.006065482273697853,1,0.9540951135134577
76561198000785771,0,0.0057423594407737255,1,0.9540951135134577
76561198189689189,0,0.007294199429452419,1,0.9540951135134577
76561198287469235,0,0.004002241417765617,1,0.9540951135134577
76561198039024854,1,0.9753672480583191,1,0.9540951135134577
76561198013915253,0,0.15431705117225647,1,0.9540951135134577
76561198328847539,0,0.0032869484275579453,1,0.9540951135134577
76561199370565835,0,0.4178228974342346,1,0.9540951135134577
76561198444010602,0,0.003192092990502715,1,0.9540951135134577
76561198134518806,0,0.004746380262076855,1,0.9540951135134577
76561197980464821,0,0.0032545372378081083,1,0.9540951135134577
76561198799459314,0,0.012220606207847595,1,0.9540951135134577
76561198075795178,0,0.004756500478833914,1,0.9540951135134577
76561198001895640,1,0.547847330570221,1,0.9540951135134577
76561198007978799,0,0.04450160264968872,1,0.9540951135134577
76561199078210702,0,0.004273169673979282,1,0.9540951135134577
76561199379886461,0,0.020256459712982178,1,0.9540951135134577
76561198814095963,0,0.015713617205619812,1,0.9540951135134577
76561198062133377,0,0.00864732451736927,1,0.9540951135134577
76561199143273743,0,0.0041228956542909145,1,0.9540951135134577
76561198349071473,0,0.0035535371862351894,1,0.9540951135134577
76561199075792170,0,0.003794231917709112,1,0.9540951135134577
76561198119765413,0,0.985901951789856,1,0.9540951135134577
76561199693238090,0,0.03759818896651268,1,0.9540951135134577
76561198408680921,0,0.003640700364485383,1,0.9540951135134577
76561198051627189,0,0.31150054931640625,1,0.9540951135134577
76561199590781238,0,0.006385812535881996,1,0.9540951135134577
76561198094127058,0,0.9700402021408081,1,0.9540951135134577
76561198163000434,0,0.007468401454389095,1,0.9540951135134577
76561198104302958,0,0.006701682228595018,1,0.9540951135134577
76561198993229848,0,0.004834573715925217,1,0.9540951135134577
76561198025814211,0,0.0062567428685724735,1,0.9540951135134577
76561198002376488,0,0.004178686998784542,1,0.9540951135134577
76561198057395622,0,0.005785463843494654,1,0.9540951135134577
76561198017386832,0,0.0767219066619873,1,0.9540951135134577
76561199061919571,0,0.004407996777445078,1,0.9540951135134577
76561197996219933,0,0.17339999973773956,1,0.9540951135134577
76561199175519461,0,0.005515955854207277,1,0.9540951135134577
76561198119245304,0,0.00704336678609252,1,0.9540951135134577
76561197973828163,0,0.0057045272551476955,1,0.9540951135134577
76561197972257085,0,0.005149092059582472,1,0.9540951135134577
76561198972484511,0,0.004714067094027996,1,0.9540951135134577
76561197976193709,0,0.15809366106987,1,0.9540951135134577
76561199121936738,0,0.006064076907932758,1,0.9540951135134577
76561198272235750,0,0.07631850987672806,1,0.9540951135134577
76561199133006039,0,0.003746639471501112,1,0.9540951135134577
76561198214782528,0,0.801776647567749,1,0.9540951135134577
76561198237304364,0,0.029416896402835846,1,0.9540951135134577
76561199137053971,0,0.004045736510306597,1,0.9540951135134577
76561198349178880,0,0.9773193001747131,1,0.9540951135134577
76561198438675505,0,0.003749905386939645,1,0.9540951135134577
76561199029973438,0,0.016039106994867325,1,0.9540951135134577
76561198090648449,0,0.00542472256347537,1,0.9540951135134577
76561198354454129,0,0.933724582195282,1,0.9540951135134577
76561198007764202,0,0.03481851518154144,1,0.9540951135134577
76561199136028741,0,0.1138606145977974,1,0.9540951135134577
76561199016687324,1,0.9870761036872864,1,0.9540951135134577
76561198419181088,0,0.010582035407423973,1,0.9540951135134577
76561198137420281,0,0.1624750792980194,1,0.9540951135134577
76561198249040584,0,0.01585470139980316,1,0.9540951135134577
76561198318175857,0,0.004335289821028709,1,0.9540951135134577
76561199387459625,0,0.01691952906548977,1,0.9540951135134577
76561199449258706,0,0.011470997706055641,1,0.9540951135134577
76561198342594584,0,0.019565720111131668,1,0.9540951135134577
76561199368659545,0,0.050677601248025894,1,0.9540951135134577
76561198087073873,0,0.023167774081230164,1,0.9540951135134577
76561199238325097,0,0.013048953376710415,1,0.9540951135134577
76561197996789013,0,0.022851286455988884,1,0.9540951135134577
76561198243186788,0,0.06274113059043884,1,0.9540951135134577
76561199468928781,0,0.041885893791913986,1,0.9540951135134577
76561198315593810,0,0.016943322494626045,1,0.9540951135134577
76561199272644776,0,0.015141226351261139,1,0.9540951135134577
76561199453992879,0,0.003620993811637163,1,0.9540951135134577
76561198024481456,0,0.008241595700383186,1,0.9540951135134577
76561198449729163,0,0.006172466091811657,1,0.9540951135134577
76561198260857540,0,0.004187633283436298,1,0.9540951135134577
76561199121361787,0,0.22777733206748962,1,0.9540951135134577
76561198019280384,0,0.2511782944202423,1,0.9540951135134577
76561198206079005,0,0.012415210716426373,1,0.9540951135134577
76561198384076630,0,0.00434466265141964,1,0.9540951135134577
76561198001042046,0,0.24327264726161957,1,0.9540951135134577
76561198188076226,0,0.006227156613022089,1,0.9540951135134577
76561199072574350,0,0.03522772714495659,1,0.9540951135134577
76561199175498175,0,0.013361917808651924,1,0.9540951135134577
76561199107652699,0,0.03941246494650841,1,0.9540951135134577
76561198429885964,0,0.009245448745787144,1,0.9540951135134577
76561198305783599,0,0.11785490065813065,1,0.9540951135134577
76561199513938081,0,0.004599972628057003,1,0.9540951135134577
76561199133413628,0,0.00921169389039278,1,0.9540951135134577
76561198003316626,0,0.005016316659748554,1,0.9540951135134577
76561198009774762,0,0.006077755242586136,1,0.9540951135134577
76561198018463501,0,0.012279190123081207,1,0.9540951135134577
76561197968439911,0,0.005920137278735638,1,0.9540951135134577
76561198072166208,0,0.0048315697349607944,1,0.9540951135134577
76561198082084058,0,0.008358433842658997,1,0.9540951135134577
76561197995516763,0,0.007859636098146439,1,0.9540951135134577
76561198277617679,0,0.006288585253059864,1,0.9540951135134577
76561198129700619,0,0.04398520290851593,1,0.9540951135134577
76561197983094010,0,0.010025952942669392,1,0.9540951135134577
76561198000883766,0,0.012179196812212467,1,0.9540951135134577
76561198060094635,0,0.005229230970144272,1,0.9540951135134577
76561199229687082,0,0.013003697618842125,1,0.9540951135134577
76561198835593858,0,0.030047651380300522,1,0.9540951135134577
76561198856862313,0,0.0036703881341964006,1,0.9540951135134577
76561198212707532,0,0.047631751745939255,1,0.9540951135134577
76561198412061114,0,0.024933597072958946,1,0.9540951135134577
76561199334011433,0,0.004439139738678932,1,0.9540951135134577
76561199021280300,0,0.003676782827824354,1,0.9540951135134577
76561199589425123,0,0.0034540616907179356,1,0.9540951135134577
76561198002605780,0,0.010394933633506298,1,0.9540951135134577
76561198304869322,0,0.0058205388486385345,1,0.9540951135134577
76561198012629667,0,0.003764465684071183,1,0.9540951135134577
76561199533767808,0,0.006194466259330511,1,0.9540951135134577
76561199139758684,0,0.005279197357594967,1,0.9540951135134577
76561198083377743,0,0.9498118162155151,1,0.9540951135134577
76561199228975115,0,0.004237324930727482,1,0.9540951135134577
76561198044290214,0,0.00480922544375062,1,0.9540951135134577
76561199388499320,0,0.03585261479020119,1,0.9540951135134577
76561198272997099,0,0.015220758505165577,1,0.9540951135134577
76561198848628329,0,0.005358874332159758,1,0.9540951135134577
76561199114158111,0,0.41178199648857117,1,0.9540951135134577
76561198822178759,0,0.005243140272796154,1,0.9540951135134577
76561198019463831,0,0.11846258491277695,1,0.9540951135134577
76561198001377019,0,0.9805380702018738,1,0.9540951135134577
76561197992244391,0,0.05146142095327377,1,0.9540951135134577
76561197978122212,0,0.8703795075416565,1,0.9540951135134577
76561198228382308,0,0.007040228694677353,1,0.9540951135134577
76561198027581937,0,0.005761450622230768,1,0.9540951135134577
76561198001645591,0,0.0037791079375892878,1,0.9540951135134577
76561199445238524,0,0.005594523157924414,1,0.9540951135134577
76561199033297918,0,0.00631529837846756,1,0.9540951135134577
76561198947300410,0,0.6702682375907898,1,0.9540951135134577
76561199509904252,0,0.008428051136434078,1,0.9540951135134577
76561199359107703,0,0.005191766191273928,1,0.9540951135134577
76561198205867124,0,0.0066866627894341946,1,0.9540951135134577
76561199428660363,1,0.989589512348175,1,0.9540951135134577
76561198894553624,0,0.02316853031516075,1,0.9540951135134577
76561197978652725,0,0.9141038060188293,1,0.9540951135134577
76561199024290439,1,0.971424400806427,1,0.9540951135134577
76561198164248861,1,0.41195568442344666,1,0.9540951135134577
76561198093730419,0,0.007823888212442398,1,0.9540951135134577
76561198150612890,0,0.9772884249687195,1,0.9540951135134577
76561198274007210,0,0.3363395929336548,1,0.9540951135134577
76561199454705732,0,0.007599555421620607,1,0.9540951135134577
76561198851506669,0,0.022948890924453735,1,0.9540951135134577
76561198274887482,0,0.9577784538269043,1,0.9540951135134577
76561198055997046,0,0.01620922051370144,1,0.9540951135134577
76561198000142817,0,0.005395080894231796,1,0.9540951135134577
76561199222888078,0,0.9455623030662537,1,0.9540951135134577
76561198405784156,0,0.8991757035255432,1,0.9540951135134577
76561199552458223,0,0.022380340844392776,1,0.9540951135134577
76561198216621009,0,0.0037190115544945,1,0.9540951135134577
76561198068576703,0,0.006430755835026503,1,0.9540951135134577
76561198864507171,0,0.010687343776226044,1,0.9540951135134577
76561198208920319,0,0.004301164299249649,1,0.9540951135134577
76561198141466009,0,0.004689416848123074,1,0.9540951135134577
76561199102328262,1,0.9349307417869568,1,0.9540951135134577
76561198053623426,0,0.8990207314491272,1,0.9540951135134577
76561198039416320,0,0.25020071864128113,1,0.9540951135134577
76561198322992317,0,0.004399250261485577,1,0.9540951135134577
76561198036854302,0,0.020391877740621567,1,0.9540951135134577
76561198328120546,0,0.004676044452935457,1,0.9540951135134577
76561198040772206,0,0.0058430456556379795,1,0.9540951135134577
76561197963763907,0,0.008576983585953712,1,0.9540951135134577
76561199230051406,0,0.006287571508437395,1,0.9540951135134577
76561198031028452,0,0.008210303261876106,1,0.9540951135134577
76561197970486799,0,0.005087561905384064,1,0.9540951135134577
76561198975600697,0,0.007117046508938074,1,0.9540951135134577
76561198806143063,0,0.005009861662983894,1,0.9540951135134577
76561199766530231,0,0.09004146605730057,1,0.9540951135134577
76561199722282477,0,0.003205762477591634,1,0.9540951135134577
76561199124983068,0,0.05822192132472992,1,0.9540951135134577
76561198358078778,0,0.007403168827295303,1,0.9540951135134577
76561199059387767,0,0.0034102369099855423,1,0.9540951135134577
76561199096026951,0,0.004843239206820726,1,0.9540951135134577
76561198338810704,0,0.9740642309188843,1,0.9540951135134577
76561199398450401,0,0.02492998167872429,1,0.9540951135134577
76561199212023768,0,0.00855952501296997,1,0.9540951135134577
76561199219543325,0,0.004888944327831268,1,0.9540951135134577
76561199476014458,0,0.6576200723648071,1,0.9540951135134577
76561198359801762,0,0.006319480016827583,1,0.9540951135134577
76561199195244806,0,0.043431028723716736,1,0.9540951135134577
76561198994062354,0,0.005033376161009073,1,0.9540951135134577
76561198415988431,0,0.22014950215816498,1,0.9540951135134577
76561199542703554,0,0.003192092990502715,1,0.9540951135134577
76561199231537022,0,0.003534184768795967,1,0.9540951135134577
76561198451826854,0,0.006395552773028612,1,0.9540951135134577
76561198054282339,0,0.042552411556243896,1,0.9540951135134577
76561198114781495,0,0.003019067458808422,1,0.9540951135134577
76561198273227388,0,0.008635380305349827,1,0.9540951135134577
76561198134543681,0,0.0034246952272951603,1,0.9540951135134577
76561198839615794,0,0.003575145034119487,1,0.9540951135134577
76561198288125512,0,0.003575145034119487,1,0.9540951135134577
76561199563409202,0,0.0057981545105576515,1,0.9540951135134577
76561198846904015,0,0.0035122607368975878,1,0.9540951135134577
76561198091533461,0,0.0054472205229103565,1,0.9540951135134577
76561198039513169,0,0.011401724070310593,1,0.9540951135134577
76561198824207408,0,0.02297477051615715,1,0.9540951135134577
76561197962628109,1,0.9611651301383972,1,0.9540951135134577
76561198144921387,0,0.41299110651016235,1,0.9540951135134577
76561198154565597,0,0.059660810977220535,1,0.9540951135134577
76561199558553044,0,0.019489223137497902,1,0.9540951135134577
76561197979465853,0,0.6638211011886597,1,0.9540951135134577
76561199147855094,0,0.014948476105928421,1,0.9540951135134577
76561198454459767,0,0.004556852858513594,1,0.9540951135134577
76561198124442596,0,0.0057140616700053215,1,0.9540951135134577
76561199065549845,0,0.007335409056395292,1,0.9540951135134577
76561199442507543,0,0.004706535954028368,1,0.9540951135134577
76561199097063877,0,0.003204184118658304,1,0.9540951135134577
76561199033602037,0,0.010942730121314526,1,0.9540951135134577
76561198189968510,0,0.004554798826575279,1,0.9540951135134577
76561199488817641,0,0.006040020380169153,1,0.9540951135134577
76561199045049392,0,0.011349417269229889,1,0.9540951135134577
76561199261682384,0,0.0092869121581316,1,0.9540951135134577
76561198905519950,0,0.009953014552593231,1,0.9540951135134577
76561199507150764,0,0.0585540309548378,1,0.9540951135134577
76561198076109292,0,0.013970916159451008,1,0.9540951135134577
76561198045032032,0,0.006170322187244892,1,0.9540951135134577
76561198153662807,0,0.004606545437127352,1,0.9540951135134577
76561199532822030,0,0.0034583520609885454,1,0.9540951135134577
76561199444517562,0,0.01198869664222002,1,0.9540951135134577
76561198231963352,0,0.005699582863599062,1,0.9540951135134577
76561197994514238,0,0.004346936475485563,1,0.9540951135134577
76561198056915159,0,0.2449938952922821,1,0.9540951135134577
76561198068668462,0,0.0036622467450797558,1,0.9540951135134577
76561198009388563,0,0.009072618559002876,1,0.9540951135134577
76561198015559294,1,0.8236135840415955,1,0.9540951135134577
76561198095913632,0,0.004696709103882313,1,0.9540951135134577
76561198869465538,0,0.005365924444049597,1,0.9540951135134577
76561198995755147,0,0.9853361248970032,1,0.9540951135134577
76561198322939686,0,0.005128819029778242,1,0.9540951135134577
76561199199629759,0,0.9780051112174988,1,0.9540951135134577
76561199068801310,0,0.9691905975341797,1,0.9540951135134577
76561198387676630,0,0.061233069747686386,1,0.9540951135134577
76561198298244148,0,0.01070856861770153,1,0.9540951135134577
76561198005103530,0,0.0037505782674998045,1,0.9540951135134577
76561198000331881,0,0.025289341807365417,1,0.9540951135134577
76561198841911314,0,0.007614818401634693,1,0.9540951135134577
76561197996573783,1,0.7840180993080139,1,0.9540951135134577
76561199097435160,1,0.9617053866386414,1,0.9540951135134577
76561198966502927,0,0.0036359711084514856,1,0.9540951135134577
76561198308837848,0,0.003575145034119487,1,0.9540951135134577
76561199692375748,0,0.01563938893377781,1,0.9540951135134577
76561198447612068,0,0.9485856890678406,1,0.9540951135134577
76561198028983966,0,0.0068173944018781185,1,0.9540951135134577
76561199194123518,0,0.0066866627894341946,1,0.9540951135134577
76561198042781033,0,0.9751222133636475,1,0.9540951135134577
76561197963283288,0,0.050739485770463943,1,0.9540951135134577
76561199142119249,0,0.003260941244661808,1,0.9540951135134577
76561198093539106,0,0.5761433243751526,1,0.9540951135134577
76561198965276342,0,0.010892583057284355,1,0.9540951135134577
76561198349400640,0,0.8420169353485107,1,0.9540951135134577
76561198046526884,0,0.9631524682044983,1,0.9540951135134577
76561199173241802,0,0.0380573607981205,1,0.9540951135134577
76561198441710277,0,0.004757743328809738,1,0.9540951135134577
76561198075027737,0,0.31839028000831604,1,0.9540951135134577
76561198181687034,0,0.02762090414762497,1,0.9540951135134577
76561199583558317,0,0.0061360010877251625,1,0.9540951135134577
76561198962195755,0,0.8626782298088074,1,0.9540951135134577
76561198035752324,0,0.11455059796571732,1,0.9540951135134577
76561198088887512,0,0.005905312951654196,1,0.9540951135134577
76561198330738857,0,0.004232081584632397,1,0.9540951135134577
76561198076074093,0,0.5392402410507202,1,0.9540951135134577
76561198056680777,0,0.006236998829990625,1,0.9540951135134577
76561199193120746,0,0.00350850448012352,1,0.9540951135134577
76561199219243487,0,0.005349509418010712,1,0.9540951135134577
76561198379026303,1,0.9860696792602539,1,0.9540951135134577
76561198122108762,1,0.9719688296318054,1,0.9540951135134577
76561199079886770,0,0.005212566815316677,1,0.9540951135134577
76561198338673829,0,0.006096001714468002,1,0.9540951135134577
76561198931790167,0,0.011858801357448101,1,0.9540951135134577
76561198870450847,0,0.5058748126029968,1,0.9540951135134577
76561199494146309,0,0.003997313790023327,1,0.9540951135134577
76561199050280466,0,0.0032869484275579453,1,0.9540951135134577
76561198876968682,0,0.005224505439400673,1,0.9540951135134577
76561199084385077,0,0.005290894769132137,1,0.9540951135134577
76561198071939605,0,0.017431586980819702,1,0.9540951135134577
76561198156336561,0,0.005518995691090822,1,0.9540951135134577
76561198055440032,0,0.00500571820884943,1,0.9540951135134577
76561198835574908,0,0.8634645342826843,1,0.9540951135134577
76561199151622277,0,0.0032105918508023024,1,0.9540951135134577
76561199023401847,1,0.9888878464698792,1,0.9540951135134577
76561198018486172,0,0.003993281628936529,1,0.9540951135134577
76561197973253131,0,0.9747068881988525,1,0.9540951135134577
76561198846839476,0,0.04144398495554924,1,0.9540951135134577
76561198175295041,0,0.02394707314670086,1,0.9540951135134577
76561199365679474,0,0.01954513043165207,1,0.9540951135134577
76561198402717766,1,0.9778897166252136,1,0.9540951135134577
76561199218631321,0,0.005792329553514719,1,0.9540951135134577
76561198805136520,0,0.006364381872117519,1,0.9540951135134577
76561199222870245,0,0.02736741118133068,1,0.9540951135134577
76561198299273790,0,0.004289205651730299,1,0.9540951135134577
76561199047085127,0,0.004366379696875811,1,0.9540951135134577
76561198441023569,0,0.0035170903429389,1,0.9540951135134577
76561198981706449,0,0.8909876942634583,1,0.9540951135134577
76561198993796894,0,0.004577074199914932,1,0.9540951135134577
76561198923860380,0,0.009668170474469662,1,0.9540951135134577
76561198291701168,0,0.004205723293125629,1,0.9540951135134577
76561199106126554,0,0.00969263631850481,1,0.9540951135134577
76561199080769584,0,0.00950192753225565,1,0.9540951135134577
76561198276372747,0,0.03374475613236427,1,0.9540951135134577
76561199234955546,0,0.02474948950111866,1,0.9540951135134577
76561198142972460,0,0.006483614444732666,1,0.9540951135134577
76561199057810531,0,0.00962013192474842,1,0.9540951135134577
76561198203603631,0,0.01725967414677143,1,0.9540951135134577
76561199036921530,0,0.006309648510068655,1,0.9540951135134577
76561198059954731,0,0.0036828385200351477,1,0.9540951135134577
76561198132953577,0,0.005813810508698225,1,0.9540951135134577
76561198086688908,0,0.004980209283530712,1,0.9540951135134577
76561198844111416,0,0.03090088814496994,1,0.9540951135134577
76561199231214223,0,0.02622460015118122,1,0.9540951135134577
76561199418002259,0,0.009327617473900318,1,0.9540951135134577
76561198372405358,0,0.0032869484275579453,1,0.9540951135134577
76561198968410491,0,0.004139193333685398,1,0.9540951135134577
76561199120965375,0,0.016259603202342987,1,0.9540951135134577
76561198064008514,0,0.0035090679302811623,1,0.9540951135134577
76561199208433768,0,0.00413269829005003,1,0.9540951135134577
76561198800303799,0,0.9677103757858276,1,0.9540951135134577
76561197976333020,0,0.025214096531271935,1,0.9540951135134577
76561198134199812,0,0.004614535253494978,1,0.9540951135134577
76561198848552149,0,0.003272166009992361,1,0.9540951135134577
76561198834321733,0,0.0035992893390357494,1,0.9540951135134577
76561198065887713,0,0.010830722749233246,1,0.9540951135134577
76561198044257167,0,0.004937584511935711,1,0.9540951135134577
76561198043014044,0,0.0038555501960217953,1,0.9540951135134577
76561198880352049,0,0.003820964368060231,1,0.9540951135134577
76561199026775184,0,0.0064483340829610825,1,0.9540951135134577
76561199192481563,0,0.0032869484275579453,1,0.9540951135134577
76561198001672171,0,0.03272388502955437,1,0.9540951135134577
76561198129778154,0,0.0038008056581020355,1,0.9540951135134577
76561198042275742,0,0.03281867876648903,1,0.9540951135134577
76561199326006528,0,0.7708799839019775,1,0.9540951135134577
76561198889793163,0,0.003832601709291339,1,0.9540951135134577
76561198081027946,0,0.9043810367584229,1,0.9540951135134577
76561198085576271,0,0.020486343652009964,1,0.9540951135134577
76561198800714362,0,0.7919330596923828,1,0.9540951135134577
76561198987539126,0,0.6297902464866638,1,0.9540951135134577
76561198188272113,0,0.8077499866485596,1,0.9540951135134577
76561198039410078,0,0.0060090734623372555,1,0.9540951135134577
76561198324442221,0,0.6037949919700623,1,0.9540951135134577
76561199265946977,0,0.0642632395029068,1,0.9540951135134577
76561198014480974,0,0.004770214669406414,1,0.9540951135134577
76561199214904008,0,0.013718144036829472,1,0.9540951135134577
76561199052284085,1,0.985863983631134,1,0.9540951135134577
76561198800908488,0,0.11342008411884308,1,0.9540951135134577
76561198025442179,0,0.0105715561658144,1,0.9540951135134577
76561198272635835,0,0.006539159454405308,1,0.9540951135134577
76561198034790019,0,0.006096460856497288,1,0.9540951135134577
76561198214204819,0,0.012553452514111996,1,0.9540951135134577
76561198055843277,0,0.00657616276293993,1,0.9540951135134577
76561198084997053,0,0.21017329394817352,1,0.9540951135134577
76561197978315820,0,0.08721404522657394,1,0.9540951135134577
76561198850423017,0,0.01364475954324007,1,0.9540951135134577
76561198857067819,0,0.012508964166045189,1,0.9540951135134577
76561198354816149,0,0.007168235722929239,1,0.9540951135134577
76561198018495674,0,0.6483675241470337,1,0.9540951135134577
76561198982175659,0,0.007019429467618465,1,0.9540951135134577
76561199467097365,0,0.0035751943942159414,1,0.9540951135134577
76561198277481863,0,0.07085497677326202,1,0.9540951135134577
76561199699691039,0,0.016205867752432823,1,0.9540951135134577
76561199203377602,0,0.0033224972430616617,1,0.9540951135134577
76561199039778019,0,0.019742876291275024,1,0.9540951135134577
76561199038895020,0,0.005368332844227552,1,0.9540951135134577
76561199238706092,0,0.00921169389039278,1,0.9540951135134577
76561198040012690,0,0.006824652198702097,1,0.9540951135134577
76561198153973805,0,0.12769389152526855,1,0.9540951135134577
76561198238691190,0,0.00381341390311718,1,0.9540951135134577
76561198246914298,0,0.00733085535466671,1,0.9540951135134577
76561197972646182,0,0.009717943146824837,1,0.9540951135134577
76561198272445380,0,0.03242841735482216,1,0.9540951135134577
76561199160951128,0,0.039664823561906815,1,0.9540951135134577
76561198057635512,0,0.04034506157040596,1,0.9540951135134577
76561198176786759,0,0.006512066815048456,1,0.9540951135134577
76561199058562420,0,0.008449486456811428,1,0.9540951135134577
76561198154420044,1,0.986111044883728,1,0.9540951135134577
76561198095734144,0,0.004335534758865833,1,0.9540951135134577
76561199018891522,0,0.0039123366586863995,1,0.9540951135134577
76561199104837791,0,0.1700635552406311,1,0.9540951135134577
76561198056961308,0,0.005376610904932022,1,0.9540951135134577
76561199248678513,0,0.2102019488811493,1,0.9540951135134577
76561199015264099,0,0.019686058163642883,1,0.9540951135134577
76561199640289797,0,0.19418002665042877,1,0.9540951135134577
76561199058935223,0,0.0032869484275579453,1,0.9540951135134577
76561198115938568,0,0.3162006437778473,1,0.9540951135134577
76561199148597957,0,0.016211386770009995,1,0.9540951135134577
76561199496318556,0,0.4735223352909088,1,0.9540951135134577
76561197970098728,1,0.9828588366508484,1,0.9540951135134577
76561199422240815,0,0.0051862578839063644,1,0.9540951135134577
76561198443022310,0,0.020705098286271095,1,0.9540951135134577
76561198056741674,0,0.012932617217302322,1,0.9540951135134577
76561199122380868,0,0.003519240068271756,1,0.9540951135134577
76561198760259821,0,0.00493877986446023,1,0.9540951135134577
76561198051519724,0,0.005205304361879826,1,0.9540951135134577
76561198348524976,0,0.3006225824356079,1,0.9540951135134577
76561199057965433,0,0.005952614825218916,1,0.9540951135134577
76561198931166822,0,0.003820964368060231,1,0.9540951135134577
76561198002911018,0,0.007200636900961399,1,0.9540951135134577
76561199137801649,0,0.9788889288902283,1,0.9540951135134577
76561199478744069,0,0.0032869484275579453,1,0.9540951135134577
76561199129651095,0,0.0045133731327950954,1,0.9540951135134577
76561198315920973,0,0.632565975189209,1,0.9540951135134577
76561199512918684,0,0.1556171476840973,1,0.9540951135134577
76561197979917588,0,0.014691404066979885,1,0.9540951135134577
76561198199553399,0,0.005686596967279911,1,0.9540951135134577
76561198362918987,0,0.006416947580873966,1,0.9540951135134577
76561199068812072,0,0.5891690850257874,1,0.9540951135134577
76561199197286790,0,0.013227495364844799,1,0.9540951135134577
76561198991232448,0,0.009796096943318844,1,0.9540951135134577
76561198155265386,0,0.0037092259153723717,1,0.9540951135134577
76561199341448909,0,0.004376398865133524,1,0.9540951135134577
76561198048302090,0,0.015636520460247993,1,0.9540951135134577
76561198134709984,0,0.004492507316172123,1,0.9540951135134577
76561198019855606,0,0.0037050428800284863,1,0.9540951135134577
76561198079792025,0,0.00530668580904603,1,0.9540951135134577
76561198404967309,0,0.007233188487589359,1,0.9540951135134577
76561199011559469,0,0.0043863956816494465,1,0.9540951135134577
76561198283968132,0,0.0033569196239113808,1,0.9540951135134577
76561199109936653,0,0.004065466579049826,1,0.9540951135134577
76561199080475121,0,0.003514411160722375,1,0.9540951135134577
76561197967334830,0,0.003971373662352562,1,0.9540951135134577
76561198038895528,0,0.004406777210533619,1,0.9540951135134577
76561198024997284,0,0.0050346567295491695,1,0.9540951135134577
76561198859081793,0,0.9178040623664856,1,0.9540951135134577
76561198971083704,0,0.0038112595211714506,1,0.9540951135134577
76561199232826077,0,0.02545340172946453,1,0.9540951135134577
76561199087087892,0,0.1722433716058731,1,0.9540951135134577
76561198811074862,0,0.003575145034119487,1,0.9540951135134577
76561198120779819,0,0.0066866627894341946,1,0.9540951135134577
76561198880295837,0,0.0038080993108451366,1,0.9540951135134577
76561198060199182,0,0.9387613534927368,1,0.9540951135134577
76561198030755349,0,0.38727840781211853,1,0.9540951135134577
76561197996206933,0,0.011385171674191952,1,0.9540951135134577
76561198006175988,1,0.9735003709793091,1,0.9540951135134577
76561199262477687,0,0.9572933912277222,1,0.9540951135134577
76561199472848376,0,0.003732433309778571,1,0.9540951135134577
76561198316036228,0,0.03206861764192581,1,0.9540951135134577
76561199130808839,0,0.003491136245429516,1,0.9540951135134577
76561198096579709,0,0.012611432932317257,1,0.9540951135134577
76561199070503373,0,0.004172643180936575,1,0.9540951135134577
76561198129372037,0,0.015986163169145584,1,0.9540951135134577
76561198871756321,0,0.052291739732027054,1,0.9540951135134577
76561199390077066,0,0.005568749271333218,1,0.9540951135134577
76561198299022344,0,0.007745085749775171,1,0.9540951135134577
76561198108727962,0,0.010957106947898865,1,0.9540951135134577
76561198957852366,1,0.889474093914032,1,0.9540951135134577
76561198019421857,0,0.006599170621484518,1,0.9540951135134577
76561198262906004,0,0.9787847399711609,1,0.9540951135134577
76561198085819817,0,0.8026222586631775,1,0.9540951135134577
76561198009528085,0,0.0045799077488482,1,0.9540951135134577
76561198087573432,0,0.09149258583784103,1,0.9540951135134577
76561198450840421,0,0.005188324488699436,1,0.9540951135134577
76561198982826098,0,0.005378951784223318,1,0.9540951135134577
76561198332799234,1,0.8616372346878052,1,0.9540951135134577
76561199216688723,0,0.4619254767894745,1,0.9540951135134577
76561198364490015,0,0.04701370373368263,1,0.9540951135134577
76561198431191331,0,0.006723820697516203,1,0.9540951135134577
76561197995871328,0,0.014452117495238781,1,0.9540951135134577
76561198983533764,0,0.8434389233589172,1,0.9540951135134577
76561199100746695,0,0.8468632102012634,1,0.9540951135134577
76561198839249414,0,0.009816749952733517,1,0.9540951135134577
76561198001558197,0,0.02603772096335888,1,0.9540951135134577
76561198030984098,0,0.004256603308022022,1,0.9540951135134577
76561199380552589,0,0.04917720705270767,1,0.9540951135134577
76561198817646180,0,0.0036276716273278,1,0.9540951135134577
76561199277049777,0,0.14505144953727722,1,0.9540951135134577
76561198061371708,0,0.07243252545595169,1,0.9540951135134577
76561198326734602,0,0.8772899508476257,1,0.9540951135134577
76561198308418636,0,0.004966395441442728,1,0.9540951135134577
76561198078745722,0,0.004249531775712967,1,0.9540951135134577
76561198063455256,0,0.570006251335144,1,0.9540951135134577
76561198242377466,0,0.004574763122946024,1,0.9540951135134577
76561198000941432,0,0.6086817979812622,1,0.9540951135134577
76561198024688456,0,0.004165848717093468,1,0.9540951135134577
76561198864724031,0,0.1316840648651123,1,0.9540951135134577
76561199186988095,0,0.005060408730059862,1,0.9540951135134577
76561198380454191,0,0.043669283390045166,1,0.9540951135134577
76561199452611842,0,0.0036631969269365072,1,0.9540951135134577
76561198165358583,0,0.095535047352314,1,0.9540951135134577
76561198863407184,0,0.03535785153508186,1,0.9540951135134577
76561198097677862,0,0.005800232291221619,1,0.9540951135134577
76561199122242903,0,0.13602767884731293,1,0.9540951135134577
76561198048162495,0,0.017331665381789207,1,0.9540951135134577
76561198115853685,0,0.05862452834844589,1,0.9540951135134577
76561199231340619,0,0.005408284720033407,1,0.9540951135134577
76561198838123194,0,0.12836246192455292,1,0.9540951135134577
76561198066527887,0,0.0143037810921669,1,0.9540951135134577
76561198202803284,0,0.007842713966965675,1,0.9540951135134577
76561198045623514,0,0.005140689201653004,1,0.9540951135134577
76561198079604249,0,0.005534618627279997,1,0.9540951135134577
76561198099229128,0,0.007580350618809462,1,0.9540951135134577
76561198851686234,0,0.0063126832246780396,1,0.9540951135134577
76561198251947286,0,0.004658633377403021,1,0.9540951135134577
76561199386924868,0,0.009016496129333973,1,0.9540951135134577
76561198282856694,0,0.01899566687643528,1,0.9540951135134577
76561198067095009,0,0.00392945809289813,1,0.9540951135134577
76561198072604385,0,0.2038346827030182,1,0.9540951135134577
76561198140781062,0,0.008625018410384655,1,0.9540951135134577
76561198978839539,0,0.007979732006788254,1,0.9540951135134577
76561199222054285,0,0.005965910851955414,1,0.9540951135134577
76561199172039391,0,0.007079471368342638,1,0.9540951135134577
76561198078687472,0,0.0037567843683063984,1,0.9540951135134577
76561199228802642,0,0.004160964861512184,1,0.9540951135134577
76561198066854806,0,0.004887868650257587,1,0.9540951135134577
76561197991539097,0,0.006209266372025013,1,0.9540951135134577
76561198045965279,0,0.012250827625393867,1,0.9540951135134577
76561198295457486,0,0.0038096592761576176,1,0.9540951135134577
76561198823941580,0,0.003192092990502715,1,0.9540951135134577
76561198834554877,0,0.0034991512075066566,1,0.9540951135134577
76561199477807360,0,0.004023651126772165,1,0.9540951135134577
76561198253406709,0,0.6890344619750977,1,0.9540951135134577
76561199149633969,0,0.008115526288747787,1,0.9540951135134577
76561198343003490,0,0.2937457263469696,1,0.9540951135134577
76561198079836888,0,0.1972900927066803,1,0.9540951135134577
76561198039640521,0,0.004197563510388136,1,0.9540951135134577
76561197982640372,0,0.3053070306777954,1,0.9540951135134577
76561198067745223,0,0.005618096794933081,1,0.9540951135134577
76561198146416413,0,0.040537841618061066,1,0.9540951135134577
76561198796509686,0,0.061304762959480286,1,0.9540951135134577
76561198385952549,0,0.8492118716239929,1,0.9540951135134577
76561198006419420,0,0.5493206977844238,1,0.9540951135134577
76561199401294511,0,0.019517533481121063,1,0.9540951135134577
76561198062354598,0,0.0055772350169718266,1,0.9540951135134577
76561198038596234,0,0.25939714908599854,1,0.9540951135134577
76561198877279116,1,0.9646440148353577,1,0.9540951135134577
76561198043025023,0,0.20173139870166779,1,0.9540951135134577
76561198080643257,0,0.004314804915338755,1,0.9540951135134577
76561198365947093,0,0.0032869484275579453,1,0.9540951135134577
76561199536524291,0,0.5659489035606384,1,0.9540951135134577
76561198026905172,0,0.4542390704154968,1,0.9540951135134577
76561198045318645,0,0.016720760613679886,1,0.9540951135134577
76561198022167780,0,0.004787384066730738,1,0.9540951135134577
76561199240600165,0,0.004016264341771603,1,0.9540951135134577
76561198448484233,0,0.011939974501729012,1,0.9540951135134577
76561198089022911,0,0.005343689117580652,1,0.9540951135134577
76561199013479514,0,0.005886919796466827,1,0.9540951135134577
76561197996094990,0,0.01505571324378252,1,0.9540951135134577
76561199003237842,0,0.008705629967153072,1,0.9540951135134577
76561198853262331,0,0.08015761524438858,1,0.9540951135134577
76561198040290319,0,0.24383977055549622,1,0.9540951135134577
76561198897031504,0,0.10004899650812149,1,0.9540951135134577
76561198967526786,0,0.10715008527040482,1,0.9540951135134577
76561198047244069,0,0.004636544268578291,1,0.9540951135134577
76561199221544266,0,0.004034891724586487,1,0.9540951135134577
76561198120652714,1,0.9715377688407898,1,0.9540951135134577
76561198976878553,0,0.0039044341538101435,1,0.9540951135134577
76561198857411297,0,0.00314659858122468,1,0.9540951135134577
76561198110419480,0,0.006361004896461964,1,0.9540951135134577
76561198067442259,0,0.054165273904800415,1,0.9540951135134577
76561199013741928,0,0.012898416258394718,1,0.9540951135134577
76561198858070614,0,0.9728135466575623,1,0.9540951135134577
76561199123163151,0,0.004140913952142,1,0.9540951135134577
76561197980777030,0,0.014319480396807194,1,0.9540951135134577
76561198214614492,0,0.006363784894347191,1,0.9540951135134577
76561198271504180,0,0.004013452213257551,1,0.9540951135134577
76561199486464539,0,0.010030445642769337,1,0.9540951135134577
76561198847260081,0,0.013874957337975502,1,0.9540951135134577
76561199507547202,0,0.0035751943942159414,1,0.9540951135134577
76561198143603284,0,0.0033197253942489624,1,0.9540951135134577
76561199032498958,1,0.949591875076294,1,0.9540951135134577
76561198304819097,0,0.004378771875053644,1,0.9540951135134577
76561199052010390,0,0.8579407334327698,1,0.9540951135134577
76561199111518027,0,0.033731184899806976,1,0.9540951135134577
76561199453330128,0,0.012957059778273106,1,0.9540951135134577
76561199048187193,0,0.9468199610710144,1,0.9540951135134577
76561199232881676,0,0.8745114207267761,1,0.9540951135134577
76561198177976383,0,0.0051584974862635136,1,0.9540951135134577
76561198303465160,0,0.02704431675374508,1,0.9540951135134577
76561198085966408,0,0.008287137374281883,1,0.9540951135134577
76561199162222144,0,0.004224163945764303,1,0.9540951135134577
76561198004304723,0,0.005099533125758171,1,0.9540951135134577
76561198044349867,0,0.5755288600921631,1,0.9540951135134577
76561198030325386,0,0.007702481001615524,1,0.9540951135134577
76561198081099046,0,0.0066866627894341946,1,0.9540951135134577
76561198889511775,0,0.019978011026978493,1,0.9540951135134577
76561198065685262,0,0.003532922361046076,1,0.9540951135134577
76561198030622831,0,0.011252982541918755,1,0.9540951135134577
76561198273825135,0,0.0423305444419384,1,0.9540951135134577
76561198056688264,0,0.9177243113517761,1,0.9540951135134577
76561198425239934,0,0.0032869484275579453,1,0.9540951135134577
76561199250130184,0,0.003575145034119487,1,0.9540951135134577
76561198303626885,0,0.013182243332266808,1,0.9540951135134577
76561198837567308,0,0.005002559628337622,1,0.9540951135134577
76561198053493423,0,0.05449599027633667,1,0.9540951135134577
76561198834703979,0,0.005272258538752794,1,0.9540951135134577
76561198047045118,0,0.005499965511262417,1,0.9540951135134577
76561198055907740,0,0.005563441663980484,1,0.9540951135134577
76561198053143335,0,0.01681901514530182,1,0.9540951135134577
76561198018186091,0,0.20895758271217346,1,0.9540951135134577
76561198146340243,0,0.004557562526315451,1,0.9540951135134577
76561198081414621,0,0.004844338167458773,1,0.9540951135134577
76561199259225711,0,0.0033067665062844753,1,0.9540951135134577
76561198007725895,0,0.010661188513040543,1,0.9540951135134577
76561199128757699,0,0.012759657576680183,1,0.9540951135134577
76561198158775211,0,0.0036179160233587027,1,0.9540951135134577
76561198248045292,0,0.0037990061100572348,1,0.9540951135134577
76561199283410019,0,0.003986377734690905,1,0.9540951135134577
76561197970887394,0,0.031953904777765274,1,0.9540951135134577
76561198165967157,0,0.003750644624233246,1,0.9540951135134577
76561198338540353,0,0.004052131902426481,1,0.9540951135134577
76561198406606583,0,0.011574831791222095,1,0.9540951135134577
76561199086049731,0,0.020902389660477638,1,0.9540951135134577
76561198961162811,1,0.6641148924827576,1,0.9540951135134577
76561198860311460,0,0.0238663237541914,1,0.9540951135134577
76561198142504705,0,0.9404776096343994,1,0.9540951135134577
76561199250395435,1,0.8850948810577393,1,0.9540951135134577
76561198880835664,0,0.09858542680740356,1,0.9540951135134577
76561198881635208,0,0.005061099771410227,1,0.9540951135134577
76561198160674647,0,0.09902580827474594,1,0.9540951135134577
76561199083654576,0,0.05892917141318321,1,0.9540951135134577
76561198354484506,0,0.005826988257467747,1,0.9540951135134577
76561198849236366,0,0.6017046570777893,1,0.9540951135134577
76561198991264799,0,0.0056142257526516914,1,0.9540951135134577
76561198213483093,0,0.9403910636901855,1,0.9540951135134577
76561197969892811,0,0.0751873105764389,1,0.9540951135134577
76561199014001873,0,0.004412745591253042,1,0.9540951135134577
76561198142052325,0,0.006227987818419933,1,0.9540951135134577
76561198060617951,0,0.003437406150624156,1,0.9540951135134577
76561198004713885,0,0.7781723141670227,1,0.9540951135134577
76561198142153110,0,0.1930571347475052,1,0.9540951135134577
76561198990677374,0,0.012549965642392635,1,0.9540951135134577
76561198113761184,0,0.00656646303832531,1,0.9540951135134577
76561198122680922,0,0.010087496601045132,1,0.9540951135134577
76561198956940370,0,0.004101456142961979,1,0.9540951135134577
76561198086592324,0,0.005662292242050171,1,0.9540951135134577
76561198881140894,0,0.3755510449409485,1,0.9540951135134577
76561198880440692,0,0.07756062597036362,1,0.9540951135134577
76561198289573683,0,0.9244749546051025,1,0.9540951135134577
76561198255210474,0,0.9751522541046143,1,0.9540951135134577
76561198111281342,0,0.0056912959553301334,1,0.9540951135134577
76561198740318870,1,0.6103124618530273,1,0.9540951135134577
76561198376194975,0,0.01036791130900383,1,0.9540951135134577
76561198025043209,0,0.010554705746471882,1,0.9540951135134577
76561198180529293,0,0.00458760978654027,1,0.9540951135134577
76561199098342117,0,0.003644657088443637,1,0.9540951135134577
76561197982556812,0,0.05315961316227913,1,0.9540951135134577
76561198014012982,0,0.9541460871696472,1,0.9540951135134577
76561198159051886,0,0.007751570548862219,1,0.9540951135134577
76561198268526915,0,0.004493842367082834,1,0.9540951135134577
76561198800456376,0,0.04040033742785454,1,0.9540951135134577
76561198042618634,0,0.039694514125585556,1,0.9540951135134577
76561199112899200,0,0.5231261849403381,1,0.9540951135134577
76561199104949002,0,0.10986623167991638,1,0.9540951135134577
76561199210282834,0,0.012382152490317822,1,0.9540951135134577
76561199168140796,0,0.0628972202539444,1,0.9540951135134577
76561198862022001,0,0.020599473267793655,1,0.9540951135134577
76561198314941217,0,0.0035946082789450884,1,0.9540951135134577
76561198272558110,0,0.005305670667439699,1,0.9540951135134577
76561197976072430,0,0.9523547291755676,1,0.9540951135134577
76561198807927210,0,0.9300736784934998,1,0.9540951135134577
76561199110734633,0,0.0120695186778903,1,0.9540951135134577
76561199268783762,0,0.005244092550128698,1,0.9540951135134577
76561198034490737,0,0.09316639602184296,1,0.9540951135134577
76561199472355997,0,0.006416947580873966,1,0.9540951135134577
76561198991145652,0,0.0035440053325146437,1,0.9540951135134577
76561198084118161,0,0.004909946583211422,1,0.9540951135134577
76561199482633725,0,0.007246773689985275,1,0.9540951135134577
76561199419857570,0,0.008785497397184372,1,0.9540951135134577
76561198361320278,0,0.8840773105621338,1,0.9540951135134577
76561198873613509,0,0.003575145034119487,1,0.9540951135134577
76561198126575273,0,0.9002728462219238,1,0.9540951135134577
76561199187312156,0,0.004279738757759333,1,0.9540951135134577
76561198812193347,0,0.009274027310311794,1,0.9540951135134577
76561198314578933,0,0.028521377593278885,1,0.9540951135134577
76561198117643013,0,0.008501876145601273,1,0.9540951135134577
76561198074992137,0,0.005388614255934954,1,0.9540951135134577
76561198124946552,0,0.07337416708469391,1,0.9540951135134577
76561198037731092,0,0.009207603521645069,1,0.9540951135134577
76561198283286760,0,0.00425410782918334,1,0.9540951135134577
76561198811207728,0,0.008919245563447475,1,0.9540951135134577
76561198139917322,0,0.11857237666845322,1,0.9540951135134577
76561199063784646,0,0.015359628945589066,1,0.9540951135134577
76561198164328370,0,0.004404704086482525,1,0.9540951135134577
76561198189045146,0,0.004364107735455036,1,0.9540951135134577
76561199222619669,0,0.02150600403547287,1,0.9540951135134577
76561198043628369,0,0.004794232081621885,1,0.9540951135134577
76561198862653836,0,0.004759338218718767,1,0.9540951135134577
76561198198025381,0,0.004202038515359163,1,0.9540951135134577
76561199166766366,0,0.005166167393326759,1,0.9540951135134577
76561198030729644,0,0.003910536412149668,1,0.9540951135134577
76561198067499338,0,0.005724658723920584,1,0.9540951135134577
76561198052865421,0,0.0034935888834297657,1,0.9540951135134577
76561198280489546,0,0.003862314159050584,1,0.9540951135134577
76561198102170893,0,0.00401555560529232,1,0.9540951135134577
76561198200764649,0,0.042378827929496765,1,0.9540951135134577
76561198260628392,0,0.0046869004145264626,1,0.9540951135134577
76561199432348056,0,0.003192092990502715,1,0.9540951135134577
76561198087209755,0,0.031575195491313934,1,0.9540951135134577
76561198376874451,0,0.003913593012839556,1,0.9540951135134577
76561198255086484,0,0.01002590637654066,1,0.9540951135134577
76561198399775651,0,0.0082480413839221,1,0.9540951135134577
76561199110613924,0,0.029219558462500572,1,0.9540951135134577
76561199002396146,0,0.008998328819870949,1,0.9540951135134577
76561199013351809,0,0.0063912454061210155,1,0.9540951135134577
76561198091582307,0,0.0037558525800704956,1,0.9540951135134577
76561198974332881,0,0.009245448745787144,1,0.9540951135134577
76561198369131509,0,0.007729965727776289,1,0.9540951135134577
76561198441211127,0,0.0046990918926894665,1,0.9540951135134577
76561198043199760,0,0.9643709659576416,1,0.9540951135134577
76561199242723369,0,0.005526323802769184,1,0.9540951135134577
76561198990892558,0,0.004855864215642214,1,0.9540951135134577
76561198192778421,0,0.0036943110171705484,1,0.9540951135134577
76561198267698342,0,0.021425385028123856,1,0.9540951135134577
76561199026165109,0,0.2961227595806122,1,0.9540951135134577
76561198039148714,0,0.9565598368644714,1,0.9540951135134577
76561198030704919,0,0.28194794058799744,1,0.9540951135134577
76561198052019478,0,0.19426462054252625,1,0.9540951135134577
76561199041274703,0,0.0066866627894341946,1,0.9540951135134577
76561198992713762,0,0.004377363249659538,1,0.9540951135134577
76561198808007526,0,0.9597371220588684,1,0.9540951135134577
76561197971141988,0,0.004104532767087221,1,0.9540951135134577
76561198017240287,0,0.5348391532897949,1,0.9540951135134577
76561198144439472,0,0.9766913652420044,1,0.9540951135134577
76561198886387126,0,0.008593005128204823,1,0.9540951135134577
76561198060436488,0,0.03249843418598175,1,0.9540951135134577
76561198290487999,0,0.004402128979563713,1,0.9540951135134577
76561198155092152,0,0.004731922876089811,1,0.9540951135134577
76561198167800653,0,0.0040825544856488705,1,0.9540951135134577
76561199069825441,0,0.9723421931266785,1,0.9540951135134577
76561198081105807,0,0.048683393746614456,1,0.9540951135134577
76561198011948858,0,0.004031472839415073,1,0.9540951135134577
76561198016164268,0,0.003381461836397648,1,0.9540951135134577
76561198070646383,0,0.003862314159050584,1,0.9540951135134577
76561198042673527,0,0.5650695562362671,1,0.9540951135134577
76561198033326226,0,0.0036469397600740194,1,0.9540951135134577
76561198101610896,0,0.4106483459472656,1,0.9540951135134577
76561197975713178,0,0.015454936772584915,1,0.9540951135134577
76561198351678802,0,0.003867410123348236,1,0.9540951135134577
76561198016126520,0,0.007944823242723942,1,0.9540951135134577
76561198317174046,0,0.003462663386017084,1,0.9540951135134577
76561198107784594,0,0.004649157170206308,1,0.9540951135134577
76561199176617989,0,0.003643327159807086,1,0.9540951135134577
76561198368003413,0,0.00810057483613491,1,0.9540951135134577
76561199258247089,0,0.012368445284664631,1,0.9540951135134577
76561198862281881,0,0.011841218918561935,1,0.9540951135134577
76561198205324289,0,0.5654576420783997,1,0.9540951135134577
76561198200538837,0,0.005969907622784376,1,0.9540951135134577
76561198347637405,0,0.00454284343868494,1,0.9540951135134577
76561198889207436,0,0.036893926560878754,1,0.9540951135134577
76561199229946891,0,0.010472637601196766,1,0.9540951135134577
76561199230709763,0,0.005587699357420206,1,0.9540951135134577
76561197994652042,0,0.8258630633354187,1,0.9540951135134577
76561198042263658,0,0.004076821263879538,1,0.9540951135134577
76561198040269197,0,0.023417437449097633,1,0.9540951135134577
76561199161379335,0,0.013072839938104153,1,0.9540951135134577
76561198116425047,0,0.0034995288588106632,1,0.9540951135134577
76561199563194602,0,0.0040141502395272255,1,0.9540951135134577
76561199045174100,0,0.26710355281829834,1,0.9540951135134577
76561198064433368,0,0.0041571143083274364,1,0.9540951135134577
76561199111837927,0,0.01328757219016552,1,0.9540951135134577
76561198315770424,0,0.01114124059677124,1,0.9540951135134577
76561199124650058,0,0.004203360062092543,1,0.9540951135134577
76561198407643359,0,0.006771844811737537,1,0.9540951135134577
76561198868006972,0,0.024661455303430557,1,0.9540951135134577
76561198385256640,0,0.003491136245429516,1,0.9540951135134577
76561198171057991,0,0.9276535511016846,1,0.9540951135134577
76561199654721175,0,0.006067414302378893,1,0.9540951135134577
76561198049089245,0,0.005319259595125914,1,0.9540951135134577
76561199044683963,0,0.005643304903060198,1,0.9540951135134577
76561199241905568,0,0.006283241789788008,1,0.9540951135134577
76561198965747268,0,0.0055972374975681305,1,0.9540951135134577
76561197960514452,0,0.023449869826436043,1,0.9540951135134577
76561199406905785,0,0.10548806935548782,1,0.9540951135134577
76561198367162548,0,0.27822452783584595,1,0.9540951135134577
76561198205859503,0,0.006776230875402689,1,0.9540951135134577
76561198147792592,0,0.3030242621898651,1,0.9540951135134577
76561198043049832,0,0.01237047091126442,1,0.9540951135134577
76561198973635467,0,0.017161838710308075,1,0.9540951135134577
76561199567647925,0,0.004348680377006531,1,0.9540951135134577
76561198229923156,0,0.00908800307661295,1,0.9540951135134577
76561198227889328,0,0.003292373614385724,1,0.9540951135134577
76561198072874236,0,0.0035751943942159414,1,0.9540951135134577
76561198002397485,0,0.007993035949766636,1,0.9540951135134577
76561198163300015,0,0.008280927315354347,1,0.9540951135134577
76561199244934043,0,0.005002227611839771,1,0.9540951135134577
76561199120859150,0,0.00556917255744338,1,0.9540951135134577
76561198419719079,0,0.008575623854994774,1,0.9540951135134577
76561199176087369,0,0.00449467683210969,1,0.9540951135134577
76561199072855717,0,0.011524575762450695,1,0.9540951135134577
76561199105759292,0,0.03014671429991722,1,0.9540951135134577
76561198929918810,0,0.0036001871339976788,1,0.9540951135134577
76561199192708261,0,0.014992309734225273,1,0.9540951135134577
76561198391636457,0,0.0067840213887393475,1,0.9540951135134577
76561199498414016,0,0.00514261657372117,1,0.9540951135134577
76561198448254031,0,0.0035432642325758934,1,0.9540951135134577
76561199242639378,0,0.0038209734484553337,1,0.9540951135134577
76561199110418097,0,0.0032217674888670444,1,0.9540951135134577
76561198002135946,0,0.005849567241966724,1,0.9540951135134577
76561198068074629,0,0.8615308403968811,1,0.9540951135134577
76561198064065551,0,0.004451869521290064,1,0.9540951135134577
76561199209999878,0,0.005303315818309784,1,0.9540951135134577
76561198032081403,0,0.012457300908863544,1,0.9540951135134577
76561199389514521,0,0.0036284264642745256,1,0.9540951135134577
76561198985622104,0,0.00855952501296997,1,0.9540951135134577
76561198062423123,0,0.933610737323761,1,0.9540951135134577
76561198159370022,0,0.15318387746810913,1,0.9540951135134577
76561199119728907,0,0.006879766006022692,1,0.9540951135134577
76561197970957333,0,0.0906190499663353,1,0.9540951135134577
76561198080182332,0,0.004042452201247215,1,0.9540951135134577
76561198107017747,1,0.9732202887535095,1,0.9540951135134577
76561199055111328,0,0.003576827235519886,1,0.9540951135134577
76561199734579523,0,0.0052593424916267395,1,0.9540951135134577
76561199014301027,0,0.034419555217027664,1,0.9540951135134577
76561199045710517,0,0.005832772236317396,1,0.9540951135134577
76561198056075155,0,0.006060137879103422,1,0.9540951135134577
76561198161663140,0,0.008272228762507439,1,0.9540951135134577
76561198088836560,0,0.8587818741798401,1,0.9540951135134577
76561198128078286,0,0.009613028727471828,1,0.9540951135134577
76561198056862049,0,0.7115978598594666,1,0.9540951135134577
76561198870065907,0,0.8515301942825317,1,0.9540951135134577
76561199242865847,0,0.004824329633265734,1,0.9540951135134577
76561198142969383,0,0.005456725601106882,1,0.9540951135134577
76561198008928017,0,0.8908436894416809,1,0.9540951135134577
76561198839060409,0,0.18244796991348267,1,0.9540951135134577
76561198038423488,1,0.9678310751914978,1,0.9540951135134577
76561199016156437,0,0.9008909463882446,1,0.9540951135134577
76561198119711172,0,0.0035770072136074305,1,0.9540951135134577
76561198110963933,0,0.011823105625808239,1,0.9540951135134577
76561199799475967,0,0.004383602179586887,1,0.9540951135134577
76561199126544160,0,0.9481795430183411,1,0.9540951135134577
76561197977487884,0,0.9505043625831604,1,0.9540951135134577
76561198118838237,0,0.0032869484275579453,1,0.9540951135134577
76561199500308265,0,0.007745085749775171,1,0.9540951135134577
76561198334911604,0,0.00751300947740674,1,0.9540951135134577
76561198127494807,0,0.008941972628235817,1,0.9540951135134577
76561199544717458,0,0.003575145034119487,1,0.9540951135134577
76561199031474962,0,0.00921169389039278,1,0.9540951135134577
76561197969395881,0,0.003820964368060231,1,0.9540951135134577
76561198188829167,0,0.027592133730649948,1,0.9540951135134577
76561199127174931,0,0.8471755981445312,1,0.9540951135134577
76561198973155264,0,0.003924043849110603,1,0.9540951135134577
76561198136839474,0,0.008326521143317223,1,0.9540951135134577
76561199200985695,0,0.004581007640808821,1,0.9540951135134577
76561197961321441,0,0.06729575246572495,1,0.9540951135134577
76561198436631480,0,0.003405490191653371,1,0.9540951135134577
76561197981532990,0,0.004265685565769672,1,0.9540951135134577
76561198005036594,0,0.02374804951250553,1,0.9540951135134577
76561199127251864,0,0.005603013094514608,1,0.9540951135134577
76561199122088524,0,0.003570293541997671,1,0.9540951135134577
76561198012279867,0,0.006331081036478281,1,0.9540951135134577
76561199255794495,0,0.004273947328329086,1,0.9540951135134577
76561198111370698,0,0.005681907292455435,1,0.9540951135134577
76561198873405494,0,0.0036792117170989513,1,0.9540951135134577
76561198137452314,0,0.01609307900071144,1,0.9540951135134577
76561198139811041,0,0.004946170840412378,1,0.9540951135134577
76561198179850626,0,0.02951868623495102,1,0.9540951135134577
76561199121336681,0,0.005497503560036421,1,0.9540951135134577
76561198126106429,0,0.004659172613173723,1,0.9540951135134577
76561198119290315,0,0.0040027848444879055,1,0.9540951135134577
76561198965074941,0,0.009676885791122913,1,0.9540951135134577
76561199593504626,0,0.008002457208931446,1,0.9540951135134577
76561199001152647,0,0.009049040265381336,1,0.9540951135134577
76561198040638190,0,0.004721817094832659,1,0.9540951135134577
76561198217006548,0,0.004315626807510853,1,0.9540951135134577
76561198116372355,0,0.005665248725563288,1,0.9540951135134577
76561197988290054,0,0.006156302522867918,1,0.9540951135134577
76561198015958711,0,0.020245030522346497,1,0.9540951135134577
76561198170320841,0,0.006156763061881065,1,0.9540951135134577
76561199184121290,0,0.016631705686450005,1,0.9540951135134577
76561198031632958,0,0.015571778640151024,1,0.9540951135134577
76561198070339647,0,0.007798786740750074,1,0.9540951135134577
76561199683164547,0,0.005050239618867636,1,0.9540951135134577
76561198274221840,0,0.004624276887625456,1,0.9540951135134577
76561198116368795,0,0.006802742835134268,1,0.9540951135134577
76561199122057810,0,0.7948015928268433,1,0.9540951135134577
76561199046571158,0,0.005326229613274336,1,0.9540951135134577
76561198886857248,0,0.006499449256807566,1,0.9540951135134577
76561198799321474,0,0.9840601682662964,1,0.9540951135134577
76561198998679092,0,0.3488241136074066,1,0.9540951135134577
76561199058145781,0,0.9838736653327942,1,0.9540951135134577
76561198412617590,0,0.238178089261055,1,0.9540951135134577
76561199093547195,0,0.006491054780781269,1,0.9540951135134577
76561197973496488,0,0.003961009439080954,1,0.9540951135134577
76561198233172072,1,0.9271876811981201,1,0.9540951135134577
76561198030337344,0,0.00400350708514452,1,0.9540951135134577
76561198431026100,0,0.09265261143445969,1,0.9540951135134577
76561198111078123,0,0.0053247371688485146,1,0.9540951135134577
76561198021109800,0,0.5420054793357849,1,0.9540951135134577
76561198260339190,0,0.028507668524980545,1,0.9540951135134577
76561198036315744,0,0.6035940051078796,1,0.9540951135134577
76561198059780566,0,0.7777252197265625,1,0.9540951135134577
76561198016727490,0,0.004950885660946369,1,0.9540951135134577
76561199166769428,0,0.004240883979946375,1,0.9540951135134577
76561199091980451,0,0.005524510983377695,1,0.9540951135134577
76561198368183238,0,0.003564391518011689,1,0.9540951135134577
76561199708971705,0,0.004530046600848436,1,0.9540951135134577
76561198127623642,0,0.005327470600605011,1,0.9540951135134577
76561198024970712,0,0.6590946912765503,1,0.9540951135134577
76561198002163491,0,0.8801652789115906,1,0.9540951135134577
76561199229863251,0,0.07473275810480118,1,0.9540951135134577
76561197983434250,0,0.4260134994983673,1,0.9540951135134577
76561199068168762,0,0.9766372442245483,1,0.9540951135134577
76561199004650606,0,0.005426300689578056,1,0.9540951135134577
76561198078444663,0,0.007688658777624369,1,0.9540951135134577
76561198893876396,0,0.005442910827696323,1,0.9540951135134577
76561198027334231,0,0.0034679819364100695,1,0.9540951135134577
76561198112704945,0,0.009948077611625195,1,0.9540951135134577
76561197972127338,0,0.0057525779120624065,1,0.9540951135134577
76561198129896561,0,0.008678586222231388,1,0.9540951135134577
76561198998435097,0,0.9055638909339905,1,0.9540951135134577
76561199141740793,0,0.004538220353424549,1,0.9540951135134577
76561199587549743,0,0.003491136245429516,1,0.9540951135134577
76561198280333606,0,0.38111117482185364,1,0.9540951135134577
76561198037072838,0,0.004355747252702713,1,0.9540951135134577
76561198051295385,0,0.005102112423628569,1,0.9540951135134577
76561198277345144,0,0.015766289085149765,1,0.9540951135134577
76561199100722600,0,0.004774834960699081,1,0.9540951135134577
76561198027019900,0,0.04368382319808006,1,0.9540951135134577
76561198023146456,0,0.005039445590227842,1,0.9540951135134577
76561199464707587,0,0.007928915321826935,1,0.9540951135134577
76561198807000602,0,0.975328803062439,1,0.9540951135134577
76561198079720053,0,0.006301924120634794,1,0.9540951135134577
76561199195859053,0,0.004016442224383354,1,0.9540951135134577
76561199166527267,0,0.02485419064760208,1,0.9540951135134577
76561198370827979,0,0.009801196865737438,1,0.9540951135134577
76561198025234763,1,0.10366067290306091,1,0.9540951135134577
76561199317171683,0,0.004062918946146965,1,0.9540951135134577
76561197973511229,0,0.028802962973713875,1,0.9540951135134577
76561198007072760,0,0.0463688038289547,1,0.9540951135134577
76561198199060311,0,0.853267252445221,1,0.9540951135134577
76561198956220708,0,0.4041925072669983,1,0.9540951135134577
76561199051186987,0,0.9373920559883118,1,0.9540951135134577
76561198034178352,0,0.13686595857143402,1,0.9540951135134577
76561197988663689,0,0.004170614760369062,1,0.9540951135134577
76561197964055444,0,0.010308407247066498,1,0.9540951135134577
76561198401351815,0,0.004509863443672657,1,0.9540951135134577
76561198008338823,0,0.007296205498278141,1,0.9540951135134577
76561198254331725,0,0.0036248357500880957,1,0.9540951135134577
76561198341340762,0,0.008225474506616592,1,0.9540951135134577
76561199102732623,0,0.005169173236936331,1,0.9540951135134577
76561197963406535,0,0.004244336858391762,1,0.9540951135134577
76561199204309253,0,0.004123913589864969,1,0.9540951135134577
76561198036132639,0,0.0036146563943475485,1,0.9540951135134577
76561197964522967,0,0.0140310013666749,1,0.9540951135134577
76561199223592219,1,0.979272723197937,1,0.9540951135134577
76561198278414983,0,0.0064389812760055065,1,0.9540951135134577
76561198122189809,0,0.008954697288572788,1,0.9540951135134577
76561198426359799,0,0.021436287090182304,1,0.9540951135134577
76561198170242971,0,0.006481998600065708,1,0.9540951135134577
76561198301522568,0,0.007024179678410292,1,0.9540951135134577
76561199789351823,0,0.006230379454791546,1,0.9540951135134577
76561199293979988,0,0.003575145034119487,1,0.9540951135134577
76561199065803451,0,0.006678044330328703,1,0.9540951135134577
76561199152540061,0,0.006341008935123682,1,0.9540951135134577
76561199054891268,0,0.013306315056979656,1,0.9540951135134577
76561198998936313,0,0.007364476099610329,1,0.9540951135134577
76561199100120398,0,0.004674872849136591,1,0.9540951135134577
76561198195251298,0,0.004618924111127853,1,0.9540951135134577
76561199002771959,0,0.009301744401454926,1,0.9540951135134577
76561198303105588,0,0.010841363109648228,1,0.9540951135134577
76561198892459969,0,0.00413269829005003,1,0.9540951135134577
76561198133850718,0,0.00806871335953474,1,0.9540951135134577
76561198214769939,0,0.02646697871387005,1,0.9540951135134577
76561198044661968,0,0.004001197870820761,1,0.9540951135134577
76561199113376031,0,0.004519702401012182,1,0.9540951135134577
76561199554878606,0,0.005683567374944687,1,0.9540951135134577
76561199071401400,1,0.9736416339874268,1,0.9540951135134577
76561198434107757,0,0.8664729595184326,1,0.9540951135134577
76561199106404651,0,0.8458170294761658,1,0.9540951135134577
76561198134217071,0,0.09638083726167679,1,0.9540951135134577
76561198302799725,0,0.004250209312886,1,0.9540951135134577
76561198065722925,0,0.5090928673744202,1,0.9540951135134577
76561198056130682,1,0.9590712785720825,1,0.9540951135134577
76561198068912096,0,0.8835145831108093,1,0.9540951135134577
76561197996951572,0,0.021292518824338913,1,0.9540951135134577
76561198149463920,1,0.37004339694976807,1,0.9540951135134577
76561199389888686,0,0.6789422035217285,1,0.9540951135134577
76561197993666046,0,0.028050454333424568,1,0.9540951135134577
76561198144242479,0,0.00627359701320529,1,0.9540951135134577
76561199697923017,0,0.0032869484275579453,1,0.9540951135134577
76561199207050879,0,0.04737841337919235,1,0.9540951135134577
76561198211691464,0,0.009216691367328167,1,0.9540951135134577
76561198053720588,0,0.019693629816174507,1,0.9540951135134577
76561198258071837,0,0.004695881623774767,1,0.9540951135134577
76561198984699654,0,0.07384957373142242,1,0.9540951135134577
76561197972180492,0,0.9328802227973938,1,0.9540951135134577
76561199266781506,0,0.005288674030452967,1,0.9540951135134577
76561198056339866,0,0.8155975341796875,1,0.9540951135134577
76561199217779175,0,0.0036205893848091364,1,0.9540951135134577
76561199455952666,1,0.9812796115875244,1,0.9540951135134577
76561198013316224,0,0.00402406370267272,1,0.9540951135134577
76561197971316700,0,0.01683914288878441,1,0.9540951135134577
76561198006624316,0,0.40375375747680664,1,0.9540951135134577
76561198076215056,0,0.17517197132110596,1,0.9540951135134577
76561198435734964,1,0.9802793264389038,1,0.9540951135134577
76561199122288280,1,0.9867613315582275,1,0.9540951135134577
76561198026656799,0,0.01323341578245163,1,0.9540951135134577
76561198367386645,0,0.01302887499332428,1,0.9540951135134577
76561198104852776,0,0.003204184118658304,1,0.9540951135134577
76561198027035849,0,0.015278888866305351,1,0.9540951135134577
76561198927718492,1,0.9815617203712463,1,0.9540951135134577
76561198334892401,0,0.3266427218914032,1,0.9540951135134577
76561199446243202,0,0.005062070209532976,1,0.9540951135134577
76561197973767158,1,0.8967025279998779,1,0.9540951135134577
76561199081962908,0,0.0035751943942159414,1,0.9540951135134577
76561199016209863,0,0.9564597010612488,1,0.9540951135134577
76561198351196885,0,0.0035830046981573105,1,0.9540951135134577
76561198067735532,0,0.004273384343832731,1,0.9540951135134577
76561198312588469,0,0.0038381675258278847,1,0.9540951135134577
76561198075107790,0,0.07337979972362518,1,0.9540951135134577
76561198069407431,0,0.34218811988830566,1,0.9540951135134577
76561199180392655,0,0.009182234294712543,1,0.9540951135134577
76561198294972560,0,0.1744457632303238,1,0.9540951135134577
76561198053589009,0,0.3285514712333679,1,0.9540951135134577
76561198044443984,0,0.011927935294806957,1,0.9540951135134577
76561198023604253,0,0.04737575724720955,1,0.9540951135134577
76561198384252252,0,0.005294878501445055,1,0.9540951135134577
76561198398602804,0,0.004962297156453133,1,0.9540951135134577
76561199444509577,0,0.005882278550416231,1,0.9540951135134577
76561198034978261,0,0.9535230994224548,1,0.9540951135134577
76561198419270216,0,0.0033802471589297056,1,0.9540951135134577
76561198374196224,0,0.5662017464637756,1,0.9540951135134577
76561199480323774,0,0.004770456813275814,1,0.9540951135134577
76561198200624742,0,0.07600335031747818,1,0.9540951135134577
76561198202958296,0,0.9469245076179504,1,0.9540951135134577
76561198063417599,0,0.005035053007304668,1,0.9540951135134577
76561198103331257,0,0.025122806429862976,1,0.9540951135134577
76561198138319778,0,0.004854859784245491,1,0.9540951135134577
76561198275621940,0,0.9698563814163208,1,0.9540951135134577
76561199147820160,0,0.004262118600308895,1,0.9540951135134577
76561197971375656,0,0.006627248600125313,1,0.9540951135134577
76561198088552226,0,0.005356567446142435,1,0.9540951135134577
76561199113422343,0,0.005006373394280672,1,0.9540951135134577
76561198117537820,0,0.004483337979763746,1,0.9540951135134577
76561199643629654,0,0.004312488716095686,1,0.9540951135134577
76561198090874155,0,0.13457252085208893,1,0.9540951135134577
76561197963393887,0,0.0038304217159748077,1,0.9540951135134577
76561199086429967,0,0.007501256186515093,1,0.9540951135134577
76561199238425863,0,0.007057686801999807,1,0.9540951135134577
76561197970396981,0,0.008337261155247688,1,0.9540951135134577
76561198159122087,0,0.00458204559981823,1,0.9540951135134577
76561199110155942,0,0.00921169389039278,1,0.9540951135134577
76561199348375292,0,0.011427056975662708,1,0.9540951135134577
76561199100656296,0,0.006109369918704033,1,0.9540951135134577
76561198121335803,0,0.004448351915925741,1,0.9540951135134577
76561199220818041,0,0.08872240036725998,1,0.9540951135134577
76561199210787437,0,0.013698327355086803,1,0.9540951135134577
76561198149778858,0,0.0036636528093367815,1,0.9540951135134577
76561198071094850,0,0.7161059975624084,1,0.9540951135134577
76561198376137412,0,0.004642476327717304,1,0.9540951135134577
76561198355452482,0,0.019259532913565636,1,0.9540951135134577
76561199080949375,0,0.00921169389039278,1,0.9540951135134577
76561198002584883,0,0.9574993848800659,1,0.9540951135134577
76561198076200449,0,0.16016662120819092,1,0.9540951135134577
76561199214186961,0,0.0035751943942159414,1,0.9540951135134577
76561199109614619,0,0.8451093435287476,1,0.9540951135134577
76561199709810551,0,0.004297667648643255,1,0.9540951135134577
76561199570633908,0,0.04712507128715515,1,0.9540951135134577
76561198031289798,0,0.006123025435954332,1,0.9540951135134577
76561199146837691,0,0.005839277058839798,1,0.9540951135134577
76561198835161184,0,0.003365619108080864,1,0.9540951135134577
76561199021384681,0,0.005305670667439699,1,0.9540951135134577
76561198037523987,0,0.0035198088735342026,1,0.9540951135134577
76561198077730721,0,0.003824865212664008,1,0.9540951135134577
76561198108469774,0,0.01358484011143446,1,0.9540951135134577
76561199544967036,0,0.005112109240144491,1,0.9540951135134577
76561198149155465,0,0.47015923261642456,1,0.9540951135134577
76561199217242729,0,0.007725914474576712,1,0.9540951135134577
76561199178062894,0,0.159160777926445,1,0.9540951135134577
76561198239726634,0,0.012515532784163952,1,0.9540951135134577
76561198045018703,0,0.008700389415025711,1,0.9540951135134577
76561198007592162,0,0.018198303878307343,1,0.9540951135134577
76561198400715158,0,0.049361106008291245,1,0.9540951135134577
76561199096540681,0,0.924872875213623,1,0.9540951135134577
76561199058492967,0,0.0036907887551933527,1,0.9540951135134577
76561198383801396,0,0.005135188344866037,1,0.9540951135134577
76561198975297650,0,0.00314659858122468,1,0.9540951135134577
76561198064376832,0,0.004600283224135637,1,0.9540951135134577
76561199470169395,0,0.004900473169982433,1,0.9540951135134577
76561198013235562,0,0.008173873648047447,1,0.9540951135134577
76561198199333239,0,0.007637257222086191,1,0.9540951135134577
76561199091759333,0,0.004992231260985136,1,0.9540951135134577
76561198135732800,0,0.008818457834422588,1,0.9540951135134577
76561197974416090,0,0.00848919153213501,1,0.9540951135134577
76561198795424655,0,0.9546865224838257,1,0.9540951135134577
76561197973368398,0,0.8210186958312988,1,0.9540951135134577
76561199220196967,0,0.014295131899416447,1,0.9540951135134577
76561199274019318,0,0.005075036082416773,1,0.9540951135134577
76561198175876478,0,0.004374213516712189,1,0.9540951135134577
76561198355853402,0,0.003575145034119487,1,0.9540951135134577
76561199376066582,1,0.9876732230186462,1,0.9540951135134577
76561198019919193,0,0.003613682696595788,1,0.9540951135134577
76561199004088137,0,0.013708420097827911,1,0.9540951135134577
76561199551524717,0,0.003831306006759405,1,0.9540951135134577
76561198831794196,0,0.0061506363563239574,1,0.9540951135134577
76561198035039298,0,0.005409716162830591,1,0.9540951135134577
76561198124239668,0,0.009729927405714989,1,0.9540951135134577
76561198040677735,0,0.011834218166768551,1,0.9540951135134577
76561199128585957,0,0.005405556410551071,1,0.9540951135134577
76561199588669670,0,0.005305670667439699,1,0.9540951135134577
76561198880558721,0,0.003575145034119487,1,0.9540951135134577
76561199113524873,0,0.006489321123808622,1,0.9540951135134577
76561199126485205,0,0.00743317324668169,1,0.9540951135134577
76561198399667140,0,0.005442910827696323,1,0.9540951135134577
76561198320064844,0,0.006439273711293936,1,0.9540951135134577
76561199110705569,0,0.007076820358633995,1,0.9540951135134577
76561198295604281,0,0.008640582673251629,1,0.9540951135134577
76561197998933181,0,0.008403483778238297,1,0.9540951135134577
76561198077407811,0,0.004511475563049316,1,0.9540951135134577
76561198303171906,0,0.004147003870457411,1,0.9540951135134577
76561199081801599,0,0.003909985069185495,1,0.9540951135134577
76561199453249728,1,0.9795956611633301,1,0.9540951135134577
76561198043059636,0,0.237175852060318,1,0.9540951135134577
76561198982356507,0,0.0046927896328270435,1,0.9540951135134577
76561199085655428,0,0.0036878737155348063,1,0.9540951135134577
76561198111874473,0,0.006354793440550566,1,0.9540951135134577
76561198027428333,0,0.013384788297116756,1,0.9540951135134577
76561198300166887,0,0.2418200522661209,1,0.9540951135134577
76561198273687568,1,0.9678828716278076,1,0.9540951135134577
76561198077733447,0,0.007054440677165985,1,0.9540951135134577
76561199263703765,0,0.005906763952225447,1,0.9540951135134577
76561198275018310,0,0.010774358175694942,1,0.9540951135134577
76561198447660354,0,0.005871363449841738,1,0.9540951135134577
76561199355595045,0,0.0033586877398192883,1,0.9540951135134577
76561198301564184,0,0.006686748005449772,1,0.9540951135134577
76561198006796525,0,0.006830247119069099,1,0.9540951135134577
76561199075403665,0,0.0039060236886143684,1,0.9540951135134577
76561198035569851,0,0.006017320789396763,1,0.9540951135134577
76561199679044446,0,0.04237649217247963,1,0.9540951135134577
76561199098323957,0,0.013073799200356007,1,0.9540951135134577
76561198096416950,0,0.003019067458808422,1,0.9540951135134577
76561198401042977,0,0.008058751001954079,1,0.9540951135134577
76561199038973254,0,0.015258225612342358,1,0.9540951135134577
76561198008008930,0,0.007447308395057917,1,0.9540951135134577
76561198351196549,0,0.004008400719612837,1,0.9540951135134577
76561198796356988,0,0.003923460841178894,1,0.9540951135134577
76561198096120210,0,0.0052964105270802975,1,0.9540951135134577
76561198171126801,0,0.006505212280899286,1,0.9540951135134577
76561199063519905,0,0.004706770647317171,1,0.9540951135134577
76561198986402901,0,0.008933495730161667,1,0.9540951135134577
76561199016861449,0,0.004207698628306389,1,0.9540951135134577
76561198037959910,0,0.8402584791183472,1,0.9540951135134577
76561199242772895,0,0.3914472460746765,1,0.9540951135134577
76561198293943688,0,0.938773512840271,1,0.9540951135134577
76561197962027371,0,0.006484373472630978,1,0.9540951135134577
76561199020127678,0,0.7286542057991028,1,0.9540951135134577
76561199518705685,0,0.019231367856264114,1,0.9540951135134577
76561199173574787,0,0.004502708557993174,1,0.9540951135134577
76561198012453768,0,0.004891078919172287,1,0.9540951135134577
76561199060861671,0,0.020765814930200577,1,0.9540951135134577
76561199661617323,0,0.003820964368060231,1,0.9540951135134577
76561199021017100,0,0.010678483173251152,1,0.9540951135134577
76561198872075244,0,0.0042234077118337154,1,0.9540951135134577
76561198271980277,0,0.780755877494812,1,0.9540951135134577
76561198826340405,0,0.003575145034119487,1,0.9540951135134577
76561198406549239,0,0.015135063789784908,1,0.9540951135134577
76561198232330220,0,0.0037097318563610315,1,0.9540951135134577
76561199140419403,0,0.023773642256855965,1,0.9540951135134577
76561198059800972,0,0.02360689267516136,1,0.9540951135134577
76561198102820486,0,0.023953141644597054,1,0.9540951135134577
76561199405759720,0,0.9505634307861328,1,0.9540951135134577
76561198144210896,0,0.6632878184318542,1,0.9540951135134577
76561198811987089,0,0.05577486753463745,1,0.9540951135134577
76561198207633264,0,0.0053047374822199345,1,0.9540951135134577
76561198354338463,1,0.9735982418060303,1,0.9540951135134577
76561198387897179,0,0.004178897012025118,1,0.9540951135134577
76561198877843297,0,0.0050116898491978645,1,0.9540951135134577
76561198865178450,0,0.009074516594409943,1,0.9540951135134577
76561198163496695,0,0.0035751943942159414,1,0.9540951135134577
76561198302558926,0,0.00806849543005228,1,0.9540951135134577
76561198320855271,0,0.011939872056245804,1,0.9540951135134577
76561198373776876,0,0.005480980034917593,1,0.9540951135134577
76561199199609129,0,0.006250531412661076,1,0.9540951135134577
76561198104124658,0,0.010857878252863884,1,0.9540951135134577
76561198847154605,0,0.004513095133006573,1,0.9540951135134577
76561198054507740,0,0.0039062276482582092,1,0.9540951135134577
76561198810553881,1,0.8858158588409424,1,0.9540951135134577
76561198047993681,0,0.0034448252990841866,1,0.9540951135134577
76561198848018242,0,0.017834467813372612,1,0.9540951135134577
76561198086168362,0,0.004014735110104084,1,0.9540951135134577
76561198213518643,0,0.005442910827696323,1,0.9540951135134577
76561198072920517,0,0.005439419765025377,1,0.9540951135134577
76561198324326359,0,0.004165373742580414,1,0.9540951135134577
76561199391825299,1,0.9854185581207275,1,0.9540951135134577
76561198104822118,0,0.006771363317966461,1,0.9540951135134577
76561198306110564,0,0.0033226755913347006,1,0.9540951135134577
76561198170318726,0,0.004096467047929764,1,0.9540951135134577
76561199015676741,0,0.005879842676222324,1,0.9540951135134577
76561199224618083,0,0.0133201340213418,1,0.9540951135134577
76561198877349111,0,0.004103883635252714,1,0.9540951135134577
76561199525906800,0,0.008731717243790627,1,0.9540951135134577
76561198353911691,0,0.022934313863515854,1,0.9540951135134577
76561198830617204,0,0.008103156462311745,1,0.9540951135134577
76561199515634287,0,0.004044484347105026,1,0.9540951135134577
76561198399400757,0,0.11894243210554123,1,0.9540951135134577
76561199219842170,0,0.006305950693786144,1,0.9540951135134577
76561198017632040,0,0.004800882190465927,1,0.9540951135134577
76561197988840701,0,0.004526560194790363,1,0.9540951135134577
76561199133302065,0,0.009351215325295925,1,0.9540951135134577
76561199229538077,0,0.004971175920218229,1,0.9540951135134577
76561199071458266,0,0.004937195684760809,1,0.9540951135134577
76561199217744458,0,0.0032869484275579453,1,0.9540951135134577
76561198029637394,0,0.007106090430170298,1,0.9540951135134577
76561199652320550,0,0.010601643472909927,1,0.9540951135134577
76561199174548816,0,0.009195118211209774,1,0.9540951135134577
76561198062834329,0,0.004441852681338787,1,0.9540951135134577
76561199168286313,0,0.005671373568475246,1,0.9540951135134577
76561198047915620,0,0.00474423635751009,1,0.9540951135134577
76561198054749432,0,0.013125774450600147,1,0.9540951135134577
76561198166504154,0,0.9007301330566406,1,0.9540951135134577
76561198158605638,0,0.027975695207715034,1,0.9540951135134577
76561198148227070,0,0.004007753450423479,1,0.9540951135134577
76561198900973675,0,0.008162716403603554,1,0.9540951135134577
76561198803288617,0,0.005435729864984751,1,0.9540951135134577
76561199085744769,0,0.449015736579895,1,0.9540951135134577
76561199553960419,0,0.006514460779726505,1,0.9540951135134577
76561199221018497,0,0.0036232364363968372,1,0.9540951135134577
76561198083007379,0,0.9271748661994934,1,0.9540951135134577
76561199588483459,0,0.016527758911252022,1,0.9540951135134577
76561197968241730,0,0.5252607464790344,1,0.9540951135134577
76561198041432260,0,0.004184144549071789,1,0.9540951135134577
76561198255071959,0,0.005482424981892109,1,0.9540951135134577
76561198811680753,1,0.9842294454574585,1,0.9540951135134577
76561198129578499,1,0.985458254814148,1,0.9540951135134577
76561199230072455,0,0.00510026840493083,1,0.9540951135134577
76561198260095266,0,0.9271657466888428,1,0.9540951135134577
76561198033720036,0,0.3436863422393799,1,0.9540951135134577
76561198115392251,0,0.007360235322266817,1,0.9540951135134577
76561198075870707,0,0.1953871101140976,1,0.9540951135134577
76561198120442016,0,0.01833786815404892,1,0.9540951135134577
76561197997114264,0,0.006719875615090132,1,0.9540951135134577
76561198152812827,0,0.012658433988690376,1,0.9540951135134577
76561198118459950,0,0.07259085774421692,1,0.9540951135134577
76561198028647229,0,0.008636515587568283,1,0.9540951135134577
76561198930561968,0,0.010931783355772495,1,0.9540951135134577
76561198300754839,0,0.8043217658996582,1,0.9540951135134577
76561198365945726,0,0.004419328179210424,1,0.9540951135134577
76561198071913272,0,0.00710638053715229,1,0.9540951135134577
76561198354439543,0,0.00723069254308939,1,0.9540951135134577
76561198027885702,0,0.043350979685783386,1,0.9540951135134577
76561199588778115,0,0.004647215828299522,1,0.9540951135134577
76561198006063389,0,0.00409249123185873,1,0.9540951135134577
76561198191409302,0,0.007489731069654226,1,0.9540951135134577
76561198000769880,0,0.010168994776904583,1,0.9540951135134577
76561199093117234,0,0.005236062221229076,1,0.9540951135134577
76561198426318376,0,0.007486364338546991,1,0.9540951135134577
76561199063726269,1,0.95391845703125,1,0.9540951135134577
76561198373484385,0,0.006713074631989002,1,0.9540951135134577
76561198081112375,0,0.08208303898572922,1,0.9540951135134577
76561198058110356,0,0.004026593174785376,1,0.9540951135134577
76561198112934611,0,0.8497185111045837,1,0.9540951135134577
76561199071927968,0,0.016760099679231644,1,0.9540951135134577
76561198941701678,0,0.00457272632047534,1,0.9540951135134577
76561198124922898,0,0.004697937518358231,1,0.9540951135134577
76561198095878085,0,0.005540482234209776,1,0.9540951135134577
76561199077508870,0,0.01916307955980301,1,0.9540951135134577
76561198138404219,0,0.0056745149195194244,1,0.9540951135134577
76561198347457399,0,0.007380419876426458,1,0.9540951135134577
76561198972366490,0,0.38639500737190247,1,0.9540951135134577
76561198243817406,0,0.005245645064860582,1,0.9540951135134577
76561198156679231,0,0.005884777754545212,1,0.9540951135134577
76561199206855346,0,0.005001202691346407,1,0.9540951135134577
76561199446981009,0,0.9354904294013977,1,0.9540951135134577
76561198098232849,0,0.4017350673675537,1,0.9540951135134577
76561198129600843,0,0.02090281806886196,1,0.9540951135134577
76561198239293260,0,0.005316623952239752,1,0.9540951135134577
76561198193810535,0,0.005831923335790634,1,0.9540951135134577
76561199545856850,0,0.008443438448011875,1,0.9540951135134577
76561198965059189,0,0.003296206472441554,1,0.9540951135134577
76561198801413156,1,0.9844038486480713,1,0.9540951135134577
76561198807602584,0,0.008684906177222729,1,0.9540951135134577
76561198873812081,0,0.006678044330328703,1,0.9540951135134577
76561198975819764,0,0.18313202261924744,1,0.9540951135134577
76561199027541928,1,0.9849029183387756,1,0.9540951135134577
76561198097026173,0,0.150112122297287,1,0.9540951135134577
76561199104650974,0,0.003575145034119487,1,0.9540951135134577
76561199132084546,0,0.0037127980031073093,1,0.9540951135134577
76561198114595618,0,0.004207212943583727,1,0.9540951135134577
76561199060868115,0,0.008044153451919556,1,0.9540951135134577
76561199186189081,0,0.007742729038000107,1,0.9540951135134577
76561197962328805,0,0.0044151595793664455,1,0.9540951135134577
76561198144055236,0,0.9120827317237854,1,0.9540951135134577
76561199367583430,0,0.008330198936164379,1,0.9540951135134577
76561198220325863,0,0.32188814878463745,1,0.9540951135134577
76561199126049522,0,0.015206762589514256,1,0.9540951135134577
76561198284336283,0,0.004288936965167522,1,0.9540951135134577
76561197978169945,0,0.14024028182029724,1,0.9540951135134577
76561199476017483,0,0.004898539278656244,1,0.9540951135134577
76561198006933734,0,0.005303931888192892,1,0.9540951135134577
76561199133934714,0,0.00516781909391284,1,0.9540951135134577
76561199652299719,0,0.003491136245429516,1,0.9540951135134577
76561197985161617,0,0.0069410367868840694,1,0.9540951135134577
76561198799306877,0,0.0065704649314284325,1,0.9540951135134577
76561198093225043,0,0.0032869484275579453,1,0.9540951135134577
76561199582950488,0,0.0038871453143656254,1,0.9540951135134577
76561198964901058,0,0.0048085590824484825,1,0.9540951135134577
76561198072849045,0,0.786761999130249,1,0.9540951135134577
76561198099335551,0,0.169789120554924,1,0.9540951135134577
76561199385885087,0,0.006530683487653732,1,0.9540951135134577
76561198209941496,0,0.01348988525569439,1,0.9540951135134577
76561198830692106,0,0.03367893397808075,1,0.9540951135134577
76561198833169546,0,0.007586163468658924,1,0.9540951135134577
76561199012901390,0,0.0039895749650895596,1,0.9540951135134577
76561198104398404,0,0.003575145034119487,1,0.9540951135134577
76561199157102331,0,0.03958258777856827,1,0.9540951135134577
76561199118901088,0,0.003369030775502324,1,0.9540951135134577
76561198199255798,0,0.005177462473511696,1,0.9540951135134577
76561198330864817,0,0.004712783265858889,1,0.9540951135134577
76561199453579013,0,0.003798008430749178,1,0.9540951135134577
76561199209903214,0,0.04971113055944443,1,0.9540951135134577
76561197965997835,0,0.004912579897791147,1,0.9540951135134577
76561199076844577,0,0.5411710739135742,1,0.9540951135134577
76561198093694230,0,0.005564242135733366,1,0.9540951135134577
76561198951481285,0,0.004452958703041077,1,0.9540951135134577
76561198271677755,0,0.003465998452156782,1,0.9540951135134577
76561198361181388,0,0.03261815756559372,1,0.9540951135134577
76561199250538675,0,0.0867718756198883,1,0.9540951135134577
76561198129149035,0,0.004726114217191935,1,0.9540951135134577
76561199555109100,0,0.0053980085067451,1,0.9540951135134577
76561198054250666,1,0.9849938154220581,1,0.9540951135134577
76561198052662150,0,0.005395224783569574,1,0.9540951135134577
76561198308502478,0,0.013806773349642754,1,0.9540951135134577
76561198871662461,0,0.00349511974491179,1,0.9540951135134577
76561199597370275,0,0.008289230056107044,1,0.9540951135134577
76561199040804883,0,0.011700108647346497,1,0.9540951135134577
76561199152397179,0,0.0034932803828269243,1,0.9540951135134577
76561198956009877,0,0.025395400822162628,1,0.9540951135134577
76561198989249623,0,0.0041613406501710415,1,0.9540951135134577
76561198139891051,0,0.2691250443458557,1,0.9540951135134577
76561199063890427,0,0.3834310472011566,1,0.9540951135134577
76561199185800432,0,0.003575145034119487,1,0.9540951135134577
76561198853413538,0,0.6257166862487793,1,0.9540951135134577
76561198059939022,0,0.14038556814193726,1,0.9540951135134577
76561198006632366,0,0.005658078473061323,1,0.9540951135134577
76561199205291085,0,0.011441857554018497,1,0.9540951135134577
76561199231944425,0,0.014472941868007183,1,0.9540951135134577
76561198087912027,0,0.007457197643816471,1,0.9540951135134577
76561198393420124,0,0.005305670667439699,1,0.9540951135134577
76561199150364483,0,0.9807696342468262,1,0.9540951135134577
76561198338432694,0,0.12326829880475998,1,0.9540951135134577
76561199514191044,0,0.005049798637628555,1,0.9540951135134577
76561198823097247,0,0.005147252697497606,1,0.9540951135134577
76561198116067569,0,0.003575145034119487,1,0.9540951135134577
76561198018659413,0,0.05868843197822571,1,0.9540951135134577
76561198008333005,0,0.015712644904851913,1,0.9540951135134577
76561199158934935,0,0.007163718342781067,1,0.9540951135134577
76561199090209643,0,0.003265722654759884,1,0.9540951135134577
76561198034238201,0,0.008792396634817123,1,0.9540951135134577
76561199222383938,0,0.007295784540474415,1,0.9540951135134577
76561198025625835,0,0.07769815623760223,1,0.9540951135134577
76561199013400690,1,0.9082062244415283,1,0.9540951135134577
76561198423756382,0,0.006279027089476585,1,0.9540951135134577
76561198000326084,0,0.10775060951709747,1,0.9540951135134577
76561198115392495,0,0.023553993552923203,1,0.9540951135134577
76561199012567648,0,0.00413269829005003,1,0.9540951135134577
76561198154554298,0,0.005548838526010513,1,0.9540951135134577
76561198306728395,0,0.005719853565096855,1,0.9540951135134577
76561199570436646,0,0.9089258909225464,1,0.9540951135134577
76561198430670462,0,0.923483669757843,1,0.9540951135134577
76561198126548079,0,0.0060142758302390575,1,0.9540951135134577
76561199717351786,0,0.006302020978182554,1,0.9540951135134577
76561199076192222,0,0.9494143128395081,1,0.9540951135134577
76561198335527488,0,0.01896299608051777,1,0.9540951135134577
76561199067173783,0,0.009251026436686516,1,0.9540951135134577
76561198189949190,0,0.01830524392426014,1,0.9540951135134577
76561198150193873,0,0.0063819619826972485,1,0.9540951135134577
76561198047833228,0,0.005442910827696323,1,0.9540951135134577
76561198800526659,0,0.009442014619708061,1,0.9540951135134577
76561198400216252,0,0.004475453402847052,1,0.9540951135134577
76561199066458838,0,0.015557931736111641,1,0.9540951135134577
76561198074494418,0,0.06934693455696106,1,0.9540951135134577
76561198245466930,0,0.007117046508938074,1,0.9540951135134577
76561198293920770,0,0.03640254959464073,1,0.9540951135134577
76561199293787614,0,0.006511857267469168,1,0.9540951135134577
76561198966677029,0,0.003575145034119487,1,0.9540951135134577
76561197972262976,0,0.022699249908328056,1,0.9540951135134577
76561199148155741,0,0.003814837895333767,1,0.9540951135134577
76561199124153481,0,0.003284737002104521,1,0.9540951135134577
76561199315568045,0,0.006121330428868532,1,0.9540951135134577
76561199401654114,0,0.0049500735476613045,1,0.9540951135134577
76561198818068717,0,0.09636244177818298,1,0.9540951135134577
76561198844898533,0,0.010942730121314526,1,0.9540951135134577
76561199169916228,0,0.005699623841792345,1,0.9540951135134577
76561199525983545,0,0.0036740428768098354,1,0.9540951135134577
76561199383670843,0,0.006541118025779724,1,0.9540951135134577
76561199077355782,0,0.005477778613567352,1,0.9540951135134577
76561198110606790,0,0.929226815700531,1,0.9540951135134577
76561199270195071,0,0.004823462571948767,1,0.9540951135134577
76561198031929129,1,0.9628587365150452,1,0.9540951135134577
76561198196117607,0,0.0073125287890434265,1,0.9540951135134577
76561198096052240,0,0.0075355274602770805,1,0.9540951135134577
76561198262712910,0,0.015910129994153976,1,0.9540951135134577
76561198880597044,0,0.07495145499706268,1,0.9540951135134577
76561198094512722,0,0.009218811988830566,1,0.9540951135134577
76561198880681665,0,0.009588182903826237,1,0.9540951135134577
76561198849061972,0,0.1595028042793274,1,0.9540951135134577
76561198036288526,0,0.006040272768586874,1,0.9540951135134577
76561199472627087,0,0.021987345069646835,1,0.9540951135134577
76561199174754359,0,0.007108628284186125,1,0.9540951135134577
76561199013195277,0,0.01271834783256054,1,0.9540951135134577
76561199057000726,0,0.010967044159770012,1,0.9540951135134577
76561199246718943,0,0.03291602060198784,1,0.9540951135134577
76561199034437464,0,0.0056689134798944,1,0.9540951135134577
76561199047304428,0,0.05548398941755295,1,0.9540951135134577
76561198847196071,0,0.009359395131468773,1,0.9540951135134577
76561198985836466,0,0.004802935756742954,1,0.9540951135134577
76561198140154498,0,0.006243184208869934,1,0.9540951135134577
76561199510771137,0,0.00645496416836977,1,0.9540951135134577
76561199385672745,0,0.007695231586694717,1,0.9540951135134577
76561198250005136,0,0.004823565483093262,1,0.9540951135134577
76561199102641420,0,0.0038252773229032755,1,0.9540951135134577
76561198892464812,0,0.20377571880817413,1,0.9540951135134577
76561198014850554,0,0.007465709000825882,1,0.9540951135134577
76561199524067894,0,0.0038117370568215847,1,0.9540951135134577
76561198226477684,0,0.005780076142400503,1,0.9540951135134577
76561198832583035,0,0.004089299123734236,1,0.9540951135134577
76561198971881151,0,0.007111570332199335,1,0.9540951135134577
76561199097980198,0,0.0035751943942159414,1,0.9540951135134577
76561198828304755,0,0.005700212903320789,1,0.9540951135134577
76561198184470077,0,0.00788060575723648,1,0.9540951135134577
76561197971674439,0,0.0039038867689669132,1,0.9540951135134577
76561199202924303,0,0.9550817608833313,1,0.9540951135134577
76561199260833977,0,0.004372698254883289,1,0.9540951135134577
76561199190862282,0,0.0035733995027840137,1,0.9540951135134577
76561198136245361,0,0.00660330755636096,1,0.9540951135134577
76561197999412568,0,0.6451568603515625,1,0.9540951135134577
76561198002736248,0,0.0036209404934197664,1,0.9540951135134577
76561198057398940,0,0.005439352709800005,1,0.9540951135134577
76561198166733567,0,0.0035429110284894705,1,0.9540951135134577
76561198838828430,0,0.00396838691085577,1,0.9540951135134577
76561199416232632,1,0.9745263457298279,1,0.9540951135134577
76561198147045417,0,0.0037562274374067783,1,0.9540951135134577
76561198203002955,0,0.011806576512753963,1,0.9540951135134577
76561198066935853,0,0.008368304930627346,1,0.9540951135134577
76561198141553761,0,0.006457940675318241,1,0.9540951135134577
76561198085382383,0,0.003192092990502715,1,0.9540951135134577
76561197999031276,0,0.012133926153182983,1,0.9540951135134577
76561198236107138,0,0.0558185800909996,1,0.9540951135134577
76561198397493847,0,0.18609905242919922,1,0.9540951135134577
76561198063205732,1,0.17227378487586975,1,0.9540951135134577
76561199130086564,0,0.00564939808100462,1,0.9540951135134577
76561198409943222,0,0.009432408027350903,1,0.9540951135134577
76561198049264111,0,0.004790745209902525,1,0.9540951135134577
76561198008550656,0,0.04150485619902611,1,0.9540951135134577
76561199211012949,0,0.016242528334259987,1,0.9540951135134577
76561198126558662,0,0.00454565417021513,1,0.9540951135134577
76561198796565314,0,0.004462652839720249,1,0.9540951135134577
76561198980895703,0,0.008193410001695156,1,0.9540951135134577
76561198941827891,0,0.004711946938186884,1,0.9540951135134577
76561198070065932,1,0.9868191480636597,1,0.9540951135134577
76561199368602867,0,0.005589601118117571,1,0.9540951135134577
76561199085068699,0,0.008071278221905231,1,0.9540951135134577
76561198079108304,0,0.8512781262397766,1,0.9540951135134577
76561197983086292,0,0.275796502828598,1,0.9540951135134577
76561198836129942,0,0.005604824982583523,1,0.9540951135134577
76561199205641281,0,0.003192092990502715,1,0.9540951135134577
76561198021830553,0,0.851220965385437,1,0.9540951135134577
76561198185420969,0,0.06312411278486252,1,0.9540951135134577
76561198322745269,0,0.003223658073693514,1,0.9540951135134577
76561198318451334,0,0.9001141786575317,1,0.9540951135134577
76561198081433547,0,0.005782392807304859,1,0.9540951135134577
76561199141031300,0,0.003272166009992361,1,0.9540951135134577
76561198300440823,0,0.00429399823769927,1,0.9540951135134577
76561198029379344,0,0.003019067458808422,1,0.9540951135134577
76561198138566371,0,0.00621769716963172,1,0.9540951135134577
76561199185155801,0,0.025120984762907028,1,0.9540951135134577
76561199106388746,0,0.003272166009992361,1,0.9540951135134577
76561199444954552,0,0.9551711082458496,1,0.9540951135134577
76561199520212068,0,0.005606164690107107,1,0.9540951135134577
76561198799065684,0,0.004556792788207531,1,0.9540951135134577
76561198044892888,0,0.6616460680961609,1,0.9540951135134577
76561199074245600,0,0.005025879014283419,1,0.9540951135134577
76561198031168065,0,0.13229046761989594,1,0.9540951135134577
76561198950871806,0,0.005537855438888073,1,0.9540951135134577
76561198846331886,0,0.04811477288603783,1,0.9540951135134577
76561198138285783,0,0.004483959637582302,1,0.9540951135134577
76561198079367388,0,0.021783091127872467,1,0.9540951135134577
76561198012322894,0,0.010425764136016369,1,0.9540951135134577
76561198211643896,0,0.004212256986647844,1,0.9540951135134577
76561198188370318,0,0.09099585562944412,1,0.9540951135134577
76561198118982155,0,0.03161871060729027,1,0.9540951135134577
76561198027477250,0,0.021971115842461586,1,0.9540951135134577
76561198829851992,0,0.0066866627894341946,1,0.9540951135134577
76561198355134903,0,0.004078476689755917,1,0.9540951135134577
76561198874304284,0,0.0060391961596906185,1,0.9540951135134577
76561198816036236,0,0.9638796448707581,1,0.9540951135134577
76561199039796992,0,0.00402887724339962,1,0.9540951135134577
76561198284562038,0,0.004966857377439737,1,0.9540951135134577
76561198444260598,0,0.004499977920204401,1,0.9540951135134577
76561198795397050,0,0.10474468022584915,1,0.9540951135134577
76561198391412423,0,0.007165797054767609,1,0.9540951135134577
76561199476896118,0,0.0033338062930852175,1,0.9540951135134577
76561198028347115,0,0.010734676383435726,1,0.9540951135134577
76561198061986837,0,0.004139718133956194,1,0.9540951135134577
76561199123154626,0,0.003858265234157443,1,0.9540951135134577
76561198986157506,0,0.005643647629767656,1,0.9540951135134577
76561199562592115,0,0.019726470112800598,1,0.9540951135134577
76561198131855287,0,0.004465924575924873,1,0.9540951135134577
76561198243793908,0,0.004867025185376406,1,0.9540951135134577
76561198017958423,0,0.00864702183753252,1,0.9540951135134577
76561198092017957,0,0.006004978436976671,1,0.9540951135134577
76561199029345426,0,0.01843305304646492,1,0.9540951135134577
76561198074076115,0,0.9843846559524536,1,0.9540951135134577
76561198352988696,0,0.003941065166145563,1,0.9540951135134577
76561199472701844,0,0.9322584867477417,1,0.9540951135134577
76561199222529105,0,0.3313339948654175,1,0.9540951135134577
76561198330901057,0,0.004411472473293543,1,0.9540951135134577
76561198048453608,0,0.005258664488792419,1,0.9540951135134577
76561198888673498,0,0.6334858536720276,1,0.9540951135134577
76561198149952221,0,0.004787177313119173,1,0.9540951135134577
76561198305855920,0,0.007044720463454723,1,0.9540951135134577
76561198412241889,0,0.05363032966852188,1,0.9540951135134577
76561198371531302,0,0.010774540714919567,1,0.9540951135134577
76561198171633807,0,0.006678044330328703,1,0.9540951135134577
76561199138231555,0,0.004511475563049316,1,0.9540951135134577
76561199096813681,0,0.006338002625852823,1,0.9540951135134577
76561198100924075,0,0.004765942692756653,1,0.9540951135134577
76561198064009524,0,0.005442910827696323,1,0.9540951135134577
76561198119665725,0,0.004569086246192455,1,0.9540951135134577
76561198039665125,0,0.0041581722907722,1,0.9540951135134577
76561198039324067,0,0.004267191048711538,1,0.9540951135134577
76561198150653715,0,0.0032869484275579453,1,0.9540951135134577
76561198103930129,0,0.006254018750041723,1,0.9540951135134577
76561198813844242,0,0.004617531783878803,1,0.9540951135134577
76561198825402796,0,0.030100205913186073,1,0.9540951135134577
76561199353881031,0,0.017126888036727905,1,0.9540951135134577
76561198019766208,0,0.19178082048892975,1,0.9540951135134577
76561198942634298,0,0.006515952292829752,1,0.9540951135134577
76561198982533791,0,0.008438617922365665,1,0.9540951135134577
76561198182013343,0,0.006125889718532562,1,0.9540951135134577
76561199066285098,0,0.07262834906578064,1,0.9540951135134577
76561199047088425,0,0.003705505980178714,1,0.9540951135134577
76561198008059855,0,0.975093424320221,1,0.9540951135134577
76561199106636778,0,0.21184717118740082,1,0.9540951135134577
76561198836752889,0,0.06272391974925995,1,0.9540951135134577
76561198107504114,0,0.9458272457122803,1,0.9540951135134577
76561199313632357,0,0.017349883913993835,1,0.9540951135134577
76561198134429234,0,0.8001044392585754,1,0.9540951135134577
76561198044315864,0,0.004069712944328785,1,0.9540951135134577
76561198130635104,0,0.00501719256862998,1,0.9540951135134577
76561198055834162,0,0.9244627356529236,1,0.9540951135134577
76561199726455697,0,0.019568223506212234,1,0.9540951135134577
76561199341106065,0,0.004825236275792122,1,0.9540951135134577
76561198800201810,0,0.0489126592874527,1,0.9540951135134577
76561199126909761,0,0.00739607959985733,1,0.9540951135134577
76561199184540949,0,0.004895844496786594,1,0.9540951135134577
76561198126527130,0,0.0051118009723722935,1,0.9540951135134577
76561198878195786,0,0.7796571254730225,1,0.9540951135134577
76561197968121158,0,0.08383198082447052,1,0.9540951135134577
76561198867781155,0,0.0034246952272951603,1,0.9540951135134577
76561199156599169,0,0.005305670667439699,1,0.9540951135134577
76561198066909147,0,0.003192092990502715,1,0.9540951135134577
76561198799907376,0,0.0050660683773458,1,0.9540951135134577
76561198012279937,0,0.013487657532095909,1,0.9540951135134577
76561198973413498,0,0.004148280248045921,1,0.9540951135134577
76561198071022618,0,0.01645464077591896,1,0.9540951135134577
76561198058626786,0,0.003950668498873711,1,0.9540951135134577
76561198023194691,0,0.017226213589310646,1,0.9540951135134577
76561198316862377,0,0.005209547933191061,1,0.9540951135134577
76561199124841065,0,0.025628091767430305,1,0.9540951135134577
76561198061315361,0,0.012633285485208035,1,0.9540951135134577
76561199515905963,0,0.007299338933080435,1,0.9540951135134577
76561198125971336,0,0.009786657057702541,1,0.9540951135134577
76561198813762296,0,0.003575145034119487,1,0.9540951135134577
76561198078887831,0,0.016057150438427925,1,0.9540951135134577
76561198187430007,0,0.003859966527670622,1,0.9540951135134577
76561199081306930,0,0.22465236485004425,1,0.9540951135134577
76561198021719982,0,0.9587633609771729,1,0.9540951135134577
76561198152859248,0,0.8707669973373413,1,0.9540951135134577
76561198065019624,0,0.9686371684074402,1,0.9540951135134577
76561198882605069,0,0.0048574404790997505,1,0.9540951135134577
76561198299778533,0,0.003507559420540929,1,0.9540951135134577
76561199194549946,0,0.0043877409771084785,1,0.9540951135134577
76561197970801948,0,0.013673635199666023,1,0.9540951135134577
76561198165870368,0,0.005812311079353094,1,0.9540951135134577
76561199110619103,0,0.004312607459723949,1,0.9540951135134577
76561199200829410,0,0.008758128620684147,1,0.9540951135134577
76561199088193426,0,0.00801694393157959,1,0.9540951135134577
76561197971160034,1,0.9749749898910522,1,0.9540951135134577
76561198070650984,0,0.04523284360766411,1,0.9540951135134577
76561199199702624,0,0.9615196585655212,1,0.9540951135134577
76561199109713673,0,0.004471126012504101,1,0.9540951135134577
76561198137794032,0,0.01665947027504444,1,0.9540951135134577
76561198801232470,0,0.004881517495959997,1,0.9540951135134577
76561199520173572,0,0.004887719172984362,1,0.9540951135134577
76561198272656588,0,0.0034030876122415066,1,0.9540951135134577
76561198004535193,0,0.00780880032107234,1,0.9540951135134577
76561198959004895,0,0.224858820438385,1,0.9540951135134577
76561199166106836,0,0.5351842045783997,1,0.9540951135134577
76561199112041222,0,0.004672965034842491,1,0.9540951135134577
76561198964733675,0,0.003715149825438857,1,0.9540951135134577
76561199202937895,0,0.08156806975603104,1,0.9540951135134577
76561197987917350,0,0.004448510706424713,1,0.9540951135134577
76561199418047739,0,0.0037603694945573807,1,0.9540951135134577
76561198048913112,0,0.003820964368060231,1,0.9540951135134577
76561199224961677,0,0.0034679819364100695,1,0.9540951135134577
76561198081808673,0,0.005388381890952587,1,0.9540951135134577
76561198314650120,0,0.0054495311342179775,1,0.9540951135134577
76561198078460509,0,0.004376186989247799,1,0.9540951135134577
76561199185651980,0,0.006160686258226633,1,0.9540951135134577
76561198341826510,0,0.00556635856628418,1,0.9540951135134577
76561198050924169,0,0.17070254683494568,1,0.9540951135134577
76561198279865739,0,0.00739607959985733,1,0.9540951135134577
76561198188084331,0,0.03239713981747627,1,0.9540951135134577
76561197999641701,0,0.01799660548567772,1,0.9540951135134577
76561198336009876,0,0.007138015702366829,1,0.9540951135134577
76561198302008364,0,0.009387502446770668,1,0.9540951135134577
76561198047150952,0,0.003852079389616847,1,0.9540951135134577
76561198993833976,0,0.0045799077488482,1,0.9540951135134577
76561199323564664,0,0.08932165056467056,1,0.9540951135134577
76561198816604055,0,0.009796096943318844,1,0.9540951135134577
76561199439921613,0,0.018288524821400642,1,0.9540951135134577
76561199268987912,0,0.004563548602163792,1,0.9540951135134577
76561198036782139,0,0.9886856079101562,1,0.9540951135134577
76561198986759619,0,0.003820964368060231,1,0.9540951135134577
76561198799567415,0,0.007259656209498644,1,0.9540951135134577
76561198193361110,0,0.005070848390460014,1,0.9540951135134577
76561199585848495,0,0.008449486456811428,1,0.9540951135134577
76561199803815830,0,0.004603363107889891,1,0.9540951135134577
76561198079076618,0,0.007966387085616589,1,0.9540951135134577
76561199794021731,0,0.003190045477822423,1,0.9540951135134577
76561199368739101,0,0.0032869484275579453,1,0.9540951135134577
76561199235073919,0,0.015263293869793415,1,0.9540951135134577
76561198201459646,0,0.006660880986601114,1,0.9540951135134577
76561199622717420,0,0.0172064621001482,1,0.9540951135134577
76561198087701453,0,0.005442910827696323,1,0.9540951135134577
76561198123156440,0,0.0034541997592896223,1,0.9540951135134577
76561198088598235,0,0.007007559761404991,1,0.9540951135134577
76561199387515340,0,0.004870927426964045,1,0.9540951135134577
76561198159248912,0,0.00345956115052104,1,0.9540951135134577
76561198155830104,0,0.005787163972854614,1,0.9540951135134577
76561198297342266,0,0.004434514790773392,1,0.9540951135134577
76561198087774069,0,0.0060561466962099075,1,0.9540951135134577
76561198135808056,0,0.016793904826045036,1,0.9540951135134577
76561199518291616,0,0.003575145034119487,1,0.9540951135134577
76561199015392731,0,0.014974955469369888,1,0.9540951135134577
76561198169465594,0,0.017880037426948547,1,0.9540951135134577
76561199434263950,0,0.003980923444032669,1,0.9540951135134577
76561198043736599,0,0.006411821581423283,1,0.9540951135134577
76561199124930538,0,0.005504761356860399,1,0.9540951135134577
76561198837507740,0,0.03585901856422424,1,0.9540951135134577
76561199045041964,0,0.01916307955980301,1,0.9540951135134577
76561199310766383,0,0.1709739863872528,1,0.9540951135134577
76561198060652352,0,0.007697169203311205,1,0.9540951135134577
76561198439002612,0,0.009938932955265045,1,0.9540951135134577
76561198000871883,0,0.0035028376150876284,1,0.9540951135134577
76561198301518234,0,0.014003929682075977,1,0.9540951135134577
76561198107889752,0,0.0035198088735342026,1,0.9540951135134577
76561198024988395,0,0.009687218815088272,1,0.9540951135134577
76561198071939630,0,0.004444591235369444,1,0.9540951135134577
76561199387762433,0,0.5394836068153381,1,0.9540951135134577
76561198030799618,0,0.004318266175687313,1,0.9540951135134577
76561198024507448,0,0.18608078360557556,1,0.9540951135134577
76561198058511207,0,0.08289768546819687,1,0.9540951135134577
76561198078974649,0,0.023633182048797607,1,0.9540951135134577
76561198860022701,0,0.003913801163434982,1,0.9540951135134577
76561199206114985,0,0.005305670667439699,1,0.9540951135134577
76561199046565637,0,0.004212484695017338,1,0.9540951135134577
76561198985665610,0,0.005015165079385042,1,0.9540951135134577
76561198011990733,0,0.10815516114234924,1,0.9540951135134577
76561198009612235,0,0.07268521934747696,1,0.9540951135134577
76561199080297156,0,0.0033421667758375406,1,0.9540951135134577
76561198063375451,0,0.01049040723592043,1,0.9540951135134577
76561199092672421,0,0.9683636426925659,1,0.9540951135134577
76561199206248946,0,0.004388309549540281,1,0.9540951135134577
76561199013318729,0,0.004780217073857784,1,0.9540951135134577
76561198139810915,0,0.0033780315425246954,1,0.9540951135134577
76561198024622366,0,0.01266507524996996,1,0.9540951135134577
76561198979040217,0,0.9403399229049683,1,0.9540951135134577
76561199233676228,0,0.004984776023775339,1,0.9540951135134577
76561199013450235,0,0.009595634415745735,1,0.9540951135134577
76561198287502493,0,0.015533888712525368,1,0.9540951135134577
76561198166208289,0,0.9088969230651855,1,0.9540951135134577
76561198122670198,0,0.0042792814783751965,1,0.9540951135134577
76561198113769175,0,0.01267333049327135,1,0.9540951135134577
76561199480379627,0,0.005688436329364777,1,0.9540951135134577
76561198871247456,0,0.0199410580098629,1,0.9540951135134577
76561198044866357,0,0.008593005128204823,1,0.9540951135134577
76561198030800185,0,0.006775424815714359,1,0.9540951135134577
76561198125957202,0,0.015411384403705597,1,0.9540951135134577
76561198355324414,0,0.004532095976173878,1,0.9540951135134577
76561198063802124,0,0.00636461703106761,1,0.9540951135134577
76561198853471003,0,0.007686530239880085,1,0.9540951135134577
76561199108620427,0,0.009980308823287487,1,0.9540951135134577
76561198382054333,0,0.008543426170945168,1,0.9540951135134577
76561198323693605,0,0.03011353686451912,1,0.9540951135134577
76561199438364360,0,0.014448857866227627,1,0.9540951135134577
76561198280993869,0,0.01509210653603077,1,0.9540951135134577
76561198263813991,0,0.00891940202564001,1,0.9540951135134577
76561198997279773,0,0.010942730121314526,1,0.9540951135134577
76561198388637568,0,0.00544933183118701,1,0.9540951135134577
76561198184318561,0,0.004433504305779934,1,0.9540951135134577
76561198402010292,0,0.7065508961677551,1,0.9540951135134577
76561198196102541,0,0.007085020653903484,1,0.9540951135134577
76561198876555275,0,0.08216093480587006,1,0.9540951135134577
76561199126318018,0,0.009245448745787144,1,0.9540951135134577
76561198015553010,0,0.00458381837233901,1,0.9540951135134577
76561199122273655,0,0.004773549735546112,1,0.9540951135134577
76561198843017117,0,0.22603335976600647,1,0.9540951135134577
76561198085442312,0,0.004238665569573641,1,0.9540951135134577
76561198099517762,0,0.004346626810729504,1,0.9540951135134577
76561198216868539,0,0.0037931811530143023,1,0.9540951135134577
76561199121567371,0,0.005899625830352306,1,0.9540951135134577
76561199338682155,0,0.01949259638786316,1,0.9540951135134577
76561198249710880,0,0.006013415288180113,1,0.9540951135134577
76561198930953892,0,0.003575145034119487,1,0.9540951135134577
76561198045711932,0,0.922676146030426,1,0.9540951135134577
76561197991935679,0,0.004604850895702839,1,0.9540951135134577
76561198093484163,0,0.004585228394716978,1,0.9540951135134577
76561198121158316,0,0.8413668274879456,1,0.9540951135134577
76561198296542605,0,0.009927865117788315,1,0.9540951135134577
76561198402699309,0,0.0036878702230751514,1,0.9540951135134577
76561199279916895,0,0.22966833412647247,1,0.9540951135134577
76561198137455693,0,0.003820964368060231,1,0.9540951135134577
76561199155384894,0,0.005604811478406191,1,0.9540951135134577
76561198114748904,0,0.005159285385161638,1,0.9540951135134577
76561198188300158,0,0.008453457616269588,1,0.9540951135134577
76561198261341335,0,0.00561189278960228,1,0.9540951135134577
