user_key,y,score,fold,threshold
76561199083338166,0,0.012055863626301289,6,0.9754065326410322
76561198079826064,0,0.7062198519706726,6,0.9754065326410322
76561198307754596,0,0.23102644085884094,6,0.9754065326410322
76561199010139435,0,0.008493470028042793,6,0.9754065326410322
76561198871026196,0,0.7103948593139648,6,0.9754065326410322
76561198358671432,0,0.004523247946053743,6,0.9754065326410322
76561198116121152,0,0.003793954849243164,6,0.9754065326410322
76561199119872757,0,0.005277808289974928,6,0.9754065326410322
76561198411384922,0,0.007014485541731119,6,0.9754065326410322
76561198086868301,0,0.027214746922254562,6,0.9754065326410322
76561198202842806,0,0.4154333472251892,6,0.9754065326410322
76561198275703372,0,0.005750549491494894,6,0.9754065326410322
76561199246874982,0,0.2816168963909149,6,0.9754065326410322
76561198108231295,0,0.947653591632843,6,0.9754065326410322
76561198962222497,1,0.9938828945159912,6,0.9754065326410322
76561199013273664,1,0.9888098835945129,6,0.9754065326410322
76561198052077464,0,0.01597600243985653,6,0.9754065326410322
76561198116595593,0,0.00826225895434618,6,0.9754065326410322
76561198931369190,0,0.004434291273355484,6,0.9754065326410322
76561198113695018,0,0.483879029750824,6,0.9754065326410322
76561198247402568,0,0.2244739979505539,6,0.9754065326410322
76561198359458151,0,0.004843046888709068,6,0.9754065326410322
76561199592187414,0,0.007073041517287493,6,0.9754065326410322
76561199014839282,0,0.2101772576570511,6,0.9754065326410322
76561198371205825,0,0.9447615742683411,6,0.9754065326410322
76561199205847379,0,0.9414381980895996,6,0.9754065326410322
76561198209105889,0,0.014787937514483929,6,0.9754065326410322
76561198042788500,0,0.263450562953949,6,0.9754065326410322
76561199568850701,0,0.016555093228816986,6,0.9754065326410322
76561199165316863,0,0.003515613730996847,6,0.9754065326410322
76561199089005845,0,0.6190034747123718,6,0.9754065326410322
76561198977003037,0,0.011467257514595985,6,0.9754065326410322
76561198801855190,0,0.007439719047397375,6,0.9754065326410322
76561198281985090,0,0.003501767525449395,6,0.9754065326410322
76561197970550324,0,0.05736509710550308,6,0.9754065326410322
76561198125632805,0,0.06514554470777512,6,0.9754065326410322
76561199068920432,0,0.003859669202938676,6,0.9754065326410322
76561199025101785,0,0.9930341243743896,6,0.9754065326410322
76561199245480377,0,0.015080446377396584,6,0.9754065326410322
76561198400410868,0,0.02812441624701023,6,0.9754065326410322
76561198008815217,0,0.011613312177360058,6,0.9754065326410322
76561198158000234,0,0.6141379475593567,6,0.9754065326410322
76561198106154078,0,0.004451675806194544,6,0.9754065326410322
76561199131275849,0,0.0037801170255988836,6,0.9754065326410322
76561199185606361,0,0.23302797973155975,6,0.9754065326410322
76561198312254896,0,0.6621392965316772,6,0.9754065326410322
76561198867902416,0,0.038570161908864975,6,0.9754065326410322
76561198088012839,0,0.00411694822832942,6,0.9754065326410322
76561198287280848,0,0.007296942174434662,6,0.9754065326410322
76561199100925816,0,0.039513472467660904,6,0.9754065326410322
76561199674680971,0,0.009154874831438065,6,0.9754065326410322
76561198136406902,0,0.02165832370519638,6,0.9754065326410322
76561198040754130,0,0.00359545205719769,6,0.9754065326410322
76561198120357001,0,0.9511809945106506,6,0.9754065326410322
76561198292036215,0,0.005501671228557825,6,0.9754065326410322
76561199083974496,0,0.23215718567371368,6,0.9754065326410322
76561199222612288,0,0.006903609726577997,6,0.9754065326410322
76561198234376448,0,0.008609791286289692,6,0.9754065326410322
76561198142964957,0,0.2773984968662262,6,0.9754065326410322
76561199230057762,0,0.03075230121612549,6,0.9754065326410322
76561198334845199,0,0.005434276070445776,6,0.9754065326410322
76561198132641402,0,0.005612664856016636,6,0.9754065326410322
76561198161592412,0,0.004975263494998217,6,0.9754065326410322
76561198097678648,0,0.023445455357432365,6,0.9754065326410322
76561198424953241,0,0.02880425564944744,6,0.9754065326410322
76561198146112263,0,0.05132092908024788,6,0.9754065326410322
76561199138286436,0,0.01919970102608204,6,0.9754065326410322
76561199064710689,0,0.024098817259073257,6,0.9754065326410322
76561199117249611,0,0.003465385641902685,6,0.9754065326410322
76561198875939462,0,0.005036276765167713,6,0.9754065326410322
76561198911583540,0,0.020525995641946793,6,0.9754065326410322
76561197974106503,0,0.0039012343622744083,6,0.9754065326410322
76561199670526205,0,0.23503775894641876,6,0.9754065326410322
76561199065149168,0,0.00404336815699935,6,0.9754065326410322
76561198040038945,0,0.004717276431620121,6,0.9754065326410322
76561198800068359,0,0.00452627195045352,6,0.9754065326410322
76561198284044370,0,0.46675458550453186,6,0.9754065326410322
76561198264722148,0,0.005097951274365187,6,0.9754065326410322
76561199106233565,0,0.003958429209887981,6,0.9754065326410322
76561198304628304,0,0.08756750077009201,6,0.9754065326410322
76561198076977084,0,0.6731407046318054,6,0.9754065326410322
76561199002847400,0,0.02970500849187374,6,0.9754065326410322
76561197994405213,0,0.11781243234872818,6,0.9754065326410322
76561198987320976,0,0.0037472485564649105,6,0.9754065326410322
76561198401560873,0,0.11008180677890778,6,0.9754065326410322
76561198356127846,0,0.5232354402542114,6,0.9754065326410322
76561199486879305,0,0.0043116044253110886,6,0.9754065326410322
76561199365802526,1,0.9926716089248657,6,0.9754065326410322
76561198300493482,0,0.02927563339471817,6,0.9754065326410322
76561198040018373,0,0.010946973226964474,6,0.9754065326410322
76561198154310067,0,0.07399807125329971,6,0.9754065326410322
76561199221562276,0,0.015524594113230705,6,0.9754065326410322
76561199052313621,0,0.005151024088263512,6,0.9754065326410322
76561199095815043,0,0.7109935283660889,6,0.9754065326410322
76561199528886789,0,0.0033574672415852547,6,0.9754065326410322
76561198974396731,0,0.05319724977016449,6,0.9754065326410322
76561198292847697,0,0.011062578298151493,6,0.9754065326410322
76561199410265902,0,0.7290536761283875,6,0.9754065326410322
76561198091197472,0,0.6294450759887695,6,0.9754065326410322
76561198045852473,0,0.6155064105987549,6,0.9754065326410322
76561198065916106,1,0.9798991680145264,6,0.9754065326410322
76561198413412233,0,0.1785614937543869,6,0.9754065326410322
76561198117345663,0,0.010715480893850327,6,0.9754065326410322
76561199631534147,0,0.01108546182513237,6,0.9754065326410322
76561198178394875,0,0.23968291282653809,6,0.9754065326410322
76561199564886671,0,0.08113212138414383,6,0.9754065326410322
76561198982928054,0,0.5096186995506287,6,0.9754065326410322
76561198363456259,0,0.005741104483604431,6,0.9754065326410322
76561198268217830,0,0.0054361289367079735,6,0.9754065326410322
76561199048315065,0,0.01391672808676958,6,0.9754065326410322
76561199005800737,0,0.0060441382229328156,6,0.9754065326410322
76561198012298602,0,0.6176571249961853,6,0.9754065326410322
76561198086770141,0,0.5987563133239746,6,0.9754065326410322
76561198268475815,0,0.04199173301458359,6,0.9754065326410322
76561198025368320,0,0.7677348256111145,6,0.9754065326410322
76561199496790260,0,0.18747229874134064,6,0.9754065326410322
76561199250513219,0,0.023251431062817574,6,0.9754065326410322
76561198972790636,1,0.9899765849113464,6,0.9754065326410322
76561198300976190,0,0.8311217427253723,6,0.9754065326410322
76561198859572397,0,0.2720242440700531,6,0.9754065326410322
76561198352224361,0,0.0045429402962327,6,0.9754065326410322
76561198056389911,0,0.00530928373336792,6,0.9754065326410322
76561198376754242,0,0.0072269076481461525,6,0.9754065326410322
76561197993648854,0,0.006521062459796667,6,0.9754065326410322
76561198058095219,0,0.6433380842208862,6,0.9754065326410322
76561198005535930,0,0.049277737736701965,6,0.9754065326410322
76561199187277394,0,0.008191640488803387,6,0.9754065326410322
76561198206906585,0,0.41967856884002686,6,0.9754065326410322
76561198300220588,0,0.019260993227362633,6,0.9754065326410322
76561199099867556,0,0.0038076145574450493,6,0.9754065326410322
76561198429813938,0,0.004612561780959368,6,0.9754065326410322
76561199166338481,0,0.0078031569719314575,6,0.9754065326410322
76561198172243205,0,0.007151349447667599,6,0.9754065326410322
76561198909195702,0,0.00404336815699935,6,0.9754065326410322
76561198118947248,0,0.004164163488894701,6,0.9754065326410322
76561199020685464,0,0.011043704114854336,6,0.9754065326410322
76561198122037823,0,0.005570622161030769,6,0.9754065326410322
76561198258874991,0,0.003541005542501807,6,0.9754065326410322
76561198826138042,0,0.01586478017270565,6,0.9754065326410322
76561198272019284,0,0.02361765131354332,6,0.9754065326410322
76561199090668904,0,0.6189762949943542,6,0.9754065326410322
76561198063834435,0,0.7551217079162598,6,0.9754065326410322
76561198155801231,0,0.37640073895454407,6,0.9754065326410322
76561198008157710,0,0.010628464631736279,6,0.9754065326410322
76561198112532674,0,0.3841171860694885,6,0.9754065326410322
76561198369583604,0,0.03335459157824516,6,0.9754065326410322
76561198189477255,0,0.009881031699478626,6,0.9754065326410322
76561199077343902,0,0.015762295573949814,6,0.9754065326410322
76561198799280598,0,0.01316162757575512,6,0.9754065326410322
76561198164665106,0,0.004978290759027004,6,0.9754065326410322
76561198397459322,0,0.004544584080576897,6,0.9754065326410322
76561199522095866,0,0.14254945516586304,6,0.9754065326410322
76561198319696794,0,0.9915904402732849,6,0.9754065326410322
76561198797725988,0,0.0051183500327169895,6,0.9754065326410322
76561199410541582,0,0.006572948768734932,6,0.9754065326410322
76561198904315792,0,0.14392073452472687,6,0.9754065326410322
76561199750216799,0,0.04583398252725601,6,0.9754065326410322
76561198389430546,0,0.006079141516238451,6,0.9754065326410322
76561198090424740,0,0.005189294461160898,6,0.9754065326410322
76561198128292695,0,0.023677531629800797,6,0.9754065326410322
76561199529322049,0,0.4012403190135956,6,0.9754065326410322
76561198088591238,0,0.6331894397735596,6,0.9754065326410322
76561199045827426,0,0.005426777992397547,6,0.9754065326410322
76561198080074756,0,0.33608466386795044,6,0.9754065326410322
76561198123420842,0,0.0042785778641700745,6,0.9754065326410322
76561198075127743,0,0.005372178740799427,6,0.9754065326410322
76561198271370704,0,0.060913123190402985,6,0.9754065326410322
76561199024596017,0,0.0037658533547073603,6,0.9754065326410322
76561198152869124,0,0.6441397666931152,6,0.9754065326410322
76561198976510563,0,0.0038801541086286306,6,0.9754065326410322
76561198002227867,0,0.004192250780761242,6,0.9754065326410322
76561198003070565,0,0.003515613730996847,6,0.9754065326410322
76561199182269887,0,0.003339161165058613,6,0.9754065326410322
76561198202353998,0,0.00811848696321249,6,0.9754065326410322
76561198077564109,0,0.00664448831230402,6,0.9754065326410322
76561199100030821,0,0.008216852322220802,6,0.9754065326410322
76561198271512092,0,0.023187510669231415,6,0.9754065326410322
76561199227005585,0,0.07090580463409424,6,0.9754065326410322
76561198067407478,0,0.009067998267710209,6,0.9754065326410322
76561199274710381,0,0.006371556781232357,6,0.9754065326410322
76561198248699026,0,0.006320710759609938,6,0.9754065326410322
76561198068323558,0,0.09348367154598236,6,0.9754065326410322
76561198425014835,0,0.6752558350563049,6,0.9754065326410322
76561198404428852,0,0.0035987573210150003,6,0.9754065326410322
76561198073337856,0,0.5630236268043518,6,0.9754065326410322
76561199436602136,0,0.12884539365768433,6,0.9754065326410322
76561198028614120,0,0.013090137392282486,6,0.9754065326410322
76561198284262107,0,0.6858262419700623,6,0.9754065326410322
76561198808725583,0,0.025077952072024345,6,0.9754065326410322
76561198180695047,0,0.9779649972915649,6,0.9754065326410322
76561198047550876,0,0.3956979811191559,6,0.9754065326410322
76561199014544314,0,0.1590646654367447,6,0.9754065326410322
76561198327903594,0,0.02638353407382965,6,0.9754065326410322
76561199120052839,0,0.010130037553608418,6,0.9754065326410322
76561199064137821,0,0.005398899782449007,6,0.9754065326410322
76561198212608875,0,0.5856753587722778,6,0.9754065326410322
76561199013441798,0,0.066085085272789,6,0.9754065326410322
76561199013370053,0,0.01688784919679165,6,0.9754065326410322
76561198076908122,0,0.8012534379959106,6,0.9754065326410322
76561199114789886,0,0.027870727702975273,6,0.9754065326410322
76561198013315296,0,0.9898136258125305,6,0.9754065326410322
76561199240394682,0,0.004852779675275087,6,0.9754065326410322
76561198084650023,0,0.7670490741729736,6,0.9754065326410322
76561198110848660,0,0.006244081538170576,6,0.9754065326410322
76561197982068223,0,0.337136447429657,6,0.9754065326410322
76561198028657486,0,0.007600605487823486,6,0.9754065326410322
76561198101586790,0,0.005808774381875992,6,0.9754065326410322
76561198179768207,0,0.003510529175400734,6,0.9754065326410322
76561198010357833,0,0.004689293913543224,6,0.9754065326410322
76561198008702433,0,0.9702253341674805,6,0.9754065326410322
76561199001841795,0,0.003542946185916662,6,0.9754065326410322
76561198038838781,0,0.8551359176635742,6,0.9754065326410322
76561198104706142,0,0.006819955073297024,6,0.9754065326410322
76561198008858678,1,0.9903590083122253,6,0.9754065326410322
76561198451164904,0,0.0042304908856749535,6,0.9754065326410322
76561198003330079,0,0.03988657146692276,6,0.9754065326410322
76561199121481362,0,0.011239074170589447,6,0.9754065326410322
76561198185977619,0,0.3887532651424408,6,0.9754065326410322
76561199183524276,0,0.43514490127563477,6,0.9754065326410322
76561199221654623,0,0.004480548668652773,6,0.9754065326410322
76561199504037730,0,0.021061262115836143,6,0.9754065326410322
76561198090119632,0,0.008195057511329651,6,0.9754065326410322
76561199093874026,0,0.005425546318292618,6,0.9754065326410322
76561198159450349,0,0.5894189476966858,6,0.9754065326410322
76561198052346317,0,0.01796090044081211,6,0.9754065326410322
76561198450941632,0,0.7657552361488342,6,0.9754065326410322
76561198171356633,0,0.007103715557605028,6,0.9754065326410322
76561199108268861,0,0.009968123398721218,6,0.9754065326410322
76561198118752825,0,0.003935736138373613,6,0.9754065326410322
76561198014931772,0,0.08465999364852905,6,0.9754065326410322
76561198242497464,0,0.018256984651088715,6,0.9754065326410322
76561199500344670,0,0.006871775258332491,6,0.9754065326410322
76561199219789430,1,0.993099570274353,6,0.9754065326410322
76561198005309657,0,0.0048597282730042934,6,0.9754065326410322
76561198018627645,0,0.2812396287918091,6,0.9754065326410322
76561199564294289,0,0.5178512930870056,6,0.9754065326410322
76561198004528044,0,0.00561370886862278,6,0.9754065326410322
76561198056072117,0,0.015202793292701244,6,0.9754065326410322
76561199122679210,0,0.005731713958084583,6,0.9754065326410322
76561199225520881,0,0.004876983817666769,6,0.9754065326410322
76561199079281607,0,0.01686621829867363,6,0.9754065326410322
76561198052477347,0,0.004324144218116999,6,0.9754065326410322
76561199112109473,0,0.012642639689147472,6,0.9754065326410322
76561199551455864,0,0.05295233055949211,6,0.9754065326410322
76561198098115352,0,0.008479580283164978,6,0.9754065326410322
76561199008397196,1,0.9374279975891113,6,0.9754065326410322
76561198156935366,0,0.005677598994225264,6,0.9754065326410322
76561198149257374,0,0.1946033537387848,6,0.9754065326410322
76561198256278433,0,0.00467836856842041,6,0.9754065326410322
76561199257682716,0,0.006070083472877741,6,0.9754065326410322
76561199017896728,0,0.004324084147810936,6,0.9754065326410322
76561199467736988,0,0.0044244504533708096,6,0.9754065326410322
76561199171573417,0,0.01365449745208025,6,0.9754065326410322
76561198025158297,0,0.4348856210708618,6,0.9754065326410322
76561199198170156,0,0.01194042433053255,6,0.9754065326410322
76561198255360043,0,0.0033448233734816313,6,0.9754065326410322
76561199051911027,0,0.00348756299354136,6,0.9754065326410322
76561197968991033,0,0.011689119972288609,6,0.9754065326410322
76561198009340219,0,0.0054266504012048244,6,0.9754065326410322
76561198070397070,0,0.037673067301511765,6,0.9754065326410322
76561198154734467,0,0.01181457843631506,6,0.9754065326410322
76561199523614952,0,0.005384810268878937,6,0.9754065326410322
76561198201941756,0,0.005924067460000515,6,0.9754065326410322
76561198046819974,0,0.8396320939064026,6,0.9754065326410322
76561198158548303,0,0.055732548236846924,6,0.9754065326410322
76561198354088767,0,0.014647292904555798,6,0.9754065326410322
76561198308289007,0,0.01050734892487526,6,0.9754065326410322
76561198068123389,0,0.003896280424669385,6,0.9754065326410322
76561199236928923,0,0.018732329830527306,6,0.9754065326410322
76561199135771653,0,0.0035821774508804083,6,0.9754065326410322
76561198038314992,1,0.9889655113220215,6,0.9754065326410322
76561198079085736,0,0.672784686088562,6,0.9754065326410322
76561198832804391,0,0.006199420429766178,6,0.9754065326410322
76561198409151267,0,0.004178051836788654,6,0.9754065326410322
76561198367388644,0,0.7119957804679871,6,0.9754065326410322
76561198136976776,0,0.0062836105935275555,6,0.9754065326410322
76561198012404623,0,0.7164880633354187,6,0.9754065326410322
76561199107591037,1,0.9912530779838562,6,0.9754065326410322
76561198131979626,0,0.9906225800514221,6,0.9754065326410322
76561199260039455,0,0.03153812885284424,6,0.9754065326410322
76561199111820216,0,0.036063797771930695,6,0.9754065326410322
76561198149408958,0,0.20773708820343018,6,0.9754065326410322
76561198067831972,0,0.007107590790838003,6,0.9754065326410322
76561198945843610,0,0.0038801541086286306,6,0.9754065326410322
76561198045551832,0,0.3647974133491516,6,0.9754065326410322
76561197968626225,0,0.6496881246566772,6,0.9754065326410322
76561198099301954,0,0.006300234701484442,6,0.9754065326410322
76561198073126117,0,0.007502360735088587,6,0.9754065326410322
76561198177549599,0,0.007377946749329567,6,0.9754065326410322
76561198142364970,0,0.679898738861084,6,0.9754065326410322
76561199158116095,0,0.9841145277023315,6,0.9754065326410322
76561198061764741,0,0.011051868088543415,6,0.9754065326410322
76561198183113203,0,0.005905075464397669,6,0.9754065326410322
76561199113126557,0,0.013149932958185673,6,0.9754065326410322
76561198153284633,0,0.27194154262542725,6,0.9754065326410322
76561198392239500,0,0.0055628009140491486,6,0.9754065326410322
76561199228275567,1,0.9846141338348389,6,0.9754065326410322
76561199230463030,0,0.0043578920885920525,6,0.9754065326410322
76561199389558024,0,0.011212118901312351,6,0.9754065326410322
76561198015110785,0,0.008760017342865467,6,0.9754065326410322
76561199011422723,0,0.10343565046787262,6,0.9754065326410322
76561198009426674,0,0.050183650106191635,6,0.9754065326410322
76561198299406363,0,0.006358775310218334,6,0.9754065326410322
76561198219706477,0,0.004697098862379789,6,0.9754065326410322
76561198196811066,0,0.0038801541086286306,6,0.9754065326410322
76561198863261194,0,0.0839216560125351,6,0.9754065326410322
76561198044846877,0,0.7999193668365479,6,0.9754065326410322
76561199142611833,0,0.05837361887097359,6,0.9754065326410322
76561198449954062,0,0.007066336926072836,6,0.9754065326410322
76561198331814015,0,0.007568955887109041,6,0.9754065326410322
76561198080527250,0,0.03215549513697624,6,0.9754065326410322
76561199163404748,0,0.040082670748233795,6,0.9754065326410322
76561198444144190,0,0.13054630160331726,6,0.9754065326410322
76561198019009776,0,0.01060504000633955,6,0.9754065326410322
76561199184498335,0,0.021555673331022263,6,0.9754065326410322
76561198431953959,0,0.014138549566268921,6,0.9754065326410322
76561199064521292,0,0.00895821861922741,6,0.9754065326410322
76561198026679421,0,0.011401863768696785,6,0.9754065326410322
76561198034698852,0,0.18632547557353973,6,0.9754065326410322
76561198283265811,0,0.003699627472087741,6,0.9754065326410322
76561198802771243,1,0.9937649965286255,6,0.9754065326410322
76561199071518085,0,0.0034699123352766037,6,0.9754065326410322
76561199387626506,0,0.005019849631935358,6,0.9754065326410322
76561199060097908,0,0.00485491007566452,6,0.9754065326410322
76561198062440367,0,0.005589527543634176,6,0.9754065326410322
76561197978800729,0,0.005722432862967253,6,0.9754065326410322
76561199638846976,1,0.9877349734306335,6,0.9754065326410322
76561198011029004,0,0.0038801541086286306,6,0.9754065326410322
76561198029392096,0,0.003907248377799988,6,0.9754065326410322
76561198985813023,0,0.005392246413975954,6,0.9754065326410322
76561198992541922,0,0.008370473980903625,6,0.9754065326410322
76561198083969809,0,0.019308969378471375,6,0.9754065326410322
76561198213210692,0,0.006668829824775457,6,0.9754065326410322
76561198130845436,0,0.004630803596228361,6,0.9754065326410322
76561199121925749,0,0.004741363693028688,6,0.9754065326410322
76561197968570271,0,0.006454098969697952,6,0.9754065326410322
76561197993513270,0,0.9864451289176941,6,0.9754065326410322
76561198368341222,0,0.004183133598417044,6,0.9754065326410322
76561198377654415,0,0.005717338062822819,6,0.9754065326410322
76561198042716755,0,0.03210809454321861,6,0.9754065326410322
76561199680231913,0,0.02024373970925808,6,0.9754065326410322
76561198338963169,0,0.0063360002823174,6,0.9754065326410322
76561198024272234,0,0.004203195217996836,6,0.9754065326410322
76561199512869703,0,0.04199173301458359,6,0.9754065326410322
76561198124995605,0,0.006245329976081848,6,0.9754065326410322
76561199224498697,0,0.003501767525449395,6,0.9754065326410322
76561198371255575,0,0.023219605907797813,6,0.9754065326410322
76561199207517187,0,0.0038801541086286306,6,0.9754065326410322
76561198062582668,0,0.057644207030534744,6,0.9754065326410322
76561199100459311,0,0.0038801541086286306,6,0.9754065326410322
76561198069317176,0,0.18393217027187347,6,0.9754065326410322
76561199569106448,0,0.004609738942235708,6,0.9754065326410322
76561199273964799,0,0.004315363708883524,6,0.9754065326410322
76561199727172500,0,0.00476911710575223,6,0.9754065326410322
76561199004234069,0,0.004847086034715176,6,0.9754065326410322
76561197992639900,0,0.0036316586192697287,6,0.9754065326410322
76561198003613809,0,0.016592679545283318,6,0.9754065326410322
76561199040835384,0,0.23195330798625946,6,0.9754065326410322
76561198028006252,0,0.34620559215545654,6,0.9754065326410322
76561198066301627,0,0.006613193079829216,6,0.9754065326410322
76561198094737389,0,0.3927710950374603,6,0.9754065326410322
76561198916513199,0,0.18671636283397675,6,0.9754065326410322
76561199054623753,0,0.233949214220047,6,0.9754065326410322
76561198801673168,0,0.5849720239639282,6,0.9754065326410322
76561199366325386,0,0.009475995786488056,6,0.9754065326410322
76561199102724288,0,0.00404336815699935,6,0.9754065326410322
76561198075144857,0,0.005097815301269293,6,0.9754065326410322
76561198016610233,0,0.04543742537498474,6,0.9754065326410322
76561199106370892,0,0.005124808754771948,6,0.9754065326410322
76561198355882832,0,0.014057916589081287,6,0.9754065326410322
76561199351731975,0,0.9190598130226135,6,0.9754065326410322
76561198364896021,0,0.8087939620018005,6,0.9754065326410322
76561198102492920,0,0.4151248335838318,6,0.9754065326410322
76561198092178100,0,0.0070951953530311584,6,0.9754065326410322
76561198081719541,0,0.014633838087320328,6,0.9754065326410322
76561198043772839,0,0.01773983985185623,6,0.9754065326410322
76561198409437006,0,0.8347770571708679,6,0.9754065326410322
76561198357908623,0,0.09620069712400436,6,0.9754065326410322
76561199563091339,0,0.0035620317794382572,6,0.9754065326410322
76561198411033277,0,0.030719023197889328,6,0.9754065326410322
76561198005335262,0,0.2214946746826172,6,0.9754065326410322
76561199103373353,0,0.005871461238712072,6,0.9754065326410322
76561199090336453,0,0.03545207530260086,6,0.9754065326410322
76561199040210526,0,0.004612332209944725,6,0.9754065326410322
76561198851780511,0,0.7425222396850586,6,0.9754065326410322
76561198079495898,0,0.17810878157615662,6,0.9754065326410322
76561199340142847,0,0.004334697034209967,6,0.9754065326410322
76561198803046752,0,0.010731542482972145,6,0.9754065326410322
76561198048416250,0,0.004776571411639452,6,0.9754065326410322
76561198887498773,0,0.003822725499048829,6,0.9754065326410322
76561198002062669,0,0.6562371850013733,6,0.9754065326410322
76561198156399376,0,0.00999345351010561,6,0.9754065326410322
76561198899382408,0,0.006655075121670961,6,0.9754065326410322
76561199073439699,0,0.00505162263289094,6,0.9754065326410322
76561198357103594,0,0.00403773644939065,6,0.9754065326410322
76561198069614857,0,0.004653281066566706,6,0.9754065326410322
76561198095545943,0,0.008579079061746597,6,0.9754065326410322
76561198214277812,0,0.004328554030507803,6,0.9754065326410322
76561198838548873,0,0.005063622258603573,6,0.9754065326410322
76561198152862365,0,0.005046847742050886,6,0.9754065326410322
76561199208156183,0,0.004236223176121712,6,0.9754065326410322
76561198066814645,0,0.008541690185666084,6,0.9754065326410322
76561198309547695,0,0.0041600726544857025,6,0.9754065326410322
76561198026669315,0,0.011585517786443233,6,0.9754065326410322
76561199507100635,0,0.006158584263175726,6,0.9754065326410322
76561198017042450,0,0.004860640969127417,6,0.9754065326410322
76561198047902357,0,0.096205934882164,6,0.9754065326410322
76561199180283920,0,0.28030669689178467,6,0.9754065326410322
76561199200392130,0,0.02930097095668316,6,0.9754065326410322
76561198368393474,0,0.42402783036231995,6,0.9754065326410322
76561198068332069,0,0.04891195148229599,6,0.9754065326410322
76561198868970745,0,0.003728187410160899,6,0.9754065326410322
76561199250271132,0,0.012788641266524792,6,0.9754065326410322
76561198972566892,0,0.03595470264554024,6,0.9754065326410322
76561198880139450,0,0.003788173897191882,6,0.9754065326410322
76561198055947297,0,0.006383969914168119,6,0.9754065326410322
76561198414479735,0,0.01811063103377819,6,0.9754065326410322
76561198956573233,0,0.018571825698018074,6,0.9754065326410322
76561198018665616,0,0.5350209474563599,6,0.9754065326410322
76561198042695679,0,0.003931478131562471,6,0.9754065326410322
76561199755268292,0,0.010483693331480026,6,0.9754065326410322
76561198303510813,0,0.00767083466053009,6,0.9754065326410322
76561198025669140,0,0.021884331479668617,6,0.9754065326410322
76561198296751863,0,0.011723947711288929,6,0.9754065326410322
76561199486610420,0,0.016769010573625565,6,0.9754065326410322
76561198851796840,0,0.0064488728530704975,6,0.9754065326410322
76561199063140004,0,0.005078798159956932,6,0.9754065326410322
76561199140580951,0,0.00626565795391798,6,0.9754065326410322
76561199234624082,0,0.011015955358743668,6,0.9754065326410322
76561199310342147,0,0.0036422333214432,6,0.9754065326410322
76561198090375709,0,0.005934727843850851,6,0.9754065326410322
76561197969850308,0,0.005063622258603573,6,0.9754065326410322
76561198072030236,0,0.004474021960049868,6,0.9754065326410322
76561198009385375,0,0.03729390352964401,6,0.9754065326410322
76561198109061836,0,0.004197248723357916,6,0.9754065326410322
76561198282560856,0,0.0122892577201128,6,0.9754065326410322
76561198263712871,0,0.0038801541086286306,6,0.9754065326410322
76561198824534877,0,0.08878283202648163,6,0.9754065326410322
76561198995129914,0,0.0033565242774784565,6,0.9754065326410322
76561198123697534,0,0.003515613730996847,6,0.9754065326410322
76561197984135835,0,0.3213879466056824,6,0.9754065326410322
76561199082944141,0,0.01952318660914898,6,0.9754065326410322
76561198301135436,0,0.011356478556990623,6,0.9754065326410322
76561198204588273,0,0.004603292793035507,6,0.9754065326410322
76561199093480483,0,0.006191432010382414,6,0.9754065326410322
76561198844411885,0,0.018354125320911407,6,0.9754065326410322
76561199568950897,0,0.00412202812731266,6,0.9754065326410322
76561198164987958,0,0.010041593573987484,6,0.9754065326410322
76561199505567616,0,0.004177291877567768,6,0.9754065326410322
76561198031658600,0,0.0038123654667288065,6,0.9754065326410322
76561198976214905,0,0.0067888293415308,6,0.9754065326410322
76561198025057287,0,0.007051887921988964,6,0.9754065326410322
76561198402709078,0,0.011054130271077156,6,0.9754065326410322
76561198005437626,0,0.017100000753998756,6,0.9754065326410322
76561198067018190,0,0.01165455486625433,6,0.9754065326410322
76561198077139150,0,0.09203522652387619,6,0.9754065326410322
76561199116963716,0,0.019526325166225433,6,0.9754065326410322
76561198365181478,0,0.010215078480541706,6,0.9754065326410322
76561198079938738,0,0.4060371518135071,6,0.9754065326410322
76561198004393100,0,0.18082299828529358,6,0.9754065326410322
76561199020248665,0,0.004435451701283455,6,0.9754065326410322
76561198282513651,0,0.005012300796806812,6,0.9754065326410322
76561199379082006,0,0.03922635689377785,6,0.9754065326410322
76561198973211212,0,0.006072218529880047,6,0.9754065326410322
76561199105509545,0,0.006145203020423651,6,0.9754065326410322
76561198111193309,0,0.005424200557172298,6,0.9754065326410322
76561198022136416,0,0.6843489408493042,6,0.9754065326410322
76561199195351676,0,0.7342188358306885,6,0.9754065326410322
76561198288086545,0,0.00974147580564022,6,0.9754065326410322
76561198930694068,0,0.009831258095800877,6,0.9754065326410322
76561198195504199,0,0.059017542749643326,6,0.9754065326410322
76561198072710609,0,0.034785836935043335,6,0.9754065326410322
76561198085240256,0,0.007621491327881813,6,0.9754065326410322
76561199184620660,0,0.005589551758021116,6,0.9754065326410322
76561199097058977,0,0.07532016932964325,6,0.9754065326410322
76561198192532946,0,0.004002971109002829,6,0.9754065326410322
76561199101135791,0,0.005654023960232735,6,0.9754065326410322
76561198125494217,0,0.47976887226104736,6,0.9754065326410322
76561198019009321,0,0.0069474163465201855,6,0.9754065326410322
76561197981023480,0,0.006849123630672693,6,0.9754065326410322
76561198272855919,0,0.03872016444802284,6,0.9754065326410322
76561198261430188,1,0.8684845566749573,6,0.9754065326410322
76561198436509025,0,0.47891443967819214,6,0.9754065326410322
76561198414854903,1,0.9878081679344177,6,0.9754065326410322
76561198313206257,0,0.003515613730996847,6,0.9754065326410322
76561198393906118,0,0.005121306050568819,6,0.9754065326410322
76561199056745869,0,0.005857569631189108,6,0.9754065326410322
76561198863856784,0,0.0038801541086286306,6,0.9754065326410322
76561198817159585,0,0.006455377675592899,6,0.9754065326410322
76561198879356302,0,0.07262317091226578,6,0.9754065326410322
76561198168659074,1,0.9861996173858643,6,0.9754065326410322
76561198192917367,0,0.9273167848587036,6,0.9754065326410322
76561198035815900,0,0.018822964280843735,6,0.9754065326410322
76561198367106338,1,0.9837876558303833,6,0.9754065326410322
76561198017180214,0,0.029226552695035934,6,0.9754065326410322
76561198032416445,0,0.00540036428719759,6,0.9754065326410322
76561199089742585,0,0.02346356399357319,6,0.9754065326410322
76561198283637245,0,0.019292309880256653,6,0.9754065326410322
76561199043445910,0,0.14296893775463104,6,0.9754065326410322
76561198835213737,0,0.9694459438323975,6,0.9754065326410322
76561198840931521,0,0.01167762465775013,6,0.9754065326410322
76561198037924998,0,0.9889624714851379,6,0.9754065326410322
76561199120330029,0,0.00445460993796587,6,0.9754065326410322
76561198819795855,0,0.026401929557323456,6,0.9754065326410322
76561199273852523,0,0.005836769472807646,6,0.9754065326410322
76561198050320087,0,0.022546928375959396,6,0.9754065326410322
76561198022447998,0,0.008590301498770714,6,0.9754065326410322
76561198868013898,0,0.10722643882036209,6,0.9754065326410322
76561198124213661,0,0.005192150827497244,6,0.9754065326410322
76561198257830054,0,0.06577438116073608,6,0.9754065326410322
76561197998466445,0,0.8003027439117432,6,0.9754065326410322
76561198042288129,0,0.00374007411301136,6,0.9754065326410322
76561198844573750,0,0.9120354056358337,6,0.9754065326410322
76561198061173006,0,0.05138444900512695,6,0.9754065326410322
76561199087777059,0,0.014674144797027111,6,0.9754065326410322
76561197990296057,0,0.004333592019975185,6,0.9754065326410322
76561198876205474,0,0.003769411938264966,6,0.9754065326410322
76561199086804254,0,0.008004668168723583,6,0.9754065326410322
76561197999507823,0,0.03905736654996872,6,0.9754065326410322
76561199086771448,0,0.8677870035171509,6,0.9754065326410322
76561198011143515,1,0.976081907749176,6,0.9754065326410322
76561198031365768,0,0.48186609148979187,6,0.9754065326410322
76561198419869220,0,0.00839945487678051,6,0.9754065326410322
76561198049883271,0,0.009687918238341808,6,0.9754065326410322
76561198009178997,0,0.005355642642825842,6,0.9754065326410322
76561198407891890,0,0.0038801541086286306,6,0.9754065326410322
76561199063829082,0,0.023799963295459747,6,0.9754065326410322
76561198852164320,0,0.01288369670510292,6,0.9754065326410322
76561198807744984,0,0.14005938172340393,6,0.9754065326410322
76561198151432024,0,0.010185971856117249,6,0.9754065326410322
76561198184066011,0,0.01918662339448929,6,0.9754065326410322
76561198311940925,0,0.0033526248298585415,6,0.9754065326410322
76561198099483429,0,0.06894482672214508,6,0.9754065326410322
76561198310011759,0,0.0038801541086286306,6,0.9754065326410322
76561198019183986,0,0.005154862068593502,6,0.9754065326410322
76561197992694856,0,0.005190751980990171,6,0.9754065326410322
76561199066358406,0,0.9246814846992493,6,0.9754065326410322
76561199077838173,0,0.004725553561002016,6,0.9754065326410322
76561199013434389,0,0.004376336466521025,6,0.9754065326410322
76561198312704665,0,0.008471782319247723,6,0.9754065326410322
76561198068912721,0,0.004109934903681278,6,0.9754065326410322
76561198930273367,1,0.9936574101448059,6,0.9754065326410322
76561198160759945,0,0.005791890434920788,6,0.9754065326410322
76561198057820442,0,0.005160572472959757,6,0.9754065326410322
76561198071932606,1,0.9934850335121155,6,0.9754065326410322
76561199015003796,0,0.003677395870909095,6,0.9754065326410322
76561199090961966,0,0.005063622258603573,6,0.9754065326410322
76561198094090024,0,0.017518412321805954,6,0.9754065326410322
76561198033180669,0,0.10938271135091782,6,0.9754065326410322
76561198007297375,0,0.1990337371826172,6,0.9754065326410322
76561198137225436,0,0.9693785905838013,6,0.9754065326410322
76561198330238395,0,0.7345027923583984,6,0.9754065326410322
76561199093893569,0,0.05553732067346573,6,0.9754065326410322
76561198873652867,0,0.006744088605046272,6,0.9754065326410322
76561198962509109,0,0.013497794046998024,6,0.9754065326410322
76561198960345326,0,0.9113760590553284,6,0.9754065326410322
76561198018788236,0,0.06971147656440735,6,0.9754065326410322
76561199056225311,1,0.9913313388824463,6,0.9754065326410322
76561199055086816,0,0.0040254779160022736,6,0.9754065326410322
76561198083728532,1,0.9006670713424683,6,0.9754065326410322
76561199648947071,0,0.00854406412690878,6,0.9754065326410322
76561198055593254,0,0.005118792410939932,6,0.9754065326410322
76561198049927598,0,0.003776893252506852,6,0.9754065326410322
76561199048047412,0,0.006477992516011,6,0.9754065326410322
76561198371477419,0,0.005996094085276127,6,0.9754065326410322
76561198112927866,0,0.0043436153791844845,6,0.9754065326410322
76561198178228639,0,0.004597395192831755,6,0.9754065326410322
76561199198790441,0,0.0037239650264382362,6,0.9754065326410322
76561198007502932,0,0.012253238819539547,6,0.9754065326410322
76561198275731465,0,0.06141337752342224,6,0.9754065326410322
76561198817532669,0,0.9690385460853577,6,0.9754065326410322
76561198144057409,0,0.006410684436559677,6,0.9754065326410322
76561198214113928,0,0.0035288685467094183,6,0.9754065326410322
76561199191726982,0,0.011756904423236847,6,0.9754065326410322
76561199012435188,0,0.008870843797922134,6,0.9754065326410322
76561198055309796,0,0.5116963386535645,6,0.9754065326410322
76561198014051069,0,0.06950171291828156,6,0.9754065326410322
76561198095565496,0,0.5940079689025879,6,0.9754065326410322
76561198909796512,0,0.011440251022577286,6,0.9754065326410322
76561199031068157,0,0.011712533421814442,6,0.9754065326410322
76561199095881248,0,0.00404336815699935,6,0.9754065326410322
76561198989992316,0,0.014051836915314198,6,0.9754065326410322
76561198805196452,0,0.004241604823619127,6,0.9754065326410322
76561198091132422,0,0.0377521850168705,6,0.9754065326410322
76561199015193289,0,0.22853422164916992,6,0.9754065326410322
76561198836374831,0,0.006700367666780949,6,0.9754065326410322
76561199123677211,0,0.0064542824402451515,6,0.9754065326410322
76561198326062518,0,0.031109947711229324,6,0.9754065326410322
76561199130973857,0,0.01819385029375553,6,0.9754065326410322
76561199261872798,0,0.004265102092176676,6,0.9754065326410322
76561199135154487,1,0.9892483949661255,6,0.9754065326410322
76561198133024735,0,0.06575319170951843,6,0.9754065326410322
76561199175324223,0,0.023931587114930153,6,0.9754065326410322
76561198328049208,0,0.0045422399416565895,6,0.9754065326410322
76561198963625067,0,0.08462097495794296,6,0.9754065326410322
76561198818024497,0,0.46721574664115906,6,0.9754065326410322
76561199065027836,0,0.037515703588724136,6,0.9754065326410322
76561199583449140,0,0.00902055948972702,6,0.9754065326410322
76561198143134844,0,0.14271526038646698,6,0.9754065326410322
76561198970682286,0,0.038617052137851715,6,0.9754065326410322
76561198081520819,0,0.004607900977134705,6,0.9754065326410322
76561198405236874,0,0.021448686718940735,6,0.9754065326410322
76561198112440835,0,0.8957607746124268,6,0.9754065326410322
76561199180174266,0,0.022336764261126518,6,0.9754065326410322
76561199552584215,0,0.011005502194166183,6,0.9754065326410322
76561198160424343,0,0.1265612691640854,6,0.9754065326410322
76561199106236196,0,0.0665244534611702,6,0.9754065326410322
76561198972122618,0,0.005402824375778437,6,0.9754065326410322
76561198439033415,0,0.8300228714942932,6,0.9754065326410322
76561198863866778,0,0.00700113270431757,6,0.9754065326410322
76561199135740642,0,0.018203986808657646,6,0.9754065326410322
76561198095731874,0,0.02209332026541233,6,0.9754065326410322
76561198161372183,1,0.9908072352409363,6,0.9754065326410322
76561198115242617,0,0.004283528309315443,6,0.9754065326410322
76561198331261561,0,0.004184385295957327,6,0.9754065326410322
76561199087569151,0,0.016605766490101814,6,0.9754065326410322
76561199210568998,0,0.0051846737042069435,6,0.9754065326410322
76561198009310293,0,0.06466177105903625,6,0.9754065326410322
76561199104347927,0,0.0035555115900933743,6,0.9754065326410322
76561198305746954,0,0.0057275849394500256,6,0.9754065326410322
76561199529063441,0,0.004225546028465033,6,0.9754065326410322
76561199091303621,0,0.005261985585093498,6,0.9754065326410322
76561198143524906,0,0.07931730151176453,6,0.9754065326410322
76561198224561228,0,0.004130114335566759,6,0.9754065326410322
76561198122979270,1,0.9012901186943054,6,0.9754065326410322
76561198135521451,0,0.8599839210510254,6,0.9754065326410322
76561198313444853,0,0.004812896717339754,6,0.9754065326410322
76561199004330614,0,0.02078567072749138,6,0.9754065326410322
76561198360920556,0,0.010806462727487087,6,0.9754065326410322
76561198295982994,0,0.17289234697818756,6,0.9754065326410322
76561198018198137,0,0.02425650879740715,6,0.9754065326410322
76561198981751895,0,0.003920959308743477,6,0.9754065326410322
76561198180661935,0,0.0040870667435228825,6,0.9754065326410322
76561198436370234,0,0.01591184176504612,6,0.9754065326410322
76561198407258317,0,0.37331387400627136,6,0.9754065326410322
76561197979444608,0,0.0037918302696198225,6,0.9754065326410322
76561198023961241,0,0.0039467597380280495,6,0.9754065326410322
76561198867853453,0,0.007897374220192432,6,0.9754065326410322
76561199466268471,0,0.04522543027997017,6,0.9754065326410322
76561198445307126,0,0.004539187997579575,6,0.9754065326410322
76561199232785670,0,0.004087262321263552,6,0.9754065326410322
76561199150871594,0,0.01108370628207922,6,0.9754065326410322
76561199055883434,0,0.013959688134491444,6,0.9754065326410322
76561198071974666,0,0.019077444449067116,6,0.9754065326410322
76561198011693117,0,0.009699000976979733,6,0.9754065326410322
76561199112221150,0,0.003910969011485577,6,0.9754065326410322
76561198860952727,0,0.007217283360660076,6,0.9754065326410322
76561199484169200,0,0.004332520067691803,6,0.9754065326410322
76561199197751714,0,0.0038801541086286306,6,0.9754065326410322
76561198025928323,0,0.003501767525449395,6,0.9754065326410322
76561198019376594,0,0.004048135131597519,6,0.9754065326410322
76561199140432335,0,0.0038801541086286306,6,0.9754065326410322
76561199497229427,0,0.004127020947635174,6,0.9754065326410322
76561199017754754,0,0.0037209487054497004,6,0.9754065326410322
76561198053502692,1,0.618934154510498,6,0.9754065326410322
76561198019286606,0,0.7057718634605408,6,0.9754065326410322
76561198115101503,0,0.00779311778023839,6,0.9754065326410322
76561198008751847,0,0.0038665062747895718,6,0.9754065326410322
76561198067966426,0,0.011451667174696922,6,0.9754065326410322
76561198026682740,0,0.9783365726470947,6,0.9754065326410322
76561199112107936,0,0.0038801541086286306,6,0.9754065326410322
76561199079051590,0,0.06661860644817352,6,0.9754065326410322
76561199053938000,0,0.01353409606963396,6,0.9754065326410322
76561198917621163,0,0.36544498801231384,6,0.9754065326410322
76561199063440681,0,0.7743323445320129,6,0.9754065326410322
76561198078170610,0,0.005139601416885853,6,0.9754065326410322
76561199229085811,0,0.0038801541086286306,6,0.9754065326410322
76561199018328324,0,0.004295364022254944,6,0.9754065326410322
76561199226504199,0,0.9101998209953308,6,0.9754065326410322
76561198208562929,0,0.3216070234775543,6,0.9754065326410322
76561198008436783,0,0.007954808883368969,6,0.9754065326410322
76561199588771487,0,0.005353311076760292,6,0.9754065326410322
76561198300650078,0,0.007741810288280249,6,0.9754065326410322
76561198151549180,0,0.8259877562522888,6,0.9754065326410322
76561198001758381,0,0.15537910163402557,6,0.9754065326410322
76561198378583788,0,0.12828640639781952,6,0.9754065326410322
76561198114913062,0,0.0038185983430594206,6,0.9754065326410322
76561199078618674,0,0.00404336815699935,6,0.9754065326410322
76561198259356044,0,0.1380152851343155,6,0.9754065326410322
76561198080671098,0,0.13038569688796997,6,0.9754065326410322
76561198301876767,0,0.16492678225040436,6,0.9754065326410322
76561198042470960,0,0.05891908332705498,6,0.9754065326410322
76561198023720608,0,0.025545623153448105,6,0.9754065326410322
76561198111010858,0,0.005005271639674902,6,0.9754065326410322
76561199412010652,0,0.010187509469687939,6,0.9754065326410322
76561198421317299,0,0.5280007123947144,6,0.9754065326410322
76561198293585932,0,0.02647855505347252,6,0.9754065326410322
76561199435558917,0,0.07217486202716827,6,0.9754065326410322
76561198032657059,0,0.0038327984511852264,6,0.9754065326410322
76561199017502334,0,0.02092805504798889,6,0.9754065326410322
76561198402787296,0,0.004802794195711613,6,0.9754065326410322
76561198098055128,0,0.8023874759674072,6,0.9754065326410322
76561198106314242,0,0.31268325448036194,6,0.9754065326410322
76561197996140993,0,0.006564659997820854,6,0.9754065326410322
76561198088759630,0,0.22195401787757874,6,0.9754065326410322
76561199011854948,0,0.05128028243780136,6,0.9754065326410322
76561198305443423,0,0.009451692923903465,6,0.9754065326410322
76561198231103004,0,0.005946597084403038,6,0.9754065326410322
76561198285755307,0,0.6491968631744385,6,0.9754065326410322
76561198002103043,0,0.6592562198638916,6,0.9754065326410322
76561198272513871,0,0.005761794745922089,6,0.9754065326410322
76561197964265110,0,0.004226382821798325,6,0.9754065326410322
76561198016151570,1,0.9918246865272522,6,0.9754065326410322
76561199179583208,0,0.8958604335784912,6,0.9754065326410322
76561198029392982,0,0.008072545751929283,6,0.9754065326410322
76561199031868554,0,0.004166687373071909,6,0.9754065326410322
76561197999953966,0,0.0033360952511429787,6,0.9754065326410322
76561199122211186,0,0.006627527065575123,6,0.9754065326410322
76561199087220201,0,0.0034711703192442656,6,0.9754065326410322
76561198095429787,0,0.08933481574058533,6,0.9754065326410322
76561198810765733,0,0.007059946656227112,6,0.9754065326410322
76561199527640350,0,0.009093415923416615,6,0.9754065326410322
76561198433148064,0,0.029935527592897415,6,0.9754065326410322
76561199026806588,0,0.05321233347058296,6,0.9754065326410322
76561199130102249,0,0.016673816367983818,6,0.9754065326410322
76561199186139979,0,0.0064520444720983505,6,0.9754065326410322
76561198314268275,0,0.048090606927871704,6,0.9754065326410322
76561199131340549,0,0.007887043058872223,6,0.9754065326410322
76561199069110384,0,0.0040471856482326984,6,0.9754065326410322
76561198011170078,0,0.004462551325559616,6,0.9754065326410322
76561198052670947,0,0.008385383524000645,6,0.9754065326410322
76561199035703355,0,0.006232683081179857,6,0.9754065326410322
76561199027475375,0,0.00368467066437006,6,0.9754065326410322
76561198076600949,0,0.02279924973845482,6,0.9754065326410322
76561198391759180,0,0.003959365654736757,6,0.9754065326410322
76561198238999614,0,0.05087921395897865,6,0.9754065326410322
76561198274714851,0,0.01778388023376465,6,0.9754065326410322
76561199656865668,0,0.00928343366831541,6,0.9754065326410322
76561198054755101,0,0.004490494728088379,6,0.9754065326410322
76561199126959900,0,0.005253411363810301,6,0.9754065326410322
76561199387056570,0,0.006567994132637978,6,0.9754065326410322
76561199243321811,0,0.6438171863555908,6,0.9754065326410322
76561197999617907,0,0.011220750398933887,6,0.9754065326410322
76561198365779669,0,0.8553659319877625,6,0.9754065326410322
76561199096317402,0,0.005032182205468416,6,0.9754065326410322
76561198203668107,0,0.02742195315659046,6,0.9754065326410322
76561198042536486,0,0.015602435916662216,6,0.9754065326410322
76561198979929335,0,0.006821062881499529,6,0.9754065326410322
76561199448344074,0,0.012842330150306225,6,0.9754065326410322
76561198075793040,0,0.00530928373336792,6,0.9754065326410322
76561198201309042,1,0.934103786945343,6,0.9754065326410322
76561198862398679,0,0.1514684557914734,6,0.9754065326410322
76561198060956397,0,0.007103715557605028,6,0.9754065326410322
76561198308994379,0,0.028623593971133232,6,0.9754065326410322
76561198078030065,0,0.004181616473942995,6,0.9754065326410322
76561199006880498,0,0.423122763633728,6,0.9754065326410322
76561198272644087,0,0.007983521558344364,6,0.9754065326410322
76561199440986518,0,0.01400443073362112,6,0.9754065326410322
76561198045437015,0,0.4636935293674469,6,0.9754065326410322
76561199231075170,0,0.006947818212211132,6,0.9754065326410322
76561198819008565,0,0.44713878631591797,6,0.9754065326410322
76561198043787903,1,0.7213628888130188,6,0.9754065326410322
76561199144568191,0,0.004468558821827173,6,0.9754065326410322
76561199122405758,0,0.005790748633444309,6,0.9754065326410322
76561198300146774,0,0.8564927577972412,6,0.9754065326410322
76561198339864763,0,0.009972010739147663,6,0.9754065326410322
76561198254557858,0,0.4207693934440613,6,0.9754065326410322
76561198296136216,0,0.006673768628388643,6,0.9754065326410322
76561198310939532,0,0.4131479561328888,6,0.9754065326410322
76561198043109438,0,0.20180372893810272,6,0.9754065326410322
76561198209244708,0,0.025383399799466133,6,0.9754065326410322
76561198325816630,0,0.008897530846297741,6,0.9754065326410322
76561198422036466,0,0.11654435098171234,6,0.9754065326410322
76561198054616776,0,0.6349999904632568,6,0.9754065326410322
76561198829998196,1,0.9884856939315796,6,0.9754065326410322
76561198411095234,0,0.014390457421541214,6,0.9754065326410322
76561198332259532,0,0.050111740827560425,6,0.9754065326410322
76561198383667543,0,0.007809945847839117,6,0.9754065326410322
76561198151802542,0,0.021751768887043,6,0.9754065326410322
76561199614391160,0,0.0163364727050066,6,0.9754065326410322
76561198046874493,0,0.011851887218654156,6,0.9754065326410322
76561199112425179,0,0.008805280551314354,6,0.9754065326410322
76561198105708261,0,0.2612302899360657,6,0.9754065326410322
76561198095403566,0,0.00598316453397274,6,0.9754065326410322
76561198254199297,0,0.014304009266197681,6,0.9754065326410322
76561198216128620,0,0.45638081431388855,6,0.9754065326410322
76561198298633071,0,0.004565554670989513,6,0.9754065326410322
76561199564331522,0,0.0048654573038220406,6,0.9754065326410322
76561198083221299,0,0.01668630726635456,6,0.9754065326410322
76561198116232673,0,0.3851860463619232,6,0.9754065326410322
76561198049842951,0,0.05101829767227173,6,0.9754065326410322
76561198008300602,0,0.004021459724754095,6,0.9754065326410322
76561198089608153,0,0.027898751199245453,6,0.9754065326410322
76561199227011809,0,0.005063622258603573,6,0.9754065326410322
76561198179934875,0,0.9770725965499878,6,0.9754065326410322
76561198001693109,0,0.004862569272518158,6,0.9754065326410322
76561199221471673,0,0.005233404692262411,6,0.9754065326410322
76561198799379645,1,0.9854263067245483,6,0.9754065326410322
76561198314196415,0,0.36472904682159424,6,0.9754065326410322
76561198045059816,0,0.897641122341156,6,0.9754065326410322
76561198121395620,0,0.409993976354599,6,0.9754065326410322
76561198946350194,0,0.01371025014668703,6,0.9754065326410322
76561199074305900,0,0.19734309613704681,6,0.9754065326410322
76561198256462036,0,0.004143098834902048,6,0.9754065326410322
76561198282718959,0,0.015351899899542332,6,0.9754065326410322
76561198128638726,0,0.10773429274559021,6,0.9754065326410322
76561198380859750,0,0.004245649091899395,6,0.9754065326410322
76561198059232456,0,0.005014356225728989,6,0.9754065326410322
76561198014843606,0,0.005793824326246977,6,0.9754065326410322
76561198375929971,0,0.017856864258646965,6,0.9754065326410322
76561198988412728,0,0.00481732003390789,6,0.9754065326410322
76561199064363217,0,0.025962740182876587,6,0.9754065326410322
76561199028844732,0,0.0040870667435228825,6,0.9754065326410322
76561198061973431,0,0.005783769302070141,6,0.9754065326410322
76561198361198450,0,0.004505735822021961,6,0.9754065326410322
76561198375238635,0,0.00759963458403945,6,0.9754065326410322
76561197975703621,0,0.0691985934972763,6,0.9754065326410322
76561198048888890,0,0.03802080824971199,6,0.9754065326410322
76561198217759843,0,0.0072203450836241245,6,0.9754065326410322
76561198296247026,0,0.2638228237628937,6,0.9754065326410322
76561198071377788,0,0.6985147595405579,6,0.9754065326410322
76561198024257662,0,0.7500895261764526,6,0.9754065326410322
76561199389906374,0,0.01009527500718832,6,0.9754065326410322
76561198336729211,0,0.004367888439446688,6,0.9754065326410322
76561198110629087,0,0.008819238282740116,6,0.9754065326410322
76561199307636827,0,0.01121550239622593,6,0.9754065326410322
76561199175670478,0,0.04665637016296387,6,0.9754065326410322
76561198261455726,0,0.005218147300183773,6,0.9754065326410322
76561198077948868,0,0.05652216821908951,6,0.9754065326410322
76561199472997663,0,0.007277328055351973,6,0.9754065326410322
76561199137290157,0,0.013741706497967243,6,0.9754065326410322
76561198097850617,0,0.007898416370153427,6,0.9754065326410322
76561198851080724,0,0.03304117172956467,6,0.9754065326410322
76561198156816464,0,0.6007604598999023,6,0.9754065326410322
76561198138207281,0,0.0032741697505116463,6,0.9754065326410322
76561198006343849,0,0.005063622258603573,6,0.9754065326410322
76561198191653950,0,0.010166710242629051,6,0.9754065326410322
76561198141028913,0,0.0066142454743385315,6,0.9754065326410322
76561198046922618,0,0.0595247782766819,6,0.9754065326410322
76561198352981860,0,0.9832792282104492,6,0.9754065326410322
76561199232447990,0,0.0032904711551964283,6,0.9754065326410322
76561198080108560,0,0.01417233981192112,6,0.9754065326410322
76561199190753393,0,0.023150905966758728,6,0.9754065326410322
76561198095196953,0,0.008064375258982182,6,0.9754065326410322
76561198807218184,0,0.013360119424760342,6,0.9754065326410322
76561198024962417,0,0.00413563521578908,6,0.9754065326410322
76561198978630441,0,0.012470811605453491,6,0.9754065326410322
76561199568739344,0,0.0042901793494820595,6,0.9754065326410322
76561199140968676,0,0.007946428842842579,6,0.9754065326410322
76561199221855755,0,0.03759897127747536,6,0.9754065326410322
76561199071594346,0,0.03358229994773865,6,0.9754065326410322
76561199089549855,0,0.02737877331674099,6,0.9754065326410322
76561198974438955,1,0.7497888207435608,6,0.9754065326410322
76561199403666000,0,0.007246002089232206,6,0.9754065326410322
76561198969950823,0,0.0038435969036072493,6,0.9754065326410322
76561198883339481,0,0.003348551457747817,6,0.9754065326410322
76561198068850553,0,0.720062792301178,6,0.9754065326410322
76561198328356057,0,0.021649261936545372,6,0.9754065326410322
76561198078015177,0,0.004510002676397562,6,0.9754065326410322
76561199162320179,0,0.09773524850606918,6,0.9754065326410322
76561198258145867,0,0.006759834475815296,6,0.9754065326410322
76561198093865365,0,0.00429889839142561,6,0.9754065326410322
76561197998596428,0,0.5805764198303223,6,0.9754065326410322
76561199249260288,0,0.9927843809127808,6,0.9754065326410322
76561199013202915,0,0.2379128783941269,6,0.9754065326410322
76561198034799921,0,0.9440326690673828,6,0.9754065326410322
76561198418372571,0,0.03330275043845177,6,0.9754065326410322
76561198984424902,0,0.35395312309265137,6,0.9754065326410322
76561198321829986,0,0.676185131072998,6,0.9754065326410322
76561198272516125,0,0.5950223803520203,6,0.9754065326410322
76561198870954004,0,0.0500795841217041,6,0.9754065326410322
76561199633234763,0,0.004363697487860918,6,0.9754065326410322
76561198895343271,0,0.0839318037033081,6,0.9754065326410322
76561198801888093,0,0.00921702291816473,6,0.9754065326410322
76561198308619651,0,0.013778935186564922,6,0.9754065326410322
76561198015696285,0,0.7410587668418884,6,0.9754065326410322
76561199060071333,0,0.9239068031311035,6,0.9754065326410322
76561198266479374,0,0.03525293245911598,6,0.9754065326410322
76561198419272163,0,0.2949873208999634,6,0.9754065326410322
76561199205116791,0,0.005438624881207943,6,0.9754065326410322
76561198321360147,0,0.0043514566496014595,6,0.9754065326410322
76561198054454736,0,0.005747553426772356,6,0.9754065326410322
76561198120781080,1,0.9799190759658813,6,0.9754065326410322
76561198341484347,0,0.18144488334655762,6,0.9754065326410322
76561197970682568,0,0.985539436340332,6,0.9754065326410322
76561198419024469,0,0.020598048344254494,6,0.9754065326410322
76561199114337332,0,0.003834980074316263,6,0.9754065326410322
76561198810441771,1,0.9915503263473511,6,0.9754065326410322
76561198166300753,0,0.006620981730520725,6,0.9754065326410322
76561198873261510,0,0.007053648121654987,6,0.9754065326410322
76561198122414149,0,0.03589130938053131,6,0.9754065326410322
76561198084873811,0,0.267741858959198,6,0.9754065326410322
76561199108959379,0,0.028734253719449043,6,0.9754065326410322
76561199177249293,0,0.005420014262199402,6,0.9754065326410322
76561198381948240,0,0.007976342923939228,6,0.9754065326410322
76561197997461663,0,0.05354006215929985,6,0.9754065326410322
76561199141917561,0,0.011619815602898598,6,0.9754065326410322
76561199163826845,0,0.02741304039955139,6,0.9754065326410322
76561198292818693,0,0.008232364431023598,6,0.9754065326410322
76561198000066900,0,0.8566207885742188,6,0.9754065326410322
76561199230735365,0,0.17896701395511627,6,0.9754065326410322
76561199344035368,0,0.9928103685379028,6,0.9754065326410322
76561198044867887,0,0.04235795512795448,6,0.9754065326410322
76561198055327318,0,0.0061941929161548615,6,0.9754065326410322
76561198258100909,0,0.00399022689089179,6,0.9754065326410322
76561198328606890,0,0.004828935489058495,6,0.9754065326410322
76561199110050430,0,0.7088454365730286,6,0.9754065326410322
76561198348361396,0,0.0053754812106490135,6,0.9754065326410322
76561198040120281,0,0.010102659463882446,6,0.9754065326410322
76561198985476963,0,0.005316790193319321,6,0.9754065326410322
76561198062738083,0,0.005721703637391329,6,0.9754065326410322
76561199159537044,0,0.005379210226237774,6,0.9754065326410322
76561199477519964,0,0.1991250067949295,6,0.9754065326410322
76561198950238275,0,0.31212419271469116,6,0.9754065326410322
76561198145319733,0,0.003965327516198158,6,0.9754065326410322
76561198040614923,0,0.004496377427130938,6,0.9754065326410322
76561199146321023,0,0.00843682698905468,6,0.9754065326410322
76561199231368440,0,0.0072552659548819065,6,0.9754065326410322
76561197987703869,0,0.012682229280471802,6,0.9754065326410322
76561199003995700,0,0.004629034548997879,6,0.9754065326410322
76561199125444635,0,0.06987161934375763,6,0.9754065326410322
76561198138896221,0,0.0040142834186553955,6,0.9754065326410322
76561198011605220,0,0.8708152770996094,6,0.9754065326410322
76561198353708321,0,0.9429059624671936,6,0.9754065326410322
76561199563182356,0,0.0157362911850214,6,0.9754065326410322
76561198160527344,0,0.004091035109013319,6,0.9754065326410322
76561198066941044,1,0.9926487803459167,6,0.9754065326410322
76561198356520645,0,0.07607296854257584,6,0.9754065326410322
76561198003469686,0,0.35096096992492676,6,0.9754065326410322
76561198070661176,0,0.016861213371157646,6,0.9754065326410322
76561198964265426,0,0.007184898480772972,6,0.9754065326410322
76561198205130963,0,0.016989991068840027,6,0.9754065326410322
76561198412496167,0,0.0046667237766087055,6,0.9754065326410322
76561198007933050,0,0.11985119432210922,6,0.9754065326410322
76561198056347649,1,0.9632872939109802,6,0.9754065326410322
76561198448532921,0,0.007117098197340965,6,0.9754065326410322
76561198081229103,0,0.0462888702750206,6,0.9754065326410322
76561198108924008,0,0.10115498304367065,6,0.9754065326410322
76561199024488730,0,0.010593373328447342,6,0.9754065326410322
76561198302549693,0,0.006471594329923391,6,0.9754065326410322
76561198103349289,0,0.006191634107381105,6,0.9754065326410322
76561198330698266,0,0.1256735920906067,6,0.9754065326410322
76561198409092000,0,0.003501767525449395,6,0.9754065326410322
76561198106921197,0,0.006409467197954655,6,0.9754065326410322
76561198050726928,0,0.0045640310272574425,6,0.9754065326410322
76561198007639921,0,0.17368167638778687,6,0.9754065326410322
76561198843081084,0,0.004238215275108814,6,0.9754065326410322
76561198228787004,0,0.0038801541086286306,6,0.9754065326410322
76561199261549460,0,0.026998339220881462,6,0.9754065326410322
76561199172012038,0,0.06856559962034225,6,0.9754065326410322
76561199256244982,0,0.0035777741577476263,6,0.9754065326410322
76561199190735978,0,0.006795285269618034,6,0.9754065326410322
76561198951515340,0,0.04407798498868942,6,0.9754065326410322
76561198289434741,0,0.0038801541086286306,6,0.9754065326410322
76561198275846535,0,0.004567121155560017,6,0.9754065326410322
76561199229632386,1,0.9909210205078125,6,0.9754065326410322
76561199522504787,0,0.004732001572847366,6,0.9754065326410322
76561198021105559,0,0.006695698481053114,6,0.9754065326410322
76561198025696842,0,0.4398122727870941,6,0.9754065326410322
76561198828858485,0,0.006406637839972973,6,0.9754065326410322
76561198045132760,0,0.04355129599571228,6,0.9754065326410322
76561198846388720,0,0.7736242413520813,6,0.9754065326410322
76561199013643231,0,0.054189134389162064,6,0.9754065326410322
76561198854336238,0,0.15663373470306396,6,0.9754065326410322
76561198026085248,0,0.5621035099029541,6,0.9754065326410322
76561198322213501,0,0.005752059631049633,6,0.9754065326410322
76561198089579652,0,0.09088186919689178,6,0.9754065326410322
76561198800662567,0,0.011980583891272545,6,0.9754065326410322
76561199006182309,0,0.01898980140686035,6,0.9754065326410322
76561199146710140,0,0.003182250540703535,6,0.9754065326410322
76561197994318160,0,0.20823325216770172,6,0.9754065326410322
76561198088835115,0,0.9918003678321838,6,0.9754065326410322
76561198029835706,0,0.7915639281272888,6,0.9754065326410322
76561198100299015,0,0.004715651739388704,6,0.9754065326410322
76561199070610150,0,0.031476929783821106,6,0.9754065326410322
76561199215104368,0,0.11952719837427139,6,0.9754065326410322
76561198035318204,0,0.0068529462441802025,6,0.9754065326410322
76561198076513951,0,0.6140777468681335,6,0.9754065326410322
76561198032609505,0,0.03798261284828186,6,0.9754065326410322
76561198103330211,0,0.48331886529922485,6,0.9754065326410322
76561198019987385,0,0.005607095081359148,6,0.9754065326410322
76561197972922088,0,0.5559197664260864,6,0.9754065326410322
76561198074704873,0,0.020584525540471077,6,0.9754065326410322
76561198055757730,0,0.7289748191833496,6,0.9754065326410322
76561198833212414,0,0.10370398312807083,6,0.9754065326410322
76561199480551260,0,0.006819955073297024,6,0.9754065326410322
76561198448604972,0,0.004846794065088034,6,0.9754065326410322
76561199016499893,0,0.007887773215770721,6,0.9754065326410322
76561198127667814,0,0.00517382612451911,6,0.9754065326410322
76561198344698327,0,0.0894259437918663,6,0.9754065326410322
76561199138617255,0,0.03032754547894001,6,0.9754065326410322
76561198977500822,0,0.9010981321334839,6,0.9754065326410322
76561199182954024,1,0.9857682585716248,6,0.9754065326410322
76561199689143860,0,0.012724990025162697,6,0.9754065326410322
76561197971577225,0,0.004688495770096779,6,0.9754065326410322
76561198132104540,0,0.004731518682092428,6,0.9754065326410322
76561198044864231,0,0.009293938986957073,6,0.9754065326410322
76561199223472255,0,0.004119723103940487,6,0.9754065326410322
76561198015601739,0,0.654430091381073,6,0.9754065326410322
76561198201669762,0,0.06264875084161758,6,0.9754065326410322
76561198352250170,0,0.0038801541086286306,6,0.9754065326410322
76561198110786720,0,0.004545688629150391,6,0.9754065326410322
76561199032424386,0,0.8566207885742188,6,0.9754065326410322
76561198928107693,1,0.9926759600639343,6,0.9754065326410322
76561198069331039,0,0.008905565366148949,6,0.9754065326410322
76561198438028919,0,0.003926402423530817,6,0.9754065326410322
76561198156639589,0,0.009597388096153736,6,0.9754065326410322
76561198024270376,0,0.8865391612052917,6,0.9754065326410322
76561199050182208,0,0.0033330158330500126,6,0.9754065326410322
76561199518197841,0,0.011634446680545807,6,0.9754065326410322
76561199519678626,0,0.09221287071704865,6,0.9754065326410322
76561198068078780,0,0.0049570281989872456,6,0.9754065326410322
76561198169413825,0,0.0032092335168272257,6,0.9754065326410322
76561198951508524,0,0.00887819193303585,6,0.9754065326410322
76561198060356381,0,0.05840417370200157,6,0.9754065326410322
76561199168712206,0,0.028003938496112823,6,0.9754065326410322
76561198824809285,0,0.005063622258603573,6,0.9754065326410322
76561199223067844,0,0.0071829454973340034,6,0.9754065326410322
76561199685414268,0,0.0033277892507612705,6,0.9754065326410322
76561198109300824,0,0.004700836725533009,6,0.9754065326410322
76561198015380892,0,0.1083386167883873,6,0.9754065326410322
76561198386684540,0,0.07160467654466629,6,0.9754065326410322
76561199457374785,0,0.6365612149238586,6,0.9754065326410322
76561198334703642,0,0.005376848857849836,6,0.9754065326410322
76561199130995383,0,0.10553818941116333,6,0.9754065326410322
76561197999272515,0,0.10273315012454987,6,0.9754065326410322
76561198849518215,0,0.00536815170198679,6,0.9754065326410322
76561199379729350,0,0.005908200517296791,6,0.9754065326410322
76561199746970168,0,0.008484656922519207,6,0.9754065326410322
76561198289172248,0,0.005128524731844664,6,0.9754065326410322
76561198847310910,0,0.01902337558567524,6,0.9754065326410322
76561198065854918,0,0.007140996865928173,6,0.9754065326410322
76561198050289607,0,0.0060433074831962585,6,0.9754065326410322
76561198402250669,0,0.059528060257434845,6,0.9754065326410322
76561198275573127,0,0.006160023622214794,6,0.9754065326410322
76561198282700179,0,0.20741645991802216,6,0.9754065326410322
76561198013875784,0,0.010586239397525787,6,0.9754065326410322
76561199043177602,0,0.011274841614067554,6,0.9754065326410322
76561198066970775,0,0.0032092335168272257,6,0.9754065326410322
76561198320304410,0,0.004417650401592255,6,0.9754065326410322
76561198086942631,0,0.3053102195262909,6,0.9754065326410322
76561198300421160,0,0.003785313805565238,6,0.9754065326410322
76561198063046800,0,0.018988382071256638,6,0.9754065326410322
76561197995210673,0,0.006312929093837738,6,0.9754065326410322
76561199660629632,0,0.004002971109002829,6,0.9754065326410322
76561198321678290,0,0.01194042433053255,6,0.9754065326410322
76561198039687183,0,0.03796916455030441,6,0.9754065326410322
76561199098217729,0,0.056726131588220596,6,0.9754065326410322
76561199145822434,0,0.0032092335168272257,6,0.9754065326410322
76561199161422464,1,0.9852146506309509,6,0.9754065326410322
76561198159331063,0,0.009679961949586868,6,0.9754065326410322
76561198357202806,0,0.012221446260809898,6,0.9754065326410322
76561199131831472,0,0.010256019420921803,6,0.9754065326410322
76561197982384684,1,0.9867762923240662,6,0.9754065326410322
76561198054759713,0,0.5017998814582825,6,0.9754065326410322
76561198871426199,0,0.03491294011473656,6,0.9754065326410322
76561198080438366,0,0.7804547548294067,6,0.9754065326410322
76561197976693683,0,0.21259227395057678,6,0.9754065326410322
76561198802456506,0,0.8270641565322876,6,0.9754065326410322
76561198061753506,0,0.9841052889823914,6,0.9754065326410322
76561198118767554,0,0.005398211535066366,6,0.9754065326410322
76561198093149066,1,0.9910191893577576,6,0.9754065326410322
76561198399109083,0,0.01715310662984848,6,0.9754065326410322
76561198216185789,1,0.9881798028945923,6,0.9754065326410322
76561198052659271,0,0.0040619890205562115,6,0.9754065326410322
76561199090491484,0,0.004560358822345734,6,0.9754065326410322
76561199066665023,0,0.9869459271430969,6,0.9754065326410322
76561199152487415,0,0.9615697860717773,6,0.9754065326410322
76561198006649051,0,0.2317473590373993,6,0.9754065326410322
76561198061450440,0,0.005305643659085035,6,0.9754065326410322
76561199529019750,0,0.01688743755221367,6,0.9754065326410322
76561198156003975,0,0.7805824875831604,6,0.9754065326410322
76561198930565911,0,0.0045429402962327,6,0.9754065326410322
76561198041873034,0,0.38756006956100464,6,0.9754065326410322
76561198803023253,0,0.06253810971975327,6,0.9754065326410322
76561198038649397,0,0.6777637004852295,6,0.9754065326410322
76561198128184330,0,0.010876545682549477,6,0.9754065326410322
76561199205846644,0,0.011691863648593426,6,0.9754065326410322
76561198198070030,0,0.6858881115913391,6,0.9754065326410322
76561198270990207,0,0.0046383533626794815,6,0.9754065326410322
76561199754554574,0,0.004532302729785442,6,0.9754065326410322
76561198829011516,0,0.00354451360180974,6,0.9754065326410322
76561198038660048,0,0.007876161485910416,6,0.9754065326410322
76561198032588205,0,0.6308352947235107,6,0.9754065326410322
76561198295469362,1,0.6942800283432007,6,0.9754065326410322
76561198159532454,0,0.0052661900408566,6,0.9754065326410322
76561198811732191,0,0.010361279360949993,6,0.9754065326410322
76561198084146617,0,0.33582785725593567,6,0.9754065326410322
76561197970647886,0,0.7919259667396545,6,0.9754065326410322
76561198991218636,0,0.004235698375850916,6,0.9754065326410322
76561198006480195,0,0.008454928174614906,6,0.9754065326410322
76561198134917440,0,0.0048454925417900085,6,0.9754065326410322
76561198066482843,0,0.005227267276495695,6,0.9754065326410322
76561198795641781,0,0.02438872493803501,6,0.9754065326410322
76561198333441658,0,0.9330083131790161,6,0.9754065326410322
76561198038087976,0,0.0054715159349143505,6,0.9754065326410322
76561198305060382,0,0.864417552947998,6,0.9754065326410322
76561198079698807,0,0.5846796035766602,6,0.9754065326410322
76561198236611100,0,0.9727046489715576,6,0.9754065326410322
76561198098805794,0,0.00482998276129365,6,0.9754065326410322
76561198799862524,0,0.3876875340938568,6,0.9754065326410322
76561198988557239,0,0.04700852930545807,6,0.9754065326410322
76561199049414965,0,0.437427282333374,6,0.9754065326410322
76561199554751860,0,0.003182250540703535,6,0.9754065326410322
76561198134437635,0,0.08878383785486221,6,0.9754065326410322
76561198074537772,0,0.006034143269062042,6,0.9754065326410322
76561198055412391,0,0.00728693138808012,6,0.9754065326410322
76561198073418557,0,0.004111688584089279,6,0.9754065326410322
76561198866634295,0,0.00530928373336792,6,0.9754065326410322
76561198175768094,0,0.014359324239194393,6,0.9754065326410322
76561198012171827,0,0.009521239437162876,6,0.9754065326410322
76561199037611982,0,0.006358775310218334,6,0.9754065326410322
76561199186399574,0,0.00530928373336792,6,0.9754065326410322
76561199184690891,0,0.0457971952855587,6,0.9754065326410322
76561198321421934,0,0.004108895547688007,6,0.9754065326410322
76561199647179345,0,0.0071278782561421394,6,0.9754065326410322
76561197986669404,0,0.8575728535652161,6,0.9754065326410322
76561198169007905,0,0.32418501377105713,6,0.9754065326410322
76561199528606932,0,0.004067357163876295,6,0.9754065326410322
76561198848014856,0,0.010594857856631279,6,0.9754065326410322
76561198328190135,0,0.008883967995643616,6,0.9754065326410322
76561198983564627,0,0.019441116601228714,6,0.9754065326410322
76561199165320833,0,0.00450181495398283,6,0.9754065326410322
76561198003790655,0,0.01670186221599579,6,0.9754065326410322
76561198858129177,0,0.007414666935801506,6,0.9754065326410322
76561198164180613,0,0.011934180743992329,6,0.9754065326410322
76561198113252660,0,0.003754529170691967,6,0.9754065326410322
76561198842891139,0,0.07515247911214828,6,0.9754065326410322
76561199384028492,0,0.0035821774508804083,6,0.9754065326410322
76561199248949822,0,0.963784396648407,6,0.9754065326410322
76561198255010454,0,0.00706874392926693,6,0.9754065326410322
76561198868604451,0,0.009283306077122688,6,0.9754065326410322
76561198069785802,0,0.004624621476978064,6,0.9754065326410322
76561198011017172,1,0.9750838279724121,6,0.9754065326410322
76561198148809211,0,0.004524665419012308,6,0.9754065326410322
76561198908354733,0,0.014335156418383121,6,0.9754065326410322
76561197998457467,0,0.00404336815699935,6,0.9754065326410322
76561199586818450,0,0.18259696662425995,6,0.9754065326410322
76561198168619957,0,0.003935736138373613,6,0.9754065326410322
76561199158770095,0,0.03905763104557991,6,0.9754065326410322
76561198050101155,0,0.006134395487606525,6,0.9754065326410322
76561199077159890,0,0.0038801541086286306,6,0.9754065326410322
76561198155154317,0,0.0037060342729091644,6,0.9754065326410322
76561198274782939,0,0.27523282170295715,6,0.9754065326410322
76561198286649868,0,0.010691932402551174,6,0.9754065326410322
76561199657050037,0,0.0038392890710383654,6,0.9754065326410322
76561198335083175,0,0.0041654943488538265,6,0.9754065326410322
76561198848837605,0,0.21879543364048004,6,0.9754065326410322
76561198972480724,0,0.20638950169086456,6,0.9754065326410322
76561198061413889,0,0.008050103671848774,6,0.9754065326410322
76561198061962911,0,0.975918710231781,6,0.9754065326410322
76561198398502210,0,0.005039392504841089,6,0.9754065326410322
76561198346462970,0,0.7823336124420166,6,0.9754065326410322
76561199428860062,0,0.009694759733974934,6,0.9754065326410322
76561199191869932,0,0.03784411400556564,6,0.9754065326410322
76561198895009819,0,0.9834910035133362,6,0.9754065326410322
76561198405408904,0,0.005147248040884733,6,0.9754065326410322
76561198164123918,0,0.47519609332084656,6,0.9754065326410322
76561198218871140,0,0.03357616439461708,6,0.9754065326410322
76561198809516603,1,0.9862889051437378,6,0.9754065326410322
76561198059271665,0,0.014034847728908062,6,0.9754065326410322
76561198408616464,1,0.9688620567321777,6,0.9754065326410322
76561198960312756,0,0.9668393135070801,6,0.9754065326410322
76561198880104215,0,0.008630112744867802,6,0.9754065326410322
76561199472855320,0,0.11141517013311386,6,0.9754065326410322
76561197971002847,0,0.003749174764379859,6,0.9754065326410322
76561199299721915,0,0.01350390911102295,6,0.9754065326410322
76561198009095270,0,0.4056376814842224,6,0.9754065326410322
76561198193864626,0,0.259599506855011,6,0.9754065326410322
76561198243311288,1,0.2906895875930786,6,0.9754065326410322
76561198271591610,0,0.005150115583091974,6,0.9754065326410322
76561198086490319,0,0.9645652770996094,6,0.9754065326410322
76561198390923788,0,0.00998612493276596,6,0.9754065326410322
76561198258623372,0,0.9868649840354919,6,0.9754065326410322
76561198049112828,0,0.9808440804481506,6,0.9754065326410322
76561198029079444,0,0.4035537838935852,6,0.9754065326410322
76561198079531501,0,0.8794560432434082,6,0.9754065326410322
76561198303365525,0,0.004674624186009169,6,0.9754065326410322
76561198076575206,0,0.005196768790483475,6,0.9754065326410322
76561199080613567,0,0.008832722902297974,6,0.9754065326410322
76561198134081481,0,0.05010282248258591,6,0.9754065326410322
76561197989451570,0,0.17777295410633087,6,0.9754065326410322
76561198411565132,0,0.1842580884695053,6,0.9754065326410322
76561198115060852,0,0.008300000801682472,6,0.9754065326410322
76561198062355197,0,0.013113308697938919,6,0.9754065326410322
76561199022516472,0,0.9855570197105408,6,0.9754065326410322
76561199052887970,0,0.00530928373336792,6,0.9754065326410322
76561198204222565,0,0.04965266212821007,6,0.9754065326410322
76561198339615036,0,0.009319953620433807,6,0.9754065326410322
76561199167433546,0,0.005361118819564581,6,0.9754065326410322
76561197978006610,0,0.8369802832603455,6,0.9754065326410322
76561198001892697,0,0.004755781963467598,6,0.9754065326410322
76561198007530311,0,0.11329718679189682,6,0.9754065326410322
76561198369483775,0,0.007139989640563726,6,0.9754065326410322
76561197989672751,0,0.009026910178363323,6,0.9754065326410322
76561198052227541,0,0.004491861443966627,6,0.9754065326410322
76561199476179765,0,0.8135705590248108,6,0.9754065326410322
76561198264122687,0,0.01748019829392433,6,0.9754065326410322
76561198248838012,0,0.004194451030343771,6,0.9754065326410322
76561198160615254,1,0.994020402431488,6,0.9754065326410322
76561198408704630,0,0.0108643164858222,6,0.9754065326410322
76561198061039855,0,0.7604804635047913,6,0.9754065326410322
76561198135686113,0,0.009945250116288662,6,0.9754065326410322
76561198172432943,0,0.0034400990698486567,6,0.9754065326410322
76561198331838794,1,0.9593779444694519,6,0.9754065326410322
76561198122603931,0,0.9461513161659241,6,0.9754065326410322
76561198826744507,0,0.005796659272164106,6,0.9754065326410322
76561199231108270,0,0.16850997507572174,6,0.9754065326410322
76561199191461538,0,0.004420230630785227,6,0.9754065326410322
76561198157729509,0,0.005694594234228134,6,0.9754065326410322
76561198964662166,0,0.00560039421543479,6,0.9754065326410322
76561198815352248,0,0.07967422902584076,6,0.9754065326410322
76561198028412674,0,0.004354426171630621,6,0.9754065326410322
76561198219590512,1,0.9928334951400757,6,0.9754065326410322
76561198963517363,1,0.993341863155365,6,0.9754065326410322
76561198876342180,0,0.010860578157007694,6,0.9754065326410322
76561199438010956,0,0.004481550771743059,6,0.9754065326410322
76561199205992017,0,0.008021307177841663,6,0.9754065326410322
76561198154959907,0,0.00988452136516571,6,0.9754065326410322
76561198411690247,0,0.010351208038628101,6,0.9754065326410322
76561198881216489,0,0.005689471960067749,6,0.9754065326410322
76561198095047094,0,0.003751017153263092,6,0.9754065326410322
76561198293711636,0,0.005097951274365187,6,0.9754065326410322
76561198319503796,0,0.007058379240334034,6,0.9754065326410322
76561198035018818,0,0.004937912803143263,6,0.9754065326410322
76561198339243094,0,0.005176438484340906,6,0.9754065326410322
76561198867260518,0,0.8566840291023254,6,0.9754065326410322
76561198125982338,0,0.003704092465341091,6,0.9754065326410322
76561198390033174,0,0.004149142652750015,6,0.9754065326410322
76561198053047552,0,0.004122519865632057,6,0.9754065326410322
76561198026077794,0,0.02889915741980076,6,0.9754065326410322
76561198009428347,0,0.010419989936053753,6,0.9754065326410322
76561199362739655,0,0.0033852208871394396,6,0.9754065326410322
76561198025873629,0,0.7356844544410706,6,0.9754065326410322
76561198849973317,0,0.02310951240360737,6,0.9754065326410322
76561199129073577,0,0.004132402129471302,6,0.9754065326410322
76561198799977133,0,0.005453801713883877,6,0.9754065326410322
76561198027851362,0,0.0320107638835907,6,0.9754065326410322
76561199243089354,0,0.004807906690984964,6,0.9754065326410322
76561198351498806,0,0.0034467948134988546,6,0.9754065326410322
76561198084047896,0,0.009924111887812614,6,0.9754065326410322
76561198141053287,0,0.022095443680882454,6,0.9754065326410322
76561198070042978,0,0.36066800355911255,6,0.9754065326410322
76561198122327308,0,0.012325449846684933,6,0.9754065326410322
76561198406728061,0,0.004429544787853956,6,0.9754065326410322
76561198832949783,0,0.06404780596494675,6,0.9754065326410322
76561198950919121,0,0.011769026517868042,6,0.9754065326410322
76561199091668561,0,0.010130037553608418,6,0.9754065326410322
76561198875638777,0,0.010110476985573769,6,0.9754065326410322
76561198024888609,0,0.005818105768412352,6,0.9754065326410322
76561197988494310,0,0.08259337395429611,6,0.9754065326410322
76561198385763632,0,0.00514550507068634,6,0.9754065326410322
76561198202905241,0,0.9844250679016113,6,0.9754065326410322
76561198395344121,0,0.22115324437618256,6,0.9754065326410322
76561198066981988,0,0.4720306992530823,6,0.9754065326410322
76561198007449124,1,0.990990161895752,6,0.9754065326410322
76561199213000219,0,0.048936858773231506,6,0.9754065326410322
76561199170012291,0,0.21709851920604706,6,0.9754065326410322
76561198132384214,0,0.836694598197937,6,0.9754065326410322
76561198172069534,0,0.006714222487062216,6,0.9754065326410322
76561198392539211,0,0.003865365870296955,6,0.9754065326410322
76561198435111705,0,0.01078199315816164,6,0.9754065326410322
76561198206163692,1,0.9739038944244385,6,0.9754065326410322
76561198437224826,0,0.9067844748497009,6,0.9754065326410322
76561199070779074,0,0.024173574522137642,6,0.9754065326410322
76561199107189489,0,0.514350414276123,6,0.9754065326410322
76561198966289854,0,0.009781529195606709,6,0.9754065326410322
76561198074036286,0,0.2526209056377411,6,0.9754065326410322
76561198958885439,0,0.9810642004013062,6,0.9754065326410322
76561199251026437,0,0.0050398376770317554,6,0.9754065326410322
76561198003008810,0,0.0037544078659266233,6,0.9754065326410322
76561198110910980,0,0.005863480735570192,6,0.9754065326410322
76561198022928875,0,0.6632197499275208,6,0.9754065326410322
76561198023170934,0,0.004472450818866491,6,0.9754065326410322
76561199118083042,0,0.004830780904740095,6,0.9754065326410322
76561198333714291,0,0.009019640274345875,6,0.9754065326410322
76561199079050688,0,0.13621096312999725,6,0.9754065326410322
76561198266006104,0,0.012295510619878769,6,0.9754065326410322
76561198334167385,0,0.004437627736479044,6,0.9754065326410322
76561199593615996,0,0.00892436970025301,6,0.9754065326410322
76561198031416908,0,0.1134110540151596,6,0.9754065326410322
76561198124174680,0,0.004869787488132715,6,0.9754065326410322
76561199137137289,0,0.005327045917510986,6,0.9754065326410322
76561199184065566,0,0.09108628332614899,6,0.9754065326410322
76561198343292854,0,0.5174813270568848,6,0.9754065326410322
76561199144644135,0,0.01226059440523386,6,0.9754065326410322
76561199348754644,0,0.003835985902696848,6,0.9754065326410322
76561197975606269,0,0.02581721916794777,6,0.9754065326410322
76561199370408112,0,0.4806898832321167,6,0.9754065326410322
76561199688299869,0,0.004152389243245125,6,0.9754065326410322
76561199039725900,0,0.004647748079150915,6,0.9754065326410322
76561198209407368,0,0.003182250540703535,6,0.9754065326410322
76561198303067417,0,0.11445336043834686,6,0.9754065326410322
76561199046025604,0,0.039178382605314255,6,0.9754065326410322
76561198187217210,0,0.006726413499563932,6,0.9754065326410322
76561198100062045,0,0.9747013449668884,6,0.9754065326410322
76561198069350049,0,0.004165255464613438,6,0.9754065326410322
76561198134989122,0,0.9776127934455872,6,0.9754065326410322
76561198868514388,0,0.00957198441028595,6,0.9754065326410322
76561199079990128,0,0.0035454235039651394,6,0.9754065326410322
76561199294835129,0,0.008237920701503754,6,0.9754065326410322
76561199683108120,0,0.005097815301269293,6,0.9754065326410322
76561199116075597,0,0.008608593605458736,6,0.9754065326410322
76561198025383950,0,0.0037459738086909056,6,0.9754065326410322
76561198014639951,0,0.1780482977628708,6,0.9754065326410322
76561198886266711,0,0.007637470029294491,6,0.9754065326410322
76561197991026745,0,0.006620408035814762,6,0.9754065326410322
76561199000207238,0,0.005620249081403017,6,0.9754065326410322
76561198160667849,0,0.005098511930555105,6,0.9754065326410322
76561198169648560,0,0.008012872189283371,6,0.9754065326410322
76561199249461000,0,0.018709205090999603,6,0.9754065326410322
76561199070614352,0,0.007130841724574566,6,0.9754065326410322
76561198069439172,0,0.018170559778809547,6,0.9754065326410322
76561199325943343,0,0.008734515868127346,6,0.9754065326410322
76561198032119510,0,0.008823336102068424,6,0.9754065326410322
76561199036465241,0,0.0041130357421934605,6,0.9754065326410322
76561198232036160,0,0.004852901678532362,6,0.9754065326410322
76561198029533173,0,0.006597689352929592,6,0.9754065326410322
76561199208151686,0,0.012785619124770164,6,0.9754065326410322
76561199001531518,0,0.007239060010761023,6,0.9754065326410322
76561198274782094,0,0.00907893106341362,6,0.9754065326410322
76561198013828472,0,0.004523943644016981,6,0.9754065326410322
76561198204552696,0,0.9856742024421692,6,0.9754065326410322
76561199234401728,0,0.07725580036640167,6,0.9754065326410322
76561198983020218,0,0.005873785354197025,6,0.9754065326410322
76561198996471889,0,0.009109998121857643,6,0.9754065326410322
76561198964991538,0,0.004107789136469364,6,0.9754065326410322
76561198978764308,0,0.0036180256865918636,6,0.9754065326410322
76561198003521783,0,0.006917353719472885,6,0.9754065326410322
76561198405265322,0,0.0045429402962327,6,0.9754065326410322
76561198846327396,0,0.14353612065315247,6,0.9754065326410322
76561199768893755,0,0.00881035067141056,6,0.9754065326410322
76561198849243015,0,0.0052971141412854195,6,0.9754065326410322
76561199060272348,0,0.0072773899883031845,6,0.9754065326410322
76561198386199084,0,0.011050705797970295,6,0.9754065326410322
76561199813178658,0,0.9923068881034851,6,0.9754065326410322
76561199711445699,0,0.0038801541086286306,6,0.9754065326410322
76561198019577211,0,0.0069900695234537125,6,0.9754065326410322
76561199188788792,0,0.0038801541086286306,6,0.9754065326410322
76561197971874350,0,0.12190773338079453,6,0.9754065326410322
76561199102093012,0,0.005589399952441454,6,0.9754065326410322
76561198049843044,0,0.014186843298375607,6,0.9754065326410322
76561198068721290,0,0.006761657074093819,6,0.9754065326410322
76561198061070748,0,0.005502110347151756,6,0.9754065326410322
76561198073604254,0,0.005456538870930672,6,0.9754065326410322
76561198382686704,0,0.013370940461754799,6,0.9754065326410322
76561198357907743,0,0.0446443073451519,6,0.9754065326410322
76561198091207699,0,0.00771291134878993,6,0.9754065326410322
76561198358726545,0,0.007871036417782307,6,0.9754065326410322
76561198395039338,0,0.9901069402694702,6,0.9754065326410322
76561197960783033,1,0.9943038821220398,6,0.9754065326410322
76561198879300641,0,0.011229959316551685,6,0.9754065326410322
76561197989817066,0,0.36307665705680847,6,0.9754065326410322
76561198128999880,0,0.4077170789241791,6,0.9754065326410322
76561198032076556,0,0.006346320267766714,6,0.9754065326410322
76561199002005885,0,0.008047212846577168,6,0.9754065326410322
76561199212107701,0,0.006202147342264652,6,0.9754065326410322
76561199285775965,0,0.029221560806035995,6,0.9754065326410322
76561198019022506,0,0.0044989073649048805,6,0.9754065326410322
76561198023713978,0,0.021457426249980927,6,0.9754065326410322
76561198141938200,0,0.005310573149472475,6,0.9754065326410322
76561198373028665,0,0.0033526248298585415,6,0.9754065326410322
76561199533539665,0,0.015729185193777084,6,0.9754065326410322
76561198318168277,0,0.9862332344055176,6,0.9754065326410322
76561199226761764,0,0.010686516761779785,6,0.9754065326410322
76561199229847459,0,0.2905116081237793,6,0.9754065326410322
76561198032782682,0,0.9879070520401001,6,0.9754065326410322
76561199076051865,0,0.014480630867183208,6,0.9754065326410322
76561198406092820,0,0.026275934651494026,6,0.9754065326410322
76561197982472871,0,0.7823253273963928,6,0.9754065326410322
76561198014044395,0,0.173135444521904,6,0.9754065326410322
76561198860696769,0,0.004397228825837374,6,0.9754065326410322
76561197971133232,0,0.009021712467074394,6,0.9754065326410322
76561198144064480,0,0.08299842476844788,6,0.9754065326410322
76561198354276626,0,0.010454494506120682,6,0.9754065326410322
76561198066556716,0,0.0037254146300256252,6,0.9754065326410322
76561198976362790,0,0.46230629086494446,6,0.9754065326410322
76561198027984052,0,0.004247036296874285,6,0.9754065326410322
76561199129845444,0,0.059226084500551224,6,0.9754065326410322
76561198397147380,0,0.0049776905216276646,6,0.9754065326410322
76561198263104089,0,0.7763864398002625,6,0.9754065326410322
76561199068939328,0,0.00461637694388628,6,0.9754065326410322
76561198043334823,0,0.8183337450027466,6,0.9754065326410322
76561199011289111,0,0.565758228302002,6,0.9754065326410322
76561198332849203,0,0.023666642606258392,6,0.9754065326410322
76561198158491802,0,0.15710997581481934,6,0.9754065326410322
76561198091202151,0,0.010865126736462116,6,0.9754065326410322
76561198881437984,0,0.01262318342924118,6,0.9754065326410322
76561199075345753,0,0.0052450597286224365,6,0.9754065326410322
76561199155558298,0,0.00530928373336792,6,0.9754065326410322
76561198815515240,0,0.018369732424616814,6,0.9754065326410322
76561198296559799,0,0.141765296459198,6,0.9754065326410322
76561199006672054,0,0.9136708974838257,6,0.9754065326410322
76561199065355525,0,0.005097951274365187,6,0.9754065326410322
76561198013303360,0,0.00715850293636322,6,0.9754065326410322
76561198003429366,0,0.23952537775039673,6,0.9754065326410322
76561198016250255,0,0.007433510851114988,6,0.9754065326410322
76561198050022347,0,0.06955239176750183,6,0.9754065326410322
76561198079901654,0,0.10160602629184723,6,0.9754065326410322
76561198447366618,0,0.038068100810050964,6,0.9754065326410322
76561198440800070,0,0.004186728969216347,6,0.9754065326410322
76561199184945432,0,0.007476517930626869,6,0.9754065326410322
76561198894211683,0,0.03961196914315224,6,0.9754065326410322
76561198035179516,0,0.004760904237627983,6,0.9754065326410322
76561198084629224,0,0.004035876132547855,6,0.9754065326410322
76561199083162846,0,0.004584921523928642,6,0.9754065326410322
76561198002770679,0,0.005738943349570036,6,0.9754065326410322
76561199245373192,0,0.004781759809702635,6,0.9754065326410322
76561199390716056,0,0.010811766609549522,6,0.9754065326410322
76561198827244886,0,0.2388542890548706,6,0.9754065326410322
76561198091270891,0,0.005284124985337257,6,0.9754065326410322
76561199127336113,0,0.012569006532430649,6,0.9754065326410322
76561198056271704,0,0.00537358270958066,6,0.9754065326410322
76561199102117210,0,0.003951702266931534,6,0.9754065326410322
76561198132992077,0,0.008237920701503754,6,0.9754065326410322
76561198394056742,0,0.6201749444007874,6,0.9754065326410322
76561199083043911,0,0.004688461776822805,6,0.9754065326410322
76561199086424654,0,0.0035915677435696125,6,0.9754065326410322
76561198416956776,0,0.012198873795568943,6,0.9754065326410322
76561198082203979,0,0.010077339597046375,6,0.9754065326410322
76561198081309736,0,0.00397543516010046,6,0.9754065326410322
76561198407657590,0,0.013596538454294205,6,0.9754065326410322
76561198202123094,0,0.005048531573265791,6,0.9754065326410322
76561198096831663,0,0.006378017365932465,6,0.9754065326410322
76561199587970893,0,0.005110986530780792,6,0.9754065326410322
76561197979061639,0,0.07717563211917877,6,0.9754065326410322
76561198127601722,0,0.0038801541086286306,6,0.9754065326410322
76561198267553418,0,0.003586953040212393,6,0.9754065326410322
76561199181313981,0,0.005909612402319908,6,0.9754065326410322
76561198353892159,0,0.004317831248044968,6,0.9754065326410322
76561198156434221,0,0.4868030548095703,6,0.9754065326410322
76561198119361827,0,0.004666511435061693,6,0.9754065326410322
76561198825124342,0,0.007143042515963316,6,0.9754065326410322
76561199037446394,0,0.00372112519107759,6,0.9754065326410322
76561198197508799,0,0.004034050274640322,6,0.9754065326410322
76561198350271961,0,0.012030521407723427,6,0.9754065326410322
76561198060930768,0,0.961961030960083,6,0.9754065326410322
76561198043213232,0,0.0052087134681642056,6,0.9754065326410322
76561199089459359,0,0.00404336815699935,6,0.9754065326410322
76561198066882432,0,0.1938873827457428,6,0.9754065326410322
76561198123689319,0,0.007975893095135689,6,0.9754065326410322
76561198153765723,0,0.007103715557605028,6,0.9754065326410322
76561198010990071,0,0.0035121238324791193,6,0.9754065326410322
76561199222087642,0,0.003501767525449395,6,0.9754065326410322
76561198236995838,0,0.004333699122071266,6,0.9754065326410322
76561198084325644,0,0.0042211925610899925,6,0.9754065326410322
76561198046260116,0,0.08511391282081604,6,0.9754065326410322
76561197981503951,0,0.36137521266937256,6,0.9754065326410322
76561198845715197,0,0.0040870667435228825,6,0.9754065326410322
76561199140484223,1,0.990329384803772,6,0.9754065326410322
76561198850322939,1,0.9913227558135986,6,0.9754065326410322
76561198348574823,0,0.0042602065950632095,6,0.9754065326410322
76561198002674660,0,0.005457848310470581,6,0.9754065326410322
76561198129183603,1,0.988193690776825,6,0.9754065326410322
76561198106530165,0,0.5883580446243286,6,0.9754065326410322
76561198017607943,0,0.0050232065841555595,6,0.9754065326410322
76561199197966765,0,0.02921365760266781,6,0.9754065326410322
76561198088537658,0,0.87531578540802,6,0.9754065326410322
76561197970017682,0,0.027614204213023186,6,0.9754065326410322
76561198341823032,0,0.0076195294968783855,6,0.9754065326410322
76561199489610781,1,0.9935213923454285,6,0.9754065326410322
76561198060967067,0,0.005005998071283102,6,0.9754065326410322
76561198120381372,0,0.004030170850455761,6,0.9754065326410322
76561198843800063,0,0.3455316722393036,6,0.9754065326410322
76561198031164145,0,0.27983972430229187,6,0.9754065326410322
76561198058336485,0,0.004288214258849621,6,0.9754065326410322
76561199177817928,0,0.43276774883270264,6,0.9754065326410322
76561198101447128,0,0.1749456822872162,6,0.9754065326410322
76561198807437590,0,0.03268178552389145,6,0.9754065326410322
76561198022766516,0,0.006012320518493652,6,0.9754065326410322
76561198135778760,0,0.0360497422516346,6,0.9754065326410322
76561199228855690,0,0.005576476454734802,6,0.9754065326410322
76561199201477118,0,0.047633539885282516,6,0.9754065326410322
76561197976074911,1,0.9879844188690186,6,0.9754065326410322
76561198064987215,0,0.24039988219738007,6,0.9754065326410322
76561198995833994,0,0.3743675649166107,6,0.9754065326410322
76561198066275407,0,0.004390732850879431,6,0.9754065326410322
76561199222920470,0,0.008728188462555408,6,0.9754065326410322
76561199081953493,0,0.005290844012051821,6,0.9754065326410322
76561198166646113,0,0.021237947046756744,6,0.9754065326410322
76561198066392732,0,0.08176793158054352,6,0.9754065326410322
76561197972257408,0,0.11220833659172058,6,0.9754065326410322
76561198140041782,0,0.0036955385003238916,6,0.9754065326410322
76561198086182611,0,0.013509366661310196,6,0.9754065326410322
76561198348176937,0,0.8873029351234436,6,0.9754065326410322
76561199775033048,0,0.44454818964004517,6,0.9754065326410322
76561198258587680,0,0.0042555625550448895,6,0.9754065326410322
76561199214051150,0,0.006423010025173426,6,0.9754065326410322
76561198294501379,0,0.32288655638694763,6,0.9754065326410322
76561198307072693,0,0.9899625182151794,6,0.9754065326410322
76561198339808184,0,0.005768931470811367,6,0.9754065326410322
76561198081114590,0,0.35213449597358704,6,0.9754065326410322
76561199062222980,0,0.006362138781696558,6,0.9754065326410322
76561198974101164,0,0.0038801541086286306,6,0.9754065326410322
76561198057424669,0,0.010415969416499138,6,0.9754065326410322
76561198152934692,0,0.00530928373336792,6,0.9754065326410322
76561198079289523,0,0.004881698172539473,6,0.9754065326410322
76561198344125804,0,0.005871210712939501,6,0.9754065326410322
76561199172594352,0,0.850881814956665,6,0.9754065326410322
76561198087694660,0,0.00393288629129529,6,0.9754065326410322
76561198071911557,1,0.9819190502166748,6,0.9754065326410322
76561199066449777,0,0.012532285414636135,6,0.9754065326410322
76561198015101833,0,0.03108419105410576,6,0.9754065326410322
76561198047621603,0,0.9729716181755066,6,0.9754065326410322
76561198179396478,0,0.004766198340803385,6,0.9754065326410322
76561198151734443,0,0.0058381338603794575,6,0.9754065326410322
76561198068254259,0,0.003593604313209653,6,0.9754065326410322
76561199218353959,0,0.008115367963910103,6,0.9754065326410322
76561199254660467,0,0.0041127330623567104,6,0.9754065326410322
76561199063384338,0,0.003935736138373613,6,0.9754065326410322
76561198273435676,0,0.0032092335168272257,6,0.9754065326410322
76561199118516338,0,0.0038801541086286306,6,0.9754065326410322
76561199196184455,0,0.017996327951550484,6,0.9754065326410322
76561198360465539,0,0.0033708885312080383,6,0.9754065326410322
76561199323556018,0,0.008593801409006119,6,0.9754065326410322
76561198860772533,0,0.003968994133174419,6,0.9754065326410322
76561198027424357,0,0.005037504248321056,6,0.9754065326410322
76561199390891699,1,0.7780749201774597,6,0.9754065326410322
76561198256532295,0,0.005706459283828735,6,0.9754065326410322
76561198994728957,0,0.004983324091881514,6,0.9754065326410322
76561198320692713,0,0.12011200934648514,6,0.9754065326410322
76561199226447629,0,0.0038336799480021,6,0.9754065326410322
76561198375293004,0,0.01067774835973978,6,0.9754065326410322
76561198008375568,0,0.019918793812394142,6,0.9754065326410322
76561198250404314,0,0.00935129914432764,6,0.9754065326410322
76561199086736794,0,0.9526653289794922,6,0.9754065326410322
76561199012246276,0,0.003825617488473654,6,0.9754065326410322
76561198166918423,0,0.15915930271148682,6,0.9754065326410322
76561199105885837,0,0.0036809388548135757,6,0.9754065326410322
76561198061959719,0,0.021647600457072258,6,0.9754065326410322
76561198091247135,0,0.005755256395787001,6,0.9754065326410322
76561199389896912,0,0.010936393402516842,6,0.9754065326410322
76561199671765463,0,0.00432000495493412,6,0.9754065326410322
76561199387857576,0,0.004506210330873728,6,0.9754065326410322
76561198133835317,0,0.008948229253292084,6,0.9754065326410322
76561198442729389,0,0.006779147777706385,6,0.9754065326410322
76561199019927895,0,0.005387543234974146,6,0.9754065326410322
76561199174566271,0,0.009011444635689259,6,0.9754065326410322
76561198283362843,0,0.005321864038705826,6,0.9754065326410322
76561199627764980,0,0.051531556993722916,6,0.9754065326410322
76561197980696000,0,0.015060867182910442,6,0.9754065326410322
76561198244676486,0,0.004253031685948372,6,0.9754065326410322
76561198002364499,0,0.007896988652646542,6,0.9754065326410322
76561198298722924,0,0.00404336815699935,6,0.9754065326410322
76561198121596179,0,0.0038801541086286306,6,0.9754065326410322
76561198350142926,0,0.00983403343707323,6,0.9754065326410322
76561198007706245,0,0.506191611289978,6,0.9754065326410322
76561198252347908,0,0.9859340786933899,6,0.9754065326410322
76561198042011440,0,0.98699551820755,6,0.9754065326410322
76561198365353765,0,0.003756999969482422,6,0.9754065326410322
76561199305114761,0,0.038494773209095,6,0.9754065326410322
76561198362374942,0,0.0076418230310082436,6,0.9754065326410322
76561198321066191,0,0.013626141473650932,6,0.9754065326410322
76561198452893130,0,0.008397327736020088,6,0.9754065326410322
76561198576084432,0,0.015169673599302769,6,0.9754065326410322
76561199099137681,0,0.9910365343093872,6,0.9754065326410322
76561198087974857,0,0.010339236818253994,6,0.9754065326410322
76561198079951371,0,0.0037360822316259146,6,0.9754065326410322
76561198262226537,0,0.004205727484077215,6,0.9754065326410322
76561197982585353,0,0.9131614565849304,6,0.9754065326410322
76561198324959177,0,0.005323919467628002,6,0.9754065326410322
76561197966522568,0,0.9459398984909058,6,0.9754065326410322
76561199054776237,0,0.0037340058479458094,6,0.9754065326410322
76561198981679706,0,0.03653060272336006,6,0.9754065326410322
76561198114847909,0,0.2609034776687622,6,0.9754065326410322
76561198009584446,0,0.0055121383629739285,6,0.9754065326410322
76561198010427682,0,0.011912249028682709,6,0.9754065326410322
76561197997797341,0,0.011201678775250912,6,0.9754065326410322
76561199059166279,0,0.9538587927818298,6,0.9754065326410322
76561198981918947,0,0.006930881645530462,6,0.9754065326410322
76561197993887866,0,0.0067930519580841064,6,0.9754065326410322
76561199213877373,0,0.003306992817670107,6,0.9754065326410322
76561198134586551,0,0.0038801541086286306,6,0.9754065326410322
76561198013287833,0,0.004666418302804232,6,0.9754065326410322
76561198892031120,0,0.04483814164996147,6,0.9754065326410322
76561198106378374,0,0.004192133899778128,6,0.9754065326410322
76561198346379875,0,0.006847858428955078,6,0.9754065326410322
76561198012129449,0,0.16954120993614197,6,0.9754065326410322
76561198453405768,0,0.004165255464613438,6,0.9754065326410322
76561198005429274,0,0.1531345248222351,6,0.9754065326410322
76561197999478594,0,0.004782865755259991,6,0.9754065326410322
76561198988165047,0,0.9230135083198547,6,0.9754065326410322
76561198104364493,0,0.3567333519458771,6,0.9754065326410322
76561198027495910,0,0.0045900363475084305,6,0.9754065326410322
76561199225241503,0,0.004658922553062439,6,0.9754065326410322
76561198207009776,0,0.24016056954860687,6,0.9754065326410322
76561198028501835,0,0.07639116048812866,6,0.9754065326410322
76561198015610028,0,0.01878519356250763,6,0.9754065326410322
76561199107214513,0,0.04046858474612236,6,0.9754065326410322
76561198354689490,0,0.01008677203208208,6,0.9754065326410322
76561199417167524,0,0.007193229626864195,6,0.9754065326410322
76561198862049194,0,0.004288660362362862,6,0.9754065326410322
76561198184501455,0,0.0071273683570325375,6,0.9754065326410322
76561198076839290,0,0.09012774378061295,6,0.9754065326410322
76561198115181716,0,0.028910372406244278,6,0.9754065326410322
76561199411723771,0,0.007167266681790352,6,0.9754065326410322
76561198060062151,0,0.007469295524060726,6,0.9754065326410322
76561198113189959,0,0.0059227896854281425,6,0.9754065326410322
76561199116834795,0,0.006164138205349445,6,0.9754065326410322
76561199068921245,0,0.004139059688895941,6,0.9754065326410322
76561199473578795,1,0.9634162783622742,6,0.9754065326410322
76561199811558106,0,0.08791223913431168,6,0.9754065326410322
76561199044346093,1,0.9939898252487183,6,0.9754065326410322
76561199152559801,0,0.007327365688979626,6,0.9754065326410322
76561198818284014,0,0.015845628455281258,6,0.9754065326410322
76561198852558341,0,0.028570542111992836,6,0.9754065326410322
76561199090535395,0,0.005321152042597532,6,0.9754065326410322
76561199480136275,0,0.014474526979029179,6,0.9754065326410322
76561199235270543,0,0.010272945277392864,6,0.9754065326410322
76561198960596795,0,0.004176540765911341,6,0.9754065326410322
76561198084638372,0,0.010666077956557274,6,0.9754065326410322
76561199570707134,0,0.005445223767310381,6,0.9754065326410322
76561199108776469,0,0.006948782596737146,6,0.9754065326410322
76561198054610667,0,0.00571371940895915,6,0.9754065326410322
76561198090555272,0,0.005391822662204504,6,0.9754065326410322
76561199566833379,0,0.004530887585133314,6,0.9754065326410322
76561198087287981,0,0.005284804385155439,6,0.9754065326410322
76561197981027015,0,0.008157112635672092,6,0.9754065326410322
76561199565493338,0,0.263592928647995,6,0.9754065326410322
76561198012657377,1,0.9334863424301147,6,0.9754065326410322
76561198804958252,0,0.00530928373336792,6,0.9754065326410322
76561199171936052,0,0.005806208588182926,6,0.9754065326410322
76561198315796174,0,0.0044965483248233795,6,0.9754065326410322
76561198987892958,0,0.008199496194720268,6,0.9754065326410322
76561199267349859,0,0.019382629543542862,6,0.9754065326410322
76561199542446754,0,0.010254853405058384,6,0.9754065326410322
76561199120798214,0,0.013372136279940605,6,0.9754065326410322
76561198010689003,0,0.0033448233734816313,6,0.9754065326410322
76561198121314980,0,0.731510579586029,6,0.9754065326410322
76561198240550078,0,0.0038801541086286306,6,0.9754065326410322
76561198854077634,0,0.008679628372192383,6,0.9754065326410322
76561198329167069,0,0.003976696636527777,6,0.9754065326410322
76561199278084419,0,0.011167647317051888,6,0.9754065326410322
76561197995959668,0,0.023804083466529846,6,0.9754065326410322
76561198325406804,0,0.02137017250061035,6,0.9754065326410322
76561198044282669,0,0.0037341229617595673,6,0.9754065326410322
76561198120119853,0,0.003441600129008293,6,0.9754065326410322
76561198448475045,1,0.9934903383255005,6,0.9754065326410322
76561198194761214,0,0.004149091430008411,6,0.9754065326410322
76561198043975392,0,0.12079223245382309,6,0.9754065326410322
76561199389698515,0,0.057153720408678055,6,0.9754065326410322
76561198353966305,0,0.3371022641658783,6,0.9754065326410322
76561198045778717,0,0.01698257215321064,6,0.9754065326410322
76561198190009479,0,0.48919877409935,6,0.9754065326410322
76561198142445815,1,0.99132239818573,6,0.9754065326410322
76561198025731833,0,0.04443468153476715,6,0.9754065326410322
76561198048521068,0,0.8727924227714539,6,0.9754065326410322
76561198073691628,0,0.004307397175580263,6,0.9754065326410322
76561198170165874,0,0.012660609558224678,6,0.9754065326410322
76561198008244690,0,0.0039040055125951767,6,0.9754065326410322
76561198045159094,0,0.6318597793579102,6,0.9754065326410322
76561198828361775,0,0.006613217759877443,6,0.9754065326410322
76561198046662845,0,0.0033595836721360683,6,0.9754065326410322
76561199122116425,0,0.003743652254343033,6,0.9754065326410322
76561198006938437,0,0.007992417551577091,6,0.9754065326410322
76561198112893877,0,0.1778153032064438,6,0.9754065326410322
76561198051883625,0,0.46894294023513794,6,0.9754065326410322
76561198040854384,0,0.8752757906913757,6,0.9754065326410322
76561198091470748,0,0.928976833820343,6,0.9754065326410322
76561198281915127,0,0.015361243858933449,6,0.9754065326410322
76561198995932211,0,0.005227063782513142,6,0.9754065326410322
76561199805973886,0,0.007721755187958479,6,0.9754065326410322
76561199073247730,1,0.988469660282135,6,0.9754065326410322
76561198842747141,0,0.023664023727178574,6,0.9754065326410322
76561198080293855,0,0.004142258781939745,6,0.9754065326410322
76561198977992274,0,0.0034570356365293264,6,0.9754065326410322
76561198127945012,0,0.38790425658226013,6,0.9754065326410322
76561197971045149,0,0.007075708359479904,6,0.9754065326410322
76561198306779978,0,0.9883571267127991,6,0.9754065326410322
76561198449361626,0,0.010488982312381268,6,0.9754065326410322
76561198973113597,0,0.0038801541086286306,6,0.9754065326410322
76561198200726917,0,0.003800393780693412,6,0.9754065326410322
76561198405633206,0,0.249168261885643,6,0.9754065326410322
76561198374527900,0,0.00810148660093546,6,0.9754065326410322
76561198833377234,0,0.008734515868127346,6,0.9754065326410322
76561198796672602,1,0.6303520798683167,6,0.9754065326410322
76561199154646918,0,0.431810587644577,6,0.9754065326410322
76561198058383123,0,0.0037358212284743786,6,0.9754065326410322
76561198816990866,0,0.15212805569171906,6,0.9754065326410322
76561198822286538,0,0.0066702356562018394,6,0.9754065326410322
76561198109353283,0,0.13351041078567505,6,0.9754065326410322
76561198365163711,0,0.37476226687431335,6,0.9754065326410322
76561198283247765,0,0.011355840601027012,6,0.9754065326410322
76561198190195591,0,0.011671054176986217,6,0.9754065326410322
76561198000524215,0,0.0059778024442493916,6,0.9754065326410322
76561198977414595,0,0.0489298440515995,6,0.9754065326410322
76561199440799897,0,0.0068346597254276276,6,0.9754065326410322
76561198114802680,0,0.012839267030358315,6,0.9754065326410322
76561198995455514,0,0.02013055607676506,6,0.9754065326410322
76561198828981321,0,0.03884246200323105,6,0.9754065326410322
76561198186432277,0,0.010857273824512959,6,0.9754065326410322
76561199548114692,0,0.010851984843611717,6,0.9754065326410322
76561198089395133,0,0.0042809052392840385,6,0.9754065326410322
76561198043165200,0,0.00699368491768837,6,0.9754065326410322
76561199511254650,0,0.016574840992689133,6,0.9754065326410322
76561198064016768,0,0.00614269869402051,6,0.9754065326410322
76561198037862622,0,0.0054147373884916306,6,0.9754065326410322
76561198064235027,0,0.03997977450489998,6,0.9754065326410322
76561198421321932,1,0.9931595325469971,6,0.9754065326410322
76561199697109399,0,0.004306876100599766,6,0.9754065326410322
76561198809001914,0,0.00484777195379138,6,0.9754065326410322
76561198820763450,0,0.006962720770388842,6,0.9754065326410322
76561198048520371,0,0.8470578789710999,6,0.9754065326410322
76561198034904933,0,0.9923334121704102,6,0.9754065326410322
76561199042378746,0,0.02732905000448227,6,0.9754065326410322
76561199092120372,0,0.003515613730996847,6,0.9754065326410322
76561199226922062,0,0.006514590699225664,6,0.9754065326410322
76561198009796052,0,0.006237031426280737,6,0.9754065326410322
76561199284474679,0,0.4056263566017151,6,0.9754065326410322
76561199641684335,0,0.00530928373336792,6,0.9754065326410322
76561198069497640,0,0.004007220733910799,6,0.9754065326410322
76561198066576906,0,0.005195880774408579,6,0.9754065326410322
76561198119917632,0,0.08693400770425797,6,0.9754065326410322
76561198102334960,1,0.9871271848678589,6,0.9754065326410322
76561198257439064,0,0.008833358064293861,6,0.9754065326410322
76561198348143508,0,0.005620249081403017,6,0.9754065326410322
76561198128831945,0,0.08916039764881134,6,0.9754065326410322
76561198134702759,0,0.007103715557605028,6,0.9754065326410322
76561199128712811,0,0.014335156418383121,6,0.9754065326410322
76561199173761077,0,0.008014434948563576,6,0.9754065326410322
76561199040310774,0,0.00464614387601614,6,0.9754065326410322
76561199595698882,0,0.057316411286592484,6,0.9754065326410322
76561198212522556,0,0.009303536266088486,6,0.9754065326410322
76561198804950436,0,0.005589056294411421,6,0.9754065326410322
76561198261036596,0,0.03619667887687683,6,0.9754065326410322
76561198025057481,0,0.004222189076244831,6,0.9754065326410322
76561198120637541,0,0.0037738229148089886,6,0.9754065326410322
76561199126670879,0,0.029566513374447823,6,0.9754065326410322
76561197995935338,0,0.005504905246198177,6,0.9754065326410322
76561197985366834,0,0.02729833498597145,6,0.9754065326410322
76561198063182159,0,0.0073944199830293655,6,0.9754065326410322
76561198132385098,0,0.021246911957859993,6,0.9754065326410322
76561197981903604,0,0.011874133720993996,6,0.9754065326410322
76561198216825800,0,0.006389010697603226,6,0.9754065326410322
76561199065559060,0,0.004106228239834309,6,0.9754065326410322
76561199126128149,0,0.007403878960758448,6,0.9754065326410322
76561198452681915,0,0.004067117348313332,6,0.9754065326410322
76561197990993702,0,0.010189780034124851,6,0.9754065326410322
76561198061319375,1,0.98008131980896,6,0.9754065326410322
76561198931000240,0,0.1669801026582718,6,0.9754065326410322
76561198127156263,0,0.6989201903343201,6,0.9754065326410322
76561197994891453,0,0.5821274518966675,6,0.9754065326410322
76561198063885576,1,0.9096845388412476,6,0.9754065326410322
76561198078580732,0,0.6593726873397827,6,0.9754065326410322
76561199151838351,0,0.006459638476371765,6,0.9754065326410322
76561198104915675,0,0.004825863987207413,6,0.9754065326410322
76561198343011782,0,0.014565197750926018,6,0.9754065326410322
76561198060101915,0,0.007223429623991251,6,0.9754065326410322
76561198088586093,0,0.9910401701927185,6,0.9754065326410322
76561198330476232,0,0.7284690141677856,6,0.9754065326410322
76561198060715407,0,0.03308878466486931,6,0.9754065326410322
76561198034328368,0,0.8558120131492615,6,0.9754065326410322
76561198071444559,0,0.1830580085515976,6,0.9754065326410322
76561198014140848,0,0.0056624580174684525,6,0.9754065326410322
76561198275168509,0,0.047518786042928696,6,0.9754065326410322
76561198156998380,0,0.8414090275764465,6,0.9754065326410322
76561199122628436,0,0.011893820017576218,6,0.9754065326410322
76561199229841864,0,0.00410851277410984,6,0.9754065326410322
76561198871507019,0,0.4059853255748749,6,0.9754065326410322
76561198315937210,0,0.4940944314002991,6,0.9754065326410322
76561198107328181,0,0.20651011168956757,6,0.9754065326410322
76561198885493458,0,0.6479644179344177,6,0.9754065326410322
76561198129120114,0,0.004671929404139519,6,0.9754065326410322
76561199213095660,0,0.0038801541086286306,6,0.9754065326410322
76561198990624896,0,0.04046778008341789,6,0.9754065326410322
76561199026026955,1,0.9931119680404663,6,0.9754065326410322
76561198267392576,0,0.46955370903015137,6,0.9754065326410322
76561198013149938,0,0.007823813706636429,6,0.9754065326410322
76561198957707264,0,0.008236347697675228,6,0.9754065326410322
76561198966642971,0,0.0064101507887244225,6,0.9754065326410322
76561198049710995,0,0.004482495132833719,6,0.9754065326410322
76561198080566658,0,0.11190715432167053,6,0.9754065326410322
76561198798952698,0,0.005593369249254465,6,0.9754065326410322
76561199511230767,0,0.003935736138373613,6,0.9754065326410322
76561198336474861,0,0.32533419132232666,6,0.9754065326410322
76561198032075412,0,0.004185692872852087,6,0.9754065326410322
76561198074230786,0,0.004404027014970779,6,0.9754065326410322
76561198978172158,0,0.005713183432817459,6,0.9754065326410322
76561199003893908,0,0.009728696197271347,6,0.9754065326410322
76561199280756872,0,0.05032495781779289,6,0.9754065326410322
76561198325702268,0,0.026169683784246445,6,0.9754065326410322
76561198173367183,0,0.005151532590389252,6,0.9754065326410322
76561199021561814,0,0.00921702291816473,6,0.9754065326410322
76561198976151329,0,0.042953383177518845,6,0.9754065326410322
76561199143794340,0,0.003825617488473654,6,0.9754065326410322
76561199643068242,0,0.009371933527290821,6,0.9754065326410322
76561198367473906,0,0.022004254162311554,6,0.9754065326410322
76561198259364504,0,0.007649456150829792,6,0.9754065326410322
76561198150296793,0,0.24980831146240234,6,0.9754065326410322
76561198453792596,0,0.01218293234705925,6,0.9754065326410322
76561197988081047,0,0.5262854695320129,6,0.9754065326410322
76561198060505803,0,0.01574927754700184,6,0.9754065326410322
76561198038129249,0,0.005862130783498287,6,0.9754065326410322
76561198067694478,0,0.004635237157344818,6,0.9754065326410322
76561197970610151,0,0.005479948129504919,6,0.9754065326410322
76561199213851219,0,0.005254916846752167,6,0.9754065326410322
76561198283148166,0,0.0032296080607920885,6,0.9754065326410322
76561199105237595,0,0.005558302626013756,6,0.9754065326410322
76561197998305512,0,0.009954617358744144,6,0.9754065326410322
76561198006105226,0,0.003501767525449395,6,0.9754065326410322
76561198835670924,0,0.006409111898392439,6,0.9754065326410322
76561198081182123,0,0.007684734649956226,6,0.9754065326410322
76561198039402817,0,0.003401156049221754,6,0.9754065326410322
76561199354074263,0,0.0072552659548819065,6,0.9754065326410322
76561198067015390,0,0.004918522667139769,6,0.9754065326410322
76561199385308211,0,0.01217108964920044,6,0.9754065326410322
76561198179020101,0,0.004288145340979099,6,0.9754065326410322
76561198331543272,0,0.0042026047594845295,6,0.9754065326410322
76561198064819854,0,0.004676248412579298,6,0.9754065326410322
76561198338992934,0,0.0069583565928041935,6,0.9754065326410322
76561198342082361,0,0.006192978471517563,6,0.9754065326410322
76561198039623663,0,0.00818534754216671,6,0.9754065326410322
76561199032551392,0,0.010623102076351643,6,0.9754065326410322
76561198355091260,0,0.012454374693334103,6,0.9754065326410322
76561198720787556,0,0.004836271516978741,6,0.9754065326410322
76561198127579492,0,0.04115384817123413,6,0.9754065326410322
76561198852612589,0,0.004060572013258934,6,0.9754065326410322
76561198082168286,0,0.01630740612745285,6,0.9754065326410322
76561198070920358,0,0.00404336815699935,6,0.9754065326410322
76561199124660116,0,0.0038801541086286306,6,0.9754065326410322
76561199496700471,0,0.0038737936411052942,6,0.9754065326410322
76561198137848582,0,0.03766931593418121,6,0.9754065326410322
76561199214537606,0,0.005659403745085001,6,0.9754065326410322
76561198077736340,0,0.004472951404750347,6,0.9754065326410322
76561198811415513,0,0.005309051834046841,6,0.9754065326410322
76561199176642145,0,0.004002971109002829,6,0.9754065326410322
76561199098055299,0,0.0039076050743460655,6,0.9754065326410322
76561199051491862,0,0.04491201415657997,6,0.9754065326410322
76561198802571842,0,0.024243546649813652,6,0.9754065326410322
76561199188324038,0,0.022237202152609825,6,0.9754065326410322
76561199612929913,0,0.007853658869862556,6,0.9754065326410322
76561198925047920,0,0.168614000082016,6,0.9754065326410322
76561198854293601,0,0.006069997791200876,6,0.9754065326410322
76561198178156978,0,0.07352189719676971,6,0.9754065326410322
76561199084100287,0,0.008071491494774818,6,0.9754065326410322
76561199096629251,0,0.6780648827552795,6,0.9754065326410322
76561199239074801,1,0.985928475856781,6,0.9754065326410322
76561199500412791,0,0.008653245866298676,6,0.9754065326410322
76561198431059061,1,0.9456489682197571,6,0.9754065326410322
76561199247912201,0,0.006391929928213358,6,0.9754065326410322
76561198124869958,0,0.003653314197435975,6,0.9754065326410322
76561198065584247,0,0.5343063473701477,6,0.9754065326410322
76561199522822313,0,0.03693753480911255,6,0.9754065326410322
76561198064806910,0,0.003768727881833911,6,0.9754065326410322
76561198320428998,1,0.9749410152435303,6,0.9754065326410322
76561198017237289,0,0.09663911908864975,6,0.9754065326410322
76561198238849744,0,0.27273789048194885,6,0.9754065326410322
76561199526662838,0,0.03111393377184868,6,0.9754065326410322
76561198344229430,0,0.003501767525449395,6,0.9754065326410322
76561199576670992,0,0.0040191481821238995,6,0.9754065326410322
76561198044178008,0,0.39401841163635254,6,0.9754065326410322
76561199013798231,0,0.9521780014038086,6,0.9754065326410322
76561198082049224,0,0.9475213289260864,6,0.9754065326410322
76561199073263073,1,0.9869751930236816,6,0.9754065326410322
76561198047263714,0,0.23626531660556793,6,0.9754065326410322
76561199259276318,0,0.06787589937448502,6,0.9754065326410322
76561197994951319,0,0.9928890466690063,6,0.9754065326410322
76561198099290533,0,0.03457063436508179,6,0.9754065326410322
76561198960174376,0,0.5846240520477295,6,0.9754065326410322
76561199202323636,0,0.025316469371318817,6,0.9754065326410322
76561198011542613,0,0.009890131652355194,6,0.9754065326410322
76561198347982396,0,0.003515613730996847,6,0.9754065326410322
76561198050444977,0,0.012289789505302906,6,0.9754065326410322
76561198878055411,0,0.005595517810434103,6,0.9754065326410322
76561198277205922,0,0.010125354863703251,6,0.9754065326410322
76561198167193214,0,0.22832126915454865,6,0.9754065326410322
76561198983575066,0,0.0038801541086286306,6,0.9754065326410322
76561198848011616,0,0.7883009314537048,6,0.9754065326410322
76561198136058281,0,0.0064481948502361774,6,0.9754065326410322
76561198850015003,0,0.026298614218831062,6,0.9754065326410322
76561199224607401,0,0.005066193174570799,6,0.9754065326410322
76561198010201504,0,0.1306663155555725,6,0.9754065326410322
76561198850504133,0,0.013801787979900837,6,0.9754065326410322
76561198073994738,0,0.6111961603164673,6,0.9754065326410322
76561198418360325,0,0.015797708183526993,6,0.9754065326410322
76561199126830044,0,0.006497158668935299,6,0.9754065326410322
76561198853131269,0,0.0038192879874259233,6,0.9754065326410322
76561199174825715,0,0.11790243536233902,6,0.9754065326410322
76561199465443064,0,0.004351018462330103,6,0.9754065326410322
76561198816516108,0,0.005683735013008118,6,0.9754065326410322
76561199226115326,0,0.019144754856824875,6,0.9754065326410322
76561198127771225,1,0.018359355628490448,6,0.9754065326410322
76561198055369767,0,0.8435121774673462,6,0.9754065326410322
76561198345003030,0,0.1384333223104477,6,0.9754065326410322
76561199148618323,0,0.015954742208123207,6,0.9754065326410322
76561197970876180,0,0.04422439634799957,6,0.9754065326410322
76561198013981921,0,0.0056787701323628426,6,0.9754065326410322
76561198000617495,0,0.003999077714979649,6,0.9754065326410322
76561198025710085,0,0.005530323833227158,6,0.9754065326410322
76561199069059998,0,0.006195212714374065,6,0.9754065326410322
76561198182762442,0,0.01330372504889965,6,0.9754065326410322
76561198853035610,0,0.00829677190631628,6,0.9754065326410322
76561199082342509,0,0.0036914425436407328,6,0.9754065326410322
76561199469036224,0,0.06279128789901733,6,0.9754065326410322
76561198141255961,1,0.9921737909317017,6,0.9754065326410322
76561198119551338,0,0.1932661384344101,6,0.9754065326410322
76561198059793628,0,0.05759977176785469,6,0.9754065326410322
76561199044997111,0,0.009089249186217785,6,0.9754065326410322
76561199092122389,0,0.005249298643320799,6,0.9754065326410322
76561198260322704,0,0.956894040107727,6,0.9754065326410322
76561198330513438,0,0.004653369542211294,6,0.9754065326410322
76561199221754312,0,0.3536960780620575,6,0.9754065326410322
76561199507757050,0,0.0056506493128836155,6,0.9754065326410322
76561198051507399,0,0.014218154363334179,6,0.9754065326410322
76561199259212971,0,0.005497483070939779,6,0.9754065326410322
76561198452472718,0,0.004571047145873308,6,0.9754065326410322
76561197970888017,0,0.00479139992967248,6,0.9754065326410322
76561199738571654,0,0.0037465898785740137,6,0.9754065326410322
76561198058240631,0,0.005618501454591751,6,0.9754065326410322
76561198260951062,0,0.0049384660087525845,6,0.9754065326410322
76561199084493303,0,0.47964391112327576,6,0.9754065326410322
76561199187153647,0,0.007103715557605028,6,0.9754065326410322
76561199190569620,0,0.007737760432064533,6,0.9754065326410322
76561198023004877,0,0.004650373477488756,6,0.9754065326410322
76561198059514129,0,0.014647292904555798,6,0.9754065326410322
76561198007017851,0,0.009667029604315758,6,0.9754065326410322
76561197972113576,0,0.4171923100948334,6,0.9754065326410322
76561198064928803,0,0.004742681048810482,6,0.9754065326410322
76561198008136056,0,0.02257019653916359,6,0.9754065326410322
76561199576056613,0,0.006063464563339949,6,0.9754065326410322
76561198373304376,0,0.0040870667435228825,6,0.9754065326410322
76561198172143778,0,0.48607337474823,6,0.9754065326410322
76561198040584076,0,0.004799859598278999,6,0.9754065326410322
76561199206167327,0,0.3922005593776703,6,0.9754065326410322
76561199147492293,0,0.0056795538403093815,6,0.9754065326410322
76561199196255463,0,0.004535201471298933,6,0.9754065326410322
76561199130748676,0,0.007856438867747784,6,0.9754065326410322
76561199662564558,0,0.02193094789981842,6,0.9754065326410322
76561198093862767,0,0.5122379660606384,6,0.9754065326410322
76561199031732484,0,0.9278655648231506,6,0.9754065326410322
76561198341181736,1,0.9925339221954346,6,0.9754065326410322
76561199027437029,0,0.024087345227599144,6,0.9754065326410322
76561197995852713,0,0.7555220127105713,6,0.9754065326410322
76561198058447271,0,0.36639928817749023,6,0.9754065326410322
76561199760057273,0,0.2616606056690216,6,0.9754065326410322
76561198196842382,0,0.34956204891204834,6,0.9754065326410322
76561198430004126,0,0.02112051099538803,6,0.9754065326410322
76561198217613373,0,0.2096964716911316,6,0.9754065326410322
76561198013092291,0,0.10733747482299805,6,0.9754065326410322
76561198193020859,0,0.00746543612331152,6,0.9754065326410322
76561198156207514,0,0.4807940721511841,6,0.9754065326410322
76561198157702741,0,0.9072661995887756,6,0.9754065326410322
76561199140590561,0,0.03386176750063896,6,0.9754065326410322
76561199646531088,0,0.004828096833080053,6,0.9754065326410322
76561198098280237,0,0.0045767310075461864,6,0.9754065326410322
76561199225333113,0,0.014226135797798634,6,0.9754065326410322
76561197993315678,0,0.9484689831733704,6,0.9754065326410322
76561198287717282,0,0.017757754772901535,6,0.9754065326410322
76561198297611606,0,0.0046104080975055695,6,0.9754065326410322
76561198262820079,1,0.9838196635246277,6,0.9754065326410322
76561199167415359,1,0.8917803764343262,6,0.9754065326410322
76561199170050460,0,0.05456382408738136,6,0.9754065326410322
76561198067019258,0,0.7746460437774658,6,0.9754065326410322
76561199015212126,0,0.0046947794035077095,6,0.9754065326410322
76561199105818897,0,0.003501767525449395,6,0.9754065326410322
76561199067526926,0,0.0033695162273943424,6,0.9754065326410322
76561199486693362,0,0.707719087600708,6,0.9754065326410322
76561198018489124,0,0.0046927048824727535,6,0.9754065326410322
76561198843293327,0,0.004010327160358429,6,0.9754065326410322
76561198061223250,0,0.003609974402934313,6,0.9754065326410322
76561197999838482,0,0.0044679222628474236,6,0.9754065326410322
76561198081230048,0,0.01417433749884367,6,0.9754065326410322
76561199015590256,0,0.0038801541086286306,6,0.9754065326410322
76561199154025206,0,0.010096671059727669,6,0.9754065326410322
76561198393183265,1,0.9917650818824768,6,0.9754065326410322
76561198012987957,0,0.018892759457230568,6,0.9754065326410322
76561199214651495,0,0.0033104082103818655,6,0.9754065326410322
76561198273465556,0,0.013444031588733196,6,0.9754065326410322
76561198359113711,0,0.22063706815242767,6,0.9754065326410322
76561199224627384,0,0.013014756143093109,6,0.9754065326410322
76561198042900311,0,0.9328809380531311,6,0.9754065326410322
76561198271740315,0,0.02502940222620964,6,0.9754065326410322
76561199050713478,0,0.0036914425436407328,6,0.9754065326410322
76561198081379234,0,0.004287694580852985,6,0.9754065326410322
76561198453251160,0,0.04443874582648277,6,0.9754065326410322
76561198400775196,0,0.005091332830488682,6,0.9754065326410322
76561199681450010,0,0.022874999791383743,6,0.9754065326410322
76561198001572891,0,0.028259336948394775,6,0.9754065326410322
76561198864039980,0,0.005063622258603573,6,0.9754065326410322
76561199129299109,0,0.003615142311900854,6,0.9754065326410322
76561198937970986,0,0.0038801541086286306,6,0.9754065326410322
76561198266667781,0,0.004502447322010994,6,0.9754065326410322
76561198018803384,0,0.018816087394952774,6,0.9754065326410322
76561199501367939,0,0.8061673045158386,6,0.9754065326410322
76561198880570149,0,0.05691539868712425,6,0.9754065326410322
76561198353984889,0,0.08646494150161743,6,0.9754065326410322
76561198003365564,0,0.005063622258603573,6,0.9754065326410322
76561198045252039,0,0.009633011184632778,6,0.9754065326410322
76561198013141470,0,0.006975117139518261,6,0.9754065326410322
76561199020098803,0,0.009598231874406338,6,0.9754065326410322
76561198987665050,0,0.0032833514269441366,6,0.9754065326410322
76561199439049839,0,0.003935707733035088,6,0.9754065326410322
76561199571866439,0,0.011873684823513031,6,0.9754065326410322
76561199062231760,0,0.003936517518013716,6,0.9754065326410322
76561198008449225,0,0.008302167989313602,6,0.9754065326410322
76561199095380270,0,0.01045772060751915,6,0.9754065326410322
76561198064895523,0,0.5326447486877441,6,0.9754065326410322
76561198931412457,0,0.00895821861922741,6,0.9754065326410322
76561199013411447,0,0.7747701406478882,6,0.9754065326410322
76561198873058255,0,0.07655908912420273,6,0.9754065326410322
76561199084102717,0,0.9673088788986206,6,0.9754065326410322
76561199225175688,0,0.006902699824422598,6,0.9754065326410322
76561198028291449,0,0.9520499110221863,6,0.9754065326410322
76561198057964145,0,0.004305887967348099,6,0.9754065326410322
76561198031792180,0,0.011135651730000973,6,0.9754065326410322
76561199225499189,0,0.00530928373336792,6,0.9754065326410322
76561198877512157,0,0.004692907445132732,6,0.9754065326410322
76561199081962959,0,0.005332444794476032,6,0.9754065326410322
76561198076341864,0,0.4091185927391052,6,0.9754065326410322
76561198392889232,0,0.014227781444787979,6,0.9754065326410322
76561199127355831,0,0.336369127035141,6,0.9754065326410322
76561198150055982,0,0.9557181596755981,6,0.9754065326410322
76561198079110621,0,0.005058205220848322,6,0.9754065326410322
76561198082362478,0,0.7162294983863831,6,0.9754065326410322
76561198220396159,0,0.06414642184972763,6,0.9754065326410322
76561198012721074,0,0.004111688584089279,6,0.9754065326410322
76561199055945526,0,0.009677236899733543,6,0.9754065326410322
76561199551240671,0,0.03613637015223503,6,0.9754065326410322
76561198075382887,0,0.004454903304576874,6,0.9754065326410322
76561199105794034,0,0.0033330158330500126,6,0.9754065326410322
76561199138303672,0,0.5789694786071777,6,0.9754065326410322
76561198134480853,1,0.9929721355438232,6,0.9754065326410322
76561198367209147,0,0.641365110874176,6,0.9754065326410322
76561197993468130,0,0.9793210029602051,6,0.9754065326410322
76561199205674451,0,0.024855997413396835,6,0.9754065326410322
76561198117600799,0,0.018041856586933136,6,0.9754065326410322
76561199441987229,0,0.005063622258603573,6,0.9754065326410322
76561198015778952,0,0.70823734998703,6,0.9754065326410322
76561198033241166,0,0.004490475170314312,6,0.9754065326410322
76561198018206420,0,0.006351145450025797,6,0.9754065326410322
76561198040006940,0,0.003475029021501541,6,0.9754065326410322
76561198021846766,0,0.8033306002616882,6,0.9754065326410322
76561198147291708,0,0.02218199335038662,6,0.9754065326410322
76561198021298003,1,0.9935464262962341,6,0.9754065326410322
76561199092391621,0,0.004645498003810644,6,0.9754065326410322
76561199512960777,0,0.00390934944152832,6,0.9754065326410322
76561198287937472,0,0.0036137152928858995,6,0.9754065326410322
76561198408758593,0,0.93854820728302,6,0.9754065326410322
76561199091292802,0,0.009837242774665356,6,0.9754065326410322
76561198110951020,0,0.010437143966555595,6,0.9754065326410322
76561199230612053,0,0.01796582341194153,6,0.9754065326410322
76561198245929378,0,0.04041682928800583,6,0.9754065326410322
76561199545003287,1,0.9932335019111633,6,0.9754065326410322
76561198799246558,0,0.005257065407931805,6,0.9754065326410322
76561198966541365,0,0.9492728114128113,6,0.9754065326410322
76561198031321062,0,0.33039844036102295,6,0.9754065326410322
76561198842131947,0,0.010621028020977974,6,0.9754065326410322
76561198113360065,0,0.48048174381256104,6,0.9754065326410322
76561199108366412,0,0.0038801541086286306,6,0.9754065326410322
76561199117790621,0,0.012890830636024475,6,0.9754065326410322
76561198165429417,0,0.003968543838709593,6,0.9754065326410322
76561197962615620,0,0.004666617605835199,6,0.9754065326410322
76561198837160487,1,0.11118357628583908,6,0.9754065326410322
76561198196968381,0,0.01534638088196516,6,0.9754065326410322
76561198286134637,0,0.004109646659344435,6,0.9754065326410322
76561198041403413,0,0.9398671984672546,6,0.9754065326410322
76561198964192882,0,0.1626095473766327,6,0.9754065326410322
76561198053876668,0,0.026793774217367172,6,0.9754065326410322
76561198077864262,0,0.0036679741460829973,6,0.9754065326410322
76561198808501350,0,0.023813901469111443,6,0.9754065326410322
76561198247832930,0,0.09753359854221344,6,0.9754065326410322
76561198027102608,0,0.011800174601376057,6,0.9754065326410322
76561198237050400,0,0.004288332536816597,6,0.9754065326410322
76561198056403205,0,0.43939632177352905,6,0.9754065326410322
76561198369924231,1,0.5833657383918762,6,0.9754065326410322
76561198085178498,0,0.004319560248404741,6,0.9754065326410322
76561198111400148,0,0.005765268113464117,6,0.9754065326410322
76561199121900689,0,0.015485419891774654,6,0.9754065326410322
76561199194283694,0,0.003235252806916833,6,0.9754065326410322
76561198182181197,0,0.03240640088915825,6,0.9754065326410322
76561198002431049,0,0.005661824718117714,6,0.9754065326410322
76561198007302902,0,0.5428088903427124,6,0.9754065326410322
76561198075123781,0,0.44304805994033813,6,0.9754065326410322
76561198263738524,0,0.005402270704507828,6,0.9754065326410322
76561198058261120,0,0.009970113635063171,6,0.9754065326410322
76561198340343337,0,0.008966566063463688,6,0.9754065326410322
76561199272501310,0,0.003911944571882486,6,0.9754065326410322
76561199375033312,0,0.014002205803990364,6,0.9754065326410322
76561199100274893,0,0.0036669140681624413,6,0.9754065326410322
76561198237063072,0,0.008237920701503754,6,0.9754065326410322
76561198005589326,0,0.010199865326285362,6,0.9754065326410322
76561198211710196,0,0.007663249038159847,6,0.9754065326410322
76561199011196241,0,0.004506315570324659,6,0.9754065326410322
76561199630871416,0,0.005315952934324741,6,0.9754065326410322
76561199486419979,0,0.1302725374698639,6,0.9754065326410322
76561198237647320,0,0.008395327255129814,6,0.9754065326410322
76561198413316927,0,0.003925608471035957,6,0.9754065326410322
76561198086047113,0,0.6415267586708069,6,0.9754065326410322
76561198444462864,0,0.006198097951710224,6,0.9754065326410322
76561198033277407,0,0.0038114041090011597,6,0.9754065326410322
76561199504832568,0,0.12973220646381378,6,0.9754065326410322
76561198242896330,0,0.004658619873225689,6,0.9754065326410322
76561199083816497,0,0.004189806990325451,6,0.9754065326410322
76561197981991446,0,0.0245090052485466,6,0.9754065326410322
76561198839125353,0,0.004877174273133278,6,0.9754065326410322
76561198068233367,0,0.03416498750448227,6,0.9754065326410322
76561198834147992,0,0.004399826284497976,6,0.9754065326410322
76561199141310404,0,0.007113207131624222,6,0.9754065326410322
76561198041970989,0,0.014171167276799679,6,0.9754065326410322
76561199600726952,0,0.006784531287848949,6,0.9754065326410322
76561199095229543,0,0.00454664696007967,6,0.9754065326410322
76561199223749887,0,0.005132950376719236,6,0.9754065326410322
76561198106389968,0,0.007845520041882992,6,0.9754065326410322
76561199384002233,0,0.0436113215982914,6,0.9754065326410322
76561198132261769,0,0.0781690925359726,6,0.9754065326410322
76561198410336581,0,0.006868170574307442,6,0.9754065326410322
76561198885915960,0,0.0074183144606649876,6,0.9754065326410322
76561199168036581,0,0.9941603541374207,6,0.9754065326410322
76561198047001585,0,0.004553497768938541,6,0.9754065326410322
76561199086186463,0,0.004548848606646061,6,0.9754065326410322
76561199340184690,0,0.9785046577453613,6,0.9754065326410322
76561199231839501,0,0.006518067326396704,6,0.9754065326410322
76561198174824726,0,0.8487499356269836,6,0.9754065326410322
76561199582686046,0,0.004427610896527767,6,0.9754065326410322
76561198139271030,0,0.010028584860265255,6,0.9754065326410322
76561199141877815,0,0.06934429705142975,6,0.9754065326410322
76561199124014572,0,0.019738290458917618,6,0.9754065326410322
76561198143999989,0,0.7556774616241455,6,0.9754065326410322
76561198080500269,0,0.020131157711148262,6,0.9754065326410322
76561198089477413,0,0.9424039721488953,6,0.9754065326410322
76561198262880852,0,0.007794367149472237,6,0.9754065326410322
76561198823222781,0,0.07520417869091034,6,0.9754065326410322
76561198141501807,0,0.1428796797990799,6,0.9754065326410322
76561198135133652,0,0.004159281961619854,6,0.9754065326410322
76561198801730039,0,0.00397430220618844,6,0.9754065326410322
76561198124211551,0,0.9245513677597046,6,0.9754065326410322
76561199230932663,0,0.004503823816776276,6,0.9754065326410322
76561199225680679,0,0.003306992817670107,6,0.9754065326410322
76561197979934600,0,0.0034305702429264784,6,0.9754065326410322
76561198041001146,0,0.008874424733221531,6,0.9754065326410322
76561198282242458,0,0.9327316880226135,6,0.9754065326410322
76561198163860279,0,0.25524356961250305,6,0.9754065326410322
76561198859802186,0,0.021076394245028496,6,0.9754065326410322
76561199093389251,0,0.9629095196723938,6,0.9754065326410322
76561198146050092,0,0.007685639429837465,6,0.9754065326410322
76561199077153215,0,0.1156291738152504,6,0.9754065326410322
76561198098264654,0,0.6064563989639282,6,0.9754065326410322
76561198081359616,0,0.6992818117141724,6,0.9754065326410322
76561199045874370,0,0.006667765323072672,6,0.9754065326410322
76561198027974949,0,0.23011551797389984,6,0.9754065326410322
76561199488162706,0,0.007165094837546349,6,0.9754065326410322
76561198942245589,0,0.07407182455062866,6,0.9754065326410322
76561198030337643,0,0.7138040661811829,6,0.9754065326410322
76561198071642308,0,0.005109922029078007,6,0.9754065326410322
76561198152975387,1,0.3726451098918915,6,0.9754065326410322
76561198096710826,0,0.9273786544799805,6,0.9754065326410322
76561198838459670,0,0.898344099521637,6,0.9754065326410322
76561198146904677,0,0.0058398861438035965,6,0.9754065326410322
76561198340564387,0,0.010770353488624096,6,0.9754065326410322
76561198001655016,0,0.09923768043518066,6,0.9754065326410322
76561198371396648,0,0.009558379650115967,6,0.9754065326410322
76561199405688761,0,0.005473553668707609,6,0.9754065326410322
76561199229515156,0,0.004165255464613438,6,0.9754065326410322
76561199694436430,0,0.031135430559515953,6,0.9754065326410322
76561198104147113,0,0.016463054344058037,6,0.9754065326410322
76561198985061570,0,0.003825617488473654,6,0.9754065326410322
76561198008630200,0,0.004655198659747839,6,0.9754065326410322
76561199182432422,0,0.2743426263332367,6,0.9754065326410322
76561198009897503,0,0.4625775218009949,6,0.9754065326410322
76561198180053789,0,0.008365646004676819,6,0.9754065326410322
76561198037797378,0,0.012159694917500019,6,0.9754065326410322
76561199126504930,0,0.008172527886927128,6,0.9754065326410322
76561199124037094,0,0.010975679382681847,6,0.9754065326410322
76561199073427255,0,0.00644342415034771,6,0.9754065326410322
76561198203697857,0,0.010795386508107185,6,0.9754065326410322
76561199565451896,0,0.6782123446464539,6,0.9754065326410322
76561198060784634,0,0.007891454733908176,6,0.9754065326410322
76561198834965784,0,0.007105906028300524,6,0.9754065326410322
76561198037461613,0,0.01779945380985737,6,0.9754065326410322
76561198252504798,0,0.004360415507107973,6,0.9754065326410322
76561198085883371,0,0.04397719353437424,6,0.9754065326410322
76561197993072989,0,0.006087424233555794,6,0.9754065326410322
76561198834203970,0,0.06524424254894257,6,0.9754065326410322
76561199020894201,0,0.007973246276378632,6,0.9754065326410322
76561199220986171,0,0.0033229298423975706,6,0.9754065326410322
76561198862158857,0,0.0051130326464772224,6,0.9754065326410322
76561199108039706,0,0.6132549047470093,6,0.9754065326410322
76561198166183355,0,0.06652849167585373,6,0.9754065326410322
76561198151397035,0,0.003220031503587961,6,0.9754065326410322
76561198246732072,0,0.005937935318797827,6,0.9754065326410322
76561198139639297,0,0.008267510682344437,6,0.9754065326410322
76561198859652236,0,0.0037403972819447517,6,0.9754065326410322
76561198992583202,0,0.01105532981455326,6,0.9754065326410322
76561199179910461,0,0.00530928373336792,6,0.9754065326410322
76561199084886808,0,0.003653588704764843,6,0.9754065326410322
76561198065245132,0,0.8623966574668884,6,0.9754065326410322
76561198000810144,0,0.0042615532875061035,6,0.9754065326410322
76561198194661278,0,0.003182250540703535,6,0.9754065326410322
76561198017122591,0,0.003858800744637847,6,0.9754065326410322
76561199234493732,0,0.009786454029381275,6,0.9754065326410322
76561198364444294,0,0.005858102813363075,6,0.9754065326410322
76561199153527798,0,0.0040870667435228825,6,0.9754065326410322
76561199658675115,0,0.003515613730996847,6,0.9754065326410322
76561199138732284,0,0.00404336815699935,6,0.9754065326410322
76561198840911702,0,0.016030380502343178,6,0.9754065326410322
76561198441691721,0,0.050202786922454834,6,0.9754065326410322
76561198991640195,0,0.010786022059619427,6,0.9754065326410322
76561198063441489,0,0.007366495206952095,6,0.9754065326410322
76561199043792898,1,0.969202995300293,6,0.9754065326410322
76561198195249575,0,0.005324936471879482,6,0.9754065326410322
76561199388918350,0,0.003860738594084978,6,0.9754065326410322
76561198055280596,0,0.007902116514742374,6,0.9754065326410322
76561198450111265,0,0.2005263864994049,6,0.9754065326410322
76561198847788449,0,0.01256045326590538,6,0.9754065326410322
76561198999856215,0,0.9908598065376282,6,0.9754065326410322
76561199092448419,0,0.0048015788197517395,6,0.9754065326410322
76561199028498735,1,0.9943859577178955,6,0.9754065326410322
76561198857795812,0,0.004075880628079176,6,0.9754065326410322
76561198349932322,0,0.30659186840057373,6,0.9754065326410322
76561198274361866,0,0.5494710206985474,6,0.9754065326410322
76561199069481036,0,0.006522155832499266,6,0.9754065326410322
76561198338383377,0,0.0068952059373259544,6,0.9754065326410322
76561198799390228,0,0.9804725050926208,6,0.9754065326410322
76561198398706965,0,0.21574275195598602,6,0.9754065326410322
76561198013991901,0,0.014648960903286934,6,0.9754065326410322
76561198824783033,0,0.004140964709222317,6,0.9754065326410322
76561198334183378,0,0.4645592272281647,6,0.9754065326410322
76561197988189359,0,0.4654209017753601,6,0.9754065326410322
76561198880992153,1,0.9888103008270264,6,0.9754065326410322
76561198157598081,0,0.004192643333226442,6,0.9754065326410322
76561199015683549,0,0.008766804821789265,6,0.9754065326410322
76561198982971338,0,0.2250586450099945,6,0.9754065326410322
76561199403973102,0,0.027236035093665123,6,0.9754065326410322
76561198140849556,0,0.9147788286209106,6,0.9754065326410322
76561198069129526,1,0.9493216872215271,6,0.9754065326410322
76561198036641469,0,0.2664877474308014,6,0.9754065326410322
76561199465474466,1,0.9900734424591064,6,0.9754065326410322
76561198200666203,0,0.28982865810394287,6,0.9754065326410322
76561198356379988,0,0.01167373824864626,6,0.9754065326410322
76561199170174241,0,0.9468815326690674,6,0.9754065326410322
76561198124195964,0,0.04281523823738098,6,0.9754065326410322
76561198842686324,0,0.006211995147168636,6,0.9754065326410322
76561199170655335,0,0.004002971109002829,6,0.9754065326410322
76561199067960720,0,0.005324278026819229,6,0.9754065326410322
76561199152460949,0,0.0038801541086286306,6,0.9754065326410322
76561198082041081,0,0.0038801541086286306,6,0.9754065326410322
76561199069373530,0,0.0032083308324217796,6,0.9754065326410322
76561198848286433,0,0.05310819298028946,6,0.9754065326410322
76561199098736118,0,0.26821500062942505,6,0.9754065326410322
76561198229260924,0,0.8302907347679138,6,0.9754065326410322
76561197960868018,0,0.009131775237619877,6,0.9754065326410322
76561199401266404,0,0.010588487610220909,6,0.9754065326410322
76561199048315929,0,0.005866327788680792,6,0.9754065326410322
76561198400720890,1,0.9936645030975342,6,0.9754065326410322
76561198092042063,0,0.479641854763031,6,0.9754065326410322
76561198126880942,0,0.009796366095542908,6,0.9754065326410322
76561198814546883,0,0.7912444472312927,6,0.9754065326410322
76561198115299378,0,0.036999884992837906,6,0.9754065326410322
76561199170762804,0,0.00718910014256835,6,0.9754065326410322
76561199146339515,0,0.0037980242632329464,6,0.9754065326410322
76561198182211001,0,0.3172248303890228,6,0.9754065326410322
76561198116706051,0,0.0037937958259135485,6,0.9754065326410322
76561199110334650,0,0.010854789987206459,6,0.9754065326410322
76561198081219820,0,0.0031961132772266865,6,0.9754065326410322
76561198103333017,0,0.008735984563827515,6,0.9754065326410322
76561198048855231,0,0.1858590841293335,6,0.9754065326410322
76561199526874776,0,0.009950364008545876,6,0.9754065326410322
76561198009124664,0,0.6178523302078247,6,0.9754065326410322
76561198179187989,0,0.005812007933855057,6,0.9754065326410322
76561198155364751,0,0.004736884031444788,6,0.9754065326410322
76561198059992643,0,0.02514876425266266,6,0.9754065326410322
76561199157065643,0,0.006122174672782421,6,0.9754065326410322
76561198187996813,1,0.9897255301475525,6,0.9754065326410322
76561199152511283,0,0.013328389264643192,6,0.9754065326410322
76561198814059453,0,0.00721528148278594,6,0.9754065326410322
76561198836501358,0,0.009309726767241955,6,0.9754065326410322
76561198045899190,0,0.007515886332839727,6,0.9754065326410322
76561198114240118,0,0.03477038815617561,6,0.9754065326410322
76561199192115141,0,0.008936633355915546,6,0.9754065326410322
76561198071625038,0,0.22239381074905396,6,0.9754065326410322
76561198023445909,0,0.005653283558785915,6,0.9754065326410322
76561199637734424,0,0.010528698563575745,6,0.9754065326410322
76561198119361576,0,0.012564186006784439,6,0.9754065326410322
76561198048081553,0,0.003901989199221134,6,0.9754065326410322
76561199124685752,1,0.8974732756614685,6,0.9754065326410322
76561199168656850,0,0.00404336815699935,6,0.9754065326410322
76561198025299035,0,0.006655137985944748,6,0.9754065326410322
76561198078005111,0,0.010659870691597462,6,0.9754065326410322
76561198216698743,0,0.013313730247318745,6,0.9754065326410322
76561199567771061,0,0.004352855496108532,6,0.9754065326410322
76561198071562203,0,0.03871207684278488,6,0.9754065326410322
76561198019494851,0,0.005130042787641287,6,0.9754065326410322
76561198095442740,0,0.21969857811927795,6,0.9754065326410322
76561198085497700,0,0.01181457843631506,6,0.9754065326410322
76561198070393906,0,0.00694833742454648,6,0.9754065326410322
76561198331774877,0,0.013233340345323086,6,0.9754065326410322
76561198327570606,0,0.015624209307134151,6,0.9754065326410322
76561198063652385,0,0.0047653838992118835,6,0.9754065326410322
76561198989626719,1,0.0145210986956954,6,0.9754065326410322
76561198034808842,0,0.04506438598036766,6,0.9754065326410322
76561199388105501,0,0.5875298380851746,6,0.9754065326410322
76561198857383758,0,0.3974774181842804,6,0.9754065326410322
76561199248770109,0,0.023124665021896362,6,0.9754065326410322
76561198100834835,0,0.012431242503225803,6,0.9754065326410322
76561198244715248,0,0.003501767525449395,6,0.9754065326410322
76561198845293661,0,0.025280654430389404,6,0.9754065326410322
76561199104699991,0,0.00530928373336792,6,0.9754065326410322
76561198118280059,0,0.014674531295895576,6,0.9754065326410322
76561198935491515,0,0.007843514904379845,6,0.9754065326410322
76561198852533713,0,0.0066641950979828835,6,0.9754065326410322
76561197975584014,0,0.9910839796066284,6,0.9754065326410322
76561198121681160,0,0.5559647679328918,6,0.9754065326410322
76561198011011684,0,0.01745310239493847,6,0.9754065326410322
76561199095351232,0,0.21465182304382324,6,0.9754065326410322
76561199027656649,0,0.0061826216988265514,6,0.9754065326410322
76561198050122816,0,0.08079828321933746,6,0.9754065326410322
76561198050552417,0,0.006173890549689531,6,0.9754065326410322
76561198996815954,0,0.010613503865897655,6,0.9754065326410322
76561198333417144,0,0.017117859795689583,6,0.9754065326410322
76561198043004706,0,0.570006251335144,6,0.9754065326410322
76561198254702990,0,0.0037159989587962627,6,0.9754065326410322
76561198035015443,0,0.7323315739631653,6,0.9754065326410322
76561198348886484,0,0.006194980349391699,6,0.9754065326410322
76561198075639034,0,0.0052751898765563965,6,0.9754065326410322
76561198069818029,0,0.004340784624218941,6,0.9754065326410322
76561199106307946,0,0.0044084652327001095,6,0.9754065326410322
76561198327715541,0,0.00530928373336792,6,0.9754065326410322
76561198039574795,0,0.010155580006539822,6,0.9754065326410322
76561199557518004,0,0.30917832255363464,6,0.9754065326410322
76561198875505050,0,0.010314066894352436,6,0.9754065326410322
76561199122952093,0,0.008193333633244038,6,0.9754065326410322
76561197997562736,0,0.0065762815065681934,6,0.9754065326410322
76561199191202394,0,0.013913947157561779,6,0.9754065326410322
76561199037078775,0,0.14838644862174988,6,0.9754065326410322
76561198080398833,0,0.0057233176194131374,6,0.9754065326410322
76561199044194243,0,0.011337866075336933,6,0.9754065326410322
76561198391368563,0,0.6672629117965698,6,0.9754065326410322
76561199123127299,0,0.03183913603425026,6,0.9754065326410322
76561198834323205,0,0.006812866311520338,6,0.9754065326410322
76561197993206121,0,0.009513810276985168,6,0.9754065326410322
76561199029183204,0,0.00480349175632,6,0.9754065326410322
76561199084071926,0,0.44627243280410767,6,0.9754065326410322
76561198050626887,0,0.0038723954930901527,6,0.9754065326410322
76561199164392751,0,0.1839774250984192,6,0.9754065326410322
76561198870316481,0,0.009739571250975132,6,0.9754065326410322
76561198046224498,0,0.0930650532245636,6,0.9754065326410322
76561198094609304,0,0.9931457042694092,6,0.9754065326410322
76561199015689651,0,0.008218396455049515,6,0.9754065326410322
76561198998455035,0,0.0038801541086286306,6,0.9754065326410322
76561199477758196,0,0.003182250540703535,6,0.9754065326410322
76561198041115689,0,0.00544593995437026,6,0.9754065326410322
76561199446885464,0,0.0036595440469682217,6,0.9754065326410322
76561198066454282,0,0.004309896845370531,6,0.9754065326410322
76561199144768526,0,0.00577913923189044,6,0.9754065326410322
76561198870321850,0,0.003515613730996847,6,0.9754065326410322
76561199220738394,0,0.003515613730996847,6,0.9754065326410322
76561198348349536,0,0.014176043681800365,6,0.9754065326410322
76561199058984706,0,0.007206853479146957,6,0.9754065326410322
76561198268516321,0,0.0038801541086286306,6,0.9754065326410322
76561198370843358,0,0.009912850335240364,6,0.9754065326410322
76561199141691178,0,0.006777338683605194,6,0.9754065326410322
76561198135620674,0,0.014813439920544624,6,0.9754065326410322
76561198134979475,0,0.0035919365473091602,6,0.9754065326410322
76561198418036507,0,0.47235336899757385,6,0.9754065326410322
76561199218893288,0,0.010871934704482555,6,0.9754065326410322
76561198299275018,0,0.003182250540703535,6,0.9754065326410322
76561198137255497,0,0.0048998272977769375,6,0.9754065326410322
76561198366444827,0,0.004723152611404657,6,0.9754065326410322
76561198006621798,0,0.008455706760287285,6,0.9754065326410322
76561198185030937,0,0.0059507424011826515,6,0.9754065326410322
76561199520170347,0,0.00870415661484003,6,0.9754065326410322
76561198152599188,0,0.004185655154287815,6,0.9754065326410322
76561198343247614,0,0.014335156418383121,6,0.9754065326410322
76561198246205828,0,0.9834897518157959,6,0.9754065326410322
76561198240700350,0,0.0078031569719314575,6,0.9754065326410322
76561199407421320,0,0.017252573743462563,6,0.9754065326410322
76561198887534574,0,0.02148596942424774,6,0.9754065326410322
76561198092468608,0,0.6769546270370483,6,0.9754065326410322
76561199084111602,0,0.004586434457451105,6,0.9754065326410322
76561198154898098,0,0.02648293226957321,6,0.9754065326410322
76561198014184337,0,0.00530928373336792,6,0.9754065326410322
76561198325435012,0,0.004182784352451563,6,0.9754065326410322
76561198118162253,0,0.005822768900543451,6,0.9754065326410322
76561198314854867,0,0.003568667219951749,6,0.9754065326410322
76561199364178246,0,0.004194379784166813,6,0.9754065326410322
76561198072098971,0,0.010320669040083885,6,0.9754065326410322
76561198068753222,0,0.005097951274365187,6,0.9754065326410322
76561198045175985,0,0.004332690965384245,6,0.9754065326410322
76561199453148627,0,0.007055983878672123,6,0.9754065326410322
76561198368355693,0,0.008039159700274467,6,0.9754065326410322
76561198365018899,0,0.8541867136955261,6,0.9754065326410322
76561198062511377,0,0.007002008613198996,6,0.9754065326410322
76561199164661917,0,0.0043758004903793335,6,0.9754065326410322
76561197995998082,0,0.9860381484031677,6,0.9754065326410322
76561199259190092,0,0.018869658932089806,6,0.9754065326410322
76561198060415171,1,0.9900386333465576,6,0.9754065326410322
76561198042240817,0,0.26590079069137573,6,0.9754065326410322
76561198080518895,0,0.010733887553215027,6,0.9754065326410322
76561198172797953,0,0.003627743571996689,6,0.9754065326410322
76561198088861660,0,0.3958617150783539,6,0.9754065326410322
76561198027701888,0,0.03290971741080284,6,0.9754065326410322
76561198312824448,0,0.6478344798088074,6,0.9754065326410322
76561198296047972,0,0.012254035100340843,6,0.9754065326410322
76561198835651302,0,0.005906295962631702,6,0.9754065326410322
76561198027338182,0,0.4398055374622345,6,0.9754065326410322
76561198257147809,0,0.4248102009296417,6,0.9754065326410322
76561198120835978,0,0.4160180687904358,6,0.9754065326410322
76561198048775838,0,0.8598266243934631,6,0.9754065326410322
76561198959377293,0,0.28400474786758423,6,0.9754065326410322
76561198073219195,0,0.0059772152453660965,6,0.9754065326410322
76561199241496923,0,0.03357262164354324,6,0.9754065326410322
76561198132852361,0,0.7908528447151184,6,0.9754065326410322
76561198149393126,0,0.006841819733381271,6,0.9754065326410322
76561199137918824,0,0.007261835969984531,6,0.9754065326410322
76561199248654428,0,0.00530928373336792,6,0.9754065326410322
76561198039797797,0,0.0063534090295434,6,0.9754065326410322
76561199440130492,0,0.44704747200012207,6,0.9754065326410322
76561198400177720,0,0.005507622845470905,6,0.9754065326410322
76561198006992548,0,0.37082597613334656,6,0.9754065326410322
76561198374105758,0,0.013160835951566696,6,0.9754065326410322
76561198147981604,0,0.9551279544830322,6,0.9754065326410322
76561198148885830,0,0.03356499597430229,6,0.9754065326410322
76561198163794588,0,0.013359359465539455,6,0.9754065326410322
76561198254099273,1,0.05314040556550026,6,0.9754065326410322
76561198814161842,0,0.00838968064635992,6,0.9754065326410322
76561198046450763,0,0.01513216458261013,6,0.9754065326410322
76561198052007945,0,0.4270187318325043,6,0.9754065326410322
76561198974831153,0,0.014479193836450577,6,0.9754065326410322
76561198428084867,0,0.0037024812772870064,6,0.9754065326410322
76561199135005473,0,0.9748677015304565,6,0.9754065326410322
76561197980037726,0,0.011694585904479027,6,0.9754065326410322
76561198054228030,0,0.5333502292633057,6,0.9754065326410322
76561198392320860,0,0.005482102744281292,6,0.9754065326410322
76561199160573796,0,0.7834848761558533,6,0.9754065326410322
76561198269182572,0,0.0041455901227891445,6,0.9754065326410322
76561198010091816,0,0.004166172817349434,6,0.9754065326410322
76561198216436740,0,0.0083798598498106,6,0.9754065326410322
76561199562063172,0,0.0038801541086286306,6,0.9754065326410322
76561198916715315,0,0.5079569220542908,6,0.9754065326410322
76561199197445238,0,0.005036185495555401,6,0.9754065326410322
76561199529289389,0,0.003933123778551817,6,0.9754065326410322
76561199079369115,0,0.00404336815699935,6,0.9754065326410322
76561198929098041,0,0.006679081358015537,6,0.9754065326410322
76561198386424222,0,0.005322610959410667,6,0.9754065326410322
76561198012555817,0,0.007058124989271164,6,0.9754065326410322
76561198126632748,0,0.006633346900343895,6,0.9754065326410322
76561197995687445,0,0.0038534854538738728,6,0.9754065326410322
76561198098762465,0,0.005408504977822304,6,0.9754065326410322
76561198237822320,0,0.00530928373336792,6,0.9754065326410322
76561198257848101,0,0.003784772241488099,6,0.9754065326410322
76561198070074180,0,0.004239439032971859,6,0.9754065326410322
76561198433598185,0,0.024839090183377266,6,0.9754065326410322
76561199147752268,0,0.017996327951550484,6,0.9754065326410322
76561199085150412,0,0.00396015215665102,6,0.9754065326410322
76561198267544827,0,0.003965417854487896,6,0.9754065326410322
76561199109963671,0,0.004503823816776276,6,0.9754065326410322
76561199005103414,0,0.00963150430470705,6,0.9754065326410322
76561198412247791,0,0.8067617416381836,6,0.9754065326410322
76561198368473451,0,0.008172527886927128,6,0.9754065326410322
76561199118169690,0,0.02721373736858368,6,0.9754065326410322
76561198271907982,0,0.0050578913651406765,6,0.9754065326410322
76561199117867466,0,0.00530928373336792,6,0.9754065326410322
76561199141639813,0,0.007788539864122868,6,0.9754065326410322
76561198007172071,0,0.003700474975630641,6,0.9754065326410322
76561199055624103,0,0.040629882365465164,6,0.9754065326410322
76561198992197432,0,0.007389662321656942,6,0.9754065326410322
76561198978978152,0,0.793540894985199,6,0.9754065326410322
76561198012045568,0,0.005696997512131929,6,0.9754065326410322
76561198968724702,0,0.7842376232147217,6,0.9754065326410322
76561198359631392,0,0.9264390468597412,6,0.9754065326410322
76561198966494820,0,0.28185683488845825,6,0.9754065326410322
76561198183931434,0,0.5800222158432007,6,0.9754065326410322
76561199558941190,0,0.0155525216832757,6,0.9754065326410322
76561198075547828,0,0.005672997795045376,6,0.9754065326410322
76561198387497409,0,0.04164736345410347,6,0.9754065326410322
76561197997386996,0,0.00530928373336792,6,0.9754065326410322
76561199108411753,0,0.736770510673523,6,0.9754065326410322
76561199070712518,0,0.013168851844966412,6,0.9754065326410322
76561199102849886,0,0.38980361819267273,6,0.9754065326410322
76561199034708392,0,0.005039975978434086,6,0.9754065326410322
76561198063171783,1,0.9932751655578613,6,0.9754065326410322
76561199497321716,0,0.17128340899944305,6,0.9754065326410322
76561198191000030,0,0.0741717666387558,6,0.9754065326410322
76561198081354711,0,0.0032741697505116463,6,0.9754065326410322
76561198144258455,1,0.9912247061729431,6,0.9754065326410322
76561198379929587,0,0.033329471945762634,6,0.9754065326410322
76561199738049624,0,0.04939040169119835,6,0.9754065326410322
76561198180739654,0,0.6797542572021484,6,0.9754065326410322
76561198356159432,0,0.003503107465803623,6,0.9754065326410322
76561198353936972,0,0.023040737956762314,6,0.9754065326410322
76561198063152267,0,0.006336600985378027,6,0.9754065326410322
76561199465786085,0,0.006522743497043848,6,0.9754065326410322
76561199015719917,0,0.006294027902185917,6,0.9754065326410322
76561199223134604,0,0.005495947785675526,6,0.9754065326410322
76561198031052486,0,0.010451385751366615,6,0.9754065326410322
76561198015205814,0,0.008997444063425064,6,0.9754065326410322
76561198837507619,0,0.6046243906021118,6,0.9754065326410322
76561197974997337,0,0.9836048483848572,6,0.9754065326410322
76561199013923318,0,0.004801599774509668,6,0.9754065326410322
76561198392452443,0,0.004433741793036461,6,0.9754065326410322
76561199044916559,0,0.012355264276266098,6,0.9754065326410322
76561198278237289,0,0.49154648184776306,6,0.9754065326410322
76561198844385102,0,0.006099036429077387,6,0.9754065326410322
76561199466421626,0,0.005692520644515753,6,0.9754065326410322
76561198018770961,0,0.013534171506762505,6,0.9754065326410322
76561199121757851,0,0.2521260678768158,6,0.9754065326410322
76561199492256302,0,0.006768709048628807,6,0.9754065326410322
76561198080134732,0,0.030721228569746017,6,0.9754065326410322
76561199402397925,0,0.02154933661222458,6,0.9754065326410322
76561198745524941,0,0.0231881532818079,6,0.9754065326410322
76561198079061392,0,0.00893112737685442,6,0.9754065326410322
76561198977323140,0,0.917256236076355,6,0.9754065326410322
76561198340512029,0,0.006063392385840416,6,0.9754065326410322
76561198930339735,0,0.004817510023713112,6,0.9754065326410322
76561199126317257,0,0.003940165508538485,6,0.9754065326410322
76561198013999063,0,0.40624356269836426,6,0.9754065326410322
76561198424739697,0,0.012326018884778023,6,0.9754065326410322
76561198832723715,0,0.003515773918479681,6,0.9754065326410322
76561199093234179,0,0.017052708193659782,6,0.9754065326410322
76561198880585003,0,0.2779320776462555,6,0.9754065326410322
76561198242627772,0,0.09720976650714874,6,0.9754065326410322
76561198035576090,0,0.004928540904074907,6,0.9754065326410322
76561198326673564,0,0.033471137285232544,6,0.9754065326410322
76561198086331490,0,0.21622848510742188,6,0.9754065326410322
76561199178457417,0,0.006631776224821806,6,0.9754065326410322
76561199230368590,0,0.0054894620552659035,6,0.9754065326410322
76561199378654442,0,0.021645475178956985,6,0.9754065326410322
76561199085448253,0,0.05169784277677536,6,0.9754065326410322
76561199049919976,0,0.014480283483862877,6,0.9754065326410322
76561199188831846,0,0.01424139179289341,6,0.9754065326410322
76561199119732856,0,0.003786428365856409,6,0.9754065326410322
76561198190456658,0,0.1482536792755127,6,0.9754065326410322
76561199133948997,0,0.0038801541086286306,6,0.9754065326410322
76561197990466011,0,0.03076968342065811,6,0.9754065326410322
76561198172762383,0,0.007451711688190699,6,0.9754065326410322
76561198103379512,0,0.006558501627296209,6,0.9754065326410322
76561198299711500,0,0.005091502331197262,6,0.9754065326410322
76561198260018840,0,0.005276914220303297,6,0.9754065326410322
76561199375594576,0,0.9581889510154724,6,0.9754065326410322
76561199224519743,0,0.49045026302337646,6,0.9754065326410322
76561198345161407,0,0.031577400863170624,6,0.9754065326410322
76561198020058291,0,0.09141971915960312,6,0.9754065326410322
76561198066999899,0,0.011057539843022823,6,0.9754065326410322
76561199486946264,0,0.004317831248044968,6,0.9754065326410322
76561199060060164,0,0.011903641745448112,6,0.9754065326410322
76561198855796372,0,0.01893359050154686,6,0.9754065326410322
76561197980223471,0,0.004821523558348417,6,0.9754065326410322
76561198030851179,0,0.004425358027219772,6,0.9754065326410322
76561198056871134,0,0.0048275175504386425,6,0.9754065326410322
76561198836279485,0,0.004708551336079836,6,0.9754065326410322
76561199004035158,0,0.004572761710733175,6,0.9754065326410322
76561199507511470,1,0.9927612543106079,6,0.9754065326410322
76561198929713150,0,0.011602611280977726,6,0.9754065326410322
76561198881420906,0,0.026155510917305946,6,0.9754065326410322
76561199014368175,0,0.005593337118625641,6,0.9754065326410322
76561198333036239,0,0.7307334542274475,6,0.9754065326410322
76561198086635081,0,0.4024707078933716,6,0.9754065326410322
76561198946365194,0,0.04199173301458359,6,0.9754065326410322
76561199064608133,0,0.9690274596214294,6,0.9754065326410322
76561198109299793,0,0.9259100556373596,6,0.9754065326410322
76561198895835430,0,0.004978598095476627,6,0.9754065326410322
76561198385964478,0,0.0035348059609532356,6,0.9754065326410322
76561198164091212,0,0.005353037267923355,6,0.9754065326410322
76561198147621207,0,0.3555566072463989,6,0.9754065326410322
76561198188841574,0,0.006491110194474459,6,0.9754065326410322
76561199012154020,0,0.6311957240104675,6,0.9754065326410322
76561198360462846,0,0.005419083870947361,6,0.9754065326410322
76561197989704866,0,0.8806504607200623,6,0.9754065326410322
76561199101893718,0,0.028468551114201546,6,0.9754065326410322
76561199108795276,0,0.0043142735958099365,6,0.9754065326410322
76561198016112407,0,0.09173043817281723,6,0.9754065326410322
76561198018622281,0,0.004108941648155451,6,0.9754065326410322
76561198095301137,0,0.01145726628601551,6,0.9754065326410322
76561198125787288,0,0.09659691900014877,6,0.9754065326410322
76561198054023590,0,0.005419474095106125,6,0.9754065326410322
76561198264361646,0,0.010989450849592686,6,0.9754065326410322
76561198210703348,0,0.012646283023059368,6,0.9754065326410322
76561199503767537,0,0.0064241234213113785,6,0.9754065326410322
76561199070525905,0,0.017240531742572784,6,0.9754065326410322
76561198859151701,0,0.6794729828834534,6,0.9754065326410322
76561198097723665,0,0.5374746322631836,6,0.9754065326410322
76561198963520681,0,0.0059446245431900024,6,0.9754065326410322
76561198078203614,0,0.004835846833884716,6,0.9754065326410322
76561198880302096,0,0.0038518966175615788,6,0.9754065326410322
76561198822061701,0,0.543756902217865,6,0.9754065326410322
76561198288296913,0,0.7106915712356567,6,0.9754065326410322
76561199538324594,0,0.005345410667359829,6,0.9754065326410322
76561199218991525,0,0.0038801541086286306,6,0.9754065326410322
76561198090386897,0,0.012660199776291847,6,0.9754065326410322
76561198080148831,0,0.008112551644444466,6,0.9754065326410322
76561199090921309,0,0.02660827711224556,6,0.9754065326410322
76561198397884923,0,0.1868632584810257,6,0.9754065326410322
76561198029685093,0,0.04199173301458359,6,0.9754065326410322
76561198038380187,0,0.14422859251499176,6,0.9754065326410322
76561198038005290,0,0.004942207131534815,6,0.9754065326410322
76561198113221785,0,0.005255360621958971,6,0.9754065326410322
76561199230357541,0,0.003975199069827795,6,0.9754065326410322
76561198007317879,1,0.972437858581543,6,0.9754065326410322
76561197972395179,0,0.016190068796277046,6,0.9754065326410322
76561198063415915,0,0.005154790822416544,6,0.9754065326410322
76561199081842315,0,0.22249163687229156,6,0.9754065326410322
76561199100273703,0,0.0035832806024700403,6,0.9754065326410322
76561198160903799,0,0.08055341243743896,6,0.9754065326410322
76561199791184167,0,0.004349240101873875,6,0.9754065326410322
76561198137737987,0,0.004787925165146589,6,0.9754065326410322
76561198858304131,0,0.8541362285614014,6,0.9754065326410322
76561198796471836,0,0.004733483772724867,6,0.9754065326410322
76561199122048984,0,0.009605877101421356,6,0.9754065326410322
76561198123598084,0,0.007702998351305723,6,0.9754065326410322
76561199418547954,0,0.004497794434428215,6,0.9754065326410322
76561199087220013,0,0.005969205871224403,6,0.9754065326410322
76561198037511728,0,0.11037789285182953,6,0.9754065326410322
76561198322568797,0,0.004019674379378557,6,0.9754065326410322
76561198369390304,0,0.005259061232209206,6,0.9754065326410322
76561197963369880,0,0.0038801541086286306,6,0.9754065326410322
76561199468259678,0,0.253315806388855,6,0.9754065326410322
76561199092383591,0,0.005697121378034353,6,0.9754065326410322
76561198123528375,0,0.0038312040269374847,6,0.9754065326410322
76561199539739803,0,0.012974494136869907,6,0.9754065326410322
76561198257123860,0,0.015160572715103626,6,0.9754065326410322
76561198404330225,0,0.003654568223282695,6,0.9754065326410322
76561198334099581,0,0.0716712474822998,6,0.9754065326410322
76561199145050251,0,0.007956964895129204,6,0.9754065326410322
76561198816044429,0,0.03582494705915451,6,0.9754065326410322
76561198329477585,0,0.010540255345404148,6,0.9754065326410322
76561199372143977,0,0.00530928373336792,6,0.9754065326410322
76561197960693420,0,0.0040870667435228825,6,0.9754065326410322
76561198821022322,0,0.004949699621647596,6,0.9754065326410322
76561199230848691,0,0.04305597394704819,6,0.9754065326410322
76561197962221922,0,0.004433625843375921,6,0.9754065326410322
76561199036126026,0,0.01793834939599037,6,0.9754065326410322
76561198019253424,0,0.19074134528636932,6,0.9754065326410322
76561198080704253,0,0.004336155951023102,6,0.9754065326410322
76561198280844454,0,0.013261270709335804,6,0.9754065326410322
76561198392309962,0,0.010197159834206104,6,0.9754065326410322
76561198954186391,0,0.013813846744596958,6,0.9754065326410322
76561199246636789,0,0.004983324091881514,6,0.9754065326410322
76561199090010465,0,0.014647292904555798,6,0.9754065326410322
76561198351999866,0,0.008154921233654022,6,0.9754065326410322
76561199444230816,0,0.04503704234957695,6,0.9754065326410322
76561198858034458,0,0.0057296655140817165,6,0.9754065326410322
76561199094583434,0,0.005067870952188969,6,0.9754065326410322
76561199069663556,0,0.0194778461009264,6,0.9754065326410322
76561198878148362,0,0.003306992817670107,6,0.9754065326410322
76561197998148206,0,0.004922375548630953,6,0.9754065326410322
76561198051187267,0,0.006553614046424627,6,0.9754065326410322
76561198396850534,0,0.9250988960266113,6,0.9754065326410322
76561199079715888,0,0.005596950650215149,6,0.9754065326410322
76561199128714084,0,0.9811137318611145,6,0.9754065326410322
76561199085609945,0,0.0461895689368248,6,0.9754065326410322
76561198866415646,0,0.2932066321372986,6,0.9754065326410322
76561198286031188,0,0.016273707151412964,6,0.9754065326410322
76561199639052576,0,0.00570288859307766,6,0.9754065326410322
76561198144295650,0,0.015469936653971672,6,0.9754065326410322
76561198085224164,0,0.48922184109687805,6,0.9754065326410322
76561198442450442,0,0.008194987662136555,6,0.9754065326410322
76561198142346420,0,0.01191498339176178,6,0.9754065326410322
76561198056072287,0,0.35443538427352905,6,0.9754065326410322
76561198257765392,0,0.003501767525449395,6,0.9754065326410322
76561198087804895,0,0.7862647175788879,6,0.9754065326410322
76561199272180771,0,0.0047961571253836155,6,0.9754065326410322
76561199404055512,0,0.013705700635910034,6,0.9754065326410322
76561198156323924,0,0.006769618950784206,6,0.9754065326410322
76561198211927763,0,0.004748133011162281,6,0.9754065326410322
76561199069472844,0,0.2509319484233856,6,0.9754065326410322
76561198851441628,0,0.19359703361988068,6,0.9754065326410322
76561198974281632,0,0.007103715557605028,6,0.9754065326410322
76561198320812318,0,0.8298325538635254,6,0.9754065326410322
76561198166653339,0,0.25409677624702454,6,0.9754065326410322
76561199262157530,0,0.021621305495500565,6,0.9754065326410322
76561198201952389,0,0.9814622402191162,6,0.9754065326410322
76561199473017326,0,0.005248484667390585,6,0.9754065326410322
76561198048842164,0,0.8796758055686951,6,0.9754065326410322
76561199184951419,0,0.12772026658058167,6,0.9754065326410322
76561198069141316,0,0.04424634575843811,6,0.9754065326410322
76561199095887115,0,0.9749030470848083,6,0.9754065326410322
76561199524857495,0,0.8214941024780273,6,0.9754065326410322
76561198181998367,0,0.025379974395036697,6,0.9754065326410322
76561198247077104,0,0.00861045066267252,6,0.9754065326410322
76561199056308227,0,0.010231398046016693,6,0.9754065326410322
76561198346416098,0,0.004079331178218126,6,0.9754065326410322
76561198199125198,0,0.3597427308559418,6,0.9754065326410322
76561198048479325,0,0.007559068500995636,6,0.9754065326410322
76561199406294692,0,0.8612967133522034,6,0.9754065326410322
76561197999368139,0,0.22101201117038727,6,0.9754065326410322
76561197999566581,0,0.015142272226512432,6,0.9754065326410322
76561198027690628,0,0.005175821948796511,6,0.9754065326410322
76561198873659172,0,0.009824139066040516,6,0.9754065326410322
76561198142693918,0,0.005248056724667549,6,0.9754065326410322
76561198124604540,0,0.48274558782577515,6,0.9754065326410322
76561198395689127,0,0.004195821937173605,6,0.9754065326410322
76561198050336522,0,0.00531067606061697,6,0.9754065326410322
76561198405492850,0,0.003501767525449395,6,0.9754065326410322
76561198075837273,0,0.0033229298423975706,6,0.9754065326410322
76561199289173931,0,0.08582936972379684,6,0.9754065326410322
76561198295425628,0,0.009722037240862846,6,0.9754065326410322
76561198057362522,0,0.004139059688895941,6,0.9754065326410322
76561198136502913,0,0.625096321105957,6,0.9754065326410322
76561199233649826,0,0.17544680833816528,6,0.9754065326410322
76561199502767235,0,0.004411248490214348,6,0.9754065326410322
76561199066000819,0,0.00530928373336792,6,0.9754065326410322
76561199540497371,0,0.00539847556501627,6,0.9754065326410322
76561198011136403,0,0.007095016539096832,6,0.9754065326410322
76561198217821539,0,0.00980396382510662,6,0.9754065326410322
76561198102847207,0,0.0036022095009684563,6,0.9754065326410322
76561198907174279,0,0.014335156418383121,6,0.9754065326410322
76561199645798494,0,0.06660424917936325,6,0.9754065326410322
76561199681439029,0,0.004592494573444128,6,0.9754065326410322
76561198123295396,0,0.004165255464613438,6,0.9754065326410322
76561198143570123,0,0.009752001613378525,6,0.9754065326410322
76561199220022309,0,0.009013616479933262,6,0.9754065326410322
76561198827307230,0,0.15429341793060303,6,0.9754065326410322
76561198805093895,0,0.004366581793874502,6,0.9754065326410322
76561197998208155,0,0.005377914756536484,6,0.9754065326410322
76561199122220422,0,0.0050615472719073296,6,0.9754065326410322
76561199013709716,0,0.07305604964494705,6,0.9754065326410322
76561198300375316,0,0.0057186768390238285,6,0.9754065326410322
76561199056636830,0,0.6306977272033691,6,0.9754065326410322
76561199066105112,1,0.9863197207450867,6,0.9754065326410322
76561197998663184,0,0.0036914425436407328,6,0.9754065326410322
76561199094254007,0,0.011653323657810688,6,0.9754065326410322
76561199184083828,0,0.008311686106026173,6,0.9754065326410322
76561198139089773,0,0.014600610360503197,6,0.9754065326410322
76561199645449869,0,0.0036914425436407328,6,0.9754065326410322
76561198804446188,0,0.004651834722608328,6,0.9754065326410322
76561199185929981,0,0.5708222985267639,6,0.9754065326410322
76561198178667434,0,0.005088525358587503,6,0.9754065326410322
76561199227732761,0,0.004452359862625599,6,0.9754065326410322
76561198071692350,0,0.6180975437164307,6,0.9754065326410322
76561198261302448,0,0.00797375850379467,6,0.9754065326410322
76561199202267594,0,0.009012321941554546,6,0.9754065326410322
76561198441955198,0,0.00398974446579814,6,0.9754065326410322
76561198979851857,0,0.0032092335168272257,6,0.9754065326410322
76561199174571907,0,0.0050922418013215065,6,0.9754065326410322
76561197980179429,0,0.004576657433062792,6,0.9754065326410322
76561198006215935,0,0.0145909134298563,6,0.9754065326410322
76561198977179755,0,0.02462664246559143,6,0.9754065326410322
76561199116177883,0,0.013259850442409515,6,0.9754065326410322
76561198031821306,0,0.004693435505032539,6,0.9754065326410322
76561198043467995,0,0.9486440420150757,6,0.9754065326410322
76561198200527679,0,0.004328525625169277,6,0.9754065326410322
76561197967692485,1,0.7746760249137878,6,0.9754065326410322
76561199204701618,0,0.0038801541086286306,6,0.9754065326410322
76561199071131740,0,0.03645139932632446,6,0.9754065326410322
76561198084045507,0,0.5417080521583557,6,0.9754065326410322
76561199217475885,0,0.0047415802255272865,6,0.9754065326410322
76561198377845095,0,0.00817587599158287,6,0.9754065326410322
76561198211545663,0,0.007633398286998272,6,0.9754065326410322
76561198059074595,0,0.04859650135040283,6,0.9754065326410322
76561198423282473,0,0.019131185486912727,6,0.9754065326410322
76561198098178170,0,0.6137482523918152,6,0.9754065326410322
76561198870756879,0,0.8600550293922424,6,0.9754065326410322
76561198060760851,0,0.5662201642990112,6,0.9754065326410322
76561199177163804,0,0.01607493869960308,6,0.9754065326410322
76561198071097234,0,0.8075997233390808,6,0.9754065326410322
76561198172912511,0,0.006700787227600813,6,0.9754065326410322
76561199070182646,0,0.42370304465293884,6,0.9754065326410322
76561198294591718,0,0.008809519000351429,6,0.9754065326410322
76561198405754166,1,0.9920005798339844,6,0.9754065326410322
76561199381415618,0,0.007962962612509727,6,0.9754065326410322
76561198301132462,1,0.933258593082428,6,0.9754065326410322
76561198100536572,0,0.35280293226242065,6,0.9754065326410322
76561199241313533,0,0.40178361535072327,6,0.9754065326410322
76561198040460321,0,0.02599361352622509,6,0.9754065326410322
76561199326985842,0,0.9588955640792847,6,0.9754065326410322
76561199479169328,0,0.003799628932029009,6,0.9754065326410322
76561198043690910,0,0.7680044174194336,6,0.9754065326410322
76561198803705580,0,0.6620018482208252,6,0.9754065326410322
76561198839025619,0,0.004869186785072088,6,0.9754065326410322
76561198302237818,0,0.7699556350708008,6,0.9754065326410322
76561198189390749,0,0.008237920701503754,6,0.9754065326410322
76561198379017107,0,0.026552530005574226,6,0.9754065326410322
76561198019132309,0,0.006656607612967491,6,0.9754065326410322
76561199434335293,0,0.004327856004238129,6,0.9754065326410322
76561199558310639,0,0.5127089619636536,6,0.9754065326410322
76561197966277025,0,0.012544376775622368,6,0.9754065326410322
76561199153199177,0,0.016465850174427032,6,0.9754065326410322
76561197986339583,0,0.005009561777114868,6,0.9754065326410322
76561198405731350,0,0.009674280881881714,6,0.9754065326410322
76561198160662916,0,0.011625293642282486,6,0.9754065326410322
76561199588350557,0,0.003973580896854401,6,0.9754065326410322
76561199549263545,0,0.004985880572348833,6,0.9754065326410322
76561198950899663,0,0.005450755823403597,6,0.9754065326410322
76561199023309149,0,0.014014145359396935,6,0.9754065326410322
76561198095819279,0,0.013127706944942474,6,0.9754065326410322
76561198049745280,0,0.005393152590841055,6,0.9754065326410322
76561198061724743,0,0.0046507022343575954,6,0.9754065326410322
76561198818717965,0,0.8612205982208252,6,0.9754065326410322
76561199221002318,0,0.6212358474731445,6,0.9754065326410322
76561199122618664,1,0.9741306304931641,6,0.9754065326410322
76561198310924179,0,0.00609651068225503,6,0.9754065326410322
76561198341420806,0,0.018292022868990898,6,0.9754065326410322
76561198419610487,0,0.08345388621091843,6,0.9754065326410322
76561198157317710,0,0.004316512029618025,6,0.9754065326410322
76561199095494045,0,0.004577120300382376,6,0.9754065326410322
76561199468091404,0,0.00479512894526124,6,0.9754065326410322
76561198118065503,0,0.004750025924295187,6,0.9754065326410322
76561199045702491,0,0.3395855724811554,6,0.9754065326410322
76561198122440380,0,0.006032564211636782,6,0.9754065326410322
76561198338614135,0,0.009390629827976227,6,0.9754065326410322
76561198111486975,0,0.5297769904136658,6,0.9754065326410322
76561199075630296,0,0.014130031690001488,6,0.9754065326410322
76561198925920977,0,0.9867880344390869,6,0.9754065326410322
76561199181290481,0,0.29591163992881775,6,0.9754065326410322
76561197971788597,0,0.006349562667310238,6,0.9754065326410322
76561199088284970,0,0.007377333007752895,6,0.9754065326410322
76561198070982164,0,0.007538217585533857,6,0.9754065326410322
76561199465491148,0,0.024804167449474335,6,0.9754065326410322
76561198832004726,0,0.28489673137664795,6,0.9754065326410322
76561198048084382,1,0.9927558302879333,6,0.9754065326410322
76561198127546132,0,0.00616352166980505,6,0.9754065326410322
76561198204371743,0,0.009254485368728638,6,0.9754065326410322
76561199389714778,0,0.012052416801452637,6,0.9754065326410322
76561198068809690,0,0.06980685889720917,6,0.9754065326410322
76561198965393947,0,0.015470734797418118,6,0.9754065326410322
76561198104616688,0,0.9442530274391174,6,0.9754065326410322
76561198053281689,0,0.005630786065012217,6,0.9754065326410322
76561199129278088,0,0.9140201210975647,6,0.9754065326410322
76561199184287096,0,0.005408417899161577,6,0.9754065326410322
76561198287394795,0,0.008393717929720879,6,0.9754065326410322
76561198009589023,0,0.0063275606371462345,6,0.9754065326410322
76561198083448074,0,0.004790219943970442,6,0.9754065326410322
76561198143824210,0,0.0036970588844269514,6,0.9754065326410322
76561198088857598,0,0.006807370111346245,6,0.9754065326410322
76561198033020418,0,0.02306583896279335,6,0.9754065326410322
76561198055083908,0,0.9561943411827087,6,0.9754065326410322
76561199216809182,0,0.004923908039927483,6,0.9754065326410322
76561199102380605,0,0.011559445410966873,6,0.9754065326410322
76561198303467536,0,0.023179659619927406,6,0.9754065326410322
76561199382160934,0,0.005063622258603573,6,0.9754065326410322
76561198804897802,0,0.004923001863062382,6,0.9754065326410322
76561198160004737,0,0.9893409609794617,6,0.9754065326410322
76561199266931653,0,0.03216564655303955,6,0.9754065326410322
76561198084594521,0,0.003600822063162923,6,0.9754065326410322
76561199065689331,0,0.033531755208969116,6,0.9754065326410322
76561199642389414,0,0.009026998654007912,6,0.9754065326410322
76561198018690187,0,0.07171739637851715,6,0.9754065326410322
76561199182853868,0,0.0042013125494122505,6,0.9754065326410322
76561198049110109,0,0.9567692279815674,6,0.9754065326410322
76561198001711759,0,0.19400358200073242,6,0.9754065326410322
76561198850700232,0,0.004146566614508629,6,0.9754065326410322
76561198151681184,0,0.24274177849292755,6,0.9754065326410322
76561198179910589,0,0.8672078251838684,6,0.9754065326410322
76561198936073928,0,0.006572948768734932,6,0.9754065326410322
76561198846402154,0,0.005451391916722059,6,0.9754065326410322
76561199064548464,0,0.08081553876399994,6,0.9754065326410322
76561198146166760,0,0.8158538937568665,6,0.9754065326410322
76561198422451377,0,0.09711706638336182,6,0.9754065326410322
76561199090165630,0,0.0038703319150954485,6,0.9754065326410322
76561199001143605,0,0.3360218405723572,6,0.9754065326410322
76561199185088914,0,0.2111368179321289,6,0.9754065326410322
76561198032833655,0,0.005810458678752184,6,0.9754065326410322
76561197994182300,0,0.7023950219154358,6,0.9754065326410322
76561198362598994,0,0.19014973938465118,6,0.9754065326410322
76561199138879205,0,0.704535722732544,6,0.9754065326410322
76561199038313532,0,0.01402831170707941,6,0.9754065326410322
76561198057001075,0,0.9172248244285583,6,0.9754065326410322
76561198061515869,0,0.005752086639404297,6,0.9754065326410322
76561198007830467,0,0.18331772089004517,6,0.9754065326410322
76561199100395120,0,0.2348194718360901,6,0.9754065326410322
76561197985719183,0,0.005608243402093649,6,0.9754065326410322
76561199059382486,1,0.9871463775634766,6,0.9754065326410322
76561198094247479,0,0.003674753475934267,6,0.9754065326410322
76561197970493467,0,0.004476906731724739,6,0.9754065326410322
76561198030831426,0,0.43070948123931885,6,0.9754065326410322
76561198119114409,0,0.030390560626983643,6,0.9754065326410322
76561198301033839,0,0.004429961554706097,6,0.9754065326410322
76561199090213969,0,0.048527441918849945,6,0.9754065326410322
76561199643082450,0,0.007997949607670307,6,0.9754065326410322
76561199132398259,0,0.31777700781822205,6,0.9754065326410322
76561199121440991,0,0.005403757560998201,6,0.9754065326410322
76561199492265229,0,0.004495103377848864,6,0.9754065326410322
76561198218911407,0,0.26843947172164917,6,0.9754065326410322
76561197968383461,0,0.027395376935601234,6,0.9754065326410322
76561199202672789,0,0.3452097773551941,6,0.9754065326410322
76561198296675674,0,0.7656751275062561,6,0.9754065326410322
76561197976864138,0,0.24297009408473969,6,0.9754065326410322
76561199558685395,1,0.7882823944091797,6,0.9754065326410322
76561198330546609,0,0.5164655447006226,6,0.9754065326410322
76561198078142099,0,0.005270652938634157,6,0.9754065326410322
76561198365125223,0,0.005334721878170967,6,0.9754065326410322
76561198859882160,0,0.003736786777153611,6,0.9754065326410322
76561198251216254,0,0.0071425181813538074,6,0.9754065326410322
76561198931400928,0,0.02256043627858162,6,0.9754065326410322
76561198879634823,0,0.008580146357417107,6,0.9754065326410322
76561197993250790,0,0.005156319588422775,6,0.9754065326410322
76561199223921620,0,0.004903069231659174,6,0.9754065326410322
76561198327120692,0,0.007103715557605028,6,0.9754065326410322
76561199608956029,0,0.005811864510178566,6,0.9754065326410322
76561199009799861,0,0.005308452527970076,6,0.9754065326410322
76561198282217404,0,0.36153173446655273,6,0.9754065326410322
76561198061851291,0,0.9857089519500732,6,0.9754065326410322
76561198841428384,0,0.005620249081403017,6,0.9754065326410322
76561199031816411,0,0.0038710234221071005,6,0.9754065326410322
76561198845393065,0,0.00406890083104372,6,0.9754065326410322
76561199042366924,0,0.004503823816776276,6,0.9754065326410322
76561198208367013,0,0.007678377442061901,6,0.9754065326410322
76561198047540702,0,0.07332710921764374,6,0.9754065326410322
76561199322785092,0,0.0038318971637636423,6,0.9754065326410322
76561198018604277,0,0.011921760626137257,6,0.9754065326410322
76561199379152609,0,0.004453903064131737,6,0.9754065326410322
76561199654751616,0,0.019598063081502914,6,0.9754065326410322
76561199057256245,0,0.014872826635837555,6,0.9754065326410322
76561198204567193,0,0.006516136694699526,6,0.9754065326410322
76561198047058393,0,0.08004911243915558,6,0.9754065326410322
76561199610526795,0,0.0044523621909320354,6,0.9754065326410322
76561199144090217,0,0.00961296632885933,6,0.9754065326410322
76561198128685972,0,0.23885338008403778,6,0.9754065326410322
76561199171316831,0,0.0048389071598649025,6,0.9754065326410322
76561199043749073,0,0.02117350324988365,6,0.9754065326410322
76561198981638951,0,0.003926499746739864,6,0.9754065326410322
76561198830161051,0,0.9047407507896423,6,0.9754065326410322
76561198993224573,0,0.006135779898613691,6,0.9754065326410322
76561198196029533,0,0.004502985626459122,6,0.9754065326410322
76561199012021645,0,0.00443226657807827,6,0.9754065326410322
76561199197511134,0,0.2485753297805786,6,0.9754065326410322
76561199527233591,0,0.004764100071042776,6,0.9754065326410322
76561197977984666,0,0.031570371240377426,6,0.9754065326410322
76561198989339085,0,0.02099561132490635,6,0.9754065326410322
76561198274444092,0,0.005200230050832033,6,0.9754065326410322
76561198896060275,0,0.004557307809591293,6,0.9754065326410322
76561198234901456,0,0.007554970681667328,6,0.9754065326410322
76561198863885966,0,0.00812891498208046,6,0.9754065326410322
76561199164299799,0,0.007103715557605028,6,0.9754065326410322
76561198308647934,0,0.003784979460760951,6,0.9754065326410322
76561198019650362,0,0.009502538479864597,6,0.9754065326410322
76561198830649802,0,0.015177206136286259,6,0.9754065326410322
76561199156276806,0,0.0035126295406371355,6,0.9754065326410322
76561197984041599,0,0.011391662061214447,6,0.9754065326410322
76561198120936528,0,0.5441312193870544,6,0.9754065326410322
76561198230437780,0,0.003841770114377141,6,0.9754065326410322
76561199559881837,0,0.038378600031137466,6,0.9754065326410322
76561198068277454,0,0.027272004634141922,6,0.9754065326410322
76561199004684783,0,0.008664838038384914,6,0.9754065326410322
76561198313712143,0,0.004861083813011646,6,0.9754065326410322
76561198200667995,0,0.0040870667435228825,6,0.9754065326410322
76561198377462635,0,0.023906560614705086,6,0.9754065326410322
76561198810054301,0,0.0858255922794342,6,0.9754065326410322
76561199027186042,0,0.02667827345430851,6,0.9754065326410322
76561198271313125,0,0.0047650630585849285,6,0.9754065326410322
76561199125428228,1,0.991821825504303,6,0.9754065326410322
76561198011519019,0,0.20224358141422272,6,0.9754065326410322
76561199056803950,0,0.007085644174367189,6,0.9754065326410322
76561198033202540,0,0.2007431536912918,6,0.9754065326410322
76561198062322029,0,0.03733173385262489,6,0.9754065326410322
76561198011705940,0,0.7629380226135254,6,0.9754065326410322
76561198071579586,1,0.9256204962730408,6,0.9754065326410322
76561199209019777,1,0.5119076371192932,6,0.9754065326410322
76561198199483826,0,0.003441600129008293,6,0.9754065326410322
76561198120124742,0,0.007280284538865089,6,0.9754065326410322
76561198089085937,1,0.9875687956809998,6,0.9754065326410322
76561199059685818,0,0.02854209579527378,6,0.9754065326410322
76561198006066906,0,0.5765172243118286,6,0.9754065326410322
76561198273484115,0,0.005797219462692738,6,0.9754065326410322
76561198054389092,0,0.013371683657169342,6,0.9754065326410322
76561198000725902,0,0.9558112025260925,6,0.9754065326410322
76561198095777170,0,0.01023991871625185,6,0.9754065326410322
76561198120433138,0,0.02139364182949066,6,0.9754065326410322
76561199188382283,0,0.022700507193803787,6,0.9754065326410322
76561198077593486,0,0.6468327045440674,6,0.9754065326410322
76561198136807856,0,0.026217244565486908,6,0.9754065326410322
76561198004540124,0,0.9459141492843628,6,0.9754065326410322
76561199234136425,0,0.027341529726982117,6,0.9754065326410322
76561197974522535,0,0.007474709767848253,6,0.9754065326410322
76561199027584161,0,0.09110181778669357,6,0.9754065326410322
76561199215694331,0,0.004030162934213877,6,0.9754065326410322
76561198312155233,1,0.989924430847168,6,0.9754065326410322
76561198026155481,0,0.005673906300216913,6,0.9754065326410322
76561199210975802,0,0.04751809313893318,6,0.9754065326410322
76561199272996241,0,0.004095459822565317,6,0.9754065326410322
76561198125563826,1,0.9922633171081543,6,0.9754065326410322
76561197986702829,0,0.003770139068365097,6,0.9754065326410322
76561199209677376,0,0.964279294013977,6,0.9754065326410322
76561198376811423,0,0.00570987444370985,6,0.9754065326410322
76561199053044425,0,0.9835156798362732,6,0.9754065326410322
76561198818491196,0,0.004323388449847698,6,0.9754065326410322
76561198067640489,0,0.0064629134722054005,6,0.9754065326410322
76561198103125297,0,0.06549257040023804,6,0.9754065326410322
76561198025367533,0,0.019684957340359688,6,0.9754065326410322
76561198319403288,0,0.14126911759376526,6,0.9754065326410322
76561199177187109,0,0.0033901571296155453,6,0.9754065326410322
76561198004700307,0,0.009005491621792316,6,0.9754065326410322
76561198065900942,0,0.0036285128444433212,6,0.9754065326410322
76561199372380472,0,0.008103570900857449,6,0.9754065326410322
76561198340986178,0,0.009268049150705338,6,0.9754065326410322
76561198153448054,0,0.004547633230686188,6,0.9754065326410322
76561198142101239,0,0.015339421108365059,6,0.9754065326410322
76561198043313920,0,0.005481436848640442,6,0.9754065326410322
76561198408767239,0,0.0038219483103603125,6,0.9754065326410322
76561199048722891,0,0.5588538646697998,6,0.9754065326410322
76561199081600374,0,0.040134329348802567,6,0.9754065326410322
76561198190695622,0,0.008974269032478333,6,0.9754065326410322
76561199301865743,0,0.009762934409081936,6,0.9754065326410322
76561198122754183,0,0.013969681225717068,6,0.9754065326410322
76561198928723439,0,0.8741487860679626,6,0.9754065326410322
76561198445584952,0,0.6191062331199646,6,0.9754065326410322
76561198297751603,0,0.08790992200374603,6,0.9754065326410322
76561198125266535,0,0.017026551067829132,6,0.9754065326410322
76561198295853367,0,0.0038801541086286306,6,0.9754065326410322
76561199627711098,0,0.016414513811469078,6,0.9754065326410322
76561198157888105,0,0.011394835077226162,6,0.9754065326410322
76561197971093377,0,0.00505573907867074,6,0.9754065326410322
76561198082801924,0,0.003449275391176343,6,0.9754065326410322
76561198804679199,0,0.008172527886927128,6,0.9754065326410322
76561198205006092,0,0.06258322298526764,6,0.9754065326410322
76561199045899821,0,0.008720489218831062,6,0.9754065326410322
76561199013553026,0,0.003753234399482608,6,0.9754065326410322
76561198936752412,0,0.0076208957470953465,6,0.9754065326410322
76561198133723503,0,0.05901850014925003,6,0.9754065326410322
76561198066241635,0,0.00752209173515439,6,0.9754065326410322
76561198857450038,0,0.008488393388688564,6,0.9754065326410322
76561198872245853,0,0.005262929014861584,6,0.9754065326410322
76561199148291040,0,0.0078031569719314575,6,0.9754065326410322
76561198396907986,0,0.0055560097098350525,6,0.9754065326410322
76561198079910888,0,0.004303343594074249,6,0.9754065326410322
76561198174162977,0,0.004113504663109779,6,0.9754065326410322
76561198853945068,0,0.006050484254956245,6,0.9754065326410322
76561198134271710,0,0.9191805124282837,6,0.9754065326410322
76561198321410384,0,0.00900266319513321,6,0.9754065326410322
76561199034293299,0,0.0331733301281929,6,0.9754065326410322
76561198080200676,0,0.003993791528046131,6,0.9754065326410322
76561198052206002,0,0.007106918375939131,6,0.9754065326410322
76561198042183283,0,0.5304808616638184,6,0.9754065326410322
76561199015717141,0,0.004688684828579426,6,0.9754065326410322
76561198419375940,0,0.023651916533708572,6,0.9754065326410322
76561198419403807,0,0.005799028556793928,6,0.9754065326410322
76561199503312762,0,0.8499401807785034,6,0.9754065326410322
76561198068574779,0,0.003665063064545393,6,0.9754065326410322
76561198061377177,1,0.9921485185623169,6,0.9754065326410322
76561198067115216,0,0.04480675235390663,6,0.9754065326410322
76561198335367939,0,0.5633942484855652,6,0.9754065326410322
76561199030939490,0,0.9741724729537964,6,0.9754065326410322
76561198097826626,0,0.005977524444460869,6,0.9754065326410322
76561198152548362,0,0.019414931535720825,6,0.9754065326410322
76561198089477694,0,0.10493805259466171,6,0.9754065326410322
76561198046836628,0,0.01061293762177229,6,0.9754065326410322
76561198808390817,0,0.009867100976407528,6,0.9754065326410322
76561199182240690,0,0.010770353488624096,6,0.9754065326410322
76561198820083368,0,0.006415138486772776,6,0.9754065326410322
76561198047897456,0,0.2253006249666214,6,0.9754065326410322
76561198052202003,0,0.013889331370592117,6,0.9754065326410322
76561198063466945,0,0.048041149973869324,6,0.9754065326410322
76561198109886365,0,0.9064640998840332,6,0.9754065326410322
76561198057009163,0,0.391836941242218,6,0.9754065326410322
76561198208269193,0,0.0060481783002614975,6,0.9754065326410322
76561198957971563,0,0.01897622086107731,6,0.9754065326410322
76561199132447508,0,0.003501767525449395,6,0.9754065326410322
76561198075291526,0,0.2772270143032074,6,0.9754065326410322
76561198098279009,0,0.0035741974133998156,6,0.9754065326410322
76561198042917864,0,0.2900729477405548,6,0.9754065326410322
76561198177184642,0,0.015923524275422096,6,0.9754065326410322
76561198047438884,0,0.011847598478198051,6,0.9754065326410322
76561198155697540,0,0.00404336815699935,6,0.9754065326410322
76561198977835533,0,0.019535193219780922,6,0.9754065326410322
76561199204889989,0,0.06090791895985603,6,0.9754065326410322
76561198080130725,0,0.005578608252108097,6,0.9754065326410322
76561199453660520,0,0.03563051298260689,6,0.9754065326410322
76561198319624878,0,0.9259741306304932,6,0.9754065326410322
76561198083016175,0,0.6469271779060364,6,0.9754065326410322
76561198393544930,0,0.01890270598232746,6,0.9754065326410322
76561199178305036,0,0.00805467739701271,6,0.9754065326410322
76561199281110396,0,0.003946998156607151,6,0.9754065326410322
76561198097956135,0,0.004871747922152281,6,0.9754065326410322
76561198097772767,0,0.007645400241017342,6,0.9754065326410322
76561198007500522,0,0.31407567858695984,6,0.9754065326410322
76561199053998567,0,0.005915576126426458,6,0.9754065326410322
76561199232199787,0,0.0047334907576441765,6,0.9754065326410322
76561198007040985,0,0.005257452372461557,6,0.9754065326410322
76561199087116398,0,0.005458169151097536,6,0.9754065326410322
76561198022567648,0,0.004073156043887138,6,0.9754065326410322
76561198272157236,0,0.49108055233955383,6,0.9754065326410322
76561198071218307,0,0.9839189052581787,6,0.9754065326410322
76561198139315640,0,0.00496606295928359,6,0.9754065326410322
76561198122941323,0,0.02479311265051365,6,0.9754065326410322
76561198121831539,0,0.003860738594084978,6,0.9754065326410322
76561199481133440,0,0.005103017669171095,6,0.9754065326410322
76561198060651405,0,0.006093875505030155,6,0.9754065326410322
76561198145426258,0,0.44485902786254883,6,0.9754065326410322
76561198089533732,0,0.07557046413421631,6,0.9754065326410322
76561198836747358,0,0.0037875438574701548,6,0.9754065326410322
76561198323497606,0,0.14571554958820343,6,0.9754065326410322
76561199247359377,0,0.01181457843631506,6,0.9754065326410322
76561199069861386,1,0.9927355051040649,6,0.9754065326410322
76561199191482625,0,0.005628068465739489,6,0.9754065326410322
76561199006586155,0,0.04271898418664932,6,0.9754065326410322
76561198216181839,0,0.043670762330293655,6,0.9754065326410322
76561199065388437,0,0.06712788343429565,6,0.9754065326410322
76561199103454039,0,0.0038801541086286306,6,0.9754065326410322
76561198163352720,0,0.023106876760721207,6,0.9754065326410322
76561198163260014,0,0.003482345025986433,6,0.9754065326410322
76561198853129178,0,0.004317831248044968,6,0.9754065326410322
76561198998445973,0,0.004002971109002829,6,0.9754065326410322
76561198025057295,0,0.023028677329421043,6,0.9754065326410322
76561198203313880,0,0.015233328565955162,6,0.9754065326410322
76561199097680711,0,0.4919719099998474,6,0.9754065326410322
76561199148650565,0,0.9770259261131287,6,0.9754065326410322
76561198249665734,0,0.004702014848589897,6,0.9754065326410322
76561199091880210,0,0.004186802078038454,6,0.9754065326410322
76561198280988885,0,0.18675364553928375,6,0.9754065326410322
76561199471465304,0,0.0034638382494449615,6,0.9754065326410322
76561198206951457,0,0.27301010489463806,6,0.9754065326410322
76561198097781886,0,0.007148567587137222,6,0.9754065326410322
76561199026526344,1,0.8810516595840454,6,0.9754065326410322
76561198133150811,0,0.7761889696121216,6,0.9754065326410322
76561198258680107,0,0.4520396590232849,6,0.9754065326410322
76561198798608023,0,0.8058069348335266,6,0.9754065326410322
76561198299842288,0,0.02575373463332653,6,0.9754065326410322
76561198882014978,0,0.08001814037561417,6,0.9754065326410322
76561198879807180,0,0.2410886436700821,6,0.9754065326410322
76561199016053105,0,0.14051155745983124,6,0.9754065326410322
76561199156794268,0,0.1893901377916336,6,0.9754065326410322
76561198070048194,0,0.29911118745803833,6,0.9754065326410322
76561198004596295,0,0.08776488155126572,6,0.9754065326410322
76561197970724716,0,0.016036171466112137,6,0.9754065326410322
76561198308354360,0,0.0035062378738075495,6,0.9754065326410322
76561198270108251,0,0.9426164627075195,6,0.9754065326410322
76561198936245183,0,0.494137167930603,6,0.9754065326410322
76561199164762229,0,0.234154611825943,6,0.9754065326410322
76561199097130304,0,0.012673943303525448,6,0.9754065326410322
76561198381166963,0,0.0039467597380280495,6,0.9754065326410322
76561199060014494,0,0.17589707672595978,6,0.9754065326410322
76561198048806282,0,0.019249072298407555,6,0.9754065326410322
76561198023651143,0,0.9526704549789429,6,0.9754065326410322
76561199217290821,0,0.0059592947363853455,6,0.9754065326410322
76561198351309571,0,0.010678448714315891,6,0.9754065326410322
76561198067846458,0,0.004779661539942026,6,0.9754065326410322
76561198280824426,0,0.008172567002475262,6,0.9754065326410322
76561198138078613,0,0.02061322331428528,6,0.9754065326410322
76561199024971997,0,0.004917086102068424,6,0.9754065326410322
76561198121697603,0,0.009559291414916515,6,0.9754065326410322
76561198265177841,0,0.010110476985573769,6,0.9754065326410322
76561198134517806,0,0.07114122807979584,6,0.9754065326410322
76561198302411699,0,0.22337205708026886,6,0.9754065326410322
76561198972953525,0,0.9805857539176941,6,0.9754065326410322
76561198059311017,0,0.7143294811248779,6,0.9754065326410322
76561198255097887,0,0.005620249081403017,6,0.9754065326410322
76561198074874443,0,0.005330437328666449,6,0.9754065326410322
76561198018420801,0,0.010973530821502209,6,0.9754065326410322
76561199500861190,0,0.009874464944005013,6,0.9754065326410322
76561199064603405,0,0.004608154762536287,6,0.9754065326410322
76561198969778914,0,0.0032092335168272257,6,0.9754065326410322
76561198396650975,0,0.010775750502943993,6,0.9754065326410322
76561198005610294,0,0.008007715456187725,6,0.9754065326410322
76561198441024360,0,0.007954473607242107,6,0.9754065326410322
76561198846849649,0,0.024193929508328438,6,0.9754065326410322
76561198141932830,0,0.004954053554683924,6,0.9754065326410322
76561198883520718,0,0.014223148114979267,6,0.9754065326410322
76561199212509006,0,0.0051849838346242905,6,0.9754065326410322
76561198972909841,0,0.08423645794391632,6,0.9754065326410322
76561198079782540,0,0.0038259064313024282,6,0.9754065326410322
76561198354183055,0,0.05550946667790413,6,0.9754065326410322
76561198272719350,0,0.26605328917503357,6,0.9754065326410322
76561199121405654,0,0.004742681048810482,6,0.9754065326410322
76561199130524605,0,0.04873059689998627,6,0.9754065326410322
76561199047356257,0,0.003939085640013218,6,0.9754065326410322
76561198990160825,0,0.008256173692643642,6,0.9754065326410322
76561197970541377,1,0.9912025928497314,6,0.9754065326410322
76561199118143912,0,0.005996554624289274,6,0.9754065326410322
76561199072203664,0,0.01108546182513237,6,0.9754065326410322
76561199097428332,1,0.9852402210235596,6,0.9754065326410322
76561198849208084,0,0.0046744137071073055,6,0.9754065326410322
76561199136555751,0,0.017947793006896973,6,0.9754065326410322
76561199089710762,0,0.4890674352645874,6,0.9754065326410322
76561198276096463,0,0.20728613436222076,6,0.9754065326410322
76561198186377127,0,0.004268708638846874,6,0.9754065326410322
76561198349105106,0,0.004455828107893467,6,0.9754065326410322
76561199586494867,0,0.005160176660865545,6,0.9754065326410322
76561198875590459,0,0.049650389701128006,6,0.9754065326410322
76561198281330783,0,0.01447200309485197,6,0.9754065326410322
76561199082603713,0,0.027874330058693886,6,0.9754065326410322
76561199355237670,0,0.0038608682807534933,6,0.9754065326410322
76561199070541999,0,0.003484732238575816,6,0.9754065326410322
76561198098108665,0,0.00931193120777607,6,0.9754065326410322
76561199381840062,0,0.0038611325435340405,6,0.9754065326410322
76561198194311037,0,0.009268049150705338,6,0.9754065326410322
76561197968422228,0,0.004047310911118984,6,0.9754065326410322
76561199179510517,0,0.04819042980670929,6,0.9754065326410322
76561197975979830,0,0.0032857959158718586,6,0.9754065326410322
76561198344588394,0,0.003515613730996847,6,0.9754065326410322
76561198339023453,0,0.006508337799459696,6,0.9754065326410322
76561198126650990,0,0.004260463174432516,6,0.9754065326410322
76561199133555482,0,0.0038801541086286306,6,0.9754065326410322
76561198057171861,0,0.003753234399482608,6,0.9754065326410322
76561198005013470,0,0.021661153063178062,6,0.9754065326410322
76561198047327874,0,0.00570070231333375,6,0.9754065326410322
76561199520576861,0,0.16449446976184845,6,0.9754065326410322
76561198365727646,0,0.0053169140592217445,6,0.9754065326410322
76561198406240180,0,0.023165037855505943,6,0.9754065326410322
76561198057518147,0,0.003569995053112507,6,0.9754065326410322
76561198089006788,0,0.004477114882320166,6,0.9754065326410322
76561199568193893,0,0.027745811268687248,6,0.9754065326410322
76561199112021711,0,0.04199173301458359,6,0.9754065326410322
76561199213433793,0,0.003753234399482608,6,0.9754065326410322
76561198116734364,0,0.0036832618061453104,6,0.9754065326410322
76561197975403107,0,0.00746515765786171,6,0.9754065326410322
76561198956911015,0,0.1877986192703247,6,0.9754065326410322
76561198020567670,0,0.0036678710021078587,6,0.9754065326410322
76561198136986713,0,0.007686581928282976,6,0.9754065326410322
76561197976835318,0,0.007757276762276888,6,0.9754065326410322
76561198400736222,0,0.011700848117470741,6,0.9754065326410322
76561198996562547,0,0.006244300398975611,6,0.9754065326410322
76561199070542729,0,0.010376266203820705,6,0.9754065326410322
76561199164347451,0,0.8562984466552734,6,0.9754065326410322
76561199787026219,0,0.8793413043022156,6,0.9754065326410322
76561198142702010,0,0.004403220023959875,6,0.9754065326410322
76561199636795052,0,0.06857673823833466,6,0.9754065326410322
76561199074166611,0,0.6369960308074951,6,0.9754065326410322
76561198952468292,0,0.34995439648628235,6,0.9754065326410322
76561199542907822,0,0.008651749230921268,6,0.9754065326410322
76561198047932845,0,0.04479212313890457,6,0.9754065326410322
76561198120371020,0,0.00437732320278883,6,0.9754065326410322
76561199121608520,0,0.004305638838559389,6,0.9754065326410322
76561199528713468,0,0.003879155497997999,6,0.9754065326410322
76561198930238457,0,0.0032092335168272257,6,0.9754065326410322
76561198117448782,0,0.03774634376168251,6,0.9754065326410322
76561199195603067,0,0.044988151639699936,6,0.9754065326410322
76561198246109486,0,0.4951653778553009,6,0.9754065326410322
76561198062013083,0,0.7936375737190247,6,0.9754065326410322
76561198064597609,0,0.013452642597258091,6,0.9754065326410322
76561199039328540,1,0.9681206941604614,6,0.9754065326410322
76561199018004364,0,0.05619994178414345,6,0.9754065326410322
76561198880329333,0,0.010669630020856857,6,0.9754065326410322
76561199364753843,0,0.025991050526499748,6,0.9754065326410322
76561199231263432,0,0.006885015871375799,6,0.9754065326410322
76561198410345500,0,0.33599746227264404,6,0.9754065326410322
76561198158019967,0,0.6997290253639221,6,0.9754065326410322
76561199044083248,0,0.01217108964920044,6,0.9754065326410322
76561198798868135,0,0.0036942390725016594,6,0.9754065326410322
76561199081286558,0,0.018194999545812607,6,0.9754065326410322
76561199225925742,0,0.03884337097406387,6,0.9754065326410322
76561199091638571,0,0.5974056124687195,6,0.9754065326410322
76561198121405951,0,0.8349060416221619,6,0.9754065326410322
76561198023295634,0,0.9792186617851257,6,0.9754065326410322
76561198815350938,0,0.9767533540725708,6,0.9754065326410322
76561199047862086,0,0.16793309152126312,6,0.9754065326410322
76561198125726802,0,0.003702975809574127,6,0.9754065326410322
76561199114510678,0,0.004407670348882675,6,0.9754065326410322
76561199094311770,0,0.00870620645582676,6,0.9754065326410322
76561199231127826,0,0.05335618555545807,6,0.9754065326410322
76561197994475082,0,0.7380248308181763,6,0.9754065326410322
76561198292667039,0,0.005999881308525801,6,0.9754065326410322
76561198237124694,0,0.010000324808061123,6,0.9754065326410322
76561198327270163,0,0.015454291366040707,6,0.9754065326410322
76561199229596203,0,0.0078031569719314575,6,0.9754065326410322
76561199231425827,0,0.0037121910136193037,6,0.9754065326410322
76561198004795754,0,0.03415678068995476,6,0.9754065326410322
76561198829668371,0,0.9074152708053589,6,0.9754065326410322
76561198078698782,0,0.0037636507768183947,6,0.9754065326410322
76561199028385765,0,0.030677206814289093,6,0.9754065326410322
76561199229417014,0,0.004343932028859854,6,0.9754065326410322
76561199010824130,0,0.0032472198363393545,6,0.9754065326410322
76561199044755723,0,0.009157651104032993,6,0.9754065326410322
76561199456358192,0,0.005642015486955643,6,0.9754065326410322
76561198030463596,0,0.010279366746544838,6,0.9754065326410322
76561198435842562,0,0.005741763394325972,6,0.9754065326410322
76561198001683186,0,0.003936667460948229,6,0.9754065326410322
76561198054119891,0,0.006521223578602076,6,0.9754065326410322
76561198198847665,0,0.004895486403256655,6,0.9754065326410322
76561198381093797,0,0.005113743245601654,6,0.9754065326410322
76561199166836345,0,0.008088445290923119,6,0.9754065326410322
76561199501200137,0,0.003258112585172057,6,0.9754065326410322
76561199466232495,0,0.03400597348809242,6,0.9754065326410322
76561199085980473,0,0.004819657187908888,6,0.9754065326410322
76561199167422598,0,0.026492508128285408,6,0.9754065326410322
76561198142779983,0,0.46090200543403625,6,0.9754065326410322
76561198226748004,0,0.3517460823059082,6,0.9754065326410322
76561198888571126,0,0.0072552659548819065,6,0.9754065326410322
76561199053074534,0,0.04310183227062225,6,0.9754065326410322
76561198421197011,0,0.010770353488624096,6,0.9754065326410322
76561198363841996,0,0.04405072703957558,6,0.9754065326410322
76561199090552247,0,0.03809928521513939,6,0.9754065326410322
76561198301996188,0,0.003182250540703535,6,0.9754065326410322
76561198867716662,0,0.003886957187205553,6,0.9754065326410322
76561198041802037,0,0.22897425293922424,6,0.9754065326410322
76561199139652967,0,0.003515613730996847,6,0.9754065326410322
76561198210604536,0,0.1517440676689148,6,0.9754065326410322
76561198403848025,0,0.0033526248298585415,6,0.9754065326410322
76561198066484362,0,0.00708325020968914,6,0.9754065326410322
76561198877697163,0,0.005289631895720959,6,0.9754065326410322
76561198173850946,0,0.012617272324860096,6,0.9754065326410322
76561198434071956,0,0.009629867970943451,6,0.9754065326410322
76561199199101653,0,0.00404336815699935,6,0.9754065326410322
76561199552416346,0,0.08699726313352585,6,0.9754065326410322
76561198066226904,0,0.009464233182370663,6,0.9754065326410322
76561198275327520,0,0.008462086319923401,6,0.9754065326410322
76561199447957635,0,0.022057462483644485,6,0.9754065326410322
76561198930449451,1,0.9791714549064636,6,0.9754065326410322
76561198119598712,0,0.00616362364962697,6,0.9754065326410322
76561198360677956,0,0.2278519719839096,6,0.9754065326410322
76561198354877009,1,0.700253427028656,6,0.9754065326410322
76561198007030912,0,0.017612993717193604,6,0.9754065326410322
76561198120295676,0,0.17616009712219238,6,0.9754065326410322
76561198119995872,0,0.2996288239955902,6,0.9754065326410322
76561199181702218,0,0.005096606444567442,6,0.9754065326410322
76561199509094206,0,0.007021213416010141,6,0.9754065326410322
76561198147616768,0,0.5978896021842957,6,0.9754065326410322
76561198057774853,0,0.03447171673178673,6,0.9754065326410322
76561199165623481,0,0.5819913744926453,6,0.9754065326410322
76561198027992381,0,0.3000800311565399,6,0.9754065326410322
76561198202010856,0,0.025500761345028877,6,0.9754065326410322
76561198205252373,0,0.7813687920570374,6,0.9754065326410322
76561199466565307,0,0.08877676725387573,6,0.9754065326410322
76561198012061929,0,0.012821130454540253,6,0.9754065326410322
76561198333541111,0,0.22063706815242767,6,0.9754065326410322
76561198067387987,0,0.39528876543045044,6,0.9754065326410322
76561198065315535,0,0.039233334362506866,6,0.9754065326410322
76561198052974357,0,0.0048873997293412685,6,0.9754065326410322
76561198977360958,0,0.9491472244262695,6,0.9754065326410322
76561198193906742,0,0.05754316225647926,6,0.9754065326410322
76561198849795591,0,0.003515613730996847,6,0.9754065326410322
76561198407459156,0,0.5894044637680054,6,0.9754065326410322
76561198818219725,0,0.3433396518230438,6,0.9754065326410322
76561198136727981,0,0.005656248889863491,6,0.9754065326410322
76561199555814752,0,0.746550440788269,6,0.9754065326410322
76561198272452119,1,0.8948202729225159,6,0.9754065326410322
76561198048462433,0,0.25073280930519104,6,0.9754065326410322
76561199353709190,0,0.06464053690433502,6,0.9754065326410322
76561199262513163,0,0.03727808967232704,6,0.9754065326410322
76561198413090440,0,0.010110476985573769,6,0.9754065326410322
76561198384688331,0,0.003501767525449395,6,0.9754065326410322
76561198314196002,0,0.009911409579217434,6,0.9754065326410322
76561199057246472,0,0.01181457843631506,6,0.9754065326410322
76561199696274707,0,0.011294770985841751,6,0.9754065326410322
76561198034049990,0,0.003951137885451317,6,0.9754065326410322
76561198081727208,0,0.2728736400604248,6,0.9754065326410322
76561198027002347,0,0.02717605046927929,6,0.9754065326410322
76561199087851424,0,0.015691295266151428,6,0.9754065326410322
76561198843119064,0,0.003182250540703535,6,0.9754065326410322
76561198300050058,0,0.004973653703927994,6,0.9754065326410322
76561198378182100,0,0.003525225445628166,6,0.9754065326410322
76561199196805650,0,0.009666765108704567,6,0.9754065326410322
76561198272021280,0,0.07055675238370895,6,0.9754065326410322
76561198240985416,0,0.003548905486240983,6,0.9754065326410322
76561199108775179,0,0.015402089804410934,6,0.9754065326410322
76561198188047234,0,0.05424930155277252,6,0.9754065326410322
76561198091595390,0,0.0074148173443973064,6,0.9754065326410322
76561198030727957,0,0.005207781679928303,6,0.9754065326410322
76561199106766491,0,0.006321734748780727,6,0.9754065326410322
76561199572651960,0,0.017916390672326088,6,0.9754065326410322
76561198027298547,0,0.003832470625638962,6,0.9754065326410322
76561198073539519,0,0.03534645959734917,6,0.9754065326410322
76561199097228110,0,0.003825617488473654,6,0.9754065326410322
76561198080398283,0,0.012477243319153786,6,0.9754065326410322
76561199402035581,0,0.004416937939822674,6,0.9754065326410322
76561198218351204,0,0.005416617263108492,6,0.9754065326410322
76561199337537337,0,0.012009279802441597,6,0.9754065326410322
76561199259305104,0,0.8736389875411987,6,0.9754065326410322
76561199202966551,0,0.006179560907185078,6,0.9754065326410322
76561199367974527,0,0.005097951274365187,6,0.9754065326410322
76561199041513595,0,0.005337141919881105,6,0.9754065326410322
76561199001488892,0,0.004677482880651951,6,0.9754065326410322
76561198078557496,0,0.015260124579071999,6,0.9754065326410322
76561198086927245,0,0.005063622258603573,6,0.9754065326410322
76561199101562964,0,0.008734515868127346,6,0.9754065326410322
76561198031931211,0,0.006356057710945606,6,0.9754065326410322
76561199517541639,0,0.0038801541086286306,6,0.9754065326410322
76561199523766659,0,0.014325836673378944,6,0.9754065326410322
76561198313780496,0,0.005238978657871485,6,0.9754065326410322
76561198001752752,0,0.020287906751036644,6,0.9754065326410322
76561199524871330,0,0.015935691073536873,6,0.9754065326410322
76561198143239980,0,0.00923249777406454,6,0.9754065326410322
76561199507559719,0,0.02780468948185444,6,0.9754065326410322
76561198046704479,0,0.0038963027764111757,6,0.9754065326410322
76561199067813803,0,0.005426556803286076,6,0.9754065326410322
76561198318687657,0,0.4418715834617615,6,0.9754065326410322
76561197980364445,0,0.6392377614974976,6,0.9754065326410322
76561198012471754,1,0.9911507368087769,6,0.9754065326410322
76561198361070717,0,0.7866140007972717,6,0.9754065326410322
76561198040144747,0,0.32295316457748413,6,0.9754065326410322
76561198000601242,0,0.0044974153861403465,6,0.9754065326410322
76561198013782991,0,0.027230476960539818,6,0.9754065326410322
76561198068406916,0,0.004240110982209444,6,0.9754065326410322
76561198009822589,0,0.032079797238111496,6,0.9754065326410322
76561198408576362,0,0.0070220548659563065,6,0.9754065326410322
76561198278094029,0,0.9845766425132751,6,0.9754065326410322
76561198236545920,0,0.041142646223306656,6,0.9754065326410322
76561198029216897,0,0.7159867286682129,6,0.9754065326410322
76561198067250558,0,0.09860558062791824,6,0.9754065326410322
76561199184034959,0,0.003525845007970929,6,0.9754065326410322
76561197970467502,0,0.33744513988494873,6,0.9754065326410322
76561199224484074,0,0.009303184226155281,6,0.9754065326410322
76561198284909954,0,0.38318735361099243,6,0.9754065326410322
76561199202751911,0,0.013651948422193527,6,0.9754065326410322
76561198964641220,0,0.42744317650794983,6,0.9754065326410322
76561198952344241,0,0.004837492946535349,6,0.9754065326410322
76561198134265796,0,0.8557234406471252,6,0.9754065326410322
76561199211408995,0,0.006664141081273556,6,0.9754065326410322
76561198004852890,0,0.27993640303611755,6,0.9754065326410322
76561198963948410,0,0.09168627113103867,6,0.9754065326410322
76561199390605415,0,0.5296918749809265,6,0.9754065326410322
76561198392959302,0,0.08046626299619675,6,0.9754065326410322
76561198099840604,0,0.9470568299293518,6,0.9754065326410322
76561198986403409,0,0.11857224255800247,6,0.9754065326410322
76561198151713725,0,0.05202776938676834,6,0.9754065326410322
76561198016058692,0,0.17183610796928406,6,0.9754065326410322
76561198835537070,0,0.012975388206541538,6,0.9754065326410322
76561199115532148,0,0.016524100676178932,6,0.9754065326410322
76561198131361520,0,0.9752594232559204,6,0.9754065326410322
76561199568694823,0,0.00484382314607501,6,0.9754065326410322
76561198014303003,1,0.5997743010520935,6,0.9754065326410322
76561199244273294,0,0.4110628068447113,6,0.9754065326410322
76561198804572340,0,0.004793776664882898,6,0.9754065326410322
76561198858490000,0,0.006338581908494234,6,0.9754065326410322
76561199230220283,0,0.00895821861922741,6,0.9754065326410322
76561198198834805,0,0.010467219166457653,6,0.9754065326410322
76561198288349719,0,0.009583954699337482,6,0.9754065326410322
76561198248201702,0,0.005404610186815262,6,0.9754065326410322
76561198994787494,0,0.5907269716262817,6,0.9754065326410322
76561199047684497,0,0.007348218932747841,6,0.9754065326410322
76561199215941463,0,0.005050781182944775,6,0.9754065326410322
76561198226353708,0,0.062489286065101624,6,0.9754065326410322
76561198153279068,0,0.2626107931137085,6,0.9754065326410322
76561198263566610,0,0.006841473281383514,6,0.9754065326410322
76561198073511409,0,0.01500554196536541,6,0.9754065326410322
76561198161425239,0,0.0039827520959079266,6,0.9754065326410322
76561199057298231,0,0.048295337706804276,6,0.9754065326410322
76561198329453232,0,0.0039467597380280495,6,0.9754065326410322
76561198154163319,0,0.15829917788505554,6,0.9754065326410322
76561198026937226,0,0.45330002903938293,6,0.9754065326410322
76561198008024899,0,0.0035443215165287256,6,0.9754065326410322
76561199157935445,0,0.40596237778663635,6,0.9754065326410322
76561198141696947,0,0.005975283216685057,6,0.9754065326410322
76561198023052416,0,0.005858688615262508,6,0.9754065326410322
76561198017690435,0,0.013322076760232449,6,0.9754065326410322
76561199185902292,0,0.024782760068774223,6,0.9754065326410322
76561198158024447,0,0.5894831418991089,6,0.9754065326410322
76561198009379548,0,0.005857524462044239,6,0.9754065326410322
76561198053389276,0,0.006281580310314894,6,0.9754065326410322
76561199811590049,0,0.0038705342449247837,6,0.9754065326410322
76561198323881202,0,0.038513362407684326,6,0.9754065326410322
76561198797673012,0,0.0049508558586239815,6,0.9754065326410322
76561198195936010,0,0.08397247642278671,6,0.9754065326410322
76561199072681154,0,0.007905668579041958,6,0.9754065326410322
76561198065437708,0,0.9559617042541504,6,0.9754065326410322
76561199239471622,0,0.003472688142210245,6,0.9754065326410322
76561199045365777,0,0.00787308532744646,6,0.9754065326410322
76561198050574279,0,0.011457390151917934,6,0.9754065326410322
76561198368716837,0,0.16883370280265808,6,0.9754065326410322
76561198103579114,0,0.013550939969718456,6,0.9754065326410322
76561198275855234,0,0.11559699475765228,6,0.9754065326410322
76561199221447934,0,0.005339172203093767,6,0.9754065326410322
76561199091028330,0,0.01940794661641121,6,0.9754065326410322
76561198360268449,0,0.0038801541086286306,6,0.9754065326410322
76561198269714801,0,0.821605384349823,6,0.9754065326410322
76561199227606778,0,0.7521069049835205,6,0.9754065326410322
76561197997470962,0,0.1076057106256485,6,0.9754065326410322
76561199428765003,0,0.008132359012961388,6,0.9754065326410322
76561198098499749,0,0.003182250540703535,6,0.9754065326410322
76561198054584265,0,0.17185616493225098,6,0.9754065326410322
76561198977724048,0,0.00678336201235652,6,0.9754065326410322
76561199235720064,0,0.007166421506553888,6,0.9754065326410322
76561198847982092,1,0.958972156047821,6,0.9754065326410322
76561198160845379,0,0.005641113966703415,6,0.9754065326410322
76561198015263930,0,0.6470924615859985,6,0.9754065326410322
76561198039587759,0,0.004719948396086693,6,0.9754065326410322
76561198046561262,0,0.006011990364640951,6,0.9754065326410322
76561198880739273,0,0.02017047628760338,6,0.9754065326410322
76561198053195911,0,0.012880021706223488,6,0.9754065326410322
76561199038842806,0,0.07760370522737503,6,0.9754065326410322
76561199014241270,0,0.07348989695310593,6,0.9754065326410322
76561198116833626,0,0.004571194760501385,6,0.9754065326410322
76561199132403893,0,0.01098658051341772,6,0.9754065326410322
76561198097047661,0,0.011963984929025173,6,0.9754065326410322
76561199601762892,0,0.04188470542430878,6,0.9754065326410322
76561198201155802,0,0.6601801514625549,6,0.9754065326410322
76561198966280648,0,0.3852420747280121,6,0.9754065326410322
76561198799747903,0,0.003847552230581641,6,0.9754065326410322
76561198142051893,0,0.2220466136932373,6,0.9754065326410322
76561199046261998,0,0.050309695303440094,6,0.9754065326410322
76561199148107584,0,0.90469890832901,6,0.9754065326410322
76561198214739839,0,0.004681684542447329,6,0.9754065326410322
76561198319491668,0,0.010501793585717678,6,0.9754065326410322
76561197994964292,0,0.006606264505535364,6,0.9754065326410322
76561199070830322,0,0.0058238147757947445,6,0.9754065326410322
76561198070973457,0,0.006073663476854563,6,0.9754065326410322
76561199053109036,0,0.003182250540703535,6,0.9754065326410322
76561198132574124,0,0.01131100207567215,6,0.9754065326410322
76561198207760257,0,0.007091953884810209,6,0.9754065326410322
76561198386919327,0,0.00534542091190815,6,0.9754065326410322
76561198059798795,0,0.3975328803062439,6,0.9754065326410322
76561198043342055,0,0.0069055319763720036,6,0.9754065326410322
76561198881072005,0,0.4219922125339508,6,0.9754065326410322
76561198405038247,0,0.7714027762413025,6,0.9754065326410322
76561199047109356,0,0.023398838937282562,6,0.9754065326410322
76561198965866964,0,0.005567783489823341,6,0.9754065326410322
76561198055725538,0,0.022141261026263237,6,0.9754065326410322
76561198048321582,0,0.0049062808975577354,6,0.9754065326410322
76561198263288928,0,0.046806417405605316,6,0.9754065326410322
76561198033087771,0,0.004160641692578793,6,0.9754065326410322
76561198149976278,0,0.5134773850440979,6,0.9754065326410322
76561197996454322,0,0.23063412308692932,6,0.9754065326410322
76561198040446583,0,0.9566449522972107,6,0.9754065326410322
76561198125934582,0,0.00999738834798336,6,0.9754065326410322
76561198806722217,0,0.0052705383859574795,6,0.9754065326410322
76561198112144827,0,0.004002971109002829,6,0.9754065326410322
76561199033817234,0,0.004016896244138479,6,0.9754065326410322
76561197961774857,0,0.9401584267616272,6,0.9754065326410322
76561198015073659,0,0.005552889313548803,6,0.9754065326410322
76561198124552508,0,0.951740026473999,6,0.9754065326410322
76561198346641970,0,0.9635706543922424,6,0.9754065326410322
76561199212007152,1,0.9924710988998413,6,0.9754065326410322
76561199158701828,0,0.006013039033859968,6,0.9754065326410322
76561198322909869,0,0.5785635709762573,6,0.9754065326410322
76561198360121643,0,0.007699937559664249,6,0.9754065326410322
76561198139692536,0,0.6578100323677063,6,0.9754065326410322
76561198065539562,0,0.004372613038867712,6,0.9754065326410322
76561198167166981,0,0.9447756409645081,6,0.9754065326410322
76561199097175543,0,0.456492155790329,6,0.9754065326410322
76561198043779837,0,0.003871920984238386,6,0.9754065326410322
76561198133994567,0,0.013264249078929424,6,0.9754065326410322
76561198371549779,0,0.048752568662166595,6,0.9754065326410322
76561199350765981,0,0.0054126521572470665,6,0.9754065326410322
76561197984364726,0,0.6768075823783875,6,0.9754065326410322
76561199133676630,0,0.003649686696007848,6,0.9754065326410322
76561198105790592,0,0.06014074757695198,6,0.9754065326410322
76561198352191517,0,0.004032805562019348,6,0.9754065326410322
76561198017503277,0,0.004533526953309774,6,0.9754065326410322
76561199241016721,0,0.0040870667435228825,6,0.9754065326410322
76561198025638664,0,0.009853018447756767,6,0.9754065326410322
76561199274362020,0,0.9315392971038818,6,0.9754065326410322
76561198287305086,0,0.022799737751483917,6,0.9754065326410322
76561198098106334,0,0.003171155694872141,6,0.9754065326410322
76561198173478034,0,0.7010563015937805,6,0.9754065326410322
76561199026990230,0,0.016075503081083298,6,0.9754065326410322
76561198040758386,0,0.08004177361726761,6,0.9754065326410322
76561198000248520,0,0.01057853177189827,6,0.9754065326410322
76561198053001249,0,0.0042292033322155476,6,0.9754065326410322
76561198002859318,0,0.004658820573240519,6,0.9754065326410322
76561198401084130,0,0.0041854362934827805,6,0.9754065326410322
76561198095355860,0,0.0061903465539216995,6,0.9754065326410322
76561199146377820,0,0.01739955134689808,6,0.9754065326410322
76561199703040695,0,0.003182250540703535,6,0.9754065326410322
76561199538101426,0,0.07811285555362701,6,0.9754065326410322
76561199232764083,0,0.0035054453182965517,6,0.9754065326410322
76561198951831977,1,0.9894036054611206,6,0.9754065326410322
76561199225797619,0,0.006607851479202509,6,0.9754065326410322
76561198975996754,0,0.00530928373336792,6,0.9754065326410322
76561199214166712,0,0.003728854702785611,6,0.9754065326410322
76561198054952281,0,0.020684802904725075,6,0.9754065326410322
76561198014273057,0,0.006433602422475815,6,0.9754065326410322
76561199010572011,0,0.9696512222290039,6,0.9754065326410322
76561198030921389,0,0.0036129120271652937,6,0.9754065326410322
76561198061100106,0,0.0047415802255272865,6,0.9754065326410322
76561199472499799,0,0.01170305348932743,6,0.9754065326410322
76561198049510645,0,0.08952257037162781,6,0.9754065326410322
76561198336890206,1,0.9919334053993225,6,0.9754065326410322
76561198964715285,0,0.01985303685069084,6,0.9754065326410322
76561198085526817,0,0.00941024161875248,6,0.9754065326410322
76561199231529612,0,0.0054562389850616455,6,0.9754065326410322
76561198050524871,0,0.004632971249520779,6,0.9754065326410322
76561198257135762,0,0.019625982269644737,6,0.9754065326410322
76561198449023283,0,0.06805272400379181,6,0.9754065326410322
76561198013584310,0,0.0050062634982168674,6,0.9754065326410322
76561199089554408,0,0.004002971109002829,6,0.9754065326410322
76561198413468293,0,0.08316396176815033,6,0.9754065326410322
76561198198505442,0,0.006066158413887024,6,0.9754065326410322
76561199087717035,0,0.0045626843348145485,6,0.9754065326410322
76561198137687416,0,0.0324755422770977,6,0.9754065326410322
76561199208448890,0,0.004378408659249544,6,0.9754065326410322
76561198001378095,0,0.004862066358327866,6,0.9754065326410322
76561198401241141,0,0.03668774664402008,6,0.9754065326410322
76561198149154252,0,0.005094556603580713,6,0.9754065326410322
76561198008193172,0,0.004293044563382864,6,0.9754065326410322
76561198150465761,0,0.22507569193840027,6,0.9754065326410322
76561198025899551,0,0.013575449585914612,6,0.9754065326410322
76561198315514327,0,0.005917842499911785,6,0.9754065326410322
76561197977815611,0,0.004609917756170034,6,0.9754065326410322
76561199086634496,0,0.0038801541086286306,6,0.9754065326410322
76561198275320273,0,0.008057035505771637,6,0.9754065326410322
76561199466744995,0,0.013312666676938534,6,0.9754065326410322
76561198142512805,0,0.0036981794983148575,6,0.9754065326410322
76561198098447734,0,0.003976024221628904,6,0.9754065326410322
76561198848039862,0,0.033238768577575684,6,0.9754065326410322
76561198068703530,0,0.008005267009139061,6,0.9754065326410322
76561198400843460,0,0.018987987190485,6,0.9754065326410322
76561198063536195,0,0.0067204968072474,6,0.9754065326410322
76561198170331914,0,0.0032811767887324095,6,0.9754065326410322
76561198369666931,0,0.008330107666552067,6,0.9754065326410322
76561198985756335,0,0.9823472499847412,6,0.9754065326410322
76561199581530896,0,0.0037974705919623375,6,0.9754065326410322
76561198831931770,0,0.004075746517628431,6,0.9754065326410322
76561198989407659,0,0.008274965919554234,6,0.9754065326410322
76561198098577961,0,0.029748352244496346,6,0.9754065326410322
76561198138723605,0,0.005439316388219595,6,0.9754065326410322
76561198452783423,0,0.20210690796375275,6,0.9754065326410322
76561199102751551,0,0.9814580082893372,6,0.9754065326410322
76561198972918859,0,0.003466583089902997,6,0.9754065326410322
76561198855957411,0,0.004139059688895941,6,0.9754065326410322
76561198030687377,0,0.013678805902600288,6,0.9754065326410322
76561198129999208,0,0.005176244769245386,6,0.9754065326410322
76561198149554054,0,0.0047415802255272865,6,0.9754065326410322
76561198879596060,0,0.9607988595962524,6,0.9754065326410322
76561199188324998,0,0.0068198032677173615,6,0.9754065326410322
76561198838150078,0,0.08417600393295288,6,0.9754065326410322
76561198848115827,0,0.30593985319137573,6,0.9754065326410322
76561199091029235,0,0.004950820468366146,6,0.9754065326410322
76561198102983998,0,0.7740681767463684,6,0.9754065326410322
76561198119192150,0,0.005979083012789488,6,0.9754065326410322
76561199241489126,0,0.011385884135961533,6,0.9754065326410322
76561198002577176,0,0.9768086671829224,6,0.9754065326410322
76561199159118533,0,0.26689064502716064,6,0.9754065326410322
76561198020145871,0,0.06123008579015732,6,0.9754065326410322
76561198333665726,0,0.00923249777406454,6,0.9754065326410322
76561198026389528,0,0.02336597815155983,6,0.9754065326410322
76561199366676764,0,0.9807360172271729,6,0.9754065326410322
76561198154370328,0,0.6363304257392883,6,0.9754065326410322
76561198199613183,0,0.9757541418075562,6,0.9754065326410322
76561198297019497,0,0.018797433003783226,6,0.9754065326410322
76561198040575925,0,0.0038364978972822428,6,0.9754065326410322
76561198238706124,0,0.016112297773361206,6,0.9754065326410322
76561198250089738,0,0.00610268535092473,6,0.9754065326410322
76561199120026348,0,0.8550446629524231,6,0.9754065326410322
76561198870289670,0,0.04277105629444122,6,0.9754065326410322
76561199139628575,0,0.2566550076007843,6,0.9754065326410322
76561198160137237,0,0.08467983454465866,6,0.9754065326410322
76561199077549567,0,0.004317550919950008,6,0.9754065326410322
76561199466936871,0,0.007021230645477772,6,0.9754065326410322
76561198364855838,0,0.012224962934851646,6,0.9754065326410322
76561198817493097,0,0.007807233836501837,6,0.9754065326410322
76561198086524962,0,0.1226361095905304,6,0.9754065326410322
76561198278009761,0,0.014647292904555798,6,0.9754065326410322
76561198253825344,0,0.004912934731692076,6,0.9754065326410322
76561198005473159,0,0.3109191358089447,6,0.9754065326410322
76561198114950213,0,0.9290063977241516,6,0.9754065326410322
76561198110017297,0,0.009833598509430885,6,0.9754065326410322
76561198335153129,0,0.5718225836753845,6,0.9754065326410322
76561198018813062,0,0.22803515195846558,6,0.9754065326410322
76561198029889428,0,0.004707271233201027,6,0.9754065326410322
76561198066390780,0,0.003936112392693758,6,0.9754065326410322
76561198118526656,0,0.006542524788528681,6,0.9754065326410322
76561198253450847,0,0.9307202100753784,6,0.9754065326410322
76561199231463200,0,0.967467188835144,6,0.9754065326410322
76561198262133685,1,0.9805980920791626,6,0.9754065326410322
76561198214426031,0,0.9512737989425659,6,0.9754065326410322
76561199044033722,0,0.00452602282166481,6,0.9754065326410322
76561198006579582,0,0.06077233701944351,6,0.9754065326410322
76561198962549426,0,0.0041669090278446674,6,0.9754065326410322
76561198048208325,0,0.00368846976198256,6,0.9754065326410322
76561199510757317,0,0.01846541278064251,6,0.9754065326410322
76561199097008220,0,0.9767359495162964,6,0.9754065326410322
76561198051910008,0,0.12212492525577545,6,0.9754065326410322
76561197969193329,0,0.4747169613838196,6,0.9754065326410322
76561199013521706,0,0.013722004368901253,6,0.9754065326410322
76561198288081989,0,0.6090517640113831,6,0.9754065326410322
76561198050072037,0,0.3486531674861908,6,0.9754065326410322
76561198046112486,1,0.9865480065345764,6,0.9754065326410322
76561198069630661,0,0.020891714841127396,6,0.9754065326410322
76561198065019290,0,0.005411438178271055,6,0.9754065326410322
76561198894878386,0,0.10064610838890076,6,0.9754065326410322
76561198306120102,0,0.30164834856987,6,0.9754065326410322
76561199125918280,0,0.00517382612451911,6,0.9754065326410322
76561198020048180,0,0.01580171287059784,6,0.9754065326410322
76561198256821159,0,0.010512327775359154,6,0.9754065326410322
76561198120840356,0,0.0038331446703523397,6,0.9754065326410322
76561198053269595,0,0.03054741397500038,6,0.9754065326410322
76561199002441748,0,0.009888306260108948,6,0.9754065326410322
76561199152551173,0,0.006265441421419382,6,0.9754065326410322
76561198007791200,0,0.38176387548446655,6,0.9754065326410322
76561199080014815,0,0.006068553309887648,6,0.9754065326410322
76561199359779752,0,0.009976767003536224,6,0.9754065326410322
76561198079936356,0,0.00894664041697979,6,0.9754065326410322
76561199065895350,0,0.08799567073583603,6,0.9754065326410322
76561199194496147,0,0.013030911795794964,6,0.9754065326410322
76561198986327321,0,0.02756069041788578,6,0.9754065326410322
76561198316426618,0,0.5422729253768921,6,0.9754065326410322
76561199075151080,0,0.006474353838711977,6,0.9754065326410322
76561198078557070,0,0.14648263156414032,6,0.9754065326410322
76561198227257980,0,0.006235872395336628,6,0.9754065326410322
76561198172189698,0,0.037284623831510544,6,0.9754065326410322
76561198136851722,0,0.0052291820757091045,6,0.9754065326410322
76561198247288488,0,0.006883956957608461,6,0.9754065326410322
76561198168859077,0,0.004713257774710655,6,0.9754065326410322
76561198108608179,0,0.004919141530990601,6,0.9754065326410322
76561199016493139,0,0.0038867229595780373,6,0.9754065326410322
76561198256559799,0,0.005161885172128677,6,0.9754065326410322
76561198126507670,0,0.12812022864818573,6,0.9754065326410322
76561198363493952,0,0.013157541863620281,6,0.9754065326410322
76561198071249369,0,0.008989310823380947,6,0.9754065326410322
76561198059772902,0,0.00655738078057766,6,0.9754065326410322
76561198218896949,0,0.07838145643472672,6,0.9754065326410322
76561198178409327,0,0.09062328189611435,6,0.9754065326410322
76561198044425244,0,0.006930132862180471,6,0.9754065326410322
76561198292994808,0,0.9515040516853333,6,0.9754065326410322
76561198217344035,0,0.026686087250709534,6,0.9754065326410322
76561199725124674,0,0.0036238678731024265,6,0.9754065326410322
76561198006172925,0,0.009648025967180729,6,0.9754065326410322
76561199153732952,0,0.003182250540703535,6,0.9754065326410322
76561199549616001,0,0.006945159751921892,6,0.9754065326410322
76561198207215656,0,0.00758175365626812,6,0.9754065326410322
76561199036248402,0,0.05707034841179848,6,0.9754065326410322
76561198417832425,0,0.020158160477876663,6,0.9754065326410322
76561199793968038,0,0.011978021822869778,6,0.9754065326410322
76561198000320066,0,0.003983571659773588,6,0.9754065326410322
76561198058178199,0,0.00797212589532137,6,0.9754065326410322
76561198050079254,0,0.0038286063354462385,6,0.9754065326410322
76561198206561563,0,0.02411448024213314,6,0.9754065326410322
76561198068285964,0,0.423601359128952,6,0.9754065326410322
76561199523774982,0,0.004414317198097706,6,0.9754065326410322
76561198119718494,0,0.00530580896884203,6,0.9754065326410322
76561198816852499,0,0.003953405190259218,6,0.9754065326410322
76561198236028598,0,0.00701194116845727,6,0.9754065326410322
76561198799698654,0,0.004367436747997999,6,0.9754065326410322
76561197991840176,0,0.004281730391085148,6,0.9754065326410322
76561198043271965,0,0.9665294885635376,6,0.9754065326410322
76561198426286221,0,0.0066969990730285645,6,0.9754065326410322
76561198156918513,0,0.00997641310095787,6,0.9754065326410322
76561198055946619,0,0.006722562480717897,6,0.9754065326410322
76561198982914209,0,0.010631565935909748,6,0.9754065326410322
76561199521131994,0,0.007153993938118219,6,0.9754065326410322
76561198043305016,0,0.004315441939979792,6,0.9754065326410322
76561198100699252,0,0.4550914466381073,6,0.9754065326410322
76561198936478527,0,0.0038801541086286306,6,0.9754065326410322
76561199473899135,0,0.004524864722043276,6,0.9754065326410322
76561198095951791,0,0.005127899348735809,6,0.9754065326410322
76561198996494145,0,0.005487309768795967,6,0.9754065326410322
76561198042513863,0,0.47154828906059265,6,0.9754065326410322
76561199687213687,0,0.2361460030078888,6,0.9754065326410322
76561199055474922,0,0.42573076486587524,6,0.9754065326410322
76561198053211170,0,0.004903194960206747,6,0.9754065326410322
76561198988056738,0,0.10184454917907715,6,0.9754065326410322
76561197972370808,0,0.0077166128903627396,6,0.9754065326410322
76561198119341306,0,0.006054270081222057,6,0.9754065326410322
76561199229615699,0,0.5581187009811401,6,0.9754065326410322
76561198169357342,0,0.20591776072978973,6,0.9754065326410322
76561198069739436,0,0.02842213772237301,6,0.9754065326410322
76561199094967384,0,0.006428886204957962,6,0.9754065326410322
76561197983517844,0,0.005634070374071598,6,0.9754065326410322
76561198069492400,0,0.9840937256813049,6,0.9754065326410322
76561198964607050,0,0.058973826467990875,6,0.9754065326410322
76561198851995205,1,0.8584740161895752,6,0.9754065326410322
76561198271730708,0,0.00530928373336792,6,0.9754065326410322
76561199191903882,0,0.005132150836288929,6,0.9754065326410322
76561198082367730,0,0.4784421920776367,6,0.9754065326410322
76561198003718195,0,0.010001296177506447,6,0.9754065326410322
76561198067832139,0,0.732963502407074,6,0.9754065326410322
76561198030560914,0,0.9817096590995789,6,0.9754065326410322
76561199219949256,0,0.8725001215934753,6,0.9754065326410322
76561198032679026,0,0.0052832080982625484,6,0.9754065326410322
76561199025033963,0,0.036523740738630295,6,0.9754065326410322
76561198417173640,0,0.14155593514442444,6,0.9754065326410322
76561198047911908,0,0.01495728362351656,6,0.9754065326410322
76561198368481576,0,0.017360268160700798,6,0.9754065326410322
76561198995735115,0,0.00840707216411829,6,0.9754065326410322
76561199078774022,0,0.004386458545923233,6,0.9754065326410322
76561198034321246,0,0.0099639268592,6,0.9754065326410322
76561199065671577,0,0.004078267607837915,6,0.9754065326410322
76561199120424845,0,0.006643402390182018,6,0.9754065326410322
76561198121118698,0,0.005054345820099115,6,0.9754065326410322
76561199063962364,0,0.008713427931070328,6,0.9754065326410322
76561198415017692,0,0.00404336815699935,6,0.9754065326410322
76561198746154658,0,0.4678845703601837,6,0.9754065326410322
76561198067508378,0,0.19383397698402405,6,0.9754065326410322
76561199185452744,0,0.007284276653081179,6,0.9754065326410322
76561199179243234,0,0.08650815486907959,6,0.9754065326410322
76561198153969703,0,0.006019863300025463,6,0.9754065326410322
76561198825171695,0,0.01196390949189663,6,0.9754065326410322
76561197992426996,0,0.005358325317502022,6,0.9754065326410322
76561199142804308,0,0.6050620675086975,6,0.9754065326410322
76561198170242294,0,0.4818025231361389,6,0.9754065326410322
76561199548857391,0,0.1146736815571785,6,0.9754065326410322
76561198106790655,0,0.008755330927670002,6,0.9754065326410322
76561198410531996,0,0.15415512025356293,6,0.9754065326410322
76561199249085747,1,0.9937065243721008,6,0.9754065326410322
76561197967294348,0,0.003789464244619012,6,0.9754065326410322
76561198967603611,0,0.016606489196419716,6,0.9754065326410322
76561198934860913,0,0.003959056921303272,6,0.9754065326410322
76561198320360122,0,0.003825617488473654,6,0.9754065326410322
76561198031572080,0,0.008047148585319519,6,0.9754065326410322
76561198953252285,0,0.1558704972267151,6,0.9754065326410322
76561199130252197,0,0.00404336815699935,6,0.9754065326410322
76561199242285707,0,0.004900048021227121,6,0.9754065326410322
76561199008605828,0,0.005063622258603573,6,0.9754065326410322
76561198085007297,0,0.004984944127500057,6,0.9754065326410322
76561198880324924,0,0.004056818317621946,6,0.9754065326410322
76561198002790203,0,0.009771780110895634,6,0.9754065326410322
76561199147603505,0,0.017020871862769127,6,0.9754065326410322
76561199594323905,0,0.009936226531863213,6,0.9754065326410322
76561198141619096,0,0.06468486040830612,6,0.9754065326410322
76561198084184037,0,0.0060546197928488255,6,0.9754065326410322
76561198298857406,0,0.5553730130195618,6,0.9754065326410322
76561198855148437,0,0.0035821774508804083,6,0.9754065326410322
76561199031855327,1,0.9800571203231812,6,0.9754065326410322
76561198203129311,0,0.007839894853532314,6,0.9754065326410322
76561199057006063,0,0.005326846148818731,6,0.9754065326410322
76561198313273999,0,0.006122319959104061,6,0.9754065326410322
76561198063013221,0,0.0042313989251852036,6,0.9754065326410322
76561198980141505,0,0.019531115889549255,6,0.9754065326410322
76561198043292210,0,0.02639293111860752,6,0.9754065326410322
76561198094819035,0,0.975381076335907,6,0.9754065326410322
76561198062552232,0,0.004204493016004562,6,0.9754065326410322
76561199047647220,0,0.0040886602364480495,6,0.9754065326410322
76561198288976701,0,0.011938628740608692,6,0.9754065326410322
76561198054159881,0,0.007570854853838682,6,0.9754065326410322
76561198931224286,0,0.007251036819070578,6,0.9754065326410322
76561198205445789,0,0.32188722491264343,6,0.9754065326410322
76561197962866722,0,0.003345309756696224,6,0.9754065326410322
76561197992200666,0,0.005309739150106907,6,0.9754065326410322
76561198019746188,1,0.2107902616262436,6,0.9754065326410322
76561197998365697,0,0.6794209480285645,6,0.9754065326410322
76561198393099428,0,0.004763120785355568,6,0.9754065326410322
76561199264505872,0,0.003306992817670107,6,0.9754065326410322
76561199518597974,0,0.005312648601830006,6,0.9754065326410322
76561199229987508,0,0.05778522416949272,6,0.9754065326410322
76561198913446165,0,0.004224809817969799,6,0.9754065326410322
76561199176938694,0,0.004773269407451153,6,0.9754065326410322
76561199482826211,0,0.00457399245351553,6,0.9754065326410322
76561199073977543,0,0.34865057468414307,6,0.9754065326410322
76561199217005890,0,0.004804754164069891,6,0.9754065326410322
76561199383591838,0,0.030942054465413094,6,0.9754065326410322
76561198014007562,0,0.2838200330734253,6,0.9754065326410322
76561198269364083,0,0.40447166562080383,6,0.9754065326410322
76561199151204118,0,0.004847546108067036,6,0.9754065326410322
76561197972485201,0,0.03138552978634834,6,0.9754065326410322
76561199229712180,0,0.08904560655355453,6,0.9754065326410322
76561198292287942,0,0.471500962972641,6,0.9754065326410322
76561198053657416,0,0.0063466038554906845,6,0.9754065326410322
76561199095790638,0,0.004993236158043146,6,0.9754065326410322
76561198801542205,0,0.6750659346580505,6,0.9754065326410322
76561197960878315,0,0.00520695187151432,6,0.9754065326410322
76561198148964129,0,0.004560813307762146,6,0.9754065326410322
76561198076755560,0,0.03440544009208679,6,0.9754065326410322
76561199472848230,0,0.007600234355777502,6,0.9754065326410322
76561199169804427,1,0.9939061999320984,6,0.9754065326410322
76561199124665994,0,0.080648273229599,6,0.9754065326410322
76561198030846566,1,0.9848259687423706,6,0.9754065326410322
76561198426302507,0,0.5812171101570129,6,0.9754065326410322
76561197972339285,0,0.6380274891853333,6,0.9754065326410322
76561198170429182,0,0.019031699746847153,6,0.9754065326410322
76561198064845895,0,0.005663726013153791,6,0.9754065326410322
76561198974741602,0,0.004955892451107502,6,0.9754065326410322
76561198881892202,0,0.011303155682981014,6,0.9754065326410322
76561199022640453,0,0.24629101157188416,6,0.9754065326410322
76561198844210827,0,0.009930603206157684,6,0.9754065326410322
76561198111464883,0,0.0038801541086286306,6,0.9754065326410322
76561198358974442,0,0.004893698263913393,6,0.9754065326410322
76561198098396353,0,0.00631033955141902,6,0.9754065326410322
76561198991615967,0,0.006388526409864426,6,0.9754065326410322
76561198042187248,0,0.9793388247489929,6,0.9754065326410322
76561198051184733,0,0.0207879226654768,6,0.9754065326410322
76561198005229002,0,0.020057082176208496,6,0.9754065326410322
76561199060121967,0,0.681157648563385,6,0.9754065326410322
76561198357844506,0,0.9659543037414551,6,0.9754065326410322
76561198315959602,0,0.004892418626695871,6,0.9754065326410322
76561198991900406,0,0.004366826731711626,6,0.9754065326410322
76561198135537788,0,0.004744668956845999,6,0.9754065326410322
76561198074538670,0,0.00622041430324316,6,0.9754065326410322
76561198258096671,0,0.5599450469017029,6,0.9754065326410322
76561198148746378,0,0.9754562973976135,6,0.9754065326410322
76561199070206307,0,0.003391117323189974,6,0.9754065326410322
76561199056949340,0,0.19503335654735565,6,0.9754065326410322
76561198102483127,0,0.026155510917305946,6,0.9754065326410322
76561198008792358,0,0.005343038123100996,6,0.9754065326410322
76561198020361170,0,0.00394762447103858,6,0.9754065326410322
76561199277784967,0,0.005324936471879482,6,0.9754065326410322
76561199124506779,0,0.007640236057341099,6,0.9754065326410322
76561198354457212,0,0.00531748915091157,6,0.9754065326410322
76561198340361077,0,0.10467119514942169,6,0.9754065326410322
76561199039726360,0,0.05335831642150879,6,0.9754065326410322
76561198175709734,1,0.9928067922592163,6,0.9754065326410322
76561198043500499,0,0.011582810431718826,6,0.9754065326410322
76561199230091816,0,0.006284723989665508,6,0.9754065326410322
76561198215782747,0,0.0038385451771318913,6,0.9754065326410322
76561199310300212,0,0.0045429402962327,6,0.9754065326410322
76561199664450068,0,0.0038801541086286306,6,0.9754065326410322
76561199181757337,0,0.0038801541086286306,6,0.9754065326410322
76561197992556173,0,0.0920468419790268,6,0.9754065326410322
76561198970214094,0,0.0048424722626805305,6,0.9754065326410322
76561198166030982,0,0.0065332455560564995,6,0.9754065326410322
76561198014459489,0,0.004828653763979673,6,0.9754065326410322
76561198039027100,0,0.1604926437139511,6,0.9754065326410322
76561198039815339,0,0.7169912457466125,6,0.9754065326410322
76561198317115816,0,0.005292568355798721,6,0.9754065326410322
76561198021656686,0,0.02487330511212349,6,0.9754065326410322
76561199102188713,0,0.02801414020359516,6,0.9754065326410322
76561199304781173,0,0.0036013622302562,6,0.9754065326410322
76561199228609445,0,0.0061993058770895,6,0.9754065326410322
76561198335210227,0,0.0040870667435228825,6,0.9754065326410322
76561198118536103,0,0.017850985750555992,6,0.9754065326410322
76561198022617576,0,0.6150385737419128,6,0.9754065326410322
76561198426664624,0,0.0032092335168272257,6,0.9754065326410322
76561198816093959,0,0.01923784799873829,6,0.9754065326410322
76561198192820097,0,0.01765233650803566,6,0.9754065326410322
76561198821320172,0,0.004234530031681061,6,0.9754065326410322
76561199641092085,0,0.005254525691270828,6,0.9754065326410322
76561199082849009,0,0.7728679776191711,6,0.9754065326410322
76561198279316926,0,0.006826036609709263,6,0.9754065326410322
76561199216384807,0,0.18490728735923767,6,0.9754065326410322
76561198261881437,0,0.9508039951324463,6,0.9754065326410322
76561198005702429,0,0.011989906430244446,6,0.9754065326410322
76561199395177902,0,0.04554658383131027,6,0.9754065326410322
76561199008658028,0,0.682594358921051,6,0.9754065326410322
76561198214064125,0,0.006729758810251951,6,0.9754065326410322
76561198005681529,0,0.050685517489910126,6,0.9754065326410322
76561198281343368,0,0.017423070967197418,6,0.9754065326410322
76561198979430751,0,0.9442663192749023,6,0.9754065326410322
76561198060148311,0,0.5964592099189758,6,0.9754065326410322
76561198279409064,0,0.004841212648898363,6,0.9754065326410322
76561198354545396,0,0.004132574889808893,6,0.9754065326410322
76561198306403394,0,0.40276187658309937,6,0.9754065326410322
76561198356062116,0,0.03205692023038864,6,0.9754065326410322
76561198927853061,0,0.011699751019477844,6,0.9754065326410322
76561198271924422,0,0.0249441247433424,6,0.9754065326410322
76561198809205985,0,0.006343410350382328,6,0.9754065326410322
76561198022072254,0,0.004841309506446123,6,0.9754065326410322
76561198928502061,0,0.007026319392025471,6,0.9754065326410322
76561198262631261,1,0.9896552562713623,6,0.9754065326410322
76561198141628584,0,0.003982899710536003,6,0.9754065326410322
76561198095397673,0,0.19283142685890198,6,0.9754065326410322
76561198033736826,1,0.9173963665962219,6,0.9754065326410322
76561198202794725,0,0.08836804330348969,6,0.9754065326410322
76561198070330443,0,0.009027622640132904,6,0.9754065326410322
76561198135867659,0,0.8729979991912842,6,0.9754065326410322
76561198311978468,0,0.04856465756893158,6,0.9754065326410322
76561198039799387,0,0.7114421725273132,6,0.9754065326410322
76561198008197584,0,0.004614654928445816,6,0.9754065326410322
76561198392589455,0,0.005961809307336807,6,0.9754065326410322
76561198237053164,0,0.0353788360953331,6,0.9754065326410322
76561198354207937,0,0.004039454739540815,6,0.9754065326410322
76561198360073706,0,0.09963995963335037,6,0.9754065326410322
76561198008910406,0,0.007490500807762146,6,0.9754065326410322
76561198327748249,0,0.008428883738815784,6,0.9754065326410322
76561198272969826,0,0.00798565149307251,6,0.9754065326410322
76561198960644043,0,0.005087837111204863,6,0.9754065326410322
76561198055743734,0,0.03864443674683571,6,0.9754065326410322
76561198047917223,0,0.9826783537864685,6,0.9754065326410322
76561197979338128,0,0.14561767876148224,6,0.9754065326410322
76561199735080862,0,0.0064927684143185616,6,0.9754065326410322
76561199244659167,0,0.003182250540703535,6,0.9754065326410322
76561198886642915,0,0.008362743072211742,6,0.9754065326410322
76561199104616182,0,0.004105232656002045,6,0.9754065326410322
76561198817626890,0,0.006187780294567347,6,0.9754065326410322
76561199238149573,0,0.007879972457885742,6,0.9754065326410322
76561198117618257,0,0.005512995179742575,6,0.9754065326410322
76561198143824501,0,0.027971547096967697,6,0.9754065326410322
76561198422010227,0,0.006906993221491575,6,0.9754065326410322
76561199020806344,0,0.06264583021402359,6,0.9754065326410322
76561198884215949,0,0.0040870667435228825,6,0.9754065326410322
76561198179991441,0,0.00470366608351469,6,0.9754065326410322
76561198391851799,0,0.0038801541086286306,6,0.9754065326410322
76561199001756145,0,0.005685567390173674,6,0.9754065326410322
76561198107373113,0,0.005681411828845739,6,0.9754065326410322
76561198962566621,0,0.006063700653612614,6,0.9754065326410322
76561198821559687,0,0.0064130122773349285,6,0.9754065326410322
76561198990909057,0,0.014020643197000027,6,0.9754065326410322
76561198844439115,0,0.18424364924430847,6,0.9754065326410322
76561198389926420,0,0.005386184435337782,6,0.9754065326410322
76561198341877706,0,0.0036179691087454557,6,0.9754065326410322
76561198215113093,0,0.005525830667465925,6,0.9754065326410322
76561198450048011,0,0.004139059688895941,6,0.9754065326410322
76561198407634972,0,0.009394175373017788,6,0.9754065326410322
76561198358536146,0,0.8390384316444397,6,0.9754065326410322
76561198354370781,0,0.012608921155333519,6,0.9754065326410322
76561199003373926,0,0.10138528048992157,6,0.9754065326410322
76561198049695385,0,0.3017791509628296,6,0.9754065326410322
76561198962496821,0,0.00363171030767262,6,0.9754065326410322
76561199531095424,0,0.006517757661640644,6,0.9754065326410322
76561198362568792,0,0.9841790795326233,6,0.9754065326410322
76561199122242339,0,0.004025749862194061,6,0.9754065326410322
76561198158854193,0,0.0052970885299146175,6,0.9754065326410322
76561198425419569,0,0.0036955385003238916,6,0.9754065326410322
76561198082046702,0,0.15175296366214752,6,0.9754065326410322
76561198191248727,0,0.1662519872188568,6,0.9754065326410322
76561199011832773,0,0.0036914425436407328,6,0.9754065326410322
76561199081350307,0,0.006003049202263355,6,0.9754065326410322
76561198828219281,0,0.003825617488473654,6,0.9754065326410322
76561199103182091,0,0.3783634603023529,6,0.9754065326410322
76561198257273307,0,0.005533435381948948,6,0.9754065326410322
76561198355008615,0,0.008482667617499828,6,0.9754065326410322
76561197967041490,0,0.0040350849740207195,6,0.9754065326410322
76561198011510586,0,0.011833115480840206,6,0.9754065326410322
76561198086787695,0,0.01922783814370632,6,0.9754065326410322
76561198206853560,0,0.6413645148277283,6,0.9754065326410322
76561198398369339,0,0.01792139746248722,6,0.9754065326410322
76561199519560529,0,0.9740405678749084,6,0.9754065326410322
76561199074682272,0,0.013548453338444233,6,0.9754065326410322
76561198068723149,0,0.007097119931131601,6,0.9754065326410322
76561199092044499,0,0.005433075129985809,6,0.9754065326410322
76561199588857119,0,0.005343390628695488,6,0.9754065326410322
76561199229549136,0,0.8937772512435913,6,0.9754065326410322
76561199352211473,0,0.005042186472564936,6,0.9754065326410322
76561198804047577,0,0.25960004329681396,6,0.9754065326410322
76561198048981315,0,0.007599540986120701,6,0.9754065326410322
76561198066106916,0,0.6866128444671631,6,0.9754065326410322
76561198024856879,0,0.005640600807964802,6,0.9754065326410322
76561198205173371,0,0.01718013733625412,6,0.9754065326410322
76561198102914480,0,0.959613025188446,6,0.9754065326410322
76561198867256144,0,0.38776904344558716,6,0.9754065326410322
76561198332644048,0,0.8621699213981628,6,0.9754065326410322
76561198161525523,0,0.005417896434664726,6,0.9754065326410322
76561199131346154,0,0.0038801541086286306,6,0.9754065326410322
76561198337514350,0,0.9039800763130188,6,0.9754065326410322
76561198004887217,1,0.9365057349205017,6,0.9754065326410322
76561199019928115,0,0.015057981014251709,6,0.9754065326410322
76561198136124873,0,0.45131200551986694,6,0.9754065326410322
76561198077522405,0,0.004104189574718475,6,0.9754065326410322
76561199077081872,1,0.6619735360145569,6,0.9754065326410322
76561198085674112,0,0.7206404209136963,6,0.9754065326410322
76561199056385179,0,0.011737617664039135,6,0.9754065326410322
76561199132752078,0,0.004000428132712841,6,0.9754065326410322
76561198047748164,0,0.003211818402633071,6,0.9754065326410322
76561199191842850,0,0.9222415685653687,6,0.9754065326410322
76561199003613500,0,0.05708747357130051,6,0.9754065326410322
76561199119001767,0,0.003869414795190096,6,0.9754065326410322
76561198086700216,0,0.005597064737230539,6,0.9754065326410322
76561199155562162,0,0.004346820525825024,6,0.9754065326410322
76561198023917175,0,0.054554618895053864,6,0.9754065326410322
76561198002513323,0,0.03358323872089386,6,0.9754065326410322
76561198879479907,0,0.006467471364885569,6,0.9754065326410322
76561198150541824,0,0.008823243901133537,6,0.9754065326410322
76561198174218278,0,0.5461992621421814,6,0.9754065326410322
76561199106627905,0,0.003515613730996847,6,0.9754065326410322
76561199395825028,1,0.9900562763214111,6,0.9754065326410322
76561198976210934,0,0.01792612299323082,6,0.9754065326410322
76561198398243069,0,0.14520792663097382,6,0.9754065326410322
76561198122554771,0,0.00840077456086874,6,0.9754065326410322
76561198052468384,0,0.006734468042850494,6,0.9754065326410322
76561199633474341,0,0.15246422588825226,6,0.9754065326410322
76561198321854446,0,0.025546280667185783,6,0.9754065326410322
76561198011031866,0,0.1989883929491043,6,0.9754065326410322
76561197999004903,0,0.005784624256193638,6,0.9754065326410322
76561198115797664,0,0.23945651948451996,6,0.9754065326410322
76561198866640240,0,0.09701592475175858,6,0.9754065326410322
76561197993874525,0,0.0042302655056118965,6,0.9754065326410322
76561198369259658,0,0.9189198613166809,6,0.9754065326410322
76561199015112159,0,0.008501649834215641,6,0.9754065326410322
76561198086850696,1,0.9912384152412415,6,0.9754065326410322
76561199086177729,0,0.009945250116288662,6,0.9754065326410322
76561198301461150,0,0.006107690278440714,6,0.9754065326410322
76561199126794584,0,0.9796339869499207,6,0.9754065326410322
76561199066994397,1,0.624074399471283,6,0.9754065326410322
76561198991177065,0,0.008758224546909332,6,0.9754065326410322
76561199004162103,0,0.008101784624159336,6,0.9754065326410322
76561198862934765,0,0.00575757073238492,6,0.9754065326410322
76561199050666295,0,0.004601636901497841,6,0.9754065326410322
76561198025243422,0,0.009856057353317738,6,0.9754065326410322
76561198884503433,0,0.00404336815699935,6,0.9754065326410322
76561199128733991,0,0.008507811464369297,6,0.9754065326410322
76561199697781951,0,0.16717097163200378,6,0.9754065326410322
76561198881209138,0,0.035486266016960144,6,0.9754065326410322
76561198353854362,0,0.003873629728332162,6,0.9754065326410322
76561199081281082,0,0.012214379385113716,6,0.9754065326410322
76561199096419263,0,0.0082981176674366,6,0.9754065326410322
76561198011922493,0,0.005063622258603573,6,0.9754065326410322
76561198045121699,0,0.521774411201477,6,0.9754065326410322
76561198210916188,0,0.007616984657943249,6,0.9754065326410322
76561197999943443,0,0.00554286316037178,6,0.9754065326410322
76561199145355428,0,0.007038745563477278,6,0.9754065326410322
76561199593853916,0,0.004545007366687059,6,0.9754065326410322
76561198956266972,0,0.011576129123568535,6,0.9754065326410322
76561198077654006,0,0.0036936774849891663,6,0.9754065326410322
76561198838555741,0,0.004864254035055637,6,0.9754065326410322
76561197995597058,0,0.03524669259786606,6,0.9754065326410322
76561197999045915,0,0.8823186159133911,6,0.9754065326410322
76561198234719368,0,0.8005772233009338,6,0.9754065326410322
76561199028524419,0,0.11121325194835663,6,0.9754065326410322
76561199033625642,0,0.0037997334729880095,6,0.9754065326410322
76561199380782693,0,0.016338367015123367,6,0.9754065326410322
76561199150463805,0,0.9588323831558228,6,0.9754065326410322
76561198974256771,0,0.013321630656719208,6,0.9754065326410322
76561197970482017,0,0.010887395590543747,6,0.9754065326410322
76561198331846741,0,0.0044041587971150875,6,0.9754065326410322
76561198090978641,0,0.9730393290519714,6,0.9754065326410322
76561197998307476,0,0.5063546895980835,6,0.9754065326410322
76561198048723760,0,0.005979972891509533,6,0.9754065326410322
76561199133593484,0,0.047288455069065094,6,0.9754065326410322
76561199108921542,0,0.0037552996072918177,6,0.9754065326410322
76561198158448429,0,0.9101492166519165,6,0.9754065326410322
76561199309094721,0,0.0036744815297424793,6,0.9754065326410322
76561198246212928,0,0.4691266715526581,6,0.9754065326410322
76561198162522686,1,0.9853522181510925,6,0.9754065326410322
76561198149086297,1,0.9572985172271729,6,0.9754065326410322
76561198999866582,0,0.2182409167289734,6,0.9754065326410322
76561198354634626,0,0.4008444845676422,6,0.9754065326410322
76561199203529084,0,0.011038743890821934,6,0.9754065326410322
76561197997604558,0,0.9919662475585938,6,0.9754065326410322
76561198020456873,0,0.004531276877969503,6,0.9754065326410322
76561198080987072,0,0.0038801541086286306,6,0.9754065326410322
76561198042641454,0,0.005425486247986555,6,0.9754065326410322
76561198042699616,0,0.006235905922949314,6,0.9754065326410322
76561198055485905,0,0.04733845591545105,6,0.9754065326410322
76561198886566850,0,0.8703131079673767,6,0.9754065326410322
76561198102015344,0,0.475336492061615,6,0.9754065326410322
76561198163267587,0,0.06610530614852905,6,0.9754065326410322
76561198097273955,0,0.9851906895637512,6,0.9754065326410322
76561199024212321,0,0.18495704233646393,6,0.9754065326410322
76561199180847970,0,0.005008946172893047,6,0.9754065326410322
76561198234998076,0,0.004185490310192108,6,0.9754065326410322
76561199124428962,0,0.008198360912501812,6,0.9754065326410322
76561198031574183,0,0.006496319081634283,6,0.9754065326410322
76561198169853539,0,0.12770767509937286,6,0.9754065326410322
76561199021804548,0,0.04963978752493858,6,0.9754065326410322
76561198395541578,0,0.003774557961151004,6,0.9754065326410322
76561198042460843,0,0.8795496225357056,6,0.9754065326410322
76561198168007944,0,0.814169704914093,6,0.9754065326410322
76561198819346492,0,0.8341588973999023,6,0.9754065326410322
76561197971170394,0,0.19815146923065186,6,0.9754065326410322
76561198882351540,0,0.010370025411248207,6,0.9754065326410322
76561198110620211,0,0.0038801541086286306,6,0.9754065326410322
76561199036802943,0,0.003852418391034007,6,0.9754065326410322
76561199384946094,0,0.017552295699715614,6,0.9754065326410322
76561199222652013,0,0.004569899290800095,6,0.9754065326410322
76561198007246631,0,0.0053552589379251,6,0.9754065326410322
76561198122401647,0,0.003779890714213252,6,0.9754065326410322
76561198078305647,0,0.0046203359961509705,6,0.9754065326410322
76561198882830232,0,0.009666326455771923,6,0.9754065326410322
76561199152048575,0,0.004004084970802069,6,0.9754065326410322
76561198162484488,1,0.5322515964508057,6,0.9754065326410322
76561199144128511,0,0.007103715557605028,6,0.9754065326410322
76561199091770933,0,0.029176214709877968,6,0.9754065326410322
76561198047628583,0,0.004804583732038736,6,0.9754065326410322
76561198181580675,0,0.04640315845608711,6,0.9754065326410322
76561199193725203,0,0.5616410374641418,6,0.9754065326410322
76561199350269369,0,0.03808565065264702,6,0.9754065326410322
76561198847778512,0,0.005286326166242361,6,0.9754065326410322
76561199056332216,0,0.008844537660479546,6,0.9754065326410322
76561199570224942,0,0.01499104406684637,6,0.9754065326410322
76561198005618735,0,0.9221616983413696,6,0.9754065326410322
76561198045810638,0,0.3297107517719269,6,0.9754065326410322
76561198206684048,0,0.003390601836144924,6,0.9754065326410322
76561198853910849,0,0.00530928373336792,6,0.9754065326410322
76561198077966711,0,0.00907829124480486,6,0.9754065326410322
76561199157609906,0,0.003368140896782279,6,0.9754065326410322
76561198107010190,0,0.013378108851611614,6,0.9754065326410322
76561198093628526,0,0.00964950118213892,6,0.9754065326410322
76561198079105975,0,0.028916971758008003,6,0.9754065326410322
76561198997830144,0,0.004402026999741793,6,0.9754065326410322
76561199236952387,0,0.01324655395001173,6,0.9754065326410322
76561198116320071,0,0.4061472415924072,6,0.9754065326410322
76561199225173350,0,0.010459981858730316,6,0.9754065326410322
76561198975674557,0,0.0078031569719314575,6,0.9754065326410322
76561198117739591,0,0.8964390754699707,6,0.9754065326410322
76561199470763103,0,0.8537023067474365,6,0.9754065326410322
76561198014585623,0,0.004559769760817289,6,0.9754065326410322
76561197993263846,0,0.00407764408737421,6,0.9754065326410322
76561198083693367,0,0.0050921691581606865,6,0.9754065326410322
76561197991296891,0,0.008193441666662693,6,0.9754065326410322
76561198085735745,0,0.9710143804550171,6,0.9754065326410322
76561198031068945,0,0.502575695514679,6,0.9754065326410322
76561198056400052,0,0.0063989232294261456,6,0.9754065326410322
76561199380592906,0,0.007733938749879599,6,0.9754065326410322
76561199088897741,0,0.020883476361632347,6,0.9754065326410322
76561199133355646,0,0.0045561655424535275,6,0.9754065326410322
76561199261150360,0,0.982258677482605,6,0.9754065326410322
76561198867034876,0,0.005416447296738625,6,0.9754065326410322
76561198037324979,0,0.006679084617644548,6,0.9754065326410322
76561199205416007,0,0.008675648830831051,6,0.9754065326410322
76561198072176343,0,0.41089192032814026,6,0.9754065326410322
76561197964154576,0,0.057154085487127304,6,0.9754065326410322
76561198158665734,0,0.24135559797286987,6,0.9754065326410322
76561198039649998,1,0.9919683337211609,6,0.9754065326410322
76561198056655878,0,0.008821725845336914,6,0.9754065326410322
76561199066928096,0,0.009018068201839924,6,0.9754065326410322
76561198094640913,0,0.9928939938545227,6,0.9754065326410322
76561197999711582,0,0.28984105587005615,6,0.9754065326410322
76561198001180511,0,0.43948519229888916,6,0.9754065326410322
76561198077112132,1,0.9686453342437744,6,0.9754065326410322
76561198819433003,0,0.006768709048628807,6,0.9754065326410322
76561198043597021,0,0.006714457646012306,6,0.9754065326410322
76561199103937469,0,0.00467976089566946,6,0.9754065326410322
76561198299448000,0,0.7493340969085693,6,0.9754065326410322
76561199531568219,0,0.018419485539197922,6,0.9754065326410322
76561198104203762,0,0.4100833833217621,6,0.9754065326410322
76561198209279649,0,0.11332175880670547,6,0.9754065326410322
76561198798536989,0,0.020068835467100143,6,0.9754065326410322
76561199030138159,0,0.013350708410143852,6,0.9754065326410322
76561198103972709,1,0.9821311235427856,6,0.9754065326410322
76561198843523508,0,0.18979106843471527,6,0.9754065326410322
76561199282821750,0,0.005433736369013786,6,0.9754065326410322
76561198343252780,0,0.7758562564849854,6,0.9754065326410322
76561198043341155,0,0.005467412527650595,6,0.9754065326410322
76561199161632909,0,0.0045198737643659115,6,0.9754065326410322
76561199620590384,0,0.004503823816776276,6,0.9754065326410322
76561198179150518,0,0.016121461987495422,6,0.9754065326410322
76561198415956351,0,0.011676655150949955,6,0.9754065326410322
76561198049900589,0,0.025039056316018105,6,0.9754065326410322
76561198356178829,0,0.004707601387053728,6,0.9754065326410322
76561198268671656,0,0.10428830981254578,6,0.9754065326410322
76561199019017388,0,0.0033330158330500126,6,0.9754065326410322
76561198305563009,0,0.00474034296348691,6,0.9754065326410322
76561198277525625,0,0.7715867161750793,6,0.9754065326410322
76561198352938484,0,0.005588437896221876,6,0.9754065326410322
76561197986552718,0,0.008229409344494343,6,0.9754065326410322
76561198408271302,0,0.09872637689113617,6,0.9754065326410322
76561198119319395,0,0.01754181645810604,6,0.9754065326410322
76561198374147636,0,0.004207357298582792,6,0.9754065326410322
76561198402036509,0,0.004317831248044968,6,0.9754065326410322
76561198872694057,1,0.9923875331878662,6,0.9754065326410322
76561199191948431,0,0.0254416111856699,6,0.9754065326410322
76561198036641814,0,0.12964266538619995,6,0.9754065326410322
76561199465439032,0,0.008047353476285934,6,0.9754065326410322
76561199219662139,1,0.9781838059425354,6,0.9754065326410322
76561199001883066,0,0.039507754147052765,6,0.9754065326410322
76561198885531605,0,0.0034992541186511517,6,0.9754065326410322
76561198126620139,0,0.08280813694000244,6,0.9754065326410322
76561198039036096,0,0.013098765164613724,6,0.9754065326410322
76561199135605598,0,0.017052635550498962,6,0.9754065326410322
76561198272735062,0,0.01604696549475193,6,0.9754065326410322
76561198158237945,0,0.9287083148956299,6,0.9754065326410322
76561198068981660,0,0.05199556052684784,6,0.9754065326410322
76561199014408295,0,0.00806170143187046,6,0.9754065326410322
76561199482326191,0,0.9777721166610718,6,0.9754065326410322
76561198049947579,0,0.9919676184654236,6,0.9754065326410322
76561198195672294,0,0.006191546563059092,6,0.9754065326410322
76561199472597149,0,0.005015140864998102,6,0.9754065326410322
76561198140449288,0,0.005555799230933189,6,0.9754065326410322
76561199122136447,0,0.8797760009765625,6,0.9754065326410322
76561199131734525,0,0.006351749878376722,6,0.9754065326410322
76561199207135495,0,0.0035512144677340984,6,0.9754065326410322
76561198000835463,0,0.009160984307527542,6,0.9754065326410322
76561199131551812,0,0.011150910519063473,6,0.9754065326410322
76561199032846606,0,0.004319865722209215,6,0.9754065326410322
76561198074407601,0,0.007009873632341623,6,0.9754065326410322
76561198798637201,0,0.9034068584442139,6,0.9754065326410322
76561198807292741,0,0.003501767525449395,6,0.9754065326410322
76561198400951642,0,0.012108305469155312,6,0.9754065326410322
76561198119277921,0,0.029648225754499435,6,0.9754065326410322
76561199467009030,0,0.004779005888849497,6,0.9754065326410322
76561198987727343,0,0.47086524963378906,6,0.9754065326410322
76561198010569506,0,0.004325197543948889,6,0.9754065326410322
76561198075843258,0,0.37803518772125244,6,0.9754065326410322
76561198070166259,0,0.005442216992378235,6,0.9754065326410322
76561198901346696,0,0.003501767525449395,6,0.9754065326410322
76561197969346520,0,0.9275166392326355,6,0.9754065326410322
76561197996553479,0,0.9738770723342896,6,0.9754065326410322
76561198990822702,0,0.006217072252184153,6,0.9754065326410322
76561198879866699,0,0.09982060641050339,6,0.9754065326410322
76561199240588218,0,0.017866812646389008,6,0.9754065326410322
76561197970505198,0,0.10348086804151535,6,0.9754065326410322
76561199593063893,0,0.28320106863975525,6,0.9754065326410322
76561198060264400,0,0.1998683363199234,6,0.9754065326410322
76561199163294023,0,0.007208650931715965,6,0.9754065326410322
76561198051853397,0,0.22005538642406464,6,0.9754065326410322
76561199222115406,0,0.0038151063490659,6,0.9754065326410322
76561197976708740,0,0.7017152905464172,6,0.9754065326410322
76561197972112374,0,0.003957646898925304,6,0.9754065326410322
76561199050889203,0,0.9770590662956238,6,0.9754065326410322
76561198122748231,0,0.28118979930877686,6,0.9754065326410322
76561198051379584,0,0.9902713894844055,6,0.9754065326410322
76561198173004078,1,0.9489172697067261,6,0.9754065326410322
76561198994300354,0,0.004782486706972122,6,0.9754065326410322
76561198798190200,0,0.819516122341156,6,0.9754065326410322
76561197976580884,0,0.37837842106819153,6,0.9754065326410322
76561199019082950,0,0.007827375084161758,6,0.9754065326410322
76561198062574060,0,0.004444090649485588,6,0.9754065326410322
76561198065353248,0,0.004280500113964081,6,0.9754065326410322
76561199082530497,0,0.009851395152509212,6,0.9754065326410322
76561198425586754,0,0.4753900468349457,6,0.9754065326410322
76561198452720263,0,0.06599770486354828,6,0.9754065326410322
76561198171733839,0,0.24716699123382568,6,0.9754065326410322
76561198407744912,0,0.004002971109002829,6,0.9754065326410322
76561198262010890,0,0.07614797353744507,6,0.9754065326410322
76561198056098722,0,0.6129101514816284,6,0.9754065326410322
76561198195036429,0,0.014277846552431583,6,0.9754065326410322
76561198299009103,0,0.0058671459555625916,6,0.9754065326410322
76561198232555192,0,0.007722873706370592,6,0.9754065326410322
76561199147586826,0,0.0040537831373512745,6,0.9754065326410322
76561199012354751,0,0.9855356216430664,6,0.9754065326410322
76561198149324351,0,0.22162505984306335,6,0.9754065326410322
76561198091262129,0,0.8300411701202393,6,0.9754065326410322
76561199438375918,0,0.003929592669010162,6,0.9754065326410322
76561199210012818,0,0.01874842308461666,6,0.9754065326410322
76561198142582474,0,0.003401699010282755,6,0.9754065326410322
76561198406317072,0,0.006013255566358566,6,0.9754065326410322
76561198830193917,1,0.2086631953716278,6,0.9754065326410322
76561198386638156,0,0.01608094945549965,6,0.9754065326410322
76561199111080625,0,0.007103715557605028,6,0.9754065326410322
76561199403263532,0,0.006720958277583122,6,0.9754065326410322
76561198263036982,0,0.01497964933514595,6,0.9754065326410322
76561197996083807,0,0.019786126911640167,6,0.9754065326410322
76561198082025968,0,0.005690454039722681,6,0.9754065326410322
76561198432221448,1,0.9427554607391357,6,0.9754065326410322
76561198251361848,0,0.012922236695885658,6,0.9754065326410322
76561199128583346,0,0.07028103619813919,6,0.9754065326410322
76561197997645938,0,0.008639072068035603,6,0.9754065326410322
76561198876491021,0,0.004328977316617966,6,0.9754065326410322
76561198422824399,0,0.006411751266568899,6,0.9754065326410322
76561198086188518,0,0.014248448424041271,6,0.9754065326410322
76561198996947988,0,0.004319045227020979,6,0.9754065326410322
76561198391919134,0,0.022401338443160057,6,0.9754065326410322
76561198032209567,0,0.005904687102884054,6,0.9754065326410322
76561198006887005,0,0.251863032579422,6,0.9754065326410322
76561198142830572,0,0.004111965652555227,6,0.9754065326410322
76561199379492762,0,0.9933090209960938,6,0.9754065326410322
76561198291738165,0,0.1251080483198166,6,0.9754065326410322
76561198897440704,0,0.003182250540703535,6,0.9754065326410322
76561199103764343,0,0.9872904419898987,6,0.9754065326410322
76561198038702709,0,0.06180884316563606,6,0.9754065326410322
76561198310140016,0,0.00751141645014286,6,0.9754065326410322
76561199241220910,0,0.006911728531122208,6,0.9754065326410322
76561199084143413,0,0.04637213423848152,6,0.9754065326410322
76561199188856771,0,0.31313180923461914,6,0.9754065326410322
76561198367401064,0,0.009125038050115108,6,0.9754065326410322
76561199448412102,0,0.00459890766069293,6,0.9754065326410322
76561199118470458,0,0.003753234399482608,6,0.9754065326410322
76561198063792751,0,0.009694068692624569,6,0.9754065326410322
76561198160604987,0,0.006737843155860901,6,0.9754065326410322
76561198305224652,0,0.009463964961469173,6,0.9754065326410322
76561199054001707,0,0.13794225454330444,6,0.9754065326410322
76561198030181390,0,0.006604145746678114,6,0.9754065326410322
76561199467776057,0,0.003477711696177721,6,0.9754065326410322
76561198023254602,0,0.009454437531530857,6,0.9754065326410322
76561198380546767,0,0.004581808112561703,6,0.9754065326410322
76561198011053656,0,0.008809417486190796,6,0.9754065326410322
76561198328577538,0,0.045011308044195175,6,0.9754065326410322
76561199188772868,0,0.08859305828809738,6,0.9754065326410322
76561198999970171,0,0.08489008247852325,6,0.9754065326410322
76561197967351363,0,0.008311241865158081,6,0.9754065326410322
76561199013322237,0,0.01089506410062313,6,0.9754065326410322
76561198117198516,0,0.004357002675533295,6,0.9754065326410322
76561198275950852,0,0.01468062587082386,6,0.9754065326410322
76561198071353513,0,0.0036777856294065714,6,0.9754065326410322
76561197998789415,1,0.9941173791885376,6,0.9754065326410322
76561198001867007,0,0.005749779753386974,6,0.9754065326410322
76561199072856498,0,0.003857118310406804,6,0.9754065326410322
76561199066513137,0,0.271820604801178,6,0.9754065326410322
76561199049673646,0,0.010705987922847271,6,0.9754065326410322
76561199121827015,0,0.004828332923352718,6,0.9754065326410322
76561199093261284,0,0.008734515868127346,6,0.9754065326410322
76561199120025331,0,0.015057161450386047,6,0.9754065326410322
76561198157063449,0,0.9709681868553162,6,0.9754065326410322
76561198051074295,0,0.47345882654190063,6,0.9754065326410322
76561198035671052,0,0.9589765667915344,6,0.9754065326410322
76561199113980491,0,0.003515613730996847,6,0.9754065326410322
76561198009809770,0,0.9168799519538879,6,0.9754065326410322
76561198930221540,0,0.9204731583595276,6,0.9754065326410322
76561199183443243,0,0.1353948563337326,6,0.9754065326410322
76561199059770494,0,0.1149672195315361,6,0.9754065326410322
76561199526449256,0,0.1490885466337204,6,0.9754065326410322
76561198090604716,1,0.9887096285820007,6,0.9754065326410322
76561198828713794,0,0.006463232915848494,6,0.9754065326410322
76561198195696575,0,0.008211882784962654,6,0.9754065326410322
76561198851520762,0,0.003514815354719758,6,0.9754065326410322
76561198015369987,0,0.3478681147098541,6,0.9754065326410322
76561198011483151,0,0.011126561090350151,6,0.9754065326410322
76561199593163014,0,0.9797406196594238,6,0.9754065326410322
76561199577118482,0,0.012372954748570919,6,0.9754065326410322
76561198121126059,0,0.044869665056467056,6,0.9754065326410322
76561198007534679,0,0.828569769859314,6,0.9754065326410322
76561198390016713,0,0.004718853160738945,6,0.9754065326410322
76561199208150475,0,0.00404336815699935,6,0.9754065326410322
76561198079353541,0,0.0061736684292554855,6,0.9754065326410322
76561198097745298,0,0.005023170728236437,6,0.9754065326410322
76561198201204775,0,0.004809736739844084,6,0.9754065326410322
76561198003430076,0,0.9904656410217285,6,0.9754065326410322
76561198175216217,0,0.005156361032277346,6,0.9754065326410322
76561198011546850,0,0.2862154245376587,6,0.9754065326410322
76561198004240776,0,0.9867776036262512,6,0.9754065326410322
76561198083318734,0,0.6161730289459229,6,0.9754065326410322
76561199038153078,0,0.00895821861922741,6,0.9754065326410322
76561198039657405,0,0.44981253147125244,6,0.9754065326410322
76561198038865206,0,0.6163234114646912,6,0.9754065326410322
76561198371083928,0,0.10001163184642792,6,0.9754065326410322
76561197999779240,0,0.009415079839527607,6,0.9754065326410322
76561198025602619,0,0.4825645685195923,6,0.9754065326410322
76561198158493633,0,0.015988921746611595,6,0.9754065326410322
76561198804623126,0,0.004724858794361353,6,0.9754065326410322
76561199003582483,0,0.9288013577461243,6,0.9754065326410322
76561198354392448,0,0.25884610414505005,6,0.9754065326410322
76561197961604882,0,0.0042768497951328754,6,0.9754065326410322
76561198368231044,0,0.004532162565737963,6,0.9754065326410322
76561198061826179,0,0.14176583290100098,6,0.9754065326410322
76561198392136210,0,0.6974835991859436,6,0.9754065326410322
76561198104646217,0,0.3020878732204437,6,0.9754065326410322
76561198195573529,0,0.009964194148778915,6,0.9754065326410322
76561198179964262,0,0.004179948940873146,6,0.9754065326410322
76561198025128985,0,0.005589399952441454,6,0.9754065326410322
76561198315182228,0,0.011894089169800282,6,0.9754065326410322
76561199808998591,0,0.004922728054225445,6,0.9754065326410322
76561199192019429,0,0.00789125170558691,6,0.9754065326410322
76561199443079227,0,0.014335156418383121,6,0.9754065326410322
76561199154046013,0,0.029084904119372368,6,0.9754065326410322
76561199360808787,0,0.010042683221399784,6,0.9754065326410322
76561199277819621,0,0.007957479916512966,6,0.9754065326410322
76561198312479533,0,0.005754890851676464,6,0.9754065326410322
76561198806089750,0,0.005184663459658623,6,0.9754065326410322
76561198115433276,0,0.012047193944454193,6,0.9754065326410322
76561198041410016,0,0.005584533791989088,6,0.9754065326410322
76561199057181455,0,0.0056966436095535755,6,0.9754065326410322
76561199058928262,0,0.21304772794246674,6,0.9754065326410322
76561198118874837,0,0.9896593689918518,6,0.9754065326410322
76561198273024886,0,0.0048920330591499805,6,0.9754065326410322
76561199091029745,0,0.013854621909558773,6,0.9754065326410322
76561198199145186,0,0.004650801420211792,6,0.9754065326410322
76561199069339208,0,0.9888938069343567,6,0.9754065326410322
76561198024970747,0,0.0042226179502904415,6,0.9754065326410322
76561199148014842,0,0.008324292488396168,6,0.9754065326410322
76561197960497188,0,0.014918867498636246,6,0.9754065326410322
76561198441170704,0,0.006972129922360182,6,0.9754065326410322
76561197974075776,0,0.3980095684528351,6,0.9754065326410322
76561198345694651,0,0.012921374291181564,6,0.9754065326410322
76561198323874895,0,0.03443453460931778,6,0.9754065326410322
76561198323794038,0,0.0044356281869113445,6,0.9754065326410322
76561198009311369,0,0.9928054213523865,6,0.9754065326410322
76561198128311944,0,0.00564736220985651,6,0.9754065326410322
76561199260862828,0,0.0043374947272241116,6,0.9754065326410322
76561198045257841,0,0.004648446571081877,6,0.9754065326410322
76561199037296445,0,0.022020108997821808,6,0.9754065326410322
76561198443431053,0,0.003501767525449395,6,0.9754065326410322
76561198268658147,0,0.005591096822172403,6,0.9754065326410322
76561198090473612,0,0.09390783309936523,6,0.9754065326410322
76561197970339239,0,0.007637466304004192,6,0.9754065326410322
76561198355819001,0,0.033198680728673935,6,0.9754065326410322
76561198354715271,0,0.011374474503099918,6,0.9754065326410322
76561198310679582,0,0.020778924226760864,6,0.9754065326410322
76561198088083210,0,0.007587388623505831,6,0.9754065326410322
76561199756713758,0,0.007660631090402603,6,0.9754065326410322
76561198069146025,0,0.00489293085411191,6,0.9754065326410322
76561199438026486,0,0.003501767525449395,6,0.9754065326410322
76561198135785518,0,0.006063688546419144,6,0.9754065326410322
76561198852199537,0,0.004564226139336824,6,0.9754065326410322
76561199370318739,0,0.01020141039043665,6,0.9754065326410322
76561198253497370,0,0.004055129364132881,6,0.9754065326410322
76561198005055966,0,0.009262564592063427,6,0.9754065326410322
76561199168662308,0,0.0078031569719314575,6,0.9754065326410322
76561198090650618,0,0.974946141242981,6,0.9754065326410322
76561198124906131,0,0.006573718041181564,6,0.9754065326410322
76561198826497659,0,0.005589399952441454,6,0.9754065326410322
76561199318599427,0,0.006633638869971037,6,0.9754065326410322
76561198070467207,0,0.01125875674188137,6,0.9754065326410322
76561198086356848,0,0.7916439771652222,6,0.9754065326410322
76561198267428157,0,0.00404336815699935,6,0.9754065326410322
76561198334113208,1,0.9160963296890259,6,0.9754065326410322
76561198401803793,0,0.028987959027290344,6,0.9754065326410322
76561198804200461,0,0.5978686213493347,6,0.9754065326410322
76561198143212095,0,0.010296802036464214,6,0.9754065326410322
76561198401996012,0,0.9752916097640991,6,0.9754065326410322
76561199553751844,0,0.013965163379907608,6,0.9754065326410322
76561198056740837,0,0.4911179542541504,6,0.9754065326410322
76561199261984077,0,0.0044679222628474236,6,0.9754065326410322
76561198849309805,0,0.6121517419815063,6,0.9754065326410322
76561198007402621,0,0.020023899152874947,6,0.9754065326410322
76561198017108984,0,0.05878853425383568,6,0.9754065326410322
76561198917760294,0,0.021171951666474342,6,0.9754065326410322
76561199562423717,0,0.004235247615724802,6,0.9754065326410322
76561199114125915,0,0.9108319878578186,6,0.9754065326410322
76561198039382594,0,0.004422682337462902,6,0.9754065326410322
76561198831647275,0,0.43214184045791626,6,0.9754065326410322
76561198274241786,0,0.004195076879113913,6,0.9754065326410322
76561198068719607,0,0.10725993663072586,6,0.9754065326410322
76561198017753208,0,0.00692036421969533,6,0.9754065326410322
76561199046799937,1,0.7697555422782898,6,0.9754065326410322
76561199036142984,0,0.0049819909036159515,6,0.9754065326410322
76561198096344644,0,0.02231624349951744,6,0.9754065326410322
76561197992026174,0,0.9658846855163574,6,0.9754065326410322
76561198059044596,0,0.004531341139227152,6,0.9754065326410322
76561198074510104,0,0.006533053237944841,6,0.9754065326410322
76561198008863008,0,0.4597136974334717,6,0.9754065326410322
76561198423308573,0,0.00508906552568078,6,0.9754065326410322
76561199410243288,0,0.00551848066970706,6,0.9754065326410322
76561198950535867,0,0.01106028351932764,6,0.9754065326410322
76561198344480324,0,0.003182250540703535,6,0.9754065326410322
76561198007705574,0,0.35862138867378235,6,0.9754065326410322
76561198084949534,0,0.016790542751550674,6,0.9754065326410322
76561198831201896,1,0.9928767085075378,6,0.9754065326410322
76561198223858548,0,0.010068562813103199,6,0.9754065326410322
76561199050572871,0,0.007854558527469635,6,0.9754065326410322
76561198273686586,0,0.014993099495768547,6,0.9754065326410322
76561198118713661,0,0.0039373403415083885,6,0.9754065326410322
76561198152496423,0,0.003387857461348176,6,0.9754065326410322
76561198939625131,0,0.7399801015853882,6,0.9754065326410322
76561199063315993,0,0.0055656349286437035,6,0.9754065326410322
76561199193798593,0,0.004201705567538738,6,0.9754065326410322
76561198310207388,0,0.007222478743642569,6,0.9754065326410322
76561197968359306,0,0.010704952292144299,6,0.9754065326410322
76561199275344937,0,0.02985880710184574,6,0.9754065326410322
76561198848157539,0,0.00895821861922741,6,0.9754065326410322
76561199147187772,0,0.006192978471517563,6,0.9754065326410322
76561198359522416,0,0.005871541798114777,6,0.9754065326410322
76561198055763581,0,0.0037693637423217297,6,0.9754065326410322
76561198025061480,0,0.005070745479315519,6,0.9754065326410322
76561198000166700,0,0.0053214700892567635,6,0.9754065326410322
76561198059759211,0,0.006316094659268856,6,0.9754065326410322
76561198075730358,0,0.00619922112673521,6,0.9754065326410322
76561199212238196,0,0.036892615258693695,6,0.9754065326410322
76561198158084634,0,0.017565613612532616,6,0.9754065326410322
76561198161660002,0,0.00480811670422554,6,0.9754065326410322
76561199146616523,0,0.004179329611361027,6,0.9754065326410322
76561197968875348,0,0.009597252123057842,6,0.9754065326410322
76561198211169508,0,0.004954180214554071,6,0.9754065326410322
76561198039867105,0,0.004675033036619425,6,0.9754065326410322
76561199224754957,0,0.005281161051243544,6,0.9754065326410322
76561198007277411,0,0.004537378437817097,6,0.9754065326410322
76561198378335331,0,0.004607900977134705,6,0.9754065326410322
76561198303841752,0,0.9588627815246582,6,0.9754065326410322
76561198965424457,0,0.01237622369080782,6,0.9754065326410322
76561198039364570,0,0.009021946229040623,6,0.9754065326410322
76561198837974049,0,0.01356468815356493,6,0.9754065326410322
76561198807529294,0,0.004147772211581469,6,0.9754065326410322
76561198201687035,0,0.010192781686782837,6,0.9754065326410322
76561198289469841,0,0.005289752036333084,6,0.9754065326410322
76561198051676533,0,0.03451306000351906,6,0.9754065326410322
76561198092790173,0,0.04209024831652641,6,0.9754065326410322
76561198827661988,0,0.00863990094512701,6,0.9754065326410322
76561198045388039,0,0.928846001625061,6,0.9754065326410322
76561198379760807,0,0.00518065644428134,6,0.9754065326410322
76561198333306945,0,0.013114753179252148,6,0.9754065326410322
76561199524658916,0,0.01487537007778883,6,0.9754065326410322
76561199574421496,0,0.00582757918164134,6,0.9754065326410322
76561198064364670,0,0.004067892674356699,6,0.9754065326410322
76561198155521167,0,0.004237500485032797,6,0.9754065326410322
76561199050596370,0,0.004128193017095327,6,0.9754065326410322
76561198080777467,0,0.025196053087711334,6,0.9754065326410322
76561199216650954,0,0.004701707046478987,6,0.9754065326410322
76561198312122435,0,0.003483752254396677,6,0.9754065326410322
76561198033645095,0,0.005617750808596611,6,0.9754065326410322
76561198086199320,1,0.99246746301651,6,0.9754065326410322
76561198976567209,0,0.1685236245393753,6,0.9754065326410322
76561199087466103,0,0.007556822616606951,6,0.9754065326410322
76561198802217093,0,0.0038801541086286306,6,0.9754065326410322
76561198991196041,0,0.015835309401154518,6,0.9754065326410322
76561199734824887,0,0.004084866028279066,6,0.9754065326410322
76561199008289277,0,0.003887101076543331,6,0.9754065326410322
76561199383454955,0,0.003639143891632557,6,0.9754065326410322
76561198160902740,0,0.010130037553608418,6,0.9754065326410322
76561198281993231,0,0.009872977621853352,6,0.9754065326410322
76561199097490418,0,0.7049279808998108,6,0.9754065326410322
76561198064087591,0,0.014137777499854565,6,0.9754065326410322
76561198149264518,0,0.4728948473930359,6,0.9754065326410322
76561199230792714,0,0.5562458634376526,6,0.9754065326410322
76561198023084515,1,0.9819866418838501,6,0.9754065326410322
76561198104843588,0,0.9528053402900696,6,0.9754065326410322
76561198153345868,0,0.8588987588882446,6,0.9754065326410322
76561198109707056,0,0.6414362192153931,6,0.9754065326410322
76561199209911808,0,0.008032230660319328,6,0.9754065326410322
76561198060317099,0,0.0325058288872242,6,0.9754065326410322
76561198169174384,0,0.01025448553264141,6,0.9754065326410322
76561199446928934,0,0.008413327857851982,6,0.9754065326410322
76561199004090169,0,0.018760425969958305,6,0.9754065326410322
76561198118859797,0,0.004277763422578573,6,0.9754065326410322
76561198134654668,0,0.012522093951702118,6,0.9754065326410322
76561199087041724,0,0.35007739067077637,6,0.9754065326410322
76561198041970966,1,0.9422831535339355,6,0.9754065326410322
76561198041999971,0,0.35158708691596985,6,0.9754065326410322
76561199120409238,0,0.004028033465147018,6,0.9754065326410322
76561199140286060,0,0.3485439121723175,6,0.9754065326410322
76561198069519351,0,0.0065909638069570065,6,0.9754065326410322
76561198159690994,0,0.047413699328899384,6,0.9754065326410322
76561197992431747,0,0.7420461177825928,6,0.9754065326410322
76561198040959941,0,0.004510163329541683,6,0.9754065326410322
76561199024042671,0,0.7267300486564636,6,0.9754065326410322
76561197971487585,0,0.02972521260380745,6,0.9754065326410322
76561198192879423,0,0.6474533677101135,6,0.9754065326410322
76561198987477687,0,0.9919122457504272,6,0.9754065326410322
76561198142383658,0,0.005606635473668575,6,0.9754065326410322
76561199217414851,0,0.007817908190190792,6,0.9754065326410322
76561198284165525,0,0.007440748158842325,6,0.9754065326410322
76561198178111441,0,0.7870388627052307,6,0.9754065326410322
76561198026723574,0,0.006872950121760368,6,0.9754065326410322
76561198408613053,0,0.0078031569719314575,6,0.9754065326410322
76561198150266475,0,0.09192784130573273,6,0.9754065326410322
76561199124655659,0,0.9607698917388916,6,0.9754065326410322
76561198271452661,0,0.007913091219961643,6,0.9754065326410322
76561198007894272,0,0.08153103291988373,6,0.9754065326410322
76561198211244547,1,0.9847270250320435,6,0.9754065326410322
76561198105220747,0,0.06708668917417526,6,0.9754065326410322
76561198157495053,0,0.6828734278678894,6,0.9754065326410322
76561199162020616,0,0.00478294026106596,6,0.9754065326410322
76561198075316469,0,0.004806948825716972,6,0.9754065326410322
76561198244312622,0,0.00405431492254138,6,0.9754065326410322
76561198862272166,0,0.01872975379228592,6,0.9754065326410322
76561199635405304,0,0.005945695098489523,6,0.9754065326410322
76561198798957738,0,0.005058368667960167,6,0.9754065326410322
76561199124404723,0,0.011561386287212372,6,0.9754065326410322
76561197982261218,0,0.14490395784378052,6,0.9754065326410322
76561199032811155,0,0.02431013621389866,6,0.9754065326410322
76561199071984185,0,0.00955607183277607,6,0.9754065326410322
76561198045166244,0,0.3555116057395935,6,0.9754065326410322
76561199740961008,0,0.008287560194730759,6,0.9754065326410322
76561199035432104,0,0.03038729913532734,6,0.9754065326410322
76561198878672681,0,0.01066817156970501,6,0.9754065326410322
76561198165711018,0,0.0078031569719314575,6,0.9754065326410322
76561198876252207,0,0.362234503030777,6,0.9754065326410322
76561199447055220,0,0.004107814747840166,6,0.9754065326410322
76561199087556638,0,0.572850227355957,6,0.9754065326410322
76561198407035407,0,0.00931681040674448,6,0.9754065326410322
76561198148092237,0,0.009457404725253582,6,0.9754065326410322
76561198254233010,0,0.20930956304073334,6,0.9754065326410322
76561199087598136,0,0.003501767525449395,6,0.9754065326410322
76561199102922176,1,0.9850162267684937,6,0.9754065326410322
76561198260553857,0,0.006206278223544359,6,0.9754065326410322
76561198411001380,0,0.012790754437446594,6,0.9754065326410322
76561199549962403,0,0.0050719245336949825,6,0.9754065326410322
76561199101033935,0,0.005207586567848921,6,0.9754065326410322
76561198414507559,0,0.006396328564733267,6,0.9754065326410322
76561199085614787,0,0.027223339304327965,6,0.9754065326410322
76561199387568422,0,0.007166146766394377,6,0.9754065326410322
76561199273548497,0,0.008837739005684853,6,0.9754065326410322
76561199590138228,0,0.012869798578321934,6,0.9754065326410322
76561198117944443,0,0.15880683064460754,6,0.9754065326410322
76561199376398112,0,0.0076656825840473175,6,0.9754065326410322
76561198398042160,0,0.0032092335168272257,6,0.9754065326410322
76561198276927347,0,0.004774942062795162,6,0.9754065326410322
76561199104719000,0,0.007513922639191151,6,0.9754065326410322
76561198873392597,0,0.003779815277084708,6,0.9754065326410322
76561199480257621,0,0.00404336815699935,6,0.9754065326410322
76561198074976793,0,0.022474704310297966,6,0.9754065326410322
76561198007697821,0,0.008070114068686962,6,0.9754065326410322
76561199090145671,0,0.25767260789871216,6,0.9754065326410322
76561199394241364,0,0.008498772978782654,6,0.9754065326410322
76561198065580968,0,0.003501767525449395,6,0.9754065326410322
76561199067728560,0,0.004084551706910133,6,0.9754065326410322
76561198095299393,0,0.00618361122906208,6,0.9754065326410322
76561199279499507,0,0.009549606591463089,6,0.9754065326410322
76561199112390802,0,0.5235005617141724,6,0.9754065326410322
76561197970367854,0,0.009326841682195663,6,0.9754065326410322
76561198036077253,0,0.6805899143218994,6,0.9754065326410322
76561198310619853,0,0.004187366459518671,6,0.9754065326410322
76561199070659468,0,0.005374594125896692,6,0.9754065326410322
76561198013842205,0,0.9165846109390259,6,0.9754065326410322
76561199248485895,1,0.5136378407478333,6,0.9754065326410322
76561198402329371,0,0.4068838059902191,6,0.9754065326410322
76561197981539276,0,0.019064653664827347,6,0.9754065326410322
76561198377978522,0,0.003653507214039564,6,0.9754065326410322
76561198045610552,0,0.004027670249342918,6,0.9754065326410322
76561198081829643,0,0.8300164937973022,6,0.9754065326410322
76561198289480180,0,0.9918951392173767,6,0.9754065326410322
76561197991888494,0,0.004087165463715792,6,0.9754065326410322
76561198160180785,0,0.18327753245830536,6,0.9754065326410322
76561198128047702,0,0.9902299046516418,6,0.9754065326410322
76561199075419919,0,0.03148175776004791,6,0.9754065326410322
76561199024733691,0,0.12986144423484802,6,0.9754065326410322
76561198035714338,0,0.4268321990966797,6,0.9754065326410322
76561199233838097,0,0.007497675251215696,6,0.9754065326410322
76561197970515966,0,0.4686795473098755,6,0.9754065326410322
76561197981089449,0,0.004075491335242987,6,0.9754065326410322
76561198035491721,0,0.00923249777406454,6,0.9754065326410322
76561198271593764,0,0.025702234357595444,6,0.9754065326410322
76561198957378898,0,0.023889785632491112,6,0.9754065326410322
76561198028684016,0,0.016540661454200745,6,0.9754065326410322
76561198403161094,0,0.010892798192799091,6,0.9754065326410322
76561199549743194,0,0.00796268880367279,6,0.9754065326410322
76561198259797114,0,0.9531158208847046,6,0.9754065326410322
76561198037694435,1,0.9642001986503601,6,0.9754065326410322
76561197974847954,0,0.10624147951602936,6,0.9754065326410322
76561199173826498,0,0.004297677893191576,6,0.9754065326410322
76561199143899362,0,0.03129341080784798,6,0.9754065326410322
76561198254016485,0,0.005604214034974575,6,0.9754065326410322
76561198324677463,0,0.004331243224442005,6,0.9754065326410322
76561198975772467,0,0.12249742448329926,6,0.9754065326410322
76561198058618041,0,0.02345658838748932,6,0.9754065326410322
76561198286144068,0,0.004383489955216646,6,0.9754065326410322
76561199134476061,0,0.1391601413488388,6,0.9754065326410322
76561198370936923,0,0.49924135208129883,6,0.9754065326410322
76561199065162138,0,0.1011771410703659,6,0.9754065326410322
76561197993725098,0,0.010669847019016743,6,0.9754065326410322
76561199218060174,0,0.0055665611289441586,6,0.9754065326410322
76561199135071294,0,0.0040656886994838715,6,0.9754065326410322
76561199730946759,0,0.005159326829016209,6,0.9754065326410322
76561198838465087,0,0.005578597541898489,6,0.9754065326410322
76561198044085586,0,0.7988899946212769,6,0.9754065326410322
76561198236555332,0,0.989794135093689,6,0.9754065326410322
76561199669282511,0,0.003348551457747817,6,0.9754065326410322
76561198290349080,0,0.00533744553104043,6,0.9754065326410322
76561199178295874,0,0.007965529337525368,6,0.9754065326410322
76561199014295474,0,0.006985774729400873,6,0.9754065326410322
76561199100982339,0,0.02360066957771778,6,0.9754065326410322
76561199120800913,1,0.9921934008598328,6,0.9754065326410322
76561198981230904,0,0.20390847325325012,6,0.9754065326410322
76561199443193531,0,0.010290413163602352,6,0.9754065326410322
76561199181096811,0,0.00858158990740776,6,0.9754065326410322
76561198179035646,0,0.0035151073243469,6,0.9754065326410322
76561199122395520,1,0.938464879989624,6,0.9754065326410322
76561198966893499,0,0.011480988934636116,6,0.9754065326410322
76561199020480514,0,0.011180349625647068,6,0.9754065326410322
76561199038004360,0,0.0037635236512869596,6,0.9754065326410322
76561197984515746,0,0.004017108120024204,6,0.9754065326410322
76561198108771697,0,0.006929497700184584,6,0.9754065326410322
76561198962211598,0,0.004707686137408018,6,0.9754065326410322
76561198426535347,0,0.004063659813255072,6,0.9754065326410322
76561198331105458,1,0.981101930141449,6,0.9754065326410322
76561198408034606,0,0.33606964349746704,6,0.9754065326410322
76561198394663766,0,0.012346766889095306,6,0.9754065326410322
76561198381474020,0,0.00485434802249074,6,0.9754065326410322
76561198452480946,0,0.016588594764471054,6,0.9754065326410322
76561198051796753,0,0.005940173286944628,6,0.9754065326410322
76561197981634896,0,0.42782676219940186,6,0.9754065326410322
76561198342947273,0,0.006025349255651236,6,0.9754065326410322
76561198146594722,0,0.0045429402962327,6,0.9754065326410322
76561198097139769,0,0.004887367133051157,6,0.9754065326410322
76561199307881173,0,0.00617422116920352,6,0.9754065326410322
76561199169991062,0,0.007570996414870024,6,0.9754065326410322
76561198973866681,0,0.004002971109002829,6,0.9754065326410322
76561198883579674,0,0.04173498973250389,6,0.9754065326410322
76561198850586047,0,0.0036740307696163654,6,0.9754065326410322
76561199549705321,0,0.08694177120923996,6,0.9754065326410322
76561198879876224,0,0.445128858089447,6,0.9754065326410322
76561199130894651,0,0.004165255464613438,6,0.9754065326410322
76561199499019642,0,0.3628939390182495,6,0.9754065326410322
76561199270818767,0,0.9659230709075928,6,0.9754065326410322
76561198283503079,0,0.092320516705513,6,0.9754065326410322
76561198022204882,0,0.8695545196533203,6,0.9754065326410322
76561198215938179,0,0.20497280359268188,6,0.9754065326410322
76561197968364984,0,0.004595543257892132,6,0.9754065326410322
76561199638642560,0,0.04811043292284012,6,0.9754065326410322
76561198195696493,0,0.0043228487484157085,6,0.9754065326410322
76561199236766211,0,0.0043539321050047874,6,0.9754065326410322
76561199129540158,0,0.4863700866699219,6,0.9754065326410322
76561199219893827,0,0.004926847293972969,6,0.9754065326410322
76561199075538788,0,0.006902699824422598,6,0.9754065326410322
76561199568101621,0,0.007533385418355465,6,0.9754065326410322
76561199312055899,0,0.008144726976752281,6,0.9754065326410322
76561197989766724,0,0.9928348064422607,6,0.9754065326410322
76561198828825196,0,0.8678939342498779,6,0.9754065326410322
76561198305975046,1,0.9909115433692932,6,0.9754065326410322
76561198996749923,0,0.004806569777429104,6,0.9754065326410322
76561198159704345,0,0.24264660477638245,6,0.9754065326410322
76561198985809353,0,0.009057288989424706,6,0.9754065326410322
76561198036365761,0,0.007103715557605028,6,0.9754065326410322
76561198211354325,0,0.004653104115277529,6,0.9754065326410322
76561198863035660,0,0.9626138806343079,6,0.9754065326410322
76561199444004586,0,0.970460832118988,6,0.9754065326410322
76561198990599820,0,0.8467036485671997,6,0.9754065326410322
76561198216481587,0,0.017577797174453735,6,0.9754065326410322
76561198283824943,0,0.0046135601587593555,6,0.9754065326410322
76561198282195888,0,0.01027720607817173,6,0.9754065326410322
76561199196920197,0,0.005072816740721464,6,0.9754065326410322
76561198838043498,0,0.006594537291675806,6,0.9754065326410322
76561198015440656,0,0.00590177858248353,6,0.9754065326410322
76561198327610356,0,0.018840832635760307,6,0.9754065326410322
76561198254352721,0,0.006616347935050726,6,0.9754065326410322
76561198001140733,0,0.03006058745086193,6,0.9754065326410322
76561199277215669,0,0.6498129367828369,6,0.9754065326410322
76561198818117433,0,0.4268256425857544,6,0.9754065326410322
76561199009451351,0,0.013185691088438034,6,0.9754065326410322
76561198019473437,0,0.006597734056413174,6,0.9754065326410322
76561197998902880,0,0.006261636968702078,6,0.9754065326410322
76561198211288528,0,0.004125862382352352,6,0.9754065326410322
76561198861653268,0,0.004969087429344654,6,0.9754065326410322
76561197960956224,0,0.004585228394716978,6,0.9754065326410322
76561198174999113,0,0.004140601027756929,6,0.9754065326410322
76561199041591593,0,0.0042740036733448505,6,0.9754065326410322
76561199118273645,0,0.006086526904255152,6,0.9754065326410322
76561198193684401,0,0.1602156013250351,6,0.9754065326410322
76561198046330922,0,0.09288180619478226,6,0.9754065326410322
76561199208547384,0,0.00895821861922741,6,0.9754065326410322
76561198437567972,0,0.0044679222628474236,6,0.9754065326410322
76561199547232211,0,0.00423790980130434,6,0.9754065326410322
76561198171539789,0,0.00404336815699935,6,0.9754065326410322
76561198136070048,0,0.44634097814559937,6,0.9754065326410322
76561198973779114,0,0.008688865229487419,6,0.9754065326410322
76561198007742310,0,0.20350225269794464,6,0.9754065326410322
76561198358172121,0,0.006902699824422598,6,0.9754065326410322
76561198350607945,0,0.0045441677793860435,6,0.9754065326410322
76561198765966312,0,0.0038801541086286306,6,0.9754065326410322
76561197984216991,0,0.4486706852912903,6,0.9754065326410322
76561199160712827,0,0.004818267654627562,6,0.9754065326410322
76561199511252211,0,0.01030610129237175,6,0.9754065326410322
76561198342582392,0,0.0040870667435228825,6,0.9754065326410322
76561198357893748,0,0.009685847908258438,6,0.9754065326410322
76561198151128097,0,0.003720605745911598,6,0.9754065326410322
76561198437675068,0,0.005409723613411188,6,0.9754065326410322
76561199278457260,0,0.003182250540703535,6,0.9754065326410322
76561199229913441,0,0.252787321805954,6,0.9754065326410322
76561198251139254,0,0.003991834353655577,6,0.9754065326410322
76561198007558529,0,0.036216046661138535,6,0.9754065326410322
76561198213108339,0,0.00339933461509645,6,0.9754065326410322
76561199218853627,1,0.9930288195610046,6,0.9754065326410322
76561199109658814,0,0.004152300301939249,6,0.9754065326410322
76561199533062997,0,0.0038801541086286306,6,0.9754065326410322
76561198216798576,0,0.36556193232536316,6,0.9754065326410322
76561198969127021,0,0.0038801541086286306,6,0.9754065326410322
76561198088050289,0,0.11299898475408554,6,0.9754065326410322
76561198116914908,0,0.0035186989698559046,6,0.9754065326410322
76561198084754458,0,0.0046703023836016655,6,0.9754065326410322
76561198215534925,0,0.9088283181190491,6,0.9754065326410322
76561198042233490,0,0.005970909725874662,6,0.9754065326410322
76561198108776928,0,0.0073679909110069275,6,0.9754065326410322
76561199013603687,0,0.020970670506358147,6,0.9754065326410322
76561199127589982,0,0.0346897654235363,6,0.9754065326410322
76561199643211666,0,0.004178073722869158,6,0.9754065326410322
76561199670062511,0,0.005171424243599176,6,0.9754065326410322
76561198054176131,0,0.4079820513725281,6,0.9754065326410322
76561198107825493,0,0.005751543678343296,6,0.9754065326410322
76561198185658659,0,0.007294317241758108,6,0.9754065326410322
76561198062585574,0,0.009906918741762638,6,0.9754065326410322
76561199522165039,0,0.004275273997336626,6,0.9754065326410322
76561199350856703,0,0.006222453434020281,6,0.9754065326410322
76561199027447227,0,0.010235154069960117,6,0.9754065326410322
76561198113584538,0,0.13339725136756897,6,0.9754065326410322
76561198013673244,0,0.013066855259239674,6,0.9754065326410322
76561198385658455,0,0.014335156418383121,6,0.9754065326410322
76561198832736302,0,0.004491390194743872,6,0.9754065326410322
76561199036352561,0,0.005337141919881105,6,0.9754065326410322
76561198309490898,0,0.011298798024654388,6,0.9754065326410322
76561199208878611,0,0.0081179179251194,6,0.9754065326410322
76561198047358388,0,0.010905386880040169,6,0.9754065326410322
76561198157122906,0,0.0042864736169576645,6,0.9754065326410322
76561198407083524,0,0.004044914618134499,6,0.9754065326410322
76561199301444373,0,0.007411042228341103,6,0.9754065326410322
76561198271980093,0,0.015401497483253479,6,0.9754065326410322
76561198168183227,1,0.9735451340675354,6,0.9754065326410322
76561198362370835,0,0.011980256997048855,6,0.9754065326410322
76561199070271662,0,0.003501767525449395,6,0.9754065326410322
76561197976143557,0,0.011480550281703472,6,0.9754065326410322
76561199124682724,1,0.9462401270866394,6,0.9754065326410322
76561199467975164,0,0.0040870667435228825,6,0.9754065326410322
76561198400280933,0,0.013768131844699383,6,0.9754065326410322
76561199215955553,0,0.3544127345085144,6,0.9754065326410322
76561198230418960,0,0.9835317134857178,6,0.9754065326410322
76561198402800910,0,0.00984660629183054,6,0.9754065326410322
76561198276606491,0,0.5167586207389832,6,0.9754065326410322
76561198012438488,0,0.003515613730996847,6,0.9754065326410322
76561199547570895,0,0.003721436485648155,6,0.9754065326410322
76561198055189435,0,0.8462308049201965,6,0.9754065326410322
76561198151050394,0,0.5007193088531494,6,0.9754065326410322
76561199192247434,1,0.9935630559921265,6,0.9754065326410322
76561198034171721,0,0.4150219261646271,6,0.9754065326410322
76561199523032204,0,0.003904151963070035,6,0.9754065326410322
76561199013202283,0,0.004352408926934004,6,0.9754065326410322
76561198986168283,0,0.24639740586280823,6,0.9754065326410322
76561199073055771,0,0.029435457661747932,6,0.9754065326410322
76561198973184821,0,0.004885697737336159,6,0.9754065326410322
76561199559042041,0,0.0065287998877465725,6,0.9754065326410322
76561198077262640,0,0.02911446988582611,6,0.9754065326410322
76561199484729125,0,0.3513379395008087,6,0.9754065326410322
76561198968465692,0,0.04862368851900101,6,0.9754065326410322
76561198008419582,0,0.012383423745632172,6,0.9754065326410322
76561198428655238,0,0.02670327015221119,6,0.9754065326410322
76561198811389974,0,0.948117733001709,6,0.9754065326410322
76561198010166621,0,0.0058380309492349625,6,0.9754065326410322
76561199513180299,1,0.783851683139801,6,0.9754065326410322
76561198155275961,0,0.00614903075620532,6,0.9754065326410322
76561199005701755,0,0.19015750288963318,6,0.9754065326410322
76561199178982400,0,0.0040870667435228825,6,0.9754065326410322
76561198300183738,0,0.04716726765036583,6,0.9754065326410322
76561198048908325,0,0.010556324385106564,6,0.9754065326410322
76561198007766536,0,0.004326100926846266,6,0.9754065326410322
76561198096090251,0,0.006097123026847839,6,0.9754065326410322
76561198195796242,0,0.9817882776260376,6,0.9754065326410322
76561198862772848,0,0.004104423336684704,6,0.9754065326410322
76561198450965212,0,0.3187920153141022,6,0.9754065326410322
76561198109002118,0,0.01126071996986866,6,0.9754065326410322
76561198127969064,0,0.008698291145265102,6,0.9754065326410322
76561198174278710,0,0.08874772489070892,6,0.9754065326410322
76561198969027530,0,0.037806835025548935,6,0.9754065326410322
76561198403544552,0,0.004972035065293312,6,0.9754065326410322
76561198389202691,0,0.003211818402633071,6,0.9754065326410322
76561199710745792,0,0.0038801541086286306,6,0.9754065326410322
76561198006440274,0,0.00510920025408268,6,0.9754065326410322
76561198841355749,0,0.004713915288448334,6,0.9754065326410322
76561197986057510,0,0.008456376381218433,6,0.9754065326410322
76561198801853473,1,0.9887625575065613,6,0.9754065326410322
76561199375440370,0,0.025999244302511215,6,0.9754065326410322
76561198090318828,0,0.01745101809501648,6,0.9754065326410322
76561198074502028,0,0.1067582368850708,6,0.9754065326410322
76561198313715300,0,0.004120452795177698,6,0.9754065326410322
76561198982525792,1,0.9939239621162415,6,0.9754065326410322
76561198083968603,0,0.003946026787161827,6,0.9754065326410322
76561199037894932,0,0.0038812949787825346,6,0.9754065326410322
76561199158500136,0,0.007174395490437746,6,0.9754065326410322
76561199229588853,0,0.003935504239052534,6,0.9754065326410322
76561198119410702,0,0.004854974802583456,6,0.9754065326410322
76561199133557073,0,0.004697728436440229,6,0.9754065326410322
76561198327901496,0,0.00895821861922741,6,0.9754065326410322
76561198985556972,0,0.00404336815699935,6,0.9754065326410322
76561198334921775,0,0.004381783772259951,6,0.9754065326410322
76561199408974269,0,0.004389758221805096,6,0.9754065326410322
76561199059097100,0,0.00953805074095726,6,0.9754065326410322
76561198044900817,0,0.004187919199466705,6,0.9754065326410322
76561199227295589,0,0.009217009879648685,6,0.9754065326410322
76561199099963988,0,0.006793128792196512,6,0.9754065326410322
76561199031215097,1,0.9921332597732544,6,0.9754065326410322
76561199049516577,0,0.004664144013077021,6,0.9754065326410322
76561198366292330,0,0.0032741697505116463,6,0.9754065326410322
76561198397201241,0,0.011030001565814018,6,0.9754065326410322
76561198048871162,0,0.004351195879280567,6,0.9754065326410322
76561199143816877,0,0.01708759181201458,6,0.9754065326410322
76561198881816260,0,0.0047415802255272865,6,0.9754065326410322
76561199000517811,0,0.9207305908203125,6,0.9754065326410322
76561198254590628,0,0.006379131693392992,6,0.9754065326410322
76561198028861204,0,0.0072291214019060135,6,0.9754065326410322
76561199044180756,0,0.029781144112348557,6,0.9754065326410322
76561198025791692,0,0.009404260665178299,6,0.9754065326410322
76561198943053656,0,0.028918366879224777,6,0.9754065326410322
76561199075887352,0,0.006093616131693125,6,0.9754065326410322
76561198049678614,0,0.0034725842997431755,6,0.9754065326410322
76561197991546628,0,0.021997174248099327,6,0.9754065326410322
76561198392228999,0,0.004432938061654568,6,0.9754065326410322
76561198018755046,0,0.004124403465539217,6,0.9754065326410322
76561199196800188,0,0.012741757556796074,6,0.9754065326410322
76561198008754046,0,0.003515613730996847,6,0.9754065326410322
76561198209731133,0,0.004119514022022486,6,0.9754065326410322
76561199059748315,0,0.006739474833011627,6,0.9754065326410322
76561199008927531,0,0.017761023715138435,6,0.9754065326410322
76561199024791713,0,0.008486158214509487,6,0.9754065326410322
76561198996914688,0,0.003795486642047763,6,0.9754065326410322
76561199108324499,0,0.004669905640184879,6,0.9754065326410322
76561199141807657,0,0.010663311928510666,6,0.9754065326410322
76561198373134037,0,0.8602024912834167,6,0.9754065326410322
76561198418607166,0,0.004313057754188776,6,0.9754065326410322
76561198036787333,0,0.011628740467131138,6,0.9754065326410322
76561199121905604,0,0.0053113787434995174,6,0.9754065326410322
76561198016263890,0,0.7415286302566528,6,0.9754065326410322
76561198992790638,0,0.9268264770507812,6,0.9754065326410322
76561198143690140,0,0.004138548858463764,6,0.9754065326410322
76561199504855406,0,0.31137463450431824,6,0.9754065326410322
76561198220338795,0,0.006344005931168795,6,0.9754065326410322
76561198099391306,0,0.061954643577337265,6,0.9754065326410322
76561198856091010,0,0.008093814365565777,6,0.9754065326410322
76561198036947744,0,0.03398354724049568,6,0.9754065326410322
76561199250164847,0,0.005459810607135296,6,0.9754065326410322
76561199182928452,1,0.9785440564155579,6,0.9754065326410322
76561198030076522,0,0.007159046828746796,6,0.9754065326410322
76561198289008202,1,0.9886140823364258,6,0.9754065326410322
76561198996406376,0,0.6794115900993347,6,0.9754065326410322
76561198080508203,0,0.007343000266700983,6,0.9754065326410322
76561198811103807,0,0.003501767525449395,6,0.9754065326410322
76561198022966583,0,0.9864570498466492,6,0.9754065326410322
76561198167146298,0,0.015624772757291794,6,0.9754065326410322
76561199597851517,0,0.028506716713309288,6,0.9754065326410322
76561198058760260,0,0.005721787456423044,6,0.9754065326410322
76561198978858576,0,0.15648823976516724,6,0.9754065326410322
76561198152932042,0,0.723676860332489,6,0.9754065326410322
76561198297038649,0,0.003699153196066618,6,0.9754065326410322
76561198431269815,0,0.00530928373336792,6,0.9754065326410322
76561198883483311,0,0.0038801541086286306,6,0.9754065326410322
76561198023381258,0,0.9534065127372742,6,0.9754065326410322
76561198877133733,0,0.00530928373336792,6,0.9754065326410322
76561198286134875,0,0.01783294603228569,6,0.9754065326410322
76561198947042669,0,0.005633178632706404,6,0.9754065326410322
76561199039779038,0,0.01307981088757515,6,0.9754065326410322
76561199401108950,0,0.007104448974132538,6,0.9754065326410322
76561198007675499,0,0.007005536928772926,6,0.9754065326410322
76561198019233805,0,0.0038723954930901527,6,0.9754065326410322
76561198152875209,0,0.0201531033962965,6,0.9754065326410322
76561199114113289,0,0.26693007349967957,6,0.9754065326410322
76561198000743617,1,0.9870389103889465,6,0.9754065326410322
76561197999160292,0,0.006327110808342695,6,0.9754065326410322
76561199053185955,0,0.006906482856720686,6,0.9754065326410322
76561198018639705,0,0.004254461731761694,6,0.9754065326410322
76561198289135192,0,0.02358357608318329,6,0.9754065326410322
76561198052232080,0,0.10086559504270554,6,0.9754065326410322
76561199185197311,0,0.0038169100880622864,6,0.9754065326410322
76561198084509266,0,0.9672478437423706,6,0.9754065326410322
76561198014002781,0,0.004333740100264549,6,0.9754065326410322
76561198797644058,0,0.0033983124885708094,6,0.9754065326410322
76561198076656994,0,0.9232730865478516,6,0.9754065326410322
76561198254830639,0,0.03164860978722572,6,0.9754065326410322
76561198099491928,0,0.004462588112801313,6,0.9754065326410322
76561198820835435,0,0.9849061369895935,6,0.9754065326410322
76561198074009219,0,0.008326276205480099,6,0.9754065326410322
76561198031080052,0,0.004268280696123838,6,0.9754065326410322
76561198051379195,0,0.004883667454123497,6,0.9754065326410322
76561198002093536,0,0.007996439933776855,6,0.9754065326410322
76561198972129362,0,0.008084318600594997,6,0.9754065326410322
76561198331303132,0,0.0038801541086286306,6,0.9754065326410322
76561199368125930,0,0.01082698442041874,6,0.9754065326410322
76561198159879424,0,0.9761977791786194,6,0.9754065326410322
76561198082410662,0,0.009585393592715263,6,0.9754065326410322
76561198070047098,0,0.9489138126373291,6,0.9754065326410322
76561198317233370,0,0.19643786549568176,6,0.9754065326410322
76561198929170682,0,0.794001042842865,6,0.9754065326410322
76561199097640723,0,0.07556608319282532,6,0.9754065326410322
76561198228109596,0,0.9123536348342896,6,0.9754065326410322
76561198068742470,0,0.6431558132171631,6,0.9754065326410322
76561198854246655,0,0.003171155694872141,6,0.9754065326410322
76561199586475338,0,0.005098509602248669,6,0.9754065326410322
76561198352958129,0,0.9854523539543152,6,0.9754065326410322
76561198217118885,0,0.04452548548579216,6,0.9754065326410322
76561198348242424,0,0.29872244596481323,6,0.9754065326410322
76561198799174550,0,0.01174173317849636,6,0.9754065326410322
76561198931100428,0,0.0078031569719314575,6,0.9754065326410322
76561199089872871,0,0.006917609367519617,6,0.9754065326410322
76561198094688695,0,0.0036055331584066153,6,0.9754065326410322
76561198776258196,0,0.08149851113557816,6,0.9754065326410322
76561198176602778,0,0.009731278754770756,6,0.9754065326410322
76561199167567771,0,0.007884133607149124,6,0.9754065326410322
76561198891848356,0,0.003935527056455612,6,0.9754065326410322
76561198243696114,0,0.004477216862142086,6,0.9754065326410322
76561198081822283,0,0.008719921112060547,6,0.9754065326410322
76561198051803514,0,0.015459787100553513,6,0.9754065326410322
76561198260645698,0,0.009848438203334808,6,0.9754065326410322
76561197974650755,0,0.007261333521455526,6,0.9754065326410322
76561198138680863,0,0.004211063031107187,6,0.9754065326410322
76561198281432967,0,0.008326276205480099,6,0.9754065326410322
76561198150805689,0,0.004446927458047867,6,0.9754065326410322
76561197982933582,1,0.9901987314224243,6,0.9754065326410322
76561199239574828,1,0.980861246585846,6,0.9754065326410322
76561199381040824,0,0.008315959945321083,6,0.9754065326410322
76561199384703377,0,0.8144965171813965,6,0.9754065326410322
76561198140937763,0,0.3186577260494232,6,0.9754065326410322
76561199156870026,0,0.004961548373103142,6,0.9754065326410322
76561198814225652,0,0.004002971109002829,6,0.9754065326410322
76561199161736015,0,0.7507556676864624,6,0.9754065326410322
76561199087646330,0,0.003986816853284836,6,0.9754065326410322
76561198075157197,0,0.9937845468521118,6,0.9754065326410322
76561198306910813,0,0.005001834128051996,6,0.9754065326410322
76561198055500614,0,0.3393332362174988,6,0.9754065326410322
76561199078980339,0,0.6174759864807129,6,0.9754065326410322
76561199209674293,0,0.0038801541086286306,6,0.9754065326410322
76561198803824429,0,0.0046685319393873215,6,0.9754065326410322
76561198385824693,0,0.013159223832190037,6,0.9754065326410322
76561198447848511,0,0.006748485378921032,6,0.9754065326410322
76561198384466241,0,0.005150012671947479,6,0.9754065326410322
76561197995293850,0,0.5344802737236023,6,0.9754065326410322
76561198348251290,0,0.005053978879004717,6,0.9754065326410322
76561198816686928,0,0.0054799760691821575,6,0.9754065326410322
76561198101765910,0,0.947736918926239,6,0.9754065326410322
76561198150642707,0,0.6903386116027832,6,0.9754065326410322
76561198131811161,0,0.007139397785067558,6,0.9754065326410322
76561199144269626,0,0.028500616550445557,6,0.9754065326410322
76561198276487308,0,0.8460618853569031,6,0.9754065326410322
76561199046328704,0,0.004223119467496872,6,0.9754065326410322
76561198052620445,0,0.01804455742239952,6,0.9754065326410322
76561199381691123,0,0.00454553309828043,6,0.9754065326410322
76561198353391547,0,0.010522640310227871,6,0.9754065326410322
76561198909296101,0,0.009892233647406101,6,0.9754065326410322
76561198433958406,0,0.006010708399116993,6,0.9754065326410322
76561198056066763,0,0.008646638132631779,6,0.9754065326410322
76561198327454384,0,0.6876524090766907,6,0.9754065326410322
76561199500772638,0,0.003501767525449395,6,0.9754065326410322
76561199021386107,0,0.9514076709747314,6,0.9754065326410322
76561198000395509,0,0.005591133609414101,6,0.9754065326410322
76561197960769448,0,0.02400563471019268,6,0.9754065326410322
76561199471207907,0,0.745595395565033,6,0.9754065326410322
76561198962642404,1,0.9936887621879578,6,0.9754065326410322
76561198119445786,0,0.7736275792121887,6,0.9754065326410322
76561198190008966,0,0.0036218231543898582,6,0.9754065326410322
76561199114048660,0,0.05142667889595032,6,0.9754065326410322
76561198969896946,0,0.004002971109002829,6,0.9754065326410322
76561198001400794,0,0.004856331739574671,6,0.9754065326410322
76561198392705400,0,0.004544329363852739,6,0.9754065326410322
76561198078373718,0,0.01042250357568264,6,0.9754065326410322
76561198054412769,0,0.004532270133495331,6,0.9754065326410322
76561198209996735,0,0.02092612534761429,6,0.9754065326410322
76561199153532189,0,0.006762717384845018,6,0.9754065326410322
76561198209665720,1,0.9715571403503418,6,0.9754065326410322
76561198830870335,0,0.8914756178855896,6,0.9754065326410322
76561199278133066,0,0.007460057269781828,6,0.9754065326410322
76561199611553335,0,0.003611144609749317,6,0.9754065326410322
76561198406312817,0,0.00689717847853899,6,0.9754065326410322
76561198089810173,0,0.004449245519936085,6,0.9754065326410322
76561198243870774,0,0.006319138687103987,6,0.9754065326410322
76561197985634130,0,0.010848494246602058,6,0.9754065326410322
76561199744934648,0,0.019315727055072784,6,0.9754065326410322
76561199084444782,0,0.9206323623657227,6,0.9754065326410322
76561198262392446,0,0.012525608763098717,6,0.9754065326410322
76561198171632989,0,0.21151956915855408,6,0.9754065326410322
76561198870251700,0,0.005070333369076252,6,0.9754065326410322
76561199189684982,0,0.9850636720657349,6,0.9754065326410322
76561199592370433,0,0.9799354672431946,6,0.9754065326410322
76561198859050095,0,0.005602614022791386,6,0.9754065326410322
76561198057947070,0,0.8843921422958374,6,0.9754065326410322
76561198096125504,0,0.2523069977760315,6,0.9754065326410322
76561199642654115,0,0.010417787358164787,6,0.9754065326410322
76561199177409828,0,0.0507826991379261,6,0.9754065326410322
76561198243578232,0,0.0051856134086847305,6,0.9754065326410322
76561198365164758,0,0.015501056797802448,6,0.9754065326410322
76561198059779914,0,0.004081340506672859,6,0.9754065326410322
76561198047204385,0,0.06008323282003403,6,0.9754065326410322
76561198180966330,0,0.0034628603607416153,6,0.9754065326410322
76561198174246370,0,0.09994480013847351,6,0.9754065326410322
76561198078893689,0,0.8837802410125732,6,0.9754065326410322
76561198071481261,0,0.00480406591668725,6,0.9754065326410322
76561198951231173,0,0.005150164477527142,6,0.9754065326410322
76561199474043764,0,0.29301780462265015,6,0.9754065326410322
76561198085344780,0,0.005976028740406036,6,0.9754065326410322
76561199580687687,0,0.004084151703864336,6,0.9754065326410322
76561199591269847,0,0.0054705459624528885,6,0.9754065326410322
76561199228594772,0,0.5559409856796265,6,0.9754065326410322
76561198279293460,0,0.007833924144506454,6,0.9754065326410322
76561198331347123,0,0.006785061676055193,6,0.9754065326410322
76561199445042899,0,0.004855647217482328,6,0.9754065326410322
76561197960693296,0,0.0035191315691918135,6,0.9754065326410322
76561199219614538,0,0.004454882349818945,6,0.9754065326410322
76561198977041083,0,0.005309106782078743,6,0.9754065326410322
76561198102561491,0,0.003998532425612211,6,0.9754065326410322
76561199062255914,0,0.003971772268414497,6,0.9754065326410322
76561199003196795,0,0.0038093298207968473,6,0.9754065326410322
76561199088545643,0,0.026002369821071625,6,0.9754065326410322
76561198079097902,0,0.8763617277145386,6,0.9754065326410322
76561198805271639,0,0.004692375659942627,6,0.9754065326410322
76561198135370374,0,0.0038583390414714813,6,0.9754065326410322
76561198008337069,0,0.0034063318744301796,6,0.9754065326410322
76561198432415782,0,0.007182062603533268,6,0.9754065326410322
76561199496036589,0,0.0038696760311722755,6,0.9754065326410322
76561199388589044,0,0.08666036278009415,6,0.9754065326410322
76561199073191793,0,0.005254921969026327,6,0.9754065326410322
76561199013916397,0,0.0054971338249742985,6,0.9754065326410322
76561199233342951,0,0.005689328536391258,6,0.9754065326410322
76561198980337037,0,0.6684704422950745,6,0.9754065326410322
76561198839131236,0,0.24311594665050507,6,0.9754065326410322
76561198226880192,0,0.00644140038639307,6,0.9754065326410322
76561199042674681,0,0.9676023125648499,6,0.9754065326410322
76561199214868696,0,0.9398338198661804,6,0.9754065326410322
76561199088985803,0,0.0051263547502458096,6,0.9754065326410322
76561199004657647,0,0.8431147933006287,6,0.9754065326410322
76561199506926524,0,0.005668399855494499,6,0.9754065326410322
76561198080821348,0,0.7677121758460999,6,0.9754065326410322
76561198260131664,0,0.004139059688895941,6,0.9754065326410322
76561198838597759,0,0.006904851645231247,6,0.9754065326410322
76561198306628776,0,0.2419055998325348,6,0.9754065326410322
76561198843432346,0,0.00831601396203041,6,0.9754065326410322
76561198134573574,0,0.005032755900174379,6,0.9754065326410322
76561198207604260,1,0.9927664995193481,6,0.9754065326410322
76561199589750443,0,0.9661856293678284,6,0.9754065326410322
76561198131332511,0,0.6012821197509766,6,0.9754065326410322
76561197975508157,0,0.7357900142669678,6,0.9754065326410322
76561198315524580,0,0.026655402034521103,6,0.9754065326410322
76561199027457970,0,0.005509399808943272,6,0.9754065326410322
76561198931472489,0,0.9351252317428589,6,0.9754065326410322
76561199085275759,0,0.0715513750910759,6,0.9754065326410322
76561199053218406,0,0.005520959384739399,6,0.9754065326410322
76561198417881761,0,0.039001837372779846,6,0.9754065326410322
76561198873552282,0,0.007162154186517,6,0.9754065326410322
76561198131637071,0,0.014010870829224586,6,0.9754065326410322
76561198347593750,0,0.0038801541086286306,6,0.9754065326410322
76561199512697039,0,0.004165255464613438,6,0.9754065326410322
76561198245381586,0,0.01447319332510233,6,0.9754065326410322
76561198203055555,0,0.0057134381495416164,6,0.9754065326410322
76561198885130055,0,0.808627724647522,6,0.9754065326410322
76561199110773339,0,0.38343214988708496,6,0.9754065326410322
76561199091784706,0,0.005305502563714981,6,0.9754065326410322
76561198279537591,0,0.1655111312866211,6,0.9754065326410322
76561198039937846,0,0.07286135107278824,6,0.9754065326410322
76561199090229815,1,0.9284774661064148,6,0.9754065326410322
76561199556990065,0,0.004955798387527466,6,0.9754065326410322
76561199436108698,0,0.004032799508422613,6,0.9754065326410322
76561198239735606,0,0.00496024452149868,6,0.9754065326410322
76561199045505034,0,0.006432608235627413,6,0.9754065326410322
76561199007190671,0,0.021507736295461655,6,0.9754065326410322
76561199084497254,0,0.012756100855767727,6,0.9754065326410322
76561198952310538,0,0.02973107248544693,6,0.9754065326410322
76561198044676458,1,0.951845109462738,6,0.9754065326410322
76561198012151870,0,0.0040226043201982975,6,0.9754065326410322
76561199154355752,0,0.02400043047964573,6,0.9754065326410322
76561197975442698,0,0.9762220978736877,6,0.9754065326410322
76561198261681691,0,0.6004142761230469,6,0.9754065326410322
76561197999635853,0,0.631244421005249,6,0.9754065326410322
76561197970732372,0,0.4613788425922394,6,0.9754065326410322
76561198382821376,0,0.004618073347955942,6,0.9754065326410322
76561199122545996,0,0.004160529002547264,6,0.9754065326410322
76561198000578412,0,0.9915475249290466,6,0.9754065326410322
76561199101471952,0,0.005800677463412285,6,0.9754065326410322
76561199030152599,0,0.0073181940242648125,6,0.9754065326410322
76561198079350943,0,0.7267230749130249,6,0.9754065326410322
76561198799687215,0,0.003753234399482608,6,0.9754065326410322
76561199061209264,0,0.009813208132982254,6,0.9754065326410322
76561198075902334,0,0.006055429577827454,6,0.9754065326410322
76561198341292637,0,0.02367420122027397,6,0.9754065326410322
76561199105301732,0,0.004423501435667276,6,0.9754065326410322
76561198308383959,0,0.005105828866362572,6,0.9754065326410322
76561199589225952,0,0.08786439150571823,6,0.9754065326410322
76561199081751732,0,0.08387350291013718,6,0.9754065326410322
76561198004933285,0,0.029995867982506752,6,0.9754065326410322
76561197992811992,0,0.004442137200385332,6,0.9754065326410322
76561198108683841,1,0.9893627762794495,6,0.9754065326410322
76561198191382099,0,0.027211762964725494,6,0.9754065326410322
76561198031664104,0,0.8193216919898987,6,0.9754065326410322
76561198056585006,0,0.006194393616169691,6,0.9754065326410322
76561198055218302,0,0.00504313362762332,6,0.9754065326410322
76561198988418180,0,0.01057744212448597,6,0.9754065326410322
76561198091559401,0,0.37415817379951477,6,0.9754065326410322
76561198194687105,0,0.9791450500488281,6,0.9754065326410322
76561198205566359,0,0.030093489214777946,6,0.9754065326410322
76561198079127115,0,0.02083876170217991,6,0.9754065326410322
76561198391698050,0,0.03387408331036568,6,0.9754065326410322
76561198803896407,0,0.0137940663844347,6,0.9754065326410322
76561198312364329,0,0.004865260794758797,6,0.9754065326410322
76561198046329648,0,0.02225632406771183,6,0.9754065326410322
76561197984809890,0,0.003411543322727084,6,0.9754065326410322
76561198046400803,0,0.004507001955062151,6,0.9754065326410322
76561199400812499,0,0.003960501868277788,6,0.9754065326410322
76561199467866990,0,0.05319967493414879,6,0.9754065326410322
76561199116769815,0,0.005223501939326525,6,0.9754065326410322
76561199240831319,0,0.004505624528974295,6,0.9754065326410322
76561199033256415,0,0.016408395022153854,6,0.9754065326410322
76561199695168984,0,0.003515613730996847,6,0.9754065326410322
76561199243555185,1,0.9282888770103455,6,0.9754065326410322
76561198249358394,0,0.0040016863495111465,6,0.9754065326410322
76561198137846086,0,0.003536652075126767,6,0.9754065326410322
76561198396183685,0,0.010610179044306278,6,0.9754065326410322
76561198207999859,0,0.736846923828125,6,0.9754065326410322
76561198095697150,0,0.9818795323371887,6,0.9754065326410322
76561198451149607,0,0.10550130903720856,6,0.9754065326410322
76561199229127433,0,0.004784597549587488,6,0.9754065326410322
76561198030822570,0,0.003501767525449395,6,0.9754065326410322
76561198339236669,0,0.020035473629832268,6,0.9754065326410322
76561197961802230,0,0.5342410206794739,6,0.9754065326410322
76561198200117769,0,0.30693551898002625,6,0.9754065326410322
76561199221976465,0,0.004663907457143068,6,0.9754065326410322
76561198057575664,0,0.11395270377397537,6,0.9754065326410322
76561199188459534,0,0.033593762665987015,6,0.9754065326410322
76561199191491008,0,0.7261496186256409,6,0.9754065326410322
76561199099419942,0,0.5443348288536072,6,0.9754065326410322
76561198445305527,0,0.008731250651180744,6,0.9754065326410322
76561198068223429,0,0.9042512774467468,6,0.9754065326410322
76561199226623831,0,0.01564267836511135,6,0.9754065326410322
76561199161586660,1,0.70011305809021,6,0.9754065326410322
76561198032252403,0,0.011713028885424137,6,0.9754065326410322
76561198011192697,1,0.9920791983604431,6,0.9754065326410322
76561198279846721,0,0.006374980788677931,6,0.9754065326410322
76561198085029155,0,0.03922939673066139,6,0.9754065326410322
76561198123258668,0,0.008360877633094788,6,0.9754065326410322
76561198837349143,0,0.9894191026687622,6,0.9754065326410322
76561198057550086,0,0.7912308573722839,6,0.9754065326410322
76561198350412504,0,0.23647424578666687,6,0.9754065326410322
76561198143600903,0,0.0038186090532690287,6,0.9754065326410322
76561198265114606,0,0.027893714606761932,6,0.9754065326410322
76561198886307350,0,0.9680386781692505,6,0.9754065326410322
76561198330138058,0,0.003909786231815815,6,0.9754065326410322
76561198406402352,0,0.0038660219870507717,6,0.9754065326410322
76561198288999649,0,0.00480407290160656,6,0.9754065326410322
76561198024658899,1,0.7609519958496094,6,0.9754065326410322
76561199481401767,0,0.16215746104717255,6,0.9754065326410322
76561199212892268,0,0.007817486301064491,6,0.9754065326410322
76561198046557454,0,0.008051457814872265,6,0.9754065326410322
76561198054946806,0,0.004652492702007294,6,0.9754065326410322
76561199172937585,0,0.004502733703702688,6,0.9754065326410322
76561198360752466,0,0.9584166407585144,6,0.9754065326410322
76561198893962758,0,0.00384284695610404,6,0.9754065326410322
76561199026852615,0,0.739418089389801,6,0.9754065326410322
76561197972736449,0,0.005229652859270573,6,0.9754065326410322
76561198010025767,0,0.02498764544725418,6,0.9754065326410322
76561198280326304,0,0.8131922483444214,6,0.9754065326410322
76561198334888863,0,0.01165147963911295,6,0.9754065326410322
76561198919890743,0,0.005838415585458279,6,0.9754065326410322
76561197971532669,0,0.8400892019271851,6,0.9754065326410322
76561198972200542,0,0.003905719378963113,6,0.9754065326410322
76561199060797992,0,0.025820918381214142,6,0.9754065326410322
76561199105887318,0,0.014949402771890163,6,0.9754065326410322
76561198133409349,0,0.007196198683232069,6,0.9754065326410322
76561199230135425,0,0.13865654170513153,6,0.9754065326410322
76561199176458510,0,0.7677598595619202,6,0.9754065326410322
76561198021023761,0,0.007676597684621811,6,0.9754065326410322
76561198011957971,0,0.9047324657440186,6,0.9754065326410322
76561198384723588,0,0.6377925276756287,6,0.9754065326410322
76561198039232215,0,0.004221092443913221,6,0.9754065326410322
76561199027164709,0,0.004503823816776276,6,0.9754065326410322
76561199104973189,0,0.12558531761169434,6,0.9754065326410322
76561198103467393,0,0.053531765937805176,6,0.9754065326410322
76561199272613163,0,0.003941458649933338,6,0.9754065326410322
76561198983875607,0,0.023597590625286102,6,0.9754065326410322
76561199584584715,0,0.0048411074094474316,6,0.9754065326410322
76561198426442167,0,0.005320306401699781,6,0.9754065326410322
76561198080100576,0,0.012782147154211998,6,0.9754065326410322
76561197972267913,0,0.004140764009207487,6,0.9754065326410322
76561198044432958,0,0.005835541523993015,6,0.9754065326410322
76561198190841094,0,0.003501767525449395,6,0.9754065326410322
76561199538458787,0,0.00427844887599349,6,0.9754065326410322
76561199662677119,0,0.011098564602434635,6,0.9754065326410322
76561198114481201,0,0.011706468649208546,6,0.9754065326410322
76561198327513739,0,0.014051294885575771,6,0.9754065326410322
76561198202197866,0,0.0126164760440588,6,0.9754065326410322
76561198963443001,0,0.004019090440124273,6,0.9754065326410322
76561199034426357,0,0.06964153051376343,6,0.9754065326410322
76561199515571393,0,0.011800453066825867,6,0.9754065326410322
76561198001463022,0,0.6008660793304443,6,0.9754065326410322
76561199065162203,0,0.010110476985573769,6,0.9754065326410322
76561197971186943,0,0.004992520436644554,6,0.9754065326410322
76561199035418709,0,0.014674875885248184,6,0.9754065326410322
76561198005818355,0,0.007540654856711626,6,0.9754065326410322
76561199594816083,0,0.006367440335452557,6,0.9754065326410322
76561198965209132,0,0.007576781790703535,6,0.9754065326410322
76561197997741770,0,0.0040656886994838715,6,0.9754065326410322
76561199037589938,0,0.0047415802255272865,6,0.9754065326410322
76561198803001485,0,0.006087461952120066,6,0.9754065326410322
76561199050457429,0,0.01531020738184452,6,0.9754065326410322
76561198958945743,0,0.0054971338249742985,6,0.9754065326410322
76561199144242262,0,0.00794560182839632,6,0.9754065326410322
76561199572323693,0,0.004970723297446966,6,0.9754065326410322
76561198121134414,0,0.003182250540703535,6,0.9754065326410322
76561198271434341,0,0.005855693481862545,6,0.9754065326410322
76561198045694455,0,0.9807855486869812,6,0.9754065326410322
76561199188939273,0,0.01452610082924366,6,0.9754065326410322
76561198042060964,0,0.7734255790710449,6,0.9754065326410322
76561198203343923,0,0.004304518923163414,6,0.9754065326410322
76561198842870070,0,0.0033983124885708094,6,0.9754065326410322
76561198093170676,0,0.21402524411678314,6,0.9754065326410322
76561198868750702,0,0.003825617488473654,6,0.9754065326410322
76561198879309852,0,0.004262596368789673,6,0.9754065326410322
76561197989593169,0,0.012357022613286972,6,0.9754065326410322
76561198105070441,0,0.005259739700704813,6,0.9754065326410322
76561198106567021,0,0.004958887118846178,6,0.9754065326410322
76561197962017305,0,0.40792620182037354,6,0.9754065326410322
76561197980020274,0,0.15205182135105133,6,0.9754065326410322
76561198035694064,0,0.46134552359580994,6,0.9754065326410322
76561198349389111,0,0.03153145685791969,6,0.9754065326410322
76561199097575750,1,0.5740283727645874,6,0.9754065326410322
76561198114261221,0,0.006789214909076691,6,0.9754065326410322
76561198876191101,0,0.010577203705906868,6,0.9754065326410322
76561199081624373,0,0.036078982055187225,6,0.9754065326410322
76561198061748309,0,0.003182250540703535,6,0.9754065326410322
76561198396847488,0,0.005135419312864542,6,0.9754065326410322
76561199508858448,0,0.03623444214463234,6,0.9754065326410322
76561198202793386,0,0.5450728535652161,6,0.9754065326410322
76561198061736104,0,0.42274683713912964,6,0.9754065326410322
76561197968020883,0,0.00530928373336792,6,0.9754065326410322
76561199073052783,0,0.005017354153096676,6,0.9754065326410322
76561198072720027,0,0.39366286993026733,6,0.9754065326410322
76561198414284288,1,0.977605938911438,6,0.9754065326410322
76561199030659533,0,0.6931545734405518,6,0.9754065326410322
76561198449725709,0,0.004704184364527464,6,0.9754065326410322
76561198018865040,0,0.017689723521471024,6,0.9754065326410322
76561198165699068,0,0.7074654698371887,6,0.9754065326410322
76561198122145088,0,0.16652655601501465,6,0.9754065326410322
76561198031047383,0,0.02249574288725853,6,0.9754065326410322
76561199182476887,0,0.01174173317849636,6,0.9754065326410322
76561198085716038,0,0.0043372889049351215,6,0.9754065326410322
76561198377403072,0,0.050170332193374634,6,0.9754065326410322
76561199131495583,0,0.8069437742233276,6,0.9754065326410322
76561199081857816,0,0.0045775980688631535,6,0.9754065326410322
76561198065939544,0,0.4810778498649597,6,0.9754065326410322
76561198378613646,0,0.01556957047432661,6,0.9754065326410322
76561198261065568,0,0.44140467047691345,6,0.9754065326410322
76561199063933336,0,0.004634176846593618,6,0.9754065326410322
76561199387032677,0,0.05930802598595619,6,0.9754065326410322
76561198969624658,0,0.004229831974953413,6,0.9754065326410322
76561199185912620,0,0.011095146648585796,6,0.9754065326410322
76561198369201107,0,0.019238555803894997,6,0.9754065326410322
76561198040798837,0,0.010614635422825813,6,0.9754065326410322
76561198135142400,0,0.003441600129008293,6,0.9754065326410322
76561198860130008,0,0.00491926958784461,6,0.9754065326410322
76561198101792330,0,0.3710227310657501,6,0.9754065326410322
76561199242762350,0,0.0078031569719314575,6,0.9754065326410322
76561199146380722,0,0.04802864044904709,6,0.9754065326410322
76561198993045663,0,0.0037699383683502674,6,0.9754065326410322
76561199119786338,0,0.30711889266967773,6,0.9754065326410322
76561199224303600,0,0.005750800017267466,6,0.9754065326410322
76561199090415875,1,0.9814617037773132,6,0.9754065326410322
76561199114899864,0,0.13379257917404175,6,0.9754065326410322
76561198314617154,0,0.010322344489395618,6,0.9754065326410322
76561198132169553,0,0.056456778198480606,6,0.9754065326410322
76561199017573029,0,0.6138718724250793,6,0.9754065326410322
76561198872917939,0,0.014068805612623692,6,0.9754065326410322
76561199076810702,0,0.005566624458879232,6,0.9754065326410322
76561198352410654,0,0.005279450677335262,6,0.9754065326410322
76561198347655771,0,0.004921464715152979,6,0.9754065326410322
76561198152453190,0,0.7751222848892212,6,0.9754065326410322
76561199249030325,0,0.0038801541086286306,6,0.9754065326410322
76561199133177956,0,0.0078031569719314575,6,0.9754065326410322
76561199547264460,0,0.7607225179672241,6,0.9754065326410322
76561197991780018,0,0.004139059688895941,6,0.9754065326410322
76561198039449285,0,0.9764147996902466,6,0.9754065326410322
76561198180279527,0,0.005372056737542152,6,0.9754065326410322
76561198218376076,0,0.012126521207392216,6,0.9754065326410322
76561199237506804,0,0.013020850718021393,6,0.9754065326410322
76561197961212707,0,0.003733055666089058,6,0.9754065326410322
76561198180524653,0,0.2304520308971405,6,0.9754065326410322
76561199698340893,0,0.0060266717337071896,6,0.9754065326410322
76561198092051045,0,0.006128657143563032,6,0.9754065326410322
76561199525762364,0,0.008330601267516613,6,0.9754065326410322
76561199024113859,0,0.004165255464613438,6,0.9754065326410322
76561199066607105,0,0.003787403693422675,6,0.9754065326410322
76561199587180014,0,0.004901571199297905,6,0.9754065326410322
76561198983721085,0,0.004259367007762194,6,0.9754065326410322
76561198414190478,0,0.014832359738647938,6,0.9754065326410322
76561198076557902,0,0.04738112911581993,6,0.9754065326410322
76561198350222883,0,0.0040452447719872,6,0.9754065326410322
76561199211030838,0,0.009681826457381248,6,0.9754065326410322
76561199167126335,0,0.00404336815699935,6,0.9754065326410322
76561197996339912,0,0.005850143730640411,6,0.9754065326410322
76561199138331632,0,0.0038662641309201717,6,0.9754065326410322
76561199212300184,0,0.0040870667435228825,6,0.9754065326410322
76561198883544774,0,0.9322336912155151,6,0.9754065326410322
76561198419744748,0,0.014357934705913067,6,0.9754065326410322
76561199636792969,0,0.008770779706537724,6,0.9754065326410322
76561198828828488,0,0.005917488597333431,6,0.9754065326410322
76561199075592758,1,0.9932779669761658,6,0.9754065326410322
76561199005185864,0,0.011271131224930286,6,0.9754065326410322
76561198168784115,1,0.9544417858123779,6,0.9754065326410322
76561198893224180,0,0.024831179529428482,6,0.9754065326410322
76561198200472077,1,0.9895104169845581,6,0.9754065326410322
76561198024941651,0,0.15463630855083466,6,0.9754065326410322
76561198157142794,0,0.9934782981872559,6,0.9754065326410322
76561199229764127,0,0.267707496881485,6,0.9754065326410322
76561198822706227,0,0.004132743459194899,6,0.9754065326410322
76561199013266039,1,0.9900249242782593,6,0.9754065326410322
76561198994734813,0,0.003501767525449395,6,0.9754065326410322
76561198069520268,0,0.007604433689266443,6,0.9754065326410322
76561197961405031,0,0.006728818640112877,6,0.9754065326410322
76561198099826584,0,0.47690242528915405,6,0.9754065326410322
76561199081863676,0,0.012447432614862919,6,0.9754065326410322
76561198293613892,0,0.04904725030064583,6,0.9754065326410322
76561198122869521,0,0.5158953666687012,6,0.9754065326410322
76561198082553370,0,0.005978458561003208,6,0.9754065326410322
76561198044164096,0,0.004288132768124342,6,0.9754065326410322
76561199755056956,0,0.009315058588981628,6,0.9754065326410322
76561199102702584,0,0.004896141588687897,6,0.9754065326410322
76561198805873297,0,0.005503837484866381,6,0.9754065326410322
76561197986664809,0,0.029664522036910057,6,0.9754065326410322
76561198049550913,0,0.008082151412963867,6,0.9754065326410322
76561199098422375,0,0.03600442036986351,6,0.9754065326410322
76561198985515308,0,0.11344216018915176,6,0.9754065326410322
76561197994851209,0,0.013509252108633518,6,0.9754065326410322
76561198976639678,0,0.004102814011275768,6,0.9754065326410322
76561198247805756,0,0.003211818402633071,6,0.9754065326410322
76561198043898813,0,0.9835163950920105,6,0.9754065326410322
76561198412148678,0,0.004994089249521494,6,0.9754065326410322
76561198932361002,1,0.9866375923156738,6,0.9754065326410322
76561198241254746,0,0.006222849246114492,6,0.9754065326410322
76561197975793094,0,0.23745451867580414,6,0.9754065326410322
76561199184416927,0,0.25502800941467285,6,0.9754065326410322
76561198181641013,0,0.0044899932108819485,6,0.9754065326410322
76561198131897419,0,0.005815729033201933,6,0.9754065326410322
76561199806338521,0,0.12762098014354706,6,0.9754065326410322
76561197992809320,0,0.905051589012146,6,0.9754065326410322
76561198994100797,0,0.008922094479203224,6,0.9754065326410322
76561198052225012,0,0.009016129188239574,6,0.9754065326410322
76561198453288215,0,0.009984979405999184,6,0.9754065326410322
76561198064817845,1,0.9831485748291016,6,0.9754065326410322
76561198426253674,0,0.01478629745543003,6,0.9754065326410322
76561199001958952,0,0.0045578875578939915,6,0.9754065326410322
76561198364218972,0,0.025545965880155563,6,0.9754065326410322
76561199062289372,0,0.013212976045906544,6,0.9754065326410322
76561198004864414,0,0.00777826551347971,6,0.9754065326410322
76561198109706179,0,0.006621981970965862,6,0.9754065326410322
76561199107499395,0,0.0045429402962327,6,0.9754065326410322
76561198105176514,0,0.010826646350324154,6,0.9754065326410322
76561198804463359,0,0.005217173136770725,6,0.9754065326410322
76561198035862029,0,0.19607707858085632,6,0.9754065326410322
76561199282364468,0,0.0048763081431388855,6,0.9754065326410322
76561198218357700,0,0.003762781387194991,6,0.9754065326410322
76561199589114710,1,0.9508062601089478,6,0.9754065326410322
76561198148023823,0,0.1005486324429512,6,0.9754065326410322
76561199111507635,0,0.0064102900214493275,6,0.9754065326410322
76561198084196071,0,0.15313288569450378,6,0.9754065326410322
76561199383417761,1,0.9917992353439331,6,0.9754065326410322
76561198984022074,0,0.013327392749488354,6,0.9754065326410322
76561199186318107,0,0.004272573161870241,6,0.9754065326410322
76561198052719580,0,0.005795945413410664,6,0.9754065326410322
76561198397933452,0,0.028921974822878838,6,0.9754065326410322
76561198151404225,0,0.003829708555713296,6,0.9754065326410322
76561199000546949,0,0.020127790048718452,6,0.9754065326410322
76561198813106735,0,0.010617169551551342,6,0.9754065326410322
76561198081638616,0,0.3923582136631012,6,0.9754065326410322
76561198054620796,0,0.004139059688895941,6,0.9754065326410322
76561199085980085,0,0.008389635942876339,6,0.9754065326410322
76561198257332273,0,0.0037798297125846148,6,0.9754065326410322
76561199053557932,0,0.00391502445563674,6,0.9754065326410322
76561198369269572,0,0.004347949754446745,6,0.9754065326410322
76561199065528388,0,0.003955497406423092,6,0.9754065326410322
76561199102169760,0,0.0041016764007508755,6,0.9754065326410322
76561198206062235,0,0.0050529735162854195,6,0.9754065326410322
76561199132257453,0,0.003501767525449395,6,0.9754065326410322
76561198241695684,0,0.006893498823046684,6,0.9754065326410322
76561198042465609,0,0.006245546042919159,6,0.9754065326410322
76561199032322662,0,0.0449647456407547,6,0.9754065326410322
76561198042366421,0,0.013883872888982296,6,0.9754065326410322
76561198075043995,0,0.026497097685933113,6,0.9754065326410322
76561198831428828,0,0.00404752790927887,6,0.9754065326410322
76561198356261583,0,0.01095770113170147,6,0.9754065326410322
76561198027121490,0,0.005715280305594206,6,0.9754065326410322
76561199306879199,0,0.0072552659548819065,6,0.9754065326410322
76561198865062171,0,0.00785988848656416,6,0.9754065326410322
76561197970411839,0,0.006526513956487179,6,0.9754065326410322
76561198152112951,0,0.007074381690472364,6,0.9754065326410322
76561199013030826,0,0.005421882960945368,6,0.9754065326410322
76561199510960267,0,0.006154808681458235,6,0.9754065326410322
76561197998129903,0,0.14615623652935028,6,0.9754065326410322
76561198050793756,0,0.004583744332194328,6,0.9754065326410322
76561198104033493,0,0.0034653167240321636,6,0.9754065326410322
76561198001439777,0,0.009441854432225227,6,0.9754065326410322
76561199122727981,0,0.4525834023952484,6,0.9754065326410322
76561199198655233,0,0.027236035093665123,6,0.9754065326410322
76561198869949394,0,0.02631976082921028,6,0.9754065326410322
76561198422507216,0,0.02679663710296154,6,0.9754065326410322
76561199101290167,0,0.0077966321259737015,6,0.9754065326410322
76561199489216212,0,0.0042832838371396065,6,0.9754065326410322
76561198864738097,0,0.009904888458549976,6,0.9754065326410322
76561198027613170,0,0.00403757905587554,6,0.9754065326410322
76561199257232781,0,0.026155510917305946,6,0.9754065326410322
76561198393405165,0,0.10029943287372589,6,0.9754065326410322
76561198416137782,0,0.05442507565021515,6,0.9754065326410322
76561199117860352,0,0.04186643660068512,6,0.9754065326410322
76561199375036384,0,0.007075142115354538,6,0.9754065326410322
76561198224450784,0,0.34748607873916626,6,0.9754065326410322
76561199074475795,0,0.006566817872226238,6,0.9754065326410322
76561198061317909,0,0.3754441738128662,6,0.9754065326410322
76561198809000330,0,0.0774352177977562,6,0.9754065326410322
76561198982141621,0,0.7749569416046143,6,0.9754065326410322
76561198181431955,1,0.9822745323181152,6,0.9754065326410322
76561198058975517,0,0.004286070354282856,6,0.9754065326410322
76561199244870123,0,0.9713039398193359,6,0.9754065326410322
76561198048004710,0,0.004767261445522308,6,0.9754065326410322
76561199468020481,0,0.0128986407071352,6,0.9754065326410322
76561199013486027,1,0.9938961863517761,6,0.9754065326410322
76561199134043496,0,0.009805833920836449,6,0.9754065326410322
76561199172593993,0,0.007014398463070393,6,0.9754065326410322
76561198312304090,0,0.014286661520600319,6,0.9754065326410322
76561198968796500,1,0.928699791431427,6,0.9754065326410322
76561199221920423,0,0.037082258611917496,6,0.9754065326410322
76561198025521103,0,0.3515446186065674,6,0.9754065326410322
76561198117094430,1,0.9923210740089417,6,0.9754065326410322
76561198209950803,0,0.2678455114364624,6,0.9754065326410322
76561198154452846,0,0.009405523538589478,6,0.9754065326410322
76561198158709462,0,0.1374962478876114,6,0.9754065326410322
76561198075047725,0,0.683096170425415,6,0.9754065326410322
76561198123323834,1,0.6499712467193604,6,0.9754065326410322
76561198025875573,0,0.004040653817355633,6,0.9754065326410322
76561199732935262,0,0.005544088780879974,6,0.9754065326410322
76561198039486201,0,0.00874408520758152,6,0.9754065326410322
76561198037998617,0,0.7899399995803833,6,0.9754065326410322
76561198273240155,0,0.0061214035376906395,6,0.9754065326410322
76561198037294265,0,0.004627523478120565,6,0.9754065326410322
76561199027805547,0,0.005679863505065441,6,0.9754065326410322
76561198118446822,0,0.005313503090292215,6,0.9754065326410322
76561198173108735,0,0.004669093992561102,6,0.9754065326410322
76561199487182652,0,0.004603533539921045,6,0.9754065326410322
76561199161238612,0,0.016201768070459366,6,0.9754065326410322
76561198173705342,0,0.0052703130058944225,6,0.9754065326410322
76561198391646746,0,0.06582625955343246,6,0.9754065326410322
76561198271416516,0,0.008258703164756298,6,0.9754065326410322
76561198018130803,0,0.004238726571202278,6,0.9754065326410322
76561198026469988,0,0.005063622258603573,6,0.9754065326410322
76561198398499658,0,0.005313374567776918,6,0.9754065326410322
76561198407715359,0,0.04199173301458359,6,0.9754065326410322
76561199162299827,0,0.005128641612827778,6,0.9754065326410322
76561198312936030,0,0.004433741793036461,6,0.9754065326410322
76561198085643869,0,0.00414157984778285,6,0.9754065326410322
76561199656744915,0,0.004503823816776276,6,0.9754065326410322
76561198066530278,0,0.015566895715892315,6,0.9754065326410322
76561198284338903,0,0.005279215052723885,6,0.9754065326410322
76561199198895562,0,0.6004191040992737,6,0.9754065326410322
76561199014713318,0,0.004703845363110304,6,0.9754065326410322
76561198043467520,0,0.006895714905112982,6,0.9754065326410322
76561199004002283,1,0.99151211977005,6,0.9754065326410322
76561198092736626,0,0.007460417225956917,6,0.9754065326410322
76561198833914771,0,0.06748607009649277,6,0.9754065326410322
76561198985708423,0,0.17323674261569977,6,0.9754065326410322
76561198137075675,0,0.9603609442710876,6,0.9754065326410322
76561199349146052,0,0.7432892322540283,6,0.9754065326410322
76561198076549093,0,0.26645341515541077,6,0.9754065326410322
76561198880796553,0,0.99204021692276,6,0.9754065326410322
76561199489428963,0,0.015600912272930145,6,0.9754065326410322
76561198958325796,0,0.24804185330867767,6,0.9754065326410322
76561198071340087,0,0.0065397294238209724,6,0.9754065326410322
76561198096210815,0,0.02874215692281723,6,0.9754065326410322
76561198316331026,0,0.09223183989524841,6,0.9754065326410322
76561198018344587,0,0.07685764133930206,6,0.9754065326410322
76561199166899069,0,0.004420230630785227,6,0.9754065326410322
76561198031311615,0,0.00517140282317996,6,0.9754065326410322
76561198027807933,0,0.003558829426765442,6,0.9754065326410322
76561199653377869,0,0.006950055249035358,6,0.9754065326410322
76561197964321777,0,0.004139059688895941,6,0.9754065326410322
76561199550328875,0,0.7520709037780762,6,0.9754065326410322
76561198059280772,0,0.008723927661776543,6,0.9754065326410322
76561199186060967,0,0.22063706815242767,6,0.9754065326410322
76561197985829703,0,0.005843048449605703,6,0.9754065326410322
76561198039777935,0,0.006487039849162102,6,0.9754065326410322
76561198056422344,0,0.6607989072799683,6,0.9754065326410322
76561199015886138,0,0.005583174992352724,6,0.9754065326410322
76561198354824704,1,0.9805740714073181,6,0.9754065326410322
76561198054628767,0,0.023688146844506264,6,0.9754065326410322
76561198146642660,0,0.003919601906090975,6,0.9754065326410322
76561199096495279,0,0.005789227783679962,6,0.9754065326410322
76561198136053381,1,0.9923136830329895,6,0.9754065326410322
76561199387662921,0,0.004134576767683029,6,0.9754065326410322
76561198152671282,0,0.012856852263212204,6,0.9754065326410322
76561199115566888,0,0.004793381318449974,6,0.9754065326410322
76561199181788536,0,0.009743982926011086,6,0.9754065326410322
76561198040701171,0,0.5436864495277405,6,0.9754065326410322
76561198009938994,0,0.05404055863618851,6,0.9754065326410322
76561198101948774,1,0.9931153655052185,6,0.9754065326410322
76561198065028886,0,0.36071154475212097,6,0.9754065326410322
76561199121233731,0,0.011272959411144257,6,0.9754065326410322
76561198015860989,0,0.7974094748497009,6,0.9754065326410322
76561199045324553,0,0.005053399130702019,6,0.9754065326410322
76561198811259050,0,0.003750651841983199,6,0.9754065326410322
76561198366499869,0,0.9787882566452026,6,0.9754065326410322
76561198992669725,0,0.9773386120796204,6,0.9754065326410322
76561199113962003,0,0.012540138326585293,6,0.9754065326410322
76561199013476408,0,0.003515566699206829,6,0.9754065326410322
76561198014816605,0,0.0038946617860347033,6,0.9754065326410322
76561198079480213,0,0.21110711991786957,6,0.9754065326410322
76561199027956465,0,0.006285147275775671,6,0.9754065326410322
76561197998081036,0,0.004428628366440535,6,0.9754065326410322
76561199520626090,0,0.00530928373336792,6,0.9754065326410322
76561198430689131,0,0.031090566888451576,6,0.9754065326410322
76561198073464202,0,0.07586651295423508,6,0.9754065326410322
76561198806154802,0,0.05869463458657265,6,0.9754065326410322
76561199080211104,0,0.4607190191745758,6,0.9754065326410322
76561198322227510,0,0.08770555257797241,6,0.9754065326410322
76561198815941316,0,0.006903661414980888,6,0.9754065326410322
76561199067131860,0,0.023175768554210663,6,0.9754065326410322
76561198871561988,0,0.020925696939229965,6,0.9754065326410322
76561198059769762,0,0.44329315423965454,6,0.9754065326410322
76561198115799796,0,0.6043248772621155,6,0.9754065326410322
76561199067621551,0,0.6097801923751831,6,0.9754065326410322
76561199038919625,0,0.9803788661956787,6,0.9754065326410322
76561197979899863,0,0.006591875571757555,6,0.9754065326410322
76561198028756114,0,0.006351109594106674,6,0.9754065326410322
76561198010549100,0,0.009733048267662525,6,0.9754065326410322
76561198455703197,0,0.21864019334316254,6,0.9754065326410322
76561199247966420,0,0.008843943476676941,6,0.9754065326410322
76561198080573069,0,0.016023103147745132,6,0.9754065326410322
76561199236661559,0,0.018321162089705467,6,0.9754065326410322
76561199032489651,0,0.056318435817956924,6,0.9754065326410322
76561198046012447,0,0.02073836326599121,6,0.9754065326410322
76561199027543973,0,0.009875448420643806,6,0.9754065326410322
76561197994555595,0,0.7211252450942993,6,0.9754065326410322
76561198802199310,0,0.0037993413861840963,6,0.9754065326410322
76561198129400746,0,0.0038801541086286306,6,0.9754065326410322
76561198289164278,0,0.005162022542208433,6,0.9754065326410322
76561198124371712,0,0.013761327601969242,6,0.9754065326410322
76561198062187983,0,0.00530928373336792,6,0.9754065326410322
76561199230542867,0,0.022916635498404503,6,0.9754065326410322
76561198871101698,0,0.7958565354347229,6,0.9754065326410322
76561198071753623,0,0.005102097988128662,6,0.9754065326410322
76561197998593152,0,0.23159722983837128,6,0.9754065326410322
76561199546654421,0,0.01358296163380146,6,0.9754065326410322
76561198799876042,0,0.011374452151358128,6,0.9754065326410322
76561198861630307,0,0.0031638203654438257,6,0.9754065326410322
76561199086128088,0,0.00921702291816473,6,0.9754065326410322
76561199100036563,0,0.005093874875456095,6,0.9754065326410322
76561198797107779,0,0.007384053897112608,6,0.9754065326410322
76561198173064530,0,0.030023962259292603,6,0.9754065326410322
76561199293912483,0,0.006393305025994778,6,0.9754065326410322
76561198418436326,0,0.0729706883430481,6,0.9754065326410322
76561197993938501,0,0.006100088823586702,6,0.9754065326410322
76561199247275342,0,0.900635302066803,6,0.9754065326410322
76561198001376340,0,0.32178598642349243,6,0.9754065326410322
76561198343805381,0,0.18691398203372955,6,0.9754065326410322
76561197963668117,0,0.008154231123626232,6,0.9754065326410322
76561198054595839,0,0.01165846548974514,6,0.9754065326410322
76561198990871370,0,0.07649616152048111,6,0.9754065326410322
76561199511980537,0,0.008329261094331741,6,0.9754065326410322
76561198068681380,0,0.013819181360304356,6,0.9754065326410322
76561198067471563,0,0.5376281142234802,6,0.9754065326410322
76561198209750901,0,0.6813430786132812,6,0.9754065326410322
76561197985727954,0,0.6918414235115051,6,0.9754065326410322
76561198318220783,1,0.9935387969017029,6,0.9754065326410322
76561198890180267,0,0.004050631541758776,6,0.9754065326410322
76561199094332317,0,0.0038832775317132473,6,0.9754065326410322
76561198069306540,0,0.6117319464683533,6,0.9754065326410322
76561198406934138,0,0.0052110981196165085,6,0.9754065326410322
76561198107073004,0,0.005961775314062834,6,0.9754065326410322
76561198026234467,0,0.21670345962047577,6,0.9754065326410322
76561199682587526,0,0.005735086742788553,6,0.9754065326410322
76561198009025217,0,0.005368954036384821,6,0.9754065326410322
76561198073251020,0,0.00462753651663661,6,0.9754065326410322
76561197980749293,0,0.005515981465578079,6,0.9754065326410322
76561198119943708,0,0.0038801541086286306,6,0.9754065326410322
76561198153909104,0,0.003182250540703535,6,0.9754065326410322
76561198042643381,0,0.0038895539473742247,6,0.9754065326410322
76561198395233238,0,0.004935116041451693,6,0.9754065326410322
76561198012012678,0,0.11581889539957047,6,0.9754065326410322
76561198048294194,0,0.0094077093526721,6,0.9754065326410322
76561198117281681,1,0.9548887610435486,6,0.9754065326410322
76561198857047900,1,0.9665337204933167,6,0.9754065326410322
76561198041893020,0,0.004951544106006622,6,0.9754065326410322
76561199254663284,0,0.005441405810415745,6,0.9754065326410322
76561199153733815,0,0.013418701477348804,6,0.9754065326410322
76561198114285331,0,0.006172995548695326,6,0.9754065326410322
76561197968282978,0,0.30713507533073425,6,0.9754065326410322
76561198992520519,1,0.8685712218284607,6,0.9754065326410322
76561198988958332,0,0.9664693474769592,6,0.9754065326410322
76561198149712813,0,0.009025903418660164,6,0.9754065326410322
76561199479533999,0,0.008830912411212921,6,0.9754065326410322
76561198381892585,0,0.48079246282577515,6,0.9754065326410322
76561198160878152,0,0.026527240872383118,6,0.9754065326410322
76561198087730812,0,0.006352927070111036,6,0.9754065326410322
76561198279622489,0,0.04557202756404877,6,0.9754065326410322
76561198085011325,0,0.5064232349395752,6,0.9754065326410322
76561199084866321,0,0.005515621043741703,6,0.9754065326410322
76561199121974474,0,0.006738773547112942,6,0.9754065326410322
76561198308088013,0,0.0045429402962327,6,0.9754065326410322
76561198144615582,0,0.009011912159621716,6,0.9754065326410322
76561198402962716,0,0.010554238222539425,6,0.9754065326410322
76561197972625768,0,0.00530928373336792,6,0.9754065326410322
76561198061666542,1,0.9768105745315552,6,0.9754065326410322
76561199158486459,0,0.009626511484384537,6,0.9754065326410322
76561198979891855,0,0.022023173049092293,6,0.9754065326410322
76561198152439843,0,0.008459242060780525,6,0.9754065326410322
76561198108922348,0,0.017210116609930992,6,0.9754065326410322
76561198053490675,0,0.0045429402962327,6,0.9754065326410322
76561197971356640,0,0.09869299083948135,6,0.9754065326410322
76561198007855945,0,0.004056310746818781,6,0.9754065326410322
76561198080783130,0,0.003902351949363947,6,0.9754065326410322
76561198372967870,0,0.02166593261063099,6,0.9754065326410322
76561199067446341,0,0.004480227828025818,6,0.9754065326410322
76561198960469377,0,0.005064429249614477,6,0.9754065326410322
76561197996912127,0,0.039704468101263046,6,0.9754065326410322
76561199016894942,0,0.024430224671959877,6,0.9754065326410322
76561198153021020,0,0.025114521384239197,6,0.9754065326410322
76561199164544104,0,0.22343093156814575,6,0.9754065326410322
76561198438321645,0,0.007047662511467934,6,0.9754065326410322
76561199557403416,0,0.004186937585473061,6,0.9754065326410322
76561198196506775,0,0.006974764168262482,6,0.9754065326410322
76561198392613290,0,0.23050828278064728,6,0.9754065326410322
76561198089447354,0,0.008828959427773952,6,0.9754065326410322
76561198210263435,0,0.0043367487378418446,6,0.9754065326410322
76561199225365597,0,0.0038566456642001867,6,0.9754065326410322
76561198032298439,0,0.004204321652650833,6,0.9754065326410322
76561198064383943,0,0.004724311176687479,6,0.9754065326410322
76561199493797402,0,0.005421268288046122,6,0.9754065326410322
76561197970596169,0,0.4513981342315674,6,0.9754065326410322
76561198122639603,0,0.0043140980415046215,6,0.9754065326410322
76561198827424794,0,0.0368746742606163,6,0.9754065326410322
76561199134310453,0,0.010248186066746712,6,0.9754065326410322
76561198008005585,0,0.005892766639590263,6,0.9754065326410322
76561198090558446,0,0.02065580151975155,6,0.9754065326410322
76561199085459948,1,0.9906560778617859,6,0.9754065326410322
76561198373741142,0,0.0033330158330500126,6,0.9754065326410322
76561198120063251,0,0.04548097029328346,6,0.9754065326410322
76561198428995665,0,0.006253381725400686,6,0.9754065326410322
76561198066500279,0,0.00404336815699935,6,0.9754065326410322
76561198872450397,0,0.009986153803765774,6,0.9754065326410322
76561198443449164,0,0.13755205273628235,6,0.9754065326410322
76561199043470020,0,0.006186977028846741,6,0.9754065326410322
76561199234371666,0,0.01850835606455803,6,0.9754065326410322
76561198139530957,0,0.004212330561131239,6,0.9754065326410322
76561198207910785,0,0.010336763225495815,6,0.9754065326410322
76561198873669168,0,0.009384372271597385,6,0.9754065326410322
76561198031297135,0,0.00732409255579114,6,0.9754065326410322
76561198059919644,0,0.004256546497344971,6,0.9754065326410322
76561199243700572,0,0.02478730119764805,6,0.9754065326410322
76561198044440691,0,0.04296516254544258,6,0.9754065326410322
76561198034218448,0,0.005400979425758123,6,0.9754065326410322
76561199712810232,0,0.11647237092256546,6,0.9754065326410322
76561199802599981,0,0.013298380188643932,6,0.9754065326410322
76561198935488654,0,0.004112160764634609,6,0.9754065326410322
76561198390395408,0,0.003768989583477378,6,0.9754065326410322
76561198113742747,0,0.007383483927696943,6,0.9754065326410322
76561198144453173,0,0.007464147172868252,6,0.9754065326410322
76561198857741415,0,0.004037536680698395,6,0.9754065326410322
76561198013174723,0,0.0038929807487875223,6,0.9754065326410322
76561199020462139,0,0.0072552659548819065,6,0.9754065326410322
76561198359052423,0,0.009268049150705338,6,0.9754065326410322
76561199111477389,0,0.0047415802255272865,6,0.9754065326410322
76561198059788719,0,0.4426853656768799,6,0.9754065326410322
76561198012563248,0,0.982242226600647,6,0.9754065326410322
76561198197460926,0,0.0689680427312851,6,0.9754065326410322
76561198001066755,0,0.2603225111961365,6,0.9754065326410322
76561199037544847,0,0.795263946056366,6,0.9754065326410322
76561198030243599,0,0.2439446747303009,6,0.9754065326410322
76561198315674538,0,0.7422453165054321,6,0.9754065326410322
76561199629271069,0,0.0041366880759596825,6,0.9754065326410322
76561199067072007,0,0.009434427134692669,6,0.9754065326410322
76561198091348628,0,0.8482705950737,6,0.9754065326410322
76561198058157434,0,0.02348504401743412,6,0.9754065326410322
76561199170128374,0,0.11434675008058548,6,0.9754065326410322
76561199013411304,0,0.003524218453094363,6,0.9754065326410322
76561198138842695,0,0.005194289144128561,6,0.9754065326410322
76561198113587562,0,0.02304770238697529,6,0.9754065326410322
76561199098239891,0,0.09342402219772339,6,0.9754065326410322
76561199039912294,0,0.005209419876337051,6,0.9754065326410322
76561198108646967,0,0.01131843775510788,6,0.9754065326410322
76561198096128632,0,0.015244711190462112,6,0.9754065326410322
76561199227597363,0,0.008027976378798485,6,0.9754065326410322
76561198877691745,0,0.9825970530509949,6,0.9754065326410322
76561198445345109,0,0.024943146854639053,6,0.9754065326410322
76561199052766279,0,0.05639815330505371,6,0.9754065326410322
76561198046574964,0,0.005866183899343014,6,0.9754065326410322
76561199209966538,0,0.038313910365104675,6,0.9754065326410322
76561199265877748,0,0.582508385181427,6,0.9754065326410322
76561198273579835,0,0.004378593061119318,6,0.9754065326410322
76561198441877297,0,0.8688797950744629,6,0.9754065326410322
76561198076738471,0,0.8009800314903259,6,0.9754065326410322
76561199467941091,0,0.687019944190979,6,0.9754065326410322
76561198158121683,0,0.005680530797690153,6,0.9754065326410322
76561198082419336,0,0.4039382338523865,6,0.9754065326410322
76561198074525524,0,0.3246326446533203,6,0.9754065326410322
76561197993545648,0,0.12141501903533936,6,0.9754065326410322
76561198035965732,0,0.006236139219254255,6,0.9754065326410322
76561199093554116,0,0.01825021021068096,6,0.9754065326410322
76561197970699940,0,0.04199173301458359,6,0.9754065326410322
76561199455517162,0,0.010334646329283714,6,0.9754065326410322
76561199187083630,0,0.0038801541086286306,6,0.9754065326410322
76561199124074971,0,0.0032792247366160154,6,0.9754065326410322
76561197974615413,0,0.004501131363213062,6,0.9754065326410322
76561199030710213,0,0.005951204802840948,6,0.9754065326410322
76561199013332064,0,0.014040683396160603,6,0.9754065326410322
76561198069251826,0,0.004250155296176672,6,0.9754065326410322
76561198996645279,0,0.01969873160123825,6,0.9754065326410322
76561198844585176,0,0.005040038377046585,6,0.9754065326410322
76561198031769746,0,0.011932234279811382,6,0.9754065326410322
76561198143840200,0,0.3723811209201813,6,0.9754065326410322
76561198017819927,0,0.012813901528716087,6,0.9754065326410322
76561198066516524,0,0.23652143776416779,6,0.9754065326410322
76561198010341373,0,0.014500322751700878,6,0.9754065326410322
76561198073914908,0,0.003991665784269571,6,0.9754065326410322
76561198098126520,1,0.9810957312583923,6,0.9754065326410322
76561198354963218,0,0.006077188067138195,6,0.9754065326410322
76561198060576371,0,0.9893625378608704,6,0.9754065326410322
76561199263015708,1,0.9921249747276306,6,0.9754065326410322
76561198041135253,0,0.4201520085334778,6,0.9754065326410322
76561198799595410,0,0.6204825639724731,6,0.9754065326410322
76561198131339118,0,0.009485525079071522,6,0.9754065326410322
76561198133040359,0,0.3419022560119629,6,0.9754065326410322
76561199044258172,0,0.003501767525449395,6,0.9754065326410322
76561198866062757,0,0.005441700574010611,6,0.9754065326410322
76561198035899313,0,0.004440417047590017,6,0.9754065326410322
76561198880440840,0,0.9585713148117065,6,0.9754065326410322
76561199662454067,0,0.0048392703756690025,6,0.9754065326410322
76561198051970914,0,0.004583165980875492,6,0.9754065326410322
76561198106332523,0,0.024370407685637474,6,0.9754065326410322
76561199210475455,0,0.011369414627552032,6,0.9754065326410322
76561198029104072,0,0.004239277448505163,6,0.9754065326410322
76561198325413417,0,0.4365294873714447,6,0.9754065326410322
76561198203147703,0,0.028733575716614723,6,0.9754065326410322
76561198024158642,0,0.011577658355236053,6,0.9754065326410322
76561198143756325,0,0.010168846696615219,6,0.9754065326410322
76561199295657055,0,0.004799283109605312,6,0.9754065326410322
76561198027113914,0,0.007178380619734526,6,0.9754065326410322
76561197993382830,0,0.02348795346915722,6,0.9754065326410322
76561198129897026,0,0.01695934869349003,6,0.9754065326410322
76561199569860810,0,0.005920003168284893,6,0.9754065326410322
76561198031749348,0,0.004139059688895941,6,0.9754065326410322
76561198798119382,0,0.00876289140433073,6,0.9754065326410322
76561198153931582,0,0.0059898109175264835,6,0.9754065326410322
76561198338717212,0,0.005548669490963221,6,0.9754065326410322
76561198183825407,0,0.003306992817670107,6,0.9754065326410322
76561199105076889,0,0.007495248224586248,6,0.9754065326410322
76561198075533479,0,0.004486885387450457,6,0.9754065326410322
76561198274140796,0,0.004884145222604275,6,0.9754065326410322
76561199049226035,0,0.009274810552597046,6,0.9754065326410322
76561198130814106,0,0.0056233792565763,6,0.9754065326410322
76561199227806277,0,0.01696447841823101,6,0.9754065326410322
76561198372353510,0,0.008845497854053974,6,0.9754065326410322
76561198392608303,0,0.006269133184105158,6,0.9754065326410322
76561199087703553,0,0.004011950921267271,6,0.9754065326410322
76561199230599993,0,0.003501767525449395,6,0.9754065326410322
76561199151911134,0,0.1157563179731369,6,0.9754065326410322
76561198959675260,0,0.0035980853717774153,6,0.9754065326410322
76561198880540250,1,0.9844478368759155,6,0.9754065326410322
76561198209549885,1,0.9864969849586487,6,0.9754065326410322
76561198038430413,0,0.5184821486473083,6,0.9754065326410322
76561198009034118,0,0.7280145883560181,6,0.9754065326410322
76561198896495712,0,0.6657558679580688,6,0.9754065326410322
76561198415766334,0,0.21119475364685059,6,0.9754065326410322
76561199233167778,0,0.010115561075508595,6,0.9754065326410322
76561198330423019,0,0.008966311812400818,6,0.9754065326410322
76561198034181394,0,0.09780534356832504,6,0.9754065326410322
76561199066459298,0,0.07941391319036484,6,0.9754065326410322
76561198149719749,0,0.5171847939491272,6,0.9754065326410322
76561199368254855,0,0.03390730544924736,6,0.9754065326410322
76561198301662416,0,0.004212402272969484,6,0.9754065326410322
76561198304733599,0,0.04298875108361244,6,0.9754065326410322
76561199226965052,0,0.004165255464613438,6,0.9754065326410322
76561198170132754,0,0.0044604032300412655,6,0.9754065326410322
76561198342468324,0,0.005399719346314669,6,0.9754065326410322
76561198008946268,0,0.008824050426483154,6,0.9754065326410322
76561198009452403,0,0.4335373342037201,6,0.9754065326410322
76561198873653018,0,0.017736265435814857,6,0.9754065326410322
76561198002571057,0,0.848746120929718,6,0.9754065326410322
76561199122804481,0,0.05343853682279587,6,0.9754065326410322
76561198323736913,0,0.706896960735321,6,0.9754065326410322
76561198086694922,0,0.20724144577980042,6,0.9754065326410322
76561199195630885,1,0.944564700126648,6,0.9754065326410322
76561198271409268,0,0.015969960018992424,6,0.9754065326410322
76561198335580632,0,0.13985656201839447,6,0.9754065326410322
76561199018064208,0,0.010763522237539291,6,0.9754065326410322
76561198825172612,0,0.003516992088407278,6,0.9754065326410322
76561198797271584,0,0.895339846611023,6,0.9754065326410322
76561198874559344,0,0.006400442216545343,6,0.9754065326410322
76561198858516051,0,0.004073478747159243,6,0.9754065326410322
76561198035764247,0,0.3665161430835724,6,0.9754065326410322
76561198042104948,0,0.004105612635612488,6,0.9754065326410322
76561198238596156,0,0.024166369810700417,6,0.9754065326410322
76561198985813677,0,0.9619269371032715,6,0.9754065326410322
76561198128811955,0,0.004734472371637821,6,0.9754065326410322
76561198315336762,1,0.857211709022522,6,0.9754065326410322
76561199113834703,0,0.9608970284461975,6,0.9754065326410322
76561198049667303,0,0.007266402710229158,6,0.9754065326410322
76561199012762791,0,0.0035887365229427814,6,0.9754065326410322
76561198082771933,0,0.009039933793246746,6,0.9754065326410322
76561198341498130,0,0.0032092335168272257,6,0.9754065326410322
76561198171442541,0,0.007132877595722675,6,0.9754065326410322
76561198277108747,0,0.003881440730765462,6,0.9754065326410322
76561198134488920,0,0.010031520389020443,6,0.9754065326410322
76561199562389161,0,0.04199173301458359,6,0.9754065326410322
76561198088753466,0,0.005002071149647236,6,0.9754065326410322
76561198285114627,0,0.026727726683020592,6,0.9754065326410322
76561199223479475,0,0.004429883323609829,6,0.9754065326410322
76561198839468834,0,0.8645681142807007,6,0.9754065326410322
76561198003159815,0,0.011438642628490925,6,0.9754065326410322
76561198095538333,0,0.0056592379696667194,6,0.9754065326410322
76561199230448385,0,0.004392081871628761,6,0.9754065326410322
76561199020862920,0,0.004907880909740925,6,0.9754065326410322
76561199014179221,0,0.9693147540092468,6,0.9754065326410322
76561198883165314,0,0.4677128195762634,6,0.9754065326410322
76561199563784011,0,0.00789979100227356,6,0.9754065326410322
76561199206684102,0,0.017348656430840492,6,0.9754065326410322
76561198215873969,0,0.00423405971378088,6,0.9754065326410322
76561198805053481,0,0.9533345699310303,6,0.9754065326410322
76561199562681753,0,0.0050880881026387215,6,0.9754065326410322
76561199651162705,0,0.004376918077468872,6,0.9754065326410322
76561198842284217,0,0.10492658615112305,6,0.9754065326410322
76561198042776289,0,0.004053797107189894,6,0.9754065326410322
76561198443845711,0,0.14468331634998322,6,0.9754065326410322
76561198033708786,0,0.024777162820100784,6,0.9754065326410322
76561198889861696,0,0.004165255464613438,6,0.9754065326410322
76561198097528947,0,0.005485165864229202,6,0.9754065326410322
76561199204757521,0,0.9828158020973206,6,0.9754065326410322
76561198969232143,0,0.004017979837954044,6,0.9754065326410322
76561199532065612,0,0.01806822419166565,6,0.9754065326410322
76561198330061175,0,0.0039009046740829945,6,0.9754065326410322
76561197962754275,0,0.0066375271417200565,6,0.9754065326410322
76561198122695159,0,0.028304316103458405,6,0.9754065326410322
76561198229141604,0,0.005304677411913872,6,0.9754065326410322
76561199174979977,0,0.005425188224762678,6,0.9754065326410322
76561199147424656,0,0.004631067626178265,6,0.9754065326410322
76561198369139710,0,0.037592485547065735,6,0.9754065326410322
76561197968292003,0,0.0037504539359360933,6,0.9754065326410322
76561198044013638,0,0.0039940569549798965,6,0.9754065326410322
76561198103104973,0,0.03339098021388054,6,0.9754065326410322
76561198026385558,0,0.005063622258603573,6,0.9754065326410322
76561198057317506,0,0.003699392080307007,6,0.9754065326410322
76561198944301979,0,0.003253469942137599,6,0.9754065326410322
76561199027947941,0,0.003923306241631508,6,0.9754065326410322
76561198358371568,0,0.0057914345525205135,6,0.9754065326410322
76561198099688407,0,0.00517311692237854,6,0.9754065326410322
76561198088572330,0,0.0036668903194367886,6,0.9754065326410322
76561199302965169,0,0.005063622258603573,6,0.9754065326410322
76561198879327039,0,0.07676210254430771,6,0.9754065326410322
76561198446258866,0,0.010689753107726574,6,0.9754065326410322
76561198389384944,0,0.017854338511824608,6,0.9754065326410322
76561198153734391,0,0.006489363964647055,6,0.9754065326410322
76561198070404688,0,0.007139401510357857,6,0.9754065326410322
76561199485565480,0,0.005159326829016209,6,0.9754065326410322
76561199197391590,0,0.014576975256204605,6,0.9754065326410322
76561199473395823,0,0.0243571437895298,6,0.9754065326410322
76561198057606793,0,0.05965340882539749,6,0.9754065326410322
76561198131024336,0,0.07272034883499146,6,0.9754065326410322
76561198237524280,0,0.0036146563943475485,6,0.9754065326410322
76561198316663535,0,0.008257493376731873,6,0.9754065326410322
76561199091812317,0,0.009956205263733864,6,0.9754065326410322
76561198400282936,0,0.0044679222628474236,6,0.9754065326410322
76561198072568685,0,0.008354510180652142,6,0.9754065326410322
76561198394955790,0,0.027537381276488304,6,0.9754065326410322
76561199165386569,0,0.004064607433974743,6,0.9754065326410322
76561198246399208,0,0.3187847137451172,6,0.9754065326410322
76561199088733994,0,0.5230165719985962,6,0.9754065326410322
76561198993105163,0,0.007701730355620384,6,0.9754065326410322
76561198252751596,0,0.6234086751937866,6,0.9754065326410322
76561199057211419,0,0.010742031037807465,6,0.9754065326410322
76561198243341938,0,0.957074761390686,6,0.9754065326410322
76561198160655048,1,0.9928809404373169,6,0.9754065326410322
76561199261380596,0,0.008497816510498524,6,0.9754065326410322
76561199057415693,0,0.08454451709985733,6,0.9754065326410322
76561198117303116,0,0.8473297953605652,6,0.9754065326410322
76561199175743309,0,0.005717942491173744,6,0.9754065326410322
76561198835214236,0,0.7942715883255005,6,0.9754065326410322
76561199135008664,0,0.34005817770957947,6,0.9754065326410322
76561199139483760,0,0.00530928373336792,6,0.9754065326410322
76561198957833161,0,0.1632104068994522,6,0.9754065326410322
76561198068065111,0,0.006852566730231047,6,0.9754065326410322
76561199124535622,0,0.008212062530219555,6,0.9754065326410322
76561198995339068,1,0.9917741417884827,6,0.9754065326410322
76561198263336256,0,0.005063622258603573,6,0.9754065326410322
76561198280623808,0,0.006039178464561701,6,0.9754065326410322
76561198115284057,0,0.005980113986879587,6,0.9754065326410322
76561197994220421,0,0.005042243283241987,6,0.9754065326410322
76561197960932602,0,0.47612103819847107,6,0.9754065326410322
76561198018475422,0,0.33919575810432434,6,0.9754065326410322
76561198008364426,0,0.012863009236752987,6,0.9754065326410322
76561198016109660,0,0.6692284345626831,6,0.9754065326410322
76561199564755152,0,0.407047301530838,6,0.9754065326410322
76561199305686204,0,0.011005502194166183,6,0.9754065326410322
76561198043292461,1,0.9838834404945374,6,0.9754065326410322
76561198356794019,0,0.06677587330341339,6,0.9754065326410322
76561198024476218,0,0.006055699195712805,6,0.9754065326410322
76561199260069278,0,0.006767654791474342,6,0.9754065326410322
76561198380113522,0,0.3077346384525299,6,0.9754065326410322
76561198007158444,0,0.76170414686203,6,0.9754065326410322
76561198076096189,0,0.46592387557029724,6,0.9754065326410322
76561198118158933,0,0.46561765670776367,6,0.9754065326410322
76561198437249069,0,0.035650834441185,6,0.9754065326410322
76561199012881486,0,0.02105744555592537,6,0.9754065326410322
76561199154682280,0,0.04153922572731972,6,0.9754065326410322
76561198168836989,0,0.8642696142196655,6,0.9754065326410322
76561198197865139,0,0.16056622564792633,6,0.9754065326410322
76561198922545941,0,0.003501767525449395,6,0.9754065326410322
76561198079740315,0,0.005406869109719992,6,0.9754065326410322
76561199258918666,0,0.025424683466553688,6,0.9754065326410322
76561198077840783,0,0.01882544904947281,6,0.9754065326410322
76561198816607856,0,0.33734849095344543,6,0.9754065326410322
76561197997209672,0,0.7139223217964172,6,0.9754065326410322
76561198115362638,0,0.7268672585487366,6,0.9754065326410322
76561198819442484,1,0.9426091909408569,6,0.9754065326410322
76561198047927912,0,0.007636194583028555,6,0.9754065326410322
76561198205001859,0,0.9084149599075317,6,0.9754065326410322
76561197997041806,0,0.005392610095441341,6,0.9754065326410322
76561198375227264,0,0.005236461758613586,6,0.9754065326410322
76561198112412887,0,0.0189479049295187,6,0.9754065326410322
76561199215393129,0,0.6198732256889343,6,0.9754065326410322
76561198184760195,0,0.16689491271972656,6,0.9754065326410322
76561197981404793,0,0.007797119207680225,6,0.9754065326410322
76561199042575331,0,0.27629321813583374,6,0.9754065326410322
76561198007728517,0,0.05583392456173897,6,0.9754065326410322
76561199440177847,0,0.00997880194336176,6,0.9754065326410322
76561198049038782,0,0.4886150360107422,6,0.9754065326410322
76561199015798566,0,0.00770507613196969,6,0.9754065326410322
76561198867651157,0,0.010922950692474842,6,0.9754065326410322
76561199543399221,0,0.9818149209022522,6,0.9754065326410322
76561198245642258,0,0.007390907034277916,6,0.9754065326410322
76561198088799138,1,0.9895411133766174,6,0.9754065326410322
76561199506423501,1,0.9858242273330688,6,0.9754065326410322
76561199137188078,0,0.9837744235992432,6,0.9754065326410322
76561199199685870,1,0.9792081713676453,6,0.9754065326410322
76561198346955918,0,0.0033154620323330164,6,0.9754065326410322
76561199442001712,0,0.01239450927823782,6,0.9754065326410322
76561198153496118,0,0.02005234733223915,6,0.9754065326410322
76561198447703001,0,0.5379533171653748,6,0.9754065326410322
76561198129662946,0,0.02827754057943821,6,0.9754065326410322
76561198269146836,0,0.005410516634583473,6,0.9754065326410322
76561198347733088,0,0.0052947476506233215,6,0.9754065326410322
76561199030517461,0,0.0045429402962327,6,0.9754065326410322
76561199243633004,0,0.025365380570292473,6,0.9754065326410322
76561198206733031,0,0.007483485154807568,6,0.9754065326410322
76561199195073323,0,0.0038801541086286306,6,0.9754065326410322
76561198287553647,0,0.9786487221717834,6,0.9754065326410322
76561199219778404,0,0.004480763338506222,6,0.9754065326410322
76561199497051344,0,0.15322250127792358,6,0.9754065326410322
76561198361708257,0,0.004676550626754761,6,0.9754065326410322
76561198859775527,0,0.006432209629565477,6,0.9754065326410322
76561198347408913,0,0.0066214934922754765,6,0.9754065326410322
76561198016788901,0,0.008284630253911018,6,0.9754065326410322
76561199653998973,0,0.00580945098772645,6,0.9754065326410322
76561198076918252,0,0.013503598049283028,6,0.9754065326410322
76561198218924563,0,0.21256601810455322,6,0.9754065326410322
76561198386388000,0,0.005179373547434807,6,0.9754065326410322
76561199223902199,0,0.005573737435042858,6,0.9754065326410322
76561199025665802,1,0.009172391146421432,6,0.9754065326410322
76561199229501418,0,0.011344128288328648,6,0.9754065326410322
76561199402063125,0,0.006957543082535267,6,0.9754065326410322
76561199764686270,0,0.004364969674497843,6,0.9754065326410322
76561199214815383,0,0.008421072736382484,6,0.9754065326410322
76561198119898110,0,0.061472512781620026,6,0.9754065326410322
