user_key,y,score,fold,threshold
76561199082195255,0,0.005553059745579958,8,0.9641332469094337
76561197991332339,0,0.00444087665528059,8,0.9641332469094337
76561198119103437,0,0.19265460968017578,8,0.9641332469094337
76561198858238915,0,0.006320908199995756,8,0.9641332469094337
76561199238283770,0,0.005099407397210598,8,0.9641332469094337
76561197984208203,0,0.06887778639793396,8,0.9641332469094337
76561199109792970,0,0.3205788731575012,8,0.9641332469094337
76561199125804494,0,0.005430977791547775,8,0.9641332469094337
76561198317335561,0,0.012155995704233646,8,0.9641332469094337
76561199196167311,0,0.8353328704833984,8,0.9641332469094337
76561198975867558,0,0.005132267717272043,8,0.9641332469094337
76561198864109442,0,0.016028959304094315,8,0.9641332469094337
76561199492218521,0,0.009027971886098385,8,0.9641332469094337
76561198114166855,0,0.008802168071269989,8,0.9641332469094337
76561199237268502,0,0.006525320932269096,8,0.9641332469094337
76561198122171981,0,0.0044527556747198105,8,0.9641332469094337
76561199306524204,0,0.004519258625805378,8,0.9641332469094337
76561199174753012,0,0.18358467519283295,8,0.9641332469094337
76561198816867075,0,0.005196711048483849,8,0.9641332469094337
76561198905690468,0,0.09113450348377228,8,0.9641332469094337
76561197990042313,0,0.014576070010662079,8,0.9641332469094337
76561198038394949,0,0.021010033786296844,8,0.9641332469094337
76561199042626055,0,0.009724828414618969,8,0.9641332469094337
76561198364635121,0,0.004183064680546522,8,0.9641332469094337
76561198162516752,0,0.4811854660511017,8,0.9641332469094337
76561199237303910,0,0.3220600187778473,8,0.9641332469094337
76561198025547698,0,0.01143637951463461,8,0.9641332469094337
76561198035279881,0,0.006259996443986893,8,0.9641332469094337
76561198067087724,0,0.004913260694593191,8,0.9641332469094337
76561198022533798,0,0.007260746322572231,8,0.9641332469094337
76561199091428098,0,0.009497405029833317,8,0.9641332469094337
76561199148109455,0,0.004806884564459324,8,0.9641332469094337
76561197975673176,0,0.005403577350080013,8,0.9641332469094337
76561198033156773,0,0.007814987562596798,8,0.9641332469094337
76561199075108458,0,0.010962140746414661,8,0.9641332469094337
76561198103850375,0,0.020889228209853172,8,0.9641332469094337
76561198013266728,0,0.004830388817936182,8,0.9641332469094337
76561199268877508,0,0.023215051740407944,8,0.9641332469094337
76561198859223220,0,0.006181754171848297,8,0.9641332469094337
76561199087479680,0,0.006141505669802427,8,0.9641332469094337
76561198044787861,0,0.0044563887640833855,8,0.9641332469094337
76561198450252376,0,0.006069885566830635,8,0.9641332469094337
76561198069439309,0,0.013225125148892403,8,0.9641332469094337
76561199753365371,0,0.011440454982221127,8,0.9641332469094337
76561199117969260,0,0.004816733300685883,8,0.9641332469094337
76561198216182649,0,0.15507078170776367,8,0.9641332469094337
76561198025110140,1,0.990882158279419,8,0.9641332469094337
76561199027912873,0,0.005431547295302153,8,0.9641332469094337
76561198042024457,0,0.005445270799100399,8,0.9641332469094337
76561198052237367,0,0.005269133020192385,8,0.9641332469094337
76561199199584909,0,0.12765604257583618,8,0.9641332469094337
76561198052812596,0,0.011309828609228134,8,0.9641332469094337
76561198310000073,0,0.9462424516677856,8,0.9641332469094337
76561198258194036,0,0.0046595241874456406,8,0.9641332469094337
76561198202185177,0,0.00731872720643878,8,0.9641332469094337
76561198850444890,0,0.013341709040105343,8,0.9641332469094337
76561198002649536,0,0.004572256002575159,8,0.9641332469094337
76561199148089056,0,0.005604682024568319,8,0.9641332469094337
76561199052863276,0,0.004481371492147446,8,0.9641332469094337
76561198331966931,0,0.004688595421612263,8,0.9641332469094337
76561199023990005,0,0.006885348819196224,8,0.9641332469094337
76561198080458775,0,0.004806884564459324,8,0.9641332469094337
76561199166432508,0,0.004104715771973133,8,0.9641332469094337
76561199229556669,0,0.011319639161229134,8,0.9641332469094337
76561198029307707,0,0.007767758332192898,8,0.9641332469094337
76561197970328909,0,0.006513664964586496,8,0.9641332469094337
76561198153348231,0,0.005051274783909321,8,0.9641332469094337
76561199032803479,0,0.013459269888699055,8,0.9641332469094337
76561199502940934,0,0.004268978256732225,8,0.9641332469094337
76561198840134250,0,0.005544240586459637,8,0.9641332469094337
76561199088062263,0,0.006776285823434591,8,0.9641332469094337
76561197967706719,0,0.25517985224723816,8,0.9641332469094337
76561199184962818,0,0.13730257749557495,8,0.9641332469094337
76561199464959565,0,0.14380493760108948,8,0.9641332469094337
76561198430313084,0,0.016789313405752182,8,0.9641332469094337
76561198046170400,0,0.004286265932023525,8,0.9641332469094337
76561199468619966,0,0.012930620461702347,8,0.9641332469094337
76561199634398600,0,0.005947786848992109,8,0.9641332469094337
76561198795642315,0,0.008140495046973228,8,0.9641332469094337
76561198981574809,0,0.004076219163835049,8,0.9641332469094337
76561198046314566,0,0.004735494963824749,8,0.9641332469094337
76561198181537442,1,0.9647555947303772,8,0.9641332469094337
76561198035685497,0,0.21793556213378906,8,0.9641332469094337
76561198053356411,0,0.004123196937143803,8,0.9641332469094337
76561198359055972,0,0.025681719183921814,8,0.9641332469094337
76561198036716255,0,0.007215073332190514,8,0.9641332469094337
76561198854442662,0,0.6507557034492493,8,0.9641332469094337
76561197985914057,0,0.010230300948023796,8,0.9641332469094337
76561198842597666,0,0.009314768016338348,8,0.9641332469094337
76561199582220513,0,0.004164827987551689,8,0.9641332469094337
76561198857530380,0,0.005178066436201334,8,0.9641332469094337
76561198065977295,0,0.0051319170743227005,8,0.9641332469094337
76561198200142111,0,0.005747273098677397,8,0.9641332469094337
76561198068270115,0,0.004584689158946276,8,0.9641332469094337
76561199095210756,0,0.008736579678952694,8,0.9641332469094337
76561198361763756,0,0.007717766799032688,8,0.9641332469094337
76561198976352147,0,0.005109233781695366,8,0.9641332469094337
76561198347739983,0,0.006084871478378773,8,0.9641332469094337
76561198125126137,0,0.15233300626277924,8,0.9641332469094337
76561198120409099,0,0.004104715771973133,8,0.9641332469094337
76561199697858040,0,0.01688571833074093,8,0.9641332469094337
76561198028133645,0,0.0052574449218809605,8,0.9641332469094337
76561198069330175,0,0.03270246088504791,8,0.9641332469094337
76561199126209000,0,0.00803389772772789,8,0.9641332469094337
76561199093158122,0,0.9886980056762695,8,0.9641332469094337
76561198030741965,0,0.1562638282775879,8,0.9641332469094337
76561199517305211,0,0.045853693038225174,8,0.9641332469094337
76561198091073604,0,0.004999115131795406,8,0.9641332469094337
76561198978135627,0,0.008691716007888317,8,0.9641332469094337
76561198433653309,0,0.006920242682099342,8,0.9641332469094337
76561198088485422,0,0.29419296979904175,8,0.9641332469094337
76561198057662259,0,0.011683149263262749,8,0.9641332469094337
76561199056098562,0,0.016834665089845657,8,0.9641332469094337
76561198067187099,0,0.0047765872441232204,8,0.9641332469094337
76561199581389712,0,0.00425060885027051,8,0.9641332469094337
76561199259338469,0,0.008918334729969501,8,0.9641332469094337
76561199296164075,0,0.017640266567468643,8,0.9641332469094337
76561198185320135,1,0.9892549514770508,8,0.9641332469094337
76561198820176125,0,0.46873071789741516,8,0.9641332469094337
76561198146778383,0,0.00416819890961051,8,0.9641332469094337
76561198069791854,0,0.005122228991240263,8,0.9641332469094337
76561198026767472,0,0.00485630938783288,8,0.9641332469094337
76561197973619953,0,0.010823705233633518,8,0.9641332469094337
76561198214120652,0,0.0046167150139808655,8,0.9641332469094337
76561198921735920,0,0.5623214244842529,8,0.9641332469094337
76561198071094421,0,0.2886800169944763,8,0.9641332469094337
76561199238143294,0,0.006709456909447908,8,0.9641332469094337
76561198059071407,0,0.2772606611251831,8,0.9641332469094337
76561198059997629,0,0.004942235071212053,8,0.9641332469094337
76561198048987591,0,0.0067065441980957985,8,0.9641332469094337
76561198098863550,0,0.09817718714475632,8,0.9641332469094337
76561198077623542,0,0.034228645265102386,8,0.9641332469094337
76561198148596830,0,0.01789979077875614,8,0.9641332469094337
76561198365200681,0,0.9882441759109497,8,0.9641332469094337
76561198963813818,0,0.004988646600395441,8,0.9641332469094337
76561199396283108,0,0.00521981343626976,8,0.9641332469094337
76561198052514759,0,0.12046755850315094,8,0.9641332469094337
76561198062652654,0,0.004600527696311474,8,0.9641332469094337
76561198027595518,0,0.9560206532478333,8,0.9641332469094337
76561199105076537,0,0.83464115858078,8,0.9641332469094337
76561198849333096,0,0.004912519361823797,8,0.9641332469094337
76561197965467255,0,0.004736077040433884,8,0.9641332469094337
76561198060189583,0,0.004675951786339283,8,0.9641332469094337
76561198168177458,0,0.05328335613012314,8,0.9641332469094337
76561198119294193,0,0.006747046951204538,8,0.9641332469094337
76561199100138267,0,0.004410687368363142,8,0.9641332469094337
76561198105053590,0,0.1974816769361496,8,0.9641332469094337
76561198387241620,0,0.006009818986058235,8,0.9641332469094337
76561199118507439,0,0.013404889032244682,8,0.9641332469094337
76561199115968037,0,0.0043876077979803085,8,0.9641332469094337
76561198128342373,0,0.004792075604200363,8,0.9641332469094337
76561199226436158,1,0.9840080738067627,8,0.9641332469094337
76561199132810331,0,0.006776285823434591,8,0.9641332469094337
76561199173239490,0,0.01474833395332098,8,0.9641332469094337
76561198863185145,1,0.989342451095581,8,0.9641332469094337
76561199047907895,0,0.013793651945888996,8,0.9641332469094337
76561198288489001,0,0.005135309882462025,8,0.9641332469094337
76561199229420454,0,0.005348192527890205,8,0.9641332469094337
76561198234883628,0,0.004409707151353359,8,0.9641332469094337
76561198407678645,0,0.008207143284380436,8,0.9641332469094337
76561199224853829,0,0.004806884564459324,8,0.9641332469094337
76561198976103039,0,0.020543575286865234,8,0.9641332469094337
76561198881498349,0,0.004340852610766888,8,0.9641332469094337
76561199082768716,0,0.007217857055366039,8,0.9641332469094337
76561198444831454,0,0.06016379967331886,8,0.9641332469094337
76561198977966324,0,0.004805447533726692,8,0.9641332469094337
76561198966317696,0,0.005090458784252405,8,0.9641332469094337
76561199135446095,0,0.004125270992517471,8,0.9641332469094337
76561198180207994,0,0.005789205431938171,8,0.9641332469094337
76561198124662925,0,0.005515016615390778,8,0.9641332469094337
76561199529544202,0,0.009987774305045605,8,0.9641332469094337
76561198091938162,0,0.005788780283182859,8,0.9641332469094337
76561198032165416,0,0.008622270077466965,8,0.9641332469094337
76561199231928862,0,0.08548809587955475,8,0.9641332469094337
76561198104555308,0,0.008208408951759338,8,0.9641332469094337
76561198101638296,0,0.004818458575755358,8,0.9641332469094337
76561198317097157,0,0.006018744315952063,8,0.9641332469094337
76561198073260650,0,0.004969205241650343,8,0.9641332469094337
76561198105608880,0,0.006880149710923433,8,0.9641332469094337
76561198998833440,0,0.004503738600760698,8,0.9641332469094337
76561198886967549,0,0.006303964648395777,8,0.9641332469094337
76561198326224279,0,0.005222741048783064,8,0.9641332469094337
76561199060482809,0,0.011446701362729073,8,0.9641332469094337
76561199179023452,0,0.00585093954578042,8,0.9641332469094337
76561199400870202,0,0.008691716007888317,8,0.9641332469094337
76561199113775024,0,0.004591287113726139,8,0.9641332469094337
76561198019836168,0,0.004670552909374237,8,0.9641332469094337
76561199156327242,0,0.03272438421845436,8,0.9641332469094337
76561199063284426,0,0.43893003463745117,8,0.9641332469094337
76561198039298649,0,0.005152652505785227,8,0.9641332469094337
76561198024005946,0,0.03285292908549309,8,0.9641332469094337
76561198009839636,0,0.9863141775131226,8,0.9641332469094337
76561198041714470,0,0.9853097796440125,8,0.9641332469094337
76561198184134499,0,0.011198706924915314,8,0.9641332469094337
76561199100918677,0,0.004803282208740711,8,0.9641332469094337
76561198796254307,0,0.008873417973518372,8,0.9641332469094337
76561198130561775,0,0.40848660469055176,8,0.9641332469094337
76561198216543512,1,0.9938765168190002,8,0.9641332469094337
76561199093323746,0,0.004846743308007717,8,0.9641332469094337
76561198122683248,0,0.0041682785376906395,8,0.9641332469094337
76561199232634623,0,0.004104715771973133,8,0.9641332469094337
76561198090473665,0,0.004557028412818909,8,0.9641332469094337
76561198049717728,0,0.004846743308007717,8,0.9641332469094337
76561198291095815,0,0.004746594000607729,8,0.9641332469094337
76561199220100032,0,0.005114049185067415,8,0.9641332469094337
76561198012089799,0,0.9330570101737976,8,0.9641332469094337
76561198040061215,0,0.0048036943189799786,8,0.9641332469094337
76561198107785575,0,0.9843428134918213,8,0.9641332469094337
76561198259234584,0,0.8315877914428711,8,0.9641332469094337
76561199013506770,0,0.07675185799598694,8,0.9641332469094337
76561198068380061,0,0.9445825219154358,8,0.9641332469094337
76561199098327453,0,0.007751893252134323,8,0.9641332469094337
76561197986176679,0,0.02910723350942135,8,0.9641332469094337
76561199376319597,0,0.014935855753719807,8,0.9641332469094337
76561198033907680,0,0.08926238864660263,8,0.9641332469094337
76561198092138541,0,0.5607876181602478,8,0.9641332469094337
76561198048984160,0,0.05253591015934944,8,0.9641332469094337
76561198976550814,0,0.42481064796447754,8,0.9641332469094337
76561198355990175,0,0.03337841480970383,8,0.9641332469094337
76561198395629341,0,0.102969691157341,8,0.9641332469094337
76561198072682541,0,0.005579226650297642,8,0.9641332469094337
76561197999369248,0,0.004491010680794716,8,0.9641332469094337
76561199510232866,0,0.6371681094169617,8,0.9641332469094337
76561198048689262,0,0.011596443131566048,8,0.9641332469094337
76561198353539616,0,0.005304284393787384,8,0.9641332469094337
76561198065019931,0,0.005314267240464687,8,0.9641332469094337
76561198317034964,0,0.018299221992492676,8,0.9641332469094337
76561199175599718,0,0.0044430214911699295,8,0.9641332469094337
76561198119713076,0,0.0046377284452319145,8,0.9641332469094337
76561199173318810,0,0.004016343504190445,8,0.9641332469094337
76561199121849020,0,0.0161982960999012,8,0.9641332469094337
76561197989465420,0,0.009217653423547745,8,0.9641332469094337
76561198095931881,0,0.005620953161269426,8,0.9641332469094337
76561198000134819,0,0.0046174973249435425,8,0.9641332469094337
76561199263156647,0,0.30905234813690186,8,0.9641332469094337
76561198947824542,0,0.00442255474627018,8,0.9641332469094337
76561198261724166,0,0.0044800955802202225,8,0.9641332469094337
76561199382648614,0,0.006332641001790762,8,0.9641332469094337
76561198796231961,0,0.03599006310105324,8,0.9641332469094337
76561198312839682,0,0.007463596295565367,8,0.9641332469094337
76561198948626298,0,0.0057371752336621284,8,0.9641332469094337
76561198262057405,0,0.033607497811317444,8,0.9641332469094337
76561199509607160,0,0.007438516244292259,8,0.9641332469094337
76561199037161358,0,0.008108501322567463,8,0.9641332469094337
76561198067477548,0,0.10132067650556564,8,0.9641332469094337
76561198011102117,0,0.020381616428494453,8,0.9641332469094337
76561198195266842,0,0.2437666356563568,8,0.9641332469094337
76561199101204524,0,0.005536353215575218,8,0.9641332469094337
76561199104769377,0,0.013199131935834885,8,0.9641332469094337
76561198097554237,0,0.031053172424435616,8,0.9641332469094337
76561198321108307,0,0.005377268884330988,8,0.9641332469094337
76561198147617815,0,0.005045866593718529,8,0.9641332469094337
76561198890120084,0,0.004284976050257683,8,0.9641332469094337
76561199336889473,0,0.004712727386504412,8,0.9641332469094337
76561199054925579,0,0.014954346232116222,8,0.9641332469094337
76561199470320650,0,0.007842516526579857,8,0.9641332469094337
76561199072410671,0,0.004806884564459324,8,0.9641332469094337
76561198135532767,0,0.006008207332342863,8,0.9641332469094337
76561198993069345,0,0.020682379603385925,8,0.9641332469094337
76561198325105524,0,0.018118908628821373,8,0.9641332469094337
76561199085804577,0,0.004919440019875765,8,0.9641332469094337
76561198124637045,0,0.0056897797621786594,8,0.9641332469094337
76561199300358463,0,0.005326856393367052,8,0.9641332469094337
76561198131258855,0,0.03815854713320732,8,0.9641332469094337
76561198941751499,0,0.004541855771094561,8,0.9641332469094337
76561199005195625,0,0.010461707599461079,8,0.9641332469094337
76561198339080481,0,0.00494800740852952,8,0.9641332469094337
76561199097301416,0,0.004190043546259403,8,0.9641332469094337
76561198075765141,0,0.004041930194944143,8,0.9641332469094337
76561198882750669,0,0.892260730266571,8,0.9641332469094337
76561198038221037,0,0.010031932964920998,8,0.9641332469094337
76561198119085308,0,0.004705046769231558,8,0.9641332469094337
76561198091069768,0,0.004572870209813118,8,0.9641332469094337
76561198874819432,0,0.0097922682762146,8,0.9641332469094337
76561199430086443,0,0.008149046450853348,8,0.9641332469094337
76561198151921996,0,0.00436563091352582,8,0.9641332469094337
76561199139662133,0,0.004377945326268673,8,0.9641332469094337
76561198966531285,0,0.007109324913471937,8,0.9641332469094337
76561198101165725,0,0.9888756275177002,8,0.9641332469094337
76561198000363408,0,0.004326832015067339,8,0.9641332469094337
76561198406643521,0,0.009281017817556858,8,0.9641332469094337
76561198995599856,0,0.05659664049744606,8,0.9641332469094337
76561199100295731,0,0.006840663496404886,8,0.9641332469094337
76561199149668619,0,0.006225268356502056,8,0.9641332469094337
76561198232765208,0,0.3864167630672455,8,0.9641332469094337
76561199612664844,0,0.10549961775541306,8,0.9641332469094337
76561198096297060,0,0.00444404873996973,8,0.9641332469094337
76561198080480970,0,0.04969252273440361,8,0.9641332469094337
76561198036338740,0,0.2720060646533966,8,0.9641332469094337
76561198076744710,0,0.010901043191552162,8,0.9641332469094337
76561198121497952,0,0.005103942472487688,8,0.9641332469094337
76561198117119993,0,0.005444674286991358,8,0.9641332469094337
76561198038783370,0,0.004751915577799082,8,0.9641332469094337
76561198259425770,0,0.004422636236995459,8,0.9641332469094337
76561198368667816,0,0.00538810295984149,8,0.9641332469094337
76561198153654336,0,0.1312769651412964,8,0.9641332469094337
76561198120918390,0,0.005619671195745468,8,0.9641332469094337
76561199588778473,0,0.004952403251081705,8,0.9641332469094337
76561198870337282,0,0.028324216604232788,8,0.9641332469094337
76561198102834740,1,0.9894015192985535,8,0.9641332469094337
76561198074467850,0,0.005714478436857462,8,0.9641332469094337
76561198007262350,0,0.24819810688495636,8,0.9641332469094337
76561198061959739,1,0.9828718900680542,8,0.9641332469094337
76561199073518369,0,0.014024538919329643,8,0.9641332469094337
76561198306436089,0,0.011334766633808613,8,0.9641332469094337
76561198061883420,0,0.2408524751663208,8,0.9641332469094337
76561197977659658,0,0.004432207904756069,8,0.9641332469094337
76561199003776985,0,0.004733225330710411,8,0.9641332469094337
76561198280238618,0,0.012266463600099087,8,0.9641332469094337
76561197996718426,0,0.006307412404567003,8,0.9641332469094337
76561198870132756,0,0.004689272027462721,8,0.9641332469094337
76561198351202318,0,0.22314715385437012,8,0.9641332469094337
76561198040031469,0,0.004588280338793993,8,0.9641332469094337
76561198015618657,0,0.007275702897459269,8,0.9641332469094337
76561199188120334,0,0.07260433584451675,8,0.9641332469094337
76561199661419832,0,0.006313557270914316,8,0.9641332469094337
76561198962647097,0,0.8844146132469177,8,0.9641332469094337
76561198065008166,0,0.004888554569333792,8,0.9641332469094337
76561198431357842,0,0.004735494963824749,8,0.9641332469094337
76561199117178757,0,0.014625810086727142,8,0.9641332469094337
76561199529555291,0,0.009399228729307652,8,0.9641332469094337
76561198071586793,0,0.0051420037634670734,8,0.9641332469094337
76561198007612260,0,0.00765668461099267,8,0.9641332469094337
76561198085370920,0,0.0042874994687736034,8,0.9641332469094337
76561198034904212,0,0.009270268492400646,8,0.9641332469094337
76561198435933316,0,0.07698529958724976,8,0.9641332469094337
76561199110638785,0,0.6778348684310913,8,0.9641332469094337
76561198097889769,0,0.018324224278330803,8,0.9641332469094337
76561199052135770,0,0.007835948839783669,8,0.9641332469094337
76561198402596582,0,0.9907945990562439,8,0.9641332469094337
76561198408152081,0,0.005178307648748159,8,0.9641332469094337
76561199177316005,0,0.005157503765076399,8,0.9641332469094337
76561197970286344,0,0.12378235906362534,8,0.9641332469094337
76561198025015555,0,0.29023367166519165,8,0.9641332469094337
76561198812147053,0,0.012730516493320465,8,0.9641332469094337
76561198271618963,0,0.02466154657304287,8,0.9641332469094337
76561198413154673,0,0.0073400745168328285,8,0.9641332469094337
76561199162412079,0,0.008691716007888317,8,0.9641332469094337
76561198997026672,0,0.007760797627270222,8,0.9641332469094337
76561198064428248,0,0.004715839400887489,8,0.9641332469094337
76561199438720507,0,0.004735494963824749,8,0.9641332469094337
76561198046967179,0,0.03028179332613945,8,0.9641332469094337
76561199314002500,0,0.008122287690639496,8,0.9641332469094337
76561198146714164,0,0.1284041404724121,8,0.9641332469094337
76561198119745086,0,0.02822570875287056,8,0.9641332469094337
76561198381258233,0,0.2349894493818283,8,0.9641332469094337
76561198798229259,1,0.9720497131347656,8,0.9641332469094337
76561198440493257,0,0.008736579678952694,8,0.9641332469094337
76561198116107430,0,0.01218769047409296,8,0.9641332469094337
76561198056629065,0,0.003939463756978512,8,0.9641332469094337
76561198124220328,0,0.646883487701416,8,0.9641332469094337
76561199091007156,0,0.0073620956391096115,8,0.9641332469094337
76561198358124224,0,0.00708722835406661,8,0.9641332469094337
76561199118032322,0,0.005770146381109953,8,0.9641332469094337
76561198138090715,0,0.01683840900659561,8,0.9641332469094337
76561198970012165,0,0.005602372344583273,8,0.9641332469094337
76561198072149350,0,0.005175335798412561,8,0.9641332469094337
76561199104612359,0,0.004947913344949484,8,0.9641332469094337
76561199080718132,0,0.008078898303210735,8,0.9641332469094337
76561199433681876,0,0.004869803786277771,8,0.9641332469094337
76561199447876928,0,0.004733225330710411,8,0.9641332469094337
76561199574454293,0,0.006162695121020079,8,0.9641332469094337
76561198079377192,0,0.004237753804773092,8,0.9641332469094337
76561198183895346,0,0.00445837527513504,8,0.9641332469094337
76561197971208478,0,0.006170147564262152,8,0.9641332469094337
76561198019488853,0,0.005049506668001413,8,0.9641332469094337
76561199594575462,0,0.004653740208595991,8,0.9641332469094337
76561199111225128,0,0.0038959623780101538,8,0.9641332469094337
76561199129386398,0,0.029639560729265213,8,0.9641332469094337
76561198887318796,0,0.0185999758541584,8,0.9641332469094337
76561198047085536,0,0.009771216660737991,8,0.9641332469094337
76561198799244584,0,0.188846156001091,8,0.9641332469094337
76561198014505621,0,0.023893583565950394,8,0.9641332469094337
76561198301280361,0,0.35326212644577026,8,0.9641332469094337
76561199147151665,0,0.005338934250175953,8,0.9641332469094337
76561198064440081,0,0.00439330842345953,8,0.9641332469094337
76561198082768124,0,0.004354339092969894,8,0.9641332469094337
76561198275334155,0,0.005206566769629717,8,0.9641332469094337
76561198264104118,0,0.004392257425934076,8,0.9641332469094337
76561199107324132,0,0.015869300812482834,8,0.9641332469094337
76561198927006321,0,0.010799471288919449,8,0.9641332469094337
76561198006707000,0,0.5448731184005737,8,0.9641332469094337
76561198357500844,0,0.6628970503807068,8,0.9641332469094337
76561197981940271,0,0.0056721423752605915,8,0.9641332469094337
76561198290648273,0,0.0052625094540417194,8,0.9641332469094337
76561198012719892,0,0.872496485710144,8,0.9641332469094337
76561198076653876,0,0.9892487525939941,8,0.9641332469094337
76561198117190055,0,0.010709346272051334,8,0.9641332469094337
76561198251080804,0,0.029263390228152275,8,0.9641332469094337
76561199123574999,0,0.004331246949732304,8,0.9641332469094337
76561198066099099,0,0.006026997230947018,8,0.9641332469094337
76561198086074972,0,0.004114615730941296,8,0.9641332469094337
76561197972526344,0,0.005585103761404753,8,0.9641332469094337
76561198231003212,0,0.006838030647486448,8,0.9641332469094337
76561198344677444,0,0.008937671780586243,8,0.9641332469094337
76561198012008597,0,0.00564007880166173,8,0.9641332469094337
76561199185494649,0,0.3672908544540405,8,0.9641332469094337
76561198269051977,0,0.45829129219055176,8,0.9641332469094337
76561198093856909,0,0.006591860670596361,8,0.9641332469094337
76561199122144099,0,0.004447953309863806,8,0.9641332469094337
76561198033216653,0,0.06816606968641281,8,0.9641332469094337
76561199247025245,0,0.01012029405683279,8,0.9641332469094337
76561198005288397,0,0.013256979174911976,8,0.9641332469094337
76561198118983068,0,0.005074884742498398,8,0.9641332469094337
76561198989663962,0,0.2169654220342636,8,0.9641332469094337
76561198919431815,0,0.007186088245362043,8,0.9641332469094337
76561198322939999,0,0.04715249314904213,8,0.9641332469094337
76561199232461334,0,0.005059225484728813,8,0.9641332469094337
76561198056012973,0,0.004860511980950832,8,0.9641332469094337
76561198051796527,0,0.025835754349827766,8,0.9641332469094337
76561199253391351,0,0.004818052053451538,8,0.9641332469094337
76561199073858348,0,0.005561260972172022,8,0.9641332469094337
76561199215385083,0,0.028779244050383568,8,0.9641332469094337
76561197970255815,0,0.00933277327567339,8,0.9641332469094337
76561199114401479,0,0.004745051730424166,8,0.9641332469094337
76561198371783230,0,0.004770821426063776,8,0.9641332469094337
76561198271350471,0,0.04328060522675514,8,0.9641332469094337
76561198799359362,0,0.004515790846198797,8,0.9641332469094337
76561199137880706,0,0.006270821206271648,8,0.9641332469094337
76561198359686783,0,0.008436783216893673,8,0.9641332469094337
76561198129571035,0,0.7962669730186462,8,0.9641332469094337
76561199137693599,0,0.06917176395654678,8,0.9641332469094337
76561198909270142,0,0.1252807229757309,8,0.9641332469094337
76561199223489002,0,0.006240632385015488,8,0.9641332469094337
76561199652332748,0,0.007563641760498285,8,0.9641332469094337
76561198154603901,0,0.9686444401741028,8,0.9641332469094337
76561198059353691,0,0.06212850660085678,8,0.9641332469094337
76561199085850613,0,0.0050315712578594685,8,0.9641332469094337
76561198009000392,0,0.004649578593671322,8,0.9641332469094337
76561198207941008,0,0.0045522223226726055,8,0.9641332469094337
76561199404306579,0,0.005331856198608875,8,0.9641332469094337
76561199247762398,0,0.015469573438167572,8,0.9641332469094337
76561199050210466,0,0.004647963680326939,8,0.9641332469094337
76561198358350608,0,0.9681805968284607,8,0.9641332469094337
76561199129113690,0,0.004591287113726139,8,0.9641332469094337
76561198818393321,0,0.00420329300686717,8,0.9641332469094337
76561197964369696,0,0.00544008007273078,8,0.9641332469094337
76561198883048616,0,0.2978191375732422,8,0.9641332469094337
76561198308542516,0,0.8931909203529358,8,0.9641332469094337
76561199108592935,0,0.004526499658823013,8,0.9641332469094337
76561198145795035,0,0.004492837470024824,8,0.9641332469094337
76561199013969247,0,0.08341473340988159,8,0.9641332469094337
76561198017360050,0,0.004800847731530666,8,0.9641332469094337
76561198837703163,0,0.005199445877224207,8,0.9641332469094337
76561198262117028,0,0.0051156701520085335,8,0.9641332469094337
76561199587255454,0,0.26913321018218994,8,0.9641332469094337
76561198212042381,0,0.005781400483101606,8,0.9641332469094337
76561199437272590,0,0.007831776514649391,8,0.9641332469094337
76561198315536915,0,0.0044777910225093365,8,0.9641332469094337
76561199129566728,0,0.0061296154744923115,8,0.9641332469094337
76561198328014746,0,0.016844796016812325,8,0.9641332469094337
76561198947009737,0,0.004538883920758963,8,0.9641332469094337
76561198182940547,0,0.004818061366677284,8,0.9641332469094337
76561199137594577,0,0.01032460480928421,8,0.9641332469094337
76561199526137263,0,0.04006563872098923,8,0.9641332469094337
76561198071693589,0,0.004633002448827028,8,0.9641332469094337
76561199190908484,0,0.0052959793247282505,8,0.9641332469094337
76561198450628740,0,0.00864360947161913,8,0.9641332469094337
76561197972409045,0,0.004942281171679497,8,0.9641332469094337
76561198211688440,0,0.5157266855239868,8,0.9641332469094337
76561198183969974,0,0.00675360718742013,8,0.9641332469094337
76561199686832728,0,0.005024119280278683,8,0.9641332469094337
76561198089224766,0,0.004445061553269625,8,0.9641332469094337
76561198079409741,0,0.01721062883734703,8,0.9641332469094337
76561198302977696,0,0.0051719737239181995,8,0.9641332469094337
76561199033556265,0,0.007615243550390005,8,0.9641332469094337
76561198166228297,0,0.005106023047119379,8,0.9641332469094337
76561198170240242,0,0.9835069179534912,8,0.9641332469094337
76561199232958980,0,0.00465179281309247,8,0.9641332469094337
76561198168617711,0,0.007250071968883276,8,0.9641332469094337
76561198037056149,0,0.01680436171591282,8,0.9641332469094337
76561198278266757,0,0.005808121524751186,8,0.9641332469094337
76561198125785370,0,0.004338693339377642,8,0.9641332469094337
76561198097015925,0,0.006228227633982897,8,0.9641332469094337
76561198055229608,0,0.9701933264732361,8,0.9641332469094337
76561198255618212,0,0.5320684313774109,8,0.9641332469094337
76561199511631817,0,0.0043177492916584015,8,0.9641332469094337
76561197974986540,0,0.0051064519211649895,8,0.9641332469094337
76561198274760349,0,0.020295044407248497,8,0.9641332469094337
76561199146734416,0,0.0076476940885186195,8,0.9641332469094337
76561199071050846,1,0.9807921051979065,8,0.9641332469094337
76561198246962668,0,0.08428919315338135,8,0.9641332469094337
76561198025110148,1,0.9868148565292358,8,0.9641332469094337
76561198298669457,0,0.009133168496191502,8,0.9641332469094337
76561198024323447,0,0.012272055260837078,8,0.9641332469094337
76561198035350469,0,0.005110561847686768,8,0.9641332469094337
76561198297143771,0,0.005390091799199581,8,0.9641332469094337
76561198202265096,0,0.008021102286875248,8,0.9641332469094337
76561197976433367,0,0.008183933794498444,8,0.9641332469094337
76561198428554497,0,0.9834833145141602,8,0.9641332469094337
76561198279781521,0,0.004735494963824749,8,0.9641332469094337
76561197971572930,0,0.26223045587539673,8,0.9641332469094337
76561198118495699,0,0.005501441657543182,8,0.9641332469094337
76561198352894920,0,0.01728401891887188,8,0.9641332469094337
76561199084072509,0,0.004936333745718002,8,0.9641332469094337
76561198026873584,0,0.004800916649401188,8,0.9641332469094337
76561197998999984,0,0.4490501284599304,8,0.9641332469094337
76561198047629220,1,0.9332277774810791,8,0.9641332469094337
76561199700147289,0,0.008401752449572086,8,0.9641332469094337
76561198951033765,0,0.10919080674648285,8,0.9641332469094337
76561199198763724,0,0.004827270284295082,8,0.9641332469094337
76561198358811077,0,0.12463675439357758,8,0.9641332469094337
76561199177804113,0,0.007735131774097681,8,0.9641332469094337
76561199091072225,0,0.993582010269165,8,0.9641332469094337
76561199086802318,0,0.007974546402692795,8,0.9641332469094337
76561199424242584,0,0.03641757369041443,8,0.9641332469094337
76561198426651905,0,0.007089349441230297,8,0.9641332469094337
76561199011537344,0,0.004632425960153341,8,0.9641332469094337
76561198360567675,0,0.004436641000211239,8,0.9641332469094337
76561198166415832,0,0.00462884409353137,8,0.9641332469094337
76561199084000742,0,0.009704461321234703,8,0.9641332469094337
76561198354545157,0,0.8672869205474854,8,0.9641332469094337
76561198415313076,0,0.0050845216028392315,8,0.9641332469094337
76561199734175629,0,0.005126593168824911,8,0.9641332469094337
76561198313438788,0,0.592762291431427,8,0.9641332469094337
76561199073176899,0,0.006488121580332518,8,0.9641332469094337
76561198175315545,0,0.006419347133487463,8,0.9641332469094337
76561198121006343,0,0.44719019532203674,8,0.9641332469094337
76561198007789970,0,0.005399622954428196,8,0.9641332469094337
76561198064809333,0,0.005509477574378252,8,0.9641332469094337
76561198091681424,0,0.009204846806824207,8,0.9641332469094337
76561198009779764,0,0.008495478890836239,8,0.9641332469094337
76561198292217762,0,0.018115796148777008,8,0.9641332469094337
76561198067311994,0,0.006647375412285328,8,0.9641332469094337
76561198011640524,0,0.004513283725827932,8,0.9641332469094337
76561198048109675,0,0.008076243102550507,8,0.9641332469094337
76561199472414458,0,0.005094624124467373,8,0.9641332469094337
76561198817587511,0,0.005610430147498846,8,0.9641332469094337
76561198050083773,0,0.2377769649028778,8,0.9641332469094337
76561197991207062,1,0.9880725145339966,8,0.9641332469094337
76561198027381946,0,0.8497214317321777,8,0.9641332469094337
76561198074831019,0,0.008946719579398632,8,0.9641332469094337
76561198215239561,0,0.005460286978632212,8,0.9641332469094337
76561198152065852,0,0.004859584849327803,8,0.9641332469094337
76561198071300090,0,0.005514967255294323,8,0.9641332469094337
76561198279941712,0,0.004312670789659023,8,0.9641332469094337
76561198884444198,0,0.00535285659134388,8,0.9641332469094337
76561198190567894,0,0.008705065585672855,8,0.9641332469094337
76561199024176323,0,0.04190394654870033,8,0.9641332469094337
76561199135576385,0,0.0049231345765292645,8,0.9641332469094337
76561199030954927,0,0.005747273098677397,8,0.9641332469094337
76561199504130489,0,0.00421193428337574,8,0.9641332469094337
76561198382996214,0,0.004764714278280735,8,0.9641332469094337
76561198393856631,0,0.011482195928692818,8,0.9641332469094337
76561199523296840,0,0.007056217174977064,8,0.9641332469094337
76561198083211688,0,0.4936632513999939,8,0.9641332469094337
76561198090039584,0,0.004735494963824749,8,0.9641332469094337
76561197970572314,0,0.005487486720085144,8,0.9641332469094337
76561198330501116,0,0.00432618148624897,8,0.9641332469094337
76561199223800208,0,0.004578686784952879,8,0.9641332469094337
76561198006903539,0,0.004729623906314373,8,0.9641332469094337
76561198293531779,0,0.00594740267843008,8,0.9641332469094337
76561198814693468,0,0.004733225330710411,8,0.9641332469094337
76561198403895595,0,0.00530194491147995,8,0.9641332469094337
76561198320859760,0,0.004561400040984154,8,0.9641332469094337
76561199013682944,0,0.006369259674102068,8,0.9641332469094337
76561198125290379,0,0.009462632238864899,8,0.9641332469094337
76561198176460111,0,0.004505337681621313,8,0.9641332469094337
76561197995707799,0,0.004798474721610546,8,0.9641332469094337
76561199071604763,0,0.010179795324802399,8,0.9641332469094337
76561199093694093,0,0.00520583288744092,8,0.9641332469094337
76561199075831163,0,0.004806884564459324,8,0.9641332469094337
76561199525636204,0,0.004806884564459324,8,0.9641332469094337
76561198100869665,0,0.015849674120545387,8,0.9641332469094337
76561198309169797,0,0.005925061646848917,8,0.9641332469094337
76561199095648690,1,0.9931498169898987,8,0.9641332469094337
76561198816545929,0,0.004385467153042555,8,0.9641332469094337
76561198032954204,0,0.005697133019566536,8,0.9641332469094337
76561197989860861,1,0.804704487323761,8,0.9641332469094337
76561198835200109,0,0.00417898828163743,8,0.9641332469094337
76561199035698151,1,0.8024035096168518,8,0.9641332469094337
76561198827070873,0,0.01005065068602562,8,0.9641332469094337
76561199551198289,0,0.004896707832813263,8,0.9641332469094337
76561198139665936,0,0.009631350636482239,8,0.9641332469094337
76561198382963631,0,0.004808899015188217,8,0.9641332469094337
76561199041689135,0,0.005752991884946823,8,0.9641332469094337
76561198021618267,0,0.004506062716245651,8,0.9641332469094337
76561199160556113,0,0.004793442320078611,8,0.9641332469094337
76561199012938939,0,0.08358265459537506,8,0.9641332469094337
76561198043282135,0,0.6845588088035583,8,0.9641332469094337
76561198272566978,0,0.05779368057847023,8,0.9641332469094337
76561198220595397,0,0.004392849747091532,8,0.9641332469094337
76561198010800730,0,0.009869552217423916,8,0.9641332469094337
76561198129481586,0,0.07055699825286865,8,0.9641332469094337
76561198255051628,1,0.9177688956260681,8,0.9641332469094337
76561198029797094,0,0.5435214042663574,8,0.9641332469094337
76561199600411887,0,0.004104715771973133,8,0.9641332469094337
76561198246385622,0,0.004099941346794367,8,0.9641332469094337
76561198900898478,0,0.004467477090656757,8,0.9641332469094337
76561198116558331,0,0.06862165033817291,8,0.9641332469094337
76561199053919145,0,0.00852187629789114,8,0.9641332469094337
76561198104291909,0,0.005026852246373892,8,0.9641332469094337
76561198013168552,0,0.03078591823577881,8,0.9641332469094337
76561197989348100,0,0.14293994009494781,8,0.9641332469094337
76561198364971944,0,0.10397043079137802,8,0.9641332469094337
76561198147324499,0,0.09212719649076462,8,0.9641332469094337
76561198379774357,0,0.0061483136378228664,8,0.9641332469094337
76561199090964115,0,0.005446497350931168,8,0.9641332469094337
76561198105380871,0,0.017505012452602386,8,0.9641332469094337
76561199445597242,0,0.004788509104400873,8,0.9641332469094337
76561199000493609,0,0.004331452772021294,8,0.9641332469094337
76561198385215318,0,0.004478981718420982,8,0.9641332469094337
76561198073820402,0,0.006613634992390871,8,0.9641332469094337
76561198007566968,0,0.9902572631835938,8,0.9641332469094337
76561198822090086,0,0.05399930104613304,8,0.9641332469094337
76561199501670942,0,0.009900850243866444,8,0.9641332469094337
76561198854053397,0,0.004519416950643063,8,0.9641332469094337
76561199100231909,0,0.0051794033497571945,8,0.9641332469094337
76561197970506681,0,0.01620011404156685,8,0.9641332469094337
76561198022681488,0,0.06076792627573013,8,0.9641332469094337
76561199476604562,0,0.004733225330710411,8,0.9641332469094337
76561199433486936,0,0.006542536895722151,8,0.9641332469094337
76561198035516870,0,0.005155473947525024,8,0.9641332469094337
76561197990898498,0,0.004387774039059877,8,0.9641332469094337
76561199224298386,0,0.005082476418465376,8,0.9641332469094337
76561197996455120,0,0.0046988739632070065,8,0.9641332469094337
76561198899555976,0,0.0071199447847902775,8,0.9641332469094337
76561198079485800,0,0.09709443897008896,8,0.9641332469094337
76561199275228349,0,0.4813120365142822,8,0.9641332469094337
76561198035173814,1,0.9932981133460999,8,0.9641332469094337
76561197961074269,0,0.011376394890248775,8,0.9641332469094337
76561197980504188,0,0.005762950982898474,8,0.9641332469094337
76561198017828094,1,0.9937684535980225,8,0.9641332469094337
76561198121878971,0,0.04788404703140259,8,0.9641332469094337
76561197975017768,0,0.007536562625318766,8,0.9641332469094337
76561197995966926,0,0.007955482229590416,8,0.9641332469094337
76561198302343498,1,0.9925020933151245,8,0.9641332469094337
76561199209884950,0,0.013293957337737083,8,0.9641332469094337
76561199497929445,0,0.015586186200380325,8,0.9641332469094337
76561198355249606,0,0.061255719512701035,8,0.9641332469094337
76561198067832135,0,0.0042669642716646194,8,0.9641332469094337
76561198061668459,0,0.004935546312481165,8,0.9641332469094337
76561198319175491,0,0.004832814447581768,8,0.9641332469094337
76561199219397514,0,0.0058546243235468864,8,0.9641332469094337
76561198150301239,0,0.004079584963619709,8,0.9641332469094337
76561199689687281,0,0.034984689205884933,8,0.9641332469094337
76561198066583067,0,0.2146758884191513,8,0.9641332469094337
76561198077324015,0,0.034348078072071075,8,0.9641332469094337
76561198074229535,0,0.004747472703456879,8,0.9641332469094337
76561198244604984,0,0.006724677048623562,8,0.9641332469094337
76561198040990599,0,0.005866845604032278,8,0.9641332469094337
76561197990570068,0,0.00639032106846571,8,0.9641332469094337
76561198405593626,0,0.007305916864424944,8,0.9641332469094337
76561199073748229,0,0.008981171064078808,8,0.9641332469094337
76561199119230754,0,0.008627249859273434,8,0.9641332469094337
76561198373714377,0,0.004961303435266018,8,0.9641332469094337
76561199406114664,0,0.004679154604673386,8,0.9641332469094337
76561198006534417,0,0.0047082919627428055,8,0.9641332469094337
76561199206548737,0,0.005839398596435785,8,0.9641332469094337
76561198062677317,0,0.0043569570407271385,8,0.9641332469094337
76561199071315565,0,0.004908050410449505,8,0.9641332469094337
76561198121426782,0,0.005995729938149452,8,0.9641332469094337
76561199480850607,0,0.005009547341614962,8,0.9641332469094337
76561198153868805,0,0.014786825515329838,8,0.9641332469094337
76561199102985813,0,0.0061296154744923115,8,0.9641332469094337
76561198037869676,0,0.005209469236433506,8,0.9641332469094337
76561198285131227,0,0.0040873317047953606,8,0.9641332469094337
76561198992605436,0,0.006303964648395777,8,0.9641332469094337
76561198102494960,0,0.005101272836327553,8,0.9641332469094337
76561198978112042,0,0.8111618757247925,8,0.9641332469094337
76561198075248387,0,0.004168329760432243,8,0.9641332469094337
76561198038655384,0,0.00708031328395009,8,0.9641332469094337
76561198351190768,0,0.0055868192575871944,8,0.9641332469094337
76561198087038011,0,0.008662650361657143,8,0.9641332469094337
76561199001038536,0,0.005523415748029947,8,0.9641332469094337
76561199480068286,0,0.004191723186522722,8,0.9641332469094337
76561198012045442,0,0.00670974887907505,8,0.9641332469094337
76561197987212973,0,0.5853947997093201,8,0.9641332469094337
76561198414549954,1,0.11742424964904785,8,0.9641332469094337
76561198214872447,0,0.03330733999609947,8,0.9641332469094337
76561198299537182,0,0.004780078772455454,8,0.9641332469094337
76561198316493507,0,0.011190212331712246,8,0.9641332469094337
76561198315918008,0,0.004804986994713545,8,0.9641332469094337
76561198096108260,0,0.8291013836860657,8,0.9641332469094337
76561198386647827,0,0.7287182211875916,8,0.9641332469094337
76561198280640879,0,0.042017146944999695,8,0.9641332469094337
76561199099755881,0,0.030536003410816193,8,0.9641332469094337
76561199220158967,1,0.6356934309005737,8,0.9641332469094337
76561199446840117,0,0.7806529998779297,8,0.9641332469094337
76561198873422276,0,0.015454214066267014,8,0.9641332469094337
76561199071533411,0,0.08773821592330933,8,0.9641332469094337
76561198923720730,0,0.5534681081771851,8,0.9641332469094337
76561198069918185,0,0.004442774225026369,8,0.9641332469094337
76561198202058417,0,0.005631768144667149,8,0.9641332469094337
76561198153875166,0,0.018196292221546173,8,0.9641332469094337
76561199439999846,0,0.00553417531773448,8,0.9641332469094337
76561199629427031,0,0.006646890193223953,8,0.9641332469094337
76561198048565558,0,0.25511816143989563,8,0.9641332469094337
76561199048065258,0,0.2476716786623001,8,0.9641332469094337
76561198088277239,1,0.9921934008598328,8,0.9641332469094337
76561199088705426,0,0.00469544529914856,8,0.9641332469094337
76561199471606988,0,0.24344749748706818,8,0.9641332469094337
76561198130471550,0,0.8740623593330383,8,0.9641332469094337
76561199765010662,0,0.01602713204920292,8,0.9641332469094337
76561199110211345,0,0.008084115572273731,8,0.9641332469094337
76561198266109968,0,0.008314358070492744,8,0.9641332469094337
76561198448493891,0,0.015096359886229038,8,0.9641332469094337
76561198000177886,0,0.011617603711783886,8,0.9641332469094337
76561199574990558,0,0.003932680934667587,8,0.9641332469094337
76561198448775339,0,0.010846974328160286,8,0.9641332469094337
76561198085476305,0,0.004403563216328621,8,0.9641332469094337
76561197990989967,0,0.014926746487617493,8,0.9641332469094337
76561198296073179,0,0.010315604507923126,8,0.9641332469094337
76561198265028926,0,0.004591287113726139,8,0.9641332469094337
76561198260515320,0,0.004969153553247452,8,0.9641332469094337
76561198081694839,0,0.02603502757847309,8,0.9641332469094337
76561198369582020,0,0.12185114622116089,8,0.9641332469094337
76561199029437778,0,0.005036208778619766,8,0.9641332469094337
76561199247144251,0,0.1024007797241211,8,0.9641332469094337
76561198054547624,0,0.8905777931213379,8,0.9641332469094337
76561198158617699,0,0.004717943724244833,8,0.9641332469094337
76561198315695067,0,0.004806884564459324,8,0.9641332469094337
76561198007397905,0,0.022809786722064018,8,0.9641332469094337
76561198152422131,0,0.004649943206459284,8,0.9641332469094337
76561198813777413,0,0.004222860559821129,8,0.9641332469094337
76561199118103684,0,0.043192747980356216,8,0.9641332469094337
76561199213216114,0,0.004489974118769169,8,0.9641332469094337
76561198425692651,0,0.007600555662065744,8,0.9641332469094337
76561199223602415,0,0.34742316603660583,8,0.9641332469094337
76561198271677839,0,0.010821530595421791,8,0.9641332469094337
76561199006034790,0,0.0042453608475625515,8,0.9641332469094337
76561199229632714,0,0.9902841448783875,8,0.9641332469094337
76561198116856815,0,0.005836354568600655,8,0.9641332469094337
76561198013273150,0,0.1102081760764122,8,0.9641332469094337
76561198364938974,0,0.014323250390589237,8,0.9641332469094337
76561199212961735,0,0.004681691061705351,8,0.9641332469094337
76561198042963993,0,0.045264482498168945,8,0.9641332469094337
76561198193055428,0,0.004591287113726139,8,0.9641332469094337
76561198799680027,0,0.9862872958183289,8,0.9641332469094337
76561198029341026,0,0.005974074359983206,8,0.9641332469094337
76561199108286696,0,0.015132552944123745,8,0.9641332469094337
76561198317973220,0,0.024825116619467735,8,0.9641332469094337
76561199007988480,0,0.005416347179561853,8,0.9641332469094337
76561198063942504,0,0.007165970746427774,8,0.9641332469094337
76561198007812143,0,0.9851120114326477,8,0.9641332469094337
76561198287090895,0,0.007078622933477163,8,0.9641332469094337
76561198334212474,0,0.00460502365604043,8,0.9641332469094337
76561199046661487,0,0.0046520596370100975,8,0.9641332469094337
76561198282186946,0,0.004777233116328716,8,0.9641332469094337
76561197967485938,0,0.00421193428337574,8,0.9641332469094337
76561198082549067,0,0.005416347179561853,8,0.9641332469094337
76561198036408475,0,0.005251565016806126,8,0.9641332469094337
76561198403100555,0,0.005754983518272638,8,0.9641332469094337
76561198017239536,0,0.006181648932397366,8,0.9641332469094337
76561198061061709,0,0.005577148403972387,8,0.9641332469094337
76561199093414059,0,0.004806884564459324,8,0.9641332469094337
76561198083294573,0,0.0065969740971922874,8,0.9641332469094337
76561199207506712,0,0.004806884564459324,8,0.9641332469094337
76561198020909529,0,0.004816733300685883,8,0.9641332469094337
76561198015923845,0,0.006211059167981148,8,0.9641332469094337
76561199084980328,0,0.004893380217254162,8,0.9641332469094337
76561199152132846,0,0.004706967156380415,8,0.9641332469094337
76561198233343284,0,0.18131954967975616,8,0.9641332469094337
76561199083017282,0,0.021088499575853348,8,0.9641332469094337
76561198076915004,0,0.0318472683429718,8,0.9641332469094337
76561198342548519,0,0.004855637904256582,8,0.9641332469094337
76561199098883474,0,0.017715202644467354,8,0.9641332469094337
76561199428369041,0,0.004854246973991394,8,0.9641332469094337
76561198121943003,0,0.4958055317401886,8,0.9641332469094337
76561198109082498,0,0.9854376316070557,8,0.9641332469094337
76561198264668650,0,0.006422426085919142,8,0.9641332469094337
76561198364999551,1,0.9894227385520935,8,0.9641332469094337
76561198113195330,0,0.014930622652173042,8,0.9641332469094337
76561198391744325,0,0.004806884564459324,8,0.9641332469094337
76561198154491498,0,0.007934149354696274,8,0.9641332469094337
76561199026043531,0,0.008691716007888317,8,0.9641332469094337
76561198028684900,0,0.020432446151971817,8,0.9641332469094337
76561198153753540,1,0.9945435523986816,8,0.9641332469094337
76561197999709170,1,0.33910682797431946,8,0.9641332469094337
76561199021688281,0,0.9194450974464417,8,0.9641332469094337
76561198084003669,0,0.010754960589110851,8,0.9641332469094337
76561198055505282,0,0.0054338653571903706,8,0.9641332469094337
76561198847455837,0,0.006225347053259611,8,0.9641332469094337
76561198239449102,1,0.9800641536712646,8,0.9641332469094337
76561198123949297,0,0.004309790674597025,8,0.9641332469094337
76561198226139032,0,0.11894695460796356,8,0.9641332469094337
76561198261494349,0,0.22310343384742737,8,0.9641332469094337
76561199028580207,0,0.006776285823434591,8,0.9641332469094337
76561198847846475,0,0.9855658411979675,8,0.9641332469094337
76561198440568882,0,0.00969613902270794,8,0.9641332469094337
76561198056417791,0,0.008259383030235767,8,0.9641332469094337
76561199012423141,1,0.9945451021194458,8,0.9641332469094337
76561198867490483,1,0.9932767748832703,8,0.9641332469094337
76561198282412329,0,0.004806884564459324,8,0.9641332469094337
76561198990445364,0,0.011335835792124271,8,0.9641332469094337
76561199019785749,0,0.005351052153855562,8,0.9641332469094337
76561198025678323,0,0.345164954662323,8,0.9641332469094337
76561198122673404,0,0.010655234567821026,8,0.9641332469094337
76561198052372203,0,0.005077767185866833,8,0.9641332469094337
76561198178530997,0,0.004936626646667719,8,0.9641332469094337
76561198080318819,0,0.27766576409339905,8,0.9641332469094337
76561198086274388,0,0.0157716553658247,8,0.9641332469094337
76561198321304069,0,0.005027941428124905,8,0.9641332469094337
76561198379408975,0,0.02165232226252556,8,0.9641332469094337
76561198166919332,0,0.00555162038654089,8,0.9641332469094337
76561198053777601,0,0.9292784929275513,8,0.9641332469094337
76561198099475285,0,0.004941888153553009,8,0.9641332469094337
76561199337066474,0,0.005260031204670668,8,0.9641332469094337
76561198262426191,0,0.005564531311392784,8,0.9641332469094337
76561199116005569,0,0.26684823632240295,8,0.9641332469094337
76561198137607463,0,0.008691716007888317,8,0.9641332469094337
76561198879435929,0,0.004733225330710411,8,0.9641332469094337
76561198153811061,0,0.005326738115400076,8,0.9641332469094337
76561198051728915,0,0.00456205802038312,8,0.9641332469094337
76561198122038407,0,0.0045385053381323814,8,0.9641332469094337
76561198800742414,0,0.4722268879413605,8,0.9641332469094337
76561199216549157,0,0.10099576413631439,8,0.9641332469094337
76561198039576815,0,0.014343743212521076,8,0.9641332469094337
76561198027467165,0,0.022713830694556236,8,0.9641332469094337
76561199090062008,0,0.0455707423388958,8,0.9641332469094337
76561199230010978,0,0.004436435177922249,8,0.9641332469094337
76561198099575834,0,0.9804196953773499,8,0.9641332469094337
76561198322963254,0,0.012530687265098095,8,0.9641332469094337
76561199439047232,0,0.004658235237002373,8,0.9641332469094337
76561199141553510,0,0.13133759796619415,8,0.9641332469094337
76561198071481509,0,0.004854883067309856,8,0.9641332469094337
76561198180201609,0,0.03660110756754875,8,0.9641332469094337
76561197970072197,0,0.006867691874504089,8,0.9641332469094337
76561198098104701,0,0.00452114874497056,8,0.9641332469094337
76561199216809654,0,0.006077729631215334,8,0.9641332469094337
76561198826544885,0,0.0047417557798326015,8,0.9641332469094337
76561199120314032,0,0.004735207185149193,8,0.9641332469094337
76561198076502926,0,0.0043937694281339645,8,0.9641332469094337
76561199452632809,0,0.08012562245130539,8,0.9641332469094337
76561198089146426,0,0.0044779288582503796,8,0.9641332469094337
76561198354752064,0,0.00532617187127471,8,0.9641332469094337
76561198067606912,0,0.004462245851755142,8,0.9641332469094337
76561198069259880,0,0.004365394823253155,8,0.9641332469094337
76561199125965794,0,0.004475487396121025,8,0.9641332469094337
76561198050696686,0,0.007586045656353235,8,0.9641332469094337
76561198010580247,0,0.004510182421654463,8,0.9641332469094337
76561199074665162,0,0.004975308198481798,8,0.9641332469094337
76561199048989289,0,0.004233360290527344,8,0.9641332469094337
76561198103558898,0,0.004741462878882885,8,0.9641332469094337
76561198307653339,0,0.004059046506881714,8,0.9641332469094337
76561198929544678,0,0.00499621732160449,8,0.9641332469094337
76561198272393552,0,0.005299157463014126,8,0.9641332469094337
76561198065644369,0,0.011266265995800495,8,0.9641332469094337
76561198884061229,0,0.005071999039500952,8,0.9641332469094337
76561198055505729,0,0.004768650513142347,8,0.9641332469094337
76561199270301246,0,0.01382466685026884,8,0.9641332469094337
76561199386078985,0,0.005054837558418512,8,0.9641332469094337
76561198073037182,0,0.004468341823667288,8,0.9641332469094337
76561198269098500,0,0.004780219402164221,8,0.9641332469094337
76561198360384411,0,0.004172278568148613,8,0.9641332469094337
76561199240466801,0,0.006908030714839697,8,0.9641332469094337
76561198399514822,0,0.007607046514749527,8,0.9641332469094337
76561199099433804,0,0.006285013165324926,8,0.9641332469094337
76561199680441524,0,0.03537549823522568,8,0.9641332469094337
76561199117411437,0,0.004806884564459324,8,0.9641332469094337
76561198146428283,0,0.010134563781321049,8,0.9641332469094337
76561198072219369,0,0.006506987847387791,8,0.9641332469094337
76561197984483984,0,0.018359322100877762,8,0.9641332469094337
76561199181237640,0,0.005359200295060873,8,0.9641332469094337
76561198394991968,0,0.0042939335107803345,8,0.9641332469094337
76561199510688350,0,0.005440740380436182,8,0.9641332469094337
76561199095327822,0,0.010264643467962742,8,0.9641332469094337
76561199630932491,0,0.006692217197269201,8,0.9641332469094337
76561199054482592,0,0.8870550990104675,8,0.9641332469094337
76561199491887557,0,0.004417478572577238,8,0.9641332469094337
76561197986987543,1,0.05427610129117966,8,0.9641332469094337
76561198414103396,0,0.3774055540561676,8,0.9641332469094337
76561199167678300,0,0.005132421385496855,8,0.9641332469094337
76561198443524176,0,0.0217022392898798,8,0.9641332469094337
76561198354829833,0,0.005118884611874819,8,0.9641332469094337
76561198745403373,0,0.016739144921302795,8,0.9641332469094337
76561198400923617,0,0.15399403870105743,8,0.9641332469094337
76561198104522603,1,0.9849587678909302,8,0.9641332469094337
76561198964263772,0,0.005800634156912565,8,0.9641332469094337
76561199149590556,0,0.0096519710496068,8,0.9641332469094337
76561199544085466,1,0.9933957457542419,8,0.9641332469094337
76561198004992979,0,0.004951616749167442,8,0.9641332469094337
76561198055627867,0,0.0048282574862241745,8,0.9641332469094337
76561198347499309,0,0.005112089682370424,8,0.9641332469094337
76561198840360550,0,0.005970754195004702,8,0.9641332469094337
76561199334997211,0,0.0047043743543326855,8,0.9641332469094337
76561198210833843,0,0.898658812046051,8,0.9641332469094337
76561198415829062,0,0.004688747227191925,8,0.9641332469094337
76561199310191769,0,0.01315667387098074,8,0.9641332469094337
76561198140854641,0,0.016551973298192024,8,0.9641332469094337
76561198174504882,0,0.008240850642323494,8,0.9641332469094337
76561199160714120,0,0.006204284727573395,8,0.9641332469094337
76561198206683139,0,0.06257351487874985,8,0.9641332469094337
76561198945199315,0,0.0047719767317175865,8,0.9641332469094337
76561198064399846,0,0.013916407711803913,8,0.9641332469094337
76561197985114359,0,0.048538707196712494,8,0.9641332469094337
76561198010140058,0,0.004700801335275173,8,0.9641332469094337
76561198116772991,1,0.9934125542640686,8,0.9641332469094337
76561198861872216,0,0.00477882893756032,8,0.9641332469094337
76561199069330045,0,0.018210066482424736,8,0.9641332469094337
76561199809293913,0,0.005605683661997318,8,0.9641332469094337
76561198834241612,0,0.9906402826309204,8,0.9641332469094337
76561199101527274,0,0.005066364072263241,8,0.9641332469094337
76561199496647625,0,0.0057881902903318405,8,0.9641332469094337
76561198886816695,0,0.004695253912359476,8,0.9641332469094337
76561199230776215,0,0.0053827883675694466,8,0.9641332469094337
76561199072189278,0,0.004806884564459324,8,0.9641332469094337
76561198284979868,0,0.0063254861161112785,8,0.9641332469094337
76561199034105648,0,0.005172101315110922,8,0.9641332469094337
76561198885528328,0,0.014793661423027515,8,0.9641332469094337
76561199103217913,0,0.00555346580222249,8,0.9641332469094337
76561199386573849,0,0.00870636198669672,8,0.9641332469094337
76561198043359416,0,0.004702257923781872,8,0.9641332469094337
76561198356827180,0,0.0042698560282588005,8,0.9641332469094337
76561199288608817,0,0.004582360852509737,8,0.9641332469094337
76561197971110870,0,0.020385267212986946,8,0.9641332469094337
76561198087536260,0,0.004772920627146959,8,0.9641332469094337
76561198056337275,0,0.004870083648711443,8,0.9641332469094337
76561199403378243,0,0.009348454885184765,8,0.9641332469094337
76561198045321639,0,0.004691380076110363,8,0.9641332469094337
76561199257321061,0,0.009603681042790413,8,0.9641332469094337
76561197961156219,0,0.7850199937820435,8,0.9641332469094337
76561198102752479,0,0.004997933749109507,8,0.9641332469094337
76561198966761978,0,0.004902017768472433,8,0.9641332469094337
76561198983201289,0,0.007927142083644867,8,0.9641332469094337
76561198105378782,0,0.031817927956581116,8,0.9641332469094337
76561197965511545,0,0.14443564414978027,8,0.9641332469094337
76561198220302521,0,0.004776541609317064,8,0.9641332469094337
76561198062415383,0,0.004806884564459324,8,0.9641332469094337
76561198165566724,0,0.004544081166386604,8,0.9641332469094337
76561198165853553,0,0.01319974660873413,8,0.9641332469094337
76561198025548067,0,0.004598850850015879,8,0.9641332469094337
76561198047852411,0,0.004897416569292545,8,0.9641332469094337
76561198005983117,0,0.8210826516151428,8,0.9641332469094337
76561199696741901,0,0.08871565759181976,8,0.9641332469094337
76561198103506254,0,0.04379032552242279,8,0.9641332469094337
76561198028645718,0,0.010947654955089092,8,0.9641332469094337
76561199229613303,0,0.005732110235840082,8,0.9641332469094337
76561198056961165,0,0.004723798483610153,8,0.9641332469094337
76561199443699318,0,0.005458733066916466,8,0.9641332469094337
76561199072322201,0,0.00541794765740633,8,0.9641332469094337
76561198187900961,0,0.016425982117652893,8,0.9641332469094337
76561198157993109,0,0.004806884564459324,8,0.9641332469094337
76561199069437962,0,0.10734336078166962,8,0.9641332469094337
76561199250801747,0,0.8464982509613037,8,0.9641332469094337
76561198052369129,0,0.006581631954759359,8,0.9641332469094337
76561198310487719,0,0.0800015926361084,8,0.9641332469094337
76561199002957217,0,0.008646809495985508,8,0.9641332469094337
76561198047657435,0,0.8614403605461121,8,0.9641332469094337
76561199229439479,0,0.01313913892954588,8,0.9641332469094337
76561199090561516,0,0.006776285823434591,8,0.9641332469094337
76561198088097064,0,0.9811754822731018,8,0.9641332469094337
76561198995891434,0,0.004806884564459324,8,0.9641332469094337
76561199522133800,0,0.03583830967545509,8,0.9641332469094337
76561198798819122,0,0.044195711612701416,8,0.9641332469094337
76561198335524318,0,0.004666176624596119,8,0.9641332469094337
76561198867073040,0,0.9622927308082581,8,0.9641332469094337
76561198369728409,0,0.5802651643753052,8,0.9641332469094337
76561198094723399,0,0.4332937002182007,8,0.9641332469094337
76561199159711519,0,0.005630772095173597,8,0.9641332469094337
76561198007905747,0,0.9821672439575195,8,0.9641332469094337
76561199235701836,0,0.004968969151377678,8,0.9641332469094337
76561198061216862,0,0.005145402625203133,8,0.9641332469094337
76561198290215293,0,0.006376702804118395,8,0.9641332469094337
76561198048957083,0,0.004805834963917732,8,0.9641332469094337
76561198312762837,0,0.9667860269546509,8,0.9641332469094337
76561198152895091,0,0.11641325056552887,8,0.9641332469094337
76561198354381061,0,0.039735328406095505,8,0.9641332469094337
76561199183330134,0,0.01001244131475687,8,0.9641332469094337
76561199187819696,0,0.10597497969865799,8,0.9641332469094337
76561198209235749,0,0.004349359776824713,8,0.9641332469094337
76561199109317425,0,0.9854282736778259,8,0.9641332469094337
76561198861207991,0,0.0051355245523154736,8,0.9641332469094337
76561199013056153,0,0.005077083129435778,8,0.9641332469094337
76561198126016824,0,0.005421584937721491,8,0.9641332469094337
76561197975224368,0,0.5441871285438538,8,0.9641332469094337
76561198106455233,0,0.01844402402639389,8,0.9641332469094337
76561198271157335,0,0.009547609835863113,8,0.9641332469094337
76561199086978080,0,0.009934453293681145,8,0.9641332469094337
76561198315662363,1,0.9870355725288391,8,0.9641332469094337
76561198854732337,0,0.004735494963824749,8,0.9641332469094337
76561198034756679,0,0.0069617340341210365,8,0.9641332469094337
76561198372826629,0,0.00968440156430006,8,0.9641332469094337
76561198411244156,0,0.004983106628060341,8,0.9641332469094337
76561198088656203,0,0.048718664795160294,8,0.9641332469094337
76561198166660673,0,0.0045599560253322124,8,0.9641332469094337
76561197971091790,0,0.004451023880392313,8,0.9641332469094337
76561198885500369,0,0.0703936293721199,8,0.9641332469094337
76561198242336344,1,0.979504406452179,8,0.9641332469094337
76561198091281557,0,0.1606055200099945,8,0.9641332469094337
76561198122257470,0,0.007585884537547827,8,0.9641332469094337
76561198428547156,0,0.006571081001311541,8,0.9641332469094337
76561199413525007,1,0.9905450344085693,8,0.9641332469094337
76561198043663004,0,0.006327284500002861,8,0.9641332469094337
76561198354005758,0,0.009639058262109756,8,0.9641332469094337
76561199071287112,0,0.01617717742919922,8,0.9641332469094337
76561198403396669,0,0.004735494963824749,8,0.9641332469094337
76561199041914958,0,0.18757018446922302,8,0.9641332469094337
76561198373768164,0,0.008892024867236614,8,0.9641332469094337
76561199093853074,0,0.0765186995267868,8,0.9641332469094337
76561199008920420,0,0.02343643642961979,8,0.9641332469094337
76561199225981036,0,0.005848962347954512,8,0.9641332469094337
76561198126186541,0,0.004458155017346144,8,0.9641332469094337
76561199025356252,0,0.004645438399165869,8,0.9641332469094337
76561197974773377,0,0.9848030805587769,8,0.9641332469094337
76561198332826584,0,0.005774442572146654,8,0.9641332469094337
76561198063239319,0,0.00500207394361496,8,0.9641332469094337
76561198419867144,0,0.005860669072717428,8,0.9641332469094337
76561198302640790,0,0.013892003335058689,8,0.9641332469094337
76561198854434935,0,0.007788794115185738,8,0.9641332469094337
76561198118201779,0,0.0041687218472361565,8,0.9641332469094337
76561198041999930,0,0.005230491515249014,8,0.9641332469094337
76561198353309391,0,0.004991970956325531,8,0.9641332469094337
76561198107736295,0,0.011115329340100288,8,0.9641332469094337
76561198078986222,0,0.005001753102988005,8,0.9641332469094337
76561199195171521,0,0.004642374347895384,8,0.9641332469094337
76561198940892054,0,0.007359231822192669,8,0.9641332469094337
76561198069092394,0,0.009080802090466022,8,0.9641332469094337
76561198075686267,0,0.0048367418348789215,8,0.9641332469094337
76561197960352968,0,0.005770146381109953,8,0.9641332469094337
76561198048316188,0,0.004572637844830751,8,0.9641332469094337
76561198051728572,1,0.046450573951005936,8,0.9641332469094337
76561197973791939,0,0.0049422443844377995,8,0.9641332469094337
76561199073855554,0,0.005250217858701944,8,0.9641332469094337
76561199027150343,0,0.00414345134049654,8,0.9641332469094337
76561198009871945,1,0.9903796911239624,8,0.9641332469094337
76561199546337362,0,0.008879282511770725,8,0.9641332469094337
76561199198238220,0,0.4335246980190277,8,0.9641332469094337
76561198073728641,0,0.02060530334711075,8,0.9641332469094337
76561199562299646,0,0.004816733300685883,8,0.9641332469094337
76561198372169865,0,0.010988055728375912,8,0.9641332469094337
76561198218935803,0,0.004280433524399996,8,0.9641332469094337
76561198018306317,0,0.0051767402328550816,8,0.9641332469094337
76561198394473084,0,0.007749404292553663,8,0.9641332469094337
76561198883566053,0,0.02132875844836235,8,0.9641332469094337
76561198228812384,0,0.626681387424469,8,0.9641332469094337
76561199048166827,0,0.9788224101066589,8,0.9641332469094337
76561198087410086,0,0.008280141279101372,8,0.9641332469094337
76561198140877327,0,0.729230523109436,8,0.9641332469094337
76561198021744030,0,0.005490130744874477,8,0.9641332469094337
76561198091593027,0,0.08308753371238708,8,0.9641332469094337
76561198968647516,0,0.004243160597980022,8,0.9641332469094337
76561199180004943,0,0.07750257849693298,8,0.9641332469094337
76561198122555189,1,0.9927645325660706,8,0.9641332469094337
76561198801933498,0,0.004661366809159517,8,0.9641332469094337
76561198983773782,0,0.004008130636066198,8,0.9641332469094337
76561197998893118,0,0.008433042094111443,8,0.9641332469094337
76561198997801281,0,0.006152773275971413,8,0.9641332469094337
76561198126909353,0,0.0043021603487432,8,0.9641332469094337
76561198129091060,0,0.005186390597373247,8,0.9641332469094337
76561198121001814,1,0.9919579029083252,8,0.9641332469094337
76561198830932508,0,0.004294157028198242,8,0.9641332469094337
76561199179310414,0,0.01564881019294262,8,0.9641332469094337
76561199247412037,1,0.9886431097984314,8,0.9641332469094337
76561198082922007,1,0.9044113755226135,8,0.9641332469094337
76561199365649476,0,0.8996046185493469,8,0.9641332469094337
76561199045081880,0,0.0042917910031974316,8,0.9641332469094337
76561198067028103,0,0.0042939335107803345,8,0.9641332469094337
76561198034829669,0,0.07498706877231598,8,0.9641332469094337
76561198152484076,0,0.009497727267444134,8,0.9641332469094337
76561199196396530,1,0.9705489873886108,8,0.9641332469094337
76561199491686810,0,0.016273492947220802,8,0.9641332469094337
76561199077871915,0,0.025140009820461273,8,0.9641332469094337
76561198072847151,0,0.3211192786693573,8,0.9641332469094337
76561198011103585,0,0.6603976488113403,8,0.9641332469094337
76561198818910902,0,0.2741033136844635,8,0.9641332469094337
76561198172233859,0,0.004867465700954199,8,0.9641332469094337
76561198100663423,0,0.11568985134363174,8,0.9641332469094337
76561198028390138,0,0.0061843059957027435,8,0.9641332469094337
76561197980168419,0,0.012026948854327202,8,0.9641332469094337
76561197975960667,0,0.004905070178210735,8,0.9641332469094337
76561198125078501,0,0.008708449080586433,8,0.9641332469094337
76561199222570859,0,0.37090393900871277,8,0.9641332469094337
76561198210219315,0,0.004885809496045113,8,0.9641332469094337
76561198881756871,0,0.786853015422821,8,0.9641332469094337
76561197990566691,0,0.004458398558199406,8,0.9641332469094337
76561199004820529,0,0.0050888750702142715,8,0.9641332469094337
76561198220974468,0,0.9280582666397095,8,0.9641332469094337
76561198026633814,0,0.7143562436103821,8,0.9641332469094337
76561198048496566,0,0.27759286761283875,8,0.9641332469094337
76561199063788759,0,0.41005945205688477,8,0.9641332469094337
76561198800242163,0,0.00578352203592658,8,0.9641332469094337
76561199223645756,0,0.006621311418712139,8,0.9641332469094337
76561198418770354,0,0.005809504073113203,8,0.9641332469094337
76561198205151437,0,0.28655868768692017,8,0.9641332469094337
76561198010140596,0,0.005952826701104641,8,0.9641332469094337
76561198975845727,0,0.004583187401294708,8,0.9641332469094337
76561198361563076,0,0.006106660235673189,8,0.9641332469094337
76561199157826644,0,0.00506535405293107,8,0.9641332469094337
76561199180861733,0,0.0045584021136164665,8,0.9641332469094337
76561199447443513,0,0.9645351767539978,8,0.9641332469094337
76561199102611694,0,0.40591803193092346,8,0.9641332469094337
76561198205547092,0,0.005791237577795982,8,0.9641332469094337
76561199261899124,0,0.004830778576433659,8,0.9641332469094337
76561199226586872,0,0.008549393154680729,8,0.9641332469094337
76561198314765678,0,0.01281222514808178,8,0.9641332469094337
76561199120073233,0,0.008388279937207699,8,0.9641332469094337
76561199478647872,0,0.7671341896057129,8,0.9641332469094337
76561198183835011,0,0.010365662164986134,8,0.9641332469094337
76561198035828058,0,0.012268345803022385,8,0.9641332469094337
76561198028086622,0,0.004509441554546356,8,0.9641332469094337
76561197960368612,0,0.01264622900635004,8,0.9641332469094337
76561198076346679,0,0.011699303984642029,8,0.9641332469094337
76561198251322164,0,0.030638985335826874,8,0.9641332469094337
76561198933742354,0,0.006645096465945244,8,0.9641332469094337
76561199121818373,0,0.6752703189849854,8,0.9641332469094337
76561199231668026,0,0.004850489553064108,8,0.9641332469094337
76561198394751903,0,0.5749296545982361,8,0.9641332469094337
76561199352187712,0,0.006850726902484894,8,0.9641332469094337
76561198448206478,0,0.01881536655128002,8,0.9641332469094337
76561198979386067,0,0.00488298898562789,8,0.9641332469094337
76561198178354362,0,0.004425975494086742,8,0.9641332469094337
76561198042312069,0,0.004674837458878756,8,0.9641332469094337
76561198211230913,0,0.008187824860215187,8,0.9641332469094337
76561199191431061,0,0.005719365552067757,8,0.9641332469094337
76561198101624362,0,0.012590723112225533,8,0.9641332469094337
76561198089524965,0,0.008730527944862843,8,0.9641332469094337
76561198349106251,0,0.03678731620311737,8,0.9641332469094337
76561199061714454,0,0.005882072262465954,8,0.9641332469094337
76561198171068563,0,0.004195972811430693,8,0.9641332469094337
76561199308545470,0,0.007864836603403091,8,0.9641332469094337
76561199251435781,0,0.004228347912430763,8,0.9641332469094337
76561197983665071,0,0.004538534674793482,8,0.9641332469094337
76561199086131682,0,0.02312293089926243,8,0.9641332469094337
76561199073585970,0,0.004654475953429937,8,0.9641332469094337
76561199169049352,0,0.004868438467383385,8,0.9641332469094337
76561198336845435,0,0.012847832404077053,8,0.9641332469094337
76561199285940764,0,0.008874228224158287,8,0.9641332469094337
76561199234446675,0,0.01786130852997303,8,0.9641332469094337
76561198061828310,0,0.004935279954224825,8,0.9641332469094337
76561199590058466,0,0.005140206310898066,8,0.9641332469094337
76561198069920189,0,0.004733373876661062,8,0.9641332469094337
76561198433829537,0,0.004248849581927061,8,0.9641332469094337
76561197992622836,0,0.5509174466133118,8,0.9641332469094337
76561198084084161,0,0.0040025110356509686,8,0.9641332469094337
76561198934206455,0,0.06684944778680801,8,0.9641332469094337
76561198007531835,0,0.8287428617477417,8,0.9641332469094337
76561198446713264,0,0.006135111209005117,8,0.9641332469094337
76561199122737402,0,0.24658779799938202,8,0.9641332469094337
76561198129641003,0,0.04933547601103783,8,0.9641332469094337
76561199280133947,0,0.005977039225399494,8,0.9641332469094337
76561198278017910,0,0.009518995881080627,8,0.9641332469094337
76561197986192165,0,0.007142437621951103,8,0.9641332469094337
76561199172489876,0,0.0061296154744923115,8,0.9641332469094337
76561198074580843,0,0.012183976359665394,8,0.9641332469094337
76561199047828065,0,0.0047986432909965515,8,0.9641332469094337
76561197981683046,0,0.46541261672973633,8,0.9641332469094337
76561198200672581,0,0.0059446971863508224,8,0.9641332469094337
76561199180954981,0,0.012754565104842186,8,0.9641332469094337
76561198076635896,0,0.005104966927319765,8,0.9641332469094337
76561198038161562,0,0.005221829283982515,8,0.9641332469094337
76561198032389778,0,0.7907941341400146,8,0.9641332469094337
76561198098798021,0,0.028309760615229607,8,0.9641332469094337
76561198438869912,0,0.9882126450538635,8,0.9641332469094337
76561198025124051,1,0.9846582412719727,8,0.9641332469094337
76561198039693786,0,0.00430454732850194,8,0.9641332469094337
76561198006666335,0,0.45677247643470764,8,0.9641332469094337
76561198019657415,0,0.922629177570343,8,0.9641332469094337
76561198802073170,0,0.00732213631272316,8,0.9641332469094337
76561199562967245,0,0.004925052169710398,8,0.9641332469094337
76561198854428010,0,0.13040560483932495,8,0.9641332469094337
76561198082196244,0,0.041727229952812195,8,0.9641332469094337
76561198006567252,0,0.9832285642623901,8,0.9641332469094337
76561198089787536,0,0.31404203176498413,8,0.9641332469094337
76561198042251680,0,0.0916454941034317,8,0.9641332469094337
76561198356761269,0,0.038225580006837845,8,0.9641332469094337
76561198996641776,0,0.009082706645131111,8,0.9641332469094337
76561199145714327,0,0.11060397326946259,8,0.9641332469094337
76561198294114403,0,0.004752849228680134,8,0.9641332469094337
76561198398365926,0,0.44792526960372925,8,0.9641332469094337
76561199122246095,1,0.5590319633483887,8,0.9641332469094337
76561198028718318,0,0.005716136656701565,8,0.9641332469094337
76561198249877120,0,0.006507481448352337,8,0.9641332469094337
76561198018471534,0,0.004551907069981098,8,0.9641332469094337
76561199174317147,0,0.004591287113726139,8,0.9641332469094337
76561198050566740,0,0.005000177770853043,8,0.9641332469094337
76561198143780006,1,0.8632878065109253,8,0.9641332469094337
76561198999387794,0,0.006724441424012184,8,0.9641332469094337
76561198043313375,0,0.004414775874465704,8,0.9641332469094337
76561198423638247,0,0.6393688321113586,8,0.9641332469094337
76561198910043709,0,0.08319412916898727,8,0.9641332469094337
76561198812476366,0,0.017385875806212425,8,0.9641332469094337
76561197991883269,0,0.004404139705002308,8,0.9641332469094337
76561199176876214,0,0.9760847687721252,8,0.9641332469094337
76561198069788325,0,0.008813492022454739,8,0.9641332469094337
76561199239539050,0,0.005099890753626823,8,0.9641332469094337
76561198415727427,0,0.006776285823434591,8,0.9641332469094337
76561199385582692,0,0.03228529170155525,8,0.9641332469094337
76561198884945906,0,0.005524374544620514,8,0.9641332469094337
76561198170153074,0,0.005819865968078375,8,0.9641332469094337
76561199469469680,0,0.01088557206094265,8,0.9641332469094337
76561199498915825,0,0.004426414612680674,8,0.9641332469094337
76561198964908343,0,0.004400862846523523,8,0.9641332469094337
76561198107369776,0,0.004709087312221527,8,0.9641332469094337
76561199127361613,0,0.022726016119122505,8,0.9641332469094337
76561199117732576,0,0.004718373995274305,8,0.9641332469094337
76561199239298538,0,0.004077260848134756,8,0.9641332469094337
76561198121908764,0,0.0049642520025372505,8,0.9641332469094337
76561199404526636,0,0.004806884564459324,8,0.9641332469094337
76561198972092279,0,0.00445235799998045,8,0.9641332469094337
76561199106557890,0,0.0045204125344753265,8,0.9641332469094337
76561198436970186,0,0.0049756551161408424,8,0.9641332469094337
76561198102733114,0,0.048699263483285904,8,0.9641332469094337
76561199206379530,0,0.009806325659155846,8,0.9641332469094337
76561199470376956,0,0.00444688880816102,8,0.9641332469094337
76561199552483333,0,0.005534757860004902,8,0.9641332469094337
76561198038537701,0,0.008894311264157295,8,0.9641332469094337
76561198176441517,0,0.009864375926554203,8,0.9641332469094337
76561197980250685,0,0.0070049334317445755,8,0.9641332469094337
76561198041848778,0,0.00406287657096982,8,0.9641332469094337
76561197976372435,0,0.014031358063220978,8,0.9641332469094337
76561198272564422,0,0.010732275433838367,8,0.9641332469094337
76561199035830798,0,0.00421193428337574,8,0.9641332469094337
76561198056030337,0,0.008736579678952694,8,0.9641332469094337
76561198016483781,0,0.004425765480846167,8,0.9641332469094337
76561198035510284,0,0.004137383308261633,8,0.9641332469094337
76561198862209499,0,0.004173522349447012,8,0.9641332469094337
76561198070910457,0,0.01743188127875328,8,0.9641332469094337
76561198322683363,0,0.04314807429909706,8,0.9641332469094337
76561198346406264,0,0.005074862856417894,8,0.9641332469094337
76561199741495597,0,0.004735494963824749,8,0.9641332469094337
76561199089786426,0,0.004547766875475645,8,0.9641332469094337
76561198244553008,0,0.008516809903085232,8,0.9641332469094337
76561197995850493,0,0.2703419327735901,8,0.9641332469094337
76561199390698712,0,0.01712830550968647,8,0.9641332469094337
76561198117722978,0,0.184885174036026,8,0.9641332469094337
76561198830836888,0,0.004457306582480669,8,0.9641332469094337
76561198097389002,0,0.005162619985640049,8,0.9641332469094337
76561199296389197,0,0.028586436063051224,8,0.9641332469094337
76561199235587730,0,0.005079889670014381,8,0.9641332469094337
76561198008098958,0,0.005276997108012438,8,0.9641332469094337
76561199483767334,0,0.0059028309769928455,8,0.9641332469094337
76561197970710083,0,0.010035489685833454,8,0.9641332469094337
76561198273951494,0,0.0044731381349265575,8,0.9641332469094337
76561198008418906,0,0.499142050743103,8,0.9641332469094337
76561198092364739,0,0.00561622716486454,8,0.9641332469094337
76561197988810433,0,0.0797945037484169,8,0.9641332469094337
76561198038661364,0,0.8653230667114258,8,0.9641332469094337
76561198108760347,0,0.0073964158073067665,8,0.9641332469094337
76561198438945785,0,0.006530336569994688,8,0.9641332469094337
76561198892523047,0,0.004409462213516235,8,0.9641332469094337
76561198311431766,0,0.050145477056503296,8,0.9641332469094337
76561199154694012,0,0.0039514112286269665,8,0.9641332469094337
76561198117720291,0,0.004567689727991819,8,0.9641332469094337
76561198424379868,0,0.008151015266776085,8,0.9641332469094337
76561198141019123,0,0.023244641721248627,8,0.9641332469094337
76561198228977568,0,0.0075124152936041355,8,0.9641332469094337
76561199230759999,0,0.015641234815120697,8,0.9641332469094337
76561198043671518,0,0.2836660146713257,8,0.9641332469094337
76561199047643251,0,0.004802231676876545,8,0.9641332469094337
76561199203421848,0,0.004313422366976738,8,0.9641332469094337
76561198212503340,0,0.004318635445088148,8,0.9641332469094337
76561198011130863,0,0.0050306497141718864,8,0.9641332469094337
76561198996268199,0,0.004297596402466297,8,0.9641332469094337
76561199182507696,0,0.00572620052844286,8,0.9641332469094337
76561198308165582,0,0.0054001701064407825,8,0.9641332469094337
76561198064657145,0,0.028565745800733566,8,0.9641332469094337
76561198118088190,0,0.8331507444381714,8,0.9641332469094337
76561198086764470,0,0.005225928034633398,8,0.9641332469094337
76561198383636138,0,0.006798638962209225,8,0.9641332469094337
76561199013070547,0,0.005161880049854517,8,0.9641332469094337
76561198822082144,0,0.004190043546259403,8,0.9641332469094337
76561198832814681,0,0.004311989061534405,8,0.9641332469094337
76561198053846608,0,0.005472906865179539,8,0.9641332469094337
76561198041968563,0,0.0043698628433048725,8,0.9641332469094337
76561198103934867,0,0.14903728663921356,8,0.9641332469094337
76561199152819014,0,0.008736579678952694,8,0.9641332469094337
76561198408354713,0,0.026395075023174286,8,0.9641332469094337
76561198064980239,0,0.04558270797133446,8,0.9641332469094337
76561199121856007,0,0.015950042754411697,8,0.9641332469094337
76561198144982232,0,0.004080499522387981,8,0.9641332469094337
76561198406509745,0,0.9903011322021484,8,0.9641332469094337
76561199001374604,0,0.006897462997585535,8,0.9641332469094337
76561198039274143,0,0.004474918358027935,8,0.9641332469094337
76561198160222920,0,0.029045620933175087,8,0.9641332469094337
76561199047923347,0,0.00990674551576376,8,0.9641332469094337
76561198015665782,0,0.004904456436634064,8,0.9641332469094337
76561199015336402,0,0.13816408812999725,8,0.9641332469094337
76561199403781162,0,0.0041002193465828896,8,0.9641332469094337
76561199232107972,0,0.0063521298579871655,8,0.9641332469094337
76561199122022267,0,0.004689356777817011,8,0.9641332469094337
76561197976231099,0,0.005375685635954142,8,0.9641332469094337
76561198979007675,0,0.007835247553884983,8,0.9641332469094337
76561198011596004,0,0.01285522524267435,8,0.9641332469094337
76561198086584955,0,0.004735494963824749,8,0.9641332469094337
76561198103641725,0,0.0056805177591741085,8,0.9641332469094337
76561198077359073,0,0.044268298894166946,8,0.9641332469094337
76561198307521296,0,0.0047637782990932465,8,0.9641332469094337
76561198086711018,0,0.004389758221805096,8,0.9641332469094337
76561199205121311,0,0.004301981069147587,8,0.9641332469094337
76561199030247822,0,0.007672962266951799,8,0.9641332469094337
76561198127566590,0,0.005812142509967089,8,0.9641332469094337
76561199214793511,0,0.008331790566444397,8,0.9641332469094337
76561198883859743,1,0.9796109199523926,8,0.9641332469094337
76561199058867293,0,0.004811070393770933,8,0.9641332469094337
76561198961574868,0,0.004141820129007101,8,0.9641332469094337
76561198124431534,0,0.004489488899707794,8,0.9641332469094337
76561198314605444,0,0.00530207110568881,8,0.9641332469094337
76561198076221604,0,0.004414836876094341,8,0.9641332469094337
76561198030113401,0,0.005936925299465656,8,0.9641332469094337
76561198098650495,0,0.004939412698149681,8,0.9641332469094337
76561199087510833,0,0.020338933914899826,8,0.9641332469094337
76561199179462811,0,0.005444033537060022,8,0.9641332469094337
76561198882220387,0,0.8536828756332397,8,0.9641332469094337
76561198118028682,0,0.006186832673847675,8,0.9641332469094337
76561199207106758,0,0.03469027951359749,8,0.9641332469094337
76561199371407514,0,0.005416347179561853,8,0.9641332469094337
76561198025694037,0,0.006477323826402426,8,0.9641332469094337
76561198026383818,0,0.012935868464410305,8,0.9641332469094337
76561198384646673,0,0.37507161498069763,8,0.9641332469094337
76561199078282389,0,0.011036348529160023,8,0.9641332469094337
76561198097449628,0,0.005156857892870903,8,0.9641332469094337
76561198043793683,0,0.004235571715980768,8,0.9641332469094337
76561199120974447,0,0.0047811223194003105,8,0.9641332469094337
76561198275463598,0,0.004735494963824749,8,0.9641332469094337
76561198019189209,0,0.004375464282929897,8,0.9641332469094337
76561199006382656,0,0.0043725562281906605,8,0.9641332469094337
76561198131302282,0,0.004806884564459324,8,0.9641332469094337
76561199268552516,0,0.9783212542533875,8,0.9641332469094337
76561198817941690,0,0.9791505336761475,8,0.9641332469094337
76561198050833345,0,0.017097115516662598,8,0.9641332469094337
76561198027875478,0,0.023669974878430367,8,0.9641332469094337
76561198018432737,0,0.004051567055284977,8,0.9641332469094337
76561198201209274,0,0.01740405149757862,8,0.9641332469094337
76561198044524496,0,0.004997454583644867,8,0.9641332469094337
76561199438633791,0,0.005008787382394075,8,0.9641332469094337
76561199133795376,0,0.005427442491054535,8,0.9641332469094337
76561198933636273,0,0.0038089880254119635,8,0.9641332469094337
76561198965543764,0,0.19925151765346527,8,0.9641332469094337
76561197977001596,0,0.006089629139751196,8,0.9641332469094337
76561198448316343,0,0.8939448595046997,8,0.9641332469094337
76561197990544608,0,0.004211722407490015,8,0.9641332469094337
76561199522080758,0,0.07444857805967331,8,0.9641332469094337
76561198109640893,0,0.07176421582698822,8,0.9641332469094337
76561199117095021,0,0.012310848571360111,8,0.9641332469094337
76561197993003358,0,0.005926909856498241,8,0.9641332469094337
76561199158405019,0,0.42482492327690125,8,0.9641332469094337
76561198077423040,0,0.0049555180594325066,8,0.9641332469094337
76561198252371806,0,0.004867967218160629,8,0.9641332469094337
76561198186416850,1,0.9830940961837769,8,0.9641332469094337
76561199080708990,0,0.00462005939334631,8,0.9641332469094337
76561199074541721,0,0.005704181268811226,8,0.9641332469094337
76561199082530889,1,0.9887845516204834,8,0.9641332469094337
76561198271786365,1,0.9847807884216309,8,0.9641332469094337
76561199649747978,0,0.006388726178556681,8,0.9641332469094337
76561199037032497,0,0.04228668659925461,8,0.9641332469094337
76561199007478387,0,0.009005270898342133,8,0.9641332469094337
76561198127352184,0,0.00466575101017952,8,0.9641332469094337
76561198297511070,0,0.1924605369567871,8,0.9641332469094337
76561198103676833,0,0.898572564125061,8,0.9641332469094337
76561198439931220,0,0.00824179407209158,8,0.9641332469094337
76561198361230337,0,0.0056931632570922375,8,0.9641332469094337
76561199142184053,0,0.009538765996694565,8,0.9641332469094337
76561199051970258,0,0.004667995031923056,8,0.9641332469094337
76561199135304802,0,0.9100453853607178,8,0.9641332469094337
76561198807425285,0,0.0064163608476519585,8,0.9641332469094337
76561199156804988,0,0.9849634766578674,8,0.9641332469094337
76561198993358073,0,0.006221534684300423,8,0.9641332469094337
76561199084107791,0,0.20549310743808746,8,0.9641332469094337
76561198071725469,0,0.021104242652654648,8,0.9641332469094337
76561199222902268,1,0.9824641346931458,8,0.9641332469094337
76561198405765942,0,0.007045300677418709,8,0.9641332469094337
76561198125902249,0,0.004454275127500296,8,0.9641332469094337
76561198186419099,0,0.0061296154744923115,8,0.9641332469094337
76561198034454563,0,0.34237396717071533,8,0.9641332469094337
76561198035296553,0,0.011596509255468845,8,0.9641332469094337
76561198841064343,0,0.0040025110356509686,8,0.9641332469094337
76561197986732435,0,0.006158770993351936,8,0.9641332469094337
76561198126269783,0,0.008702791295945644,8,0.9641332469094337
76561198133843674,0,0.004733225330710411,8,0.9641332469094337
76561199412985444,0,0.005842339247465134,8,0.9641332469094337
76561198206406749,0,0.00466404901817441,8,0.9641332469094337
76561198106214157,0,0.021956434473395348,8,0.9641332469094337
76561198912362168,0,0.004395033232867718,8,0.9641332469094337
76561199548912361,0,0.005188149865716696,8,0.9641332469094337
76561198406212339,0,0.005219422746449709,8,0.9641332469094337
76561198018352724,0,0.21809275448322296,8,0.9641332469094337
76561199588856487,0,0.006776285823434591,8,0.9641332469094337
76561198149138307,0,0.004206809680908918,8,0.9641332469094337
76561198303524496,0,0.01068530697375536,8,0.9641332469094337
76561198236087990,0,0.7808680534362793,8,0.9641332469094337
76561198314905260,0,0.004070682916790247,8,0.9641332469094337
76561198810768070,0,0.004735494963824749,8,0.9641332469094337
76561199210755475,0,0.004591287113726139,8,0.9641332469094337
76561198796419280,0,0.01492683682590723,8,0.9641332469094337
76561198006639361,0,0.01065910141915083,8,0.9641332469094337
76561199219560793,0,0.005192308221012354,8,0.9641332469094337
76561198031382881,0,0.004461009055376053,8,0.9641332469094337
76561198095015020,0,0.004591287113726139,8,0.9641332469094337
76561199121814241,0,0.005396496504545212,8,0.9641332469094337
76561198121171583,0,0.010519185103476048,8,0.9641332469094337
76561199135268819,0,0.004806884564459324,8,0.9641332469094337
76561198299562509,0,0.004692763555794954,8,0.9641332469094337
76561198043171484,0,0.006266095209866762,8,0.9641332469094337
76561199671558188,0,0.018850045278668404,8,0.9641332469094337
76561198156421539,0,0.02579786255955696,8,0.9641332469094337
76561197980244523,0,0.005340856965631247,8,0.9641332469094337
76561198168577103,0,0.006260536145418882,8,0.9641332469094337
76561198030166058,0,0.011109826155006886,8,0.9641332469094337
76561198107853841,0,0.0055103241465985775,8,0.9641332469094337
76561199065061280,0,0.06600970029830933,8,0.9641332469094337
76561198136423768,0,0.024879993870854378,8,0.9641332469094337
76561198128587958,0,0.9837948083877563,8,0.9641332469094337
76561198200637777,1,0.9883528351783752,8,0.9641332469094337
76561198930801816,0,0.004294157028198242,8,0.9641332469094337
76561197984354247,0,0.005872304551303387,8,0.9641332469094337
76561199133860383,0,0.005624120589345694,8,0.9641332469094337
76561198345295782,1,0.955965518951416,8,0.9641332469094337
76561198353653361,0,0.02842647209763527,8,0.9641332469094337
76561199156997270,0,0.01699349656701088,8,0.9641332469094337
76561198217296704,1,0.9921005368232727,8,0.9641332469094337
76561199098267626,0,0.008625124581158161,8,0.9641332469094337
76561199466744430,0,0.0066332281567156315,8,0.9641332469094337
76561198175669443,0,0.004733225330710411,8,0.9641332469094337
76561199094338123,0,0.024933956563472748,8,0.9641332469094337
76561198072890719,0,0.014499593526124954,8,0.9641332469094337
76561199521748552,0,0.009533402509987354,8,0.9641332469094337
76561198043140209,0,0.007892679423093796,8,0.9641332469094337
76561198157741231,0,0.5958635807037354,8,0.9641332469094337
76561198050712378,0,0.1049746498465538,8,0.9641332469094337
76561199256957922,1,0.9591602087020874,8,0.9641332469094337
76561198368716452,0,0.44265326857566833,8,0.9641332469094337
76561198172237231,0,0.01847250759601593,8,0.9641332469094337
76561197966423083,1,0.9535604119300842,8,0.9641332469094337
76561199186198772,1,0.9873502850532532,8,0.9641332469094337
76561198057136814,1,0.9723436236381531,8,0.9641332469094337
76561199111891459,0,0.00454706558957696,8,0.9641332469094337
76561198049593300,0,0.07673864811658859,8,0.9641332469094337
76561199119172425,0,0.07030223309993744,8,0.9641332469094337
76561199062398327,0,0.004736276809126139,8,0.9641332469094337
76561198967627104,0,0.041716739535331726,8,0.9641332469094337
76561198872632806,0,0.004774714820086956,8,0.9641332469094337
76561198813271546,0,0.032704226672649384,8,0.9641332469094337
76561199115189371,0,0.006853530183434486,8,0.9641332469094337
76561199734191980,0,0.004701368510723114,8,0.9641332469094337
76561198120337148,0,0.02658713422715664,8,0.9641332469094337
76561199228899626,0,0.006776285823434591,8,0.9641332469094337
76561198162674408,0,0.007560431491583586,8,0.9641332469094337
76561198344528665,0,0.11344921588897705,8,0.9641332469094337
76561198246210066,0,0.006474236957728863,8,0.9641332469094337
76561198014119222,0,0.004631386138498783,8,0.9641332469094337
76561197960554274,0,0.8792620301246643,8,0.9641332469094337
76561198023338711,0,0.006064614746719599,8,0.9641332469094337
76561198018452525,0,0.004496445879340172,8,0.9641332469094337
76561198404003281,0,0.004531975835561752,8,0.9641332469094337
76561198120289168,0,0.005650555249303579,8,0.9641332469094337
76561198087565952,0,0.01784411631524563,8,0.9641332469094337
76561198138375795,0,0.004844614304602146,8,0.9641332469094337
76561198282187668,0,0.004104715771973133,8,0.9641332469094337
76561198253921197,0,0.004535907879471779,8,0.9641332469094337
76561197993522900,0,0.9745872616767883,8,0.9641332469094337
76561198989804145,0,0.004372978582978249,8,0.9641332469094337
76561199108428190,0,0.004519824404269457,8,0.9641332469094337
76561199078817996,0,0.004806884564459324,8,0.9641332469094337
76561198106016168,0,0.35137346386909485,8,0.9641332469094337
76561198303970984,0,0.004654287826269865,8,0.9641332469094337
76561199143214818,0,0.10037467628717422,8,0.9641332469094337
76561198198444328,0,0.005258442368358374,8,0.9641332469094337
76561198016500773,0,0.10373523086309433,8,0.9641332469094337
76561199387914203,0,0.01116158813238144,8,0.9641332469094337
76561198327138715,1,0.3314814269542694,8,0.9641332469094337
76561199013020892,0,0.2170151323080063,8,0.9641332469094337
76561199467782752,0,0.01998051069676876,8,0.9641332469094337
76561199006457615,0,0.004876970779150724,8,0.9641332469094337
76561198364329419,0,0.0057781534269452095,8,0.9641332469094337
76561198272280269,0,0.01663718931376934,8,0.9641332469094337
76561198105109644,0,0.018115796148777008,8,0.9641332469094337
76561198346881427,0,0.004806884564459324,8,0.9641332469094337
76561198087740980,0,0.004866842180490494,8,0.9641332469094337
76561198987457206,1,0.9860199093818665,8,0.9641332469094337
76561199475086190,0,0.00481754494830966,8,0.9641332469094337
76561199228597761,0,0.014389077201485634,8,0.9641332469094337
76561199040981758,0,0.005563529673963785,8,0.9641332469094337
76561199087529344,0,0.0053978716023266315,8,0.9641332469094337
76561198049039662,0,0.005565930157899857,8,0.9641332469094337
76561199092155244,0,0.01612885296344757,8,0.9641332469094337
76561198367162946,0,0.005126704927533865,8,0.9641332469094337
76561199436461285,0,0.007597088348120451,8,0.9641332469094337
76561197961403538,0,0.005434128921478987,8,0.9641332469094337
76561198882559918,0,0.00505499541759491,8,0.9641332469094337
76561199465367590,0,0.004247788805514574,8,0.9641332469094337
76561198069330967,0,0.00608412129804492,8,0.9641332469094337
76561199228402792,0,0.01065910141915083,8,0.9641332469094337
76561198048514800,0,0.004717117641121149,8,0.9641332469094337
76561198138927592,0,0.004438490606844425,8,0.9641332469094337
76561199453141104,0,0.0060461838729679585,8,0.9641332469094337
76561198297879806,0,0.01065910141915083,8,0.9641332469094337
76561199219230189,0,0.006064200308173895,8,0.9641332469094337
76561199536696542,0,0.02438863180577755,8,0.9641332469094337
76561198834489980,0,0.007760797627270222,8,0.9641332469094337
76561199272692639,0,0.00421193428337574,8,0.9641332469094337
76561198998235527,0,0.0049589406698942184,8,0.9641332469094337
76561199080083260,0,0.004756021313369274,8,0.9641332469094337
76561199023508856,0,0.004918733146041632,8,0.9641332469094337
76561199625969144,0,0.009314768016338348,8,0.9641332469094337
76561198880163909,0,0.0107608363032341,8,0.9641332469094337
76561198868573950,0,0.011940659023821354,8,0.9641332469094337
76561199591321735,0,0.07258212566375732,8,0.9641332469094337
76561199071696247,0,0.004591287113726139,8,0.9641332469094337
76561199038195336,0,0.004696965683251619,8,0.9641332469094337
76561198147353192,0,0.0246400348842144,8,0.9641332469094337
76561198170791690,0,0.004735494963824749,8,0.9641332469094337
76561199030845483,0,0.32260769605636597,8,0.9641332469094337
76561199085889061,0,0.005579809192568064,8,0.9641332469094337
76561198245889546,0,0.0041017658077180386,8,0.9641332469094337
76561199077314617,0,0.010656602680683136,8,0.9641332469094337
76561198453615208,0,0.02939753793179989,8,0.9641332469094337
76561199127181514,0,0.15894056856632233,8,0.9641332469094337
76561198067044178,0,0.15790584683418274,8,0.9641332469094337
76561199120108330,0,0.05021146312355995,8,0.9641332469094337
76561199696861198,0,0.004689688794314861,8,0.9641332469094337
76561199402509185,0,0.12438555806875229,8,0.9641332469094337
76561199008899457,0,0.9593432545661926,8,0.9641332469094337
76561199337284480,0,0.004806884564459324,8,0.9641332469094337
76561198256676793,1,0.039615385234355927,8,0.9641332469094337
76561198829152292,0,0.016797738149762154,8,0.9641332469094337
76561198039273919,0,0.005213320255279541,8,0.9641332469094337
76561199017522498,0,0.6375008225440979,8,0.9641332469094337
76561198141833916,0,0.017637837678194046,8,0.9641332469094337
76561198367283500,0,0.9702028632164001,8,0.9641332469094337
76561199515035960,0,0.9849655628204346,8,0.9641332469094337
76561198227241648,0,0.011967839673161507,8,0.9641332469094337
76561199671149998,0,0.005367574281990528,8,0.9641332469094337
76561198033645462,0,0.10463323444128036,8,0.9641332469094337
76561198102082035,0,0.00460881507024169,8,0.9641332469094337
76561198142798963,0,0.15455299615859985,8,0.9641332469094337
76561199104792703,0,0.004802233539521694,8,0.9641332469094337
76561199115552241,0,0.06987961381673813,8,0.9641332469094337
76561198054270900,0,0.9803193211555481,8,0.9641332469094337
76561198053954613,0,0.005478463601320982,8,0.9641332469094337
76561199116705439,0,0.005746523849666119,8,0.9641332469094337
76561198139211443,0,0.08206802606582642,8,0.9641332469094337
76561198222032736,0,0.00651758536696434,8,0.9641332469094337
76561197978997945,0,0.25136101245880127,8,0.9641332469094337
76561198012897394,0,0.24433083832263947,8,0.9641332469094337
76561199239353429,0,0.01613512821495533,8,0.9641332469094337
76561198182181083,0,0.008437497541308403,8,0.9641332469094337
76561198212317697,1,0.9886971712112427,8,0.9641332469094337
76561198075789880,0,0.006081988103687763,8,0.9641332469094337
76561199545342811,0,0.0042939335107803345,8,0.9641332469094337
76561198999897462,0,0.004146115854382515,8,0.9641332469094337
76561198418897788,0,0.0052053979597985744,8,0.9641332469094337
76561198328457108,0,0.005814360920339823,8,0.9641332469094337
76561198992076703,0,0.016501890495419502,8,0.9641332469094337
76561198021566776,0,0.00582632003352046,8,0.9641332469094337
76561199198560363,0,0.01743188127875328,8,0.9641332469094337
76561199577092098,0,0.004104715771973133,8,0.9641332469094337
76561199655620298,0,0.5898957848548889,8,0.9641332469094337
76561197971459271,1,0.10411912202835083,8,0.9641332469094337
76561199413699979,0,0.009281017817556858,8,0.9641332469094337
76561199104395934,0,0.004816733300685883,8,0.9641332469094337
76561199073329971,0,0.009343033656477928,8,0.9641332469094337
76561198107222584,0,0.15121327340602875,8,0.9641332469094337
76561198844636066,0,0.8156281113624573,8,0.9641332469094337
76561199044949185,0,0.0061296154744923115,8,0.9641332469094337
76561198440675129,0,0.013779979199171066,8,0.9641332469094337
76561199082845068,0,0.007242853753268719,8,0.9641332469094337
76561198090847050,0,0.010471072047948837,8,0.9641332469094337
76561199133836709,0,0.004748373758047819,8,0.9641332469094337
76561198044697522,1,0.6879758834838867,8,0.9641332469094337
76561198353515670,0,0.00522723188623786,8,0.9641332469094337
76561197975436638,0,0.5761460661888123,8,0.9641332469094337
76561198992339234,0,0.00433244789019227,8,0.9641332469094337
76561199033196282,0,0.004194722045212984,8,0.9641332469094337
76561199106609986,0,0.005416347179561853,8,0.9641332469094337
76561198300233456,0,0.005008373409509659,8,0.9641332469094337
76561198025110559,1,0.9933776259422302,8,0.9641332469094337
76561198984590582,0,0.005109276622533798,8,0.9641332469094337
76561199233001444,0,0.004076219163835049,8,0.9641332469094337
76561199199346724,0,0.004838746041059494,8,0.9641332469094337
76561198974353795,0,0.007793128956109285,8,0.9641332469094337
76561199083636656,0,0.011574591509997845,8,0.9641332469094337
76561198055473729,0,0.003919780254364014,8,0.9641332469094337
76561198856133808,0,0.008691716007888317,8,0.9641332469094337
76561199043518732,0,0.004806884564459324,8,0.9641332469094337
76561198119585363,0,0.07137100398540497,8,0.9641332469094337
76561198196120799,0,0.007216992788016796,8,0.9641332469094337
76561198820477941,0,0.004735494963824749,8,0.9641332469094337
76561198128155406,0,0.004253655672073364,8,0.9641332469094337
76561199061490753,0,0.004712101072072983,8,0.9641332469094337
76561197984963950,0,0.0041429451666772366,8,0.9641332469094337
76561198844172314,0,0.006238486152142286,8,0.9641332469094337
76561199297088506,0,0.009178928099572659,8,0.9641332469094337
76561199512201874,0,0.004516437649726868,8,0.9641332469094337
76561198101867107,0,0.004485186189413071,8,0.9641332469094337
76561198063568857,0,0.005956428125500679,8,0.9641332469094337
76561199073545866,0,0.0065406085923314095,8,0.9641332469094337
76561198027327708,0,0.00537634314969182,8,0.9641332469094337
76561198315280250,0,0.005670939572155476,8,0.9641332469094337
76561198125861644,0,0.0054716672748327255,8,0.9641332469094337
76561199275827815,0,0.005370000842958689,8,0.9641332469094337
76561198867637383,0,0.008160790428519249,8,0.9641332469094337
76561198836216605,0,0.11444417387247086,8,0.9641332469094337
76561198337883069,0,0.02898639626801014,8,0.9641332469094337
76561198920977485,0,0.01668330281972885,8,0.9641332469094337
76561198048025119,0,0.005326968152076006,8,0.9641332469094337
76561198150282201,0,0.9387955665588379,8,0.9641332469094337
76561198049207091,0,0.008239476010203362,8,0.9641332469094337
76561199040394582,0,0.05985253304243088,8,0.9641332469094337
76561197999805248,0,0.005236185621470213,8,0.9641332469094337
76561198078819274,0,0.043121207505464554,8,0.9641332469094337
76561199201274404,0,0.05009550228714943,8,0.9641332469094337
76561198058930271,0,0.006715688388794661,8,0.9641332469094337
76561198062709419,0,0.004996046423912048,8,0.9641332469094337
76561198343584779,0,0.006627232301980257,8,0.9641332469094337
76561198076334780,0,0.6998088359832764,8,0.9641332469094337
76561198200309891,0,0.08222177624702454,8,0.9641332469094337
76561199091802279,0,0.0051863365806639194,8,0.9641332469094337
76561197983386004,0,0.18195456266403198,8,0.9641332469094337
76561198997678151,1,0.9735950827598572,8,0.9641332469094337
76561199186066452,0,0.01972038857638836,8,0.9641332469094337
76561198815295788,0,0.005333538167178631,8,0.9641332469094337
76561198207578563,0,0.0044570500031113625,8,0.9641332469094337
76561197981765583,0,0.047834452241659164,8,0.9641332469094337
76561199282093512,0,0.008719682693481445,8,0.9641332469094337
76561199556852632,0,0.034278035163879395,8,0.9641332469094337
76561199152697353,0,0.9565420746803284,8,0.9641332469094337
76561199075636606,0,0.14755511283874512,8,0.9641332469094337
76561199184346623,0,0.004243041854351759,8,0.9641332469094337
76561198872823645,0,0.005083419382572174,8,0.9641332469094337
76561199130488042,0,0.004963578190654516,8,0.9641332469094337
76561198284606769,0,0.009312472306191921,8,0.9641332469094337
76561198059983902,0,0.012363342568278313,8,0.9641332469094337
76561198875785955,0,0.016411157324910164,8,0.9641332469094337
76561198062748190,0,0.3899063766002655,8,0.9641332469094337
76561199226230034,0,0.014327453449368477,8,0.9641332469094337
76561197970360203,0,0.03647088631987572,8,0.9641332469094337
76561198038833960,0,0.005853891838341951,8,0.9641332469094337
76561198171918683,0,0.01604967750608921,8,0.9641332469094337
76561198361923279,0,0.017497338354587555,8,0.9641332469094337
76561198354061592,0,0.0059018745087087154,8,0.9641332469094337
76561198243347188,0,0.004806884564459324,8,0.9641332469094337
76561198297955575,0,0.03506194427609444,8,0.9641332469094337
76561199085876493,0,0.02078218199312687,8,0.9641332469094337
76561199455511516,0,0.028801534324884415,8,0.9641332469094337
76561199141062004,0,0.040045272558927536,8,0.9641332469094337
76561199195450142,0,0.06663333624601364,8,0.9641332469094337
76561199016946797,0,0.004698035307228565,8,0.9641332469094337
76561198860768975,0,0.004502597730606794,8,0.9641332469094337
76561199578252649,0,0.033223956823349,8,0.9641332469094337
76561198026353431,0,0.004516181070357561,8,0.9641332469094337
76561198069581285,0,0.34795767068862915,8,0.9641332469094337
76561198125020230,0,0.46766361594200134,8,0.9641332469094337
76561198034114920,0,0.004954785108566284,8,0.9641332469094337
76561198850525395,0,0.006094112526625395,8,0.9641332469094337
76561198933182777,0,0.01547288428992033,8,0.9641332469094337
76561198762057403,1,0.9802383184432983,8,0.9641332469094337
76561198164058331,0,0.00462800869718194,8,0.9641332469094337
76561198025400202,0,0.025070510804653168,8,0.9641332469094337
76561197969451987,0,0.00474071130156517,8,0.9641332469094337
76561199192174676,0,0.010486102662980556,8,0.9641332469094337
76561198841855725,0,0.004120738711208105,8,0.9641332469094337
76561198068972730,0,0.004617950413376093,8,0.9641332469094337
76561198368883528,1,0.4865570366382599,8,0.9641332469094337
76561199169791585,0,0.008691716007888317,8,0.9641332469094337
76561199017656209,0,0.009705689735710621,8,0.9641332469094337
76561198855067551,0,0.004064213950186968,8,0.9641332469094337
76561198422373366,0,0.004678057506680489,8,0.9641332469094337
76561199593671562,0,0.01594330556690693,8,0.9641332469094337
76561198152498284,0,0.004826290067285299,8,0.9641332469094337
76561198318121725,0,0.032128434628248215,8,0.9641332469094337
76561198078990884,1,0.25952333211898804,8,0.9641332469094337
76561199000177137,0,0.17760156095027924,8,0.9641332469094337
76561198007309687,0,0.004776444286108017,8,0.9641332469094337
76561198261530677,0,0.008616949431598186,8,0.9641332469094337
76561199483556974,0,0.004146415740251541,8,0.9641332469094337
76561199182351548,0,0.008691716007888317,8,0.9641332469094337
76561199087977825,0,0.004196519497781992,8,0.9641332469094337
76561199105252058,0,0.007527416106313467,8,0.9641332469094337
76561198346177651,0,0.004539291374385357,8,0.9641332469094337
76561198111281933,0,0.21458889544010162,8,0.9641332469094337
76561199222920310,0,0.01851721480488777,8,0.9641332469094337
76561198293771734,0,0.004655368626117706,8,0.9641332469094337
76561199249330915,0,0.004926679190248251,8,0.9641332469094337
76561197976815445,0,0.006303964648395777,8,0.9641332469094337
76561199129692183,0,0.012697809375822544,8,0.9641332469094337
76561199472374835,0,0.9076732397079468,8,0.9641332469094337
76561198349715094,0,0.00581336347386241,8,0.9641332469094337
76561198117362629,0,0.00440411688759923,8,0.9641332469094337
76561198420848743,0,0.01559965219348669,8,0.9641332469094337
76561199059614652,0,0.004885014146566391,8,0.9641332469094337
76561198010122136,1,0.9825881719589233,8,0.9641332469094337
76561198148395750,0,0.007611007429659367,8,0.9641332469094337
76561199221987974,0,0.004670668393373489,8,0.9641332469094337
76561198335769097,0,0.004863464739173651,8,0.9641332469094337
76561199024289586,0,0.00529759656637907,8,0.9641332469094337
76561198196450177,0,0.012644997797906399,8,0.9641332469094337
76561198132956927,0,0.009190067648887634,8,0.9641332469094337
76561198142577897,0,0.0040025110356509686,8,0.9641332469094337
76561198413145662,1,0.9878018498420715,8,0.9641332469094337
76561198372319940,0,0.004806884564459324,8,0.9641332469094337
76561199442754952,0,0.004451480694115162,8,0.9641332469094337
76561197995778589,0,0.005301256198436022,8,0.9641332469094337
76561199621481014,0,0.004819647874683142,8,0.9641332469094337
76561198035238326,0,0.005126320756971836,8,0.9641332469094337
76561198097528192,0,0.05807502195239067,8,0.9641332469094337
76561199133880350,0,0.006647038273513317,8,0.9641332469094337
76561198978947653,0,0.00807273667305708,8,0.9641332469094337
76561198795765135,0,0.004309569485485554,8,0.9641332469094337
76561198063627822,0,0.006652629468590021,8,0.9641332469094337
76561198019046705,0,0.004552179481834173,8,0.9641332469094337
76561198310492562,0,0.00496250856667757,8,0.9641332469094337
76561198080079934,0,0.9861407279968262,8,0.9641332469094337
76561198551452502,0,0.011168559081852436,8,0.9641332469094337
76561198305564355,0,0.005519153084605932,8,0.9641332469094337
76561198795603761,0,0.004005081951618195,8,0.9641332469094337
76561199216969630,0,0.005760440602898598,8,0.9641332469094337
76561199076528375,0,0.02071308344602585,8,0.9641332469094337
76561198958118604,0,0.004601344466209412,8,0.9641332469094337
76561198110705530,0,0.0068059382028877735,8,0.9641332469094337
76561198376469246,0,0.004568643867969513,8,0.9641332469094337
76561198088289399,0,0.004341674968600273,8,0.9641332469094337
76561198058611864,0,0.004121740348637104,8,0.9641332469094337
76561198096473125,0,0.01293686032295227,8,0.9641332469094337
76561198062840262,0,0.007373967207968235,8,0.9641332469094337
76561197986809965,0,0.11271907389163971,8,0.9641332469094337
76561198004034546,0,0.0886329934000969,8,0.9641332469094337
76561199022404066,0,0.24266499280929565,8,0.9641332469094337
76561198120995923,0,0.0049132839776575565,8,0.9641332469094337
76561199267031604,0,0.02936568483710289,8,0.9641332469094337
76561198004315965,0,0.14039522409439087,8,0.9641332469094337
76561198851147145,1,0.9918267726898193,8,0.9641332469094337
76561198994109857,0,0.0058013275265693665,8,0.9641332469094337
76561198149568544,1,0.9899717569351196,8,0.9641332469094337
76561199139283521,1,0.9758555889129639,8,0.9641332469094337
76561198073980862,0,0.004898511804640293,8,0.9641332469094337
76561198988619245,1,0.9900001883506775,8,0.9641332469094337
76561197990085083,0,0.8156039118766785,8,0.9641332469094337
76561198085423701,0,0.005096432287245989,8,0.9641332469094337
76561197998566085,0,0.029404714703559875,8,0.9641332469094337
76561198298661167,1,0.5898958444595337,8,0.9641332469094337
76561199223991140,0,0.005552522838115692,8,0.9641332469094337
76561198072105070,0,0.022077444940805435,8,0.9641332469094337
76561199068780542,0,0.08369916677474976,8,0.9641332469094337
76561198838719721,0,0.4820578694343567,8,0.9641332469094337
76561199021612456,0,0.4490830600261688,8,0.9641332469094337
76561198110394097,0,0.023432686924934387,8,0.9641332469094337
76561198042905542,0,0.04465087875723839,8,0.9641332469094337
76561198189544330,0,0.07737429440021515,8,0.9641332469094337
76561198968905606,0,0.9767018556594849,8,0.9641332469094337
76561198166130001,0,0.004455404356122017,8,0.9641332469094337
76561198075169720,0,0.004625356290489435,8,0.9641332469094337
76561198052515815,0,0.004578101448714733,8,0.9641332469094337
76561198929230215,0,0.007749404292553663,8,0.9641332469094337
76561197969906725,0,0.09689343720674515,8,0.9641332469094337
76561198383673395,0,0.007010587025433779,8,0.9641332469094337
76561199003578933,0,0.004716183990240097,8,0.9641332469094337
76561199021652648,0,0.010769021697342396,8,0.9641332469094337
76561198966698640,0,0.06042015552520752,8,0.9641332469094337
76561197995212171,0,0.004350000061094761,8,0.9641332469094337
76561198273904481,0,0.01699662022292614,8,0.9641332469094337
76561198044688915,0,0.004501535091549158,8,0.9641332469094337
76561198301548101,0,0.006552617531269789,8,0.9641332469094337
76561198313117448,0,0.004228347912430763,8,0.9641332469094337
76561198108251861,0,0.004828988574445248,8,0.9641332469094337
76561198963248633,0,0.009382953867316246,8,0.9641332469094337
76561199439680964,0,0.010832020081579685,8,0.9641332469094337
76561198118618538,0,0.09674627333879471,8,0.9641332469094337
76561198813069296,0,0.004486356861889362,8,0.9641332469094337
76561198027073690,0,0.004733225330710411,8,0.9641332469094337
76561198046549196,0,0.005353950895369053,8,0.9641332469094337
76561198132651932,0,0.027587829157710075,8,0.9641332469094337
76561198811744337,0,0.01262578833848238,8,0.9641332469094337
76561198404361211,0,0.004678903613239527,8,0.9641332469094337
76561199038062745,0,0.015849199146032333,8,0.9641332469094337
76561198137505514,0,0.009180810302495956,8,0.9641332469094337
76561198396264822,0,0.004779851995408535,8,0.9641332469094337
76561199002753525,0,0.004806884564459324,8,0.9641332469094337
76561198282094829,0,0.00474556302651763,8,0.9641332469094337
76561198041208251,0,0.005641341675072908,8,0.9641332469094337
76561199188552522,0,0.08118351548910141,8,0.9641332469094337
76561198163722085,0,0.894798219203949,8,0.9641332469094337
76561198094059459,0,0.004607780370861292,8,0.9641332469094337
76561199440628649,0,0.08631012588739395,8,0.9641332469094337
76561197999970244,0,0.01189616322517395,8,0.9641332469094337
76561198278479126,0,0.021029645577073097,8,0.9641332469094337
76561198400660091,0,0.004498072434216738,8,0.9641332469094337
76561199487392912,1,0.9865900278091431,8,0.9641332469094337
76561197963492878,0,0.005578280426561832,8,0.9641332469094337
76561198065111598,0,0.005880291108042002,8,0.9641332469094337
76561198922685412,0,0.24120843410491943,8,0.9641332469094337
76561199225068776,0,0.005056853871792555,8,0.9641332469094337
76561199030917340,0,0.005402624141424894,8,0.9641332469094337
76561198042441548,0,0.005090898368507624,8,0.9641332469094337
76561198004233016,0,0.004400457255542278,8,0.9641332469094337
76561198057899715,0,0.006769940257072449,8,0.9641332469094337
76561198152484761,0,0.0048184520564973354,8,0.9641332469094337
76561197972627240,0,0.005119748879224062,8,0.9641332469094337
76561199680758946,0,0.005517263431102037,8,0.9641332469094337
76561199798610258,0,0.3019235134124756,8,0.9641332469094337
76561199541768190,0,0.0057719191536307335,8,0.9641332469094337
76561199217655178,0,0.005202253349125385,8,0.9641332469094337
76561198288590910,0,0.004784577060490847,8,0.9641332469094337
76561198011539419,0,0.006399365141987801,8,0.9641332469094337
76561198799332302,0,0.0044762142933905125,8,0.9641332469094337
76561199005965485,0,0.004673674702644348,8,0.9641332469094337
76561197983747903,0,0.005449194461107254,8,0.9641332469094337
76561198061092886,0,0.004750339314341545,8,0.9641332469094337
76561198002215123,0,0.007712065242230892,8,0.9641332469094337
76561198075973583,0,0.004591287113726139,8,0.9641332469094337
76561198131927945,0,0.004887404385954142,8,0.9641332469094337
76561198861784627,0,0.0042318967171013355,8,0.9641332469094337
76561198044229889,0,0.005506881512701511,8,0.9641332469094337
76561199580689875,0,0.004949622321873903,8,0.9641332469094337
76561199816623373,0,0.005863564554601908,8,0.9641332469094337
76561198430660502,0,0.004683368839323521,8,0.9641332469094337
76561198135013604,0,0.004443082492798567,8,0.9641332469094337
76561198920496856,0,0.0045759668573737144,8,0.9641332469094337
76561198797059319,0,0.009120835922658443,8,0.9641332469094337
76561199232452268,0,0.008763511665165424,8,0.9641332469094337
76561199729410553,0,0.8904417753219604,8,0.9641332469094337
76561199006160451,0,0.004806884564459324,8,0.9641332469094337
76561198214184209,0,0.012870604172348976,8,0.9641332469094337
76561198141603030,0,0.25918519496917725,8,0.9641332469094337
76561198830130677,0,0.00660732202231884,8,0.9641332469094337
76561197968571015,0,0.26626837253570557,8,0.9641332469094337
76561198871372169,0,0.004258062690496445,8,0.9641332469094337
76561198801444832,0,0.005680732894688845,8,0.9641332469094337
76561199073060410,0,0.016378432512283325,8,0.9641332469094337
76561199271979514,0,0.006388290785253048,8,0.9641332469094337
76561198130284823,0,0.0060201650485396385,8,0.9641332469094337
76561198016471433,0,0.01105983555316925,8,0.9641332469094337
76561198330230435,0,0.00846031866967678,8,0.9641332469094337
76561199181260496,0,0.12666377425193787,8,0.9641332469094337
76561198141592067,0,0.418133020401001,8,0.9641332469094337
76561199229798784,0,0.007400526199489832,8,0.9641332469094337
76561198979016524,0,0.917554497718811,8,0.9641332469094337
76561198858142394,0,0.004434308502823114,8,0.9641332469094337
76561197970402228,0,0.02487463690340519,8,0.9641332469094337
76561198375238299,0,0.4479714334011078,8,0.9641332469094337
76561199067490026,0,0.004733225330710411,8,0.9641332469094337
76561198026562490,0,0.023472294211387634,8,0.9641332469094337
76561197963166188,0,0.018278129398822784,8,0.9641332469094337
76561198023231651,0,0.36672243475914,8,0.9641332469094337
76561198274301826,0,0.021657215431332588,8,0.9641332469094337
76561198043412788,1,0.926005482673645,8,0.9641332469094337
76561198305673483,0,0.20271766185760498,8,0.9641332469094337
76561198155552736,1,0.9825618267059326,8,0.9641332469094337
76561199435190858,0,0.008691716007888317,8,0.9641332469094337
76561198153185365,0,0.00474846875295043,8,0.9641332469094337
76561199072503394,0,0.004348793998360634,8,0.9641332469094337
76561198003331834,0,0.005133436527103186,8,0.9641332469094337
76561198043225203,0,0.9549351930618286,8,0.9641332469094337
76561199764270202,0,0.006759867072105408,8,0.9641332469094337
76561198926830114,0,0.008415555581450462,8,0.9641332469094337
76561198048820350,0,0.009439865127205849,8,0.9641332469094337
76561199225465753,1,0.9898782968521118,8,0.9641332469094337
76561199258345646,0,0.005173355340957642,8,0.9641332469094337
76561197987969926,0,0.007041359320282936,8,0.9641332469094337
76561198153768801,0,0.09214819967746735,8,0.9641332469094337
76561199069966276,0,0.004978076089173555,8,0.9641332469094337
76561198397534874,1,0.9902316927909851,8,0.9641332469094337
76561199122231274,0,0.13138706982135773,8,0.9641332469094337
76561199052436658,0,0.0049981833435595036,8,0.9641332469094337
76561198144441885,0,0.03976301848888397,8,0.9641332469094337
76561198133981629,0,0.038730259984731674,8,0.9641332469094337
76561199192982161,1,0.9534153938293457,8,0.9641332469094337
76561198007732168,0,0.023909062147140503,8,0.9641332469094337
76561197987387958,0,0.004089143592864275,8,0.9641332469094337
76561199068484693,0,0.004735494963824749,8,0.9641332469094337
76561198268958852,0,0.005355027969926596,8,0.9641332469094337
76561199487591590,0,0.010379836894571781,8,0.9641332469094337
76561198360313121,0,0.004238899331539869,8,0.9641332469094337
76561198078225235,0,0.018193650990724564,8,0.9641332469094337
76561198407705521,0,0.005451919045299292,8,0.9641332469094337
76561198253776796,0,0.007397451903671026,8,0.9641332469094337
76561198326299139,0,0.004104715771973133,8,0.9641332469094337
76561198000185547,0,0.017232872545719147,8,0.9641332469094337
76561198069679775,0,0.004408934153616428,8,0.9641332469094337
76561199032334406,0,0.01718488149344921,8,0.9641332469094337
76561199093001553,0,0.01376094575971365,8,0.9641332469094337
76561198130880749,0,0.004508071579039097,8,0.9641332469094337
76561198103184446,0,0.004517671186476946,8,0.9641332469094337
76561198068912848,0,0.0043843756429851055,8,0.9641332469094337
76561199530993086,0,0.012523721903562546,8,0.9641332469094337
76561199090704242,0,0.005481267813593149,8,0.9641332469094337
76561198205051187,0,0.014106416143476963,8,0.9641332469094337
76561198096301129,0,0.004495083820074797,8,0.9641332469094337
76561198819628589,0,0.004763656295835972,8,0.9641332469094337
76561198439204919,0,0.004530566744506359,8,0.9641332469094337
76561198064772234,0,0.0045106662437319756,8,0.9641332469094337
76561198083296585,0,0.005320294294506311,8,0.9641332469094337
76561198890825187,0,0.005380983464419842,8,0.9641332469094337
76561198073886340,0,0.006234053056687117,8,0.9641332469094337
76561199069966722,0,0.004832720384001732,8,0.9641332469094337
76561198425119474,0,0.004428868182003498,8,0.9641332469094337
76561199117369760,0,0.00960986502468586,8,0.9641332469094337
76561198080400686,0,0.004908295348286629,8,0.9641332469094337
76561197997836483,0,0.0072099859826266766,8,0.9641332469094337
76561198085013295,0,0.0066159190610051155,8,0.9641332469094337
76561199104571511,0,0.004735494963824749,8,0.9641332469094337
76561198244596260,0,0.006006453186273575,8,0.9641332469094337
76561198058849217,0,0.004986677784472704,8,0.9641332469094337
76561199057534288,0,0.004706861916929483,8,0.9641332469094337
76561199502628316,0,0.04124535992741585,8,0.9641332469094337
76561198055738320,0,0.004735494963824749,8,0.9641332469094337
76561198317085410,0,0.004643075168132782,8,0.9641332469094337
76561199140871950,0,0.004397437907755375,8,0.9641332469094337
76561198025822850,1,0.958451509475708,8,0.9641332469094337
76561198079889684,0,0.004610458854585886,8,0.9641332469094337
76561199216450888,0,0.02246917597949505,8,0.9641332469094337
76561198004292866,0,0.09041005373001099,8,0.9641332469094337
76561198083201132,0,0.7443579435348511,8,0.9641332469094337
76561198159016450,0,0.004358028527349234,8,0.9641332469094337
76561198073794415,0,0.005140269640833139,8,0.9641332469094337
76561198070980546,0,0.007250222843140364,8,0.9641332469094337
76561198017409726,0,0.9489551782608032,8,0.9641332469094337
76561198030311074,0,0.5142062306404114,8,0.9641332469094337
76561198084745925,1,0.9934948086738586,8,0.9641332469094337
76561199800910633,0,0.007536665536463261,8,0.9641332469094337
76561198056164629,0,0.06781376153230667,8,0.9641332469094337
76561199431147578,0,0.007246739696711302,8,0.9641332469094337
76561199210184171,0,0.017098968848586082,8,0.9641332469094337
76561198171107071,0,0.3577013313770294,8,0.9641332469094337
76561198007511693,0,0.005274764262139797,8,0.9641332469094337
76561198799421348,0,0.5315229892730713,8,0.9641332469094337
76561198257889183,0,0.3155338168144226,8,0.9641332469094337
76561198354429886,0,0.005481405649334192,8,0.9641332469094337
76561198238685050,0,0.004666181281208992,8,0.9641332469094337
76561198043637482,0,0.006675261538475752,8,0.9641332469094337
76561198269066884,0,0.9595475196838379,8,0.9641332469094337
76561199375985442,0,0.005203472916036844,8,0.9641332469094337
76561198049005737,0,0.9746620059013367,8,0.9641332469094337
76561197997524746,0,0.2188398540019989,8,0.9641332469094337
76561199135721143,0,0.0861482247710228,8,0.9641332469094337
76561199217374366,0,0.004934296943247318,8,0.9641332469094337
76561198892408188,0,0.28950071334838867,8,0.9641332469094337
76561199468108797,0,0.005563803017139435,8,0.9641332469094337
76561199099429160,0,0.03968384116888046,8,0.9641332469094337
76561199101422826,0,0.0050487760454416275,8,0.9641332469094337
76561198200819714,0,0.009662817232310772,8,0.9641332469094337
76561198270985041,0,0.0055196029134094715,8,0.9641332469094337
76561198042427156,0,0.004581613000482321,8,0.9641332469094337
76561197971446406,0,0.005205788183957338,8,0.9641332469094337
76561198006481005,0,0.005588716361671686,8,0.9641332469094337
76561198253762684,0,0.006444471422582865,8,0.9641332469094337
76561199071673348,0,0.5582118630409241,8,0.9641332469094337
76561198343348724,0,0.009343033656477928,8,0.9641332469094337
76561198026709378,0,0.007029167842119932,8,0.9641332469094337
76561198093876740,0,0.008434836752712727,8,0.9641332469094337
76561198061403061,0,0.006717300973832607,8,0.9641332469094337
76561198070539584,0,0.010348252952098846,8,0.9641332469094337
76561198044819589,0,0.09189387410879135,8,0.9641332469094337
76561198294414955,0,0.004415847361087799,8,0.9641332469094337
76561199013981284,0,0.00469698291271925,8,0.9641332469094337
76561199217447368,0,0.021623048931360245,8,0.9641332469094337
76561198064454428,0,0.009281017817556858,8,0.9641332469094337
76561198248098338,0,0.004591287113726139,8,0.9641332469094337
76561198083031177,0,0.00486857770010829,8,0.9641332469094337
76561198169015069,0,0.004462414886802435,8,0.9641332469094337
76561198197423322,0,0.00620607566088438,8,0.9641332469094337
76561199082405867,0,0.024505019187927246,8,0.9641332469094337
76561198054147487,0,0.10669427365064621,8,0.9641332469094337
76561199466458486,0,0.006285013165324926,8,0.9641332469094337
76561198366652621,0,0.014638260006904602,8,0.9641332469094337
76561199171960018,0,0.49464911222457886,8,0.9641332469094337
76561198048008646,0,0.004876329563558102,8,0.9641332469094337
76561198132241178,0,0.005485566332936287,8,0.9641332469094337
76561197963864417,1,0.9540416598320007,8,0.9641332469094337
76561198076655687,0,0.6115666627883911,8,0.9641332469094337
76561199142772158,0,0.004731716122478247,8,0.9641332469094337
76561198417160503,0,0.005565566010773182,8,0.9641332469094337
76561198126978076,0,0.005430066026747227,8,0.9641332469094337
76561198054710185,0,0.005120244808495045,8,0.9641332469094337
76561198155458511,0,0.004470089916139841,8,0.9641332469094337
76561199429424018,0,0.026211393997073174,8,0.9641332469094337
76561198979579381,0,0.06454938650131226,8,0.9641332469094337
76561199267812620,0,0.00720975361764431,8,0.9641332469094337
76561198161414861,0,0.004970346111804247,8,0.9641332469094337
76561199061906935,0,0.004380148835480213,8,0.9641332469094337
76561199554550875,0,0.005286411847919226,8,0.9641332469094337
76561198169146866,0,0.010548288933932781,8,0.9641332469094337
76561198796212611,0,0.019756309688091278,8,0.9641332469094337
76561197979204726,0,0.006247215438634157,8,0.9641332469094337
76561198290650423,0,0.030841827392578125,8,0.9641332469094337
76561198352227359,0,0.0059210131876170635,8,0.9641332469094337
76561199122182952,0,0.010324322618544102,8,0.9641332469094337
76561199241409656,0,0.007425451651215553,8,0.9641332469094337
76561199138500501,1,0.9925754070281982,8,0.9641332469094337
76561199130610668,0,0.005563782528042793,8,0.9641332469094337
76561198031212687,0,0.3003717064857483,8,0.9641332469094337
76561199434580208,0,0.007828682661056519,8,0.9641332469094337
76561199056434377,0,0.0314192958176136,8,0.9641332469094337
76561198054833754,0,0.010386990383267403,8,0.9641332469094337
76561198208426085,0,0.041733913123607635,8,0.9641332469094337
76561198120807736,0,0.004704769235104322,8,0.9641332469094337
76561199059041739,0,0.009418384172022343,8,0.9641332469094337
76561198837742693,0,0.008501498959958553,8,0.9641332469094337
76561199088694898,0,0.00744049483910203,8,0.9641332469094337
76561198250139446,0,0.005039975978434086,8,0.9641332469094337
76561198148128914,0,0.005127855576574802,8,0.9641332469094337
76561198041529917,0,0.07021728157997131,8,0.9641332469094337
76561198089705266,0,0.008345771580934525,8,0.9641332469094337
76561198315546515,0,0.00485044764354825,8,0.9641332469094337
76561198099269556,0,0.011318540200591087,8,0.9641332469094337
76561199083923839,0,0.00702107697725296,8,0.9641332469094337
76561198162925091,0,0.008815532550215721,8,0.9641332469094337
76561198104700429,0,0.023844705894589424,8,0.9641332469094337
76561199030241996,0,0.00506028113886714,8,0.9641332469094337
76561198099691110,0,0.02418685145676136,8,0.9641332469094337
76561198033411141,0,0.4838005602359772,8,0.9641332469094337
76561197963103287,0,0.004818571265786886,8,0.9641332469094337
76561198071365022,0,0.005528682842850685,8,0.9641332469094337
76561199201989310,0,0.07797563076019287,8,0.9641332469094337
76561198112173684,0,0.00466490350663662,8,0.9641332469094337
76561198081608033,0,0.0049242605455219746,8,0.9641332469094337
76561198968961711,0,0.7380995750427246,8,0.9641332469094337
76561198840068079,0,0.004485862795263529,8,0.9641332469094337
76561198146610092,0,0.7073718905448914,8,0.9641332469094337
76561198021138313,0,0.00977194681763649,8,0.9641332469094337
76561198345892147,0,0.011091265827417374,8,0.9641332469094337
76561198007981805,0,0.005384171847254038,8,0.9641332469094337
76561198162257811,0,0.2593451142311096,8,0.9641332469094337
76561198318809203,0,0.006589546799659729,8,0.9641332469094337
76561198844383604,0,0.004943534266203642,8,0.9641332469094337
76561198129645764,0,0.2567601501941681,8,0.9641332469094337
76561198016748459,0,0.028408393263816833,8,0.9641332469094337
76561198097440236,0,0.009464921429753304,8,0.9641332469094337
76561198026774743,0,0.0058477818965911865,8,0.9641332469094337
76561198892378645,0,0.004480245057493448,8,0.9641332469094337
76561199065360499,0,0.005136065185070038,8,0.9641332469094337
76561197995378990,0,0.004644711036235094,8,0.9641332469094337
76561199532223694,0,0.004491427913308144,8,0.9641332469094337
76561198031799547,0,0.016860589385032654,8,0.9641332469094337
76561198057004918,0,0.05464453622698784,8,0.9641332469094337
76561198154255067,0,0.008271375671029091,8,0.9641332469094337
76561198373108490,0,0.0052770874463021755,8,0.9641332469094337
76561198280170492,0,0.0045436955988407135,8,0.9641332469094337
76561199207399740,0,0.006776285823434591,8,0.9641332469094337
76561198796283027,0,0.030827093869447708,8,0.9641332469094337
76561199178652345,0,0.006680574268102646,8,0.9641332469094337
76561199171866130,0,0.7406765818595886,8,0.9641332469094337
76561198079882083,0,0.005463695619255304,8,0.9641332469094337
76561199102952143,0,0.007795282639563084,8,0.9641332469094337
76561198282946702,0,0.0737711563706398,8,0.9641332469094337
76561198156288536,0,0.005217615514993668,8,0.9641332469094337
76561199513686344,0,0.009050114080309868,8,0.9641332469094337
76561198086706266,0,0.02108239009976387,8,0.9641332469094337
76561198345342500,0,0.004799875430762768,8,0.9641332469094337
76561198015149298,0,0.7435091733932495,8,0.9641332469094337
76561198150715810,0,0.03091849386692047,8,0.9641332469094337
76561198892855515,0,0.004466128069907427,8,0.9641332469094337
76561199225914219,0,0.01667790859937668,8,0.9641332469094337
76561198061420091,0,0.0044797854498028755,8,0.9641332469094337
76561198326013440,0,0.004872797057032585,8,0.9641332469094337
76561199688852331,0,0.005231206305325031,8,0.9641332469094337
76561198356779817,0,0.017668811604380608,8,0.9641332469094337
76561198039826190,0,0.004874132107943296,8,0.9641332469094337
76561198066856194,0,0.526564359664917,8,0.9641332469094337
76561198095379701,0,0.0044840662740170956,8,0.9641332469094337
76561199213203080,0,0.005042712669819593,8,0.9641332469094337
76561199179173402,0,0.007317397743463516,8,0.9641332469094337
76561197996324590,0,0.004522081930190325,8,0.9641332469094337
76561198169345327,0,0.005359281320124865,8,0.9641332469094337
76561199223612156,0,0.005197088699787855,8,0.9641332469094337
76561199027826663,0,0.007837535813450813,8,0.9641332469094337
76561198001543347,0,0.008594127371907234,8,0.9641332469094337
76561198424070234,0,0.9870844483375549,8,0.9641332469094337
76561198882524293,0,0.1835867315530777,8,0.9641332469094337
76561198175906543,0,0.004815186373889446,8,0.9641332469094337
76561199777630973,0,0.01533910445868969,8,0.9641332469094337
76561198064110363,0,0.00463863043114543,8,0.9641332469094337
76561198211754769,0,0.0051938011310994625,8,0.9641332469094337
76561198115465262,0,0.0066194613464176655,8,0.9641332469094337
76561199106505502,0,0.0047435155138373375,8,0.9641332469094337
76561198089731097,0,0.004754658322781324,8,0.9641332469094337
76561199043286422,0,0.008691716007888317,8,0.9641332469094337
76561198800086958,0,0.03293650597333908,8,0.9641332469094337
76561199740277110,0,0.005416347179561853,8,0.9641332469094337
76561198937514240,0,0.006092824507504702,8,0.9641332469094337
76561198213363529,0,0.005738742183893919,8,0.9641332469094337
76561197984825400,0,0.005041942000389099,8,0.9641332469094337
76561198402886042,0,0.005354174412786961,8,0.9641332469094337
76561198259147998,0,0.004415847361087799,8,0.9641332469094337
76561198428396719,0,0.0056614624336361885,8,0.9641332469094337
76561199258993530,0,0.007529165130108595,8,0.9641332469094337
76561198327082959,0,0.006870906334370375,8,0.9641332469094337
76561198210267609,0,0.9864397644996643,8,0.9641332469094337
76561199106162376,0,0.1880129724740982,8,0.9641332469094337
76561198024052706,0,0.013135227374732494,8,0.9641332469094337
76561198079716500,0,0.004746542312204838,8,0.9641332469094337
76561199173680545,0,0.9860157370567322,8,0.9641332469094337
76561199074584654,0,0.007951087318360806,8,0.9641332469094337
76561199100956402,0,0.004107508342713118,8,0.9641332469094337
76561198074372923,0,0.09718188643455505,8,0.9641332469094337
76561199472339436,0,0.005509221460670233,8,0.9641332469094337
76561199570271285,0,0.04988257959485054,8,0.9641332469094337
76561199002227556,0,0.004367021843791008,8,0.9641332469094337
76561199011302620,0,0.01494691800326109,8,0.9641332469094337
76561199123335245,0,0.006709628738462925,8,0.9641332469094337
76561198196956727,0,0.004828170873224735,8,0.9641332469094337
76561198159385221,0,0.008000625297427177,8,0.9641332469094337
76561199050026432,0,0.8544979691505432,8,0.9641332469094337
76561198006862468,0,0.9824026823043823,8,0.9641332469094337
76561199197606368,0,0.01801949553191662,8,0.9641332469094337
76561199564674442,0,0.004497113637626171,8,0.9641332469094337
76561198855073848,0,0.00560889532789588,8,0.9641332469094337
76561198169200057,0,0.005239880643785,8,0.9641332469094337
76561198079001074,0,0.950736939907074,8,0.9641332469094337
76561198335973009,0,0.020343001931905746,8,0.9641332469094337
76561199211914458,0,0.023941613733768463,8,0.9641332469094337
76561199159144404,0,0.8319962620735168,8,0.9641332469094337
76561197992567179,0,0.004753640852868557,8,0.9641332469094337
76561198815837293,0,0.004649654030799866,8,0.9641332469094337
76561198872127271,0,0.004372892901301384,8,0.9641332469094337
76561198065497883,0,0.00519851129502058,8,0.9641332469094337
76561199275117771,0,0.00516833970323205,8,0.9641332469094337
76561198268201099,0,0.008294068276882172,8,0.9641332469094337
76561199027686653,0,0.004816733300685883,8,0.9641332469094337
76561198965505779,0,0.0047361040487885475,8,0.9641332469094337
76561198854634062,0,0.004089065827429295,8,0.9641332469094337
76561198317060388,0,0.004995793104171753,8,0.9641332469094337
76561198172637598,0,0.004413883667439222,8,0.9641332469094337
76561198066628800,0,0.005059659946709871,8,0.9641332469094337
76561199123338943,0,0.022369537502527237,8,0.9641332469094337
76561198113097971,0,0.003968355245888233,8,0.9641332469094337
76561199088837615,0,0.06202021241188049,8,0.9641332469094337
76561199472405894,0,0.026641858741641045,8,0.9641332469094337
76561199099307471,0,0.042787909507751465,8,0.9641332469094337
76561198000702661,0,0.0047841365449130535,8,0.9641332469094337
76561198283442062,0,0.009074942208826542,8,0.9641332469094337
76561198847936345,0,0.006646052934229374,8,0.9641332469094337
76561198190417489,0,0.00949037354439497,8,0.9641332469094337
76561199090187311,0,0.008013044483959675,8,0.9641332469094337
76561198029714945,0,0.006571797654032707,8,0.9641332469094337
76561198051809191,0,0.015480310656130314,8,0.9641332469094337
76561199109903096,0,0.004797884728759527,8,0.9641332469094337
76561199023359446,0,0.0675179734826088,8,0.9641332469094337
76561198141747239,0,0.03759809210896492,8,0.9641332469094337
76561198410443717,0,0.012599416077136993,8,0.9641332469094337
76561198801794378,0,0.005198212806135416,8,0.9641332469094337
76561198031046744,0,0.005196230951696634,8,0.9641332469094337
76561199273630024,0,0.3124989867210388,8,0.9641332469094337
76561199362171653,0,0.004952431656420231,8,0.9641332469094337
76561198865279297,0,0.017772989347577095,8,0.9641332469094337
76561198303979214,0,0.007397053297609091,8,0.9641332469094337
76561199050971575,0,0.007019787561148405,8,0.9641332469094337
76561198812271809,0,0.005437001120299101,8,0.9641332469094337
76561198982903147,0,0.004279183689504862,8,0.9641332469094337
76561199225420547,0,0.005213375203311443,8,0.9641332469094337
76561198206458176,0,0.004745799116790295,8,0.9641332469094337
76561198025913125,0,0.005416347179561853,8,0.9641332469094337
76561198064315924,0,0.004128094296902418,8,0.9641332469094337
76561199380328462,0,0.01599081978201866,8,0.9641332469094337
76561198063060893,0,0.004636878613382578,8,0.9641332469094337
76561199248458676,0,0.006776285823434591,8,0.9641332469094337
76561198253391753,0,0.012233782559633255,8,0.9641332469094337
76561198985336002,0,0.006229388061910868,8,0.9641332469094337
76561199197656932,0,0.0061296154744923115,8,0.9641332469094337
76561198982662839,0,0.08054224401712418,8,0.9641332469094337
76561197960430219,0,0.004667995031923056,8,0.9641332469094337
76561199373032077,0,0.004076219163835049,8,0.9641332469094337
76561198362851159,0,0.004591287113726139,8,0.9641332469094337
76561198365498566,0,0.009627793915569782,8,0.9641332469094337
76561198135506092,0,0.02334562875330448,8,0.9641332469094337
76561198136849287,0,0.06654748320579529,8,0.9641332469094337
76561198852351240,0,0.025247693061828613,8,0.9641332469094337
76561198258955419,0,0.0097922682762146,8,0.9641332469094337
76561199604901264,0,0.004941761028021574,8,0.9641332469094337
76561198087020244,0,0.011585189960896969,8,0.9641332469094337
76561198850718003,0,0.0056106639094650745,8,0.9641332469094337
76561198857976755,0,0.004146007355302572,8,0.9641332469094337
76561198125094219,0,0.010388324968516827,8,0.9641332469094337
76561198033261416,0,0.054216932505369186,8,0.9641332469094337
76561198350271271,0,0.0046308282762765884,8,0.9641332469094337
76561198107050120,0,0.06510034948587418,8,0.9641332469094337
76561198797615110,0,0.39546823501586914,8,0.9641332469094337
76561199073114000,0,0.004733225330710411,8,0.9641332469094337
76561199385981633,0,0.006399608217179775,8,0.9641332469094337
76561198009447375,0,0.06575366109609604,8,0.9641332469094337
76561199090890185,0,0.004057467915117741,8,0.9641332469094337
76561198038626197,0,0.004590876866132021,8,0.9641332469094337
76561198806448296,1,0.9750694036483765,8,0.9641332469094337
76561198042704687,0,0.40704604983329773,8,0.9641332469094337
76561198302231471,0,0.46797361969947815,8,0.9641332469094337
76561198337989863,0,0.0073522478342056274,8,0.9641332469094337
76561198253389052,1,0.9934060573577881,8,0.9641332469094337
76561198038830555,0,0.08699721097946167,8,0.9641332469094337
76561199510275734,0,0.004777321591973305,8,0.9641332469094337
76561198803726905,0,0.15307024121284485,8,0.9641332469094337
76561199514593771,0,0.0043349191546440125,8,0.9641332469094337
76561198146217152,0,0.9679637551307678,8,0.9641332469094337
76561198028363745,0,0.014735245145857334,8,0.9641332469094337
76561199061852721,0,0.004482660908252001,8,0.9641332469094337
76561199212649806,0,0.00421193428337574,8,0.9641332469094337
76561198027253582,0,0.07588692754507065,8,0.9641332469094337
76561198353811531,0,0.0050212787464261055,8,0.9641332469094337
76561199140706663,0,0.0057719191536307335,8,0.9641332469094337
76561199086534971,0,0.00470275804400444,8,0.9641332469094337
76561198134226517,0,0.08655079454183578,8,0.9641332469094337
76561198364770759,0,0.9860747456550598,8,0.9641332469094337
76561198399493484,0,0.01015195157378912,8,0.9641332469094337
76561198254893312,0,0.7823321223258972,8,0.9641332469094337
76561198964519897,0,0.023574987426400185,8,0.9641332469094337
76561198066059248,0,0.012430035509169102,8,0.9641332469094337
76561198995303785,0,0.21183916926383972,8,0.9641332469094337
76561198894003040,0,0.8988471627235413,8,0.9641332469094337
76561198258291728,0,0.0077739860862493515,8,0.9641332469094337
76561199568685193,1,0.9856833815574646,8,0.9641332469094337
76561198107662400,0,0.006190381478518248,8,0.9641332469094337
76561199003182070,0,0.005924038589000702,8,0.9641332469094337
76561198996440296,0,0.01463114470243454,8,0.9641332469094337
76561199007091647,0,0.00946602039039135,8,0.9641332469094337
76561199116973337,0,0.01636921800673008,8,0.9641332469094337
76561198042282764,0,0.005524179898202419,8,0.9641332469094337
76561199383713879,0,0.004605994559824467,8,0.9641332469094337
76561199021486198,0,0.16678892076015472,8,0.9641332469094337
76561198123162035,0,0.006496235262602568,8,0.9641332469094337
76561198119444832,0,0.033958543092012405,8,0.9641332469094337
76561199487397654,0,0.005175998900085688,8,0.9641332469094337
76561197973814748,0,0.009343033656477928,8,0.9641332469094337
76561199064593902,0,0.014007735066115856,8,0.9641332469094337
76561198008179002,0,0.004735494963824749,8,0.9641332469094337
76561198814248014,0,0.0051066139712929726,8,0.9641332469094337
76561198098145268,0,0.008705543354153633,8,0.9641332469094337
76561198027078309,0,0.00498391967266798,8,0.9641332469094337
76561199099961072,0,0.006306076887995005,8,0.9641332469094337
76561199275025719,0,0.004645394627004862,8,0.9641332469094337
76561198164074575,0,0.004729161504656076,8,0.9641332469094337
76561199084123854,0,0.010921956039965153,8,0.9641332469094337
76561197992344918,0,0.004757292103022337,8,0.9641332469094337
76561198848384112,0,0.019521325826644897,8,0.9641332469094337
76561198234784316,0,0.019315408542752266,8,0.9641332469094337
76561198027227906,0,0.004768116865307093,8,0.9641332469094337
76561198860877197,0,0.00492630060762167,8,0.9641332469094337
76561198950809946,0,0.004932220093905926,8,0.9641332469094337
76561198453264633,0,0.005070531275123358,8,0.9641332469094337
76561199070202242,0,0.007749404292553663,8,0.9641332469094337
76561198051358450,0,0.00458446703851223,8,0.9641332469094337
76561197968428871,0,0.02886228635907173,8,0.9641332469094337
76561199071040173,0,0.97636878490448,8,0.9641332469094337
76561199424581480,0,0.00440956698730588,8,0.9641332469094337
76561199017409696,0,0.0051269871182739735,8,0.9641332469094337
76561198404903517,0,0.005742065608501434,8,0.9641332469094337
76561198143167990,0,0.8201099634170532,8,0.9641332469094337
76561198409996866,0,0.011498345993459225,8,0.9641332469094337
76561199484330995,0,0.010913465172052383,8,0.9641332469094337
76561198971312956,0,0.006353649776428938,8,0.9641332469094337
76561199095616779,0,0.0085456483066082,8,0.9641332469094337
76561198891563307,1,0.5636860132217407,8,0.9641332469094337
76561198878441134,0,0.0055562155321240425,8,0.9641332469094337
76561198075248851,0,0.006134750321507454,8,0.9641332469094337
76561199555912174,0,0.018399307504296303,8,0.9641332469094337
76561198271726699,0,0.010241716168820858,8,0.9641332469094337
76561198865209898,0,0.006679501850157976,8,0.9641332469094337
76561199068071402,0,0.018850045278668404,8,0.9641332469094337
76561198227386188,0,0.006015253718942404,8,0.9641332469094337
76561199474956451,0,0.014701402746140957,8,0.9641332469094337
76561198035999255,0,0.006443583406507969,8,0.9641332469094337
76561198091887057,0,0.0040398212149739265,8,0.9641332469094337
76561198043724332,0,0.005237040109932423,8,0.9641332469094337
76561199220623124,0,0.2512607276439667,8,0.9641332469094337
76561198870023142,0,0.14106835424900055,8,0.9641332469094337
76561198027156952,0,0.009471181780099869,8,0.9641332469094337
76561199415433531,0,0.006301470100879669,8,0.9641332469094337
76561199146758236,0,0.006042863707989454,8,0.9641332469094337
76561198340547585,0,0.005200494546443224,8,0.9641332469094337
76561199070950534,0,0.005020863842219114,8,0.9641332469094337
76561197970570602,0,0.08120842278003693,8,0.9641332469094337
76561198171689511,0,0.05160423740744591,8,0.9641332469094337
76561199102795654,0,0.10588705539703369,8,0.9641332469094337
76561198899093428,0,0.2647702395915985,8,0.9641332469094337
76561198915665134,0,0.0076880985870957375,8,0.9641332469094337
76561198264591099,0,0.004536635708063841,8,0.9641332469094337
76561198870386909,0,0.014119918458163738,8,0.9641332469094337
76561199109748216,0,0.004708870314061642,8,0.9641332469094337
76561198257074883,0,0.0047544757835567,8,0.9641332469094337
76561198406234737,0,0.044137872755527496,8,0.9641332469094337
76561199004927275,0,0.008048534393310547,8,0.9641332469094337
76561199162653809,0,0.004856928717344999,8,0.9641332469094337
76561198859927651,0,0.00518806604668498,8,0.9641332469094337
76561198309965967,0,0.41255781054496765,8,0.9641332469094337
76561199065747633,0,0.9081206917762756,8,0.9641332469094337
76561198053290320,0,0.00496250856667757,8,0.9641332469094337
76561198064366231,0,0.9667695164680481,8,0.9641332469094337
76561199096489236,0,0.005372206214815378,8,0.9641332469094337
76561197998550777,0,0.023404035717248917,8,0.9641332469094337
76561198017354387,0,0.004297485575079918,8,0.9641332469094337
76561198284403385,0,0.030332816764712334,8,0.9641332469094337
76561199122094470,0,0.005722379311919212,8,0.9641332469094337
76561197990660162,0,0.004167831037193537,8,0.9641332469094337
76561198377817555,0,0.006667469162493944,8,0.9641332469094337
76561199179570666,0,0.9797555208206177,8,0.9641332469094337
76561198886853344,0,0.004456386435776949,8,0.9641332469094337
76561198076879959,0,0.15233300626277924,8,0.9641332469094337
76561198330503099,0,0.12037549167871475,8,0.9641332469094337
76561199014106911,0,0.00430781627073884,8,0.9641332469094337
76561198226091324,0,0.008676912635564804,8,0.9641332469094337
76561199589138477,0,0.11113514006137848,8,0.9641332469094337
76561199277747548,0,0.007793955039232969,8,0.9641332469094337
76561198028705163,0,0.013133552856743336,8,0.9641332469094337
76561197972908788,0,0.004425814375281334,8,0.9641332469094337
76561198970534317,0,0.964958131313324,8,0.9641332469094337
76561197980993959,0,0.008708687499165535,8,0.9641332469094337
76561199129374526,0,0.004635652527213097,8,0.9641332469094337
76561198884765241,0,0.004791793879121542,8,0.9641332469094337
76561198928615847,0,0.009418384172022343,8,0.9641332469094337
76561199047461173,0,0.005120145156979561,8,0.9641332469094337
76561199403332089,0,0.00417898828163743,8,0.9641332469094337
76561199494483216,0,0.004602276720106602,8,0.9641332469094337
76561198856992570,0,0.007861970923841,8,0.9641332469094337
76561197970391257,0,0.010876119136810303,8,0.9641332469094337
76561199020287902,0,0.007675143890082836,8,0.9641332469094337
76561198346040983,0,0.018193481490015984,8,0.9641332469094337
76561198311244803,0,0.015127246268093586,8,0.9641332469094337
76561198007229972,0,0.006776285823434591,8,0.9641332469094337
76561198155226470,0,0.012994784861803055,8,0.9641332469094337
76561199214184299,0,0.008691716007888317,8,0.9641332469094337
76561198369223296,0,0.02095353603363037,8,0.9641332469094337
76561198316683105,0,0.00421193428337574,8,0.9641332469094337
76561198061559003,0,0.0068448446691036224,8,0.9641332469094337
76561199024866017,0,0.004218419082462788,8,0.9641332469094337
76561198082134357,0,0.005747273098677397,8,0.9641332469094337
76561199012612161,0,0.7173477411270142,8,0.9641332469094337
76561198068130611,0,0.02431105263531208,8,0.9641332469094337
76561199037038823,0,0.0060550677590072155,8,0.9641332469094337
76561199004461050,0,0.005630097351968288,8,0.9641332469094337
76561198094917111,0,0.007760797627270222,8,0.9641332469094337
76561198314078374,0,0.005308256018906832,8,0.9641332469094337
76561199134256051,0,0.00455523980781436,8,0.9641332469094337
76561198434834497,0,0.004524201154708862,8,0.9641332469094337
76561198153382053,0,0.004786035045981407,8,0.9641332469094337
76561198216220615,0,0.005334043875336647,8,0.9641332469094337
76561199002180056,0,0.004604831337928772,8,0.9641332469094337
76561199451600462,0,0.004740200936794281,8,0.9641332469094337
76561198420741742,0,0.004355413839221001,8,0.9641332469094337
76561198798136922,0,0.004612645134329796,8,0.9641332469094337
76561198084188483,0,0.006204284727573395,8,0.9641332469094337
76561198052564026,0,0.9887022972106934,8,0.9641332469094337
76561198354526732,0,0.006776285823434591,8,0.9641332469094337
76561198990777297,0,0.004343767650425434,8,0.9641332469094337
76561198016124203,0,0.005049976520240307,8,0.9641332469094337
76561199101777169,0,0.00413280026987195,8,0.9641332469094337
76561198012489184,0,0.007059779483824968,8,0.9641332469094337
76561198026847673,0,0.08307629823684692,8,0.9641332469094337
76561199222546976,1,0.9901649355888367,8,0.9641332469094337
76561198914610283,0,0.006408058572560549,8,0.9641332469094337
76561199123488246,0,0.006030369084328413,8,0.9641332469094337
76561199380782268,0,0.008600694127380848,8,0.9641332469094337
76561199019897148,0,0.05916980281472206,8,0.9641332469094337
76561199016088700,0,0.00768618518486619,8,0.9641332469094337
76561199022821931,0,0.0977623239159584,8,0.9641332469094337
76561198102130081,0,0.005397599656134844,8,0.9641332469094337
76561197969157443,0,0.09984441846609116,8,0.9641332469094337
76561199015168645,0,0.004800879862159491,8,0.9641332469094337
76561198053670458,0,0.9669686555862427,8,0.9641332469094337
76561198871094503,0,0.012935868464410305,8,0.9641332469094337
76561198983489575,0,0.03322351351380348,8,0.9641332469094337
76561198062175697,0,0.029102053493261337,8,0.9641332469094337
76561199028718007,1,0.9916365742683411,8,0.9641332469094337
76561198269626486,0,0.006238900125026703,8,0.9641332469094337
76561198068306777,0,0.0050244382582604885,8,0.9641332469094337
76561198112363229,0,0.8289772272109985,8,0.9641332469094337
76561199549553570,0,0.004869813099503517,8,0.9641332469094337
76561199337674113,0,0.005155894439667463,8,0.9641332469094337
76561197996463430,0,0.004809116013348103,8,0.9641332469094337
76561198242019830,0,0.0059068333357572556,8,0.9641332469094337
76561198128678891,0,0.005365547724068165,8,0.9641332469094337
76561198134792358,0,0.013076555915176868,8,0.9641332469094337
76561198072986845,0,0.3496912717819214,8,0.9641332469094337
76561199298379468,0,0.016980700194835663,8,0.9641332469094337
76561198241199846,0,0.013505746610462666,8,0.9641332469094337
76561198281095115,0,0.004623810760676861,8,0.9641332469094337
76561198055517625,0,0.004121736623346806,8,0.9641332469094337
76561199788747797,0,0.004986531101167202,8,0.9641332469094337
76561198006470591,0,0.004465746693313122,8,0.9641332469094337
76561198152378964,0,0.004338303580880165,8,0.9641332469094337
76561198272086929,0,0.00431563425809145,8,0.9641332469094337
76561198020482677,0,0.017709122970700264,8,0.9641332469094337
76561198092334774,0,0.004996088799089193,8,0.9641332469094337
76561199024934621,1,0.9879623055458069,8,0.9641332469094337
76561199088159169,0,0.005042301025241613,8,0.9641332469094337
76561198797930106,0,0.005026357714086771,8,0.9641332469094337
76561198150940192,0,0.22714407742023468,8,0.9641332469094337
76561197989452534,0,0.005298194009810686,8,0.9641332469094337
76561198125388921,0,0.0401497446000576,8,0.9641332469094337
76561198066492507,0,0.021680660545825958,8,0.9641332469094337
76561198325404183,0,0.004582334775477648,8,0.9641332469094337
76561197982953052,0,0.005754831247031689,8,0.9641332469094337
76561198203006714,0,0.10985562205314636,8,0.9641332469094337
76561198012370538,0,0.9395103454589844,8,0.9641332469094337
76561198009341754,0,0.0042463731952011585,8,0.9641332469094337
76561198848615641,0,0.017338773235678673,8,0.9641332469094337
76561199484607293,0,0.005608499050140381,8,0.9641332469094337
76561197970229964,0,0.007607654668390751,8,0.9641332469094337
76561198961732716,0,0.0043137213215231895,8,0.9641332469094337
76561198139095914,0,0.004555996973067522,8,0.9641332469094337
76561198070636193,0,0.2575802206993103,8,0.9641332469094337
76561197970662003,1,0.9895602464675903,8,0.9641332469094337
76561198818931088,0,0.3694462776184082,8,0.9641332469094337
76561199046390133,1,0.9894822835922241,8,0.9641332469094337
76561199059951279,1,0.9836252331733704,8,0.9641332469094337
76561198074933821,0,0.0058733681216835976,8,0.9641332469094337
76561198357754092,0,0.004965575877577066,8,0.9641332469094337
76561198324097433,0,0.018163856118917465,8,0.9641332469094337
76561199112255897,0,0.1377611756324768,8,0.9641332469094337
76561199559370647,0,0.006819528993219137,8,0.9641332469094337
76561199100437345,0,0.004817729350179434,8,0.9641332469094337
76561198077787425,0,0.007286186795681715,8,0.9641332469094337
76561198128811024,0,0.13248826563358307,8,0.9641332469094337
76561199102971863,0,0.23849740624427795,8,0.9641332469094337
76561198126830963,0,0.005898280534893274,8,0.9641332469094337
76561198964435495,0,0.034517452120780945,8,0.9641332469094337
76561198982355072,0,0.004591287113726139,8,0.9641332469094337
76561198803450727,0,0.07757250219583511,8,0.9641332469094337
76561198063659091,0,0.07555997371673584,8,0.9641332469094337
76561198072744232,0,0.005170207936316729,8,0.9641332469094337
76561198835057912,0,0.0080043263733387,8,0.9641332469094337
76561198420449323,0,0.0044186655431985855,8,0.9641332469094337
76561198832097319,0,0.0051341913640499115,8,0.9641332469094337
76561199511030227,0,0.0048703886568546295,8,0.9641332469094337
76561198082362100,0,0.007929272949695587,8,0.9641332469094337
76561198905801000,0,0.00956918764859438,8,0.9641332469094337
76561198992031168,0,0.005473545752465725,8,0.9641332469094337
76561199076735925,0,0.005208550486713648,8,0.9641332469094337
76561198118675026,0,0.004412079695612192,8,0.9641332469094337
76561199002133422,0,0.004648054018616676,8,0.9641332469094337
76561198053445816,0,0.021936791017651558,8,0.9641332469094337
76561198157323595,0,0.006488352548331022,8,0.9641332469094337
76561199634648591,0,0.07151887565851212,8,0.9641332469094337
76561198261752140,0,0.024319570511579514,8,0.9641332469094337
76561199082254922,0,0.007972747087478638,8,0.9641332469094337
76561198010822072,0,0.004654822871088982,8,0.9641332469094337
76561198203865488,0,0.010856500826776028,8,0.9641332469094337
76561198287391781,0,0.0040025110356509686,8,0.9641332469094337
76561199059726543,1,0.9876927733421326,8,0.9641332469094337
76561198067886217,0,0.12822411954402924,8,0.9641332469094337
76561199300768608,0,0.03083104081451893,8,0.9641332469094337
76561198065639991,1,0.2847786247730255,8,0.9641332469094337
76561198899758293,0,0.012171410024166107,8,0.9641332469094337
76561199385559985,0,0.004806884564459324,8,0.9641332469094337
76561199193412054,0,0.015429996885359287,8,0.9641332469094337
76561199208507071,0,0.004590258467942476,8,0.9641332469094337
76561198867688983,0,0.9822376370429993,8,0.9641332469094337
76561199441339071,0,0.006411334965378046,8,0.9641332469094337
76561198069855266,0,0.004104715771973133,8,0.9641332469094337
76561198211235109,0,0.004733225330710411,8,0.9641332469094337
76561198070188680,0,0.005300406366586685,8,0.9641332469094337
76561198250333898,0,0.05907448008656502,8,0.9641332469094337
76561197975034032,0,0.00434453459456563,8,0.9641332469094337
76561198061304932,0,0.004798515699803829,8,0.9641332469094337
76561198093776298,0,0.6971545815467834,8,0.9641332469094337
76561199433874597,0,0.005048615392297506,8,0.9641332469094337
76561199021569131,0,0.025487713515758514,8,0.9641332469094337
76561198158253999,0,0.19386005401611328,8,0.9641332469094337
76561198975271968,0,0.08769094198942184,8,0.9641332469094337
76561199243861790,0,0.007112836465239525,8,0.9641332469094337
76561198021425653,0,0.048217885196208954,8,0.9641332469094337
76561198085032037,1,0.6708020567893982,8,0.9641332469094337
76561198405776775,0,0.019775062799453735,8,0.9641332469094337
76561198049888179,0,0.007737383246421814,8,0.9641332469094337
76561199104838092,0,0.005154336337000132,8,0.9641332469094337
76561198079495244,0,0.19051167368888855,8,0.9641332469094337
76561199119329638,0,0.00455211428925395,8,0.9641332469094337
76561198844307373,0,0.0046065147034823895,8,0.9641332469094337
76561199311831114,0,0.8675220012664795,8,0.9641332469094337
76561198079538937,0,0.02932257205247879,8,0.9641332469094337
76561198420860349,0,0.004422787111252546,8,0.9641332469094337
76561199068788130,0,0.005770146381109953,8,0.9641332469094337
76561199026212614,0,0.004806884564459324,8,0.9641332469094337
76561199184100151,0,0.01627386547625065,8,0.9641332469094337
76561198100207271,0,0.004392173606902361,8,0.9641332469094337
76561198986816280,0,0.004956832621246576,8,0.9641332469094337
76561198800442994,0,0.008736579678952694,8,0.9641332469094337
76561198119604296,0,0.004347105976194143,8,0.9641332469094337
76561198030780049,0,0.08032011985778809,8,0.9641332469094337
76561198332509305,0,0.0043449099175632,8,0.9641332469094337
76561199378695904,0,0.1268073320388794,8,0.9641332469094337
76561198157784327,0,0.004176128190010786,8,0.9641332469094337
76561198143050153,0,0.032388895750045776,8,0.9641332469094337
76561199205157443,0,0.004210738465189934,8,0.9641332469094337
76561199105828149,0,0.3023432493209839,8,0.9641332469094337
76561199499513521,0,0.013694842346012592,8,0.9641332469094337
76561198331296953,0,0.006990293972194195,8,0.9641332469094337
76561198121720243,0,0.006890668999403715,8,0.9641332469094337
76561198354601916,0,0.008623003959655762,8,0.9641332469094337
76561198978479118,0,0.9886434674263,8,0.9641332469094337
76561198042671086,0,0.004594958387315273,8,0.9641332469094337
76561197988036894,0,0.04744040593504906,8,0.9641332469094337
76561198035579252,0,0.012324868701398373,8,0.9641332469094337
76561199033645520,0,0.004806884564459324,8,0.9641332469094337
76561198041099070,0,0.008984061889350414,8,0.9641332469094337
76561198113731557,0,0.01897125504910946,8,0.9641332469094337
76561198018831708,0,0.004447742365300655,8,0.9641332469094337
76561199116157439,0,0.004518205299973488,8,0.9641332469094337
76561197960679801,0,0.0172407329082489,8,0.9641332469094337
76561197974535194,0,0.9264835119247437,8,0.9641332469094337
76561198114329444,0,0.005536852870136499,8,0.9641332469094337
76561199138802068,0,0.006693833973258734,8,0.9641332469094337
76561198318055261,0,0.004708870314061642,8,0.9641332469094337
76561197966037099,0,0.006158450152724981,8,0.9641332469094337
76561197993899934,0,0.010922487825155258,8,0.9641332469094337
76561199048026971,0,0.02082548476755619,8,0.9641332469094337
76561198148345028,0,0.007926346734166145,8,0.9641332469094337
76561199810926693,0,0.006514939479529858,8,0.9641332469094337
76561199401573755,0,0.00415376340970397,8,0.9641332469094337
76561198052544202,0,0.11598604172468185,8,0.9641332469094337
76561199164511873,1,0.9874657988548279,8,0.9641332469094337
76561199005173152,0,0.004537186585366726,8,0.9641332469094337
76561198066582539,0,0.005415265914052725,8,0.9641332469094337
76561198145026487,0,0.004806884564459324,8,0.9641332469094337
76561198846882621,0,0.0050653330981731415,8,0.9641332469094337
76561198086760604,0,0.004806884564459324,8,0.9641332469094337
76561198843839784,0,0.016418619081377983,8,0.9641332469094337
76561199443215172,0,0.013668685220181942,8,0.9641332469094337
76561198841448982,0,0.01248361449688673,8,0.9641332469094337
76561197978161930,0,0.004667995031923056,8,0.9641332469094337
76561198308184367,0,0.01065910141915083,8,0.9641332469094337
76561198345942055,0,0.004094627685844898,8,0.9641332469094337
76561199175067326,0,0.00807273667305708,8,0.9641332469094337
76561198137454454,0,0.006948975846171379,8,0.9641332469094337
76561199644375150,0,0.005000284407287836,8,0.9641332469094337
76561198108881882,0,0.005478391423821449,8,0.9641332469094337
76561198078101226,0,0.0046904804185032845,8,0.9641332469094337
76561198932099122,0,0.010453907772898674,8,0.9641332469094337
76561198438388575,0,0.011704140342772007,8,0.9641332469094337
76561199231885256,0,0.007222725078463554,8,0.9641332469094337
76561198356598128,0,0.01146684493869543,8,0.9641332469094337
76561198870025991,0,0.9909994006156921,8,0.9641332469094337
76561199228395758,0,0.014954346232116222,8,0.9641332469094337
76561199222625343,0,0.005188241135329008,8,0.9641332469094337
76561198347655979,0,0.004755204543471336,8,0.9641332469094337
76561199136752205,0,0.043564386665821075,8,0.9641332469094337
76561198020169483,0,0.004852494224905968,8,0.9641332469094337
76561199159625398,0,0.0045067323371768,8,0.9641332469094337
76561198871189828,0,0.01746004819869995,8,0.9641332469094337
76561199044512344,0,0.00859095435589552,8,0.9641332469094337
76561199040286730,0,0.005184776149690151,8,0.9641332469094337
76561199225934300,0,0.004404754843562841,8,0.9641332469094337
76561199071314181,0,0.004296894185245037,8,0.9641332469094337
76561199171871553,0,0.006783085875213146,8,0.9641332469094337
76561198267010462,0,0.08066900819540024,8,0.9641332469094337
76561199272994766,0,0.004395266994833946,8,0.9641332469094337
76561198303672719,0,0.012267785146832466,8,0.9641332469094337
76561198393742149,0,0.025848472490906715,8,0.9641332469094337
76561198316542389,0,0.050889529287815094,8,0.9641332469094337
76561198060036179,0,0.013696091249585152,8,0.9641332469094337
76561198182288729,0,0.014249205589294434,8,0.9641332469094337
76561198194065831,0,0.004312099423259497,8,0.9641332469094337
76561198016031015,0,0.01065910141915083,8,0.9641332469094337
76561198071863248,0,0.004695146344602108,8,0.9641332469094337
76561199708472720,0,0.004089143592864275,8,0.9641332469094337
76561198443717791,0,0.013891158625483513,8,0.9641332469094337
76561198065277489,0,0.0066871787421405315,8,0.9641332469094337
76561198030654079,0,0.14162015914916992,8,0.9641332469094337
76561199512756564,0,0.006252069026231766,8,0.9641332469094337
76561198092534377,0,0.547410249710083,8,0.9641332469094337
76561198277127544,1,0.9937455654144287,8,0.9641332469094337
76561199223236824,0,0.08785658329725266,8,0.9641332469094337
76561199245782105,0,0.829145073890686,8,0.9641332469094337
76561198113741333,0,0.01757301390171051,8,0.9641332469094337
76561198053134861,0,0.7381964921951294,8,0.9641332469094337
76561198801532786,0,0.0547027513384819,8,0.9641332469094337
76561198005692653,0,0.004229845944792032,8,0.9641332469094337
76561198028025944,0,0.006303964648395777,8,0.9641332469094337
76561198078871490,0,0.013680500909686089,8,0.9641332469094337
76561198090635273,0,0.005307631567120552,8,0.9641332469094337
76561198053790180,0,0.0063962130807340145,8,0.9641332469094337
76561198002584083,0,0.7876231074333191,8,0.9641332469094337
76561198078627184,0,0.08587174862623215,8,0.9641332469094337
76561199098208726,0,0.020599592477083206,8,0.9641332469094337
76561198136627130,0,0.04256529361009598,8,0.9641332469094337
76561199447544413,0,0.013601008802652359,8,0.9641332469094337
76561199115246632,0,0.005620279349386692,8,0.9641332469094337
76561197997556078,0,0.06952948123216629,8,0.9641332469094337
76561199116088724,0,0.10149143636226654,8,0.9641332469094337
76561198004430801,0,0.006839117966592312,8,0.9641332469094337
76561198043840539,0,0.010256178677082062,8,0.9641332469094337
76561199091208881,0,0.13908614218235016,8,0.9641332469094337
76561199016192015,0,0.03563733026385307,8,0.9641332469094337
76561198184650689,0,0.005262309685349464,8,0.9641332469094337
76561199121971202,1,0.9848547577857971,8,0.9641332469094337
76561198088680646,1,0.7297660708427429,8,0.9641332469094337
76561199382390575,0,0.010243920609354973,8,0.9641332469094337
76561198030888525,0,0.03818320110440254,8,0.9641332469094337
76561198043648957,0,0.02316015027463436,8,0.9641332469094337
76561198268571455,0,0.004963905084878206,8,0.9641332469094337
76561198878361589,0,0.011268379166722298,8,0.9641332469094337
76561198846124166,0,0.0045153917744755745,8,0.9641332469094337
76561199232770791,0,0.005693241488188505,8,0.9641332469094337
76561198436461605,1,0.9815915822982788,8,0.9641332469094337
76561198222913080,0,0.004601728171110153,8,0.9641332469094337
76561198010996463,0,0.005382300820201635,8,0.9641332469094337
76561198076621540,0,0.016801999881863594,8,0.9641332469094337
76561198167660431,0,0.005457072053104639,8,0.9641332469094337
76561197994799020,0,0.16868607699871063,8,0.9641332469094337
76561199484309295,0,0.014797541312873363,8,0.9641332469094337
76561198849407087,0,0.006522091571241617,8,0.9641332469094337
76561198050287829,0,0.7103555798530579,8,0.9641332469094337
76561198317199738,0,0.005389413796365261,8,0.9641332469094337
76561199240752990,0,0.012135171331465244,8,0.9641332469094337
76561198927815944,0,0.006776285823434591,8,0.9641332469094337
76561199087290427,0,0.0051832664757966995,8,0.9641332469094337
76561199122329598,0,0.004578392952680588,8,0.9641332469094337
76561198060166073,0,0.004390332847833633,8,0.9641332469094337
76561198067208139,0,0.004178417380899191,8,0.9641332469094337
76561199796472209,0,0.005082288291305304,8,0.9641332469094337
76561198118327468,0,0.005816407036036253,8,0.9641332469094337
76561198145058247,0,0.004638709593564272,8,0.9641332469094337
76561198364151483,0,0.017049018293619156,8,0.9641332469094337
76561198316789319,0,0.009671787731349468,8,0.9641332469094337
76561199222242589,0,0.00460067531093955,8,0.9641332469094337
76561198024839826,0,0.004215448163449764,8,0.9641332469094337
76561198393603555,0,0.01022440753877163,8,0.9641332469094337
76561198446693041,0,0.005531189497560263,8,0.9641332469094337
76561198292257871,0,0.004441988188773394,8,0.9641332469094337
76561198062053158,0,0.0057164812460541725,8,0.9641332469094337
76561199070006408,0,0.004606978036463261,8,0.9641332469094337
76561198052376829,0,0.0044547999277710915,8,0.9641332469094337
76561199104976176,0,0.004890842828899622,8,0.9641332469094337
76561199233055623,0,0.016842586919665337,8,0.9641332469094337
76561198418710699,0,0.010143809951841831,8,0.9641332469094337
76561199173815646,0,0.009343033656477928,8,0.9641332469094337
76561198279136521,0,0.004495732951909304,8,0.9641332469094337
76561198855360842,0,0.004341703373938799,8,0.9641332469094337
76561199101118142,0,0.0045225047506392,8,0.9641332469094337
76561198358182876,0,0.009758067317306995,8,0.9641332469094337
76561198134325078,0,0.010979074984788895,8,0.9641332469094337
76561199439008724,0,0.00559772877022624,8,0.9641332469094337
76561199007264040,0,0.004984600935131311,8,0.9641332469094337
76561198241718738,0,0.004529997240751982,8,0.9641332469094337
76561199043394038,0,0.008341409265995026,8,0.9641332469094337
76561198098186211,0,0.6014173626899719,8,0.9641332469094337
76561198858455235,0,0.005409372504800558,8,0.9641332469094337
76561198102367403,0,0.004483029246330261,8,0.9641332469094337
76561198173732839,0,0.004733225330710411,8,0.9641332469094337
76561198057282365,0,0.38924306631088257,8,0.9641332469094337
76561198039757155,0,0.052581578493118286,8,0.9641332469094337
76561198157828342,0,0.009827596135437489,8,0.9641332469094337
76561198393615125,0,0.6347169280052185,8,0.9641332469094337
76561198055106032,0,0.9694384336471558,8,0.9641332469094337
76561198212500113,0,0.9719877243041992,8,0.9641332469094337
76561199436513630,0,0.004806884564459324,8,0.9641332469094337
76561199028277660,0,0.020898593589663506,8,0.9641332469094337
76561199232285468,0,0.16000373661518097,8,0.9641332469094337
76561198175762406,0,0.004452727735042572,8,0.9641332469094337
76561199741386656,0,0.005231052171438932,8,0.9641332469094337
76561198014371894,0,0.5456601977348328,8,0.9641332469094337
76561199189332987,1,0.9750056266784668,8,0.9641332469094337
76561198104003971,0,0.004806884564459324,8,0.9641332469094337
76561199161199383,0,0.00897306390106678,8,0.9641332469094337
76561198206554729,0,0.007610711269080639,8,0.9641332469094337
76561198871318413,0,0.004898362793028355,8,0.9641332469094337
76561198148085727,0,0.048315249383449554,8,0.9641332469094337
76561199030424275,1,0.5814339518547058,8,0.9641332469094337
76561198074679033,1,0.9928501844406128,8,0.9641332469094337
76561198118846448,0,0.018301988020539284,8,0.9641332469094337
76561198113399488,1,0.9752786755561829,8,0.9641332469094337
76561199242635317,0,0.005355482455343008,8,0.9641332469094337
76561198105815405,0,0.010751024819910526,8,0.9641332469094337
76561199011428273,1,0.9897996187210083,8,0.9641332469094337
76561199750914909,0,0.00444053066894412,8,0.9641332469094337
76561198251081436,0,0.03613884747028351,8,0.9641332469094337
76561198012456768,0,0.03534417599439621,8,0.9641332469094337
76561197999522648,0,0.38057008385658264,8,0.9641332469094337
76561198379647071,0,0.013858278281986713,8,0.9641332469094337
76561198931192806,0,0.004531605634838343,8,0.9641332469094337
76561198355991991,0,0.009182373061776161,8,0.9641332469094337
76561198150375766,0,0.05933482199907303,8,0.9641332469094337
76561198112210075,0,0.008692106232047081,8,0.9641332469094337
76561198166418973,0,0.005381448194384575,8,0.9641332469094337
76561199204646975,0,0.01109267771244049,8,0.9641332469094337
76561199122423939,0,0.004851235076785088,8,0.9641332469094337
76561198004527501,0,0.005370721220970154,8,0.9641332469094337
76561199044180182,0,0.06760137528181076,8,0.9641332469094337
76561198415922733,0,0.004894380457699299,8,0.9641332469094337
76561199522351434,0,0.009527641348540783,8,0.9641332469094337
76561198305867470,0,0.044682715088129044,8,0.9641332469094337
76561198989460313,0,0.0044251857325434685,8,0.9641332469094337
76561199136123071,0,0.013572098687291145,8,0.9641332469094337
76561198967508542,0,0.008109068498015404,8,0.9641332469094337
76561199479925399,0,0.004940527956932783,8,0.9641332469094337
76561199152778284,0,0.07105791568756104,8,0.9641332469094337
76561199357884651,0,0.01198581699281931,8,0.9641332469094337
76561199127410521,0,0.004421489778906107,8,0.9641332469094337
76561198088765363,0,0.009707417339086533,8,0.9641332469094337
76561198798147664,0,0.005665643140673637,8,0.9641332469094337
76561199163085698,0,0.0044085499830543995,8,0.9641332469094337
76561198069875438,0,0.00442056218162179,8,0.9641332469094337
76561198070988029,0,0.026237832382321358,8,0.9641332469094337
76561199405204349,0,0.017219875007867813,8,0.9641332469094337
76561197962427417,0,0.004719296470284462,8,0.9641332469094337
76561199597938496,0,0.013632609508931637,8,0.9641332469094337
76561199149866055,0,0.005478217266499996,8,0.9641332469094337
76561198263320232,0,0.0038898198399692774,8,0.9641332469094337
76561198973355742,0,0.016822246834635735,8,0.9641332469094337
76561198095426349,0,0.8829652667045593,8,0.9641332469094337
76561198057973612,0,0.005204124376177788,8,0.9641332469094337
76561198042333444,0,0.00532277999445796,8,0.9641332469094337
76561198008780495,0,0.004676164127886295,8,0.9641332469094337
76561198079686309,0,0.004042429383844137,8,0.9641332469094337
76561199229500021,0,0.01884748786687851,8,0.9641332469094337
76561199072861173,0,0.004402714315801859,8,0.9641332469094337
76561199065190298,0,0.01788223162293434,8,0.9641332469094337
76561198240611460,0,0.006319919601082802,8,0.9641332469094337
76561199054910270,0,0.021021464839577675,8,0.9641332469094337
76561198046276366,0,0.7812430262565613,8,0.9641332469094337
76561199247391871,0,0.004974845796823502,8,0.9641332469094337
76561198119098915,0,0.14716583490371704,8,0.9641332469094337
76561198125088391,0,0.04337303712964058,8,0.9641332469094337
76561199048452563,0,0.005400426220148802,8,0.9641332469094337
76561198032468380,0,0.09300248324871063,8,0.9641332469094337
76561198028411578,0,0.005281226243823767,8,0.9641332469094337
76561199472922934,0,0.004591287113726139,8,0.9641332469094337
76561198333496116,0,0.004194487351924181,8,0.9641332469094337
76561198446667877,0,0.004517424385994673,8,0.9641332469094337
76561197980659275,0,0.009682269766926765,8,0.9641332469094337
76561198316854850,0,0.004819817375391722,8,0.9641332469094337
76561198363148713,0,0.004544081166386604,8,0.9641332469094337
76561198880799756,0,0.006339245941489935,8,0.9641332469094337
76561198855567098,0,0.7483231425285339,8,0.9641332469094337
76561198837948827,0,0.004669550806283951,8,0.9641332469094337
76561198065303821,0,0.005333189386874437,8,0.9641332469094337
76561198997744752,0,0.0077261412516236305,8,0.9641332469094337
76561198190842137,0,0.017614372074604034,8,0.9641332469094337
76561198019065760,0,0.00466574914753437,8,0.9641332469094337
76561198067607870,0,0.0050353799015283585,8,0.9641332469094337
76561198306101935,0,0.004908581729978323,8,0.9641332469094337
76561198072722339,0,0.004906415939331055,8,0.9641332469094337
76561199004625508,0,0.0386892631649971,8,0.9641332469094337
76561198064058744,0,0.9587595462799072,8,0.9641332469094337
76561198202395437,0,0.005044382531195879,8,0.9641332469094337
76561198161098933,0,0.9759634733200073,8,0.9641332469094337
76561198125791732,1,0.9653875827789307,8,0.9641332469094337
76561198262730402,0,0.005032683257013559,8,0.9641332469094337
76561199065069143,0,0.006776285823434591,8,0.9641332469094337
76561198108636751,0,0.004816733300685883,8,0.9641332469094337
76561198242246702,0,0.004806884564459324,8,0.9641332469094337
76561199541115442,0,0.00465915072709322,8,0.9641332469094337
76561199223932479,0,0.005658587906509638,8,0.9641332469094337
76561198856688426,0,0.389892578125,8,0.9641332469094337
76561198103370278,0,0.005362087860703468,8,0.9641332469094337
76561198116493809,0,0.004089143592864275,8,0.9641332469094337
76561199166437224,0,0.005453589837998152,8,0.9641332469094337
76561198040328515,0,0.09213747084140778,8,0.9641332469094337
76561198405436918,0,0.004719004966318607,8,0.9641332469094337
76561199052152638,0,0.004253944847732782,8,0.9641332469094337
76561198131308609,0,0.004538435488939285,8,0.9641332469094337
76561198431585096,0,0.08080163598060608,8,0.9641332469094337
76561198273806655,0,0.004543359391391277,8,0.9641332469094337
76561199260483815,0,0.014581133611500263,8,0.9641332469094337
76561198993442134,0,0.07925280183553696,8,0.9641332469094337
76561198108813333,0,0.0050110118463635445,8,0.9641332469094337
76561198101530698,0,0.004998370073735714,8,0.9641332469094337
76561198800034766,0,0.007672377862036228,8,0.9641332469094337
76561199546492684,0,0.004380668513476849,8,0.9641332469094337
76561199385387139,0,0.011064968071877956,8,0.9641332469094337
76561198117884651,0,0.004473486449569464,8,0.9641332469094337
76561198312325171,0,0.11669191718101501,8,0.9641332469094337
76561198306227299,0,0.007121779955923557,8,0.9641332469094337
76561198120868473,0,0.6852012276649475,8,0.9641332469094337
76561198933775863,0,0.004504647105932236,8,0.9641332469094337
76561198100579885,0,0.007033281959593296,8,0.9641332469094337
76561198003784521,0,0.18479637801647186,8,0.9641332469094337
76561198082555518,1,0.992561399936676,8,0.9641332469094337
76561198094792838,0,0.00930558517575264,8,0.9641332469094337
76561198052888000,0,0.004526358563452959,8,0.9641332469094337
76561199172599631,0,0.011134953238070011,8,0.9641332469094337
76561198862711518,1,0.9881427884101868,8,0.9641332469094337
76561197961637407,0,0.006165400147438049,8,0.9641332469094337
76561198358826306,0,0.009180211462080479,8,0.9641332469094337
76561199159411580,0,0.004114903509616852,8,0.9641332469094337
76561198071774430,0,0.4942169785499573,8,0.9641332469094337
76561198200474745,0,0.01575930416584015,8,0.9641332469094337
76561197999594274,0,0.011651775799691677,8,0.9641332469094337
76561198294401338,0,0.006776285823434591,8,0.9641332469094337
76561199172767845,0,0.0050630453042685986,8,0.9641332469094337
76561198853688354,0,0.9693389534950256,8,0.9641332469094337
76561198003693840,0,0.0056135267950594425,8,0.9641332469094337
76561198400282343,0,0.00468648225069046,8,0.9641332469094337
76561198882730769,0,0.11995027959346771,8,0.9641332469094337
76561199120390710,0,0.05674157291650772,8,0.9641332469094337
76561198402728439,0,0.014084992930293083,8,0.9641332469094337
76561198084407637,0,0.004656590986996889,8,0.9641332469094337
76561199085214986,1,0.9928183555603027,8,0.9641332469094337
76561198235017248,0,0.005954911932349205,8,0.9641332469094337
76561199069562594,0,0.008736579678952694,8,0.9641332469094337
76561199065210100,0,0.004684032406657934,8,0.9641332469094337
76561198386494106,0,0.005073130130767822,8,0.9641332469094337
76561199121905501,0,0.006443583406507969,8,0.9641332469094337
76561198096020775,0,0.004333985038101673,8,0.9641332469094337
76561198846432690,0,0.007054540328681469,8,0.9641332469094337
76561198985726130,0,0.00470897788181901,8,0.9641332469094337
76561198149063944,0,0.9183342456817627,8,0.9641332469094337
76561199075507828,0,0.005437098443508148,8,0.9641332469094337
76561198355170378,1,0.9930559992790222,8,0.9641332469094337
76561198060929500,0,0.038542915135622025,8,0.9641332469094337
76561199547318694,0,0.00869446899741888,8,0.9641332469094337
76561198197164255,0,0.004091942682862282,8,0.9641332469094337
76561197964313868,0,0.006214866414666176,8,0.9641332469094337
76561198032825169,0,0.035233091562986374,8,0.9641332469094337
76561199213350528,0,0.005609666462987661,8,0.9641332469094337
76561198098040681,0,0.9798644781112671,8,0.9641332469094337
76561199013291028,0,0.969707727432251,8,0.9641332469094337
76561198217180481,0,0.031951047480106354,8,0.9641332469094337
76561198119162754,0,0.004920026753097773,8,0.9641332469094337
76561198384835059,0,0.46219199895858765,8,0.9641332469094337
76561198100427622,0,0.004852123558521271,8,0.9641332469094337
76561198029418205,0,0.004643618129193783,8,0.9641332469094337
76561198998461700,0,0.004572258330881596,8,0.9641332469094337
76561198387714017,0,0.02201659232378006,8,0.9641332469094337
76561198124858468,1,0.9764179587364197,8,0.9641332469094337
76561198163906448,0,0.004886138718575239,8,0.9641332469094337
76561198067022985,0,0.004620304796844721,8,0.9641332469094337
76561197970503629,0,0.004955045413225889,8,0.9641332469094337
76561198085414841,1,0.9895687699317932,8,0.9641332469094337
76561198102458600,1,0.9935246706008911,8,0.9641332469094337
76561198212063772,0,0.004977681674063206,8,0.9641332469094337
76561198133623581,0,0.007056504487991333,8,0.9641332469094337
76561199092648361,0,0.004087749402970076,8,0.9641332469094337
76561198879919408,0,0.026874668896198273,8,0.9641332469094337
76561199069924316,0,0.005282521713525057,8,0.9641332469094337
76561199167185482,0,0.014490248635411263,8,0.9641332469094337
76561199124360264,0,0.009090838022530079,8,0.9641332469094337
76561198053022149,0,0.009525714442133904,8,0.9641332469094337
76561198408264351,0,0.005373957101255655,8,0.9641332469094337
76561199040671672,0,0.014833886176347733,8,0.9641332469094337
76561199129808780,0,0.0070509533397853374,8,0.9641332469094337
76561198433679986,0,0.011357061564922333,8,0.9641332469094337
76561199372912888,0,0.02427244931459427,8,0.9641332469094337
76561198097469941,0,0.005492891650646925,8,0.9641332469094337
76561198274488295,0,0.00556780444458127,8,0.9641332469094337
76561198273351502,0,0.039223939180374146,8,0.9641332469094337
76561198108492974,0,0.6137428879737854,8,0.9641332469094337
76561198795659167,0,0.004965783096849918,8,0.9641332469094337
76561198037531831,0,0.004677928518503904,8,0.9641332469094337
76561198247144050,0,0.004806884564459324,8,0.9641332469094337
76561198355284680,0,0.005493381060659885,8,0.9641332469094337
76561199041522576,0,0.004425337538123131,8,0.9641332469094337
76561198066883644,0,0.02773631364107132,8,0.9641332469094337
76561199179114067,0,0.007558064069598913,8,0.9641332469094337
76561198075298412,0,0.004774379078298807,8,0.9641332469094337
76561198366444591,0,0.004806884564459324,8,0.9641332469094337
76561198795849469,0,0.006042548455297947,8,0.9641332469094337
76561199077222998,0,0.007082276977598667,8,0.9641332469094337
76561199087897289,0,0.0060574328526854515,8,0.9641332469094337
76561198011145777,1,0.9854115843772888,8,0.9641332469094337
76561199196216816,0,0.9306941628456116,8,0.9641332469094337
76561197970360912,0,0.005592141300439835,8,0.9641332469094337
76561198047306473,0,0.0049539548344910145,8,0.9641332469094337
76561199120407675,0,0.6541423797607422,8,0.9641332469094337
76561198054424946,0,0.010014724917709827,8,0.9641332469094337
76561199124652198,1,0.9834744334220886,8,0.9641332469094337
76561199039450070,0,0.014591743238270283,8,0.9641332469094337
76561198333854444,0,0.273112028837204,8,0.9641332469094337
76561198322807570,0,0.010742244310677052,8,0.9641332469094337
76561198062845209,0,0.01896769367158413,8,0.9641332469094337
76561198080601312,0,0.005862080492079258,8,0.9641332469094337
76561198135383697,0,0.004445310682058334,8,0.9641332469094337
76561198006638144,0,0.08681550621986389,8,0.9641332469094337
76561198037002358,0,0.6141068339347839,8,0.9641332469094337
76561198267756850,0,0.04983868822455406,8,0.9641332469094337
76561199681307618,0,0.7874254584312439,8,0.9641332469094337
76561199801403305,0,0.004779298789799213,8,0.9641332469094337
76561197975686294,0,0.016306394711136818,8,0.9641332469094337
76561198342902163,0,0.007397262845188379,8,0.9641332469094337
76561199229354481,1,0.9932581186294556,8,0.9641332469094337
76561198255971421,0,0.004859174136072397,8,0.9641332469094337
76561198083606036,0,0.005222023464739323,8,0.9641332469094337
76561198260473180,0,0.9313011169433594,8,0.9641332469094337
76561199122319794,0,0.004637985490262508,8,0.9641332469094337
76561198347038446,0,0.010149268433451653,8,0.9641332469094337
76561197974515223,0,0.022257527336478233,8,0.9641332469094337
76561199384591294,0,0.03767845779657364,8,0.9641332469094337
76561198278958439,0,0.46272751688957214,8,0.9641332469094337
76561198872584729,0,0.005253384355455637,8,0.9641332469094337
76561198832565559,0,0.08085410296916962,8,0.9641332469094337
76561198016326693,0,0.007452794816344976,8,0.9641332469094337
76561198847917574,0,0.004418812692165375,8,0.9641332469094337
76561198036356575,1,0.2480793446302414,8,0.9641332469094337
76561199185521987,0,0.005531874485313892,8,0.9641332469094337
76561199036658409,0,0.011946736834943295,8,0.9641332469094337
76561198039996443,0,0.004735494963824749,8,0.9641332469094337
76561198400365330,0,0.004683924838900566,8,0.9641332469094337
76561199142255559,0,0.004279646556824446,8,0.9641332469094337
76561199698374192,0,0.054320208728313446,8,0.9641332469094337
76561198012907751,0,0.5969778299331665,8,0.9641332469094337
76561198038554897,0,0.00721778953447938,8,0.9641332469094337
76561198864920281,0,0.004318463150411844,8,0.9641332469094337
76561197970163091,0,0.004553597420454025,8,0.9641332469094337
76561199124311321,0,0.004627529997378588,8,0.9641332469094337
76561198043572614,0,0.004763538483530283,8,0.9641332469094337
76561199245780010,0,0.007727420888841152,8,0.9641332469094337
76561198063368069,0,0.004615255631506443,8,0.9641332469094337
76561198207619399,0,0.2441883683204651,8,0.9641332469094337
76561199371705473,0,0.00665960693731904,8,0.9641332469094337
76561198427416228,0,0.004826853051781654,8,0.9641332469094337
76561199069699184,0,0.006303964648395777,8,0.9641332469094337
76561199040034827,0,0.004104715771973133,8,0.9641332469094337
76561198047795071,0,0.005076148547232151,8,0.9641332469094337
76561197999887458,0,0.004442774225026369,8,0.9641332469094337
76561198977203269,0,0.008306369185447693,8,0.9641332469094337
76561199199910668,0,0.0044582439586520195,8,0.9641332469094337
76561199165408561,0,0.004806884564459324,8,0.9641332469094337
76561199370319504,0,0.007345829624682665,8,0.9641332469094337
76561198399808647,0,0.005088739562779665,8,0.9641332469094337
76561198268257975,0,0.012754565104842186,8,0.9641332469094337
76561199092878854,0,0.02344677783548832,8,0.9641332469094337
76561198846436758,0,0.0722145289182663,8,0.9641332469094337
76561199080773116,0,0.0051261261105537415,8,0.9641332469094337
76561198060424627,0,0.004371788818389177,8,0.9641332469094337
76561198861395039,0,0.005479064304381609,8,0.9641332469094337
76561198355074008,0,0.11781361699104309,8,0.9641332469094337
76561198033011325,0,0.020138435065746307,8,0.9641332469094337
76561198276589251,0,0.004358717706054449,8,0.9641332469094337
76561198430642426,0,0.00421193428337574,8,0.9641332469094337
76561198029398319,0,0.82703697681427,8,0.9641332469094337
76561198312049479,0,0.006597648840397596,8,0.9641332469094337
76561199632699951,0,0.004450361244380474,8,0.9641332469094337
76561198167636069,0,0.005258108489215374,8,0.9641332469094337
76561198398832186,0,0.008533754386007786,8,0.9641332469094337
76561199071677074,0,0.008892868645489216,8,0.9641332469094337
76561198206869375,1,0.9941374063491821,8,0.9641332469094337
76561198025482597,0,0.006507422309368849,8,0.9641332469094337
76561198053280494,0,0.007830924354493618,8,0.9641332469094337
76561198075383442,0,0.4883229434490204,8,0.9641332469094337
76561199159800272,0,0.00421193428337574,8,0.9641332469094337
76561198366069145,0,0.8067912459373474,8,0.9641332469094337
76561198076657205,0,0.838811457157135,8,0.9641332469094337
76561199093727510,0,0.004388466477394104,8,0.9641332469094337
76561198418883412,0,0.9934597015380859,8,0.9641332469094337
76561198084405699,0,0.005391055252403021,8,0.9641332469094337
76561198053547592,0,0.9761908650398254,8,0.9641332469094337
76561198063497226,0,0.004846012219786644,8,0.9641332469094337
76561199001248681,0,0.06027764827013016,8,0.9641332469094337
76561199475638200,0,0.00480807526037097,8,0.9641332469094337
76561198856931164,1,0.8089916110038757,8,0.9641332469094337
76561198264235425,0,0.008632263168692589,8,0.9641332469094337
76561197985041348,0,0.008472572080790997,8,0.9641332469094337
76561199204665233,0,0.9614147543907166,8,0.9641332469094337
76561199011544962,0,0.02614540606737137,8,0.9641332469094337
76561198172365713,0,0.6700288653373718,8,0.9641332469094337
76561198434076006,0,0.011972223408520222,8,0.9641332469094337
76561197999267759,0,0.044867925345897675,8,0.9641332469094337
76561199012020671,0,0.005872755777090788,8,0.9641332469094337
76561198051567728,0,0.2351313680410385,8,0.9641332469094337
76561198334895757,0,0.8385194540023804,8,0.9641332469094337
76561198871295293,0,0.03585800528526306,8,0.9641332469094337
76561198442259727,0,0.004104715771973133,8,0.9641332469094337
76561198037737080,0,0.9443185329437256,8,0.9641332469094337
76561198120736854,0,0.005299363750964403,8,0.9641332469094337
76561199014356886,0,0.011793326586484909,8,0.9641332469094337
76561198028943457,0,0.060839492827653885,8,0.9641332469094337
76561197982107217,0,0.07012957334518433,8,0.9641332469094337
76561198282985824,0,0.004397329408675432,8,0.9641332469094337
76561198015467405,0,0.9661229848861694,8,0.9641332469094337
76561198272018335,0,0.005973896011710167,8,0.9641332469094337
76561197965999867,0,0.35615965723991394,8,0.9641332469094337
76561198029448368,0,0.004515683278441429,8,0.9641332469094337
76561198044348290,0,0.008824536576867104,8,0.9641332469094337
76561198932612422,0,0.026558944955468178,8,0.9641332469094337
76561198202386502,0,0.004256328567862511,8,0.9641332469094337
76561198047185898,0,0.004691032692790031,8,0.9641332469094337
76561198375163703,0,0.14210866391658783,8,0.9641332469094337
76561199003587165,0,0.02181774005293846,8,0.9641332469094337
76561198008852837,0,0.026483459398150444,8,0.9641332469094337
76561199030522311,0,0.02988300658762455,8,0.9641332469094337
76561199225134771,0,0.006303964648395777,8,0.9641332469094337
76561199197856082,0,0.004894115496426821,8,0.9641332469094337
76561198073070837,0,0.004468159284442663,8,0.9641332469094337
76561199242463007,0,0.004294467158615589,8,0.9641332469094337
76561199218515113,0,0.004714398179203272,8,0.9641332469094337
76561198871552624,0,0.050038453191518784,8,0.9641332469094337
76561198061338067,0,0.003997549414634705,8,0.9641332469094337
76561199131625335,0,0.00555226719006896,8,0.9641332469094337
76561199111399452,0,0.009405327029526234,8,0.9641332469094337
76561199077338454,0,0.004887608345597982,8,0.9641332469094337
76561198896138116,0,0.0042939335107803345,8,0.9641332469094337
76561199606552928,1,0.9772728085517883,8,0.9641332469094337
76561198829757109,0,0.005033296998590231,8,0.9641332469094337
76561198812463200,0,0.8999559283256531,8,0.9641332469094337
76561198447422857,0,0.004736083559691906,8,0.9641332469094337
76561199143340898,0,0.5606613755226135,8,0.9641332469094337
76561198202515612,0,0.004622902255505323,8,0.9641332469094337
76561198097216079,0,0.8692231178283691,8,0.9641332469094337
76561198280577175,0,0.008542973548173904,8,0.9641332469094337
76561198237412648,0,0.006285391747951508,8,0.9641332469094337
76561199770607604,0,0.005800345446914434,8,0.9641332469094337
76561198211426980,0,0.004619316663593054,8,0.9641332469094337
76561198001179657,0,0.004553194623440504,8,0.9641332469094337
76561199297621259,0,0.006154330912977457,8,0.9641332469094337
76561198142642148,0,0.004806884564459324,8,0.9641332469094337
76561199508652062,0,0.22896744310855865,8,0.9641332469094337
76561198037624833,0,0.1036248579621315,8,0.9641332469094337
76561198141310052,0,0.004133907612413168,8,0.9641332469094337
76561198997666262,0,0.00421193428337574,8,0.9641332469094337
76561199567279044,0,0.0043720705434679985,8,0.9641332469094337
76561199019479977,0,0.01189327146857977,8,0.9641332469094337
76561198143865140,0,0.0046973759308457375,8,0.9641332469094337
76561197996030251,0,0.00585952727124095,8,0.9641332469094337
76561198023998492,0,0.005168466828763485,8,0.9641332469094337
76561198146491065,0,0.015247318893671036,8,0.9641332469094337
76561198079299073,0,0.055475153028964996,8,0.9641332469094337
76561199197119244,0,0.00856388732790947,8,0.9641332469094337
76561198018910216,0,0.004611233714967966,8,0.9641332469094337
76561198066757760,0,0.005619956646114588,8,0.9641332469094337
76561199145245632,0,0.004591287113726139,8,0.9641332469094337
76561198074834527,0,0.004590384662151337,8,0.9641332469094337
76561198818552910,0,0.12574325501918793,8,0.9641332469094337
76561199122008183,0,0.008187693543732166,8,0.9641332469094337
76561199564122537,0,0.005651892628520727,8,0.9641332469094337
76561198421100466,0,0.006734031718224287,8,0.9641332469094337
76561198297692300,0,0.026371845975518227,8,0.9641332469094337
76561198440514074,0,0.005456122569739819,8,0.9641332469094337
76561199229565564,0,0.005094744730740786,8,0.9641332469094337
76561198212822088,0,0.024330701678991318,8,0.9641332469094337
76561199492342516,0,0.004194487351924181,8,0.9641332469094337
76561198351051708,0,0.004497278016060591,8,0.9641332469094337
76561197972600818,0,0.00460497522726655,8,0.9641332469094337
76561198041939519,0,0.004551215097308159,8,0.9641332469094337
76561197984144609,0,0.004170983098447323,8,0.9641332469094337
76561199799447091,0,0.007431048434227705,8,0.9641332469094337
76561198043592752,0,0.004743475001305342,8,0.9641332469094337
76561198024373779,0,0.00493668531998992,8,0.9641332469094337
76561199268175890,0,0.006626488175243139,8,0.9641332469094337
76561198443636897,0,0.0076905507594347,8,0.9641332469094337
76561198053353751,0,0.0046111526899039745,8,0.9641332469094337
76561199066208241,0,0.4174630641937256,8,0.9641332469094337
76561198066318826,0,0.004181612748652697,8,0.9641332469094337
76561198393650392,0,0.004704555496573448,8,0.9641332469094337
76561198847845724,0,0.004875368904322386,8,0.9641332469094337
76561199061320717,0,0.41996514797210693,8,0.9641332469094337
76561197961118287,1,0.9867634177207947,8,0.9641332469094337
76561198929639195,0,0.024356985464692116,8,0.9641332469094337
76561198278698305,0,0.004972066264599562,8,0.9641332469094337
76561198236742434,0,0.008792613632977009,8,0.9641332469094337
76561198849254759,0,0.4341593384742737,8,0.9641332469094337
76561198069100893,0,0.9736906886100769,8,0.9641332469094337
76561198073891258,0,0.005600149743258953,8,0.9641332469094337
76561198135732908,0,0.13232684135437012,8,0.9641332469094337
76561198162463480,0,0.01089151855558157,8,0.9641332469094337
76561198058388885,0,0.006678772158920765,8,0.9641332469094337
76561199084132515,0,0.006776285823434591,8,0.9641332469094337
76561198024543270,0,0.2500677704811096,8,0.9641332469094337
76561198020018811,0,0.03971637040376663,8,0.9641332469094337
76561199217810473,0,0.00814745482057333,8,0.9641332469094337
76561198250505962,1,0.9884726405143738,8,0.9641332469094337
76561198078455366,0,0.9364609122276306,8,0.9641332469094337
76561199079254292,0,0.015477905981242657,8,0.9641332469094337
76561199590151453,0,0.006254899315536022,8,0.9641332469094337
76561199095321150,0,0.013259263709187508,8,0.9641332469094337
76561199089976324,0,0.07495344430208206,8,0.9641332469094337
76561198813794545,0,0.13789182901382446,8,0.9641332469094337
76561198157501231,0,0.00621655723080039,8,0.9641332469094337
76561199061329544,0,0.9128590822219849,8,0.9641332469094337
76561198046195957,0,0.004381774924695492,8,0.9641332469094337
76561199152082372,0,0.006816823035478592,8,0.9641332469094337
76561197963134459,0,0.004184348043054342,8,0.9641332469094337
76561198876936539,0,0.004591287113726139,8,0.9641332469094337
76561198142934082,0,0.029540780931711197,8,0.9641332469094337
76561199284437346,0,0.2649519145488739,8,0.9641332469094337
76561198032425689,0,0.09840220212936401,8,0.9641332469094337
76561199103184728,0,0.005479441024363041,8,0.9641332469094337
76561198013392877,0,0.004735291935503483,8,0.9641332469094337
76561199083649537,0,0.03713452070951462,8,0.9641332469094337
76561198205041984,0,0.06167081370949745,8,0.9641332469094337
76561198278055503,0,0.014317375607788563,8,0.9641332469094337
76561199088450246,0,0.011135273613035679,8,0.9641332469094337
76561198272654480,0,0.008549741469323635,8,0.9641332469094337
76561198418781931,0,0.004806884564459324,8,0.9641332469094337
76561198803975966,0,0.005078735761344433,8,0.9641332469094337
76561198426476765,0,0.004129836335778236,8,0.9641332469094337
76561199246059030,0,0.03329486399888992,8,0.9641332469094337
76561198145743182,0,0.04145660623908043,8,0.9641332469094337
76561199206853458,0,0.9500405192375183,8,0.9641332469094337
76561198127963521,0,0.005630563944578171,8,0.9641332469094337
76561198082287651,0,0.005135823506861925,8,0.9641332469094337
76561199052765007,0,0.5876352787017822,8,0.9641332469094337
76561198410641787,0,0.015235209837555885,8,0.9641332469094337
76561199465973076,0,0.004591287113726139,8,0.9641332469094337
76561198885337522,0,0.9925411939620972,8,0.9641332469094337
76561198104579119,0,0.06980270892381668,8,0.9641332469094337
76561198991718353,0,0.04900985583662987,8,0.9641332469094337
76561198045127817,0,0.0061666774563491344,8,0.9641332469094337
76561199119134066,0,0.006454927381128073,8,0.9641332469094337
76561198030274103,0,0.01477572787553072,8,0.9641332469094337
76561198213220673,0,0.004922287072986364,8,0.9641332469094337
76561198088932724,0,0.03270672634243965,8,0.9641332469094337
76561198311531879,0,0.004455006215721369,8,0.9641332469094337
76561198320255031,0,0.09528124332427979,8,0.9641332469094337
76561198179583721,0,0.058066241443157196,8,0.9641332469094337
76561199214150070,0,0.0042939335107803345,8,0.9641332469094337
76561198056903638,0,0.08470331132411957,8,0.9641332469094337
76561198085436853,0,0.9684865474700928,8,0.9641332469094337
76561198044771009,0,0.10218346863985062,8,0.9641332469094337
76561199107472609,0,0.010865864343941212,8,0.9641332469094337
76561198123828140,0,0.018864892423152924,8,0.9641332469094337
76561199255679597,0,0.015376275405287743,8,0.9641332469094337
76561199117963827,0,0.004433903843164444,8,0.9641332469094337
76561198125386713,0,0.0056663742288947105,8,0.9641332469094337
76561199153642963,0,0.9837961196899414,8,0.9641332469094337
76561198040442838,0,0.005227262154221535,8,0.9641332469094337
76561198065475041,0,0.0097922682762146,8,0.9641332469094337
76561198154373211,0,0.005288831889629364,8,0.9641332469094337
76561199159147961,0,0.006449367851018906,8,0.9641332469094337
76561198448871360,0,0.008331302553415298,8,0.9641332469094337
76561199010993328,0,0.008691716007888317,8,0.9641332469094337
76561199137813143,0,0.00421193428337574,8,0.9641332469094337
76561198852401439,0,0.12548291683197021,8,0.9641332469094337
76561198838172880,0,0.0045616962015628815,8,0.9641332469094337
76561198449339308,0,0.004548943135887384,8,0.9641332469094337
76561198261000165,0,0.004952472168952227,8,0.9641332469094337
76561199112158433,0,0.004633752163499594,8,0.9641332469094337
76561199257715281,0,0.009077591821551323,8,0.9641332469094337
76561198013956015,0,0.004356930032372475,8,0.9641332469094337
76561198013581411,0,0.004451929125934839,8,0.9641332469094337
76561198029043032,0,0.0058816648088395596,8,0.9641332469094337
76561197985722339,0,0.012183047831058502,8,0.9641332469094337
76561199110909381,0,0.0050006709061563015,8,0.9641332469094337
76561198062344489,0,0.4229575991630554,8,0.9641332469094337
76561198170194611,0,0.02099907025694847,8,0.9641332469094337
76561198140622185,0,0.004735494963824749,8,0.9641332469094337
76561198196866006,0,0.010960692539811134,8,0.9641332469094337
76561199225770227,0,0.009080840274691582,8,0.9641332469094337
76561197997693688,0,0.005763666704297066,8,0.9641332469094337
76561199185719903,0,0.004856569226831198,8,0.9641332469094337
76561199142095565,0,0.00707036629319191,8,0.9641332469094337
76561198858164960,0,0.004417952615767717,8,0.9641332469094337
76561199589889753,0,0.005388438235968351,8,0.9641332469094337
76561199230457244,0,0.005860685836523771,8,0.9641332469094337
76561198072219268,0,0.00723803136497736,8,0.9641332469094337
76561198371517411,1,0.9924058318138123,8,0.9641332469094337
76561198818185102,0,0.004481499549001455,8,0.9641332469094337
76561197970635462,0,0.0048574404790997505,8,0.9641332469094337
76561198016967169,0,0.004502569325268269,8,0.9641332469094337
76561199588404762,0,0.9908081889152527,8,0.9641332469094337
76561199187441473,0,0.004285433329641819,8,0.9641332469094337
76561198062893961,0,0.004674562253057957,8,0.9641332469094337
76561198145342536,0,0.008353518322110176,8,0.9641332469094337
76561198020614934,0,0.005833145696669817,8,0.9641332469094337
76561199074159864,0,0.008009587414562702,8,0.9641332469094337
76561199029683366,0,0.006783490069210529,8,0.9641332469094337
76561198127535850,0,0.02999444119632244,8,0.9641332469094337
76561198123025536,0,0.0042996471747756,8,0.9641332469094337
76561197978757568,0,0.055424630641937256,8,0.9641332469094337
76561198022466939,0,0.5700141787528992,8,0.9641332469094337
76561198090360668,0,0.2874734699726105,8,0.9641332469094337
76561198954710395,0,0.004609053488820791,8,0.9641332469094337
76561199139958863,0,0.01538284495472908,8,0.9641332469094337
76561198098356027,0,0.009500288404524326,8,0.9641332469094337
76561199014165549,0,0.014058749191462994,8,0.9641332469094337
76561198076292707,0,0.1627640575170517,8,0.9641332469094337
76561198071788193,0,0.019666915759444237,8,0.9641332469094337
76561198047300444,0,0.005223415791988373,8,0.9641332469094337
76561199482147126,0,0.007099919952452183,8,0.9641332469094337
76561198027373553,0,0.06330888718366623,8,0.9641332469094337
76561198080537690,0,0.8867611289024353,8,0.9641332469094337
76561197975182115,0,0.006089643109589815,8,0.9641332469094337
76561198107684874,0,0.004300485830754042,8,0.9641332469094337
76561198853828660,0,0.004009914584457874,8,0.9641332469094337
76561198014764425,0,0.004409849643707275,8,0.9641332469094337
76561198871700521,0,0.011973140761256218,8,0.9641332469094337
76561197964133269,0,0.006637162063270807,8,0.9641332469094337
76561198077448339,0,0.9195727109909058,8,0.9641332469094337
76561198044858503,1,0.9397589564323425,8,0.9641332469094337
76561199466885207,0,0.006988500244915485,8,0.9641332469094337
76561198048968846,0,0.004807516001164913,8,0.9641332469094337
76561197995212228,0,0.0049980334006249905,8,0.9641332469094337
76561198175031394,0,0.02181028015911579,8,0.9641332469094337
76561199483696394,0,0.006381005980074406,8,0.9641332469094337
76561198308743254,0,0.008453273214399815,8,0.9641332469094337
76561198968463494,0,0.06215435639023781,8,0.9641332469094337
76561199382809076,0,0.04286236688494682,8,0.9641332469094337
76561198881120587,0,0.005132356192916632,8,0.9641332469094337
76561198306075101,0,0.0049766614101827145,8,0.9641332469094337
76561199609184286,0,0.004358835984021425,8,0.9641332469094337
76561199216040734,0,0.00575204286724329,8,0.9641332469094337
76561197992579168,0,0.01792897656559944,8,0.9641332469094337
76561198844673659,0,0.004181025084108114,8,0.9641332469094337
76561198017165900,0,0.004483246244490147,8,0.9641332469094337
76561198050823828,0,0.01627427712082863,8,0.9641332469094337
76561198901243417,0,0.00671142153441906,8,0.9641332469094337
76561198259686301,0,0.005097646731883287,8,0.9641332469094337
76561198087903461,0,0.02391483075916767,8,0.9641332469094337
76561198035526457,0,0.009175996296107769,8,0.9641332469094337
76561198989592345,1,0.8766841292381287,8,0.9641332469094337
76561199379443184,0,0.005416347179561853,8,0.9641332469094337
76561198881134553,0,0.0046216524206101894,8,0.9641332469094337
76561199440140901,0,0.2578141391277313,8,0.9641332469094337
76561198298633539,0,0.07611715793609619,8,0.9641332469094337
76561198857266484,0,0.02010577730834484,8,0.9641332469094337
76561198169724741,0,0.006239337380975485,8,0.9641332469094337
76561199086905980,0,0.007286303676664829,8,0.9641332469094337
76561198078105415,0,0.005110159981995821,8,0.9641332469094337
76561198414966073,0,0.005182170309126377,8,0.9641332469094337
76561198964603199,0,0.9565374851226807,8,0.9641332469094337
76561198401378384,0,0.004089143592864275,8,0.9641332469094337
76561198003403733,0,0.020624607801437378,8,0.9641332469094337
76561198041638679,0,0.004426760133355856,8,0.9641332469094337
76561198972439729,0,0.004873356781899929,8,0.9641332469094337
76561199087760684,0,0.012203361839056015,8,0.9641332469094337
76561198797311604,0,0.004362674430012703,8,0.9641332469094337
76561199192864272,0,0.014023794792592525,8,0.9641332469094337
76561198057764290,0,0.005035542417317629,8,0.9641332469094337
76561199162641615,0,0.007996330969035625,8,0.9641332469094337
76561198151663564,0,0.025435756891965866,8,0.9641332469094337
76561199732295932,0,0.008533794432878494,8,0.9641332469094337
76561199058515769,0,0.006303964648395777,8,0.9641332469094337
76561198446188638,0,0.005252857692539692,8,0.9641332469094337
76561198257845566,0,0.0047818804159760475,8,0.9641332469094337
76561199386815731,0,0.0040374137461185455,8,0.9641332469094337
76561198030830594,0,0.004482111893594265,8,0.9641332469094337
76561198057621847,0,0.004854511469602585,8,0.9641332469094337
76561197972406439,0,0.004617814905941486,8,0.9641332469094337
76561198303781900,0,0.004969997331500053,8,0.9641332469094337
76561199193790861,0,0.09181300550699234,8,0.9641332469094337
76561198073487949,0,0.005235584918409586,8,0.9641332469094337
76561198866664268,0,0.005879755597561598,8,0.9641332469094337
76561198063245625,1,0.9906594753265381,8,0.9641332469094337
76561197970887787,0,0.005659114569425583,8,0.9641332469094337
76561198892358274,0,0.2456681877374649,8,0.9641332469094337
76561198179920091,0,0.005681385286152363,8,0.9641332469094337
76561198965412211,0,0.12279439717531204,8,0.9641332469094337
76561198005825224,0,0.004378954879939556,8,0.9641332469094337
76561198185375042,0,0.014187123626470566,8,0.9641332469094337
76561198170822197,0,0.032348789274692535,8,0.9641332469094337
76561198053286422,0,0.4122048020362854,8,0.9641332469094337
76561198093950907,0,0.531705379486084,8,0.9641332469094337
76561198096409700,0,0.007013648748397827,8,0.9641332469094337
76561199008504581,0,0.006943999323993921,8,0.9641332469094337
76561199108706043,0,0.004690335597842932,8,0.9641332469094337
76561197993521739,0,0.006213743705302477,8,0.9641332469094337
76561199065025935,0,0.004470034968107939,8,0.9641332469094337
76561199011928876,0,0.9849218726158142,8,0.9641332469094337
76561198846019479,0,0.004952819552272558,8,0.9641332469094337
76561197964625741,0,0.1290275603532791,8,0.9641332469094337
76561198306268557,0,0.02187093161046505,8,0.9641332469094337
76561199216450542,0,0.0064749950543046,8,0.9641332469094337
76561198162603101,0,0.04330308362841606,8,0.9641332469094337
76561199019758115,0,0.005812258925288916,8,0.9641332469094337
76561198041886282,1,0.9522419571876526,8,0.9641332469094337
76561198069980906,0,0.9323209524154663,8,0.9641332469094337
76561199054910298,0,0.010016624815762043,8,0.9641332469094337
76561198125581293,0,0.0046448172070086,8,0.9641332469094337
76561198000180057,0,0.004894745070487261,8,0.9641332469094337
76561199097671849,0,0.005761538166552782,8,0.9641332469094337
76561198325717580,0,0.004299154970794916,8,0.9641332469094337
76561198213007823,0,0.020050611346960068,8,0.9641332469094337
76561198083156741,0,0.2956146001815796,8,0.9641332469094337
76561198136051554,0,0.16623544692993164,8,0.9641332469094337
76561198798493992,0,0.005659298971295357,8,0.9641332469094337
76561198285757238,0,0.009915424510836601,8,0.9641332469094337
76561198256600697,0,0.011940783821046352,8,0.9641332469094337
76561198164767101,0,0.007026501465588808,8,0.9641332469094337
76561199228035007,0,0.005404418334364891,8,0.9641332469094337
76561198417402696,0,0.01090486254543066,8,0.9641332469094337
76561198274292743,0,0.004380510654300451,8,0.9641332469094337
76561199100560825,0,0.011157190427184105,8,0.9641332469094337
76561199121205120,0,0.004286103416234255,8,0.9641332469094337
76561197996642448,0,0.0047277589328587055,8,0.9641332469094337
76561198875423222,0,0.02963622473180294,8,0.9641332469094337
76561199122318350,0,0.005427740979939699,8,0.9641332469094337
76561198317285140,0,0.004414484836161137,8,0.9641332469094337
76561198389493038,0,0.003997651394456625,8,0.9641332469094337
76561199279426336,0,0.00520497839897871,8,0.9641332469094337
76561198019991909,0,0.005286614876240492,8,0.9641332469094337
76561198905944879,0,0.005861802492290735,8,0.9641332469094337
76561198013372385,0,0.014653688296675682,8,0.9641332469094337
76561198840984975,0,0.0042846789583563805,8,0.9641332469094337
76561198947764734,0,0.004785081371665001,8,0.9641332469094337
76561198334405917,0,0.007182184141129255,8,0.9641332469094337
76561198001788268,0,0.004578392952680588,8,0.9641332469094337
76561198299387719,0,0.004899144172668457,8,0.9641332469094337
76561197972328807,0,0.005897097755223513,8,0.9641332469094337
76561198839202427,0,0.24068740010261536,8,0.9641332469094337
76561198042453960,1,0.9894298911094666,8,0.9641332469094337
76561199682416056,1,0.9926404356956482,8,0.9641332469094337
76561199213702263,0,0.014316095970571041,8,0.9641332469094337
76561199191397767,0,0.00841294601559639,8,0.9641332469094337
76561199123188035,0,0.005713123362511396,8,0.9641332469094337
76561199787313133,0,0.009392484091222286,8,0.9641332469094337
76561199078751343,0,0.9672675132751465,8,0.9641332469094337
76561199026359780,0,0.011862076818943024,8,0.9641332469094337
76561198094201075,0,0.021370934322476387,8,0.9641332469094337
76561199215555006,1,0.9884512424468994,8,0.9641332469094337
76561199141467485,0,0.004364551045000553,8,0.9641332469094337
76561198338396670,0,0.010954378172755241,8,0.9641332469094337
76561198405830316,0,0.32990825176239014,8,0.9641332469094337
76561198144034521,0,0.00660771643742919,8,0.9641332469094337
76561198131245908,0,0.010838250629603863,8,0.9641332469094337
76561199387394806,0,0.005416347179561853,8,0.9641332469094337
76561198003683211,0,0.004730141721665859,8,0.9641332469094337
76561198245283962,0,0.004806884564459324,8,0.9641332469094337
76561199002175167,0,0.004761034622788429,8,0.9641332469094337
76561198119135356,0,0.004038713872432709,8,0.9641332469094337
76561198039193259,0,0.006443583406507969,8,0.9641332469094337
76561198076891083,0,0.004628751892596483,8,0.9641332469094337
76561198007285036,0,0.004970511421561241,8,0.9641332469094337
76561198399368661,0,0.012678856030106544,8,0.9641332469094337
76561198071096769,0,0.004977759439498186,8,0.9641332469094337
76561198093262418,0,0.005175664555281401,8,0.9641332469094337
76561198969662507,0,0.004903953056782484,8,0.9641332469094337
76561199048608653,0,0.03251705691218376,8,0.9641332469094337
76561198050237762,0,0.006176787428557873,8,0.9641332469094337
76561198018011812,0,0.009994435124099255,8,0.9641332469094337
76561198815667614,0,0.013830350711941719,8,0.9641332469094337
76561198417845663,0,0.10635088384151459,8,0.9641332469094337
76561198006794723,0,0.004433394875377417,8,0.9641332469094337
76561198141599318,0,0.0038718637079000473,8,0.9641332469094337
76561198893500545,0,0.010134509764611721,8,0.9641332469094337
76561198349992863,0,0.01332828402519226,8,0.9641332469094337
76561198928930953,0,0.004413037095218897,8,0.9641332469094337
76561198335046385,0,0.03235633298754692,8,0.9641332469094337
76561198966740823,0,0.649071991443634,8,0.9641332469094337
76561198111072230,0,0.006204284727573395,8,0.9641332469094337
76561198024993801,0,0.004442242905497551,8,0.9641332469094337
76561198416510795,0,0.004860959015786648,8,0.9641332469094337
76561198449106644,0,0.00760028138756752,8,0.9641332469094337
76561198817925296,0,0.007197006605565548,8,0.9641332469094337
76561198891185367,0,0.004589657299220562,8,0.9641332469094337
76561199476392639,0,0.007963890209794044,8,0.9641332469094337
76561199519098998,0,0.008691716007888317,8,0.9641332469094337
76561198139304925,0,0.004429145250469446,8,0.9641332469094337
76561199223272671,0,0.032971784472465515,8,0.9641332469094337
76561198351840631,0,0.005208661779761314,8,0.9641332469094337
76561198011142182,0,0.46706244349479675,8,0.9641332469094337
76561198445633602,0,0.014276879839599133,8,0.9641332469094337
76561198212937428,0,0.011485649272799492,8,0.9641332469094337
76561198117526350,0,0.07643153518438339,8,0.9641332469094337
76561198076108492,0,0.004216399043798447,8,0.9641332469094337
76561198079867736,0,0.006270508281886578,8,0.9641332469094337
76561198843023438,0,0.004848846234381199,8,0.9641332469094337
76561199222375081,0,0.9482555389404297,8,0.9641332469094337
76561198095244951,0,0.009653662331402302,8,0.9641332469094337
76561198109605054,0,0.987141489982605,8,0.9641332469094337
76561199199695469,0,0.9709134697914124,8,0.9641332469094337
76561198076357717,0,0.8222069144248962,8,0.9641332469094337
76561198141028346,0,0.7541808485984802,8,0.9641332469094337
76561198121943037,0,0.14332063496112823,8,0.9641332469094337
76561198078317672,0,0.007094194181263447,8,0.9641332469094337
76561198024474387,0,0.0097922682762146,8,0.9641332469094337
76561197987524693,0,0.004353086929768324,8,0.9641332469094337
76561198844063859,0,0.0466146394610405,8,0.9641332469094337
76561197990881128,0,0.004834715276956558,8,0.9641332469094337
76561198214457136,0,0.004064213950186968,8,0.9641332469094337
76561198172360606,0,0.009338957257568836,8,0.9641332469094337
76561197993226855,0,0.004591287113726139,8,0.9641332469094337
76561198075183001,0,0.008050741627812386,8,0.9641332469094337
76561198149409204,0,0.005418821703642607,8,0.9641332469094337
76561199215473871,0,0.006048987153917551,8,0.9641332469094337
76561198009115205,0,0.004366420209407806,8,0.9641332469094337
76561198118742641,0,0.005343352444469929,8,0.9641332469094337
76561199370334155,0,0.004568643867969513,8,0.9641332469094337
76561198092821079,0,0.005826955195516348,8,0.9641332469094337
76561198086614025,1,0.9842956066131592,8,0.9641332469094337
76561198349413496,0,0.004650207702070475,8,0.9641332469094337
76561198231966000,0,0.004294049926102161,8,0.9641332469094337
76561198123345698,0,0.004121736623346806,8,0.9641332469094337
76561198841310720,0,0.011934107169508934,8,0.9641332469094337
76561198307054773,0,0.004446394741535187,8,0.9641332469094337
76561198388935937,0,0.004708927124738693,8,0.9641332469094337
76561199465312744,0,0.011262760497629642,8,0.9641332469094337
76561199100790629,0,0.005425903480499983,8,0.9641332469094337
76561199036526989,0,0.0061836703680455685,8,0.9641332469094337
76561198292612339,0,0.004565422423183918,8,0.9641332469094337
76561199293608533,0,0.004718422889709473,8,0.9641332469094337
76561198211974823,0,0.0595400370657444,8,0.9641332469094337
76561198244797220,0,0.15347076952457428,8,0.9641332469094337
76561198837002209,0,0.06445667147636414,8,0.9641332469094337
76561198287029600,0,0.00456928089261055,8,0.9641332469094337
76561198940375560,0,0.006567987613379955,8,0.9641332469094337
76561198799112374,0,0.005560190416872501,8,0.9641332469094337
76561198074052451,0,0.012517306953668594,8,0.9641332469094337
76561199117412366,0,0.004228380508720875,8,0.9641332469094337
76561198009838444,0,0.004993498791009188,8,0.9641332469094337
76561198061523494,0,0.0046882061287760735,8,0.9641332469094337
76561198813549993,0,0.0624413937330246,8,0.9641332469094337
76561198328819496,0,0.61715167760849,8,0.9641332469094337
76561198835585793,0,0.013370380736887455,8,0.9641332469094337
76561199087068941,0,0.004484959878027439,8,0.9641332469094337
76561199391916001,0,0.004661273676902056,8,0.9641332469094337
76561198086453484,0,0.004827043041586876,8,0.9641332469094337
76561198799372805,0,0.0050882333889603615,8,0.9641332469094337
76561198044220444,0,0.0052949185483157635,8,0.9641332469094337
76561198079315908,0,0.005918854847550392,8,0.9641332469094337
76561198161179882,0,0.004619579296559095,8,0.9641332469094337
76561199085484829,0,0.004172278568148613,8,0.9641332469094337
76561199070564465,1,0.9884190559387207,8,0.9641332469094337
76561198974739437,0,0.006654974538832903,8,0.9641332469094337
76561198002294716,0,0.005200013518333435,8,0.9641332469094337
76561199225993822,0,0.004787002690136433,8,0.9641332469094337
76561199008165572,0,0.004816733300685883,8,0.9641332469094337
76561198235996784,0,0.006776285823434591,8,0.9641332469094337
76561199233325963,0,0.005514724180102348,8,0.9641332469094337
76561198077546803,0,0.005492334254086018,8,0.9641332469094337
76561199528507271,0,0.009418384172022343,8,0.9641332469094337
76561198028943347,0,0.004441127646714449,8,0.9641332469094337
76561199062488758,0,0.004733225330710411,8,0.9641332469094337
76561198081332583,0,0.0054510245099663734,8,0.9641332469094337
76561198823381059,0,0.008105602115392685,8,0.9641332469094337
76561198123025696,0,0.014954346232116222,8,0.9641332469094337
76561198072032871,0,0.005240042228251696,8,0.9641332469094337
76561198320125494,0,0.004673184361308813,8,0.9641332469094337
76561198841237921,0,0.0044622221030294895,8,0.9641332469094337
76561199130353684,0,0.005271915812045336,8,0.9641332469094337
76561197991584086,0,0.004828314762562513,8,0.9641332469094337
76561198448502079,0,0.13178132474422455,8,0.9641332469094337
76561197980121145,0,0.004883592948317528,8,0.9641332469094337
76561198004079561,0,0.004231824539601803,8,0.9641332469094337
76561198207286957,0,0.004497363232076168,8,0.9641332469094337
76561198001387968,0,0.00412003044039011,8,0.9641332469094337
76561198176143823,0,0.007243612315505743,8,0.9641332469094337
76561199738200565,0,0.008260538801550865,8,0.9641332469094337
76561198081542893,0,0.017341259866952896,8,0.9641332469094337
76561198176023721,0,0.009418384172022343,8,0.9641332469094337
76561198125868868,0,0.05640825256705284,8,0.9641332469094337
76561198015486005,0,0.004343358799815178,8,0.9641332469094337
76561198000730426,1,0.9891000390052795,8,0.9641332469094337
76561198284363327,0,0.00623658811673522,8,0.9641332469094337
76561198801551128,0,0.896522045135498,8,0.9641332469094337
76561198244922500,0,0.006465771235525608,8,0.9641332469094337
76561199568070488,0,0.00861005112528801,8,0.9641332469094337
76561198019047983,0,0.7087516188621521,8,0.9641332469094337
76561199578258694,0,0.5977076292037964,8,0.9641332469094337
76561199191329106,0,0.004506704397499561,8,0.9641332469094337
76561198057974929,0,0.9768773317337036,8,0.9641332469094337
76561199091873375,0,0.010776298120617867,8,0.9641332469094337
76561199151032537,0,0.005426773801445961,8,0.9641332469094337
76561198250474970,0,0.9928596019744873,8,0.9641332469094337
76561199026967651,0,0.004417059011757374,8,0.9641332469094337
76561198001450196,0,0.06304121762514114,8,0.9641332469094337
76561198050799818,0,0.004497461952269077,8,0.9641332469094337
76561198877320698,0,0.3525903522968292,8,0.9641332469094337
76561198040697625,0,0.9712271094322205,8,0.9641332469094337
76561198333071020,0,0.030194055289030075,8,0.9641332469094337
76561197970413369,0,0.03063436783850193,8,0.9641332469094337
76561198059330260,0,0.6498284339904785,8,0.9641332469094337
76561199544802788,0,0.008743541315197945,8,0.9641332469094337
76561198054958493,0,0.9894129633903503,8,0.9641332469094337
76561198160579585,1,0.9867300987243652,8,0.9641332469094337
76561198040897755,0,0.005528220906853676,8,0.9641332469094337
76561199503077156,0,0.004806884564459324,8,0.9641332469094337
76561198255465741,0,0.003945344593375921,8,0.9641332469094337
76561198009983368,0,0.00425235740840435,8,0.9641332469094337
76561198154522476,0,0.16229254007339478,8,0.9641332469094337
76561198054200164,0,0.004936366342008114,8,0.9641332469094337
76561198135767354,0,0.006523543503135443,8,0.9641332469094337
76561198448570182,0,0.0069077168591320515,8,0.9641332469094337
76561198166734009,0,0.00485294358804822,8,0.9641332469094337
76561199205149900,0,0.004802903160452843,8,0.9641332469094337
76561198981759171,0,0.003978032153099775,8,0.9641332469094337
76561199013425056,0,0.004515276290476322,8,0.9641332469094337
76561198156988688,0,0.022738654166460037,8,0.9641332469094337
76561198355892330,0,0.05036413297057152,8,0.9641332469094337
76561198043406793,0,0.9532761573791504,8,0.9641332469094337
76561198171616289,0,0.0162596944719553,8,0.9641332469094337
76561198966189429,0,0.005001633893698454,8,0.9641332469094337
76561198043827515,0,0.020086189731955528,8,0.9641332469094337
76561198079338220,0,0.005647416692227125,8,0.9641332469094337
76561198009686956,0,0.005770146381109953,8,0.9641332469094337
76561198017508186,0,0.004806884564459324,8,0.9641332469094337
76561199126218725,0,0.007809140253812075,8,0.9641332469094337
76561198086231102,0,0.017775794491171837,8,0.9641332469094337
76561198053417844,0,0.1557995080947876,8,0.9641332469094337
76561198035299179,0,0.00411735475063324,8,0.9641332469094337
76561198367614178,0,0.004794955253601074,8,0.9641332469094337
76561198028647048,0,0.02419308014214039,8,0.9641332469094337
76561199804419669,0,0.01080629974603653,8,0.9641332469094337
76561199575137064,0,0.004591287113726139,8,0.9641332469094337
76561199387634297,0,0.007760797627270222,8,0.9641332469094337
76561198216237881,0,0.013376401737332344,8,0.9641332469094337
76561199224357122,0,0.00493429834023118,8,0.9641332469094337
76561198410040873,0,0.0044098119251430035,8,0.9641332469094337
76561198817792934,0,0.004089143592864275,8,0.9641332469094337
76561198138552103,0,0.004638428334146738,8,0.9641332469094337
76561198984345721,0,0.008006397634744644,8,0.9641332469094337
76561199021501459,0,0.014772064052522182,8,0.9641332469094337
76561199075118977,0,0.012366360053420067,8,0.9641332469094337
76561197986933760,0,0.00511997751891613,8,0.9641332469094337
76561198868172770,0,0.01664958894252777,8,0.9641332469094337
76561198319687294,0,0.004466653801500797,8,0.9641332469094337
76561198317763377,0,0.021879421547055244,8,0.9641332469094337
76561198271297338,0,0.0048395683988928795,8,0.9641332469094337
76561197978109194,0,0.005471962038427591,8,0.9641332469094337
76561199083196052,0,0.004414484836161137,8,0.9641332469094337
76561199757788116,0,0.005144011694937944,8,0.9641332469094337
76561198973007625,0,0.008691716007888317,8,0.9641332469094337
76561199188587168,0,0.004840969108045101,8,0.9641332469094337
76561198020972122,0,0.004387186374515295,8,0.9641332469094337
76561199388955200,0,0.004924015142023563,8,0.9641332469094337
76561198044109940,0,0.004888148978352547,8,0.9641332469094337
76561197972240555,0,0.16766828298568726,8,0.9641332469094337
76561198871890372,0,0.016640866175293922,8,0.9641332469094337
76561199101668843,0,0.0040025110356509686,8,0.9641332469094337
76561197981789473,0,0.004680261015892029,8,0.9641332469094337
76561198822848878,0,0.007760797627270222,8,0.9641332469094337
76561198098540036,0,0.03596356138586998,8,0.9641332469094337
76561198085335527,0,0.005744657479226589,8,0.9641332469094337
76561199439046195,0,0.05843967944383621,8,0.9641332469094337
76561198971433692,0,0.009856504388153553,8,0.9641332469094337
76561198347626584,0,0.005639730952680111,8,0.9641332469094337
76561198049913102,0,0.005285082850605249,8,0.9641332469094337
76561199087624173,0,0.953175961971283,8,0.9641332469094337
76561198161386158,0,0.005846192594617605,8,0.9641332469094337
76561198142519457,0,0.007676288019865751,8,0.9641332469094337
76561198050377198,0,0.005194343160837889,8,0.9641332469094337
76561198931356335,0,0.004308917094022036,8,0.9641332469094337
76561198321116399,0,0.006889517419040203,8,0.9641332469094337
76561199187471443,0,0.008444617502391338,8,0.9641332469094337
76561199550668638,0,0.004064213950186968,8,0.9641332469094337
76561199116162364,0,0.0046182963997125626,8,0.9641332469094337
76561199234605294,0,0.005310845095664263,8,0.9641332469094337
76561198059782747,0,0.023135079070925713,8,0.9641332469094337
76561199219457825,0,0.052455052733421326,8,0.9641332469094337
76561199122348962,0,0.004076219163835049,8,0.9641332469094337
76561199657807252,0,0.004757619462907314,8,0.9641332469094337
76561199521157255,0,0.006303964648395777,8,0.9641332469094337
76561198210796711,0,0.0051147486083209515,8,0.9641332469094337
76561199486823655,0,0.004686405882239342,8,0.9641332469094337
76561198421360699,0,0.004939224570989609,8,0.9641332469094337
76561198160971158,0,0.01692274957895279,8,0.9641332469094337
76561198355068207,0,0.38183915615081787,8,0.9641332469094337
76561198264760251,0,0.6859498023986816,8,0.9641332469094337
76561199097850792,0,0.004738172050565481,8,0.9641332469094337
76561198010245378,0,0.008729008957743645,8,0.9641332469094337
76561199172224793,0,0.009705107659101486,8,0.9641332469094337
76561198861708407,0,0.06305009126663208,8,0.9641332469094337
76561198076086124,0,0.1327662467956543,8,0.9641332469094337
76561198090152073,0,0.7284237742424011,8,0.9641332469094337
76561198045027156,0,0.03570776805281639,8,0.9641332469094337
76561198090091738,0,0.0065487758256495,8,0.9641332469094337
76561197997096249,0,0.11629119515419006,8,0.9641332469094337
76561197990339329,0,0.06218363717198372,8,0.9641332469094337
76561198072998238,0,0.7554217576980591,8,0.9641332469094337
76561199078738388,1,0.9937785267829895,8,0.9641332469094337
76561198034769144,0,0.004735494963824749,8,0.9641332469094337
76561198145247471,0,0.010353821329772472,8,0.9641332469094337
76561199223437670,0,0.018037699162960052,8,0.9641332469094337
76561197978004705,0,0.006742073222994804,8,0.9641332469094337
76561198078042785,0,0.02260688878595829,8,0.9641332469094337
76561198348403070,1,0.9032175540924072,8,0.9641332469094337
76561198423684017,0,0.006074835080653429,8,0.9641332469094337
76561199004922687,0,0.010367530398070812,8,0.9641332469094337
76561198167236468,0,0.0042939335107803345,8,0.9641332469094337
76561198873549626,0,0.014751466922461987,8,0.9641332469094337
76561199083066788,0,0.005175645463168621,8,0.9641332469094337
76561199017019967,0,0.0045393239706754684,8,0.9641332469094337
76561198204511623,0,0.29215043783187866,8,0.9641332469094337
76561199009013203,0,0.005679289810359478,8,0.9641332469094337
76561198849180495,0,0.028274690732359886,8,0.9641332469094337
76561198268363090,0,0.00807979702949524,8,0.9641332469094337
76561198994283037,0,0.017262481153011322,8,0.9641332469094337
76561198067364149,0,0.00468577491119504,8,0.9641332469094337
76561198427882159,0,0.004815080668777227,8,0.9641332469094337
76561199301502574,0,0.061541445553302765,8,0.9641332469094337
76561198394535559,0,0.12716011703014374,8,0.9641332469094337
76561198087570794,0,0.9697254300117493,8,0.9641332469094337
76561198271924076,0,0.00435742037370801,8,0.9641332469094337
76561198280412412,0,0.00612294115126133,8,0.9641332469094337
76561198112477400,0,0.004455425776541233,8,0.9641332469094337
76561198064474444,0,0.07396643608808517,8,0.9641332469094337
76561198074493089,0,0.01373573113232851,8,0.9641332469094337
76561198053083225,0,0.015179694630205631,8,0.9641332469094337
76561198169336888,0,0.0051156701520085335,8,0.9641332469094337
76561198208501932,0,0.9723839163780212,8,0.9641332469094337
76561199212258551,0,0.0042059109546244144,8,0.9641332469094337
76561199422634339,0,0.05437753349542618,8,0.9641332469094337
76561199204444576,0,0.004816733300685883,8,0.9641332469094337
76561198293774344,0,0.00597155187278986,8,0.9641332469094337
76561199441953427,1,0.9898692965507507,8,0.9641332469094337
76561198079084274,0,0.0050039272755384445,8,0.9641332469094337
76561199638868607,0,0.004674222785979509,8,0.9641332469094337
76561198927628380,0,0.9929936528205872,8,0.9641332469094337
76561199100272877,0,0.0042939335107803345,8,0.9641332469094337
76561198990947523,0,0.010567717254161835,8,0.9641332469094337
76561197999541837,0,0.012640639208257198,8,0.9641332469094337
76561198161388470,0,0.18357038497924805,8,0.9641332469094337
76561198259150658,0,0.004265801049768925,8,0.9641332469094337
76561198221868208,0,0.005137507803738117,8,0.9641332469094337
76561198118042552,0,0.005925729405134916,8,0.9641332469094337
76561198273571578,0,0.013111371546983719,8,0.9641332469094337
76561199268545355,0,0.026289714500308037,8,0.9641332469094337
76561198260107071,0,0.0045787254348397255,8,0.9641332469094337
76561198257357330,0,0.005214552395045757,8,0.9641332469094337
76561199011234964,0,0.9743714332580566,8,0.9641332469094337
76561199162736689,0,0.004856559913605452,8,0.9641332469094337
76561198337369516,0,0.004611103795468807,8,0.9641332469094337
76561198120394844,0,0.005843760445713997,8,0.9641332469094337
76561198811850525,0,0.017587706446647644,8,0.9641332469094337
76561198026604942,0,0.004753000568598509,8,0.9641332469094337
76561198418876613,0,0.005489569157361984,8,0.9641332469094337
76561198125213086,0,0.005437001120299101,8,0.9641332469094337
76561199108233674,0,0.013583696447312832,8,0.9641332469094337
76561199214312243,0,0.0042939335107803345,8,0.9641332469094337
76561198260724134,0,0.005711542442440987,8,0.9641332469094337
76561198015897949,0,0.004214263521134853,8,0.9641332469094337
76561198072350314,0,0.004960423335433006,8,0.9641332469094337
76561198851468298,0,0.007081231568008661,8,0.9641332469094337
76561197975707794,0,0.005254492629319429,8,0.9641332469094337
76561199273709996,0,0.005457284394651651,8,0.9641332469094337
76561198859829137,0,0.005432113539427519,8,0.9641332469094337
76561198812216759,0,0.011002518236637115,8,0.9641332469094337
76561198042863528,0,0.016693107783794403,8,0.9641332469094337
76561198059868058,0,0.009500806219875813,8,0.9641332469094337
76561199134192408,0,0.007064206525683403,8,0.9641332469094337
76561198017899471,0,0.5443969964981079,8,0.9641332469094337
76561198124982670,0,0.9555914402008057,8,0.9641332469094337
76561198171599390,0,0.004549258854240179,8,0.9641332469094337
76561199229632536,0,0.010973676107823849,8,0.9641332469094337
76561199245810904,0,0.080085888504982,8,0.9641332469094337
76561199075628476,0,0.004557657986879349,8,0.9641332469094337
76561199161228347,0,0.009533402509987354,8,0.9641332469094337
76561198047550494,0,0.005698075983673334,8,0.9641332469094337
76561198009350677,0,0.006515961140394211,8,0.9641332469094337
76561198054238257,0,0.0062531945295631886,8,0.9641332469094337
76561199471239817,0,0.042343683540821075,8,0.9641332469094337
76561198011846694,0,0.2006721943616867,8,0.9641332469094337
76561198030854201,0,0.22837992012500763,8,0.9641332469094337
76561199560512821,0,0.005102136638015509,8,0.9641332469094337
76561199033777701,0,0.00986562017351389,8,0.9641332469094337
76561199013453902,0,0.02919069491326809,8,0.9641332469094337
76561199234180445,0,0.004483363125473261,8,0.9641332469094337
76561198139467166,0,0.9479483366012573,8,0.9641332469094337
76561198395390005,0,0.9895442724227905,8,0.9641332469094337
76561198893383671,0,0.004568643867969513,8,0.9641332469094337
76561198243955990,0,0.005441958550363779,8,0.9641332469094337
76561198052817454,0,0.008470479398965836,8,0.9641332469094337
76561198070114683,0,0.004767542239278555,8,0.9641332469094337
76561199072581811,0,0.004092127550393343,8,0.9641332469094337
76561199019495288,0,0.004733225330710411,8,0.9641332469094337
76561198333991724,1,0.9645779132843018,8,0.9641332469094337
76561198049662346,0,0.0338144414126873,8,0.9641332469094337
76561199203394645,0,0.01556207425892353,8,0.9641332469094337
76561198845733962,0,0.004819680470973253,8,0.9641332469094337
76561198137437613,0,0.009662589058279991,8,0.9641332469094337
76561199442581962,0,0.19920754432678223,8,0.9641332469094337
76561198080629518,0,0.02313925512135029,8,0.9641332469094337
76561198621289781,0,0.00947616621851921,8,0.9641332469094337
76561198805495439,0,0.00914716999977827,8,0.9641332469094337
76561198245756514,0,0.005915884859859943,8,0.9641332469094337
76561197972814148,0,0.0115268025547266,8,0.9641332469094337
76561198091778807,0,0.010485953651368618,8,0.9641332469094337
76561199095153289,0,0.02992686629295349,8,0.9641332469094337
76561198003783374,0,0.0044878264889121056,8,0.9641332469094337
76561197968489225,0,0.015808066353201866,8,0.9641332469094337
76561198161354939,0,0.00483431201428175,8,0.9641332469094337
76561199642172907,0,0.010580956935882568,8,0.9641332469094337
76561198175746347,0,0.005462509114295244,8,0.9641332469094337
76561197970485917,0,0.021864384412765503,8,0.9641332469094337
76561198142370229,0,0.00821688026189804,8,0.9641332469094337
76561199066837936,0,0.012808986939489841,8,0.9641332469094337
76561199013902255,0,0.004878933075815439,8,0.9641332469094337
76561198386136142,1,0.7899608016014099,8,0.9641332469094337
76561199210300941,0,0.006531308405101299,8,0.9641332469094337
76561199192187636,0,0.005733831319957972,8,0.9641332469094337
76561198385999248,0,0.010733328759670258,8,0.9641332469094337
76561198349096012,1,0.9915959239006042,8,0.9641332469094337
76561198345440070,0,0.0046239690855145454,8,0.9641332469094337
76561198190198421,0,0.0044018286280334,8,0.9641332469094337
76561198347116444,0,0.008243322372436523,8,0.9641332469094337
76561199469115950,0,0.0536770261824131,8,0.9641332469094337
76561199443451740,0,0.0250262301415205,8,0.9641332469094337
76561199121879863,0,0.06924144923686981,8,0.9641332469094337
76561198441219022,0,0.034347690641880035,8,0.9641332469094337
76561198418186865,0,0.0063150618225336075,8,0.9641332469094337
76561199353541396,0,0.021400099620223045,8,0.9641332469094337
76561198028063405,0,0.013412881642580032,8,0.9641332469094337
76561198332733072,0,0.005072460975497961,8,0.9641332469094337
76561199050161678,0,0.005234338343143463,8,0.9641332469094337
76561199059857820,0,0.0057940492406487465,8,0.9641332469094337
76561198398068935,0,0.014127347618341446,8,0.9641332469094337
76561198095996691,0,0.004064213950186968,8,0.9641332469094337
76561199257720064,0,0.006015253718942404,8,0.9641332469094337
76561197991372184,0,0.004121370147913694,8,0.9641332469094337
76561199003674694,0,0.006005756091326475,8,0.9641332469094337
76561199065286418,0,0.006349508184939623,8,0.9641332469094337
76561199060693283,0,0.004029190633445978,8,0.9641332469094337
76561199132822251,0,0.004405574407428503,8,0.9641332469094337
76561197965279377,0,0.004826441407203674,8,0.9641332469094337
76561198078298215,0,0.0047871703281998634,8,0.9641332469094337
76561199201080517,0,0.007732174824923277,8,0.9641332469094337
76561199185325994,0,0.005416347179561853,8,0.9641332469094337
76561199015530937,0,0.005345279350876808,8,0.9641332469094337
76561198279926323,0,0.005183955188840628,8,0.9641332469094337
76561199493559764,0,0.00442119175568223,8,0.9641332469094337
76561198977855348,0,0.0043335878290236,8,0.9641332469094337
76561198030392936,0,0.9898977279663086,8,0.9641332469094337
76561198068439022,0,0.005543602164834738,8,0.9641332469094337
76561199161429130,0,0.005738127510994673,8,0.9641332469094337
76561198015665483,0,0.0047306702472269535,8,0.9641332469094337
76561198821502088,0,0.007195231970399618,8,0.9641332469094337
76561198091915127,0,0.0165628120303154,8,0.9641332469094337
76561198271302219,0,0.005002678371965885,8,0.9641332469094337
76561198307279691,0,0.004996700678020716,8,0.9641332469094337
76561197979972657,0,0.0070341541431844234,8,0.9641332469094337
76561199196047811,0,0.03073561005294323,8,0.9641332469094337
76561198847221829,0,0.004312930628657341,8,0.9641332469094337
76561199062580747,0,0.004649945069104433,8,0.9641332469094337
76561198006091928,0,0.08518518507480621,8,0.9641332469094337
76561198084424519,0,0.008074012584984303,8,0.9641332469094337
76561198951024608,0,0.004756175447255373,8,0.9641332469094337
76561198068337014,0,0.009432582184672356,8,0.9641332469094337
76561198441229290,0,0.5673033595085144,8,0.9641332469094337
76561198968847536,0,0.006849649827927351,8,0.9641332469094337
76561199028012025,0,0.0054313670843839645,8,0.9641332469094337
76561199086149207,0,0.005036104004830122,8,0.9641332469094337
76561199468250098,0,0.004104715771973133,8,0.9641332469094337
76561198331175437,0,0.14934372901916504,8,0.9641332469094337
76561198813206577,0,0.1058671697974205,8,0.9641332469094337
76561199089627958,0,0.004392208997160196,8,0.9641332469094337
76561199025086584,0,0.2870121896266937,8,0.9641332469094337
76561198130633687,0,0.08019586652517319,8,0.9641332469094337
76561198146143081,0,0.12842027842998505,8,0.9641332469094337
76561199151384907,0,0.9858993887901306,8,0.9641332469094337
76561198851417954,0,0.0045802234672009945,8,0.9641332469094337
76561199114406548,0,0.0065012965351343155,8,0.9641332469094337
76561199054698374,0,0.014462675899267197,8,0.9641332469094337
76561198076544954,0,0.012667943723499775,8,0.9641332469094337
76561199086734953,0,0.6723849773406982,8,0.9641332469094337
76561198010083432,0,0.03438432514667511,8,0.9641332469094337
76561198219131813,0,0.007667942903935909,8,0.9641332469094337
76561198978924834,0,0.006204284727573395,8,0.9641332469094337
76561199536875694,0,0.006344636902213097,8,0.9641332469094337
76561198143491891,0,0.0043676686473190784,8,0.9641332469094337
76561198312432134,0,0.04985220357775688,8,0.9641332469094337
76561198259010955,0,0.12215989083051682,8,0.9641332469094337
76561198045810705,0,0.004662234336137772,8,0.9641332469094337
76561199036784406,0,0.006003180518746376,8,0.9641332469094337
76561198337868387,0,0.005457946565002203,8,0.9641332469094337
76561198044876581,0,0.1457732766866684,8,0.9641332469094337
76561198027347256,0,0.3117942214012146,8,0.9641332469094337
76561197985556245,0,0.006303964648395777,8,0.9641332469094337
76561198354855314,0,0.004739296622574329,8,0.9641332469094337
76561198139296662,0,0.011647826991975307,8,0.9641332469094337
76561198211108000,0,0.046643830835819244,8,0.9641332469094337
76561198208145844,0,0.26324838399887085,8,0.9641332469094337
76561198354070591,0,0.004465140402317047,8,0.9641332469094337
76561199062684056,1,0.9942560791969299,8,0.9641332469094337
76561198096869747,0,0.7544894218444824,8,0.9641332469094337
76561198058680635,0,0.007929357700049877,8,0.9641332469094337
76561198155303898,0,0.005358000751584768,8,0.9641332469094337
76561199134235906,0,0.007799650076776743,8,0.9641332469094337
76561199568567698,0,0.8345606327056885,8,0.9641332469094337
76561199466531818,0,0.8634343147277832,8,0.9641332469094337
76561199550695530,0,0.00610611354932189,8,0.9641332469094337
76561197982335703,0,0.0043534087017178535,8,0.9641332469094337
76561198371162242,0,0.00505014369264245,8,0.9641332469094337
76561198066432552,0,0.006698420271277428,8,0.9641332469094337
76561199164796258,0,0.005134254693984985,8,0.9641332469094337
76561198085541240,0,0.005590264685451984,8,0.9641332469094337
76561198028319169,0,0.4656132459640503,8,0.9641332469094337
76561198053475934,0,0.02478312887251377,8,0.9641332469094337
76561198271224695,0,0.004394489340484142,8,0.9641332469094337
76561198121796767,0,0.01587790437042713,8,0.9641332469094337
76561198025604785,0,0.10478807985782623,8,0.9641332469094337
76561198889359567,0,0.004591287113726139,8,0.9641332469094337
76561199159036092,0,0.011994941160082817,8,0.9641332469094337
76561199467680025,0,0.005235897842794657,8,0.9641332469094337
76561198274163691,0,0.035051263868808746,8,0.9641332469094337
76561199443546621,0,0.004591287113726139,8,0.9641332469094337
76561199028418345,0,0.0055960798636078835,8,0.9641332469094337
76561198212651373,0,0.00527832331135869,8,0.9641332469094337
76561198038799477,0,0.005678029265254736,8,0.9641332469094337
76561197986420910,0,0.005429224111139774,8,0.9641332469094337
76561198007076813,0,0.004733225330710411,8,0.9641332469094337
76561198357261887,0,0.005747273098677397,8,0.9641332469094337
76561199238146629,0,0.007516490761190653,8,0.9641332469094337
76561198080055749,0,0.004709362052381039,8,0.9641332469094337
76561198106191145,0,0.005760806612670422,8,0.9641332469094337
76561198264493742,0,0.0043264091946184635,8,0.9641332469094337
76561199634455008,0,0.041587281972169876,8,0.9641332469094337
76561199218493418,0,0.004192826338112354,8,0.9641332469094337
76561198365245905,0,0.004417478572577238,8,0.9641332469094337
76561198267185841,0,0.00434044050052762,8,0.9641332469094337
76561198872607464,0,0.008443726226687431,8,0.9641332469094337
76561199492897640,0,0.12503136694431305,8,0.9641332469094337
76561198035948714,0,0.004898362793028355,8,0.9641332469094337
76561198871130309,0,0.004787343554198742,8,0.9641332469094337
76561199015436061,0,0.03597348928451538,8,0.9641332469094337
76561198262316037,0,0.0062278821133077145,8,0.9641332469094337
76561198276520695,0,0.9430533051490784,8,0.9641332469094337
76561199096989019,0,0.004640374332666397,8,0.9641332469094337
76561199025395282,0,0.004112629219889641,8,0.9641332469094337
76561198356050719,0,0.011049043387174606,8,0.9641332469094337
76561198191698201,0,0.004146007355302572,8,0.9641332469094337
76561199496072570,0,0.005747273098677397,8,0.9641332469094337
76561198988271870,0,0.9795928001403809,8,0.9641332469094337
76561199454289385,0,0.0049589453265070915,8,0.9641332469094337
76561198993319927,0,0.004977875389158726,8,0.9641332469094337
76561199027103848,0,0.07756093889474869,8,0.9641332469094337
76561199466003269,0,0.00463084364309907,8,0.9641332469094337
76561198177811718,0,0.03392120823264122,8,0.9641332469094337
76561199254361436,0,0.004733568988740444,8,0.9641332469094337
76561198871627125,0,0.008491797372698784,8,0.9641332469094337
76561199151465655,0,0.14325779676437378,8,0.9641332469094337
76561198965686541,0,0.005359009373933077,8,0.9641332469094337
76561198135109234,0,0.004564221948385239,8,0.9641332469094337
76561198433840341,0,0.004806884564459324,8,0.9641332469094337
76561198981832026,0,0.006303964648395777,8,0.9641332469094337
76561199080274290,0,0.057974524796009064,8,0.9641332469094337
76561198058242833,0,0.005522164050489664,8,0.9641332469094337
76561198044558335,0,0.006389816757291555,8,0.9641332469094337
76561198858107105,0,0.006886082701385021,8,0.9641332469094337
76561199172397032,0,0.020784683525562286,8,0.9641332469094337
76561198252827766,0,0.029564300552010536,8,0.9641332469094337
76561199526129004,0,0.008491797372698784,8,0.9641332469094337
76561198383673050,0,0.011933551169931889,8,0.9641332469094337
76561198401603228,0,0.0142431128770113,8,0.9641332469094337
76561198001585223,0,0.003928883466869593,8,0.9641332469094337
76561199056624652,0,0.02698425017297268,8,0.9641332469094337
76561198124078987,1,0.9812642335891724,8,0.9641332469094337
76561198830094147,0,0.008658507838845253,8,0.9641332469094337
76561198098025611,0,0.009307888336479664,8,0.9641332469094337
76561199277295553,0,0.16197648644447327,8,0.9641332469094337
76561199222916152,0,0.004907880909740925,8,0.9641332469094337
76561198454247776,0,0.0056681446731090546,8,0.9641332469094337
76561199380705513,0,0.006061740685254335,8,0.9641332469094337
76561198001783602,0,0.5172809958457947,8,0.9641332469094337
76561198077519414,0,0.8103328943252563,8,0.9641332469094337
76561198040304845,0,0.2729403078556061,8,0.9641332469094337
76561198048324805,0,0.008502214215695858,8,0.9641332469094337
76561198034477033,0,0.7757474780082703,8,0.9641332469094337
76561198031896699,0,0.8855827450752258,8,0.9641332469094337
76561198068065030,0,0.004054257180541754,8,0.9641332469094337
76561199151840497,1,0.9875741600990295,8,0.9641332469094337
76561198222570400,0,0.9228817224502563,8,0.9641332469094337
76561199080493869,0,0.010506010614335537,8,0.9641332469094337
76561199094906329,0,0.004276853986084461,8,0.9641332469094337
76561198071836104,0,0.009365552105009556,8,0.9641332469094337
76561199205795832,0,0.004868604708462954,8,0.9641332469094337
76561198363066776,0,0.006896243896335363,8,0.9641332469094337
76561199042842485,0,0.006948580965399742,8,0.9641332469094337
76561198256882142,0,0.0042939335107803345,8,0.9641332469094337
76561198846800966,0,0.005584202706813812,8,0.9641332469094337
76561199262948916,0,0.07017352432012558,8,0.9641332469094337
76561199076595438,0,0.009542659856379032,8,0.9641332469094337
76561199234385908,0,0.004752626176923513,8,0.9641332469094337
76561199446501311,0,0.004806884564459324,8,0.9641332469094337
76561199134640485,0,0.011330920271575451,8,0.9641332469094337
76561198026509034,0,0.09834127873182297,8,0.9641332469094337
76561199198090315,0,0.004591287113726139,8,0.9641332469094337
76561198383864768,0,0.005384564399719238,8,0.9641332469094337
76561199549405177,0,0.0133505305275321,8,0.9641332469094337
76561198131726190,0,0.005136408377438784,8,0.9641332469094337
76561199366070282,0,0.009648703970015049,8,0.9641332469094337
76561198083020094,0,0.010088058188557625,8,0.9641332469094337
76561198069137737,0,0.00606770534068346,8,0.9641332469094337
76561199050159018,0,0.027422133833169937,8,0.9641332469094337
76561198402032280,0,0.004806884564459324,8,0.9641332469094337
76561199219983339,0,0.02054828591644764,8,0.9641332469094337
76561198362416249,0,0.004668965935707092,8,0.9641332469094337
76561197967067574,0,0.00716005265712738,8,0.9641332469094337
76561197998912879,0,0.007055268622934818,8,0.9641332469094337
76561198252136668,0,0.005217640195041895,8,0.9641332469094337
76561198118403778,0,0.006290414836257696,8,0.9641332469094337
76561199403624672,0,0.017070798203349113,8,0.9641332469094337
76561198868443134,0,0.006088157184422016,8,0.9641332469094337
76561199064836678,0,0.008683362975716591,8,0.9641332469094337
76561199026269690,0,0.00584462471306324,8,0.9641332469094337
76561199242742787,0,0.02868014946579933,8,0.9641332469094337
76561198038017276,0,0.02087739109992981,8,0.9641332469094337
76561199078393021,0,0.022977976128458977,8,0.9641332469094337
76561198355725097,0,0.005666352342814207,8,0.9641332469094337
76561199655731024,0,0.00444882083684206,8,0.9641332469094337
76561198154186238,0,0.019108936190605164,8,0.9641332469094337
76561198053968259,0,0.00421193428337574,8,0.9641332469094337
76561198058138212,0,0.005075477063655853,8,0.9641332469094337
76561198321687891,0,0.005435657221823931,8,0.9641332469094337
76561198092407710,0,0.004806884564459324,8,0.9641332469094337
76561197971925562,0,0.6500398516654968,8,0.9641332469094337
76561198209694819,0,0.005098144523799419,8,0.9641332469094337
76561197969277526,0,0.005671610124409199,8,0.9641332469094337
76561198013460909,0,0.005079304333776236,8,0.9641332469094337
76561199568202730,0,0.007568546570837498,8,0.9641332469094337
76561198278529735,0,0.004922127816826105,8,0.9641332469094337
76561197998484604,0,0.4087960720062256,8,0.9641332469094337
76561199140188377,0,0.010380287654697895,8,0.9641332469094337
76561197998866207,0,0.0061842771247029305,8,0.9641332469094337
76561199228633871,0,0.004675387404859066,8,0.9641332469094337
76561198120008114,0,0.006189269479364157,8,0.9641332469094337
76561198964321108,0,0.9911545515060425,8,0.9641332469094337
76561198201758591,0,0.00448628468438983,8,0.9641332469094337
76561198239843586,0,0.006215582136064768,8,0.9641332469094337
76561199081205449,0,0.006688008550554514,8,0.9641332469094337
76561198072216396,0,0.008358576335012913,8,0.9641332469094337
76561198274084647,0,0.006103801541030407,8,0.9641332469094337
76561199098345634,0,0.024930180981755257,8,0.9641332469094337
76561198057308095,0,0.004736924543976784,8,0.9641332469094337
76561198064337913,0,0.004636786412447691,8,0.9641332469094337
76561198089662724,0,0.004954565782099962,8,0.9641332469094337
76561198150413815,0,0.007303172256797552,8,0.9641332469094337
76561199322240547,0,0.03060009330511093,8,0.9641332469094337
76561198057350959,0,0.005104414653033018,8,0.9641332469094337
76561198003582246,0,0.005670099053531885,8,0.9641332469094337
76561198080389574,0,0.005811178125441074,8,0.9641332469094337
76561198081905833,0,0.006398271769285202,8,0.9641332469094337
76561198135154498,0,0.0044901324436068535,8,0.9641332469094337
76561199594007593,0,0.024865785613656044,8,0.9641332469094337
76561198043159348,0,0.006552211008965969,8,0.9641332469094337
76561198264089401,0,0.0049822041764855385,8,0.9641332469094337
76561198375882242,0,0.004721308127045631,8,0.9641332469094337
76561197983462503,0,0.004647143185138702,8,0.9641332469094337
76561199215321535,0,0.0050220126286149025,8,0.9641332469094337
76561197980409001,0,0.02333783358335495,8,0.9641332469094337
76561198119732586,0,0.12245519459247589,8,0.9641332469094337
76561198009122931,1,0.7436411380767822,8,0.9641332469094337
76561198100336557,0,0.004344113636761904,8,0.9641332469094337
76561199062262538,0,0.004262393340468407,8,0.9641332469094337
76561198018006017,0,0.5631656646728516,8,0.9641332469094337
76561198024414793,0,0.08673317730426788,8,0.9641332469094337
76561199198333507,0,0.005009191110730171,8,0.9641332469094337
76561199135573259,0,0.006695298478007317,8,0.9641332469094337
76561199568616982,0,0.004591287113726139,8,0.9641332469094337
76561199146055869,0,0.00444370461627841,8,0.9641332469094337
76561198049276171,0,0.00806522648781538,8,0.9641332469094337
76561198346448260,0,0.005211283452808857,8,0.9641332469094337
76561198071706420,0,0.0046431878581643105,8,0.9641332469094337
76561199200035366,0,0.9169108271598816,8,0.9641332469094337
76561197996884963,0,0.013382306322455406,8,0.9641332469094337
76561198982035569,0,0.06964458525180817,8,0.9641332469094337
76561198028157075,0,0.32001015543937683,8,0.9641332469094337
76561198448193171,0,0.30496591329574585,8,0.9641332469094337
76561198304142040,0,0.0050874026492238045,8,0.9641332469094337
76561199799508813,0,0.004984185099601746,8,0.9641332469094337
76561198126509632,0,0.0060396455228328705,8,0.9641332469094337
76561198840552162,0,0.00424980791285634,8,0.9641332469094337
76561198961483438,0,0.01406308077275753,8,0.9641332469094337
76561198073493924,0,0.055836621671915054,8,0.9641332469094337
76561198373919162,0,0.008888999000191689,8,0.9641332469094337
76561198822927558,0,0.008494616486132145,8,0.9641332469094337
76561198448222884,0,0.0043469942174851894,8,0.9641332469094337
76561199164750242,0,0.006852939259260893,8,0.9641332469094337
76561199241133051,0,0.013783523812890053,8,0.9641332469094337
76561198361293767,0,0.061913032084703445,8,0.9641332469094337
76561198282740344,0,0.008820617571473122,8,0.9641332469094337
76561198859829654,0,0.006781351752579212,8,0.9641332469094337
76561198159421869,0,0.03243688493967056,8,0.9641332469094337
76561198002213373,0,0.13730785250663757,8,0.9641332469094337
76561198259833560,0,0.009470412507653236,8,0.9641332469094337
76561199013778202,0,0.016126355156302452,8,0.9641332469094337
76561198062505763,0,0.0046054343692958355,8,0.9641332469094337
76561197971611686,0,0.007243714760988951,8,0.9641332469094337
76561198347093333,0,0.005583826452493668,8,0.9641332469094337
76561198168153402,0,0.014637387357652187,8,0.9641332469094337
76561198331306458,0,0.019414054229855537,8,0.9641332469094337
76561199291816894,0,0.007390347775071859,8,0.9641332469094337
76561199664190653,0,0.009314768016338348,8,0.9641332469094337
76561198296339407,0,0.004702787380665541,8,0.9641332469094337
76561198364114733,0,0.00653647119179368,8,0.9641332469094337
76561199108676812,0,0.009892364963889122,8,0.9641332469094337
76561199071310897,0,0.00807273667305708,8,0.9641332469094337
76561198131232814,0,0.006192226894199848,8,0.9641332469094337
76561198086331446,0,0.0070741670206189156,8,0.9641332469094337
76561199095510966,0,0.036703769117593765,8,0.9641332469094337
76561198052368995,0,0.07917232066392899,8,0.9641332469094337
76561199625419619,0,0.009953254833817482,8,0.9641332469094337
76561198214402877,0,0.030871231108903885,8,0.9641332469094337
76561198950647387,0,0.010169983841478825,8,0.9641332469094337
76561199622752578,0,0.005710231605917215,8,0.9641332469094337
76561199233527195,0,0.0207020565867424,8,0.9641332469094337
76561199120954926,0,0.01005016639828682,8,0.9641332469094337
76561198041161609,0,0.005086223129183054,8,0.9641332469094337
76561199524292314,0,0.2479206770658493,8,0.9641332469094337
76561198827970986,0,0.00615817541256547,8,0.9641332469094337
76561198982046060,0,0.004806884564459324,8,0.9641332469094337
76561199499273676,0,0.005134089849889278,8,0.9641332469094337
76561198135407611,0,0.004190413746982813,8,0.9641332469094337
76561198158757393,0,0.0061838398687541485,8,0.9641332469094337
76561198979528291,0,0.027768561616539955,8,0.9641332469094337
76561198128522417,0,0.20680446922779083,8,0.9641332469094337
76561198030784385,0,0.004394224379211664,8,0.9641332469094337
76561198023955700,0,0.0046881260350346565,8,0.9641332469094337
76561199229456014,0,0.011927682906389236,8,0.9641332469094337
76561199065284066,0,0.004040437284857035,8,0.9641332469094337
76561198150892757,0,0.005196650046855211,8,0.9641332469094337
76561198017835377,0,0.0039238897152245045,8,0.9641332469094337
76561198146780671,0,0.01385911088436842,8,0.9641332469094337
76561198047836845,0,0.004884632304310799,8,0.9641332469094337
76561199679691634,0,0.004356958903372288,8,0.9641332469094337
76561199535663339,0,0.006233840715140104,8,0.9641332469094337
76561197982595507,0,0.004787720274180174,8,0.9641332469094337
76561198018358001,0,0.008149434812366962,8,0.9641332469094337
76561198302849156,0,0.005967525765299797,8,0.9641332469094337
76561199146566867,0,0.004291318356990814,8,0.9641332469094337
76561198832167145,0,0.974573016166687,8,0.9641332469094337
76561199112731094,0,0.004591287113726139,8,0.9641332469094337
76561199013690046,0,0.004069998860359192,8,0.9641332469094337
76561198013969128,0,0.00520690530538559,8,0.9641332469094337
76561199243951503,0,0.009497727267444134,8,0.9641332469094337
76561199200602004,0,0.006776285823434591,8,0.9641332469094337
76561197968319635,0,0.004850985947996378,8,0.9641332469094337
76561198147757927,0,0.03475393354892731,8,0.9641332469094337
76561198028070902,0,0.004365011118352413,8,0.9641332469094337
76561198004809182,0,0.004640755709260702,8,0.9641332469094337
76561198840090723,0,0.9113791584968567,8,0.9641332469094337
76561199075076054,0,0.006776285823434591,8,0.9641332469094337
76561198086093975,0,0.004432207904756069,8,0.9641332469094337
76561198316414512,0,0.004945617169141769,8,0.9641332469094337
76561198403927942,0,0.009647865779697895,8,0.9641332469094337
76561198243162544,0,0.8658662438392639,8,0.9641332469094337
76561199083293012,0,0.005006297491490841,8,0.9641332469094337
76561198235246948,0,0.004953066352754831,8,0.9641332469094337
76561198427671005,0,0.046664971858263016,8,0.9641332469094337
76561198074469042,0,0.9111475348472595,8,0.9641332469094337
76561198263791289,0,0.008190388791263103,8,0.9641332469094337
76561198163550535,1,0.9930453896522522,8,0.9641332469094337
76561198317631689,0,0.04484860971570015,8,0.9641332469094337
76561198056466286,0,0.0097922682762146,8,0.9641332469094337
76561198034324133,0,0.005320748779922724,8,0.9641332469094337
76561198102129041,0,0.012947441078722477,8,0.9641332469094337
76561198056789758,0,0.9887853860855103,8,0.9641332469094337
76561198076137408,0,0.6499013304710388,8,0.9641332469094337
76561198899189009,0,0.006303964648395777,8,0.9641332469094337
76561198089093258,0,0.005626462399959564,8,0.9641332469094337
76561198116658782,0,0.004855654668062925,8,0.9641332469094337
76561198127457308,0,0.4854089319705963,8,0.9641332469094337
76561197961314412,0,0.018479088321328163,8,0.9641332469094337
76561198050951068,0,0.011046919040381908,8,0.9641332469094337
76561199074169840,0,0.004141898825764656,8,0.9641332469094337
76561198353638823,0,0.00607400294393301,8,0.9641332469094337
76561199231926937,0,0.004972564056515694,8,0.9641332469094337
76561198086988105,0,0.03725143149495125,8,0.9641332469094337
76561198259875050,0,0.004582069348543882,8,0.9641332469094337
76561198447044952,0,0.02472943440079689,8,0.9641332469094337
76561198134134780,0,0.006194725167006254,8,0.9641332469094337
76561198948315456,0,0.03438976779580116,8,0.9641332469094337
76561198881353679,0,0.004757994320243597,8,0.9641332469094337
76561198210589581,0,0.022641489282250404,8,0.9641332469094337
76561198048200586,0,0.004360707011073828,8,0.9641332469094337
76561198111802936,0,0.005363225005567074,8,0.9641332469094337
76561198009625487,0,0.004252983722835779,8,0.9641332469094337
76561198405324902,0,0.01953105628490448,8,0.9641332469094337
76561198993532124,0,0.004318028688430786,8,0.9641332469094337
76561198204708193,0,0.017069820314645767,8,0.9641332469094337
76561198846326889,0,0.005770146381109953,8,0.9641332469094337
76561199386159791,0,0.008403897285461426,8,0.9641332469094337
76561198993678557,0,0.13081762194633484,8,0.9641332469094337
76561199004517703,0,0.004983111750334501,8,0.9641332469094337
76561199217135747,0,0.10076407343149185,8,0.9641332469094337
76561198144910921,0,0.4340728223323822,8,0.9641332469094337
76561199136818146,0,0.3797914385795593,8,0.9641332469094337
76561198085661269,0,0.011764397844672203,8,0.9641332469094337
76561198001158788,0,0.006253619212657213,8,0.9641332469094337
76561198859185026,0,0.007718931417912245,8,0.9641332469094337
76561198424176750,0,0.004999601282179356,8,0.9641332469094337
76561199154765958,0,0.005124667659401894,8,0.9641332469094337
76561198873579981,0,0.010661419481039047,8,0.9641332469094337
76561199129515581,1,0.9918931722640991,8,0.9641332469094337
76561198350519949,0,0.00459910836070776,8,0.9641332469094337
76561198115819053,0,0.05115071311593056,8,0.9641332469094337
76561199036664172,0,0.09864383190870285,8,0.9641332469094337
76561198807323268,0,0.022738676518201828,8,0.9641332469094337
76561198388398087,0,0.005119931418448687,8,0.9641332469094337
76561198318312233,0,0.22288140654563904,8,0.9641332469094337
76561198086315932,0,0.614972710609436,8,0.9641332469094337
76561199666300108,0,0.026343293488025665,8,0.9641332469094337
76561198039624565,0,0.8655194640159607,8,0.9641332469094337
76561199017230166,0,0.006467487197369337,8,0.9641332469094337
76561199000868779,0,0.004912260919809341,8,0.9641332469094337
76561197970238594,0,0.006563160568475723,8,0.9641332469094337
76561198030922520,0,0.07548017054796219,8,0.9641332469094337
76561199239601712,0,0.01212350558489561,8,0.9641332469094337
76561198274521133,0,0.00873663742095232,8,0.9641332469094337
76561198175569582,0,0.006662212312221527,8,0.9641332469094337
76561199116070743,0,0.0048583997413516045,8,0.9641332469094337
76561199112530382,0,0.004249502904713154,8,0.9641332469094337
76561198849825109,0,0.004716183990240097,8,0.9641332469094337
76561198980340547,0,0.0050125434063375,8,0.9641332469094337
76561198231907900,0,0.005766317714005709,8,0.9641332469094337
76561198050175837,0,0.9447440505027771,8,0.9641332469094337
76561198196265553,0,0.005402988288551569,8,0.9641332469094337
76561199121811106,0,0.005302574019879103,8,0.9641332469094337
76561198179598698,0,0.005415730644017458,8,0.9641332469094337
76561199466687683,0,0.011098014190793037,8,0.9641332469094337
76561199006764028,0,0.02535746619105339,8,0.9641332469094337
76561199569429871,0,0.004504140932112932,8,0.9641332469094337
76561198819375419,0,0.011011914350092411,8,0.9641332469094337
76561198962243330,0,0.004554919898509979,8,0.9641332469094337
76561198943047787,0,0.006776285823434591,8,0.9641332469094337
76561198433454915,0,0.004869778174906969,8,0.9641332469094337
76561198007378191,0,0.3925381302833557,8,0.9641332469094337
76561197971796460,0,0.007427743170410395,8,0.9641332469094337
76561198045656448,0,0.005616247653961182,8,0.9641332469094337
76561199645705442,1,0.2687437832355499,8,0.9641332469094337
76561199303605979,0,0.012685698457062244,8,0.9641332469094337
76561199031192368,0,0.006776285823434591,8,0.9641332469094337
76561198177243918,0,0.0044429851695895195,8,0.9641332469094337
76561198315056905,1,0.9928398132324219,8,0.9641332469094337
76561198148643610,0,0.005035444628447294,8,0.9641332469094337
76561198278898663,1,0.9687737226486206,8,0.9641332469094337
76561198028727077,0,0.034040480852127075,8,0.9641332469094337
76561199114201568,0,0.004447742365300655,8,0.9641332469094337
76561197990619159,0,0.00496830465272069,8,0.9641332469094337
76561198066790090,0,0.006166049279272556,8,0.9641332469094337
76561198318081552,0,0.004632672294974327,8,0.9641332469094337
76561198122020701,0,0.2844230532646179,8,0.9641332469094337
76561198101265954,1,0.9934636354446411,8,0.9641332469094337
76561198047814548,0,0.18339616060256958,8,0.9641332469094337
76561199256151635,0,0.9659287333488464,8,0.9641332469094337
76561199066699223,0,0.006195297464728355,8,0.9641332469094337
76561198148484711,0,0.5303238034248352,8,0.9641332469094337
76561198811057547,0,0.004229558631777763,8,0.9641332469094337
76561198068829723,0,0.03217754885554314,8,0.9641332469094337
76561197977728005,0,0.004397992976009846,8,0.9641332469094337
76561199054644483,0,0.01023124810308218,8,0.9641332469094337
76561198863390536,0,0.004816733300685883,8,0.9641332469094337
76561199092921227,0,0.006776285823434591,8,0.9641332469094337
76561198828016108,0,0.0055436729453504086,8,0.9641332469094337
76561198004468069,0,0.9200239181518555,8,0.9641332469094337
76561197994684276,0,0.5875869989395142,8,0.9641332469094337
76561198323667527,0,0.005298687145113945,8,0.9641332469094337
76561198039664708,0,0.8195428848266602,8,0.9641332469094337
76561198051303353,0,0.0055156731978058815,8,0.9641332469094337
76561199033423052,0,0.005416347179561853,8,0.9641332469094337
76561198334186812,0,0.340856671333313,8,0.9641332469094337
76561198104049729,0,0.006497583817690611,8,0.9641332469094337
76561198068261837,0,0.9195305705070496,8,0.9641332469094337
76561198059972490,0,0.008226887322962284,8,0.9641332469094337
76561198404072716,1,0.9766972064971924,8,0.9641332469094337
76561198271724537,0,0.020565366372466087,8,0.9641332469094337
76561197997534793,0,0.0043139467015862465,8,0.9641332469094337
76561199122529394,0,0.013563558459281921,8,0.9641332469094337
76561198125423768,0,0.00503513403236866,8,0.9641332469094337
76561198283500613,0,0.044000353664159775,8,0.9641332469094337
76561198137746270,0,0.00960106123238802,8,0.9641332469094337
76561198125411821,0,0.011990980245172977,8,0.9641332469094337
76561198321282479,0,0.11043784022331238,8,0.9641332469094337
76561198206914187,1,0.9866662621498108,8,0.9641332469094337
76561198991807506,0,0.004351628012955189,8,0.9641332469094337
76561198880131572,0,0.024825479835271835,8,0.9641332469094337
76561198844305634,0,0.11908874660730362,8,0.9641332469094337
76561199070351794,0,0.030338037759065628,8,0.9641332469094337
76561198107353252,0,0.005064414814114571,8,0.9641332469094337
76561198302228025,0,0.01240264717489481,8,0.9641332469094337
76561197980383527,0,0.02264407090842724,8,0.9641332469094337
76561198103073531,0,0.006668075919151306,8,0.9641332469094337
76561198382592480,0,0.00496250856667757,8,0.9641332469094337
76561198327334029,0,0.00746549665927887,8,0.9641332469094337
76561197972553208,0,0.27371513843536377,8,0.9641332469094337
76561198021795774,0,0.004788841120898724,8,0.9641332469094337
76561199112066534,0,0.00421193428337574,8,0.9641332469094337
76561198261562601,0,0.005072780419141054,8,0.9641332469094337
76561198068759888,0,0.011183265596628189,8,0.9641332469094337
76561198079891130,0,0.004099868703633547,8,0.9641332469094337
76561199489819196,0,0.004396135453134775,8,0.9641332469094337
76561198289299985,1,0.9909275770187378,8,0.9641332469094337
76561198332296689,0,0.005370232276618481,8,0.9641332469094337
76561198046184494,0,0.004104715771973133,8,0.9641332469094337
76561198972202697,0,0.01072833314538002,8,0.9641332469094337
76561198147536525,0,0.005977518390864134,8,0.9641332469094337
76561198052823893,0,0.1660338193178177,8,0.9641332469094337
76561199115136046,0,0.004806884564459324,8,0.9641332469094337
76561199078693010,0,0.009655376896262169,8,0.9641332469094337
76561199120439968,0,0.004589112475514412,8,0.9641332469094337
76561199360977045,0,0.016015345230698586,8,0.9641332469094337
76561198997382253,1,0.989970862865448,8,0.9641332469094337
76561199049819947,0,0.011111943982541561,8,0.9641332469094337
76561198984687718,0,0.00417898828163743,8,0.9641332469094337
76561198136190313,0,0.0050117443315684795,8,0.9641332469094337
76561198186739674,0,0.00601669168099761,8,0.9641332469094337
76561198433521358,0,0.045072637498378754,8,0.9641332469094337
76561199685390024,0,0.0046917651779949665,8,0.9641332469094337
76561198110914467,0,0.004733225330710411,8,0.9641332469094337
76561198238700342,0,0.0059868642129004,8,0.9641332469094337
76561198311755399,0,0.05425385385751724,8,0.9641332469094337
76561199390429643,0,0.0046636685729026794,8,0.9641332469094337
76561198082364672,0,0.006401069927960634,8,0.9641332469094337
76561199464928895,0,0.004746907390654087,8,0.9641332469094337
76561199095918384,0,0.004591287113726139,8,0.9641332469094337
76561198178232890,0,0.005828863941133022,8,0.9641332469094337
76561198274944534,0,0.007213710341602564,8,0.9641332469094337
76561198201856919,0,0.016960710287094116,8,0.9641332469094337
76561198385979937,0,0.005106543656438589,8,0.9641332469094337
76561199005961756,0,0.005261545535176992,8,0.9641332469094337
76561198047559985,0,0.004394945688545704,8,0.9641332469094337
76561198100445548,0,0.007630422245711088,8,0.9641332469094337
76561199121620195,0,0.004905876237899065,8,0.9641332469094337
76561199121709288,0,0.00488880043849349,8,0.9641332469094337
76561199080130026,0,0.007760797627270222,8,0.9641332469094337
76561198010818435,0,0.005417130421847105,8,0.9641332469094337
76561198966812203,1,0.9891726970672607,8,0.9641332469094337
76561199079839126,0,0.0057251956313848495,8,0.9641332469094337
76561199151878827,0,0.01288382988423109,8,0.9641332469094337
76561198064712296,0,0.0045752632431685925,8,0.9641332469094337
76561198444412874,0,0.004929481074213982,8,0.9641332469094337
76561199193302905,0,0.005306534003466368,8,0.9641332469094337
76561197970457205,0,0.0325695276260376,8,0.9641332469094337
76561197971337330,0,0.005186838563531637,8,0.9641332469094337
76561199124450908,0,0.01671781949698925,8,0.9641332469094337
76561199780007914,0,0.004475421737879515,8,0.9641332469094337
76561199074666497,0,0.014954346232116222,8,0.9641332469094337
76561198004355529,0,0.006060396786779165,8,0.9641332469094337
76561198086475270,0,0.004990865476429462,8,0.9641332469094337
76561198064264601,0,0.807502806186676,8,0.9641332469094337
76561199041164166,0,0.004825678654015064,8,0.9641332469094337
76561197971024653,0,0.2193320095539093,8,0.9641332469094337
76561198885115319,0,0.16811001300811768,8,0.9641332469094337
76561198428538976,0,0.3465942442417145,8,0.9641332469094337
76561198128725390,0,0.005075098946690559,8,0.9641332469094337
76561199029188822,0,0.005190476309508085,8,0.9641332469094337
76561198825200023,1,0.9932510256767273,8,0.9641332469094337
76561199107407085,0,0.0046238768845796585,8,0.9641332469094337
76561199161169140,0,0.005449259653687477,8,0.9641332469094337
76561198828813830,0,0.01907849870622158,8,0.9641332469094337
76561199208305023,0,0.09186075627803802,8,0.9641332469094337
76561198286034497,0,0.011317968368530273,8,0.9641332469094337
76561198881494715,0,0.9143984317779541,8,0.9641332469094337
76561198998700763,0,0.010304895229637623,8,0.9641332469094337
76561198263318055,0,0.009273199364542961,8,0.9641332469094337
76561199016988494,0,0.10721322149038315,8,0.9641332469094337
76561198329005434,0,0.010853013023734093,8,0.9641332469094337
76561198274364349,0,0.005111653357744217,8,0.9641332469094337
76561199384052078,0,0.01729549840092659,8,0.9641332469094337
76561198074840705,0,0.036491721868515015,8,0.9641332469094337
76561198095571406,0,0.02640247344970703,8,0.9641332469094337
76561198332122571,0,0.010171174071729183,8,0.9641332469094337
76561199627590335,0,0.004816598258912563,8,0.9641332469094337
76561198280129215,0,0.02465984784066677,8,0.9641332469094337
76561198002970048,0,0.006496506277471781,8,0.9641332469094337
76561198197155228,0,0.02163257636129856,8,0.9641332469094337
76561199184122837,0,0.0074890716932713985,8,0.9641332469094337
76561197968940594,0,0.019252946600317955,8,0.9641332469094337
76561198806200415,0,0.024841126054525375,8,0.9641332469094337
76561199121653799,0,0.013029316440224648,8,0.9641332469094337
76561198405824487,0,0.005662356037646532,8,0.9641332469094337
76561198023091435,0,0.005141930188983679,8,0.9641332469094337
76561198044670002,0,0.008188041858375072,8,0.9641332469094337
76561199067165711,0,0.005608392879366875,8,0.9641332469094337
76561198209757167,0,0.004708927124738693,8,0.9641332469094337
76561197991624138,0,0.007560471072793007,8,0.9641332469094337
76561199176028663,1,0.9728411436080933,8,0.9641332469094337
76561198165593700,0,0.004294157028198242,8,0.9641332469094337
76561198811106895,0,0.5939797759056091,8,0.9641332469094337
76561198954494355,0,0.019935468211770058,8,0.9641332469094337
76561198059907897,0,0.9782253503799438,8,0.9641332469094337
76561197960315614,0,0.004683115519583225,8,0.9641332469094337
76561198065806898,0,0.039551593363285065,8,0.9641332469094337
76561198258430554,0,0.004888585302978754,8,0.9641332469094337
76561199011662956,0,0.00421193428337574,8,0.9641332469094337
76561199204035737,0,0.00601399689912796,8,0.9641332469094337
76561198343665353,0,0.9416909217834473,8,0.9641332469094337
76561198275787043,0,0.005667222663760185,8,0.9641332469094337
76561198059816230,0,0.111356720328331,8,0.9641332469094337
76561199233077281,0,0.004753884393721819,8,0.9641332469094337
76561198000844816,1,0.9933846592903137,8,0.9641332469094337
76561198941377382,0,0.005785759538412094,8,0.9641332469094337
76561199531464360,0,0.004984681960195303,8,0.9641332469094337
76561198810235002,0,0.004362421575933695,8,0.9641332469094337
76561199259552007,0,0.004911176860332489,8,0.9641332469094337
76561198309007026,0,0.005076067056506872,8,0.9641332469094337
76561198155114585,0,0.00474407896399498,8,0.9641332469094337
76561199273247728,0,0.004510261584073305,8,0.9641332469094337
76561198028408295,0,0.00458388589322567,8,0.9641332469094337
76561198029331296,0,0.038430847227573395,8,0.9641332469094337
76561199054755550,0,0.004490579944103956,8,0.9641332469094337
76561198338735413,0,0.004806884564459324,8,0.9641332469094337
76561198258477397,0,0.0046426234766840935,8,0.9641332469094337
76561199508165031,1,0.9835679531097412,8,0.9641332469094337
76561198339848542,0,0.004628538154065609,8,0.9641332469094337
76561198283226624,0,0.03843905031681061,8,0.9641332469094337
76561198875287765,0,0.005373404361307621,8,0.9641332469094337
76561198009904136,0,0.008707056753337383,8,0.9641332469094337
76561198024614620,0,0.5487903356552124,8,0.9641332469094337
76561198036638696,0,0.004714613780379295,8,0.9641332469094337
76561199121979875,0,0.007620109710842371,8,0.9641332469094337
76561198119662024,0,0.05228634551167488,8,0.9641332469094337
76561198052361815,0,0.0060920133255422115,8,0.9641332469094337
76561199093863601,0,0.006089888047426939,8,0.9641332469094337
76561198398827158,0,0.004913428798317909,8,0.9641332469094337
76561199058739150,0,0.011813728138804436,8,0.9641332469094337
76561199204746268,0,0.00543219642713666,8,0.9641332469094337
76561198219602209,0,0.00518003897741437,8,0.9641332469094337
76561198035999580,0,0.004810001701116562,8,0.9641332469094337
76561198017485625,0,0.00805671140551567,8,0.9641332469094337
76561198051809001,0,0.12910044193267822,8,0.9641332469094337
76561198313539836,0,0.01106125395745039,8,0.9641332469094337
76561198925470905,0,0.006893469020724297,8,0.9641332469094337
76561199465890745,0,0.004146007355302572,8,0.9641332469094337
76561198858045171,0,0.2734217941761017,8,0.9641332469094337
76561198088093266,0,0.8809041380882263,8,0.9641332469094337
76561198198681847,0,0.15201687812805176,8,0.9641332469094337
76561198298224511,0,0.015174654312431812,8,0.9641332469094337
76561199043029161,0,0.00480266148224473,8,0.9641332469094337
76561198051937495,0,0.13507020473480225,8,0.9641332469094337
76561199260703451,0,0.004496962297707796,8,0.9641332469094337
76561198095725025,0,0.004784208722412586,8,0.9641332469094337
76561198081566141,0,0.9890400171279907,8,0.9641332469094337
76561198001330625,0,0.004568643867969513,8,0.9641332469094337
76561197962853674,0,0.29151055216789246,8,0.9641332469094337
76561199121909475,0,0.02434830740094185,8,0.9641332469094337
76561198019711770,0,0.0048146783374249935,8,0.9641332469094337
76561198810440404,0,0.3596688210964203,8,0.9641332469094337
76561199221998724,0,0.004331366624683142,8,0.9641332469094337
76561199047052176,0,0.016518816351890564,8,0.9641332469094337
76561199228865116,0,0.7381720542907715,8,0.9641332469094337
76561198082942479,0,0.004831564612686634,8,0.9641332469094337
76561198815532386,0,0.004463366232812405,8,0.9641332469094337
76561199465665835,0,0.004718351177871227,8,0.9641332469094337
76561198128702546,0,0.004735494963824749,8,0.9641332469094337
76561198137688594,0,0.42145466804504395,8,0.9641332469094337
76561198315203605,0,0.006303964648395777,8,0.9641332469094337
76561198160909116,0,0.9513735771179199,8,0.9641332469094337
76561198052935709,0,0.004330881405621767,8,0.9641332469094337
76561198091921662,0,0.07547491788864136,8,0.9641332469094337
76561198453076496,0,0.005399698857218027,8,0.9641332469094337
76561198077580784,0,0.05145147442817688,8,0.9641332469094337
76561198836814780,0,0.1698688566684723,8,0.9641332469094337
76561198079041345,0,0.07404113560914993,8,0.9641332469094337
76561198044427174,0,0.01200313214212656,8,0.9641332469094337
76561198868399046,0,0.4766158163547516,8,0.9641332469094337
76561198191592995,0,0.00421193428337574,8,0.9641332469094337
76561198018155950,0,0.004104715771973133,8,0.9641332469094337
76561198093278160,0,0.33926841616630554,8,0.9641332469094337
76561198182796071,0,0.03933050110936165,8,0.9641332469094337
76561198942960798,0,0.00584984989836812,8,0.9641332469094337
76561198082176055,0,0.005886546336114407,8,0.9641332469094337
76561198065784074,0,0.8393670916557312,8,0.9641332469094337
76561199241007838,0,0.005392068065702915,8,0.9641332469094337
76561199181305593,0,0.27677255868911743,8,0.9641332469094337
76561198331111476,0,0.013147477060556412,8,0.9641332469094337
76561198327149871,0,0.0049755629152059555,8,0.9641332469094337
76561197978799743,0,0.016505233943462372,8,0.9641332469094337
76561199054409001,0,0.5924128293991089,8,0.9641332469094337
76561199476934449,0,0.005899658892303705,8,0.9641332469094337
76561199125317860,0,0.06645165383815765,8,0.9641332469094337
76561198144043719,0,0.004806884564459324,8,0.9641332469094337
76561199487103951,0,0.004806884564459324,8,0.9641332469094337
76561198856190451,0,0.004608789458870888,8,0.9641332469094337
76561198157328779,1,0.9778604507446289,8,0.9641332469094337
76561199042253547,0,0.044486794620752335,8,0.9641332469094337
76561198825480526,0,0.005732306744903326,8,0.9641332469094337
76561198262476690,0,0.9835658669471741,8,0.9641332469094337
76561199387654599,0,0.0044429851695895195,8,0.9641332469094337
76561198089697938,0,0.005950694438070059,8,0.9641332469094337
76561199167615945,0,0.004496689420193434,8,0.9641332469094337
76561199073617511,0,0.37567102909088135,8,0.9641332469094337
76561199096700335,0,0.005081097595393658,8,0.9641332469094337
76561199075065910,0,0.7844032645225525,8,0.9641332469094337
76561198861886241,0,0.008516430854797363,8,0.9641332469094337
76561199283153989,0,0.024729352444410324,8,0.9641332469094337
76561198034409261,0,0.006188285071402788,8,0.9641332469094337
76561198800684663,0,0.004789392929524183,8,0.9641332469094337
76561198416050746,0,0.02132875844836235,8,0.9641332469094337
76561197975626314,0,0.006178573239594698,8,0.9641332469094337
76561198277432959,1,0.9868993759155273,8,0.9641332469094337
76561198276202663,0,0.004720102529972792,8,0.9641332469094337
76561199619577737,0,0.004218665882945061,8,0.9641332469094337
76561198102990210,0,0.8311660885810852,8,0.9641332469094337
76561199092654068,0,0.0044428501278162,8,0.9641332469094337
76561198308976290,0,0.006162046920508146,8,0.9641332469094337
76561198096411794,0,0.0059607969596982,8,0.9641332469094337
76561197975307963,0,0.005658266134560108,8,0.9641332469094337
76561198051615128,0,0.004737079609185457,8,0.9641332469094337
76561198058019513,0,0.005332086235284805,8,0.9641332469094337
76561198125864205,0,0.005304347723722458,8,0.9641332469094337
76561199651565470,0,0.00421477947384119,8,0.9641332469094337
76561198038275258,0,0.05566253513097763,8,0.9641332469094337
76561199028984878,0,0.05285543203353882,8,0.9641332469094337
76561198008152038,0,0.005852715112268925,8,0.9641332469094337
76561198807572017,0,0.004735494963824749,8,0.9641332469094337
76561198055502132,0,0.006506146863102913,8,0.9641332469094337
76561199053141218,0,0.004365363158285618,8,0.9641332469094337
76561198849374747,0,0.025069428607821465,8,0.9641332469094337
76561199012213264,0,0.07181753218173981,8,0.9641332469094337
76561199235383502,0,0.0051085324957966805,8,0.9641332469094337
76561198351275346,0,0.004450244829058647,8,0.9641332469094337
76561199033671584,0,0.02409188821911812,8,0.9641332469094337
76561198057372407,0,0.14969506859779358,8,0.9641332469094337
76561199517443031,0,0.014387291856110096,8,0.9641332469094337
76561198871991529,1,0.6766750812530518,8,0.9641332469094337
76561199258179498,0,0.004550781100988388,8,0.9641332469094337
76561198853530142,0,0.005531840026378632,8,0.9641332469094337
76561199214256347,0,0.008950737304985523,8,0.9641332469094337
76561199445852606,0,0.004340914078056812,8,0.9641332469094337
76561198995837646,0,0.006205087061971426,8,0.9641332469094337
76561198113678816,0,0.005029316060245037,8,0.9641332469094337
76561198158830681,0,0.7421303391456604,8,0.9641332469094337
76561198989562572,0,0.004806884564459324,8,0.9641332469094337
76561199121806045,0,0.07013805955648422,8,0.9641332469094337
76561198028305135,0,0.0042801834642887115,8,0.9641332469094337
76561198194941053,0,0.25397613644599915,8,0.9641332469094337
76561198041191011,0,0.00492847478017211,8,0.9641332469094337
76561198079933343,0,0.014080946333706379,8,0.9641332469094337
76561198051707654,0,0.061854735016822815,8,0.9641332469094337
76561198188505410,0,0.6880695819854736,8,0.9641332469094337
76561198202082784,0,0.004033690318465233,8,0.9641332469094337
76561198067802797,0,0.005599459633231163,8,0.9641332469094337
76561197998440055,0,0.0049674296751618385,8,0.9641332469094337
76561198089461342,0,0.004962429404258728,8,0.9641332469094337
76561198130627995,0,0.004750102758407593,8,0.9641332469094337
76561198082139230,1,0.7807844877243042,8,0.9641332469094337
76561198876964821,0,0.006063401233404875,8,0.9641332469094337
76561198027467805,0,0.00482137268409133,8,0.9641332469094337
76561197971052121,0,0.1843857616186142,8,0.9641332469094337
76561198022011936,0,0.8802153468132019,8,0.9641332469094337
76561198107317373,0,0.004440008196979761,8,0.9641332469094337
76561197960427417,0,0.004196622874587774,8,0.9641332469094337
76561198264741843,1,0.9908788800239563,8,0.9641332469094337
76561198143050361,0,0.0097922682762146,8,0.9641332469094337
76561198269279966,0,0.0062301610596477985,8,0.9641332469094337
76561198167960937,1,0.973246157169342,8,0.9641332469094337
76561199759382335,0,0.9231818318367004,8,0.9641332469094337
76561198020440136,0,0.3798435926437378,8,0.9641332469094337
76561198048058380,0,0.03243789076805115,8,0.9641332469094337
76561198869959176,0,0.018318846821784973,8,0.9641332469094337
76561199585679536,0,0.042197298258543015,8,0.9641332469094337
76561198184870631,0,0.05514313280582428,8,0.9641332469094337
76561198048029238,0,0.011626126244664192,8,0.9641332469094337
76561198273671314,0,0.027501067146658897,8,0.9641332469094337
76561199588067257,0,0.025103753432631493,8,0.9641332469094337
76561197985121181,0,0.032937850803136826,8,0.9641332469094337
76561198048036329,0,0.010194186121225357,8,0.9641332469094337
76561197970524125,0,0.004444504156708717,8,0.9641332469094337
76561198139159982,0,0.006303964648395777,8,0.9641332469094337
76561199382716054,1,0.9940478801727295,8,0.9641332469094337
76561198960940575,0,0.07846944034099579,8,0.9641332469094337
76561199589547041,0,0.10194368660449982,8,0.9641332469094337
76561198219188492,0,0.004930521361529827,8,0.9641332469094337
76561199104385710,0,0.004485343582928181,8,0.9641332469094337
76561198872559895,0,0.00441861292347312,8,0.9641332469094337
76561197992806913,0,0.012477220967411995,8,0.9641332469094337
76561199559817672,0,0.07613152265548706,8,0.9641332469094337
76561199023171417,0,0.21351437270641327,8,0.9641332469094337
76561199411089360,0,0.004806884564459324,8,0.9641332469094337
76561199083827894,0,0.004658854566514492,8,0.9641332469094337
76561198073250515,1,0.1222388818860054,8,0.9641332469094337
76561199124639864,0,0.009005092084407806,8,0.9641332469094337
76561199629113423,0,0.5187342762947083,8,0.9641332469094337
76561198334277287,0,0.004591287113726139,8,0.9641332469094337
76561199221169841,0,0.004727023188024759,8,0.9641332469094337
76561198057337589,0,0.007701697293668985,8,0.9641332469094337
76561198150161635,0,0.0050452277064323425,8,0.9641332469094337
76561198060722490,0,0.012530351988971233,8,0.9641332469094337
76561198997492353,0,0.004806884564459324,8,0.9641332469094337
76561198126499965,0,0.004510822705924511,8,0.9641332469094337
76561198123020352,0,0.006348847411572933,8,0.9641332469094337
76561197973197215,0,0.031452760100364685,8,0.9641332469094337
76561198077997447,0,0.02192380279302597,8,0.9641332469094337
76561199111155081,0,0.3538528084754944,8,0.9641332469094337
76561199266188220,0,0.004089143592864275,8,0.9641332469094337
76561199171542012,0,0.012451887130737305,8,0.9641332469094337
76561198055811701,0,0.01067074853926897,8,0.9641332469094337
76561199099615637,0,0.0057719191536307335,8,0.9641332469094337
76561198873219860,0,0.004591243341565132,8,0.9641332469094337
76561198390426265,0,0.00631285086274147,8,0.9641332469094337
76561198058985547,0,0.8469908237457275,8,0.9641332469094337
76561199643156392,0,0.0049125333316624165,8,0.9641332469094337
76561199010964871,0,0.004735494963824749,8,0.9641332469094337
76561198228014368,0,0.0057719191536307335,8,0.9641332469094337
76561198411232842,0,0.004591287113726139,8,0.9641332469094337
76561198030144969,0,0.0105493338778615,8,0.9641332469094337
76561198035602332,0,0.005489738192409277,8,0.9641332469094337
76561198312550315,0,0.00426322128623724,8,0.9641332469094337
76561199149850608,0,0.028118371963500977,8,0.9641332469094337
76561198073720468,0,0.007373628672212362,8,0.9641332469094337
76561199219323305,0,0.005825487896800041,8,0.9641332469094337
76561198799880000,0,0.0087970532476902,8,0.9641332469094337
76561198123653229,0,0.0053236461244523525,8,0.9641332469094337
76561198039362043,0,0.025566942989826202,8,0.9641332469094337
76561199013426239,0,0.004726774524897337,8,0.9641332469094337
76561198092708088,0,0.004104715771973133,8,0.9641332469094337
76561199123170944,0,0.00708028906956315,8,0.9641332469094337
76561199066192522,0,0.004806884564459324,8,0.9641332469094337
76561199237016842,0,0.0057719191536307335,8,0.9641332469094337
76561198124993820,0,0.013764660805463791,8,0.9641332469094337
76561198450335523,0,0.004390332847833633,8,0.9641332469094337
76561199089803056,0,0.014508849009871483,8,0.9641332469094337
76561198076905174,0,0.004473034292459488,8,0.9641332469094337
76561198010364337,0,0.014254377223551273,8,0.9641332469094337
76561199172154799,0,0.03329123184084892,8,0.9641332469094337
76561198357931807,0,0.010019064880907536,8,0.9641332469094337
76561198195089869,1,0.8181208372116089,8,0.9641332469094337
76561199382867971,0,0.06699322164058685,8,0.9641332469094337
76561198272052051,0,0.12775620818138123,8,0.9641332469094337
76561198358485389,0,0.004750553052872419,8,0.9641332469094337
76561198423676788,0,0.007136156782507896,8,0.9641332469094337
76561198346713785,0,0.005996767431497574,8,0.9641332469094337
76561199030565229,0,0.005297626834362745,8,0.9641332469094337
76561199209163556,0,0.00513389753177762,8,0.9641332469094337
76561199061558841,0,0.005223472137004137,8,0.9641332469094337
76561199102210570,0,0.9027986526489258,8,0.9641332469094337
76561198005605190,0,0.2530479431152344,8,0.9641332469094337
76561198181279299,0,0.007429297082126141,8,0.9641332469094337
76561198387777805,0,0.006696669384837151,8,0.9641332469094337
76561198133792609,0,0.02977169118821621,8,0.9641332469094337
76561198019620896,0,0.0042022657580673695,8,0.9641332469094337
76561199478473122,0,0.03227963298559189,8,0.9641332469094337
76561197983881093,0,0.28112465143203735,8,0.9641332469094337
76561199076872406,1,0.9791033267974854,8,0.9641332469094337
76561198036347934,0,0.008950406685471535,8,0.9641332469094337
76561198091944408,0,0.004945885390043259,8,0.9641332469094337
76561198038427120,0,0.4088408648967743,8,0.9641332469094337
76561198119982052,0,0.6273431777954102,8,0.9641332469094337
76561198813228047,0,0.004283352755010128,8,0.9641332469094337
76561199000831407,0,0.3886670172214508,8,0.9641332469094337
76561198042012904,0,0.04064396768808365,8,0.9641332469094337
76561198116370519,0,0.3639623820781708,8,0.9641332469094337
76561198060005601,0,0.16767895221710205,8,0.9641332469094337
76561199032195158,0,0.006655159872025251,8,0.9641332469094337
76561198388134702,0,0.006443583406507969,8,0.9641332469094337
76561199059099394,0,0.7405520677566528,8,0.9641332469094337
76561198453021151,0,0.03680145740509033,8,0.9641332469094337
76561199310162977,0,0.004437824711203575,8,0.9641332469094337
76561198023084222,0,0.007693389430642128,8,0.9641332469094337
76561198023895541,0,0.004568643867969513,8,0.9641332469094337
76561198979100633,0,0.9713844656944275,8,0.9641332469094337
76561198404040265,0,0.13400734961032867,8,0.9641332469094337
76561198075676334,0,0.0053374203853309155,8,0.9641332469094337
76561198121945205,0,0.004124099854379892,8,0.9641332469094337
76561199005879440,0,0.008297261781990528,8,0.9641332469094337
76561198032456393,0,0.014431416988372803,8,0.9641332469094337
76561199123339096,0,0.004287749994546175,8,0.9641332469094337
76561198016671705,0,0.41933250427246094,8,0.9641332469094337
76561198051551510,0,0.005377268884330988,8,0.9641332469094337
76561198077029931,0,0.005576422903686762,8,0.9641332469094337
76561198046934585,0,0.004230450373142958,8,0.9641332469094337
76561199209564334,0,0.005273809656500816,8,0.9641332469094337
76561198820685078,0,0.005942922085523605,8,0.9641332469094337
76561199013879976,0,0.008691716007888317,8,0.9641332469094337
76561197976101302,0,0.642661988735199,8,0.9641332469094337
76561198007734582,0,0.004949279595166445,8,0.9641332469094337
76561198080686799,0,0.004223738797008991,8,0.9641332469094337
76561198119208901,0,0.027581969276070595,8,0.9641332469094337
76561199012327047,0,0.005380011163651943,8,0.9641332469094337
76561198044231320,0,0.005554866977035999,8,0.9641332469094337
76561198376464968,0,0.006863218266516924,8,0.9641332469094337
76561199333419792,0,0.00727485865354538,8,0.9641332469094337
76561198074733192,0,0.034570999443531036,8,0.9641332469094337
76561199082789303,0,0.026103036478161812,8,0.9641332469094337
76561198834050739,0,0.9702034592628479,8,0.9641332469094337
76561198199748283,0,0.009622112847864628,8,0.9641332469094337
76561198041547673,0,0.008332489058375359,8,0.9641332469094337
76561198144038580,0,0.0073598106391727924,8,0.9641332469094337
76561199652075256,0,0.005144143011420965,8,0.9641332469094337
76561198323064626,0,0.005792390555143356,8,0.9641332469094337
76561198258762329,0,0.004806884564459324,8,0.9641332469094337
76561198108435442,0,0.0051604160107672215,8,0.9641332469094337
76561197975787695,0,0.0043065426871180534,8,0.9641332469094337
76561199218608142,0,0.004570801742374897,8,0.9641332469094337
76561199061864242,0,0.01090151071548462,8,0.9641332469094337
76561199257197049,0,0.004320618696510792,8,0.9641332469094337
76561198069515111,0,0.023758254945278168,8,0.9641332469094337
76561199119051892,0,0.00534758111461997,8,0.9641332469094337
76561199008965525,0,0.005506515968590975,8,0.9641332469094337
76561198996903340,0,0.31898584961891174,8,0.9641332469094337
76561199278401486,0,0.004735494963824749,8,0.9641332469094337
76561198305743308,0,0.004849087912589312,8,0.9641332469094337
76561198051306940,0,0.004172278568148613,8,0.9641332469094337
76561199211031815,0,0.0050400192849338055,8,0.9641332469094337
76561198807605118,0,0.017337482422590256,8,0.9641332469094337
76561198397591831,0,0.0044095939956605434,8,0.9641332469094337
76561198288215470,0,0.010155766271054745,8,0.9641332469094337
76561199508751261,0,0.004945734981447458,8,0.9641332469094337
76561198143064919,0,0.04055951163172722,8,0.9641332469094337
76561199353780996,0,0.0069777704775333405,8,0.9641332469094337
76561198057395979,0,0.9903866052627563,8,0.9641332469094337
76561198248466040,0,0.004733225330710411,8,0.9641332469094337
76561198378689652,0,0.004579112399369478,8,0.9641332469094337
76561199405960571,0,0.5656130313873291,8,0.9641332469094337
76561199067219203,0,0.004793999250978231,8,0.9641332469094337
76561199525584031,0,0.007940653711557388,8,0.9641332469094337
76561198051505906,0,0.004569698125123978,8,0.9641332469094337
76561198399375034,0,0.004851773381233215,8,0.9641332469094337
76561198100581428,0,0.005232496652752161,8,0.9641332469094337
76561198065287905,0,0.0075150467455387115,8,0.9641332469094337
76561198030845205,0,0.0063555617816746235,8,0.9641332469094337
76561198931372545,0,0.004735494963824749,8,0.9641332469094337
76561198112195000,0,0.004314200486987829,8,0.9641332469094337
76561199452142418,0,0.28766265511512756,8,0.9641332469094337
76561198115935032,0,0.9117467403411865,8,0.9641332469094337
76561198150616260,0,0.009343033656477928,8,0.9641332469094337
76561198048679765,0,0.005039416719228029,8,0.9641332469094337
76561197965125051,0,0.005692898761481047,8,0.9641332469094337
76561198264096826,0,0.005626520607620478,8,0.9641332469094337
76561197992691488,0,0.07067760825157166,8,0.9641332469094337
76561198402333607,0,0.006499525625258684,8,0.9641332469094337
76561198146401235,0,0.01132519543170929,8,0.9641332469094337
76561199158963261,0,0.004806884564459324,8,0.9641332469094337
76561198144607321,0,0.013859952799975872,8,0.9641332469094337
76561199501921009,0,0.004662203136831522,8,0.9641332469094337
76561199103192923,0,0.05189022049307823,8,0.9641332469094337
76561198079464869,0,0.11720970273017883,8,0.9641332469094337
76561199169574042,0,0.0048320600762963295,8,0.9641332469094337
76561198297704693,0,0.0117600467056036,8,0.9641332469094337
76561198115645747,0,0.1803557574748993,8,0.9641332469094337
76561199072819761,0,0.004924153443425894,8,0.9641332469094337
76561198193645383,0,0.027415016666054726,8,0.9641332469094337
76561197963244700,0,0.5462393164634705,8,0.9641332469094337
76561198134585535,0,0.005025763995945454,8,0.9641332469094337
76561198257072860,0,0.009330314584076405,8,0.9641332469094337
76561199005110395,1,0.9581966996192932,8,0.9641332469094337
76561199141655158,0,0.008235598914325237,8,0.9641332469094337
76561198153294431,0,0.004597174469381571,8,0.9641332469094337
76561198900299895,0,0.004735494963824749,8,0.9641332469094337
76561198973456810,1,0.9907501339912415,8,0.9641332469094337
76561199308991153,0,0.007174279540777206,8,0.9641332469094337
76561198205324275,0,0.004734274931252003,8,0.9641332469094337
76561197971277557,0,0.009079286828637123,8,0.9641332469094337
76561199110153300,0,0.5128361582756042,8,0.9641332469094337
76561199221996324,0,0.004771760664880276,8,0.9641332469094337
76561198331963219,0,0.0058333780616521835,8,0.9641332469094337
76561198360690109,0,0.007501778658479452,8,0.9641332469094337
76561198866971997,0,0.004591287113726139,8,0.9641332469094337
76561199238561102,0,0.004826436750590801,8,0.9641332469094337
76561198143189552,0,0.008535574190318584,8,0.9641332469094337
76561198880257440,0,0.0057089379988610744,8,0.9641332469094337
76561198269084441,0,0.007929272949695587,8,0.9641332469094337
76561199279725782,0,0.9906188249588013,8,0.9641332469094337
76561198263324360,0,0.005053302738815546,8,0.9641332469094337
76561198805419138,0,0.10070161521434784,8,0.9641332469094337
76561198886159991,0,0.007760797627270222,8,0.9641332469094337
76561198057599012,0,0.005821587517857552,8,0.9641332469094337
76561198848258386,0,0.026406340301036835,8,0.9641332469094337
76561198004151239,0,0.00830552913248539,8,0.9641332469094337
76561198078529680,0,0.00478509534150362,8,0.9641332469094337
76561199679507139,0,0.005213167518377304,8,0.9641332469094337
76561199016013804,0,0.03465224429965019,8,0.9641332469094337
76561198390609017,0,0.004348422400653362,8,0.9641332469094337
76561198145898549,0,0.005154990125447512,8,0.9641332469094337
76561199497625284,0,0.025713367387652397,8,0.9641332469094337
76561198842845617,0,0.017334531992673874,8,0.9641332469094337
76561198056810062,0,0.027209779247641563,8,0.9641332469094337
76561199353855514,1,0.980351984500885,8,0.9641332469094337
76561198376768483,0,0.004853192251175642,8,0.9641332469094337
76561198804105588,0,0.0065703741274774075,8,0.9641332469094337
76561198038920112,0,0.004388061817735434,8,0.9641332469094337
76561197981423478,0,0.004405170679092407,8,0.9641332469094337
76561199054415972,0,0.00489015132188797,8,0.9641332469094337
76561197991986302,0,0.008701923303306103,8,0.9641332469094337
76561199077629470,0,0.005620473995804787,8,0.9641332469094337
76561198054879177,0,0.02132875844836235,8,0.9641332469094337
76561199508966553,0,0.0039183772169053555,8,0.9641332469094337
76561197971721545,0,0.00432844553142786,8,0.9641332469094337
76561198041925232,1,0.6963626146316528,8,0.9641332469094337
76561198177288321,0,0.005240603815764189,8,0.9641332469094337
76561198409437733,0,0.00520444056019187,8,0.9641332469094337
76561198839871970,0,0.004033113829791546,8,0.9641332469094337
76561198026730884,0,0.0046216389164328575,8,0.9641332469094337
76561199181056524,0,0.1802079975605011,8,0.9641332469094337
76561198448142590,0,0.004194487351924181,8,0.9641332469094337
76561198842913383,0,0.0450100377202034,8,0.9641332469094337
76561199497671262,0,0.004714398179203272,8,0.9641332469094337
76561199099536709,0,0.0062376754358410835,8,0.9641332469094337
76561199472595092,0,0.042392630130052567,8,0.9641332469094337
76561198052638127,0,0.004442774225026369,8,0.9641332469094337
76561199498144770,0,0.004857662133872509,8,0.9641332469094337
76561197970386842,0,0.030161719769239426,8,0.9641332469094337
76561198146283376,0,0.007546219043433666,8,0.9641332469094337
76561199171550220,0,0.007197006605565548,8,0.9641332469094337
76561198409141659,0,0.018115796148777008,8,0.9641332469094337
76561199195259418,0,0.00427444651722908,8,0.9641332469094337
76561198181451626,0,0.004727052059024572,8,0.9641332469094337
76561198315649410,0,0.8385180830955505,8,0.9641332469094337
76561198008994253,0,0.008466705679893494,8,0.9641332469094337
76561198961387486,0,0.004098379518836737,8,0.9641332469094337
76561198142170555,0,0.026605604216456413,8,0.9641332469094337
76561199200531364,0,0.00807273667305708,8,0.9641332469094337
76561199548822445,0,0.43516939878463745,8,0.9641332469094337
76561198267684820,0,0.004997032694518566,8,0.9641332469094337
76561198432512354,0,0.0227816179394722,8,0.9641332469094337
76561199487960307,0,0.02403906360268593,8,0.9641332469094337
76561198410964774,0,0.009314768016338348,8,0.9641332469094337
76561199468045616,0,0.12141042202711105,8,0.9641332469094337
76561198871965458,0,0.004480435512959957,8,0.9641332469094337
76561199046958097,0,0.006746178492903709,8,0.9641332469094337
76561197972346906,0,0.0046015894040465355,8,0.9641332469094337
76561198034244341,0,0.004934834782034159,8,0.9641332469094337
76561197997542257,0,0.00682155741378665,8,0.9641332469094337
76561199544294868,0,0.004645663313567638,8,0.9641332469094337
76561198135387974,0,0.9709745049476624,8,0.9641332469094337
76561199168286257,1,0.9917781352996826,8,0.9641332469094337
76561199486340668,0,0.02137928269803524,8,0.9641332469094337
76561198027877125,1,0.04503302276134491,8,0.9641332469094337
76561198120816431,0,0.02351527474820614,8,0.9641332469094337
76561198011596632,1,0.9090993404388428,8,0.9641332469094337
76561199073207452,0,0.004806943703442812,8,0.9641332469094337
76561199380130641,0,0.8004869818687439,8,0.9641332469094337
76561198120328878,0,0.007666346151381731,8,0.9641332469094337
76561199109175264,0,0.004762930795550346,8,0.9641332469094337
76561198161072009,0,0.00406254455447197,8,0.9641332469094337
76561199388264524,0,0.004718611016869545,8,0.9641332469094337
76561199214422943,0,0.9831271171569824,8,0.9641332469094337
76561198055686034,0,0.06871984153985977,8,0.9641332469094337
76561198047085695,0,0.0046300869435071945,8,0.9641332469094337
76561198054688394,0,0.9724140763282776,8,0.9641332469094337
76561197973479719,0,0.04184962436556816,8,0.9641332469094337
76561198176923897,0,0.005446792114526033,8,0.9641332469094337
76561198080014335,0,0.00442424276843667,8,0.9641332469094337
76561199496411345,0,0.004119533114135265,8,0.9641332469094337
76561198048989787,0,0.006971103139221668,8,0.9641332469094337
76561199182881496,0,0.033843956887722015,8,0.9641332469094337
76561198220080891,0,0.005359341856092215,8,0.9641332469094337
76561199138079292,0,0.004948659334331751,8,0.9641332469094337
76561198043995076,0,0.011177330277860165,8,0.9641332469094337
76561198020289422,0,0.007214916404336691,8,0.9641332469094337
76561198116358801,0,0.005011035595089197,8,0.9641332469094337
76561197984945431,0,0.16082808375358582,8,0.9641332469094337
76561198035610540,0,0.6191529631614685,8,0.9641332469094337
76561198366089084,0,0.3504696786403656,8,0.9641332469094337
76561198943731238,0,0.014375428669154644,8,0.9641332469094337
76561199013651953,0,0.007226852234452963,8,0.9641332469094337
76561198811526836,0,0.0045273639261722565,8,0.9641332469094337
76561198416441667,0,0.9625282883644104,8,0.9641332469094337
76561198320083896,0,0.005108819343149662,8,0.9641332469094337
76561199120227736,0,0.010931391268968582,8,0.9641332469094337
76561197979507650,0,0.2732985019683838,8,0.9641332469094337
76561199383116771,0,0.01313913892954588,8,0.9641332469094337
76561198391761669,0,0.005028072744607925,8,0.9641332469094337
76561198020620710,0,0.0050629205070436,8,0.9641332469094337
76561198259120607,0,0.004704086109995842,8,0.9641332469094337
76561198227156776,0,0.13493062555789948,8,0.9641332469094337
76561198797000138,0,0.07494886219501495,8,0.9641332469094337
76561199191896315,0,0.004310597199946642,8,0.9641332469094337
76561198994984793,0,0.38215172290802,8,0.9641332469094337
76561198152691270,0,0.004606978036463261,8,0.9641332469094337
76561198945828047,0,0.05023111775517464,8,0.9641332469094337
76561198314058181,0,0.7378810048103333,8,0.9641332469094337
76561198394325326,0,0.004939100705087185,8,0.9641332469094337
76561198169590723,0,0.00879450049251318,8,0.9641332469094337
76561199013693929,0,0.005123442504554987,8,0.9641332469094337
76561198202085296,0,0.0044062817469239235,8,0.9641332469094337
76561198983621516,0,0.004355806857347488,8,0.9641332469094337
76561198419099166,0,0.005459179170429707,8,0.9641332469094337
76561199039817129,0,0.004806884564459324,8,0.9641332469094337
76561199761293718,0,0.004591287113726139,8,0.9641332469094337
76561198151294875,0,0.0040025110356509686,8,0.9641332469094337
76561198969762212,0,0.005163391586393118,8,0.9641332469094337
76561198151129112,0,0.9926474094390869,8,0.9641332469094337
76561199568833856,0,0.017547380179166794,8,0.9641332469094337
76561198353180362,0,0.011329734697937965,8,0.9641332469094337
76561198006555824,1,0.9627781510353088,8,0.9641332469094337
76561198068487821,0,0.005055304616689682,8,0.9641332469094337
76561198072672326,0,0.004775766748934984,8,0.9641332469094337
76561199802320788,0,0.004735494963824749,8,0.9641332469094337
76561199190239071,0,0.004638408310711384,8,0.9641332469094337
76561198449190178,0,0.004324221983551979,8,0.9641332469094337
76561199126578330,0,0.00546194426715374,8,0.9641332469094337
76561198103744817,0,0.005029700230807066,8,0.9641332469094337
76561198322869047,0,0.00666464027017355,8,0.9641332469094337
76561199237498820,0,0.0042921192944049835,8,0.9641332469094337
76561198008239141,0,0.036457985639572144,8,0.9641332469094337
76561198004351467,0,0.014951908960938454,8,0.9641332469094337
76561198182430458,0,0.005927935242652893,8,0.9641332469094337
76561198975741313,0,0.03067900612950325,8,0.9641332469094337
76561199180157326,0,0.005532461684197187,8,0.9641332469094337
76561199024382928,0,0.007296415977180004,8,0.9641332469094337
76561198090524362,0,0.039550695568323135,8,0.9641332469094337
76561199372987567,0,0.004640044178813696,8,0.9641332469094337
76561198169371295,0,0.007226008456200361,8,0.9641332469094337
76561198136336204,0,0.5087671875953674,8,0.9641332469094337
76561198040064794,0,0.9737704396247864,8,0.9641332469094337
76561198811970255,0,0.8503081798553467,8,0.9641332469094337
76561197995765799,1,0.9533894658088684,8,0.9641332469094337
76561198005862256,1,0.9836902022361755,8,0.9641332469094337
76561199027968166,0,0.13305474817752838,8,0.9641332469094337
76561198034104659,0,0.02272941544651985,8,0.9641332469094337
76561198195572111,0,0.01065910141915083,8,0.9641332469094337
76561199203695378,0,0.004806884564459324,8,0.9641332469094337
76561199041812283,0,0.005038895644247532,8,0.9641332469094337
76561199310284924,0,0.31075894832611084,8,0.9641332469094337
76561199142461213,0,0.004069998860359192,8,0.9641332469094337
76561198032048877,0,0.014965323731303215,8,0.9641332469094337
76561199125998579,0,0.009494606405496597,8,0.9641332469094337
76561198322441994,1,0.7335575222969055,8,0.9641332469094337
76561198395106456,0,0.005237517412751913,8,0.9641332469094337
76561198245185134,0,0.16427204012870789,8,0.9641332469094337
76561199491616343,0,0.8669461011886597,8,0.9641332469094337
76561198001752043,0,0.9842395782470703,8,0.9641332469094337
76561199070722961,0,0.04882919043302536,8,0.9641332469094337
76561199390258279,1,0.9846354722976685,8,0.9641332469094337
76561199154643662,0,0.948752224445343,8,0.9641332469094337
76561197999076186,0,0.00649452768266201,8,0.9641332469094337
76561199524286619,0,0.007338013965636492,8,0.9641332469094337
76561198385760963,0,0.049202580004930496,8,0.9641332469094337
76561198011286231,0,0.0187312513589859,8,0.9641332469094337
76561198154313798,0,0.012690293602645397,8,0.9641332469094337
76561198066914515,0,0.0050646960735321045,8,0.9641332469094337
76561198317208339,0,0.004735494963824749,8,0.9641332469094337
76561199059936839,0,0.006102794781327248,8,0.9641332469094337
76561198257898215,1,0.989825427532196,8,0.9641332469094337
76561198308497040,0,0.004806884564459324,8,0.9641332469094337
76561198036315478,0,0.08559776842594147,8,0.9641332469094337
76561198068713141,1,0.9512964487075806,8,0.9641332469094337
76561198863286395,0,0.025240818038582802,8,0.9641332469094337
76561198203341905,0,0.004875919781625271,8,0.9641332469094337
76561198093273673,0,0.9510228037834167,8,0.9641332469094337
76561198048239294,0,0.007506942376494408,8,0.9641332469094337
76561198080174690,0,0.0143005745485425,8,0.9641332469094337
76561199216214757,0,0.010007617063820362,8,0.9641332469094337
76561198046766712,0,0.9337208867073059,8,0.9641332469094337
76561198380538131,0,0.03300926461815834,8,0.9641332469094337
76561199043999351,0,0.01838500238955021,8,0.9641332469094337
76561199120284980,0,0.9711780548095703,8,0.9641332469094337
76561198172769739,0,0.9852021336555481,8,0.9641332469094337
76561199213189486,0,0.00431718397885561,8,0.9641332469094337
76561198105566690,0,0.004591287113726139,8,0.9641332469094337
76561199195954637,0,0.010728554800152779,8,0.9641332469094337
76561199019999044,0,0.0076664043590426445,8,0.9641332469094337
76561198798590352,0,0.009277756325900555,8,0.9641332469094337
76561199057203209,0,0.012744984589517117,8,0.9641332469094337
76561198133185774,0,0.0046371519565582275,8,0.9641332469094337
76561198325568240,0,0.7969709038734436,8,0.9641332469094337
76561198918084472,0,0.033267371356487274,8,0.9641332469094337
76561197995237129,0,0.007023478392511606,8,0.9641332469094337
76561198043761465,0,0.027577748522162437,8,0.9641332469094337
76561198379952786,0,0.057253625243902206,8,0.9641332469094337
76561198046315613,0,0.005361533723771572,8,0.9641332469094337
76561198319450313,0,0.005264926236122847,8,0.9641332469094337
76561198337093565,0,0.006776285823434591,8,0.9641332469094337
76561198992302167,0,0.0045043244026601315,8,0.9641332469094337
76561197992768782,0,0.0056065102107822895,8,0.9641332469094337
76561199247457148,0,0.04447222873568535,8,0.9641332469094337
76561199503341773,0,0.003989772405475378,8,0.9641332469094337
76561199039861824,0,0.007275061681866646,8,0.9641332469094337
76561199123502183,0,0.00437152711674571,8,0.9641332469094337
76561198976447292,0,0.0047427280806005,8,0.9641332469094337
76561199242911692,0,0.004869556520134211,8,0.9641332469094337
76561199121539953,0,0.0062522790394723415,8,0.9641332469094337
76561199069907218,0,0.004653168376535177,8,0.9641332469094337
76561199104676528,0,0.006331423297524452,8,0.9641332469094337
76561199155239065,0,0.010793916881084442,8,0.9641332469094337
76561198078981849,0,0.004557132255285978,8,0.9641332469094337
76561198077449222,0,0.007024788297712803,8,0.9641332469094337
76561198202025528,0,0.03170134127140045,8,0.9641332469094337
76561198163716176,0,0.004338997881859541,8,0.9641332469094337
76561198044004805,0,0.004664471838623285,8,0.9641332469094337
76561198047589535,0,0.027181442826986313,8,0.9641332469094337
76561198006846817,0,0.005202880594879389,8,0.9641332469094337
76561198281752657,0,0.007228957489132881,8,0.9641332469094337
76561199484768825,0,0.01086424570530653,8,0.9641332469094337
76561199730791762,0,0.004806884564459324,8,0.9641332469094337
76561199108399203,0,0.004253742750734091,8,0.9641332469094337
76561199263903113,0,0.004403040278702974,8,0.9641332469094337
76561198415470394,0,0.0047789039090275764,8,0.9641332469094337
76561199475881845,0,0.0097922682762146,8,0.9641332469094337
76561198956359985,0,0.004735494963824749,8,0.9641332469094337
76561198039624018,0,0.005517373327165842,8,0.9641332469094337
76561199024645162,0,0.0053701563738286495,8,0.9641332469094337
76561198061135651,0,0.005066573154181242,8,0.9641332469094337
76561198005793169,0,0.007912424392998219,8,0.9641332469094337
76561198828906416,0,0.2309195101261139,8,0.9641332469094337
76561198017343826,0,0.004730225075036287,8,0.9641332469094337
76561199516707493,1,0.982582688331604,8,0.9641332469094337
76561198174342663,0,0.004591287113726139,8,0.9641332469094337
76561199354626827,0,0.012754565104842186,8,0.9641332469094337
76561199443262402,1,0.9885003566741943,8,0.9641332469094337
76561199104493002,0,0.004310465883463621,8,0.9641332469094337
76561198274825936,0,0.004695503041148186,8,0.9641332469094337
76561198401797562,0,0.00647581135854125,8,0.9641332469094337
76561197993547526,0,0.020491763949394226,8,0.9641332469094337
76561198153757987,0,0.00889801885932684,8,0.9641332469094337
76561198316492064,0,0.005178926512598991,8,0.9641332469094337
76561198402511671,1,0.99333256483078,8,0.9641332469094337
76561198378431689,0,0.006776285823434591,8,0.9641332469094337
76561198092542838,0,0.05495709553360939,8,0.9641332469094337
76561198950655184,0,0.005503194872289896,8,0.9641332469094337
76561198123705586,0,0.004691236186772585,8,0.9641332469094337
76561198099048925,0,0.12683197855949402,8,0.9641332469094337
76561199068784274,0,0.005041908472776413,8,0.9641332469094337
76561199478750402,0,0.004397442098706961,8,0.9641332469094337
76561198069612843,0,0.9711975455284119,8,0.9641332469094337
76561198872341131,0,0.6345938444137573,8,0.9641332469094337
76561198049362976,0,0.7961052656173706,8,0.9641332469094337
76561198132189929,0,0.004088296554982662,8,0.9641332469094337
76561198002603920,0,0.8168404698371887,8,0.9641332469094337
76561198147911131,0,0.00445963628590107,8,0.9641332469094337
76561197993555200,0,0.004609412048012018,8,0.9641332469094337
76561198006164156,0,0.9779484272003174,8,0.9641332469094337
76561198880513669,0,0.0042823622934520245,8,0.9641332469094337
76561198028187880,0,0.9879589080810547,8,0.9641332469094337
76561197977213876,0,0.004124491475522518,8,0.9641332469094337
76561198042876028,0,0.09411025792360306,8,0.9641332469094337
76561199111484841,0,0.0044699120335280895,8,0.9641332469094337
76561199155182626,0,0.004463796503841877,8,0.9641332469094337
76561198997572434,0,0.004888415802270174,8,0.9641332469094337
76561198125713300,0,0.018634703010320663,8,0.9641332469094337
76561199087480810,0,0.013995109125971794,8,0.9641332469094337
76561198030898178,0,0.00559385446831584,8,0.9641332469094337
76561198020824239,1,0.992405116558075,8,0.9641332469094337
76561199257865236,0,0.1248229518532753,8,0.9641332469094337
76561198922536867,0,0.0042939335107803345,8,0.9641332469094337
76561199229093179,0,0.40794405341148376,8,0.9641332469094337
76561199419222941,1,0.9910680651664734,8,0.9641332469094337
76561198811230363,0,0.004490006249397993,8,0.9641332469094337
76561198154506248,0,0.005500732455402613,8,0.9641332469094337
76561198166002348,0,0.4177803099155426,8,0.9641332469094337
76561199110166556,0,0.004982690792530775,8,0.9641332469094337
76561198052380709,0,0.25615283846855164,8,0.9641332469094337
76561198035439844,0,0.005295430775731802,8,0.9641332469094337
76561198280450173,0,0.004089143592864275,8,0.9641332469094337
76561198020217562,0,0.005198015831410885,8,0.9641332469094337
76561198335299022,0,0.008676830679178238,8,0.9641332469094337
76561198129693600,0,0.010969085618853569,8,0.9641332469094337
76561199180469455,0,0.004699422512203455,8,0.9641332469094337
76561198034250782,0,0.0066718123853206635,8,0.9641332469094337
76561198987621565,0,0.008568471297621727,8,0.9641332469094337
76561199654872725,0,0.0091489152982831,8,0.9641332469094337
76561199006403331,0,0.993156373500824,8,0.9641332469094337
76561199202369883,0,0.004806884564459324,8,0.9641332469094337
76561199016380426,0,0.8989489674568176,8,0.9641332469094337
76561198879248821,1,0.9919379353523254,8,0.9641332469094337
76561198190335610,0,0.00705136451870203,8,0.9641332469094337
76561199227744722,0,0.00655027711763978,8,0.9641332469094337
76561198288869303,0,0.004602888599038124,8,0.9641332469094337
76561199513646967,0,0.004735494963824749,8,0.9641332469094337
76561198258861725,0,0.006121666636317968,8,0.9641332469094337
76561198946676552,0,0.0059292814694345,8,0.9641332469094337
76561198877211775,0,0.9876360297203064,8,0.9641332469094337
76561198012017092,0,0.004513459280133247,8,0.9641332469094337
76561199060597043,0,0.011563140898942947,8,0.9641332469094337
76561199097617777,0,0.004603392910212278,8,0.9641332469094337
76561199080290359,0,0.1797567456960678,8,0.9641332469094337
76561199122416905,0,0.15233300626277924,8,0.9641332469094337
76561198122001892,0,0.006168287713080645,8,0.9641332469094337
76561198167206371,0,0.006832530256360769,8,0.9641332469094337
76561198050627324,0,0.07297642529010773,8,0.9641332469094337
76561198006491811,0,0.07495798915624619,8,0.9641332469094337
76561197970802422,0,0.005350264720618725,8,0.9641332469094337
76561199076427437,0,0.00421058339998126,8,0.9641332469094337
76561198178955833,0,0.005456621292978525,8,0.9641332469094337
76561198852812969,0,0.004840115085244179,8,0.9641332469094337
76561199238143311,0,0.005339164286851883,8,0.9641332469094337
76561199086353931,0,0.0052929953671991825,8,0.9641332469094337
76561199374829125,1,0.21821840107440948,8,0.9641332469094337
76561198020070420,0,0.00665832357481122,8,0.9641332469094337
76561198043032552,0,0.004634418990463018,8,0.9641332469094337
76561198119718184,0,0.010503591038286686,8,0.9641332469094337
76561199202777628,0,0.004696260672062635,8,0.9641332469094337
76561198024694366,0,0.008820900693535805,8,0.9641332469094337
76561198036680780,0,0.0043085794895887375,8,0.9641332469094337
76561198034519115,0,0.0042984941974282265,8,0.9641332469094337
76561198829412784,0,0.00496250856667757,8,0.9641332469094337
76561198129767665,0,0.004684236366301775,8,0.9641332469094337
76561198036451777,0,0.004988602362573147,8,0.9641332469094337
76561197960302054,0,0.004731505177915096,8,0.9641332469094337
76561199115473272,0,0.013796752318739891,8,0.9641332469094337
76561199766468703,0,0.006785341538488865,8,0.9641332469094337
76561198108014676,0,0.014185330830514431,8,0.9641332469094337
76561198094438181,0,0.12233864516019821,8,0.9641332469094337
76561198386352858,0,0.0062465909868478775,8,0.9641332469094337
76561199076848574,0,0.006899687461555004,8,0.9641332469094337
76561198985341627,0,0.009040453471243382,8,0.9641332469094337
76561199482031546,0,0.005689442157745361,8,0.9641332469094337
76561198871607794,0,0.004591343458741903,8,0.9641332469094337
76561198034389504,0,0.004684025421738625,8,0.9641332469094337
76561199153542886,0,0.004735494963824749,8,0.9641332469094337
76561199028535669,0,0.004617389757186174,8,0.9641332469094337
76561198066478813,0,0.006303964648395777,8,0.9641332469094337
76561198047326753,0,0.014086767099797726,8,0.9641332469094337
76561199085131231,0,0.005845880135893822,8,0.9641332469094337
76561198379536962,0,0.6716715097427368,8,0.9641332469094337
76561199387376712,1,0.9933757185935974,8,0.9641332469094337
76561198025454697,0,0.0045357053168118,8,0.9641332469094337
76561199134893517,0,0.007939593866467476,8,0.9641332469094337
76561198028813518,0,0.004945777356624603,8,0.9641332469094337
76561199510379761,0,0.004168911837041378,8,0.9641332469094337
76561199239700921,1,0.9867866039276123,8,0.9641332469094337
76561198413001971,0,0.10795146971940994,8,0.9641332469094337
76561199019988015,0,0.008050103671848774,8,0.9641332469094337
76561198009838197,0,0.031147615984082222,8,0.9641332469094337
76561198302937860,0,0.018176786601543427,8,0.9641332469094337
76561199000937307,0,0.007330588065087795,8,0.9641332469094337
76561198160620703,0,0.005128680262714624,8,0.9641332469094337
76561198066082602,0,0.013801893219351768,8,0.9641332469094337
76561199021853902,1,0.983431875705719,8,0.9641332469094337
76561199100812231,0,0.005024019628763199,8,0.9641332469094337
76561198157035711,0,0.004104715771973133,8,0.9641332469094337
76561198023114351,0,0.04166291281580925,8,0.9641332469094337
76561198274418176,0,0.0051378365606069565,8,0.9641332469094337
76561199577436934,0,0.004806884564459324,8,0.9641332469094337
76561198126235444,0,0.017097847536206245,8,0.9641332469094337
76561198104496395,0,0.0045951721258461475,8,0.9641332469094337
76561198356305794,0,0.03580581396818161,8,0.9641332469094337
76561199443507289,0,0.007760797627270222,8,0.9641332469094337
76561198092692819,0,0.006924796383827925,8,0.9641332469094337
76561199143367449,0,0.00535675510764122,8,0.9641332469094337
76561199147441348,0,0.8606614470481873,8,0.9641332469094337
76561198325415580,0,0.009837980382144451,8,0.9641332469094337
76561198821697963,0,0.004301903303712606,8,0.9641332469094337
76561198196692614,0,0.2362789362668991,8,0.9641332469094337
76561198066011588,0,0.9339098334312439,8,0.9641332469094337
76561198199433331,0,0.01186348032206297,8,0.9641332469094337
76561197973006092,0,0.009934269823133945,8,0.9641332469094337
76561199134536887,0,0.06890247762203217,8,0.9641332469094337
76561198004709322,0,0.00686251325532794,8,0.9641332469094337
76561198123814267,0,0.09634505212306976,8,0.9641332469094337
76561198282372565,0,0.01713508553802967,8,0.9641332469094337
76561198021662480,0,0.004620224237442017,8,0.9641332469094337
76561199097156473,0,0.00417898828163743,8,0.9641332469094337
76561198106291376,0,0.5316945910453796,8,0.9641332469094337
76561198060243990,0,0.005598750431090593,8,0.9641332469094337
76561198025266206,0,0.004181570373475552,8,0.9641332469094337
76561198187604437,0,0.006303964648395777,8,0.9641332469094337
76561198084167819,0,0.004169092047959566,8,0.9641332469094337
76561198126339832,0,0.007465136703103781,8,0.9641332469094337
76561198330524290,0,0.005047896411269903,8,0.9641332469094337
76561198412056042,0,0.09066835790872574,8,0.9641332469094337
76561198799386570,0,0.004335435573011637,8,0.9641332469094337
76561199239062370,0,0.012862306088209152,8,0.9641332469094337
76561199057346359,0,0.01347659807652235,8,0.9641332469094337
76561198953884722,0,0.01971489004790783,8,0.9641332469094337
76561198855625517,0,0.004708870314061642,8,0.9641332469094337
76561199619241943,0,0.006331507582217455,8,0.9641332469094337
76561198030808015,0,0.0043548536486923695,8,0.9641332469094337
76561198299817477,0,0.0968271791934967,8,0.9641332469094337
76561199690693008,0,0.009494606405496597,8,0.9641332469094337
76561198980065756,0,0.00421193428337574,8,0.9641332469094337
76561199522363090,0,0.004427640233188868,8,0.9641332469094337
76561199501035791,0,0.007929272949695587,8,0.9641332469094337
76561198977046712,0,0.026573117822408676,8,0.9641332469094337
76561198054787361,0,0.10059614479541779,8,0.9641332469094337
76561198801148543,0,0.004554267041385174,8,0.9641332469094337
76561198970635821,0,0.005360526964068413,8,0.9641332469094337
76561198325664517,1,0.26249170303344727,8,0.9641332469094337
76561198399834693,0,0.011892964132130146,8,0.9641332469094337
76561198164736121,0,0.011183172464370728,8,0.9641332469094337
76561199093325395,0,0.10220703482627869,8,0.9641332469094337
76561198049126925,0,0.007748091593384743,8,0.9641332469094337
76561198056511065,0,0.004806884564459324,8,0.9641332469094337
76561198178811890,0,0.010962140746414661,8,0.9641332469094337
76561198348053572,0,0.00421193428337574,8,0.9641332469094337
76561198131523181,0,0.016422146931290627,8,0.9641332469094337
76561199235151660,1,0.9916998744010925,8,0.9641332469094337
76561199587786976,0,0.00465782405808568,8,0.9641332469094337
76561198928500695,0,0.006768933497369289,8,0.9641332469094337
76561198162704573,0,0.004873250611126423,8,0.9641332469094337
76561198370389030,0,0.004917697049677372,8,0.9641332469094337
76561199229480925,0,0.011183265596628189,8,0.9641332469094337
76561198311123652,1,0.9873260259628296,8,0.9641332469094337
76561198208701389,0,0.0046323686838150024,8,0.9641332469094337
76561198063058396,0,0.00454959599301219,8,0.9641332469094337
76561198216203544,0,0.005028053652495146,8,0.9641332469094337
76561198144316895,0,0.01209742296487093,8,0.9641332469094337
76561199183576337,0,0.00896859634667635,8,0.9641332469094337
76561198355062277,0,0.0043182335793972015,8,0.9641332469094337
76561198053129824,1,0.9476885199546814,8,0.9641332469094337
76561198217983764,0,0.6841703057289124,8,0.9641332469094337
76561198035597852,0,0.020730549469590187,8,0.9641332469094337
76561199403386904,0,0.0055942656472325325,8,0.9641332469094337
76561199567106499,1,0.7494648694992065,8,0.9641332469094337
76561198008546848,0,0.6983047723770142,8,0.9641332469094337
76561199357783811,0,0.13238176703453064,8,0.9641332469094337
76561198018469543,1,0.9923402070999146,8,0.9641332469094337
76561199120710034,0,0.004806884564459324,8,0.9641332469094337
76561198280287907,0,0.0042913369834423065,8,0.9641332469094337
76561198058325365,0,0.011941548436880112,8,0.9641332469094337
76561198175532903,0,0.08237689733505249,8,0.9641332469094337
76561197985232521,1,0.13327796757221222,8,0.9641332469094337
76561198083421546,0,0.006067323032766581,8,0.9641332469094337
76561198982674701,0,0.0077239335514605045,8,0.9641332469094337
76561198388456619,0,0.00761816743761301,8,0.9641332469094337
76561198054587950,0,0.7497175931930542,8,0.9641332469094337
76561198109304456,0,0.3233978748321533,8,0.9641332469094337
76561198045029311,0,0.2804003953933716,8,0.9641332469094337
76561198326516545,0,0.009135637432336807,8,0.9641332469094337
76561198119057532,0,0.0045669046230614185,8,0.9641332469094337
76561198044268243,0,0.004754452500492334,8,0.9641332469094337
76561198041094418,0,0.00804809294641018,8,0.9641332469094337
76561198045717968,0,0.008588277734816074,8,0.9641332469094337
76561198368897728,0,0.007889841683208942,8,0.9641332469094337
76561199488019479,0,0.032731492072343826,8,0.9641332469094337
76561198386272051,0,0.0651615783572197,8,0.9641332469094337
76561199088955968,0,0.004841190297156572,8,0.9641332469094337
76561198074745203,0,0.004659981932491064,8,0.9641332469094337
76561198275474564,0,0.006048207171261311,8,0.9641332469094337
76561199174057666,0,0.006978536956012249,8,0.9641332469094337
76561199209906576,0,0.006437498610466719,8,0.9641332469094337
76561199059629239,0,0.024661201983690262,8,0.9641332469094337
76561198220014701,0,0.005027156788855791,8,0.9641332469094337
76561199229634927,0,0.004835546016693115,8,0.9641332469094337
76561198062525659,0,0.005235202610492706,8,0.9641332469094337
76561197985321247,0,0.006483745761215687,8,0.9641332469094337
76561199048471705,0,0.8272387385368347,8,0.9641332469094337
76561199174921022,0,0.005756907165050507,8,0.9641332469094337
76561198092796360,0,0.043782737106084824,8,0.9641332469094337
76561198117778148,0,0.004896717146039009,8,0.9641332469094337
76561199078730441,0,0.004176349379122257,8,0.9641332469094337
76561198165975159,1,0.6729215383529663,8,0.9641332469094337
76561198027176362,0,0.06292923539876938,8,0.9641332469094337
76561198057453189,0,0.04103570058941841,8,0.9641332469094337
76561198038792760,0,0.06549046188592911,8,0.9641332469094337
76561198131233138,0,0.006510891951620579,8,0.9641332469094337
76561198291684886,0,0.0052465032786130905,8,0.9641332469094337
76561198993242360,0,0.9898607730865479,8,0.9641332469094337
76561199064427011,0,0.039350323379039764,8,0.9641332469094337
76561198259565750,0,0.006678116507828236,8,0.9641332469094337
76561198984805229,0,0.004766247700899839,8,0.9641332469094337
76561197964145258,0,0.0047052050940692425,8,0.9641332469094337
76561199008840186,0,0.03701265901327133,8,0.9641332469094337
76561198114870441,0,0.006443583406507969,8,0.9641332469094337
76561199505309878,0,0.06503670662641525,8,0.9641332469094337
76561199037156337,0,0.007298130542039871,8,0.9641332469094337
76561198151832275,0,0.007582331076264381,8,0.9641332469094337
76561198377476596,0,0.004945364315062761,8,0.9641332469094337
76561199477218715,0,0.04526837170124054,8,0.9641332469094337
76561199454875183,0,0.004766903817653656,8,0.9641332469094337
76561198373098029,0,0.004567204508930445,8,0.9641332469094337
76561199216387962,0,0.016212429851293564,8,0.9641332469094337
76561197989249674,0,0.0042659020982682705,8,0.9641332469094337
76561199084970115,0,0.006001544184982777,8,0.9641332469094337
76561198397272214,0,0.015150574035942554,8,0.9641332469094337
76561198022113271,0,0.015094758942723274,8,0.9641332469094337
76561198042085346,0,0.11238320916891098,8,0.9641332469094337
76561199092573363,0,0.004076219163835049,8,0.9641332469094337
76561198330641432,0,0.01499162707477808,8,0.9641332469094337
76561198045941400,0,0.006004204973578453,8,0.9641332469094337
76561198046369304,0,0.006701015867292881,8,0.9641332469094337
76561198061420730,1,0.9131165146827698,8,0.9641332469094337
76561197992498755,0,0.06338825076818466,8,0.9641332469094337
76561199249876853,0,0.005320889409631491,8,0.9641332469094337
76561197980973342,0,0.004683189559727907,8,0.9641332469094337
76561198443404064,0,0.00913306511938572,8,0.9641332469094337
76561198290483027,0,0.004420423414558172,8,0.9641332469094337
76561199151541702,0,0.004391741938889027,8,0.9641332469094337
76561198024602180,0,0.00437602074816823,8,0.9641332469094337
76561198067014175,0,0.7703982591629028,8,0.9641332469094337
76561198378890315,0,0.00613794382661581,8,0.9641332469094337
76561199045811882,0,0.0054039726965129375,8,0.9641332469094337
76561198253886804,0,0.9320856928825378,8,0.9641332469094337
76561198371757390,0,0.005702305119484663,8,0.9641332469094337
76561199211913228,0,0.005187214817851782,8,0.9641332469094337
76561199761577334,0,0.004720656201243401,8,0.9641332469094337
76561198844988959,0,0.006552425213158131,8,0.9641332469094337
76561199137330815,0,0.10218346863985062,8,0.9641332469094337
76561198032162711,0,0.004775426350533962,8,0.9641332469094337
76561198012098607,0,0.02587152272462845,8,0.9641332469094337
76561198361272991,0,0.00494985980913043,8,0.9641332469094337
76561198970135447,0,0.005104814190417528,8,0.9641332469094337
76561198941815658,0,0.9307068586349487,8,0.9641332469094337
76561198043671941,0,0.004711897578090429,8,0.9641332469094337
76561198139408649,1,0.2348996251821518,8,0.9641332469094337
76561199074663642,0,0.17557767033576965,8,0.9641332469094337
76561197992553182,0,0.04583241790533066,8,0.9641332469094337
76561199497345224,0,0.24987800419330597,8,0.9641332469094337
76561199649610512,0,0.016396649181842804,8,0.9641332469094337
76561198174934165,0,0.9791014194488525,8,0.9641332469094337
76561198049495134,0,0.004824746400117874,8,0.9641332469094337
76561198006102602,0,0.01069125160574913,8,0.9641332469094337
76561199404804843,0,0.3819252848625183,8,0.9641332469094337
76561197978257957,0,0.0058661336079239845,8,0.9641332469094337
76561198432383680,0,0.04424665868282318,8,0.9641332469094337
76561198091754506,0,0.8333864808082581,8,0.9641332469094337
76561199438132474,0,0.11148710548877716,8,0.9641332469094337
76561199219049479,0,0.00613661203533411,8,0.9641332469094337
76561198072408944,0,0.08693423867225647,8,0.9641332469094337
76561198974494942,0,0.005676233675330877,8,0.9641332469094337
76561198304021704,0,0.004559073131531477,8,0.9641332469094337
76561198047352004,0,0.10776720941066742,8,0.9641332469094337
76561198091924268,0,0.9912591576576233,8,0.9641332469094337
76561199220709781,0,0.006476673297584057,8,0.9641332469094337
76561198352546102,0,0.007607384584844112,8,0.9641332469094337
76561199090510691,0,0.9712610840797424,8,0.9641332469094337
76561197987160677,0,0.02185443975031376,8,0.9641332469094337
76561199427090571,0,0.0059015159495174885,8,0.9641332469094337
76561199070162078,0,0.0046583726070821285,8,0.9641332469094337
76561199148458918,0,0.0043182335793972015,8,0.9641332469094337
76561198125515569,0,0.004504995420575142,8,0.9641332469094337
76561198091952717,0,0.004724692087620497,8,0.9641332469094337
76561198066222326,0,0.014412249438464642,8,0.9641332469094337
76561199124712183,0,0.11011724174022675,8,0.9641332469094337
76561198353101824,0,0.41671332716941833,8,0.9641332469094337
76561198124834800,0,0.009709412232041359,8,0.9641332469094337
76561199045901380,0,0.005815891548991203,8,0.9641332469094337
76561198083191025,0,0.026478026062250137,8,0.9641332469094337
76561197998652311,0,0.004989719018340111,8,0.9641332469094337
76561199182975367,0,0.004591287113726139,8,0.9641332469094337
76561199510143815,0,0.0045050643384456635,8,0.9641332469094337
76561197970637622,0,0.004104715771973133,8,0.9641332469094337
76561198078670659,0,0.06916513293981552,8,0.9641332469094337
76561199111720224,0,0.014504199847579002,8,0.9641332469094337
76561198058022379,0,0.004516562446951866,8,0.9641332469094337
76561198005733484,0,0.0049843620508909225,8,0.9641332469094337
76561199215300076,0,0.00523912301287055,8,0.9641332469094337
76561198418941847,0,0.010353821329772472,8,0.9641332469094337
76561198015818327,0,0.0047018760815262794,8,0.9641332469094337
76561198402443051,0,0.0045486930757761,8,0.9641332469094337
76561199235678265,0,0.00585093954578042,8,0.9641332469094337
76561198126243356,0,0.004378447774797678,8,0.9641332469094337
76561199495407700,0,0.005646907724440098,8,0.9641332469094337
76561198029842273,0,0.005421895999461412,8,0.9641332469094337
76561199051689867,0,0.03964010998606682,8,0.9641332469094337
76561199270039318,0,0.005039646290242672,8,0.9641332469094337
76561198113451901,0,0.005070227663964033,8,0.9641332469094337
76561198883587234,0,0.08701056987047195,8,0.9641332469094337
76561198268153699,0,0.004892987664788961,8,0.9641332469094337
76561198042969709,0,0.39671415090560913,8,0.9641332469094337
76561198279058659,0,0.005841701757162809,8,0.9641332469094337
76561199130314144,0,0.005127855576574802,8,0.9641332469094337
76561197960593651,0,0.00489682424813509,8,0.9641332469094337
76561198879403003,0,0.005907287821173668,8,0.9641332469094337
76561198851400057,1,0.9906724095344543,8,0.9641332469094337
76561198325886770,0,0.007007334381341934,8,0.9641332469094337
76561199026528273,0,0.007345829624682665,8,0.9641332469094337
76561198010755785,0,0.009395506232976913,8,0.9641332469094337
76561199396692423,0,0.006192978471517563,8,0.9641332469094337
76561197982676383,0,0.9837561845779419,8,0.9641332469094337
76561198108648289,0,0.008050133474171162,8,0.9641332469094337
76561198272082283,0,0.005136135965585709,8,0.9641332469094337
76561199054992362,0,0.004275878891348839,8,0.9641332469094337
76561199090720203,1,0.9937791228294373,8,0.9641332469094337
76561199478599786,0,0.0040385047905147076,8,0.9641332469094337
76561198429602085,0,0.9064131379127502,8,0.9641332469094337
76561198852722188,0,0.8068285584449768,8,0.9641332469094337
76561198869017302,0,0.005876298062503338,8,0.9641332469094337
76561199591540460,0,0.004722417797893286,8,0.9641332469094337
76561199189664231,0,0.004493736196309328,8,0.9641332469094337
76561198033730185,0,0.015790436416864395,8,0.9641332469094337
76561199079948494,1,0.1283898651599884,8,0.9641332469094337
76561198152643199,0,0.011419462971389294,8,0.9641332469094337
76561198252710208,0,0.004409824497997761,8,0.9641332469094337
76561198964461023,0,0.004541668109595776,8,0.9641332469094337
76561198166996725,0,0.054914690554142,8,0.9641332469094337
76561198043781392,0,0.005196026526391506,8,0.9641332469094337
76561197961147244,0,0.9441317915916443,8,0.9641332469094337
76561198118141278,0,0.10317003726959229,8,0.9641332469094337
76561198922775553,0,0.0057807862758636475,8,0.9641332469094337
76561197998373823,0,0.004965290427207947,8,0.9641332469094337
76561198089500967,0,0.004850456956773996,8,0.9641332469094337
76561198209116657,0,0.0065961116924881935,8,0.9641332469094337
76561198161828656,0,0.004169366788119078,8,0.9641332469094337
76561198040609287,0,0.005233633331954479,8,0.9641332469094337
76561198344065463,0,0.012695497833192348,8,0.9641332469094337
76561199212711398,0,0.08433542400598526,8,0.9641332469094337
76561198220854668,0,0.005182854365557432,8,0.9641332469094337
76561198057770203,0,0.056678805500268936,8,0.9641332469094337
76561198134873077,0,0.009570800699293613,8,0.9641332469094337
76561199123382657,0,0.0056490907445549965,8,0.9641332469094337
76561198311152210,0,0.004470991902053356,8,0.9641332469094337
76561198038261871,0,0.006455985363572836,8,0.9641332469094337
76561198820573059,0,0.7138376832008362,8,0.9641332469094337
76561198095840912,0,0.16602911055088043,8,0.9641332469094337
76561198127755483,1,0.9898238778114319,8,0.9641332469094337
76561199505416924,0,0.004669517278671265,8,0.9641332469094337
76561199140915655,0,0.004816733300685883,8,0.9641332469094337
76561198245529892,0,0.008772654458880424,8,0.9641332469094337
76561198435423829,0,0.013808969408273697,8,0.9641332469094337
76561199388957663,0,0.9684679508209229,8,0.9641332469094337
76561198073510916,0,0.006780089344829321,8,0.9641332469094337
76561198000980010,0,0.005470690783113241,8,0.9641332469094337
76561199056807642,0,0.004682640079408884,8,0.9641332469094337
76561199021830063,0,0.009640155360102654,8,0.9641332469094337
76561198074106434,0,0.008352428674697876,8,0.9641332469094337
76561198358121515,0,0.014312132261693478,8,0.9641332469094337
76561199145454854,0,0.03672664612531662,8,0.9641332469094337
76561198981258104,1,0.9926678538322449,8,0.9641332469094337
76561198012571033,0,0.005416347179561853,8,0.9641332469094337
76561199022647215,0,0.008907039649784565,8,0.9641332469094337
76561197979301588,0,0.006899478379637003,8,0.9641332469094337
76561199078933426,0,0.8980098366737366,8,0.9641332469094337
76561198206757935,0,0.005161578767001629,8,0.9641332469094337
76561198124268919,0,0.12333102524280548,8,0.9641332469094337
76561198096604481,0,0.004582052119076252,8,0.9641332469094337
76561198128412734,0,0.046918511390686035,8,0.9641332469094337
76561199367041820,0,0.01348268985748291,8,0.9641332469094337
76561198281076765,0,0.005205788183957338,8,0.9641332469094337
76561199498156962,0,0.0074159614741802216,8,0.9641332469094337
76561199106268974,0,0.0051330882124602795,8,0.9641332469094337
76561198308427400,0,0.9870281219482422,8,0.9641332469094337
76561198928269502,0,0.36872780323028564,8,0.9641332469094337
76561198042003058,0,0.006468277424573898,8,0.9641332469094337
76561198106583158,0,0.005138100124895573,8,0.9641332469094337
76561198014665390,0,0.9811398983001709,8,0.9641332469094337
76561198208523191,0,0.004104715771973133,8,0.9641332469094337
76561198281967297,0,0.029687337577342987,8,0.9641332469094337
76561198164293464,0,0.007749404292553663,8,0.9641332469094337
76561199681470146,0,0.004806884564459324,8,0.9641332469094337
76561198025616991,0,0.005258078221231699,8,0.9641332469094337
76561199122059343,0,0.8768624663352966,8,0.9641332469094337
76561198067530821,0,0.0043052504770457745,8,0.9641332469094337
76561199244968157,0,0.011247965507209301,8,0.9641332469094337
76561199511932177,0,0.005480344872921705,8,0.9641332469094337
76561199084939371,0,0.006583388429135084,8,0.9641332469094337
76561199105762409,0,0.009314768016338348,8,0.9641332469094337
76561199122975792,0,0.01743188127875328,8,0.9641332469094337
76561198089676046,0,0.021647505462169647,8,0.9641332469094337
76561198281782781,0,0.03401632234454155,8,0.9641332469094337
76561197985811632,0,0.004905670415610075,8,0.9641332469094337
76561198016586359,0,0.005153991747647524,8,0.9641332469094337
76561198007495661,0,0.005321354139596224,8,0.9641332469094337
76561198024764737,0,0.020642336457967758,8,0.9641332469094337
76561198178450086,0,0.0051156701520085335,8,0.9641332469094337
76561198134741212,0,0.004831620026379824,8,0.9641332469094337
76561198019942311,0,0.0042939335107803345,8,0.9641332469094337
76561198069904689,0,0.004457596689462662,8,0.9641332469094337
76561198812805893,0,0.06526264548301697,8,0.9641332469094337
76561198079024720,0,0.004451671149581671,8,0.9641332469094337
76561197989249307,0,0.0046564312651753426,8,0.9641332469094337
76561199114296705,0,0.2706861197948456,8,0.9641332469094337
76561198184598425,0,0.019935643300414085,8,0.9641332469094337
76561198195839958,0,0.04179277643561363,8,0.9641332469094337
76561198049092617,0,0.6582129001617432,8,0.9641332469094337
76561198091549719,0,0.9771753549575806,8,0.9641332469094337
76561198405879622,0,0.00455763004720211,8,0.9641332469094337
76561199032344723,0,0.004683378152549267,8,0.9641332469094337
76561199111548859,0,0.004591287113726139,8,0.9641332469094337
76561198146152733,0,0.6775653958320618,8,0.9641332469094337
76561199698102483,0,0.004759765230119228,8,0.9641332469094337
76561198097678258,0,0.038015007972717285,8,0.9641332469094337
76561198001654931,0,0.011386035941541195,8,0.9641332469094337
76561198089247205,0,0.014865193516016006,8,0.9641332469094337
76561198992531633,0,0.037057310342788696,8,0.9641332469094337
76561198116021507,1,0.9932737350463867,8,0.9641332469094337
76561199130043642,0,0.004639000166207552,8,0.9641332469094337
76561199216656472,0,0.013983087614178658,8,0.9641332469094337
76561198052810113,0,0.006501229014247656,8,0.9641332469094337
76561199629680264,0,0.004674268886446953,8,0.9641332469094337
76561199141361128,0,0.43485531210899353,8,0.9641332469094337
76561198081809156,0,0.11007298529148102,8,0.9641332469094337
76561197990858078,0,0.005317498929798603,8,0.9641332469094337
76561198125199441,0,0.025222478434443474,8,0.9641332469094337
76561197968331215,0,0.40299156308174133,8,0.9641332469094337
76561198041586061,0,0.004522616043686867,8,0.9641332469094337
76561198358419538,1,0.9442151784896851,8,0.9641332469094337
76561198069520260,0,0.6233404874801636,8,0.9641332469094337
76561198430428230,0,0.5916862487792969,8,0.9641332469094337
76561198434699845,0,0.5690516829490662,8,0.9641332469094337
76561199106867372,0,0.774793803691864,8,0.9641332469094337
76561199640978125,0,0.005244299303740263,8,0.9641332469094337
76561199045455869,0,0.01743188127875328,8,0.9641332469094337
76561199077184181,0,0.009272996336221695,8,0.9641332469094337
76561199153325051,0,0.18454816937446594,8,0.9641332469094337
76561198209297123,0,0.019036130979657173,8,0.9641332469094337
76561198157812437,0,0.22963643074035645,8,0.9641332469094337
76561198209636557,0,0.011071711778640747,8,0.9641332469094337
76561199121936975,0,0.004262057598680258,8,0.9641332469094337
76561199290189610,0,0.01501848641782999,8,0.9641332469094337
76561198030434276,0,0.00427670544013381,8,0.9641332469094337
76561198368162712,0,0.08537529408931732,8,0.9641332469094337
76561198882060171,0,0.014728967100381851,8,0.9641332469094337
76561199070966295,0,0.004957312718033791,8,0.9641332469094337
76561198234815188,0,0.004068336915224791,8,0.9641332469094337
76561199144345386,0,0.011263031512498856,8,0.9641332469094337
76561199212855886,0,0.004964647814631462,8,0.9641332469094337
76561198799431529,0,0.004806111566722393,8,0.9641332469094337
76561198338350304,0,0.00498441606760025,8,0.9641332469094337
76561199085049226,0,0.13348443806171417,8,0.9641332469094337
76561199224236643,0,0.9215540289878845,8,0.9641332469094337
76561199442145118,0,0.004806884564459324,8,0.9641332469094337
76561198126204287,0,0.00434084003791213,8,0.9641332469094337
76561198038418752,0,0.9811232686042786,8,0.9641332469094337
76561198841285389,0,0.007384864147752523,8,0.9641332469094337
76561199385365314,0,0.018922124058008194,8,0.9641332469094337
76561199480392905,0,0.004735494963824749,8,0.9641332469094337
76561198316321074,0,0.018714964389801025,8,0.9641332469094337
76561198068499898,0,0.010553665459156036,8,0.9641332469094337
76561198980144251,0,0.01217302680015564,8,0.9641332469094337
76561199071838813,0,0.994222104549408,8,0.9641332469094337
76561199112191961,0,0.010113083757460117,8,0.9641332469094337
76561198998120389,0,0.007345829624682665,8,0.9641332469094337
76561197969863568,0,0.1088954359292984,8,0.9641332469094337
76561198101700317,0,0.004578756168484688,8,0.9641332469094337
76561198055561177,0,0.005095464643090963,8,0.9641332469094337
76561198108975844,0,0.005201715510338545,8,0.9641332469094337
76561198981896155,0,0.03129947930574417,8,0.9641332469094337
76561198140321086,0,0.0054135252721607685,8,0.9641332469094337
76561198141540149,0,0.01308361068367958,8,0.9641332469094337
76561198018807344,0,0.004395757801830769,8,0.9641332469094337
76561198069117437,0,0.005029852502048016,8,0.9641332469094337
76561198280397684,0,0.006533424835652113,8,0.9641332469094337
76561198312858213,0,0.006713910959661007,8,0.9641332469094337
76561198078982300,0,0.006119961850345135,8,0.9641332469094337
76561199128808309,0,0.004537712316960096,8,0.9641332469094337
76561198048906044,0,0.00631283363327384,8,0.9641332469094337
76561199095138062,0,0.973818302154541,8,0.9641332469094337
76561198174413553,0,0.004536213353276253,8,0.9641332469094337
76561198067114527,0,0.005716161336749792,8,0.9641332469094337
76561198260161261,0,0.004934120923280716,8,0.9641332469094337
76561199214926792,0,0.9913486838340759,8,0.9641332469094337
76561199014259299,0,0.00408772611990571,8,0.9641332469094337
76561199412258973,0,0.15233300626277924,8,0.9641332469094337
76561198264181799,0,0.00620979955419898,8,0.9641332469094337
76561199085271450,0,0.0055533600971102715,8,0.9641332469094337
76561199095280530,0,0.004293704405426979,8,0.9641332469094337
76561199277151623,0,0.004680249840021133,8,0.9641332469094337
76561198046351142,0,0.007058509159833193,8,0.9641332469094337
76561199478638273,0,0.005091135390102863,8,0.9641332469094337
76561199423716000,0,0.005647523794323206,8,0.9641332469094337
76561198877154259,0,0.022630993276834488,8,0.9641332469094337
76561198947602706,0,0.008356236852705479,8,0.9641332469094337
76561198096927046,0,0.00560537027195096,8,0.9641332469094337
76561198040345718,0,0.004894510842859745,8,0.9641332469094337
76561199244249991,0,0.00421020295470953,8,0.9641332469094337
76561198245201112,0,0.004390925168991089,8,0.9641332469094337
76561198273074720,0,0.00465833256021142,8,0.9641332469094337
76561198115772383,0,0.004699277225881815,8,0.9641332469094337
76561198275744989,0,0.01245469693094492,8,0.9641332469094337
76561199468598986,0,0.008932625874876976,8,0.9641332469094337
76561198076246014,0,0.004806884564459324,8,0.9641332469094337
76561199015114595,0,0.009281017817556858,8,0.9641332469094337
76561198037727427,0,0.004930639173835516,8,0.9641332469094337
76561198006969911,0,0.0065496438182890415,8,0.9641332469094337
76561199164403287,0,0.011424104683101177,8,0.9641332469094337
76561198150565498,0,0.004894923884421587,8,0.9641332469094337
76561198238504504,0,0.005544918589293957,8,0.9641332469094337
76561198115056914,0,0.05530530586838722,8,0.9641332469094337
76561199131168619,0,0.5754845142364502,8,0.9641332469094337
76561199691574439,1,0.04261736944317818,8,0.9641332469094337
76561198311749384,1,0.9561834335327148,8,0.9641332469094337
76561198180409398,1,0.9900736808776855,8,0.9641332469094337
76561199496356984,0,0.004635043442249298,8,0.9641332469094337
76561198188196928,0,0.004578392952680588,8,0.9641332469094337
76561199259470558,0,0.11171472817659378,8,0.9641332469094337
76561197980487288,1,0.9646667242050171,8,0.9641332469094337
76561198295759628,0,0.005736707244068384,8,0.9641332469094337
76561198850279618,0,0.006794033572077751,8,0.9641332469094337
76561198040341680,0,0.004327891860157251,8,0.9641332469094337
76561198137961210,0,0.02051086351275444,8,0.9641332469094337
76561199527983403,0,0.004900046158581972,8,0.9641332469094337
76561198122016936,0,0.005125649273395538,8,0.9641332469094337
76561198161140501,0,0.9743654131889343,8,0.9641332469094337
76561198007216980,0,0.004528563003987074,8,0.9641332469094337
76561199069632677,0,0.008204693906009197,8,0.9641332469094337
76561198025461622,0,0.0051703667268157005,8,0.9641332469094337
76561199106501744,0,0.030910657718777657,8,0.9641332469094337
76561199478477380,0,0.004445698577910662,8,0.9641332469094337
76561198313397059,0,0.28348028659820557,8,0.9641332469094337
76561198113496081,0,0.11238964647054672,8,0.9641332469094337
76561198852909646,0,0.16323713958263397,8,0.9641332469094337
76561199117958301,0,0.006964181549847126,8,0.9641332469094337
76561198073815965,0,0.09106370806694031,8,0.9641332469094337
76561199130904044,0,0.004657844081521034,8,0.9641332469094337
76561198050115003,0,0.044288426637649536,8,0.9641332469094337
76561197961210615,0,0.05840735137462616,8,0.9641332469094337
76561199220329681,0,0.004965627565979958,8,0.9641332469094337
76561199199995485,0,0.009601340629160404,8,0.9641332469094337
76561198349058583,0,0.0052898600697517395,8,0.9641332469094337
76561199106713317,0,0.005287304520606995,8,0.9641332469094337
76561198055316347,0,0.0054600536823272705,8,0.9641332469094337
76561198047170547,0,0.008932262659072876,8,0.9641332469094337
76561198161325977,0,0.01057922001928091,8,0.9641332469094337
76561198799272930,0,0.023758752271533012,8,0.9641332469094337
76561198951202888,0,0.005581841338425875,8,0.9641332469094337
76561198150743915,0,0.00614558719098568,8,0.9641332469094337
76561198008687727,0,0.00839687418192625,8,0.9641332469094337
76561198795754167,0,0.004351832438260317,8,0.9641332469094337
76561199226920568,0,0.02016354911029339,8,0.9641332469094337
76561199073667305,1,0.971825897693634,8,0.9641332469094337
76561199358190851,0,0.034275997430086136,8,0.9641332469094337
76561197963934139,0,0.00427503464743495,8,0.9641332469094337
76561198007363076,0,0.010431807488203049,8,0.9641332469094337
76561197992255470,0,0.005460737273097038,8,0.9641332469094337
76561198820973557,0,0.004817366134375334,8,0.9641332469094337
76561198116923348,0,0.013568912632763386,8,0.9641332469094337
76561198385161257,0,0.7654163241386414,8,0.9641332469094337
76561197984099258,0,0.00424451706930995,8,0.9641332469094337
76561198373078562,0,0.004116123076528311,8,0.9641332469094337
76561198103193826,0,0.0063844905234873295,8,0.9641332469094337
76561198035177400,0,0.004644120577722788,8,0.9641332469094337
76561198353854159,0,0.007250507362186909,8,0.9641332469094337
76561198378588659,0,0.037035826593637466,8,0.9641332469094337
76561198831596277,0,0.0049504730850458145,8,0.9641332469094337
76561197992828121,0,0.006201374344527721,8,0.9641332469094337
76561198280295631,0,0.004238387569785118,8,0.9641332469094337
76561198974078063,0,0.007642542012035847,8,0.9641332469094337
76561198332652500,0,0.004368560388684273,8,0.9641332469094337
76561199211228870,0,0.004439928103238344,8,0.9641332469094337
76561199099973354,0,0.005193124059587717,8,0.9641332469094337
76561199092816270,1,0.9913043975830078,8,0.9641332469094337
76561198451770619,0,0.0050433031283319,8,0.9641332469094337
76561198041230796,0,0.8358874917030334,8,0.9641332469094337
76561198116134607,0,0.00509980833157897,8,0.9641332469094337
76561198132911527,0,0.005002363119274378,8,0.9641332469094337
76561198333957506,0,0.006537065841257572,8,0.9641332469094337
76561197983129851,0,0.009418384172022343,8,0.9641332469094337
76561199478613918,0,0.005105308722704649,8,0.9641332469094337
76561198021329134,0,0.007775119040161371,8,0.9641332469094337
76561198067842997,0,0.00724248681217432,8,0.9641332469094337
76561198917983639,0,0.00397648336365819,8,0.9641332469094337
76561199087061115,0,0.008904512971639633,8,0.9641332469094337
76561199098591498,0,0.00566408596932888,8,0.9641332469094337
76561199193320434,0,0.00556184072047472,8,0.9641332469094337
76561198353585997,0,0.004924825858324766,8,0.9641332469094337
76561199074575913,0,0.14541980624198914,8,0.9641332469094337
76561199417333641,0,0.005031184293329716,8,0.9641332469094337
76561198273673737,0,0.006349490489810705,8,0.9641332469094337
76561199208690570,0,0.00496250856667757,8,0.9641332469094337
76561198253508526,0,0.006687983404844999,8,0.9641332469094337
76561198281210820,0,0.004777675028890371,8,0.9641332469094337
76561198147813381,0,0.004735494963824749,8,0.9641332469094337
76561199075830556,0,0.005468558985739946,8,0.9641332469094337
76561198816676283,0,0.02626771479845047,8,0.9641332469094337
76561199105265081,0,0.004356408957391977,8,0.9641332469094337
76561198031418571,0,0.005366204306483269,8,0.9641332469094337
76561198044806757,0,0.005869510117918253,8,0.9641332469094337
76561198026217912,1,0.9825233817100525,8,0.9641332469094337
76561198082845961,0,0.086620032787323,8,0.9641332469094337
76561198030922529,0,0.005145051050931215,8,0.9641332469094337
76561197962025821,0,0.0055156368762254715,8,0.9641332469094337
76561199256677858,0,0.006968027446419001,8,0.9641332469094337
76561199130508057,0,0.020707640796899796,8,0.9641332469094337
76561199177236213,0,0.00872767623513937,8,0.9641332469094337
76561199071887144,0,0.9908918738365173,8,0.9641332469094337
76561198162734415,0,0.01040614303201437,8,0.9641332469094337
76561199002099740,0,0.02659066580235958,8,0.9641332469094337
76561198154757004,0,0.8890053033828735,8,0.9641332469094337
76561199023266871,0,0.006145210936665535,8,0.9641332469094337
76561199013203339,0,0.38469836115837097,8,0.9641332469094337
76561199001897228,0,0.005205788183957338,8,0.9641332469094337
76561199153240808,0,0.004814806394279003,8,0.9641332469094337
76561199016081710,0,0.4283122718334198,8,0.9641332469094337
76561198821465112,0,0.005708548240363598,8,0.9641332469094337
76561198892681655,0,0.03211979568004608,8,0.9641332469094337
76561198929761470,0,0.004743529018014669,8,0.9641332469094337
76561198119662163,0,0.00522928312420845,8,0.9641332469094337
76561198048784891,0,0.005049103870987892,8,0.9641332469094337
76561198031151632,0,0.01898736134171486,8,0.9641332469094337
76561199081326923,0,0.004591287113726139,8,0.9641332469094337
76561198004768545,0,0.03398323804140091,8,0.9641332469094337
76561198370657457,0,0.027520736679434776,8,0.9641332469094337
76561198872765198,0,0.03398489952087402,8,0.9641332469094337
76561198079935948,0,0.013468199409544468,8,0.9641332469094337
76561198101254753,0,0.004366062115877867,8,0.9641332469094337
76561198078627273,0,0.9849429130554199,8,0.9641332469094337
76561198122616497,1,0.9924518465995789,8,0.9641332469094337
76561198101928033,0,0.8283547759056091,8,0.9641332469094337
76561199399848488,0,0.004443399142473936,8,0.9641332469094337
76561199189886936,0,0.01027041394263506,8,0.9641332469094337
76561198210898535,0,0.15600109100341797,8,0.9641332469094337
76561198105835688,0,0.014714973978698254,8,0.9641332469094337
76561198059976244,0,0.9496685862541199,8,0.9641332469094337
76561198307116934,0,0.009350909851491451,8,0.9641332469094337
76561198012369209,0,0.006492556072771549,8,0.9641332469094337
76561199224120625,0,0.004735494963824749,8,0.9641332469094337
76561198798377697,0,0.013014131225645542,8,0.9641332469094337
76561197972730916,0,0.00425694277510047,8,0.9641332469094337
76561198192625009,0,0.0049277921207249165,8,0.9641332469094337
76561198399210724,0,0.005560403224080801,8,0.9641332469094337
76561198149942026,0,0.005499991588294506,8,0.9641332469094337
76561198408784254,0,0.007231373339891434,8,0.9641332469094337
76561198359426172,0,0.008894444443285465,8,0.9641332469094337
76561198066930890,0,0.026447001844644547,8,0.9641332469094337
76561197967751171,0,0.004748912528157234,8,0.9641332469094337
76561198801693960,0,0.004479790106415749,8,0.9641332469094337
76561198151025173,0,0.008764784783124924,8,0.9641332469094337
76561197970371967,0,0.004777482710778713,8,0.9641332469094337
76561199091944035,0,0.012121620588004589,8,0.9641332469094337
76561198004244632,0,0.004772018641233444,8,0.9641332469094337
76561199445242420,0,0.005310411099344492,8,0.9641332469094337
76561199132199014,0,0.004234700929373503,8,0.9641332469094337
76561199467330554,0,0.009494606405496597,8,0.9641332469094337
76561197987551759,0,0.004872307181358337,8,0.9641332469094337
76561198030172075,0,0.005020607262849808,8,0.9641332469094337
76561199569521114,0,0.005404659081250429,8,0.9641332469094337
76561198131860569,0,0.005008514039218426,8,0.9641332469094337
76561198966021909,0,0.004442774225026369,8,0.9641332469094337
76561198120462611,1,0.9892879724502563,8,0.9641332469094337
76561198383394278,0,0.012038929387927055,8,0.9641332469094337
76561198359511664,0,0.005107898265123367,8,0.9641332469094337
76561198288295142,0,0.005197468679398298,8,0.9641332469094337
76561199434245705,0,0.004806884564459324,8,0.9641332469094337
76561199147347421,0,0.005179644096642733,8,0.9641332469094337
76561198110958831,0,0.006776285823434591,8,0.9641332469094337
76561198971411032,0,0.010655310936272144,8,0.9641332469094337
76561199139485485,0,0.018578046932816505,8,0.9641332469094337
76561198930291710,0,0.012669739313423634,8,0.9641332469094337
76561199096709343,0,0.026164360344409943,8,0.9641332469094337
76561197984332667,0,0.00542336143553257,8,0.9641332469094337
76561199021256933,0,0.005331565625965595,8,0.9641332469094337
76561198215043161,0,0.004806884564459324,8,0.9641332469094337
76561198142608022,0,0.005332571920007467,8,0.9641332469094337
76561198155559923,0,0.004759110510349274,8,0.9641332469094337
76561198425359808,0,0.004735494963824749,8,0.9641332469094337
76561198336082387,0,0.7863937020301819,8,0.9641332469094337
76561199172632560,0,0.2068508267402649,8,0.9641332469094337
76561198154208022,0,0.5260715484619141,8,0.9641332469094337
76561199098634097,0,0.00422156136482954,8,0.9641332469094337
76561198086255339,0,0.7786334753036499,8,0.9641332469094337
76561198968608883,0,0.006451109424233437,8,0.9641332469094337
76561198217298564,0,0.9168593287467957,8,0.9641332469094337
76561199105342182,0,0.005320828873664141,8,0.9641332469094337
76561198987840157,1,0.9926776885986328,8,0.9641332469094337
76561199580114857,1,0.9806875586509705,8,0.9641332469094337
76561198385234042,0,0.006869269534945488,8,0.9641332469094337
76561198165621975,0,0.9747644066810608,8,0.9641332469094337
76561199244082795,0,0.019336538389325142,8,0.9641332469094337
76561199369333764,0,0.009988303296267986,8,0.9641332469094337
76561198044476286,0,0.09477747231721878,8,0.9641332469094337
76561199537063328,0,0.004577482584863901,8,0.9641332469094337
76561199501260646,0,0.004806884564459324,8,0.9641332469094337
76561197992057758,0,0.06022151932120323,8,0.9641332469094337
76561198330084533,0,0.009291116148233414,8,0.9641332469094337
76561199078235275,0,0.011383594013750553,8,0.9641332469094337
76561199445156059,0,0.44485586881637573,8,0.9641332469094337
76561198448696091,0,0.4692583978176117,8,0.9641332469094337
76561198073167386,0,0.004584318958222866,8,0.9641332469094337
76561197979404770,0,0.8316894173622131,8,0.9641332469094337
76561199629905323,0,0.004484031815081835,8,0.9641332469094337
76561198850727888,0,0.016740314662456512,8,0.9641332469094337
76561198060917922,0,0.004217031877487898,8,0.9641332469094337
76561198058105019,0,0.003927348181605339,8,0.9641332469094337
76561198008502766,0,0.007087161298841238,8,0.9641332469094337
76561199074111078,0,0.004843766335397959,8,0.9641332469094337
76561198388981540,0,0.05882685258984566,8,0.9641332469094337
76561198063871122,0,0.004626458510756493,8,0.9641332469094337
76561198800881965,1,0.9918907880783081,8,0.9641332469094337
76561198326296227,0,0.9448477625846863,8,0.9641332469094337
76561198800672350,0,0.005922157783061266,8,0.9641332469094337
76561198038662710,0,0.006640835199505091,8,0.9641332469094337
76561197972403055,0,0.005893654655665159,8,0.9641332469094337
76561197977703991,0,0.004068160895258188,8,0.9641332469094337
76561198409917641,0,0.005077868700027466,8,0.9641332469094337
76561198009323652,0,0.004464996047317982,8,0.9641332469094337
76561198887049290,0,0.7639884352684021,8,0.9641332469094337
76561198327117148,0,0.018429026007652283,8,0.9641332469094337
76561198442945638,0,0.06821957975625992,8,0.9641332469094337
76561197978371130,0,0.05085292086005211,8,0.9641332469094337
76561199340778495,0,0.9639871120452881,8,0.9641332469094337
76561198124827277,0,0.0047498662024736404,8,0.9641332469094337
76561198035342954,0,0.007351294159889221,8,0.9641332469094337
76561199216597206,0,0.0053727212361991405,8,0.9641332469094337
76561197975446570,0,0.004830963909626007,8,0.9641332469094337
76561199529208668,0,0.008549211546778679,8,0.9641332469094337
76561198071101029,0,0.004494977183640003,8,0.9641332469094337
76561198380568192,0,0.00959404930472374,8,0.9641332469094337
76561199406162511,0,0.0585688091814518,8,0.9641332469094337
76561198117031100,0,0.05327460169792175,8,0.9641332469094337
76561199002691949,0,0.00466581154614687,8,0.9641332469094337
76561199086336454,0,0.06375058740377426,8,0.9641332469094337
76561198068508894,0,0.0054875509813427925,8,0.9641332469094337
76561198062768953,0,0.004597292747348547,8,0.9641332469094337
76561199236008470,0,0.005062580108642578,8,0.9641332469094337
76561198356623633,0,0.15098810195922852,8,0.9641332469094337
76561198058107836,0,0.0047692302614450455,8,0.9641332469094337
76561198110182519,0,0.039465319365262985,8,0.9641332469094337
76561198814117469,0,0.006776285823434591,8,0.9641332469094337
76561199375928628,0,0.00421058339998126,8,0.9641332469094337
76561198844617567,0,0.1383577287197113,8,0.9641332469094337
76561199438514137,0,0.005859713070094585,8,0.9641332469094337
76561198038944131,0,0.005262873601168394,8,0.9641332469094337
76561199400796270,0,0.00563369644805789,8,0.9641332469094337
76561199010419993,0,0.007642987184226513,8,0.9641332469094337
76561198023364087,0,0.4838573932647705,8,0.9641332469094337
76561198151306289,0,0.014954346232116222,8,0.9641332469094337
76561197972335737,0,0.01280518900603056,8,0.9641332469094337
76561198199929893,0,0.004700845573097467,8,0.9641332469094337
76561198806053528,0,0.004064213950186968,8,0.9641332469094337
76561198876505033,0,0.00939003936946392,8,0.9641332469094337
76561198091719115,0,0.00421193428337574,8,0.9641332469094337
76561199224434418,0,0.9847219586372375,8,0.9641332469094337
76561198243526214,0,0.11424293369054794,8,0.9641332469094337
76561199080399766,0,0.004645884037017822,8,0.9641332469094337
76561197981585778,0,0.005041525233536959,8,0.9641332469094337
76561198320171404,0,0.009518448263406754,8,0.9641332469094337
76561199256349526,0,0.010555069893598557,8,0.9641332469094337
76561198372493743,0,0.004740930162370205,8,0.9641332469094337
76561198168132987,0,0.008528977632522583,8,0.9641332469094337
76561199166778873,0,0.15233300626277924,8,0.9641332469094337
76561199184688067,0,0.011256841011345387,8,0.9641332469094337
76561198377716515,0,0.004806884564459324,8,0.9641332469094337
76561198391742277,0,0.04695642739534378,8,0.9641332469094337
76561198141017255,0,0.004666486755013466,8,0.9641332469094337
76561198002795833,0,0.15128253400325775,8,0.9641332469094337
76561198849479590,0,0.017342211678624153,8,0.9641332469094337
76561199035883185,0,0.004831450060009956,8,0.9641332469094337
76561198340887017,0,0.005453988444060087,8,0.9641332469094337
76561198120604189,0,0.004388436675071716,8,0.9641332469094337
76561199140852311,0,0.0049188523553311825,8,0.9641332469094337
76561199091735990,0,0.1931142508983612,8,0.9641332469094337
76561198289210636,0,0.004806884564459324,8,0.9641332469094337
76561198348759057,0,0.00990347284823656,8,0.9641332469094337
76561197970499363,0,0.005255924072116613,8,0.9641332469094337
76561198381529149,0,0.004935357253998518,8,0.9641332469094337
76561199086423090,0,0.019665079191327095,8,0.9641332469094337
76561198803119057,0,0.004982118960469961,8,0.9641332469094337
76561198878377775,1,0.9892102479934692,8,0.9641332469094337
76561199525652203,0,0.7489293217658997,8,0.9641332469094337
76561198090990637,0,0.004302301909774542,8,0.9641332469094337
76561198139575937,0,0.004735494963824749,8,0.9641332469094337
76561198030615362,0,0.9912033081054688,8,0.9641332469094337
76561198001243446,0,0.8132115602493286,8,0.9641332469094337
76561198045945217,0,0.0050445073284208775,8,0.9641332469094337
76561198254205991,0,0.66676265001297,8,0.9641332469094337
76561199257253897,0,0.7276815176010132,8,0.9641332469094337
76561198198411009,0,0.9001124501228333,8,0.9641332469094337
76561198871826694,0,0.004924412816762924,8,0.9641332469094337
76561198811232359,0,0.004806884564459324,8,0.9641332469094337
76561198882288631,0,0.004888807889074087,8,0.9641332469094337
76561198448187228,0,0.004641978535801172,8,0.9641332469094337
76561198009312332,0,0.0042639379389584064,8,0.9641332469094337
76561198011564789,0,0.22579067945480347,8,0.9641332469094337
76561198007692601,0,0.010021255351603031,8,0.9641332469094337
76561198148304367,0,0.01716405153274536,8,0.9641332469094337
76561198977478933,0,0.004766596015542746,8,0.9641332469094337
76561198019390708,0,0.004488139878958464,8,0.9641332469094337
76561198088539250,0,0.004554435610771179,8,0.9641332469094337
76561198103455206,0,0.015533006750047207,8,0.9641332469094337
76561198007319314,0,0.3249593675136566,8,0.9641332469094337
76561197970422319,0,0.017333444207906723,8,0.9641332469094337
76561198342871044,0,0.0042877295054495335,8,0.9641332469094337
76561198374728089,0,0.018950846046209335,8,0.9641332469094337
76561199429404225,0,0.04086236655712128,8,0.9641332469094337
76561198191108082,0,0.005263025872409344,8,0.9641332469094337
76561199006234925,0,0.00499907648190856,8,0.9641332469094337
76561199031607858,0,0.009418384172022343,8,0.9641332469094337
76561199237728384,0,0.0057770549319684505,8,0.9641332469094337
76561198870443429,0,0.012325833551585674,8,0.9641332469094337
76561198306687534,0,0.044090963900089264,8,0.9641332469094337
76561198872986516,1,0.988664984703064,8,0.9641332469094337
76561198026426950,0,0.8019589185714722,8,0.9641332469094337
76561198063859813,0,0.005949297919869423,8,0.9641332469094337
76561199554910582,0,0.003834320930764079,8,0.9641332469094337
76561198151284156,0,0.16677583754062653,8,0.9641332469094337
76561199239662696,0,0.0350022055208683,8,0.9641332469094337
76561197988607346,0,0.2461995929479599,8,0.9641332469094337
76561198035460341,0,0.9822437167167664,8,0.9641332469094337
76561199739927741,0,0.004591287113726139,8,0.9641332469094337
76561198161404976,0,0.005330852698534727,8,0.9641332469094337
76561198019186510,1,0.9928624033927917,8,0.9641332469094337
76561197962521336,0,0.004342942498624325,8,0.9641332469094337
76561198364070657,0,0.01146684493869543,8,0.9641332469094337
76561198056237391,0,0.004407881759107113,8,0.9641332469094337
76561199159057034,0,0.006776285823434591,8,0.9641332469094337
76561199127945088,0,0.012191101908683777,8,0.9641332469094337
76561199148328541,0,0.004973465111106634,8,0.9641332469094337
76561199171996621,0,0.011265586130321026,8,0.9641332469094337
76561198151127293,0,0.005775619298219681,8,0.9641332469094337
76561198798628227,0,0.004968276247382164,8,0.9641332469094337
76561198055993435,0,0.006701761391013861,8,0.9641332469094337
76561198061105936,0,0.004353152588009834,8,0.9641332469094337
76561199004669510,1,0.9905714988708496,8,0.9641332469094337
76561198080124368,0,0.004461555276066065,8,0.9641332469094337
76561198284210857,0,0.007084249518811703,8,0.9641332469094337
76561198078662555,0,0.004801723174750805,8,0.9641332469094337
76561198063309480,0,0.004428647458553314,8,0.9641332469094337
76561198313513849,0,0.06927359104156494,8,0.9641332469094337
76561198867372297,0,0.004462707322090864,8,0.9641332469094337
76561199093715198,0,0.009314768016338348,8,0.9641332469094337
76561198804424127,0,0.2157282829284668,8,0.9641332469094337
76561198865839660,0,0.005751058924943209,8,0.9641332469094337
76561198111240409,0,0.00580550404265523,8,0.9641332469094337
76561198217372468,0,0.004476235248148441,8,0.9641332469094337
76561199091754654,0,0.005727280862629414,8,0.9641332469094337
76561198322816148,0,0.004478755872696638,8,0.9641332469094337
76561199125509321,0,0.048847220838069916,8,0.9641332469094337
76561199232853716,0,0.004980814177542925,8,0.9641332469094337
76561198195145901,0,0.007749404292553663,8,0.9641332469094337
76561199108764267,0,0.015740087255835533,8,0.9641332469094337
76561198189255682,0,0.011206432245671749,8,0.9641332469094337
76561198992788215,0,0.008691716007888317,8,0.9641332469094337
76561199050786349,0,0.07509355992078781,8,0.9641332469094337
76561198799533452,0,0.01663629524409771,8,0.9641332469094337
76561198103205334,0,0.004248437937349081,8,0.9641332469094337
76561198368365823,0,0.004735494963824749,8,0.9641332469094337
76561198051245910,0,0.004591287113726139,8,0.9641332469094337
76561198991827956,0,0.004816733300685883,8,0.9641332469094337
76561199168294148,0,0.009058747440576553,8,0.9641332469094337
76561199342605033,0,0.02033090963959694,8,0.9641332469094337
76561198013292177,0,0.004514667205512524,8,0.9641332469094337
76561198147033352,0,0.0054689738899469376,8,0.9641332469094337
76561198056517408,0,0.004655881319195032,8,0.9641332469094337
76561199174955628,1,0.9907239079475403,8,0.9641332469094337
76561198186108238,0,0.011855746619403362,8,0.9641332469094337
76561198016116844,0,0.005094978958368301,8,0.9641332469094337
76561198869682262,1,0.7799752950668335,8,0.9641332469094337
76561198305884332,0,0.006011756602674723,8,0.9641332469094337
76561199506993265,0,0.00813248660415411,8,0.9641332469094337
76561197972286319,0,0.08777245134115219,8,0.9641332469094337
76561199146594325,0,0.007153716403990984,8,0.9641332469094337
76561199158987280,0,0.0402294397354126,8,0.9641332469094337
76561198052372742,0,0.007245704066008329,8,0.9641332469094337
76561198053570760,0,0.010563911870121956,8,0.9641332469094337
76561198119386173,0,0.0044828443787992,8,0.9641332469094337
76561199232754731,0,0.006596867926418781,8,0.9641332469094337
76561198024414512,0,0.024844199419021606,8,0.9641332469094337
76561199125586158,0,0.8797473311424255,8,0.9641332469094337
76561198073403472,0,0.07487142831087112,8,0.9641332469094337
76561199418346434,0,0.00537828216329217,8,0.9641332469094337
76561197962736748,0,0.05134939029812813,8,0.9641332469094337
76561197995354693,0,0.006067031528800726,8,0.9641332469094337
76561199223158176,0,0.007452816236764193,8,0.9641332469094337
76561199428647998,0,0.6773537993431091,8,0.9641332469094337
76561199036267783,0,0.006776285823434591,8,0.9641332469094337
76561198014977436,0,0.2131672501564026,8,0.9641332469094337
76561198418342757,0,0.029729850590229034,8,0.9641332469094337
76561198097964607,0,0.005711179692298174,8,0.9641332469094337
76561198152417467,0,0.00424978556111455,8,0.9641332469094337
76561198055066620,0,0.0053498647175729275,8,0.9641332469094337
76561198008828359,0,0.006686010397970676,8,0.9641332469094337
76561199229533616,0,0.004591287113726139,8,0.9641332469094337
76561198135125901,0,0.007489500101655722,8,0.9641332469094337
76561197970594282,0,0.010561556555330753,8,0.9641332469094337
76561198263122968,0,0.004286123439669609,8,0.9641332469094337
76561198079523132,0,0.08407196402549744,8,0.9641332469094337
76561198074070940,0,0.9690530896186829,8,0.9641332469094337
76561198131038154,0,0.026021404191851616,8,0.9641332469094337
76561198446993239,0,0.004104715771973133,8,0.9641332469094337
76561199560971207,0,0.004806884564459324,8,0.9641332469094337
76561198005680802,0,0.005222471430897713,8,0.9641332469094337
76561198209197815,0,0.018727485090494156,8,0.9641332469094337
76561198058679136,0,0.004203708376735449,8,0.9641332469094337
76561198039367657,0,0.006961721461266279,8,0.9641332469094337
76561198005635270,1,0.02554016001522541,8,0.9641332469094337
76561197977152758,1,0.993496298789978,8,0.9641332469094337
76561198122000771,0,0.013027288019657135,8,0.9641332469094337
76561199217827806,0,0.007058522664010525,8,0.9641332469094337
76561199059770620,0,0.0040741912089288235,8,0.9641332469094337
76561198240139040,0,0.00483153248205781,8,0.9641332469094337
76561197970837973,0,0.023354968056082726,8,0.9641332469094337
76561198995837225,0,0.040289852768182755,8,0.9641332469094337
76561198077490059,0,0.014208119362592697,8,0.9641332469094337
76561199479469225,0,0.005224624183028936,8,0.9641332469094337
76561199751745554,0,0.011041590012609959,8,0.9641332469094337
76561198106574815,0,0.004140193574130535,8,0.9641332469094337
76561198405618720,0,0.004225969780236483,8,0.9641332469094337
76561198138587136,0,0.033658795058727264,8,0.9641332469094337
76561198016069581,0,0.005056374240666628,8,0.9641332469094337
76561198076323195,0,0.004342423286288977,8,0.9641332469094337
76561199177746839,0,0.9866647720336914,8,0.9641332469094337
76561199001121562,0,0.0047914800234138966,8,0.9641332469094337
76561199500833711,0,0.011114563792943954,8,0.9641332469094337
76561199013355538,0,0.004591287113726139,8,0.9641332469094337
76561198019263291,0,0.00471868272870779,8,0.9641332469094337
76561198162367519,0,0.009343033656477928,8,0.9641332469094337
76561198073809354,0,0.004723471123725176,8,0.9641332469094337
76561198974016204,0,0.01042106281965971,8,0.9641332469094337
76561199085106607,0,0.011666875332593918,8,0.9641332469094337
76561199366101876,0,0.007825665175914764,8,0.9641332469094337
76561199525351789,0,0.004104715771973133,8,0.9641332469094337
76561199589312555,0,0.004647590685635805,8,0.9641332469094337
76561199213552449,1,0.9751782417297363,8,0.9641332469094337
76561197995208503,0,0.004803208168596029,8,0.9641332469094337
76561198371337225,0,0.004236579407006502,8,0.9641332469094337
76561198113623132,0,0.006368888076394796,8,0.9641332469094337
76561199043711786,0,0.004276069812476635,8,0.9641332469094337
76561199045886068,0,0.008833011612296104,8,0.9641332469094337
76561199520341497,0,0.006145930849015713,8,0.9641332469094337
76561198172815366,0,0.006064178422093391,8,0.9641332469094337
76561199144618240,0,0.0060875192284584045,8,0.9641332469094337
76561199594052817,0,0.015778621658682823,8,0.9641332469094337
76561198008866192,0,0.004083744715899229,8,0.9641332469094337
76561198350002602,0,0.004568643867969513,8,0.9641332469094337
76561198273606175,0,0.015002652071416378,8,0.9641332469094337
76561199157890803,0,0.004185750614851713,8,0.9641332469094337
76561198158557068,0,0.00573504064232111,8,0.9641332469094337
76561199535490762,0,0.07433558255434036,8,0.9641332469094337
76561198076130391,0,0.006454664282500744,8,0.9641332469094337
76561198064869464,0,0.004625764209777117,8,0.9641332469094337
76561199234047650,0,0.004273427650332451,8,0.9641332469094337
76561198077840918,0,0.006515375338494778,8,0.9641332469094337
76561198957060456,1,0.6767539978027344,8,0.9641332469094337
76561198379499739,0,0.00466296449303627,8,0.9641332469094337
76561199033213419,0,0.004341412801295519,8,0.9641332469094337
76561198125506357,0,0.012098345905542374,8,0.9641332469094337
76561199182410212,0,0.013336706906557083,8,0.9641332469094337
76561198276862982,0,0.004602698143571615,8,0.9641332469094337
76561198025378377,0,0.004736784845590591,8,0.9641332469094337
76561198053435470,0,0.005308674182742834,8,0.9641332469094337
76561198158008623,0,0.007725205272436142,8,0.9641332469094337
76561198025259149,0,0.00421193428337574,8,0.9641332469094337
76561198004019784,0,0.00824935082346201,8,0.9641332469094337
76561198013486659,0,0.005238695070147514,8,0.9641332469094337
76561198084580263,0,0.015386796556413174,8,0.9641332469094337
76561198285464177,0,0.004733225330710411,8,0.9641332469094337
76561199274432824,0,0.004134880844503641,8,0.9641332469094337
76561198954560139,0,0.9492777585983276,8,0.9641332469094337
76561199137195810,0,0.004541198723018169,8,0.9641332469094337
76561197983254117,0,0.012525856494903564,8,0.9641332469094337
76561198072381444,0,0.6680030822753906,8,0.9641332469094337
76561199109016096,0,0.009606494568288326,8,0.9641332469094337
76561198363048865,0,0.0066766333766281605,8,0.9641332469094337
76561198145933573,0,0.0044608390890061855,8,0.9641332469094337
76561198113340988,0,0.043025825172662735,8,0.9641332469094337
76561197970469619,0,0.00445473613217473,8,0.9641332469094337
76561197968627778,0,0.0053785876370966434,8,0.9641332469094337
76561199508034514,0,0.008295387029647827,8,0.9641332469094337
76561199093590048,0,0.006627379916608334,8,0.9641332469094337
76561197975532010,0,0.006479545962065458,8,0.9641332469094337
76561198259627093,0,0.012083308771252632,8,0.9641332469094337
76561198165900093,0,0.03879532963037491,8,0.9641332469094337
76561198126922310,0,0.012935868464410305,8,0.9641332469094337
76561198882748917,0,0.01876169815659523,8,0.9641332469094337
76561199025514955,0,0.013313955627381802,8,0.9641332469094337
76561198812483054,0,0.00885708536952734,8,0.9641332469094337
76561199165179076,0,0.005198065657168627,8,0.9641332469094337
76561199134071307,0,0.004335871897637844,8,0.9641332469094337
76561198331855955,0,0.005384151358157396,8,0.9641332469094337
76561198140878722,0,0.5805490612983704,8,0.9641332469094337
76561198315858945,0,0.30259713530540466,8,0.9641332469094337
76561199214762376,0,0.004634224809706211,8,0.9641332469094337
76561198012624758,0,0.004341866821050644,8,0.9641332469094337
76561199037571501,0,0.004007738083600998,8,0.9641332469094337
76561198043908352,0,0.029585598036646843,8,0.9641332469094337
76561198081120674,0,0.10796577483415604,8,0.9641332469094337
76561197965636750,0,0.004887763876467943,8,0.9641332469094337
76561198062916810,0,0.011730330064892769,8,0.9641332469094337
76561198827511558,0,0.12260990589857101,8,0.9641332469094337
76561198066685632,0,0.008943937718868256,8,0.9641332469094337
76561198026138466,0,0.006019994150847197,8,0.9641332469094337
76561198984445247,0,0.9629089832305908,8,0.9641332469094337
76561198111663789,0,0.009418384172022343,8,0.9641332469094337
76561198981363392,0,0.0052671669982373714,8,0.9641332469094337
76561197996565560,0,0.24746456742286682,8,0.9641332469094337
76561199083706209,1,0.9902076125144958,8,0.9641332469094337
76561199121648771,0,0.9707002639770508,8,0.9641332469094337
76561198074613673,0,0.02664998546242714,8,0.9641332469094337
76561198805355992,0,0.00436412263661623,8,0.9641332469094337
76561199234511275,0,0.06960514187812805,8,0.9641332469094337
76561198865110887,0,0.00802009366452694,8,0.9641332469094337
76561199026827598,0,0.008539392612874508,8,0.9641332469094337
76561199681303967,0,0.01823418028652668,8,0.9641332469094337
76561198066673766,0,0.007500329986214638,8,0.9641332469094337
76561197970316234,0,0.004672082141041756,8,0.9641332469094337
76561199097272858,0,0.004806884564459324,8,0.9641332469094337
76561198991950961,0,0.0051304930821061134,8,0.9641332469094337
76561199442741948,0,0.00496250856667757,8,0.9641332469094337
76561198837599608,0,0.008211576379835606,8,0.9641332469094337
76561198207917628,0,0.005092154256999493,8,0.9641332469094337
76561197985128109,0,0.006662373896688223,8,0.9641332469094337
76561198099865804,0,0.004545863252133131,8,0.9641332469094337
76561198217798312,0,0.006017475388944149,8,0.9641332469094337
76561198851379455,0,0.0051064882427453995,8,0.9641332469094337
76561199101353038,0,0.010264643467962742,8,0.9641332469094337
76561198132578320,0,0.028291545808315277,8,0.9641332469094337
76561198049853445,0,0.017071150243282318,8,0.9641332469094337
76561198096174603,0,0.004715848248451948,8,0.9641332469094337
76561199705654899,0,0.009247850626707077,8,0.9641332469094337
76561199177032223,0,0.012024798430502415,8,0.9641332469094337
76561198044883329,0,0.0042095608077943325,8,0.9641332469094337
76561198869573749,0,0.00452148774638772,8,0.9641332469094337
76561198006663846,0,0.0048720804043114185,8,0.9641332469094337
76561198407897863,0,0.0045959483832120895,8,0.9641332469094337
76561199629526008,0,0.08565317094326019,8,0.9641332469094337
76561198272564886,0,0.005198439583182335,8,0.9641332469094337
76561198037073749,0,0.004830821417272091,8,0.9641332469094337
76561198095658470,0,0.011320204474031925,8,0.9641332469094337
76561198857494034,0,0.006303964648395777,8,0.9641332469094337
76561199766794755,0,0.004806884564459324,8,0.9641332469094337
76561197970230896,0,0.006433855276554823,8,0.9641332469094337
76561198161730514,0,0.0042939335107803345,8,0.9641332469094337
76561199564823729,0,0.0042939335107803345,8,0.9641332469094337
76561198243719156,0,0.005320985801517963,8,0.9641332469094337
76561198984903514,0,0.004379404243081808,8,0.9641332469094337
76561198102153331,0,0.018987422809004784,8,0.9641332469094337
76561198065822492,0,0.0053298864513635635,8,0.9641332469094337
76561199092190965,0,0.015489548444747925,8,0.9641332469094337
76561199009436507,0,0.005416347179561853,8,0.9641332469094337
76561198825647707,0,0.009352562017738819,8,0.9641332469094337
76561198284851913,0,0.06555160135030746,8,0.9641332469094337
76561199061057157,0,0.005397461354732513,8,0.9641332469094337
76561197977801643,1,0.9923194050788879,8,0.9641332469094337
76561198400002024,0,0.005905654281377792,8,0.9641332469094337
76561199236179777,0,0.8583076596260071,8,0.9641332469094337
76561198411286697,0,0.004736465867608786,8,0.9641332469094337
76561198983440382,0,0.00434084003791213,8,0.9641332469094337
76561198181356475,0,0.017018981277942657,8,0.9641332469094337
76561199493450278,0,0.008516768924891949,8,0.9641332469094337
76561198062834413,0,0.08474741876125336,8,0.9641332469094337
76561198202027457,0,0.8268125057220459,8,0.9641332469094337
76561198251776188,0,0.053871940821409225,8,0.9641332469094337
76561198064479970,0,0.05959726497530937,8,0.9641332469094337
76561198148945751,0,0.00728776678442955,8,0.9641332469094337
76561199197347534,0,0.0057719191536307335,8,0.9641332469094337
76561198262400637,0,0.004946584813296795,8,0.9641332469094337
76561198005150316,0,0.004927179776132107,8,0.9641332469094337
76561198126824144,0,0.0067293643951416016,8,0.9641332469094337
76561198287727642,0,0.004628756083548069,8,0.9641332469094337
76561197997092534,0,0.6384957432746887,8,0.9641332469094337
76561198240683276,0,0.004231101367622614,8,0.9641332469094337
76561198799720984,0,0.011183265596628189,8,0.9641332469094337
76561198206584975,0,0.006727232132107019,8,0.9641332469094337
76561198084905298,0,0.8122721314430237,8,0.9641332469094337
76561199155567085,0,0.006357419770210981,8,0.9641332469094337
76561198386937101,0,0.49241960048675537,8,0.9641332469094337
76561198372751437,0,0.005060065537691116,8,0.9641332469094337
76561198842706539,1,0.9892812967300415,8,0.9641332469094337
76561198271492716,0,0.005168569274246693,8,0.9641332469094337
76561198238534384,0,0.005559863522648811,8,0.9641332469094337
76561198150521376,0,0.005302468780428171,8,0.9641332469094337
76561199224924635,0,0.009473060257732868,8,0.9641332469094337
76561198145402919,0,0.977067232131958,8,0.9641332469094337
76561199376712315,0,0.006489216350018978,8,0.9641332469094337
76561198049937012,0,0.007745515089482069,8,0.9641332469094337
76561198842653572,0,0.004220442846417427,8,0.9641332469094337
76561197983331438,0,0.004685919266194105,8,0.9641332469094337
76561198007704924,0,0.007244081702083349,8,0.9641332469094337
76561199228887279,0,0.00762150576338172,8,0.9641332469094337
76561198143426854,0,0.018016377463936806,8,0.9641332469094337
76561199240575455,0,0.005207176320254803,8,0.9641332469094337
76561199135470910,0,0.03467332199215889,8,0.9641332469094337
76561198968034924,0,0.005256883334368467,8,0.9641332469094337
76561198829726448,0,0.023143254220485687,8,0.9641332469094337
76561199221949585,0,0.8644444942474365,8,0.9641332469094337
76561199579033366,0,0.005428121890872717,8,0.9641332469094337
76561199096120734,0,0.008539742790162563,8,0.9641332469094337
76561198391604330,0,0.015120414085686207,8,0.9641332469094337
76561198133050439,0,0.9308686852455139,8,0.9641332469094337
76561198871102832,0,0.007132495287805796,8,0.9641332469094337
76561198878598556,0,0.004663597792387009,8,0.9641332469094337
76561198079026423,0,0.0065134805627167225,8,0.9641332469094337
76561198311368757,0,0.005463903769850731,8,0.9641332469094337
76561198428563591,0,0.038684479892253876,8,0.9641332469094337
76561198427929303,0,0.004806884564459324,8,0.9641332469094337
76561199369319751,0,0.0048248241655528545,8,0.9641332469094337
76561198116508876,0,0.00424037454649806,8,0.9641332469094337
76561199106524705,0,0.0042939335107803345,8,0.9641332469094337
76561198073062066,0,0.005781183484941721,8,0.9641332469094337
76561199061580753,0,0.004598501604050398,8,0.9641332469094337
76561198825120798,0,0.004464258439838886,8,0.9641332469094337
76561199207734763,0,0.011965184472501278,8,0.9641332469094337
76561198142032152,0,0.006135771982371807,8,0.9641332469094337
76561198967263518,0,0.004645886365324259,8,0.9641332469094337
76561199622858456,0,0.9135217666625977,8,0.9641332469094337
76561199220299348,0,0.014885100536048412,8,0.9641332469094337
76561198845920196,0,0.0044141788966953754,8,0.9641332469094337
76561198153662490,1,0.9923803806304932,8,0.9641332469094337
76561198865242176,0,0.005880305077880621,8,0.9641332469094337
76561198059144749,0,0.00495673855766654,8,0.9641332469094337
76561198173790235,0,0.9911552667617798,8,0.9641332469094337
76561199481394631,0,0.010968816466629505,8,0.9641332469094337
76561198012415557,0,0.07242370396852493,8,0.9641332469094337
76561198133611976,0,0.005747273098677397,8,0.9641332469094337
76561198271674383,0,0.004272068850696087,8,0.9641332469094337
76561199174342038,0,0.004482172429561615,8,0.9641332469094337
76561198066157520,0,0.0045453994534909725,8,0.9641332469094337
76561199005873657,0,0.02071308344602585,8,0.9641332469094337
76561198846898425,0,0.01148836687207222,8,0.9641332469094337
76561198081370680,0,0.004580725450068712,8,0.9641332469094337
76561198047446406,0,0.004699204117059708,8,0.9641332469094337
76561199080678555,0,0.008736579678952694,8,0.9641332469094337
76561198203157445,0,0.5119968056678772,8,0.9641332469094337
