user_key,y,score,fold,threshold
76561199013810413,0,0.014502734877169132,7,0.9817423806220443
76561199176794180,0,0.2864301800727844,7,0.9817423806220443
76561199045939442,0,0.33391979336738586,7,0.9817423806220443
76561198366253318,0,0.02156548760831356,7,0.9817423806220443
76561198829477398,0,0.37524569034576416,7,0.9817423806220443
76561199092894071,0,0.21742241084575653,7,0.9817423806220443
76561199045694261,0,0.5064353346824646,7,0.9817423806220443
76561199386311213,0,0.004312279634177685,7,0.9817423806220443
76561198188216827,0,0.5090193748474121,7,0.9817423806220443
76561198056156353,0,0.13318918645381927,7,0.9817423806220443
76561198849866643,0,0.7182467579841614,7,0.9817423806220443
76561198290196129,1,0.9931668639183044,7,0.9817423806220443
76561198984358850,0,0.24641238152980804,7,0.9817423806220443
76561198360403369,0,0.04642482101917267,7,0.9817423806220443
76561198005697398,0,0.006558380555361509,7,0.9817423806220443
76561198236457982,0,0.21609945595264435,7,0.9817423806220443
76561198833659203,0,0.6369702816009521,7,0.9817423806220443
76561199167630708,0,0.022291060537099838,7,0.9817423806220443
76561198192456935,0,0.007427596021443605,7,0.9817423806220443
76561198115029584,1,0.48813292384147644,7,0.9817423806220443
76561198976751076,1,0.9589048624038696,7,0.9817423806220443
76561198849242444,0,0.0049333274364471436,7,0.9817423806220443
76561198871199800,0,0.9881293773651123,7,0.9817423806220443
76561198124861445,0,0.043817829340696335,7,0.9817423806220443
76561199225746595,0,0.0546586774289608,7,0.9817423806220443
76561199153365110,0,0.01360376738011837,7,0.9817423806220443
76561198176670079,0,0.00954371877014637,7,0.9817423806220443
76561199088115770,0,0.0033389406744390726,7,0.9817423806220443
76561198042972421,1,0.799984872341156,7,0.9817423806220443
76561198290658603,0,0.0037806774489581585,7,0.9817423806220443
76561199341159302,0,0.003578315954655409,7,0.9817423806220443
76561198288240948,0,0.18648941814899445,7,0.9817423806220443
76561198371029670,0,0.36104491353034973,7,0.9817423806220443
76561198116221173,0,0.13681596517562866,7,0.9817423806220443
76561199510120182,0,0.06716226786375046,7,0.9817423806220443
76561198989691601,0,0.009193181991577148,7,0.9817423806220443
76561198865459597,0,0.025964373722672462,7,0.9817423806220443
76561198058971916,0,0.44566208124160767,7,0.9817423806220443
76561198398915668,1,0.9938588738441467,7,0.9817423806220443
76561197970551044,0,0.274915874004364,7,0.9817423806220443
76561199152852074,0,0.4170873761177063,7,0.9817423806220443
76561199189152037,0,0.006380552891641855,7,0.9817423806220443
76561198035294123,0,0.3437232971191406,7,0.9817423806220443
76561198059766991,0,0.4393140375614166,7,0.9817423806220443
76561198033684093,0,0.04030858725309372,7,0.9817423806220443
76561198129098118,0,0.22599726915359497,7,0.9817423806220443
76561198354873236,0,0.004556083586066961,7,0.9817423806220443
76561198421178438,0,0.3040545582771301,7,0.9817423806220443
76561198032781255,0,0.7677221298217773,7,0.9817423806220443
76561198058663593,0,0.02025948464870453,7,0.9817423806220443
76561199258118902,0,0.4652421176433563,7,0.9817423806220443
76561198873429028,0,0.015029918402433395,7,0.9817423806220443
76561198120782212,0,0.31037983298301697,7,0.9817423806220443
76561198069206007,0,0.33025190234184265,7,0.9817423806220443
76561198137392317,0,0.006856406573206186,7,0.9817423806220443
76561198978817037,0,0.003275950439274311,7,0.9817423806220443
76561198864807623,0,0.005057428497821093,7,0.9817423806220443
76561198073535576,0,0.00915578193962574,7,0.9817423806220443
76561199032964479,0,0.04994252696633339,7,0.9817423806220443
76561198998367334,0,0.03593222796916962,7,0.9817423806220443
76561198251241118,0,0.9283460974693298,7,0.9817423806220443
76561198154872726,0,0.007603890262544155,7,0.9817423806220443
76561199564205653,0,0.0935806855559349,7,0.9817423806220443
76561198849951368,0,0.12824498116970062,7,0.9817423806220443
76561199248829052,0,0.15321360528469086,7,0.9817423806220443
76561199201049248,0,0.9641574025154114,7,0.9817423806220443
76561198042945260,0,0.03085976280272007,7,0.9817423806220443
76561199410543072,0,0.06605640053749084,7,0.9817423806220443
76561198124102300,0,0.029163304716348648,7,0.9817423806220443
76561198403905220,0,0.00781502015888691,7,0.9817423806220443
76561198101949854,0,0.022392770275473595,7,0.9817423806220443
76561198248815762,0,0.028008272871375084,7,0.9817423806220443
76561198104320774,0,0.007615279871970415,7,0.9817423806220443
76561198053430513,0,0.008228491060435772,7,0.9817423806220443
76561198231796004,0,0.0043884157203137875,7,0.9817423806220443
76561199699889500,0,0.07313835620880127,7,0.9817423806220443
76561198858448301,0,0.037219349294900894,7,0.9817423806220443
76561198014076511,0,0.008975925855338573,7,0.9817423806220443
76561198973987648,0,0.22311370074748993,7,0.9817423806220443
76561198247465438,0,0.03590516000986099,7,0.9817423806220443
76561199041876855,0,0.009462202899158001,7,0.9817423806220443
76561198276280863,0,0.026363259181380272,7,0.9817423806220443
76561198863484453,0,0.023526960983872414,7,0.9817423806220443
76561198097465978,0,0.020410826429724693,7,0.9817423806220443
76561198105299159,0,0.19996440410614014,7,0.9817423806220443
76561199445768289,0,0.012262175790965557,7,0.9817423806220443
76561199121568361,0,0.0059027415700256824,7,0.9817423806220443
76561198052381891,0,0.14098317921161652,7,0.9817423806220443
76561198863051922,0,0.006902655120939016,7,0.9817423806220443
76561198381925696,0,0.032790277153253555,7,0.9817423806220443
76561198401109814,0,0.023476608097553253,7,0.9817423806220443
76561199237665191,0,0.0038804379291832447,7,0.9817423806220443
76561197984032698,0,0.006746041122823954,7,0.9817423806220443
76561198145407168,0,0.08306979387998581,7,0.9817423806220443
76561199433251261,1,0.9924901127815247,7,0.9817423806220443
76561198301001463,0,0.7484399676322937,7,0.9817423806220443
76561199165111826,0,0.11726751923561096,7,0.9817423806220443
76561199509058001,0,0.059268876910209656,7,0.9817423806220443
76561198218056036,0,0.4675236940383911,7,0.9817423806220443
76561198987194887,0,0.2929176390171051,7,0.9817423806220443
76561199166612369,0,0.47925084829330444,7,0.9817423806220443
76561199503075378,0,0.11826306581497192,7,0.9817423806220443
76561198050019338,0,0.06971775740385056,7,0.9817423806220443
76561199073892696,0,0.004194993060082197,7,0.9817423806220443
76561198062385397,0,0.004775439389050007,7,0.9817423806220443
76561198076067496,0,0.00790320336818695,7,0.9817423806220443
76561199546268148,0,0.036033011972904205,7,0.9817423806220443
76561197976091245,0,0.7392694354057312,7,0.9817423806220443
76561199298287311,0,0.006801879033446312,7,0.9817423806220443
76561198062723214,0,0.36441317200660706,7,0.9817423806220443
76561199163684540,0,0.26049095392227173,7,0.9817423806220443
76561198016835184,0,0.005451723001897335,7,0.9817423806220443
76561199131197779,0,0.10834868997335434,7,0.9817423806220443
76561198045603527,0,0.28907909989356995,7,0.9817423806220443
76561198010196405,0,0.03333140164613724,7,0.9817423806220443
76561198238880602,0,0.025280945003032684,7,0.9817423806220443
76561199300383113,0,0.03605977073311806,7,0.9817423806220443
76561199414455657,0,0.06823688000440598,7,0.9817423806220443
76561198967878479,1,0.9915701150894165,7,0.9817423806220443
76561198079461738,0,0.8970615267753601,7,0.9817423806220443
76561198159279056,0,0.249508336186409,7,0.9817423806220443
76561198137332283,0,0.20043233036994934,7,0.9817423806220443
76561197979349830,0,0.4594707787036896,7,0.9817423806220443
76561199122490250,0,0.01078836340457201,7,0.9817423806220443
76561198053294542,0,0.02646273374557495,7,0.9817423806220443
76561199178299282,0,0.05441203713417053,7,0.9817423806220443
76561198979129689,0,0.0033389406744390726,7,0.9817423806220443
76561198197302835,0,0.3619825541973114,7,0.9817423806220443
76561198169397650,0,0.16925054788589478,7,0.9817423806220443
76561198035066696,0,0.07266420871019363,7,0.9817423806220443
76561199124805996,0,0.1515444815158844,7,0.9817423806220443
76561198000708259,0,0.49649694561958313,7,0.9817423806220443
76561198005513252,0,0.2510213255882263,7,0.9817423806220443
76561198395180632,0,0.2816457748413086,7,0.9817423806220443
76561198010084129,0,0.04011276364326477,7,0.9817423806220443
76561198185902251,0,0.2983589470386505,7,0.9817423806220443
76561199067585395,0,0.08034802228212357,7,0.9817423806220443
76561199176570907,0,0.8516541123390198,7,0.9817423806220443
76561199190073112,0,0.008423932828009129,7,0.9817423806220443
76561198172129791,0,0.004466852638870478,7,0.9817423806220443
76561198271616787,0,0.1328141689300537,7,0.9817423806220443
76561198318892828,0,0.008131190203130245,7,0.9817423806220443
76561199061608925,0,0.00534735806286335,7,0.9817423806220443
76561198142139203,1,0.9933816194534302,7,0.9817423806220443
76561199018189581,0,0.003578315954655409,7,0.9817423806220443
76561199067033319,0,0.006804656237363815,7,0.9817423806220443
76561198030726951,0,0.008984232321381569,7,0.9817423806220443
76561198407081190,0,0.040682584047317505,7,0.9817423806220443
76561199084311851,0,0.04241025820374489,7,0.9817423806220443
76561198318507207,0,0.008627432398498058,7,0.9817423806220443
76561198158133843,0,0.059886857867240906,7,0.9817423806220443
76561198380829180,0,0.5103287100791931,7,0.9817423806220443
76561198068391745,0,0.03427239507436752,7,0.9817423806220443
76561198060935397,0,0.009583329781889915,7,0.9817423806220443
76561198251068356,0,0.003763278480619192,7,0.9817423806220443
76561199191681091,0,0.014962132088840008,7,0.9817423806220443
76561197975138455,0,0.02206932194530964,7,0.9817423806220443
76561198866335814,0,0.005303489975631237,7,0.9817423806220443
76561199234659016,0,0.021839283406734467,7,0.9817423806220443
76561199051207680,0,0.005299179814755917,7,0.9817423806220443
76561199195145689,0,0.00945160910487175,7,0.9817423806220443
76561199209161077,0,0.004862041212618351,7,0.9817423806220443
76561198110084027,0,0.0040996079333126545,7,0.9817423806220443
76561199105283186,0,0.011549403890967369,7,0.9817423806220443
76561198060802857,0,0.01890176720917225,7,0.9817423806220443
76561198038026529,1,0.816826581954956,7,0.9817423806220443
76561198365277044,0,0.21603535115718842,7,0.9817423806220443
76561199525216958,0,0.004168446641415358,7,0.9817423806220443
76561198427746076,0,0.003921072464436293,7,0.9817423806220443
76561198188782322,0,0.007763540837913752,7,0.9817423806220443
76561198117425086,0,0.0041719223372638226,7,0.9817423806220443
76561199217053445,0,0.003965197131037712,7,0.9817423806220443
76561198041529509,0,0.004157609306275845,7,0.9817423806220443
76561198199708319,0,0.041338056325912476,7,0.9817423806220443
76561198298298936,0,0.0034134972374886274,7,0.9817423806220443
76561198104956769,0,0.04354799911379814,7,0.9817423806220443
76561198172252883,0,0.003550212597474456,7,0.9817423806220443
76561197998870951,0,0.004344959743320942,7,0.9817423806220443
76561198001494211,0,0.8335443139076233,7,0.9817423806220443
76561199152613878,0,0.016940511763095856,7,0.9817423806220443
76561198967898279,0,0.3192499279975891,7,0.9817423806220443
76561198033965059,0,0.003955959342420101,7,0.9817423806220443
76561198893990048,0,0.003999447450041771,7,0.9817423806220443
76561198254513876,0,0.019809607416391373,7,0.9817423806220443
76561198282952419,0,0.004168739542365074,7,0.9817423806220443
76561198150581495,0,0.020092139020562172,7,0.9817423806220443
76561198187725554,0,0.003974530845880508,7,0.9817423806220443
76561198331268290,0,0.05340730771422386,7,0.9817423806220443
76561198214895023,0,0.020361077040433884,7,0.9817423806220443
76561198028089160,0,0.3059491813182831,7,0.9817423806220443
76561198029141167,1,0.991300642490387,7,0.9817423806220443
76561198947258262,0,0.16242341697216034,7,0.9817423806220443
76561198021030821,0,0.046799518167972565,7,0.9817423806220443
76561198373740575,0,0.10386244207620621,7,0.9817423806220443
76561198080651191,0,0.11489547044038773,7,0.9817423806220443
76561198123052038,0,0.14347316324710846,7,0.9817423806220443
76561199371207170,0,0.0033874802757054567,7,0.9817423806220443
76561198325939965,0,0.03534932807087898,7,0.9817423806220443
76561199449311323,0,0.6725796461105347,7,0.9817423806220443
76561198065267851,0,0.19504107534885406,7,0.9817423806220443
76561198860239523,0,0.99025958776474,7,0.9817423806220443
76561199180989934,0,0.015150695107877254,7,0.9817423806220443
76561198001983365,0,0.05021391063928604,7,0.9817423806220443
76561198019137998,0,0.004616797901690006,7,0.9817423806220443
76561198351569301,0,0.09161033481359482,7,0.9817423806220443
76561198363956176,0,0.6960273385047913,7,0.9817423806220443
76561199057000504,0,0.005464587360620499,7,0.9817423806220443
76561198046711006,0,0.32010772824287415,7,0.9817423806220443
76561198053857916,0,0.003550212597474456,7,0.9817423806220443
76561198112961299,0,0.010575576685369015,7,0.9817423806220443
76561199201816673,0,0.032653022557497025,7,0.9817423806220443
76561198162868015,1,0.9877182245254517,7,0.9817423806220443
76561197987191777,0,0.004054356832057238,7,0.9817423806220443
76561198036808328,0,0.2656615078449249,7,0.9817423806220443
76561198134163323,0,0.9820566177368164,7,0.9817423806220443
76561198031252164,0,0.01363965030759573,7,0.9817423806220443
76561198058074788,0,0.5835453271865845,7,0.9817423806220443
76561198029450120,0,0.2116074413061142,7,0.9817423806220443
76561198142619949,0,0.01951635628938675,7,0.9817423806220443
76561198108757096,0,0.01195824146270752,7,0.9817423806220443
76561197961632498,0,0.2233714759349823,7,0.9817423806220443
76561198102360855,0,0.9639080166816711,7,0.9817423806220443
76561199168442611,0,0.9538264274597168,7,0.9817423806220443
76561197967841916,0,0.0039681121706962585,7,0.9817423806220443
76561199036213968,0,0.02022930048406124,7,0.9817423806220443
76561198044140832,0,0.0107789421454072,7,0.9817423806220443
76561198437600363,0,0.006141394842416048,7,0.9817423806220443
76561198109854763,0,0.0033817060757428408,7,0.9817423806220443
76561198029114626,0,0.719900906085968,7,0.9817423806220443
76561199207878328,0,0.009683317504823208,7,0.9817423806220443
76561199077756593,0,0.04173865541815758,7,0.9817423806220443
76561198242906424,0,0.008888931944966316,7,0.9817423806220443
76561198092416775,0,0.12842890620231628,7,0.9817423806220443
76561199106182997,0,0.008053598925471306,7,0.9817423806220443
76561199502568998,0,0.03564554452896118,7,0.9817423806220443
76561199214752065,0,0.009624812752008438,7,0.9817423806220443
76561199392051959,0,0.007787290494889021,7,0.9817423806220443
76561198128240390,0,0.27570873498916626,7,0.9817423806220443
76561199324842065,0,0.19932693243026733,7,0.9817423806220443
76561199126759695,0,0.02121107466518879,7,0.9817423806220443
76561198220297224,0,0.2151123583316803,7,0.9817423806220443
76561198223196388,0,0.004530781880021095,7,0.9817423806220443
76561198987353694,0,0.9924853444099426,7,0.9817423806220443
76561199427332333,0,0.008333854377269745,7,0.9817423806220443
76561198206548335,0,0.02049405686557293,7,0.9817423806220443
76561198054998513,0,0.039173342287540436,7,0.9817423806220443
76561199070214852,0,0.0037018076982349157,7,0.9817423806220443
76561198077501033,0,0.018045522272586823,7,0.9817423806220443
76561198026676281,0,0.003670566016808152,7,0.9817423806220443
76561198348082549,0,0.019842669367790222,7,0.9817423806220443
76561199651910163,0,0.011789670214056969,7,0.9817423806220443
76561198856859809,0,0.060405097901821136,7,0.9817423806220443
76561198365588561,0,0.008317877538502216,7,0.9817423806220443
76561197994342396,0,0.08828745037317276,7,0.9817423806220443
76561198149864456,0,0.09669867157936096,7,0.9817423806220443
76561199111934974,0,0.020678380504250526,7,0.9817423806220443
76561198441037397,0,0.02636048011481762,7,0.9817423806220443
76561199011887773,0,0.006549442652612925,7,0.9817423806220443
76561198368197495,0,0.9914023280143738,7,0.9817423806220443
76561198834933253,1,0.8958531618118286,7,0.9817423806220443
76561198029627834,0,0.056136664003133774,7,0.9817423806220443
76561199121449929,0,0.0450679175555706,7,0.9817423806220443
76561198395971709,0,0.007118755020201206,7,0.9817423806220443
76561199224663066,0,0.01673821732401848,7,0.9817423806220443
76561199521348435,0,0.03406880795955658,7,0.9817423806220443
76561198253815143,0,0.014258311130106449,7,0.9817423806220443
76561198052248618,0,0.003403094131499529,7,0.9817423806220443
76561199211823265,0,0.005726455245167017,7,0.9817423806220443
76561198042034405,0,0.040507327765226364,7,0.9817423806220443
76561198408291094,0,0.004556083586066961,7,0.9817423806220443
76561199006152054,0,0.06859493255615234,7,0.9817423806220443
76561198052970243,0,0.05797235667705536,7,0.9817423806220443
76561198064811365,0,0.403226375579834,7,0.9817423806220443
76561199530232569,0,0.012914995662868023,7,0.9817423806220443
76561197971068013,0,0.026870740577578545,7,0.9817423806220443
76561198154032571,0,0.0091776791960001,7,0.9817423806220443
76561198113778156,0,0.003550212597474456,7,0.9817423806220443
76561199229412115,0,0.008363194763660431,7,0.9817423806220443
76561198054074754,0,0.016231704503297806,7,0.9817423806220443
76561198021011989,0,0.003815102856606245,7,0.9817423806220443
76561198367383804,0,0.0035258480347692966,7,0.9817423806220443
76561199413357015,0,0.017125491052865982,7,0.9817423806220443
76561198394243134,0,0.013051411136984825,7,0.9817423806220443
76561199004130795,0,0.022744251415133476,7,0.9817423806220443
76561198877224291,0,0.003550212597474456,7,0.9817423806220443
76561198994856494,0,0.01903849095106125,7,0.9817423806220443
76561199250623038,0,0.004556083586066961,7,0.9817423806220443
76561198061613711,0,0.005447559058666229,7,0.9817423806220443
76561198121690358,0,0.013523119501769543,7,0.9817423806220443
76561198352497484,0,0.008534466847777367,7,0.9817423806220443
76561199153101123,0,0.003403094131499529,7,0.9817423806220443
76561198023322301,0,0.02308347076177597,7,0.9817423806220443
76561198313033893,0,0.9597844481468201,7,0.9817423806220443
76561198068292597,0,0.275605708360672,7,0.9817423806220443
76561198031592393,0,0.37266674637794495,7,0.9817423806220443
76561198304666876,0,0.5686824321746826,7,0.9817423806220443
76561198076539918,0,0.0059027415700256824,7,0.9817423806220443
76561198239114704,0,0.9930517673492432,7,0.9817423806220443
76561199024333449,0,0.19672442972660065,7,0.9817423806220443
76561199205918029,0,0.9326909780502319,7,0.9817423806220443
76561199241656698,0,0.007481144275516272,7,0.9817423806220443
76561199134332375,0,0.007018374744802713,7,0.9817423806220443
76561199012779070,0,0.01037317793816328,7,0.9817423806220443
76561198834652231,0,0.0038375169970095158,7,0.9817423806220443
76561198837629060,0,0.04902690649032593,7,0.9817423806220443
76561198067147163,0,0.29792168736457825,7,0.9817423806220443
76561198271171060,0,0.003578315954655409,7,0.9817423806220443
76561198366253120,0,0.34293803572654724,7,0.9817423806220443
76561198056898816,0,0.2844705879688263,7,0.9817423806220443
76561197984434557,0,0.16408145427703857,7,0.9817423806220443
76561197998127531,0,0.04789560288190842,7,0.9817423806220443
76561198037779792,0,0.017030814662575722,7,0.9817423806220443
76561198112715573,0,0.7541385889053345,7,0.9817423806220443
76561199275400123,0,0.004321937914937735,7,0.9817423806220443
76561198399811637,0,0.007911017164587975,7,0.9817423806220443
76561198085146227,0,0.0544610396027565,7,0.9817423806220443
76561198892711100,0,0.2474333643913269,7,0.9817423806220443
76561198144074363,0,0.05289677157998085,7,0.9817423806220443
76561198051244755,0,0.32470080256462097,7,0.9817423806220443
76561198129560912,0,0.0032091957982629538,7,0.9817423806220443
76561199149347428,0,0.18868094682693481,7,0.9817423806220443
76561198269181431,1,0.990113377571106,7,0.9817423806220443
76561199630306231,0,0.003403094131499529,7,0.9817423806220443
76561198083310448,1,0.620554506778717,7,0.9817423806220443
76561199055538615,0,0.017089227214455605,7,0.9817423806220443
76561198064366810,0,0.03490274026989937,7,0.9817423806220443
76561198006987928,0,0.004175618290901184,7,0.9817423806220443
76561198101062273,0,0.018005093559622765,7,0.9817423806220443
76561198201958726,1,0.8845771551132202,7,0.9817423806220443
76561199549374514,0,0.055181656032800674,7,0.9817423806220443
76561198095652866,0,0.008916919119656086,7,0.9817423806220443
76561198862593422,0,0.005066683050245047,7,0.9817423806220443
76561199052863216,0,0.028556518256664276,7,0.9817423806220443
76561199126381804,0,0.029970603063702583,7,0.9817423806220443
76561198839937323,0,0.004494312219321728,7,0.9817423806220443
76561198022175833,0,0.07347847521305084,7,0.9817423806220443
76561199282472303,0,0.6566033363342285,7,0.9817423806220443
76561198103951819,0,0.22099578380584717,7,0.9817423806220443
76561198400109984,0,0.7046266794204712,7,0.9817423806220443
76561197972470324,0,0.4422433078289032,7,0.9817423806220443
76561198061141956,0,0.014071498066186905,7,0.9817423806220443
76561198280431466,0,0.010929628275334835,7,0.9817423806220443
76561198067879716,0,0.023702990263700485,7,0.9817423806220443
76561198192764335,0,0.13376930356025696,7,0.9817423806220443
76561199497028257,0,0.01188402995467186,7,0.9817423806220443
76561198005816850,0,0.009024219587445259,7,0.9817423806220443
76561198177344803,0,0.6498295068740845,7,0.9817423806220443
76561199108038854,0,0.005069107282906771,7,0.9817423806220443
76561198086502620,0,0.06336241215467453,7,0.9817423806220443
76561198281740011,0,0.018772674724459648,7,0.9817423806220443
76561199484646283,0,0.021333366632461548,7,0.9817423806220443
76561199131346907,0,0.3689649701118469,7,0.9817423806220443
76561199070976717,0,0.10746507346630096,7,0.9817423806220443
76561199035857775,0,0.04624951630830765,7,0.9817423806220443
76561198044155471,0,0.0855664536356926,7,0.9817423806220443
76561197992940230,0,0.007863265462219715,7,0.9817423806220443
76561199127723946,0,0.280516654253006,7,0.9817423806220443
76561198035852040,0,0.02250814624130726,7,0.9817423806220443
76561198152052054,0,0.005817752797156572,7,0.9817423806220443
76561199194370087,0,0.2599985599517822,7,0.9817423806220443
76561198104246037,0,0.054117441177368164,7,0.9817423806220443
76561198367560464,0,0.07677460461854935,7,0.9817423806220443
76561199061612083,0,0.004471187479794025,7,0.9817423806220443
76561198112575668,0,0.013974410481750965,7,0.9817423806220443
76561198008191561,0,0.01126565970480442,7,0.9817423806220443
76561198151690067,1,0.18022911250591278,7,0.9817423806220443
76561198038214927,0,0.01279245875775814,7,0.9817423806220443
76561198991013968,0,0.007573720533400774,7,0.9817423806220443
76561198280624334,0,0.035208262503147125,7,0.9817423806220443
76561198353582547,0,0.0072484686970710754,7,0.9817423806220443
76561198211954009,0,0.007256643380969763,7,0.9817423806220443
76561198860357517,0,0.003586954902857542,7,0.9817423806220443
76561198056519195,0,0.15138226747512817,7,0.9817423806220443
76561198064705797,0,0.007951263338327408,7,0.9817423806220443
76561198353208710,0,0.003403094131499529,7,0.9817423806220443
76561198336224229,0,0.01011173240840435,7,0.9817423806220443
76561198860539801,0,0.00761695159599185,7,0.9817423806220443
76561199374638448,0,0.005072754807770252,7,0.9817423806220443
76561199100755722,0,0.009927083738148212,7,0.9817423806220443
76561198065560590,0,0.047400955110788345,7,0.9817423806220443
76561199140321426,0,0.09285098314285278,7,0.9817423806220443
76561198247709912,0,0.011933253146708012,7,0.9817423806220443
76561199378206430,0,0.018856078386306763,7,0.9817423806220443
76561198285502657,0,0.01776057481765747,7,0.9817423806220443
76561199081524193,0,0.004168446641415358,7,0.9817423806220443
76561198028478580,0,0.004138965625315905,7,0.9817423806220443
76561198100502715,0,0.0571674183011055,7,0.9817423806220443
76561199010319263,0,0.004774066619575024,7,0.9817423806220443
76561198150139515,0,0.005776791833341122,7,0.9817423806220443
76561198194550293,0,0.00491981441155076,7,0.9817423806220443
76561197970200888,0,0.003665900556370616,7,0.9817423806220443
76561198850404388,0,0.7992210388183594,7,0.9817423806220443
76561198051116645,0,0.029210390523076057,7,0.9817423806220443
76561198083720952,0,0.017400529235601425,7,0.9817423806220443
76561199521152086,0,0.13224579393863678,7,0.9817423806220443
76561198864593828,0,0.0042879763059318066,7,0.9817423806220443
76561198309920285,0,0.008468406274914742,7,0.9817423806220443
76561199200239370,0,0.8891264200210571,7,0.9817423806220443
76561199026711134,0,0.012262927368283272,7,0.9817423806220443
76561198373050946,0,0.032271530479192734,7,0.9817423806220443
76561197989316469,1,0.9932833909988403,7,0.9817423806220443
76561198021584145,0,0.20166760683059692,7,0.9817423806220443
76561198825939988,0,0.023949535563588142,7,0.9817423806220443
76561197987871328,0,0.18808673322200775,7,0.9817423806220443
76561199550787205,0,0.003403094131499529,7,0.9817423806220443
76561198317603751,0,0.04428665339946747,7,0.9817423806220443
76561198026369641,0,0.3640546202659607,7,0.9817423806220443
76561198937030794,0,0.6528209447860718,7,0.9817423806220443
76561198872444525,0,0.020233560353517532,7,0.9817423806220443
76561199192279978,0,0.8094125986099243,7,0.9817423806220443
76561197995227080,0,0.013146909885108471,7,0.9817423806220443
76561198155651549,0,0.6579546928405762,7,0.9817423806220443
76561198345345367,1,0.9558222889900208,7,0.9817423806220443
76561198002178339,0,0.8099738955497742,7,0.9817423806220443
76561198832453131,1,0.9896858334541321,7,0.9817423806220443
76561198027197655,0,0.052936457097530365,7,0.9817423806220443
76561198272640723,0,0.005299179814755917,7,0.9817423806220443
76561199021362040,0,0.6225343346595764,7,0.9817423806220443
76561198421620281,0,0.03997904062271118,7,0.9817423806220443
76561199145827262,0,0.1636383980512619,7,0.9817423806220443
76561198404756957,0,0.015971878543496132,7,0.9817423806220443
76561198333122792,0,0.004622255451977253,7,0.9817423806220443
76561198394768301,0,0.03281918168067932,7,0.9817423806220443
76561199140814177,0,0.0072877490893006325,7,0.9817423806220443
76561199261443761,0,0.3382509648799896,7,0.9817423806220443
76561198027934032,0,0.0052582803182303905,7,0.9817423806220443
76561199131306794,0,0.01673642359673977,7,0.9817423806220443
76561198129530366,0,0.024760344997048378,7,0.9817423806220443
76561198154554907,0,0.006087038200348616,7,0.9817423806220443
76561199468496861,0,0.009910493157804012,7,0.9817423806220443
76561199022958085,0,0.06317318230867386,7,0.9817423806220443
76561198979550686,0,0.0646793320775032,7,0.9817423806220443
76561198038273210,0,0.5618094801902771,7,0.9817423806220443
76561198883125924,0,0.9743320345878601,7,0.9817423806220443
76561198177158047,0,0.018868762999773026,7,0.9817423806220443
76561198101866888,0,0.00895675364881754,7,0.9817423806220443
76561198334128542,1,0.9936188459396362,7,0.9817423806220443
76561198876151710,0,0.0034270738251507282,7,0.9817423806220443
76561198134554766,0,0.003403094131499529,7,0.9817423806220443
76561198033957084,0,0.9629518985748291,7,0.9817423806220443
76561197969560979,0,0.2289414405822754,7,0.9817423806220443
76561198338054932,0,0.004168739542365074,7,0.9817423806220443
76561199011468566,0,0.46831461787223816,7,0.9817423806220443
76561199149258958,0,0.009740002453327179,7,0.9817423806220443
76561198011356137,0,0.004408486653119326,7,0.9817423806220443
76561198387151727,0,0.9559747576713562,7,0.9817423806220443
76561198301105219,0,0.01840183138847351,7,0.9817423806220443
76561199219340324,0,0.0034270738251507282,7,0.9817423806220443
76561199268220601,0,0.036558281630277634,7,0.9817423806220443
76561198307592806,0,0.007496894337236881,7,0.9817423806220443
76561198881925877,0,0.35959941148757935,7,0.9817423806220443
76561198353945720,0,0.006902655120939016,7,0.9817423806220443
76561199086204331,0,0.005242095794528723,7,0.9817423806220443
76561198051465385,0,0.01766742207109928,7,0.9817423806220443
76561199100571456,0,0.030296361073851585,7,0.9817423806220443
76561198262732780,0,0.012364869005978107,7,0.9817423806220443
76561198007056021,0,0.027026068419218063,7,0.9817423806220443
76561198343592868,0,0.027326202020049095,7,0.9817423806220443
76561198396791576,0,0.005403861869126558,7,0.9817423806220443
76561199093810403,0,0.0037018076982349157,7,0.9817423806220443
76561199213705432,0,0.026708334684371948,7,0.9817423806220443
76561198107383380,0,0.1444309949874878,7,0.9817423806220443
76561198257087892,0,0.005795719567686319,7,0.9817423806220443
76561198021149963,0,0.0056252083741128445,7,0.9817423806220443
76561198258519810,0,0.044212982058525085,7,0.9817423806220443
76561198132960803,1,0.008168927393853664,7,0.9817423806220443
76561198298080455,0,0.737749457359314,7,0.9817423806220443
76561197999552226,0,0.021524371579289436,7,0.9817423806220443
76561197965372390,0,0.024244604632258415,7,0.9817423806220443
76561197973946782,0,0.011121666990220547,7,0.9817423806220443
76561199119398773,0,0.04041837528347969,7,0.9817423806220443
76561198058370053,0,0.03850119560956955,7,0.9817423806220443
76561199130552828,0,0.15940913558006287,7,0.9817423806220443
76561198140435366,0,0.129174143075943,7,0.9817423806220443
76561199088196336,0,0.00480590108782053,7,0.9817423806220443
76561198039963397,0,0.01177327148616314,7,0.9817423806220443
76561199006493839,0,0.011090021580457687,7,0.9817423806220443
76561199021075169,0,0.06373622268438339,7,0.9817423806220443
76561198873467312,0,0.00428928155452013,7,0.9817423806220443
76561199429806190,0,0.006426400970667601,7,0.9817423806220443
76561198364568476,0,0.004321945831179619,7,0.9817423806220443
76561199386118045,0,0.019466334953904152,7,0.9817423806220443
76561198317920539,0,0.009725246578454971,7,0.9817423806220443
76561199643924322,0,0.014152167364954948,7,0.9817423806220443
76561198026264149,0,0.024301234632730484,7,0.9817423806220443
76561197971665862,0,0.0211289394646883,7,0.9817423806220443
76561199237740856,0,0.005887478590011597,7,0.9817423806220443
76561199209956280,0,0.843722403049469,7,0.9817423806220443
76561198029684842,0,0.21149995923042297,7,0.9817423806220443
76561199099246224,0,0.04030222445726395,7,0.9817423806220443
76561198013612228,0,0.05938541516661644,7,0.9817423806220443
76561198395862752,0,0.019910138100385666,7,0.9817423806220443
76561197985869162,0,0.41832274198532104,7,0.9817423806220443
76561198882947619,0,0.007147860247641802,7,0.9817423806220443
76561198178803307,0,0.008764751255512238,7,0.9817423806220443
76561198796692137,0,0.1979578137397766,7,0.9817423806220443
76561198353364386,0,0.9841132760047913,7,0.9817423806220443
76561199004547321,0,0.009572071954607964,7,0.9817423806220443
76561199084383438,0,0.06867826730012894,7,0.9817423806220443
76561198083639546,0,0.5763757824897766,7,0.9817423806220443
76561198870385386,0,0.006899125408381224,7,0.9817423806220443
76561199068325865,0,0.9857056140899658,7,0.9817423806220443
76561198316317966,0,0.004649031907320023,7,0.9817423806220443
76561198112107963,0,0.02398783154785633,7,0.9817423806220443
76561198030014016,1,0.9872606992721558,7,0.9817423806220443
76561198148688661,0,0.005147336050868034,7,0.9817423806220443
76561199044809593,0,0.22209201753139496,7,0.9817423806220443
76561198124215709,0,0.1343381553888321,7,0.9817423806220443
76561198008455392,0,0.5780715942382812,7,0.9817423806220443
76561199269789247,0,0.1724518984556198,7,0.9817423806220443
76561199544850390,0,0.5988327860832214,7,0.9817423806220443
76561198086510512,0,0.5596745610237122,7,0.9817423806220443
76561199039991058,0,0.014494198374450207,7,0.9817423806220443
76561198007239174,0,0.01747843064367771,7,0.9817423806220443
76561199565626316,1,0.6182511448860168,7,0.9817423806220443
76561199212671373,0,0.007681691087782383,7,0.9817423806220443
76561199078284471,0,0.5593762397766113,7,0.9817423806220443
76561198077185472,0,0.2260838747024536,7,0.9817423806220443
76561198067314782,0,0.1276209056377411,7,0.9817423806220443
76561198104785946,0,0.21704156696796417,7,0.9817423806220443
76561198140087662,1,0.9902498126029968,7,0.9817423806220443
76561198017032112,0,0.1614483743906021,7,0.9817423806220443
76561197960532343,0,0.01702936366200447,7,0.9817423806220443
76561198069842580,0,0.007048009894788265,7,0.9817423806220443
76561198076869389,0,0.007958004251122475,7,0.9817423806220443
76561199140605338,0,0.004352751653641462,7,0.9817423806220443
76561197992812688,0,0.2783648669719696,7,0.9817423806220443
76561198274422084,0,0.013475842773914337,7,0.9817423806220443
76561198169984818,0,0.011731335893273354,7,0.9817423806220443
76561198142249311,0,0.041476182639598846,7,0.9817423806220443
76561198337801682,0,0.1870037317276001,7,0.9817423806220443
76561198284569315,0,0.3859541118144989,7,0.9817423806220443
76561199032314400,0,0.003815570380538702,7,0.9817423806220443
76561199083016183,0,0.018589327111840248,7,0.9817423806220443
76561198028728351,0,0.00750016001984477,7,0.9817423806220443
76561199487668542,0,0.012386864051222801,7,0.9817423806220443
76561198037465956,0,0.023290980607271194,7,0.9817423806220443
76561199232450717,0,0.007771290373057127,7,0.9817423806220443
76561198031484291,0,0.01353856734931469,7,0.9817423806220443
76561198213641237,0,0.04049794748425484,7,0.9817423806220443
76561199237128976,0,0.003550212597474456,7,0.9817423806220443
76561199097374258,0,0.134299635887146,7,0.9817423806220443
76561198976724070,0,0.20440559089183807,7,0.9817423806220443
76561198038338451,0,0.09942891448736191,7,0.9817423806220443
76561199415781182,0,0.49349069595336914,7,0.9817423806220443
76561199090659144,0,0.027833184227347374,7,0.9817423806220443
76561199753269964,0,0.008054032921791077,7,0.9817423806220443
76561198082682977,0,0.004168446641415358,7,0.9817423806220443
76561199277808250,0,0.0034270738251507282,7,0.9817423806220443
76561198015680847,0,0.07879604399204254,7,0.9817423806220443
76561198295079629,0,0.04289230331778526,7,0.9817423806220443
76561198126032513,0,0.018111199140548706,7,0.9817423806220443
76561199132779651,0,0.015405046753585339,7,0.9817423806220443
76561198049960889,0,0.09456805884838104,7,0.9817423806220443
76561198142644002,0,0.003578315954655409,7,0.9817423806220443
76561199178922906,0,0.004011047538369894,7,0.9817423806220443
76561198003602185,0,0.026879625394940376,7,0.9817423806220443
76561198087532286,0,0.01627901755273342,7,0.9817423806220443
76561199522635237,0,0.008314190432429314,7,0.9817423806220443
76561199244967389,0,0.014628647826611996,7,0.9817423806220443
76561199453284738,0,0.003403094131499529,7,0.9817423806220443
76561198101298918,0,0.032206203788518906,7,0.9817423806220443
76561198024076531,0,0.03701990842819214,7,0.9817423806220443
76561198186443239,0,0.06954456865787506,7,0.9817423806220443
76561198276049711,0,0.047518715262413025,7,0.9817423806220443
76561198251069454,0,0.9881430268287659,7,0.9817423806220443
76561198354468970,1,0.9916906356811523,7,0.9817423806220443
76561199365915274,0,0.007099100388586521,7,0.9817423806220443
76561198063440285,1,0.9651678800582886,7,0.9817423806220443
76561199118181787,1,0.9675988554954529,7,0.9817423806220443
76561198312633695,0,0.13492125272750854,7,0.9817423806220443
76561198393013117,0,0.03677650913596153,7,0.9817423806220443
76561198016549913,0,0.5530881285667419,7,0.9817423806220443
76561198099197644,0,0.07394895702600479,7,0.9817423806220443
76561198813192343,0,0.004634466953575611,7,0.9817423806220443
76561198050993993,0,0.8741589188575745,7,0.9817423806220443
76561198975861659,0,0.08437887579202652,7,0.9817423806220443
76561199148506077,0,0.003578315954655409,7,0.9817423806220443
76561198061743863,0,0.05062425136566162,7,0.9817423806220443
76561199093836377,0,0.018881721422076225,7,0.9817423806220443
76561197967607993,0,0.36205166578292847,7,0.9817423806220443
76561198976978503,0,0.16474983096122742,7,0.9817423806220443
76561198091873975,0,0.0035337063018232584,7,0.9817423806220443
76561198858160411,0,0.02551254816353321,7,0.9817423806220443
76561198048820958,0,0.2265249341726303,7,0.9817423806220443
76561199765326064,0,0.082466259598732,7,0.9817423806220443
76561199246447212,0,0.548821210861206,7,0.9817423806220443
76561198333538047,0,0.02189699187874794,7,0.9817423806220443
76561197998304218,0,0.010075770318508148,7,0.9817423806220443
76561198434311217,0,0.0038912170566618443,7,0.9817423806220443
76561198065958409,0,0.035845354199409485,7,0.9817423806220443
76561199386805368,0,0.9753493070602417,7,0.9817423806220443
76561198384682122,0,0.06321967393159866,7,0.9817423806220443
76561199189337622,0,0.003578315954655409,7,0.9817423806220443
76561199189348212,0,0.011745745316147804,7,0.9817423806220443
76561198835598251,0,0.11634651571512222,7,0.9817423806220443
76561198001524639,0,0.01712043397128582,7,0.9817423806220443
76561198044709106,0,0.28973376750946045,7,0.9817423806220443
76561199095331314,0,0.09268359839916229,7,0.9817423806220443
76561197994661364,0,0.0686577558517456,7,0.9817423806220443
76561198064257616,0,0.014784282073378563,7,0.9817423806220443
76561198074387109,0,0.29536497592926025,7,0.9817423806220443
76561197985269190,0,0.0111545380204916,7,0.9817423806220443
76561198031846863,0,0.0333000123500824,7,0.9817423806220443
76561198945031343,0,0.003578315954655409,7,0.9817423806220443
76561198920855672,0,0.026299236342310905,7,0.9817423806220443
76561198061837785,0,0.006631399039179087,7,0.9817423806220443
76561199649899388,0,0.003441502107307315,7,0.9817423806220443
76561198051764993,0,0.004785941913723946,7,0.9817423806220443
76561199101903745,0,0.016570698469877243,7,0.9817423806220443
76561199024229508,0,0.005050220526754856,7,0.9817423806220443
76561198281119884,0,0.007071243599057198,7,0.9817423806220443
76561198389338205,0,0.009141907095909119,7,0.9817423806220443
76561199226967993,0,0.0036372807808220387,7,0.9817423806220443
76561198408488202,0,0.006624976173043251,7,0.9817423806220443
76561199475597538,0,0.0036661112681031227,7,0.9817423806220443
76561198342955299,0,0.028577586635947227,7,0.9817423806220443
76561198909987323,0,0.01583832874894142,7,0.9817423806220443
76561198186282074,0,0.1734384000301361,7,0.9817423806220443
76561198074338939,0,0.005517546087503433,7,0.9817423806220443
76561199191098189,0,0.012437300756573677,7,0.9817423806220443
76561198192856358,0,0.13180340826511383,7,0.9817423806220443
76561198019226733,0,0.010860997252166271,7,0.9817423806220443
76561198086735745,0,0.1236722469329834,7,0.9817423806220443
76561198426864655,0,0.15582133829593658,7,0.9817423806220443
76561198279637551,0,0.01776442490518093,7,0.9817423806220443
76561199102017681,0,0.006502978503704071,7,0.9817423806220443
76561199009052179,0,0.9792414307594299,7,0.9817423806220443
76561199151148510,0,0.0033874802757054567,7,0.9817423806220443
76561198213277787,0,0.03538376837968826,7,0.9817423806220443
76561198068405373,0,0.045845188200473785,7,0.9817423806220443
76561199230488116,0,0.003387976437807083,7,0.9817423806220443
76561199036635835,0,0.06617368012666702,7,0.9817423806220443
76561199259927508,0,0.014843353070318699,7,0.9817423806220443
76561198047641455,0,0.01106329821050167,7,0.9817423806220443
76561199160646612,0,0.049635306000709534,7,0.9817423806220443
76561198997572679,0,0.004342756699770689,7,0.9817423806220443
76561198079215128,0,0.007075044326484203,7,0.9817423806220443
76561198083731195,0,0.004330803174525499,7,0.9817423806220443
76561198084120282,0,0.016609830781817436,7,0.9817423806220443
76561198796462640,0,0.02619863674044609,7,0.9817423806220443
76561198022013072,0,0.003986654803156853,7,0.9817423806220443
76561198796118444,0,0.00467102974653244,7,0.9817423806220443
76561198068188388,0,0.12308719754219055,7,0.9817423806220443
76561198071561152,0,0.007523914333432913,7,0.9817423806220443
76561199063093600,0,0.13045290112495422,7,0.9817423806220443
76561198034636480,0,0.017264707013964653,7,0.9817423806220443
76561198107981482,0,0.0034270738251507282,7,0.9817423806220443
76561199202965132,0,0.04772219806909561,7,0.9817423806220443
76561197970887398,1,0.9909542202949524,7,0.9817423806220443
76561198327457908,0,0.0083687175065279,7,0.9817423806220443
76561198384639940,0,0.003528171218931675,7,0.9817423806220443
76561199021384581,0,0.011703499592840672,7,0.9817423806220443
76561198275757692,0,0.8006539344787598,7,0.9817423806220443
76561199006885371,0,0.17271257936954498,7,0.9817423806220443
76561198083282273,0,0.012648950330913067,7,0.9817423806220443
76561199258489406,0,0.13887035846710205,7,0.9817423806220443
76561199507363063,0,0.04614477977156639,7,0.9817423806220443
76561198887248371,0,0.004467968828976154,7,0.9817423806220443
76561199025256748,0,0.003578315954655409,7,0.9817423806220443
76561198237849898,0,0.006312309764325619,7,0.9817423806220443
76561199070221225,0,0.003275950439274311,7,0.9817423806220443
76561198256193392,0,0.0062532005831599236,7,0.9817423806220443
76561198161796806,1,0.6841733455657959,7,0.9817423806220443
76561198021656424,0,0.0035033500753343105,7,0.9817423806220443
76561198149792839,0,0.13988284766674042,7,0.9817423806220443
76561198010264007,1,0.6645237803459167,7,0.9817423806220443
76561198812705689,0,0.033608365803956985,7,0.9817423806220443
76561198211961905,0,0.14163638651371002,7,0.9817423806220443
76561198160982094,0,0.2874230444431305,7,0.9817423806220443
76561199481994215,0,0.014673351310193539,7,0.9817423806220443
76561198071215022,0,0.05876421555876732,7,0.9817423806220443
76561198068828468,0,0.3629428744316101,7,0.9817423806220443
76561199260494086,0,0.6863517165184021,7,0.9817423806220443
76561199089317792,0,0.12496466189622879,7,0.9817423806220443
76561199140885470,0,0.08350516855716705,7,0.9817423806220443
76561198078240204,0,0.9466166496276855,7,0.9817423806220443
76561198038197871,0,0.011366059072315693,7,0.9817423806220443
76561199010215988,0,0.08307740837335587,7,0.9817423806220443
76561198029181469,0,0.09831329435110092,7,0.9817423806220443
76561198346867363,0,0.050392091274261475,7,0.9817423806220443
76561198203019687,0,0.020272184163331985,7,0.9817423806220443
76561198799152132,0,0.015272684395313263,7,0.9817423806220443
76561199260350840,0,0.0076623642817139626,7,0.9817423806220443
76561199218511989,0,0.030680600553750992,7,0.9817423806220443
76561198345864615,0,0.003403094131499529,7,0.9817423806220443
76561198126798527,0,0.32690301537513733,7,0.9817423806220443
76561199230756735,0,0.004314175806939602,7,0.9817423806220443
76561198453403324,1,0.9934595823287964,7,0.9817423806220443
76561198396124942,0,0.0034270738251507282,7,0.9817423806220443
76561199063701083,0,0.028725070878863335,7,0.9817423806220443
76561198295658922,0,0.020926624536514282,7,0.9817423806220443
76561198054489792,0,0.009114287793636322,7,0.9817423806220443
76561198867095169,0,0.004815153777599335,7,0.9817423806220443
76561198046348422,0,0.0038985649589449167,7,0.9817423806220443
76561198140327289,0,0.012945443391799927,7,0.9817423806220443
76561198070035697,0,0.03756699338555336,7,0.9817423806220443
76561198064828762,0,0.02453502267599106,7,0.9817423806220443
76561199345513928,0,0.0294953603297472,7,0.9817423806220443
76561199193772450,0,0.013571294024586678,7,0.9817423806220443
76561199229560087,0,0.0394129678606987,7,0.9817423806220443
76561198836541977,0,0.12549494206905365,7,0.9817423806220443
76561199129990764,0,0.004267469979822636,7,0.9817423806220443
76561198237541278,0,0.05262945964932442,7,0.9817423806220443
76561198845320808,0,0.012430867180228233,7,0.9817423806220443
76561199126529003,0,0.005762579385191202,7,0.9817423806220443
76561198268483069,0,0.0043692197650671005,7,0.9817423806220443
76561199293205021,0,0.018660394474864006,7,0.9817423806220443
76561197972357764,1,0.959867000579834,7,0.9817423806220443
76561198188637141,0,0.020386410877108574,7,0.9817423806220443
76561198124282693,0,0.019108746200799942,7,0.9817423806220443
76561199047532275,0,0.011691207997500896,7,0.9817423806220443
76561198849009513,0,0.005020930897444487,7,0.9817423806220443
76561198960597056,1,0.9926403164863586,7,0.9817423806220443
76561198044469730,0,0.7868355512619019,7,0.9817423806220443
76561198028194078,0,0.015321750193834305,7,0.9817423806220443
76561198064566775,0,0.016726884990930557,7,0.9817423806220443
76561198278922487,0,0.007459972985088825,7,0.9817423806220443
76561199521411492,0,0.02033267356455326,7,0.9817423806220443
76561198254273511,0,0.06882058829069138,7,0.9817423806220443
76561199772810189,0,0.003843266749754548,7,0.9817423806220443
76561198300887271,0,0.5944399833679199,7,0.9817423806220443
76561198985124442,0,0.0351683646440506,7,0.9817423806220443
76561198088904965,0,0.022878514602780342,7,0.9817423806220443
76561199019265896,0,0.04259089380502701,7,0.9817423806220443
76561199567359122,0,0.017814116552472115,7,0.9817423806220443
76561198066441480,0,0.01358807273209095,7,0.9817423806220443
76561199472145651,0,0.25676295161247253,7,0.9817423806220443
76561198026500750,0,0.033413611352443695,7,0.9817423806220443
76561198392097731,0,0.003578315954655409,7,0.9817423806220443
76561198874608139,0,0.0036590571980923414,7,0.9817423806220443
76561197985022428,0,0.013015128672122955,7,0.9817423806220443
76561198831328496,0,0.008772674016654491,7,0.9817423806220443
76561198122730340,0,0.005425556562840939,7,0.9817423806220443
76561198075863151,0,0.20733314752578735,7,0.9817423806220443
76561197993238845,0,0.022127768024802208,7,0.9817423806220443
76561199417111243,0,0.03200726956129074,7,0.9817423806220443
76561199261841216,0,0.009082585573196411,7,0.9817423806220443
76561199070109829,0,0.0927591323852539,7,0.9817423806220443
76561198854015790,0,0.0033389406744390726,7,0.9817423806220443
76561199229918507,0,0.008947023190557957,7,0.9817423806220443
76561198022675362,0,0.4739221930503845,7,0.9817423806220443
76561197967002726,0,0.05882757157087326,7,0.9817423806220443
76561199493344286,0,0.004430074244737625,7,0.9817423806220443
76561198006582483,0,0.004735930822789669,7,0.9817423806220443
76561199144897236,0,0.03608659654855728,7,0.9817423806220443
76561198072849970,0,0.2678248882293701,7,0.9817423806220443
76561198226869172,0,0.1872326284646988,7,0.9817423806220443
76561198820912405,0,0.38179558515548706,7,0.9817423806220443
76561199079879695,0,0.011735118925571442,7,0.9817423806220443
76561199473356396,0,0.02364988997578621,7,0.9817423806220443
76561197991753871,0,0.011795894242823124,7,0.9817423806220443
76561199099880188,0,0.13259097933769226,7,0.9817423806220443
76561198178988637,0,0.0545465312898159,7,0.9817423806220443
76561198080033484,0,0.277042418718338,7,0.9817423806220443
76561198961400431,0,0.019506284967064857,7,0.9817423806220443
76561198336354633,0,0.872147798538208,7,0.9817423806220443
76561199440439794,0,0.009357167407870293,7,0.9817423806220443
76561198862001249,0,0.10864667594432831,7,0.9817423806220443
76561199019430598,0,0.9171946048736572,7,0.9817423806220443
76561198027712877,0,0.22968758642673492,7,0.9817423806220443
76561198007981162,0,0.2014957070350647,7,0.9817423806220443
76561199132764439,0,0.09873410314321518,7,0.9817423806220443
76561199013213154,0,0.09781976044178009,7,0.9817423806220443
76561198363011823,0,0.0319477804005146,7,0.9817423806220443
76561198965896436,0,0.4935905337333679,7,0.9817423806220443
76561198042489730,0,0.13985969126224518,7,0.9817423806220443
76561198156296629,0,0.005419330671429634,7,0.9817423806220443
76561197993755170,0,0.3060992956161499,7,0.9817423806220443
76561199070875368,0,0.007363981567323208,7,0.9817423806220443
76561198069295766,0,0.05859732627868652,7,0.9817423806220443
76561198844704299,0,0.010116898454725742,7,0.9817423806220443
76561198121261678,0,0.039946477860212326,7,0.9817423806220443
76561199482452538,0,0.2424999624490738,7,0.9817423806220443
76561198352652040,0,0.10809784382581711,7,0.9817423806220443
76561199502104408,0,0.003621563548222184,7,0.9817423806220443
76561198293540128,1,0.9893982410430908,7,0.9817423806220443
76561198122286831,0,0.9417529702186584,7,0.9817423806220443
76561198304492098,0,0.01791486144065857,7,0.9817423806220443
76561199113303378,0,0.018041661009192467,7,0.9817423806220443
76561198031291959,0,0.014533694833517075,7,0.9817423806220443
76561198354702270,0,0.03397008404135704,7,0.9817423806220443
76561199050087168,0,0.0038645972963422537,7,0.9817423806220443
76561198990377629,0,0.004168739542365074,7,0.9817423806220443
76561197965637036,0,0.058783236891031265,7,0.9817423806220443
76561198039181748,0,0.9729200601577759,7,0.9817423806220443
76561198869688759,0,0.022714613005518913,7,0.9817423806220443
76561198068156499,0,0.00511467270553112,7,0.9817423806220443
76561198802092390,0,0.006005928851664066,7,0.9817423806220443
76561198137550788,0,0.011485382914543152,7,0.9817423806220443
76561198140502510,0,0.9047392010688782,7,0.9817423806220443
76561198108824859,0,0.00408149603754282,7,0.9817423806220443
76561198071618543,0,0.21325071156024933,7,0.9817423806220443
76561199162103001,0,0.006902655120939016,7,0.9817423806220443
76561198817170812,0,0.006153065711259842,7,0.9817423806220443
76561198333581625,0,0.00468400539830327,7,0.9817423806220443
76561198819270548,0,0.04071798175573349,7,0.9817423806220443
76561198273217400,0,0.03098224103450775,7,0.9817423806220443
76561198200978286,0,0.052338846027851105,7,0.9817423806220443
76561198050108218,0,0.004696279298514128,7,0.9817423806220443
76561199545786051,0,0.006187375169247389,7,0.9817423806220443
76561198089676509,0,0.059898413717746735,7,0.9817423806220443
76561198926184657,0,0.036710720509290695,7,0.9817423806220443
76561198978748165,0,0.004180969204753637,7,0.9817423806220443
76561199407404495,0,0.02606835402548313,7,0.9817423806220443
76561199137431889,0,0.0036611228715628386,7,0.9817423806220443
76561199429694148,0,0.024817513301968575,7,0.9817423806220443
76561199473037744,0,0.08306287229061127,7,0.9817423806220443
76561198807995271,0,0.003550212597474456,7,0.9817423806220443
76561198058649661,0,0.20890270173549652,7,0.9817423806220443
76561199035720851,0,0.06401044875383377,7,0.9817423806220443
76561199129807165,0,0.9757979512214661,7,0.9817423806220443
76561198161309544,1,0.9873336553573608,7,0.9817423806220443
76561199279093606,0,0.07839688658714294,7,0.9817423806220443
76561199174574786,0,0.013499914668500423,7,0.9817423806220443
76561198428905753,0,0.0041279541328549385,7,0.9817423806220443
76561199251065268,0,0.010809327475726604,7,0.9817423806220443
76561198824587267,0,0.004113285802304745,7,0.9817423806220443
76561198327915263,0,0.015658987686038017,7,0.9817423806220443
76561198878877918,0,0.09364132583141327,7,0.9817423806220443
76561198298509301,0,0.16778793931007385,7,0.9817423806220443
76561199199586924,0,0.003403094131499529,7,0.9817423806220443
76561198097641985,0,0.03508061170578003,7,0.9817423806220443
76561198028131281,0,0.003879273310303688,7,0.9817423806220443
76561199580301394,0,0.010555907152593136,7,0.9817423806220443
76561198858794468,0,0.004168739542365074,7,0.9817423806220443
76561199229641506,0,0.934295654296875,7,0.9817423806220443
76561197992839931,1,0.9734280705451965,7,0.9817423806220443
76561198140093455,0,0.03952272981405258,7,0.9817423806220443
76561199131849287,0,0.0628209263086319,7,0.9817423806220443
76561198209884953,0,0.0066357445903122425,7,0.9817423806220443
76561198243425026,0,0.005847143474966288,7,0.9817423806220443
76561198007421729,0,0.003644701559096575,7,0.9817423806220443
76561197981644269,0,0.010531083680689335,7,0.9817423806220443
76561197994404611,0,0.00530123570933938,7,0.9817423806220443
76561199510619864,0,0.0511394664645195,7,0.9817423806220443
76561199035884432,0,0.01619982346892357,7,0.9817423806220443
76561199319603895,0,0.0042879763059318066,7,0.9817423806220443
76561198451278743,0,0.00869020726531744,7,0.9817423806220443
76561198076181069,1,0.9894882440567017,7,0.9817423806220443
76561198144980566,0,0.01462269201874733,7,0.9817423806220443
76561198807856765,0,0.0072272601537406445,7,0.9817423806220443
76561199097457771,0,0.003550212597474456,7,0.9817423806220443
76561199207864576,0,0.040864720940589905,7,0.9817423806220443
76561198045119552,0,0.47881725430488586,7,0.9817423806220443
76561198822689511,0,0.02041427418589592,7,0.9817423806220443
76561199595533715,0,0.8616433143615723,7,0.9817423806220443
76561198082815119,0,0.03738098219037056,7,0.9817423806220443
76561199516231069,0,0.029015405103564262,7,0.9817423806220443
76561199548838462,0,0.02290390059351921,7,0.9817423806220443
76561198277978282,0,0.0033389406744390726,7,0.9817423806220443
76561198144726227,0,0.05595490336418152,7,0.9817423806220443
76561198048036618,0,0.1245841309428215,7,0.9817423806220443
76561198119561644,0,0.3858768045902252,7,0.9817423806220443
76561198028821820,0,0.024070221930742264,7,0.9817423806220443
76561199068043347,0,0.004500947892665863,7,0.9817423806220443
76561198065566638,0,0.30365222692489624,7,0.9817423806220443
76561198987455087,0,0.004994973074644804,7,0.9817423806220443
76561199027134324,0,0.033071815967559814,7,0.9817423806220443
76561199022498185,1,0.9932724237442017,7,0.9817423806220443
76561199248576937,0,0.003444654867053032,7,0.9817423806220443
76561198194421243,0,0.9091700315475464,7,0.9817423806220443
76561198011705101,0,0.004345757886767387,7,0.9817423806220443
76561197976169639,0,0.019746771082282066,7,0.9817423806220443
76561199285439728,0,0.4182019531726837,7,0.9817423806220443
76561199065693022,0,0.003403094131499529,7,0.9817423806220443
76561199114402490,0,0.17775578796863556,7,0.9817423806220443
76561198006896326,0,0.2734539210796356,7,0.9817423806220443
76561198993502426,0,0.015810880810022354,7,0.9817423806220443
76561198348101051,0,0.006637716665863991,7,0.9817423806220443
76561198210399083,0,0.7430952787399292,7,0.9817423806220443
76561199201254869,0,0.0672747790813446,7,0.9817423806220443
76561198271295131,0,0.013629069551825523,7,0.9817423806220443
76561199215108057,0,0.07103647291660309,7,0.9817423806220443
76561199110059892,0,0.06870661675930023,7,0.9817423806220443
76561198057072435,0,0.4976791441440582,7,0.9817423806220443
76561198035772989,0,0.014518254436552525,7,0.9817423806220443
76561198267508070,0,0.04720703512430191,7,0.9817423806220443
76561198975860409,0,0.007428446318954229,7,0.9817423806220443
76561198119661419,0,0.007673364598304033,7,0.9817423806220443
76561198113101451,0,0.1695300042629242,7,0.9817423806220443
76561198051313907,0,0.43764379620552063,7,0.9817423806220443
76561199042016266,0,0.009188344702124596,7,0.9817423806220443
76561199080255621,0,0.0038565723225474358,7,0.9817423806220443
76561198880185119,0,0.006300199311226606,7,0.9817423806220443
76561198815861590,0,0.005837959237396717,7,0.9817423806220443
76561198142509218,0,0.205511212348938,7,0.9817423806220443
76561198304126764,0,0.7826610207557678,7,0.9817423806220443
76561198027989881,0,0.011590848676860332,7,0.9817423806220443
76561198112166046,0,0.005863603204488754,7,0.9817423806220443
76561199744584223,0,0.0057418313808739185,7,0.9817423806220443
76561198085793713,0,0.029269186779856682,7,0.9817423806220443
76561198382082801,1,0.3285083770751953,7,0.9817423806220443
76561198136243656,0,0.007159842643886805,7,0.9817423806220443
76561199236017267,0,0.043872639536857605,7,0.9817423806220443
76561198203037656,0,0.005914092995226383,7,0.9817423806220443
76561199576478340,0,0.1975599080324173,7,0.9817423806220443
76561199071755371,0,0.032754529267549515,7,0.9817423806220443
76561198056132721,0,0.09568694233894348,7,0.9817423806220443
76561199092216053,0,0.0450066439807415,7,0.9817423806220443
76561199183668488,0,0.007110546343028545,7,0.9817423806220443
76561198068793214,0,0.9783605337142944,7,0.9817423806220443
76561199071730764,0,0.010557679459452629,7,0.9817423806220443
76561199023637845,1,0.9918122291564941,7,0.9817423806220443
76561199590455228,0,0.004670698661357164,7,0.9817423806220443
76561198107878489,0,0.004234598483890295,7,0.9817423806220443
76561199206076261,0,0.1775999516248703,7,0.9817423806220443
76561198823275388,0,0.09271281212568283,7,0.9817423806220443
76561199436742209,0,0.09440658241510391,7,0.9817423806220443
76561197970372450,0,0.007966266945004463,7,0.9817423806220443
76561199224091306,1,0.9907582998275757,7,0.9817423806220443
76561199235510606,0,0.11602601408958435,7,0.9817423806220443
76561198369888976,0,0.09804580360651016,7,0.9817423806220443
76561198253382538,0,0.057609640061855316,7,0.9817423806220443
76561197964819442,0,0.006111228372901678,7,0.9817423806220443
76561198171694893,1,0.986091673374176,7,0.9817423806220443
76561198093218671,0,0.051893990486860275,7,0.9817423806220443
76561198087123879,0,0.00420988118276,7,0.9817423806220443
76561198852710586,0,0.0074630724266171455,7,0.9817423806220443
76561199386766797,0,0.023569513112306595,7,0.9817423806220443
76561198144337038,0,0.3057439923286438,7,0.9817423806220443
76561198254872788,0,0.005252094008028507,7,0.9817423806220443
76561198347483611,0,0.026084067299962044,7,0.9817423806220443
76561199152304637,0,0.19095753133296967,7,0.9817423806220443
76561198220118616,0,0.00334336468949914,7,0.9817423806220443
76561197993710163,0,0.0051190839149057865,7,0.9817423806220443
76561199203475464,0,0.003895621979609132,7,0.9817423806220443
76561198972750936,0,0.010882984846830368,7,0.9817423806220443
76561198082087105,0,0.019328488036990166,7,0.9817423806220443
76561198977573294,0,0.02574283443391323,7,0.9817423806220443
76561198047122868,0,0.04649142920970917,7,0.9817423806220443
76561199119118048,0,0.015482227317988873,7,0.9817423806220443
76561198367813539,0,0.006617629900574684,7,0.9817423806220443
76561198093302020,0,0.028679070994257927,7,0.9817423806220443
76561199624782268,0,0.04271441698074341,7,0.9817423806220443
76561198841992550,0,0.0073156594298779964,7,0.9817423806220443
76561199182926977,0,0.9739423990249634,7,0.9817423806220443
76561198278620128,1,0.9870637655258179,7,0.9817423806220443
76561198348560197,0,0.24536386132240295,7,0.9817423806220443
76561198319205173,0,0.7793106436729431,7,0.9817423806220443
76561198157541327,1,0.43087872862815857,7,0.9817423806220443
76561199240955990,1,0.9903588891029358,7,0.9817423806220443
76561198009051401,0,0.005337339360266924,7,0.9817423806220443
76561198384073031,0,0.5414323806762695,7,0.9817423806220443
76561198429188958,0,0.17611727118492126,7,0.9817423806220443
76561199629000244,0,0.003550212597474456,7,0.9817423806220443
76561198877914607,0,0.026202432811260223,7,0.9817423806220443
76561199260779345,0,0.009364157915115356,7,0.9817423806220443
76561198269385393,0,0.06296433508396149,7,0.9817423806220443
76561199183175241,0,0.035801880061626434,7,0.9817423806220443
76561198114920110,0,0.6516886949539185,7,0.9817423806220443
76561198809010943,0,0.003550212597474456,7,0.9817423806220443
76561198303751782,0,0.47152721881866455,7,0.9817423806220443
76561198028355032,0,0.005008119158446789,7,0.9817423806220443
76561198317481740,0,0.18689782917499542,7,0.9817423806220443
76561199129599962,0,0.020975222811102867,7,0.9817423806220443
76561199275011017,0,0.007284089457243681,7,0.9817423806220443
76561198067790358,0,0.020409727469086647,7,0.9817423806220443
76561198975038675,0,0.061063386499881744,7,0.9817423806220443
76561198125395369,0,0.23401404917240143,7,0.9817423806220443
76561198008926866,0,0.0559922456741333,7,0.9817423806220443
76561198058757048,0,0.00958738662302494,7,0.9817423806220443
76561199587831591,0,0.0034828810021281242,7,0.9817423806220443
76561198192603591,0,0.003817133139818907,7,0.9817423806220443
76561198898346559,0,0.12333720177412033,7,0.9817423806220443
76561198177798294,0,0.24739502370357513,7,0.9817423806220443
76561197972895354,0,0.9074777364730835,7,0.9817423806220443
76561198290843893,0,0.32736673951148987,7,0.9817423806220443
76561199467816841,0,0.0034828810021281242,7,0.9817423806220443
76561199229342960,0,0.04640992358326912,7,0.9817423806220443
76561198044672192,0,0.022143373265862465,7,0.9817423806220443
76561198190522369,0,0.9289373755455017,7,0.9817423806220443
76561198007246281,0,0.30215850472450256,7,0.9817423806220443
76561198262339978,0,0.004790961742401123,7,0.9817423806220443
76561198075655090,0,0.9612659811973572,7,0.9817423806220443
76561198049643643,0,0.0075452448800206184,7,0.9817423806220443
76561198136687799,0,0.005698234774172306,7,0.9817423806220443
76561197995791249,0,0.05241362378001213,7,0.9817423806220443
76561198880681840,0,0.08609384298324585,7,0.9817423806220443
76561198869599258,0,0.1104900911450386,7,0.9817423806220443
76561198090736418,0,0.005944035481661558,7,0.9817423806220443
76561199025315982,0,0.0038436062168329954,7,0.9817423806220443
76561199016528370,0,0.9665297269821167,7,0.9817423806220443
76561199172141583,0,0.0034270738251507282,7,0.9817423806220443
76561198151646234,0,0.01011173240840435,7,0.9817423806220443
76561198338072688,0,0.003403094131499529,7,0.9817423806220443
76561198029160582,1,0.9926968216896057,7,0.9817423806220443
76561198214236065,0,0.08006652444601059,7,0.9817423806220443
76561197989134649,0,0.9646491408348083,7,0.9817423806220443
76561198408157646,0,0.010116898454725742,7,0.9817423806220443
76561199591789540,0,0.3341048061847687,7,0.9817423806220443
76561199139021743,0,0.39543616771698,7,0.9817423806220443
76561198093913066,0,0.07144410163164139,7,0.9817423806220443
76561199011495543,0,0.025446400046348572,7,0.9817423806220443
76561199165321087,0,0.7164977192878723,7,0.9817423806220443
76561198302780657,0,0.01707938313484192,7,0.9817423806220443
76561199000438256,0,0.007712448015809059,7,0.9817423806220443
76561198128732979,0,0.03725718706846237,7,0.9817423806220443
76561199183844052,0,0.016966434195637703,7,0.9817423806220443
76561198148146062,0,0.17618903517723083,7,0.9817423806220443
76561199157080849,0,0.026737958192825317,7,0.9817423806220443
76561199140567213,0,0.7886379957199097,7,0.9817423806220443
76561198050629079,0,0.036156438291072845,7,0.9817423806220443
76561199196582132,0,0.013459327630698681,7,0.9817423806220443
76561198077481071,0,0.010599687695503235,7,0.9817423806220443
76561198086519644,0,0.023072339594364166,7,0.9817423806220443
76561198959630172,0,0.900264322757721,7,0.9817423806220443
76561198180951541,0,0.9464011192321777,7,0.9817423806220443
76561198202544517,0,0.008342827670276165,7,0.9817423806220443
76561198074005016,0,0.011642815545201302,7,0.9817423806220443
76561199672124618,0,0.03094657137989998,7,0.9817423806220443
76561198101524469,0,0.0059027415700256824,7,0.9817423806220443
76561199121127990,0,0.15688678622245789,7,0.9817423806220443
76561199193349004,0,0.006814738269895315,7,0.9817423806220443
76561198452282863,0,0.009164047427475452,7,0.9817423806220443
76561199811070048,0,0.006119111552834511,7,0.9817423806220443
76561198168708783,0,0.04226834699511528,7,0.9817423806220443
76561198035405655,0,0.03762611374258995,7,0.9817423806220443
76561198165985166,0,0.0686049684882164,7,0.9817423806220443
76561199392894962,0,0.010535378009080887,7,0.9817423806220443
76561198093232794,0,0.007718950044363737,7,0.9817423806220443
76561198868459970,0,0.21608158946037292,7,0.9817423806220443
76561199055683985,0,0.00796837080270052,7,0.9817423806220443
76561199370055109,0,0.7658394575119019,7,0.9817423806220443
76561199434415789,0,0.127126544713974,7,0.9817423806220443
76561198815910250,0,0.004168739542365074,7,0.9817423806220443
76561198218962040,0,0.0045240032486617565,7,0.9817423806220443
76561197984291272,0,0.021606169641017914,7,0.9817423806220443
76561199044361044,0,0.009311468340456486,7,0.9817423806220443
76561198964427966,0,0.10414261370897293,7,0.9817423806220443
76561198359817397,0,0.013947720639407635,7,0.9817423806220443
76561198338656772,0,0.0076503143645823,7,0.9817423806220443
76561198060730366,0,0.04592624306678772,7,0.9817423806220443
76561198357610868,0,0.012301336973905563,7,0.9817423806220443
76561198802505853,0,0.0078624552115798,7,0.9817423806220443
76561198018307337,0,0.41507160663604736,7,0.9817423806220443
76561199208530771,0,0.003487418871372938,7,0.9817423806220443
76561198206489411,0,0.03179522603750229,7,0.9817423806220443
76561198052386109,0,0.006970648188143969,7,0.9817423806220443
76561199770113468,0,0.003776046447455883,7,0.9817423806220443
76561198002871746,0,0.829889714717865,7,0.9817423806220443
76561198977705152,0,0.7058717012405396,7,0.9817423806220443
76561199443759072,0,0.05965518206357956,7,0.9817423806220443
76561199079304566,0,0.06629109382629395,7,0.9817423806220443
76561198312518499,0,0.04139440506696701,7,0.9817423806220443
76561198096908676,0,0.007293046452105045,7,0.9817423806220443
76561198891522129,0,0.003474098164588213,7,0.9817423806220443
76561199234697936,0,0.01717836782336235,7,0.9817423806220443
76561199490623887,0,0.0961301401257515,7,0.9817423806220443
76561197992601464,1,0.31215545535087585,7,0.9817423806220443
76561198040274660,1,0.9580107927322388,7,0.9817423806220443
76561198209193421,0,0.019363367930054665,7,0.9817423806220443
76561198141906595,0,0.5411161780357361,7,0.9817423806220443
76561198163377968,0,0.7586760520935059,7,0.9817423806220443
76561199400596589,0,0.03300730139017105,7,0.9817423806220443
76561199014074566,0,0.6329146027565002,7,0.9817423806220443
76561198119041696,0,0.0055767144076526165,7,0.9817423806220443
76561198117262936,0,0.29796984791755676,7,0.9817423806220443
76561198421551714,0,0.013468808494508266,7,0.9817423806220443
76561198175197183,0,0.9659634232521057,7,0.9817423806220443
76561198005862526,1,0.9806642532348633,7,0.9817423806220443
76561198863843615,0,0.9906202554702759,7,0.9817423806220443
76561197961315428,0,0.024205021560192108,7,0.9817423806220443
76561198348332238,0,0.9620041847229004,7,0.9817423806220443
76561198075680792,0,0.9696446061134338,7,0.9817423806220443
76561198152482746,0,0.0042879763059318066,7,0.9817423806220443
76561198068683268,0,0.04475494846701622,7,0.9817423806220443
76561198149330367,0,0.021305309608578682,7,0.9817423806220443
76561198353075773,1,0.9715067148208618,7,0.9817423806220443
76561198119510173,0,0.006267107091844082,7,0.9817423806220443
76561198979194882,0,0.05520289018750191,7,0.9817423806220443
76561199224593830,0,0.9772815108299255,7,0.9817423806220443
76561198100217620,0,0.011649600230157375,7,0.9817423806220443
76561198024380827,0,0.04404705390334129,7,0.9817423806220443
76561199015417471,0,0.028146909549832344,7,0.9817423806220443
76561198097107844,1,0.612840473651886,7,0.9817423806220443
76561198043740901,0,0.9321185946464539,7,0.9817423806220443
76561198035348736,0,0.04678216949105263,7,0.9817423806220443
76561198033235091,0,0.34495383501052856,7,0.9817423806220443
76561198025373248,0,0.23051626980304718,7,0.9817423806220443
76561198174317519,1,0.9931122660636902,7,0.9817423806220443
76561198254289379,0,0.0606384351849556,7,0.9817423806220443
76561198066582310,0,0.04836040362715721,7,0.9817423806220443
76561198347829566,0,0.0033874802757054567,7,0.9817423806220443
76561199178019325,0,0.006270734127610922,7,0.9817423806220443
76561197998631848,0,0.0066665601916611195,7,0.9817423806220443
76561198098344190,0,0.007010673172771931,7,0.9817423806220443
76561198205479376,0,0.0040210033766925335,7,0.9817423806220443
76561198300171540,0,0.003550212597474456,7,0.9817423806220443
76561199008580087,0,0.012541507370769978,7,0.9817423806220443
76561198258322583,0,0.10391852259635925,7,0.9817423806220443
76561198040298571,0,0.004594618454575539,7,0.9817423806220443
76561198420496170,0,0.3969835042953491,7,0.9817423806220443
76561198154164689,0,0.06799495965242386,7,0.9817423806220443
76561198064079738,0,0.07939045131206512,7,0.9817423806220443
76561198083082166,0,0.3468649983406067,7,0.9817423806220443
76561199039943486,0,0.018916137516498566,7,0.9817423806220443
76561199074024535,0,0.16179384291172028,7,0.9817423806220443
76561198047749862,0,0.004920721985399723,7,0.9817423806220443
76561198858115432,0,0.0034270738251507282,7,0.9817423806220443
76561198006984712,0,0.0145175876095891,7,0.9817423806220443
76561198103479300,0,0.007669038139283657,7,0.9817423806220443
76561199222740692,0,0.003550212597474456,7,0.9817423806220443
76561198968767908,0,0.14039939641952515,7,0.9817423806220443
76561198093689018,0,0.006496044807136059,7,0.9817423806220443
76561198349515991,0,0.007748825009912252,7,0.9817423806220443
76561198975756106,0,0.004506773315370083,7,0.9817423806220443
76561199337021655,0,0.042673494666814804,7,0.9817423806220443
76561198416964305,0,0.13009367883205414,7,0.9817423806220443
76561198843391990,0,0.044436436146497726,7,0.9817423806220443
76561198058410343,0,0.14947204291820526,7,0.9817423806220443
76561198193261128,0,0.004000809974968433,7,0.9817423806220443
76561198129914238,0,0.11256026476621628,7,0.9817423806220443
76561198025239002,0,0.010330365970730782,7,0.9817423806220443
76561198112052879,0,0.012999906204640865,7,0.9817423806220443
76561198426237696,0,0.007329203654080629,7,0.9817423806220443
76561199415303237,0,0.004317890852689743,7,0.9817423806220443
76561198082763404,0,0.019832896068692207,7,0.9817423806220443
76561198089008016,0,0.003403094131499529,7,0.9817423806220443
76561198799003810,0,0.003578315954655409,7,0.9817423806220443
76561199033789671,0,0.37493130564689636,7,0.9817423806220443
76561198181869473,0,0.11180710047483444,7,0.9817423806220443
76561198840095909,0,0.9538277387619019,7,0.9817423806220443
76561199587455933,0,0.8680449724197388,7,0.9817423806220443
76561198142395349,0,0.0038804379291832447,7,0.9817423806220443
76561198829238983,0,0.007615279871970415,7,0.9817423806220443
76561199206309950,0,0.1146574392914772,7,0.9817423806220443
76561199034236713,0,0.014603066258132458,7,0.9817423806220443
76561198047862806,1,0.6169531941413879,7,0.9817423806220443
76561198018814155,0,0.4931049346923828,7,0.9817423806220443
76561198188380115,0,0.9506362080574036,7,0.9817423806220443
76561198059821971,0,0.21290647983551025,7,0.9817423806220443
76561198056993661,0,0.26116466522216797,7,0.9817423806220443
76561198145435710,0,0.36307457089424133,7,0.9817423806220443
76561198138953608,0,0.30230793356895447,7,0.9817423806220443
76561198006141968,0,0.26115578413009644,7,0.9817423806220443
76561198005400161,0,0.24323348701000214,7,0.9817423806220443
76561199004320275,0,0.01853138767182827,7,0.9817423806220443
76561197990544521,0,0.004166788421571255,7,0.9817423806220443
76561198055203613,0,0.03335145488381386,7,0.9817423806220443
76561199115358513,0,0.0034959667827934027,7,0.9817423806220443
76561198082618646,0,0.007353772409260273,7,0.9817423806220443
76561199188119572,0,0.8890124559402466,7,0.9817423806220443
76561198193595294,0,0.021013297140598297,7,0.9817423806220443
76561198015987215,0,0.005950493738055229,7,0.9817423806220443
76561198899318054,0,0.47872674465179443,7,0.9817423806220443
76561198056496601,0,0.007525324355810881,7,0.9817423806220443
76561198819835251,0,0.6686840057373047,7,0.9817423806220443
76561199498599261,1,0.9934659600257874,7,0.9817423806220443
76561198827005905,1,0.9667381048202515,7,0.9817423806220443
76561198296175541,0,0.07714378088712692,7,0.9817423806220443
76561199407522417,0,0.01031455211341381,7,0.9817423806220443
76561198053534536,0,0.991171658039093,7,0.9817423806220443
76561199127547440,0,0.05126926302909851,7,0.9817423806220443
76561198398657486,0,0.011407680809497833,7,0.9817423806220443
76561198076389378,0,0.8678056597709656,7,0.9817423806220443
76561198206856397,0,0.1301102489233017,7,0.9817423806220443
76561199081202874,0,0.3418571352958679,7,0.9817423806220443
76561199089380723,0,0.12683622539043427,7,0.9817423806220443
76561199417061561,0,0.08201725780963898,7,0.9817423806220443
76561198813733007,0,0.022007687017321587,7,0.9817423806220443
76561198194233650,0,0.0038593136705458164,7,0.9817423806220443
76561198113987965,0,0.23915374279022217,7,0.9817423806220443
76561197964734519,0,0.10810133069753647,7,0.9817423806220443
76561198401591067,0,0.04728076606988907,7,0.9817423806220443
76561199173591746,0,0.00959090981632471,7,0.9817423806220443
76561198238709722,0,0.08195002377033234,7,0.9817423806220443
76561198369824106,0,0.905970573425293,7,0.9817423806220443
76561199054927101,0,0.012625134550035,7,0.9817423806220443
76561199114189685,0,0.015430666506290436,7,0.9817423806220443
76561198334510086,0,0.0038966655265539885,7,0.9817423806220443
76561198020627065,0,0.003403094131499529,7,0.9817423806220443
76561199441889543,0,0.9291056990623474,7,0.9817423806220443
76561199653270182,0,0.0781811997294426,7,0.9817423806220443
76561198010301723,0,0.21039573848247528,7,0.9817423806220443
76561199374353868,0,0.014002875424921513,7,0.9817423806220443
76561198019978835,0,0.094927579164505,7,0.9817423806220443
76561198282807920,0,0.12609750032424927,7,0.9817423806220443
76561198327147502,0,0.3275745213031769,7,0.9817423806220443
76561198874494674,0,0.004358434118330479,7,0.9817423806220443
76561198296633139,0,0.7642371654510498,7,0.9817423806220443
76561199429197930,0,0.005676912609487772,7,0.9817423806220443
76561198129607888,0,0.09692835062742233,7,0.9817423806220443
76561199056050894,0,0.00867176242172718,7,0.9817423806220443
76561198044356510,0,0.12010087072849274,7,0.9817423806220443
76561199010833622,0,0.3018716275691986,7,0.9817423806220443
76561199588582939,0,0.003638366237282753,7,0.9817423806220443
76561199064875034,0,0.003403094131499529,7,0.9817423806220443
76561199785729196,0,0.003819929901510477,7,0.9817423806220443
76561199538071166,0,0.0034953190479427576,7,0.9817423806220443
76561198998729066,0,0.013647127896547318,7,0.9817423806220443
76561199247728292,0,0.009852195158600807,7,0.9817423806220443
76561198157505364,0,0.0033728727139532566,7,0.9817423806220443
76561198395072437,0,0.019258512184023857,7,0.9817423806220443
76561199204630098,0,0.026131246238946915,7,0.9817423806220443
76561199128633562,0,0.017774321138858795,7,0.9817423806220443
76561199163989168,0,0.01751989684998989,7,0.9817423806220443
76561199248582657,0,0.48712632060050964,7,0.9817423806220443
76561198355388934,0,0.003578315954655409,7,0.9817423806220443
76561199220710964,0,0.006971960887312889,7,0.9817423806220443
76561198298387880,0,0.008128944784402847,7,0.9817423806220443
76561199795788428,0,0.014494198374450207,7,0.9817423806220443
76561198190550554,0,0.0037193382158875465,7,0.9817423806220443
76561198014594167,0,0.031068598851561546,7,0.9817423806220443
76561199094974578,0,0.013097785413265228,7,0.9817423806220443
76561199124318496,0,0.043096836656332016,7,0.9817423806220443
76561198255621866,0,0.013295057229697704,7,0.9817423806220443
76561199086658295,0,0.9924153685569763,7,0.9817423806220443
76561199262540365,0,0.0037099572364240885,7,0.9817423806220443
76561198398593066,0,0.08511911332607269,7,0.9817423806220443
76561198089161393,0,0.022135021165013313,7,0.9817423806220443
76561199480843438,0,0.12014234811067581,7,0.9817423806220443
76561199133812633,0,0.24346300959587097,7,0.9817423806220443
76561198134620455,0,0.006448053754866123,7,0.9817423806220443
76561197975268809,0,0.15753856301307678,7,0.9817423806220443
76561198344336171,0,0.007625312078744173,7,0.9817423806220443
76561198249412298,0,0.005222641862928867,7,0.9817423806220443
76561197999734467,0,0.8150617480278015,7,0.9817423806220443
76561198290951476,0,0.010794618166983128,7,0.9817423806220443
76561199055190912,0,0.5596627593040466,7,0.9817423806220443
76561198168172435,0,0.17650482058525085,7,0.9817423806220443
76561199092679891,0,0.07531674951314926,7,0.9817423806220443
76561199372218140,0,0.1871079057455063,7,0.9817423806220443
76561198377080751,0,0.4319102466106415,7,0.9817423806220443
76561197991267563,0,0.28287020325660706,7,0.9817423806220443
76561199069663281,0,0.13088451325893402,7,0.9817423806220443
76561199100762738,0,0.005256008356809616,7,0.9817423806220443
76561198403731998,0,0.05047999322414398,7,0.9817423806220443
76561198823604711,0,0.12652847170829773,7,0.9817423806220443
76561199106327640,0,0.05961274728178978,7,0.9817423806220443
76561199170513906,0,0.3854241967201233,7,0.9817423806220443
76561198064978218,0,0.0042432090267539024,7,0.9817423806220443
76561198030640387,0,0.017295824363827705,7,0.9817423806220443
76561198797615639,0,0.004556083586066961,7,0.9817423806220443
76561198050327972,0,0.735897421836853,7,0.9817423806220443
76561198219827788,0,0.006661348044872284,7,0.9817423806220443
76561199051103095,0,0.0034953190479427576,7,0.9817423806220443
76561197977124371,0,0.2992074191570282,7,0.9817423806220443
76561198994521638,0,0.009979941882193089,7,0.9817423806220443
76561198043288259,0,0.23003874719142914,7,0.9817423806220443
76561198940669080,0,0.15785345435142517,7,0.9817423806220443
76561199051859047,0,0.1787804514169693,7,0.9817423806220443
76561199614465647,0,0.28236550092697144,7,0.9817423806220443
76561198849328955,0,0.129389688372612,7,0.9817423806220443
76561198007074886,0,0.005769145209342241,7,0.9817423806220443
76561198010686584,0,0.00894847046583891,7,0.9817423806220443
76561199093423219,0,0.8224540948867798,7,0.9817423806220443
76561198175555687,0,0.019810408353805542,7,0.9817423806220443
76561198063312114,0,0.004010007716715336,7,0.9817423806220443
76561199208219491,0,0.010742507874965668,7,0.9817423806220443
76561198801464799,0,0.006986637599766254,7,0.9817423806220443
76561198866169139,0,0.007198433857411146,7,0.9817423806220443
76561199106813827,0,0.03684613108634949,7,0.9817423806220443
76561198040977625,0,0.016143683344125748,7,0.9817423806220443
76561198867718378,0,0.2565312087535858,7,0.9817423806220443
76561198075244880,0,0.004777842666953802,7,0.9817423806220443
76561198104338171,0,0.02576923742890358,7,0.9817423806220443
76561199220550485,0,0.0050455122254788876,7,0.9817423806220443
76561198053966669,0,0.004559449385851622,7,0.9817423806220443
76561198403691428,0,0.6268230676651001,7,0.9817423806220443
76561197960317515,0,0.05856037512421608,7,0.9817423806220443
76561199119840566,0,0.06001345440745354,7,0.9817423806220443
76561199129032179,0,0.11800704896450043,7,0.9817423806220443
76561198449897659,0,0.005360598210245371,7,0.9817423806220443
76561198795912225,0,0.022781893610954285,7,0.9817423806220443
76561198853291801,0,0.0051223221234977245,7,0.9817423806220443
76561198104783806,0,0.014596699737012386,7,0.9817423806220443
76561199682988704,0,0.030899906530976295,7,0.9817423806220443
76561199171905335,0,0.17230865359306335,7,0.9817423806220443
76561199467808483,0,0.2130139172077179,7,0.9817423806220443
76561199073161641,0,0.16396498680114746,7,0.9817423806220443
76561198362362393,0,0.10872694104909897,7,0.9817423806220443
76561199093649485,0,0.8431082963943481,7,0.9817423806220443
76561198045921193,0,0.033294253051280975,7,0.9817423806220443
76561198261296966,0,0.6482334733009338,7,0.9817423806220443
76561198257273505,0,0.15328390896320343,7,0.9817423806220443
76561199645812723,0,0.011243506334722042,7,0.9817423806220443
76561199122338949,0,0.04252668097615242,7,0.9817423806220443
76561198089581058,0,0.3599008023738861,7,0.9817423806220443
76561198355969360,0,0.2344522923231125,7,0.9817423806220443
76561198985501842,0,0.003578315954655409,7,0.9817423806220443
76561198043204401,0,0.9699094295501709,7,0.9817423806220443
76561198067025997,0,0.003880128264427185,7,0.9817423806220443
76561198832218563,0,0.017607416957616806,7,0.9817423806220443
76561198078802460,0,0.004167047329246998,7,0.9817423806220443
76561198082089666,0,0.02974880486726761,7,0.9817423806220443
76561197970422701,0,0.12361408025026321,7,0.9817423806220443
76561198380451626,0,0.01344095915555954,7,0.9817423806220443
76561198274954037,0,0.0070774913765490055,7,0.9817423806220443
76561198040123076,0,0.01513364166021347,7,0.9817423806220443
76561198419359337,0,0.34954634308815,7,0.9817423806220443
76561198113043050,0,0.017978891730308533,7,0.9817423806220443
76561198333506872,0,0.009239304810762405,7,0.9817423806220443
76561198424223377,0,0.020753251388669014,7,0.9817423806220443
76561198058732204,0,0.055525392293930054,7,0.9817423806220443
76561199193606004,0,0.008994136936962605,7,0.9817423806220443
76561198027308763,0,0.024794582277536392,7,0.9817423806220443
76561197983249389,0,0.0756073147058487,7,0.9817423806220443
76561198125349658,0,0.016331929713487625,7,0.9817423806220443
76561198850906345,0,0.06324204802513123,7,0.9817423806220443
76561198312927711,0,0.004220062401145697,7,0.9817423806220443
76561198862143607,0,0.040835700929164886,7,0.9817423806220443
76561198072083578,0,0.006662347819656134,7,0.9817423806220443
76561198122164550,0,0.020745791494846344,7,0.9817423806220443
76561199202506982,0,0.00645985035225749,7,0.9817423806220443
76561198871676863,0,0.03692426532506943,7,0.9817423806220443
76561198009724699,0,0.020711101591587067,7,0.9817423806220443
76561197993819595,0,0.1572844386100769,7,0.9817423806220443
76561198411635152,0,0.2476152926683426,7,0.9817423806220443
76561198038998660,0,0.5210537910461426,7,0.9817423806220443
76561198952287885,0,0.00674408208578825,7,0.9817423806220443
76561198388231500,0,0.004799471702426672,7,0.9817423806220443
76561198395800541,0,0.010623201727867126,7,0.9817423806220443
76561198294335212,0,0.006650256924331188,7,0.9817423806220443
76561198128913636,0,0.03065066784620285,7,0.9817423806220443
76561198069664283,0,0.885772168636322,7,0.9817423806220443
76561199115172160,0,0.04505382105708122,7,0.9817423806220443
76561199552273732,0,0.44777944684028625,7,0.9817423806220443
76561198288030272,1,0.975888192653656,7,0.9817423806220443
76561199229591660,0,0.003403094131499529,7,0.9817423806220443
76561199364960419,0,0.008753866888582706,7,0.9817423806220443
76561199140389766,0,0.0033091967925429344,7,0.9817423806220443
76561199567380151,0,0.02868974395096302,7,0.9817423806220443
76561199676420460,0,0.01069633662700653,7,0.9817423806220443
76561198098005285,0,0.005464794579893351,7,0.9817423806220443
76561197985057917,0,0.011925041675567627,7,0.9817423806220443
76561198879015884,0,0.9724345207214355,7,0.9817423806220443
76561199205108536,0,0.9571900963783264,7,0.9817423806220443
76561198251999486,0,0.017814116552472115,7,0.9817423806220443
76561198892940558,0,0.20424745976924896,7,0.9817423806220443
76561198114598880,0,0.34558403491973877,7,0.9817423806220443
76561198045507373,0,0.01766710728406906,7,0.9817423806220443
76561198833362565,0,0.06051129102706909,7,0.9817423806220443
76561197977860052,0,0.008978838101029396,7,0.9817423806220443
76561198084802876,0,0.04128042235970497,7,0.9817423806220443
76561198198906818,0,0.00331677938811481,7,0.9817423806220443
76561198007730203,0,0.4181811809539795,7,0.9817423806220443
76561198041197952,0,0.8572005033493042,7,0.9817423806220443
76561198429306338,0,0.01207132637500763,7,0.9817423806220443
76561198028678317,0,0.007603890262544155,7,0.9817423806220443
76561198410933215,0,0.9816008806228638,7,0.9817423806220443
76561198037834203,0,0.07269416004419327,7,0.9817423806220443
76561198209169684,0,0.012644377537071705,7,0.9817423806220443
76561197962631316,0,0.34833863377571106,7,0.9817423806220443
76561198121967216,0,0.08662497252225876,7,0.9817423806220443
76561198045394607,0,0.2407785952091217,7,0.9817423806220443
76561198108016875,0,0.36274611949920654,7,0.9817423806220443
76561198048865860,0,0.5726056694984436,7,0.9817423806220443
76561198955014575,0,0.013537382706999779,7,0.9817423806220443
76561198030723625,0,0.5301712155342102,7,0.9817423806220443
76561198272752836,0,0.07463371008634567,7,0.9817423806220443
76561199037145655,0,0.21261292695999146,7,0.9817423806220443
76561198080895898,0,0.2930992543697357,7,0.9817423806220443
76561199049363715,1,0.99332594871521,7,0.9817423806220443
76561198098066907,0,0.004664394538849592,7,0.9817423806220443
76561199221839342,0,0.18335285782814026,7,0.9817423806220443
76561199086851806,0,0.01638169027864933,7,0.9817423806220443
76561198215890752,0,0.024951985105872154,7,0.9817423806220443
76561199597595677,0,0.010123595595359802,7,0.9817423806220443
76561198058392999,0,0.18488213419914246,7,0.9817423806220443
76561199784266462,0,0.005876924376934767,7,0.9817423806220443
76561198276481334,0,0.09803970903158188,7,0.9817423806220443
76561198994881734,0,0.27619338035583496,7,0.9817423806220443
76561199041838652,0,0.012346714735031128,7,0.9817423806220443
76561198038398025,0,0.06806368380784988,7,0.9817423806220443
76561198035089223,0,0.017610128968954086,7,0.9817423806220443
76561198359641845,0,0.007233366370201111,7,0.9817423806220443
76561198079071507,0,0.0506889782845974,7,0.9817423806220443
76561198094043373,0,0.045810237526893616,7,0.9817423806220443
76561198990408173,0,0.021226949989795685,7,0.9817423806220443
76561198068959304,0,0.003441502107307315,7,0.9817423806220443
76561199059802970,0,0.5463058352470398,7,0.9817423806220443
76561199215557980,0,0.23916170001029968,7,0.9817423806220443
76561198159155946,1,0.9936508536338806,7,0.9817423806220443
76561199241871698,1,0.889946460723877,7,0.9817423806220443
76561198869895425,1,0.9934642910957336,7,0.9817423806220443
76561198125343405,0,0.06919033825397491,7,0.9817423806220443
76561199258104546,0,0.0056038787588477135,7,0.9817423806220443
76561198327106644,0,0.17280955612659454,7,0.9817423806220443
76561199121898145,0,0.01121403370052576,7,0.9817423806220443
76561198100738094,0,0.259831964969635,7,0.9817423806220443
76561198006936169,0,0.0177166610956192,7,0.9817423806220443
76561198365742087,0,0.0033389406744390726,7,0.9817423806220443
76561199144216529,0,0.007625036872923374,7,0.9817423806220443
76561198240535374,0,0.04443930462002754,7,0.9817423806220443
76561198033415709,0,0.017426906153559685,7,0.9817423806220443
76561199112872283,0,0.008205322548747063,7,0.9817423806220443
76561198963164959,0,0.991765558719635,7,0.9817423806220443
76561197966344283,0,0.6657282114028931,7,0.9817423806220443
76561199446132769,0,0.003550212597474456,7,0.9817423806220443
76561199734226225,0,0.020897559821605682,7,0.9817423806220443
76561198291421694,0,0.08010316640138626,7,0.9817423806220443
76561198419117196,0,0.018200935795903206,7,0.9817423806220443
76561198157484644,0,0.006085050292313099,7,0.9817423806220443
76561198963095556,0,0.003947974648326635,7,0.9817423806220443
76561198387998266,1,0.0695435181260109,7,0.9817423806220443
76561198001072096,0,0.009168700315058231,7,0.9817423806220443
76561199121043541,0,0.4318263828754425,7,0.9817423806220443
76561198443959610,0,0.03969744220376015,7,0.9817423806220443
76561198151150449,0,0.43039900064468384,7,0.9817423806220443
76561198824029415,0,0.0040815058164298534,7,0.9817423806220443
76561198958234421,0,0.01129173580557108,7,0.9817423806220443
76561198389155701,0,0.014300568960607052,7,0.9817423806220443
76561197972060087,0,0.007658444810658693,7,0.9817423806220443
76561197976992907,0,0.024792684242129326,7,0.9817423806220443
76561198042005779,0,0.030293840914964676,7,0.9817423806220443
76561199102343821,0,0.03399936854839325,7,0.9817423806220443
76561198326468576,0,0.5178341269493103,7,0.9817423806220443
76561199086519191,0,0.04289230331778526,7,0.9817423806220443
76561198171293398,0,0.0035565404687076807,7,0.9817423806220443
76561198354671081,0,0.008408166468143463,7,0.9817423806220443
76561197971113004,0,0.007235783617943525,7,0.9817423806220443
76561199543400577,0,0.00993430893868208,7,0.9817423806220443
76561199758694336,0,0.016566092148423195,7,0.9817423806220443
76561198052566523,0,0.017792554572224617,7,0.9817423806220443
76561197993740359,0,0.6036153435707092,7,0.9817423806220443
76561198970636191,0,0.006902655120939016,7,0.9817423806220443
76561198115514428,0,0.6616868376731873,7,0.9817423806220443
76561199198119261,0,0.9745380282402039,7,0.9817423806220443
76561198057633910,0,0.05594853311777115,7,0.9817423806220443
76561199455619878,0,0.0037080347537994385,7,0.9817423806220443
76561199101653771,0,0.9875344038009644,7,0.9817423806220443
76561199026273921,0,0.009117258712649345,7,0.9817423806220443
76561198116105274,0,0.2495899349451065,7,0.9817423806220443
76561198845047977,0,0.003403094131499529,7,0.9817423806220443
76561197991229917,0,0.06494332104921341,7,0.9817423806220443
76561199084260547,0,0.05783665552735329,7,0.9817423806220443
76561198385393808,0,0.007780720945447683,7,0.9817423806220443
76561199047606420,0,0.11997945606708527,7,0.9817423806220443
76561198398530481,0,0.008541397750377655,7,0.9817423806220443
76561198084823970,0,0.010042807087302208,7,0.9817423806220443
76561198988766357,0,0.005570751614868641,7,0.9817423806220443
76561198049687473,0,0.4132421612739563,7,0.9817423806220443
76561198207780223,0,0.0464530810713768,7,0.9817423806220443
76561198176735119,0,0.00883289985358715,7,0.9817423806220443
76561198341720589,0,0.0035746388603001833,7,0.9817423806220443
76561198086082612,0,0.2825615108013153,7,0.9817423806220443
76561198145413684,0,0.11334163695573807,7,0.9817423806220443
76561197997938550,0,0.5439819693565369,7,0.9817423806220443
76561199253102034,0,0.009890791028738022,7,0.9817423806220443
76561198087952288,0,0.005898881237953901,7,0.9817423806220443
76561197971240794,0,0.01059140544384718,7,0.9817423806220443
76561199454560582,0,0.009102852083742619,7,0.9817423806220443
76561198035208263,0,0.4017454981803894,7,0.9817423806220443
76561198854274658,1,0.12667976319789886,7,0.9817423806220443
76561199221562737,0,0.05301249772310257,7,0.9817423806220443
76561198059741860,0,0.10850149393081665,7,0.9817423806220443
76561198141871806,0,0.006619693711400032,7,0.9817423806220443
76561199105958678,0,0.26390722393989563,7,0.9817423806220443
76561199060820576,0,0.29997357726097107,7,0.9817423806220443
76561198371219012,0,0.005958167836070061,7,0.9817423806220443
76561198811611777,0,0.9918795228004456,7,0.9817423806220443
76561198092375949,0,0.01283400971442461,7,0.9817423806220443
76561197982717295,0,0.1732202172279358,7,0.9817423806220443
76561198044652905,0,0.01329629123210907,7,0.9817423806220443
76561199199607831,0,0.00408721761777997,7,0.9817423806220443
76561198814522954,0,0.9310795664787292,7,0.9817423806220443
76561199227563382,0,0.07811515033245087,7,0.9817423806220443
76561198339856500,0,0.05271321162581444,7,0.9817423806220443
76561198230084568,0,0.03488792106509209,7,0.9817423806220443
76561199044140300,0,0.24642373621463776,7,0.9817423806220443
76561198188119389,0,0.5714656710624695,7,0.9817423806220443
76561197998531003,0,0.018024573102593422,7,0.9817423806220443
76561198072917572,0,0.004168739542365074,7,0.9817423806220443
76561198411775378,0,0.006830673664808273,7,0.9817423806220443
76561198158062920,0,0.014244726859033108,7,0.9817423806220443
76561198280342470,0,0.006902655120939016,7,0.9817423806220443
76561199066871668,1,0.9909438490867615,7,0.9817423806220443
76561198047451841,0,0.01150780264288187,7,0.9817423806220443
76561199229978504,0,0.013740899972617626,7,0.9817423806220443
76561199101689386,0,0.03702278435230255,7,0.9817423806220443
76561198379691756,0,0.005018030293285847,7,0.9817423806220443
76561198800664249,0,0.05119979381561279,7,0.9817423806220443
76561198327378815,0,0.003441502107307315,7,0.9817423806220443
76561198979145524,1,0.9902640581130981,7,0.9817423806220443
76561198054625779,0,0.046213988214731216,7,0.9817423806220443
76561198803998670,0,0.007407746277749538,7,0.9817423806220443
76561199014093604,0,0.0036510175559669733,7,0.9817423806220443
76561197990113610,0,0.0323590487241745,7,0.9817423806220443
76561198144353419,0,0.02869817614555359,7,0.9817423806220443
76561199486747117,0,0.004076691810041666,7,0.9817423806220443
76561198807808370,0,0.0033857780508697033,7,0.9817423806220443
76561198052369311,0,0.01315385103225708,7,0.9817423806220443
76561198301562102,0,0.013520721346139908,7,0.9817423806220443
76561198065393880,0,0.5143792033195496,7,0.9817423806220443
76561199053049684,0,0.003578315954655409,7,0.9817423806220443
76561199002513024,0,0.03518317639827728,7,0.9817423806220443
76561198185553810,0,0.0033347539138048887,7,0.9817423806220443
76561198925313717,0,0.0067273215390741825,7,0.9817423806220443
76561199094010225,0,0.9137710928916931,7,0.9817423806220443
76561199488942486,0,0.36609798669815063,7,0.9817423806220443
76561199585619210,0,0.015190818347036839,7,0.9817423806220443
76561198121049220,0,0.02311432734131813,7,0.9817423806220443
76561199001095037,0,0.004581619519740343,7,0.9817423806220443
76561198166589909,0,0.0317208357155323,7,0.9817423806220443
76561198840784947,0,0.01179824024438858,7,0.9817423806220443
76561198017125226,0,0.021000415086746216,7,0.9817423806220443
76561198248884818,0,0.010732964612543583,7,0.9817423806220443
76561199095333708,0,0.06567587703466415,7,0.9817423806220443
76561198034424397,0,0.005921265576034784,7,0.9817423806220443
76561198142137690,0,0.012587864883244038,7,0.9817423806220443
76561199569877484,0,0.026961393654346466,7,0.9817423806220443
76561199249655665,0,0.06200612336397171,7,0.9817423806220443
76561199034118828,0,0.0696469247341156,7,0.9817423806220443
76561198321432343,0,0.36044201254844666,7,0.9817423806220443
76561198031883204,0,0.009376725181937218,7,0.9817423806220443
76561198021531365,0,0.013148418627679348,7,0.9817423806220443
76561199091978076,0,0.021996544674038887,7,0.9817423806220443
76561198453627066,0,0.010385849513113499,7,0.9817423806220443
76561199123797113,0,0.003550212597474456,7,0.9817423806220443
76561198061258091,0,0.06693164259195328,7,0.9817423806220443
76561198416854495,0,0.007577230222523212,7,0.9817423806220443
76561198103406984,0,0.010094036348164082,7,0.9817423806220443
76561198089213040,0,0.0037806774489581585,7,0.9817423806220443
76561198838055709,1,0.9905266761779785,7,0.9817423806220443
76561198279963842,0,0.8551667928695679,7,0.9817423806220443
76561199051933497,0,0.008681654930114746,7,0.9817423806220443
76561197992833282,0,0.09414941072463989,7,0.9817423806220443
76561198119542931,0,0.6013591289520264,7,0.9817423806220443
76561198827092234,0,0.9280393719673157,7,0.9817423806220443
76561198047534731,0,0.0322529561817646,7,0.9817423806220443
76561198103528338,0,0.9866899251937866,7,0.9817423806220443
76561198086363986,0,0.09601319581270218,7,0.9817423806220443
76561198125191970,0,0.014662855304777622,7,0.9817423806220443
76561198958867036,0,0.9318272471427917,7,0.9817423806220443
76561198156965709,0,0.02149817906320095,7,0.9817423806220443
76561198000964497,0,0.943565309047699,7,0.9817423806220443
76561198401844034,0,0.9197250604629517,7,0.9817423806220443
76561199035860003,0,0.19137237966060638,7,0.9817423806220443
76561198262143394,0,0.020454786717891693,7,0.9817423806220443
76561199228478274,0,0.051107700914144516,7,0.9817423806220443
76561198024451148,0,0.5874448418617249,7,0.9817423806220443
76561198144484606,0,0.8821735978126526,7,0.9817423806220443
76561198264848266,0,0.005367650184780359,7,0.9817423806220443
76561197975053870,0,0.1672789603471756,7,0.9817423806220443
76561198072250012,0,0.420214980840683,7,0.9817423806220443
76561199002762388,0,0.6577710509300232,7,0.9817423806220443
76561198026498773,0,0.3474990427494049,7,0.9817423806220443
76561199427198952,0,0.007922627963125706,7,0.9817423806220443
76561199559548131,0,0.9777383804321289,7,0.9817423806220443
76561199130829869,0,0.0096952635794878,7,0.9817423806220443
76561197970684469,0,0.5430290699005127,7,0.9817423806220443
76561198988992402,0,0.003921390976756811,7,0.9817423806220443
76561199169588668,0,0.014289017766714096,7,0.9817423806220443
76561198274079197,1,0.9688240885734558,7,0.9817423806220443
76561199044709331,0,0.3513737916946411,7,0.9817423806220443
76561197995548272,0,0.009607510641217232,7,0.9817423806220443
76561198364257628,0,0.3160998523235321,7,0.9817423806220443
76561198007344131,0,0.004083950072526932,7,0.9817423806220443
76561198388364769,0,0.052612628787755966,7,0.9817423806220443
76561198036761958,0,0.11551731824874878,7,0.9817423806220443
76561198144404332,0,0.22231410443782806,7,0.9817423806220443
76561197963433455,0,0.029536047950387,7,0.9817423806220443
76561198195249883,0,0.5308516621589661,7,0.9817423806220443
76561198072640508,0,0.013233938254415989,7,0.9817423806220443
76561198382208602,0,0.02903231605887413,7,0.9817423806220443
76561198034896376,0,0.009115975350141525,7,0.9817423806220443
76561198181814927,0,0.007126892451196909,7,0.9817423806220443
76561198363471619,0,0.003064727643504739,7,0.9817423806220443
76561198021446360,0,0.028269676491618156,7,0.9817423806220443
76561199068612759,1,0.9821719527244568,7,0.9817423806220443
76561198428930272,0,0.5846622586250305,7,0.9817423806220443
76561198009231312,0,0.1460561752319336,7,0.9817423806220443
76561198091314647,0,0.01896614581346512,7,0.9817423806220443
76561198019290460,0,0.009500782936811447,7,0.9817423806220443
76561198798051210,0,0.04546282812952995,7,0.9817423806220443
76561199229399710,0,0.3690766990184784,7,0.9817423806220443
76561199079111523,0,0.12050552666187286,7,0.9817423806220443
76561199344183115,0,0.06194455921649933,7,0.9817423806220443
76561199497622433,0,0.003298190189525485,7,0.9817423806220443
76561199437816915,0,0.7073626518249512,7,0.9817423806220443
76561199454389269,0,0.9839206337928772,7,0.9817423806220443
76561199496074793,0,0.20659798383712769,7,0.9817423806220443
76561198165255055,0,0.9582949280738831,7,0.9817423806220443
76561199517352151,0,0.014242113567888737,7,0.9817423806220443
76561198022870807,0,0.02164103090763092,7,0.9817423806220443
76561198042305851,0,0.24386103451251984,7,0.9817423806220443
76561198877881473,0,0.006695184390991926,7,0.9817423806220443
76561198813399974,0,0.9852256178855896,7,0.9817423806220443
76561197976948466,0,0.37768372893333435,7,0.9817423806220443
76561198120699215,0,0.04120749980211258,7,0.9817423806220443
76561199144571681,0,0.01904495619237423,7,0.9817423806220443
76561199198866287,0,0.0033874802757054567,7,0.9817423806220443
76561198272046941,0,0.006124485284090042,7,0.9817423806220443
76561199369509797,0,0.014758370816707611,7,0.9817423806220443
76561199216384244,1,0.9937121868133545,7,0.9817423806220443
76561198166110564,0,0.13064469397068024,7,0.9817423806220443
76561198314590551,0,0.0037280365359038115,7,0.9817423806220443
76561198266924437,0,0.5553421974182129,7,0.9817423806220443
76561198115799900,0,0.0048829494044184685,7,0.9817423806220443
76561199202000463,0,0.004556083586066961,7,0.9817423806220443
76561197999044968,0,0.01806696318089962,7,0.9817423806220443
76561199005934663,0,0.023799583315849304,7,0.9817423806220443
76561198188393759,0,0.00547056645154953,7,0.9817423806220443
76561198083545168,0,0.07566110044717789,7,0.9817423806220443
76561198236969250,0,0.008448798209428787,7,0.9817423806220443
76561198398283981,1,0.9913730621337891,7,0.9817423806220443
76561198082553252,0,0.012521068565547466,7,0.9817423806220443
76561198349557618,0,0.004823027178645134,7,0.9817423806220443
76561198054635522,0,0.005942544434219599,7,0.9817423806220443
76561198331486277,0,0.056018929928541183,7,0.9817423806220443
76561199058003293,0,0.004168446641415358,7,0.9817423806220443
76561199218031820,0,0.008646801114082336,7,0.9817423806220443
76561198847238671,0,0.004168739542365074,7,0.9817423806220443
76561198190080679,0,0.22850622236728668,7,0.9817423806220443
76561198315553349,1,0.9675014615058899,7,0.9817423806220443
76561197960798083,0,0.013200056739151478,7,0.9817423806220443
76561198063068173,0,0.005990724079310894,7,0.9817423806220443
76561199155704047,0,0.004076691810041666,7,0.9817423806220443
76561198043835726,0,0.24940353631973267,7,0.9817423806220443
76561199156037199,0,0.048993948847055435,7,0.9817423806220443
76561198168460566,0,0.027785059064626694,7,0.9817423806220443
76561199397378457,0,0.990707278251648,7,0.9817423806220443
76561197995378528,0,0.6110137701034546,7,0.9817423806220443
76561198041631760,0,0.3891725242137909,7,0.9817423806220443
76561198309744875,0,0.009726802818477154,7,0.9817423806220443
76561198042405947,0,0.903539776802063,7,0.9817423806220443
76561198885311145,0,0.24143685400485992,7,0.9817423806220443
76561198372283332,0,0.7661710977554321,7,0.9817423806220443
76561198025163949,0,0.15992499887943268,7,0.9817423806220443
76561199083971360,0,0.8815408945083618,7,0.9817423806220443
76561199018061632,0,0.22457027435302734,7,0.9817423806220443
76561199075551093,0,0.004404637962579727,7,0.9817423806220443
76561198053977605,0,0.005167981144040823,7,0.9817423806220443
76561198151592407,0,0.060966093093156815,7,0.9817423806220443
76561198052924865,0,0.007213744800537825,7,0.9817423806220443
76561198026575549,0,0.005356569774448872,7,0.9817423806220443
76561199013396974,0,0.004436308518052101,7,0.9817423806220443
76561198072654700,0,0.05540787801146507,7,0.9817423806220443
76561199043101427,0,0.010306340642273426,7,0.9817423806220443
76561198025602437,0,0.2769385874271393,7,0.9817423806220443
76561198058502300,0,0.004391558468341827,7,0.9817423806220443
76561199000408386,0,0.14668938517570496,7,0.9817423806220443
76561198255748799,0,0.47453412413597107,7,0.9817423806220443
76561199229169651,0,0.04785849526524544,7,0.9817423806220443
76561198045599303,0,0.5074214935302734,7,0.9817423806220443
76561198278249987,0,0.004974978044629097,7,0.9817423806220443
76561198045748999,0,0.02844897471368313,7,0.9817423806220443
76561198029164882,0,0.004866119474172592,7,0.9817423806220443
76561198018921152,0,0.29738321900367737,7,0.9817423806220443
76561198876055239,0,0.0034270738251507282,7,0.9817423806220443
76561198174404007,0,0.022642165422439575,7,0.9817423806220443
76561199700818627,0,0.00906098261475563,7,0.9817423806220443
76561199092622195,1,0.9773122072219849,7,0.9817423806220443
76561199108100438,0,0.0035565404687076807,7,0.9817423806220443
76561197967607309,0,0.1530953049659729,7,0.9817423806220443
76561198135014068,0,0.24447351694107056,7,0.9817423806220443
76561199122513486,0,0.0041309380903840065,7,0.9817423806220443
76561198356100843,0,0.6301974058151245,7,0.9817423806220443
76561198078058278,0,0.019122140482068062,7,0.9817423806220443
76561198305944095,0,0.04836798459291458,7,0.9817423806220443
76561198032714239,0,0.004411849658936262,7,0.9817423806220443
76561199150921731,0,0.03426060825586319,7,0.9817423806220443
76561198884360961,0,0.10452403128147125,7,0.9817423806220443
76561199086409635,0,0.006910876836627722,7,0.9817423806220443
76561199437199367,1,0.8320492506027222,7,0.9817423806220443
76561199122037226,0,0.014393174089491367,7,0.9817423806220443
76561199420807025,0,0.026013126596808434,7,0.9817423806220443
76561198044887458,0,0.010598697699606419,7,0.9817423806220443
76561198354589549,0,0.003275950439274311,7,0.9817423806220443
76561198022995512,0,0.27924609184265137,7,0.9817423806220443
76561198044489424,0,0.009643001481890678,7,0.9817423806220443
76561199228123163,0,0.8758785724639893,7,0.9817423806220443
76561198370131914,1,0.9931501746177673,7,0.9817423806220443
76561198799423555,0,0.00507171917706728,7,0.9817423806220443
76561198864075362,0,0.022888654842972755,7,0.9817423806220443
76561199218466115,0,0.006185627542436123,7,0.9817423806220443
76561198078530059,0,0.03233405575156212,7,0.9817423806220443
76561199805834731,0,0.0033347539138048887,7,0.9817423806220443
76561198084501972,0,0.06334063410758972,7,0.9817423806220443
76561198090182173,0,0.003940131515264511,7,0.9817423806220443
76561199096922734,0,0.004643966443836689,7,0.9817423806220443
76561198865902063,0,0.006845187395811081,7,0.9817423806220443
76561199173262035,0,0.013733197934925556,7,0.9817423806220443
76561199118878185,0,0.009003440849483013,7,0.9817423806220443
76561199156611319,0,0.010991265997290611,7,0.9817423806220443
76561198327356479,0,0.00503441272303462,7,0.9817423806220443
76561198845232480,0,0.04375862702727318,7,0.9817423806220443
76561198445250679,0,0.019782423973083496,7,0.9817423806220443
76561199040420127,0,0.003182839136570692,7,0.9817423806220443
76561197970839841,0,0.003310165833681822,7,0.9817423806220443
76561198345612749,0,0.003823971375823021,7,0.9817423806220443
76561198003143595,0,0.05762246623635292,7,0.9817423806220443
76561198023059668,0,0.015803253278136253,7,0.9817423806220443
76561198057481153,0,0.9809827208518982,7,0.9817423806220443
76561198046741009,0,0.01038211490958929,7,0.9817423806220443
76561198333492842,0,0.23651079833507538,7,0.9817423806220443
76561198149040430,0,0.10059677064418793,7,0.9817423806220443
76561198358019765,0,0.003064727643504739,7,0.9817423806220443
76561198278202704,0,0.057441264390945435,7,0.9817423806220443
76561199576325485,0,0.006154406350106001,7,0.9817423806220443
76561199343998155,0,0.012136641889810562,7,0.9817423806220443
76561199105762298,0,0.0033874802757054567,7,0.9817423806220443
76561198053124789,0,0.2915183901786804,7,0.9817423806220443
76561199056424108,0,0.013972071930766106,7,0.9817423806220443
76561199229168401,0,0.22013123333454132,7,0.9817423806220443
76561198054682190,0,0.13573463261127472,7,0.9817423806220443
76561199229458316,0,0.18813160061836243,7,0.9817423806220443
76561198041435500,0,0.018741272389888763,7,0.9817423806220443
76561199196265875,0,0.011253386735916138,7,0.9817423806220443
76561198364649987,0,0.027943355962634087,7,0.9817423806220443
76561199202551273,0,0.14595727622509003,7,0.9817423806220443
76561199583755700,0,0.004002663306891918,7,0.9817423806220443
76561198188156009,1,0.9898585677146912,7,0.9817423806220443
76561198876340730,0,0.1646110862493515,7,0.9817423806220443
76561198922838729,0,0.478156179189682,7,0.9817423806220443
76561199196013613,0,0.9099196195602417,7,0.9817423806220443
76561198078978517,0,0.019828476011753082,7,0.9817423806220443
76561198870521741,0,0.5075771808624268,7,0.9817423806220443
76561198088882253,0,0.00857448112219572,7,0.9817423806220443
76561199073324904,0,0.013760830275714397,7,0.9817423806220443
76561198973828697,0,0.012262175790965557,7,0.9817423806220443
76561197965375990,0,0.43901848793029785,7,0.9817423806220443
76561198881480151,0,0.023991098627448082,7,0.9817423806220443
76561198029887514,0,0.02388746105134487,7,0.9817423806220443
76561198155658795,0,0.48154783248901367,7,0.9817423806220443
76561198048048040,0,0.05742458254098892,7,0.9817423806220443
76561198837575660,0,0.22150211036205292,7,0.9817423806220443
76561198261116581,1,0.6783647537231445,7,0.9817423806220443
76561198021906782,0,0.9738537669181824,7,0.9817423806220443
76561198926258374,0,0.0039007358718663454,7,0.9817423806220443
76561198862055497,0,0.004403857514262199,7,0.9817423806220443
76561199091424335,1,0.9810951948165894,7,0.9817423806220443
76561199238044740,0,0.008894226513803005,7,0.9817423806220443
76561198205613607,0,0.4219496250152588,7,0.9817423806220443
76561199083030355,0,0.18545302748680115,7,0.9817423806220443
76561198330877749,0,0.05569339916110039,7,0.9817423806220443
76561198009804219,0,0.012585257180035114,7,0.9817423806220443
76561198314974815,0,0.046001579612493515,7,0.9817423806220443
76561199177664044,1,0.9903090596199036,7,0.9817423806220443
76561198321083850,0,0.003403094131499529,7,0.9817423806220443
76561198835809514,0,0.09218187630176544,7,0.9817423806220443
76561199007937687,0,0.011645418591797352,7,0.9817423806220443
76561198135336048,0,0.0063716652803123,7,0.9817423806220443
76561198007195058,0,0.00411393865942955,7,0.9817423806220443
76561198162125930,0,0.004363871645182371,7,0.9817423806220443
76561198300730255,0,0.0038917751517146826,7,0.9817423806220443
76561198037473299,0,0.004122711718082428,7,0.9817423806220443
76561198400178687,0,0.006038940977305174,7,0.9817423806220443
76561198032003471,0,0.3948153555393219,7,0.9817423806220443
76561197970289036,0,0.06242090463638306,7,0.9817423806220443
76561198247673898,0,0.009800609201192856,7,0.9817423806220443
76561198150521204,1,0.5582221746444702,7,0.9817423806220443
76561198049195605,0,0.029134493321180344,7,0.9817423806220443
76561198209013657,0,0.00732219684869051,7,0.9817423806220443
76561199072222535,0,0.17932574450969696,7,0.9817423806220443
76561198044623025,0,0.14672265946865082,7,0.9817423806220443
76561199021377146,0,0.008611731231212616,7,0.9817423806220443
76561199045490162,0,0.01950354315340519,7,0.9817423806220443
76561198076836106,0,0.8537686467170715,7,0.9817423806220443
76561198180763959,0,0.04431851953268051,7,0.9817423806220443
76561198306065025,0,0.23835331201553345,7,0.9817423806220443
76561197963221957,0,0.026151146739721298,7,0.9817423806220443
76561198095779052,0,0.08747515082359314,7,0.9817423806220443
76561198986818711,0,0.2430078536272049,7,0.9817423806220443
76561198008421854,0,0.013462478294968605,7,0.9817423806220443
76561198136349334,1,0.8157460689544678,7,0.9817423806220443
76561199031683617,0,0.36668500304222107,7,0.9817423806220443
76561198091052674,0,0.008402363397181034,7,0.9817423806220443
76561199105076477,0,0.00750085199251771,7,0.9817423806220443
76561198980009368,0,0.05919705331325531,7,0.9817423806220443
76561199368561713,0,0.09601879119873047,7,0.9817423806220443
76561199316727245,0,0.1873379796743393,7,0.9817423806220443
76561198169740702,0,0.003894142108038068,7,0.9817423806220443
76561199210967531,0,0.008381269872188568,7,0.9817423806220443
76561198048262110,0,0.24223113059997559,7,0.9817423806220443
76561199115318845,0,0.008256821893155575,7,0.9817423806220443
76561198798582986,1,0.9923617839813232,7,0.9817423806220443
76561198143454446,0,0.007929788902401924,7,0.9817423806220443
76561198078386202,0,0.009133768267929554,7,0.9817423806220443
76561198293787126,0,0.008226304315030575,7,0.9817423806220443
76561199568168430,0,0.0462210513651371,7,0.9817423806220443
76561198104335736,0,0.0034800623543560505,7,0.9817423806220443
76561198149035041,0,0.012999170459806919,7,0.9817423806220443
76561199532700486,0,0.012438678182661533,7,0.9817423806220443
76561198030352406,0,0.014212414622306824,7,0.9817423806220443
76561199034397124,0,0.030256196856498718,7,0.9817423806220443
76561198014278151,0,0.009991434402763844,7,0.9817423806220443
76561199229319340,0,0.3172379732131958,7,0.9817423806220443
76561199623865187,0,0.006272437050938606,7,0.9817423806220443
76561199089878715,0,0.04667804390192032,7,0.9817423806220443
76561199124155637,0,0.036175135523080826,7,0.9817423806220443
76561198149737406,0,0.05571531131863594,7,0.9817423806220443
76561199121978164,0,0.005473176948726177,7,0.9817423806220443
76561198136833370,0,0.00491831311956048,7,0.9817423806220443
76561199257814845,0,0.005887846928089857,7,0.9817423806220443
76561197976012288,0,0.004202306270599365,7,0.9817423806220443
76561198128524368,1,0.6464425325393677,7,0.9817423806220443
76561199287863545,0,0.8346209526062012,7,0.9817423806220443
76561199386000383,0,0.984664261341095,7,0.9817423806220443
76561199031248021,0,0.009943109937012196,7,0.9817423806220443
76561198017393396,0,0.11891091614961624,7,0.9817423806220443
76561198070678411,1,0.9932776093482971,7,0.9817423806220443
76561198879654996,0,0.259171724319458,7,0.9817423806220443
76561198360905322,0,0.007207177113741636,7,0.9817423806220443
76561199729476641,0,0.05300009995698929,7,0.9817423806220443
76561198111397426,0,0.4514904320240021,7,0.9817423806220443
76561197983913782,0,0.050647005438804626,7,0.9817423806220443
76561198039508580,0,0.0076615698635578156,7,0.9817423806220443
76561198327206192,0,0.1627759337425232,7,0.9817423806220443
76561198152873580,0,0.2934267520904541,7,0.9817423806220443
76561199140249875,0,0.7263728380203247,7,0.9817423806220443
76561199126596464,0,0.0527581088244915,7,0.9817423806220443
76561199200636382,0,0.030708322301506996,7,0.9817423806220443
76561199031975931,0,0.13449686765670776,7,0.9817423806220443
76561198188132654,0,0.01811126619577408,7,0.9817423806220443
76561197999467263,0,0.04162784293293953,7,0.9817423806220443
76561198058967818,0,0.39077016711235046,7,0.9817423806220443
76561199159373556,0,0.004159080795943737,7,0.9817423806220443
76561198088428187,0,0.04752764478325844,7,0.9817423806220443
76561198036019166,0,0.35595282912254333,7,0.9817423806220443
76561199169271215,0,0.0067689367569983006,7,0.9817423806220443
76561198017701223,0,0.09254944324493408,7,0.9817423806220443
76561198042577286,0,0.26683518290519714,7,0.9817423806220443
76561198273607686,0,0.8684254884719849,7,0.9817423806220443
76561198058855154,0,0.005299179814755917,7,0.9817423806220443
76561199245095395,0,0.3053920567035675,7,0.9817423806220443
76561198063062133,0,0.2469678521156311,7,0.9817423806220443
76561197990749774,0,0.3167666792869568,7,0.9817423806220443
76561198247565786,0,0.004219639115035534,7,0.9817423806220443
76561198437644660,0,0.09975683689117432,7,0.9817423806220443
76561198439031105,0,0.1170361116528511,7,0.9817423806220443
76561199211988805,0,0.003403094131499529,7,0.9817423806220443
76561198053748520,0,0.07837878167629242,7,0.9817423806220443
76561198994888680,0,0.776267409324646,7,0.9817423806220443
76561198216722171,0,0.005578787997364998,7,0.9817423806220443
76561198045722844,0,0.4488201439380646,7,0.9817423806220443
76561197983546633,0,0.9410610795021057,7,0.9817423806220443
76561198993248298,0,0.2061009407043457,7,0.9817423806220443
76561198265195419,0,0.5444769859313965,7,0.9817423806220443
76561197986500980,0,0.04740595072507858,7,0.9817423806220443
76561199107787029,0,0.02630525827407837,7,0.9817423806220443
76561199084993637,0,0.018989816308021545,7,0.9817423806220443
76561198831913101,0,0.005084589123725891,7,0.9817423806220443
76561197966668375,0,0.004412098787724972,7,0.9817423806220443
76561199094291428,0,0.02144048549234867,7,0.9817423806220443
76561198085376211,0,0.021283697336912155,7,0.9817423806220443
76561198405705878,0,0.0076969582587480545,7,0.9817423806220443
76561198058834574,0,0.004175011534243822,7,0.9817423806220443
76561198075650077,0,0.033218491822481155,7,0.9817423806220443
76561198109016488,0,0.018965717405080795,7,0.9817423806220443
76561198847591365,0,0.0385190024971962,7,0.9817423806220443
76561199120972117,0,0.027621593326330185,7,0.9817423806220443
76561198269591117,0,0.004280413035303354,7,0.9817423806220443
76561198035393965,0,0.005331155378371477,7,0.9817423806220443
76561199060843324,0,0.08842285722494125,7,0.9817423806220443
76561198084087012,0,0.06443008035421371,7,0.9817423806220443
76561197993901776,0,0.004906581714749336,7,0.9817423806220443
76561199018277537,0,0.0035583442077040672,7,0.9817423806220443
76561199103505804,0,0.003403094131499529,7,0.9817423806220443
76561198029167842,0,0.8112760186195374,7,0.9817423806220443
76561199581702211,0,0.08767667412757874,7,0.9817423806220443
76561198085033593,0,0.007598483469337225,7,0.9817423806220443
76561197999823299,0,0.05832472816109657,7,0.9817423806220443
76561199129443918,0,0.01576082780957222,7,0.9817423806220443
76561199076088074,0,0.005426227580755949,7,0.9817423806220443
76561198052181458,0,0.010990312322974205,7,0.9817423806220443
76561198036276390,0,0.08425923436880112,7,0.9817423806220443
76561198800653075,0,0.0031357076950371265,7,0.9817423806220443
76561198449242772,0,0.09729374200105667,7,0.9817423806220443
76561199472768521,0,0.0035408944822847843,7,0.9817423806220443
76561199729784609,0,0.012970234267413616,7,0.9817423806220443
76561198338511746,0,0.027023591101169586,7,0.9817423806220443
76561198829882869,0,0.007013392169028521,7,0.9817423806220443
76561198064011100,0,0.007415108848363161,7,0.9817423806220443
76561198803606901,0,0.07711656391620636,7,0.9817423806220443
76561198197045061,0,0.005618701688945293,7,0.9817423806220443
76561198093776127,0,0.003621563548222184,7,0.9817423806220443
76561198095583789,0,0.018573051318526268,7,0.9817423806220443
76561199185949890,0,0.09028087556362152,7,0.9817423806220443
76561199394751820,1,0.9905425906181335,7,0.9817423806220443
76561198001954147,0,0.3330036997795105,7,0.9817423806220443
76561199338422033,0,0.005867327097803354,7,0.9817423806220443
76561199190903018,0,0.0359107181429863,7,0.9817423806220443
76561198414963605,0,0.003861874109134078,7,0.9817423806220443
76561198290294472,0,0.034265659749507904,7,0.9817423806220443
76561198318457610,0,0.004675303120166063,7,0.9817423806220443
76561199466125484,0,0.015843762084841728,7,0.9817423806220443
76561198246500186,0,0.0182686485350132,7,0.9817423806220443
76561198030759096,0,0.02656620182096958,7,0.9817423806220443
76561199535615020,0,0.012415194883942604,7,0.9817423806220443
76561199052759637,0,0.009556998498737812,7,0.9817423806220443
76561198107341234,0,0.012782531790435314,7,0.9817423806220443
76561198180662282,0,0.006289753597229719,7,0.9817423806220443
76561198071130854,0,0.003570667002350092,7,0.9817423806220443
76561199167777409,0,0.0042879763059318066,7,0.9817423806220443
76561198069829539,0,0.0033142429310828447,7,0.9817423806220443
76561198282895428,0,0.03901848942041397,7,0.9817423806220443
76561199647899476,0,0.017184874042868614,7,0.9817423806220443
76561197989628967,0,0.006514479406177998,7,0.9817423806220443
76561198964099608,0,0.013260429725050926,7,0.9817423806220443
76561199586951387,0,0.009571254253387451,7,0.9817423806220443
76561198990075909,0,0.03861719369888306,7,0.9817423806220443
76561198170420405,0,0.005362159106880426,7,0.9817423806220443
76561198112264353,0,0.13941946625709534,7,0.9817423806220443
76561197971048278,0,0.013381745666265488,7,0.9817423806220443
76561198402154547,0,0.28473979234695435,7,0.9817423806220443
76561198927351578,0,0.29901406168937683,7,0.9817423806220443
76561198126947896,0,0.012664670124650002,7,0.9817423806220443
76561199500285313,0,0.003550212597474456,7,0.9817423806220443
76561199112159554,0,0.0096952635794878,7,0.9817423806220443
76561199345259387,0,0.13672302663326263,7,0.9817423806220443
76561198122857413,0,0.009510665200650692,7,0.9817423806220443
76561198798918860,0,0.58969646692276,7,0.9817423806220443
76561198988066988,0,0.49369102716445923,7,0.9817423806220443
76561199388905942,0,0.00415899557992816,7,0.9817423806220443
76561198010852901,1,0.9333029389381409,7,0.9817423806220443
76561198079314787,0,0.7313423156738281,7,0.9817423806220443
76561198302088967,0,0.008526889607310295,7,0.9817423806220443
76561198116590795,0,0.7528406381607056,7,0.9817423806220443
76561198409860923,0,0.00516009284183383,7,0.9817423806220443
76561199063441206,0,0.06971565634012222,7,0.9817423806220443
76561198042938841,0,0.36082184314727783,7,0.9817423806220443
76561199194249290,0,0.008412607945501804,7,0.9817423806220443
76561198065874311,0,0.010492903180420399,7,0.9817423806220443
76561198346941088,0,0.9709190130233765,7,0.9817423806220443
76561198051624731,0,0.11264178901910782,7,0.9817423806220443
76561198109826665,0,0.8673761487007141,7,0.9817423806220443
76561199085960522,0,0.010816821828484535,7,0.9817423806220443
76561197976411092,0,0.046117208898067474,7,0.9817423806220443
76561198113862020,0,0.06732647120952606,7,0.9817423806220443
76561198067348213,0,0.023979049175977707,7,0.9817423806220443
76561199164523460,0,0.029452886432409286,7,0.9817423806220443
76561198066484145,1,0.23505887389183044,7,0.9817423806220443
76561198065166677,0,0.009458949789404869,7,0.9817423806220443
76561198028681407,0,0.20459257066249847,7,0.9817423806220443
76561199072606790,0,0.021089784801006317,7,0.9817423806220443
76561198101442662,0,0.0150825846940279,7,0.9817423806220443
76561198154625576,0,0.004168739542365074,7,0.9817423806220443
76561198107184628,0,0.13200119137763977,7,0.9817423806220443
76561199243484288,0,0.004696279298514128,7,0.9817423806220443
76561198075225330,0,0.200947567820549,7,0.9817423806220443
76561198443452286,0,0.005965788848698139,7,0.9817423806220443
76561199471432498,0,0.04284053295850754,7,0.9817423806220443
76561198341683147,0,0.3406389653682709,7,0.9817423806220443
76561198002698580,0,0.006072170101106167,7,0.9817423806220443
76561198040888193,0,0.10735876113176346,7,0.9817423806220443
76561198435135542,0,0.004191416781395674,7,0.9817423806220443
76561198080122598,0,0.6969934105873108,7,0.9817423806220443
76561199005510000,0,0.003403094131499529,7,0.9817423806220443
76561199393042623,0,0.005299179814755917,7,0.9817423806220443
76561199047377951,0,0.006272437050938606,7,0.9817423806220443
76561198428717384,0,0.004226314835250378,7,0.9817423806220443
76561198006293589,0,0.06736952811479568,7,0.9817423806220443
76561198346243066,0,0.004895871505141258,7,0.9817423806220443
76561198968140401,0,0.005299179814755917,7,0.9817423806220443
76561199690378478,0,0.006139771081507206,7,0.9817423806220443
76561199138726846,0,0.6419958472251892,7,0.9817423806220443
76561198053303113,0,0.09477479755878448,7,0.9817423806220443
76561198192720270,0,0.003578315954655409,7,0.9817423806220443
76561198199053117,0,0.009578606113791466,7,0.9817423806220443
76561198112606494,0,0.013703901320695877,7,0.9817423806220443
76561198068718467,0,0.04816332459449768,7,0.9817423806220443
76561198003839630,0,0.0035881907679140568,7,0.9817423806220443
76561198143868199,0,0.6012880802154541,7,0.9817423806220443
76561199014041912,0,0.003984999842941761,7,0.9817423806220443
76561198035614826,1,0.9908171892166138,7,0.9817423806220443
76561199170770158,0,0.019207650795578957,7,0.9817423806220443
76561198056348440,0,0.010652923956513405,7,0.9817423806220443
76561199214897413,0,0.003403094131499529,7,0.9817423806220443
76561198084935795,0,0.015190818347036839,7,0.9817423806220443
76561198049916773,0,0.16415414214134216,7,0.9817423806220443
76561198930510902,0,0.008550642058253288,7,0.9817423806220443
76561198279256518,0,0.003403094131499529,7,0.9817423806220443
76561198956607792,0,0.02892238274216652,7,0.9817423806220443
76561198134378603,0,0.004123811610043049,7,0.9817423806220443
76561198392393813,0,0.02407097816467285,7,0.9817423806220443
76561199088409745,0,0.00798631738871336,7,0.9817423806220443
76561199125443875,1,0.9929867386817932,7,0.9817423806220443
76561199384124857,0,0.003550212597474456,7,0.9817423806220443
76561198110000452,0,0.9857936501502991,7,0.9817423806220443
76561199493781964,0,0.005050474312156439,7,0.9817423806220443
76561199151382991,0,0.9518288969993591,7,0.9817423806220443
76561198035169820,0,0.018815990537405014,7,0.9817423806220443
76561199017023605,0,0.0057756416499614716,7,0.9817423806220443
76561198983576547,0,0.019138183444738388,7,0.9817423806220443
76561198063877711,0,0.07573802024126053,7,0.9817423806220443
76561198090131130,0,0.31327250599861145,7,0.9817423806220443
76561198045973228,0,0.41674113273620605,7,0.9817423806220443
76561199194007020,0,0.02211698144674301,7,0.9817423806220443
76561198070857146,0,0.07620556652545929,7,0.9817423806220443
76561199087787222,0,0.05158023163676262,7,0.9817423806220443
76561198315060849,0,0.0052788592875003815,7,0.9817423806220443
76561198083850882,0,0.012029841542243958,7,0.9817423806220443
76561198011527153,0,0.9190300703048706,7,0.9817423806220443
76561198038827493,0,0.5998324751853943,7,0.9817423806220443
76561198234873320,0,0.012598887085914612,7,0.9817423806220443
76561198040812956,0,0.5125600099563599,7,0.9817423806220443
76561198418945286,0,0.009668883867561817,7,0.9817423806220443
76561199109943018,0,0.005942544434219599,7,0.9817423806220443
76561198167582279,0,0.012071486562490463,7,0.9817423806220443
76561198929041678,0,0.02753753587603569,7,0.9817423806220443
76561199116436888,0,0.06269951909780502,7,0.9817423806220443
76561197990639637,0,0.5866559743881226,7,0.9817423806220443
76561198072143436,0,0.00618950417265296,7,0.9817423806220443
76561198125231553,0,0.013032733462750912,7,0.9817423806220443
76561198900013924,0,0.0038804379291832447,7,0.9817423806220443
76561198267821634,0,0.9430277347564697,7,0.9817423806220443
76561198095037700,0,0.061706364154815674,7,0.9817423806220443
76561197999961651,0,0.3831087350845337,7,0.9817423806220443
76561198075168861,0,0.884978175163269,7,0.9817423806220443
76561198227528848,0,0.14100214838981628,7,0.9817423806220443
76561199057764619,0,0.3428807556629181,7,0.9817423806220443
76561198823469851,0,0.005769145209342241,7,0.9817423806220443
76561198292042358,0,0.6513862609863281,7,0.9817423806220443
76561198045228256,0,0.3000713288784027,7,0.9817423806220443
76561198056582869,0,0.030511053279042244,7,0.9817423806220443
76561198446851591,0,0.860000729560852,7,0.9817423806220443
76561198212883919,0,0.26317694783210754,7,0.9817423806220443
76561198357169475,0,0.011277318000793457,7,0.9817423806220443
76561199047349841,0,0.10180554538965225,7,0.9817423806220443
76561198880898082,0,0.03244873881340027,7,0.9817423806220443
76561198127173052,0,0.01717003621160984,7,0.9817423806220443
76561198142426037,0,0.05311838164925575,7,0.9817423806220443
76561198180212710,0,0.3406766951084137,7,0.9817423806220443
76561199026143457,0,0.007570760790258646,7,0.9817423806220443
76561198032252523,0,0.021264247596263885,7,0.9817423806220443
76561198053693773,0,0.017097366973757744,7,0.9817423806220443
76561199028737721,0,0.041007936000823975,7,0.9817423806220443
76561198072834428,0,0.006033719517290592,7,0.9817423806220443
76561199089164389,0,0.0037099572364240885,7,0.9817423806220443
76561198883258568,0,0.8122485280036926,7,0.9817423806220443
76561198825498068,0,0.0034612698946148157,7,0.9817423806220443
76561198154273104,0,0.04673587903380394,7,0.9817423806220443
76561198054391373,0,0.06963411718606949,7,0.9817423806220443
76561199057988938,0,0.0051806834526360035,7,0.9817423806220443
76561198892078717,0,0.003403094131499529,7,0.9817423806220443
76561199190687751,0,0.0036830727476626635,7,0.9817423806220443
76561199037371856,0,0.008708609268069267,7,0.9817423806220443
76561198094745722,0,0.006845187395811081,7,0.9817423806220443
76561198978455889,0,0.07563275098800659,7,0.9817423806220443
76561199173837010,0,0.14852723479270935,7,0.9817423806220443
76561198428723816,0,0.006328358314931393,7,0.9817423806220443
76561198287835970,0,0.0096952635794878,7,0.9817423806220443
76561198000721935,0,0.09293360263109207,7,0.9817423806220443
76561198255105007,0,0.04255883768200874,7,0.9817423806220443
76561198130115064,0,0.029367543756961823,7,0.9817423806220443
76561198180128693,0,0.05994473770260811,7,0.9817423806220443
76561199236943048,0,0.07234850525856018,7,0.9817423806220443
76561198178333998,0,0.013211092911660671,7,0.9817423806220443
76561198866384018,0,0.007023118901997805,7,0.9817423806220443
76561199544239299,0,0.08578138798475266,7,0.9817423806220443
76561199060347746,0,0.025892937555909157,7,0.9817423806220443
76561198021389940,0,0.034552861005067825,7,0.9817423806220443
76561198026177741,0,0.006153414957225323,7,0.9817423806220443
76561198426414848,0,0.06999728828668594,7,0.9817423806220443
76561198881429085,0,0.006297011394053698,7,0.9817423806220443
76561198932610197,0,0.003403094131499529,7,0.9817423806220443
76561198017649292,0,0.010497458279132843,7,0.9817423806220443
76561198051738860,0,0.0049615055322647095,7,0.9817423806220443
76561198330273476,0,0.08975464105606079,7,0.9817423806220443
76561199066334331,0,0.003595746122300625,7,0.9817423806220443
76561198969291988,0,0.005123865325003862,7,0.9817423806220443
76561199169115861,0,0.005621614865958691,7,0.9817423806220443
76561198020769704,0,0.6004258394241333,7,0.9817423806220443
76561198864207707,0,0.0559878908097744,7,0.9817423806220443
76561199642900767,0,0.010068733245134354,7,0.9817423806220443
76561199206407290,0,0.06063135713338852,7,0.9817423806220443
76561198169983198,0,0.005917704664170742,7,0.9817423806220443
76561197972973968,0,0.9029510021209717,7,0.9817423806220443
76561198398312858,0,0.0035157608799636364,7,0.9817423806220443
76561199196960612,0,0.022616663947701454,7,0.9817423806220443
76561198040086330,0,0.9518441557884216,7,0.9817423806220443
76561198973027533,0,0.011314565315842628,7,0.9817423806220443
76561198871161611,0,0.9848472476005554,7,0.9817423806220443
76561198965425687,0,0.004118858836591244,7,0.9817423806220443
76561198336521070,1,0.6400321125984192,7,0.9817423806220443
76561199002576557,0,0.016630513593554497,7,0.9817423806220443
76561197969712077,0,0.01978440210223198,7,0.9817423806220443
76561198145680295,0,0.017642909660935402,7,0.9817423806220443
76561198422012598,0,0.005517546087503433,7,0.9817423806220443
76561199396453616,0,0.013385907746851444,7,0.9817423806220443
76561199501541995,0,0.007911006920039654,7,0.9817423806220443
76561197960672983,0,0.4261097013950348,7,0.9817423806220443
76561198797291875,0,0.004556083586066961,7,0.9817423806220443
76561199636991396,0,0.004593217745423317,7,0.9817423806220443
76561198087593905,0,0.009475701488554478,7,0.9817423806220443
76561198014019015,0,0.004051112569868565,7,0.9817423806220443
76561198989767253,0,0.06643757224082947,7,0.9817423806220443
76561198204278361,0,0.14699819684028625,7,0.9817423806220443
76561198115836509,0,0.2826192080974579,7,0.9817423806220443
76561198113418931,0,0.006980870850384235,7,0.9817423806220443
76561199076257871,0,0.013781178742647171,7,0.9817423806220443
76561199101398605,0,0.036782946437597275,7,0.9817423806220443
76561198004337163,0,0.9528149962425232,7,0.9817423806220443
76561199378958104,0,0.02008608542382717,7,0.9817423806220443
76561198967883977,0,0.7114561200141907,7,0.9817423806220443
76561199229798748,0,0.017643027007579803,7,0.9817423806220443
76561198079574064,0,0.18791210651397705,7,0.9817423806220443
76561198269559218,0,0.20168940722942352,7,0.9817423806220443
76561198044531257,0,0.019305557012557983,7,0.9817423806220443
76561198017549590,0,0.31406545639038086,7,0.9817423806220443
76561198977451092,0,0.003403094131499529,7,0.9817423806220443
76561197967531545,1,0.019191667437553406,7,0.9817423806220443
76561198069891561,1,0.9547757506370544,7,0.9817423806220443
76561198061729494,0,0.0201937947422266,7,0.9817423806220443
76561198322522157,0,0.011663422919809818,7,0.9817423806220443
76561198045917965,0,0.03666975721716881,7,0.9817423806220443
76561199787680912,0,0.004168446641415358,7,0.9817423806220443
76561198861357452,0,0.003403094131499529,7,0.9817423806220443
76561198253479133,0,0.05496176704764366,7,0.9817423806220443
76561198837871954,0,0.5979594588279724,7,0.9817423806220443
76561198000556363,0,0.43192264437675476,7,0.9817423806220443
76561197988186814,0,0.015580259263515472,7,0.9817423806220443
76561199194260844,0,0.019139651209115982,7,0.9817423806220443
76561197976155761,0,0.11715228110551834,7,0.9817423806220443
76561198397373058,0,0.9883326888084412,7,0.9817423806220443
76561198041094268,0,0.21619795262813568,7,0.9817423806220443
76561198124888598,0,0.5515679121017456,7,0.9817423806220443
76561198021609652,0,0.006695051211863756,7,0.9817423806220443
76561198133535745,0,0.055590443313121796,7,0.9817423806220443
76561198982702285,0,0.2801973521709442,7,0.9817423806220443
76561197992106310,0,0.012697134166955948,7,0.9817423806220443
76561198041322745,0,0.005214258097112179,7,0.9817423806220443
76561198325446475,0,0.00886195246130228,7,0.9817423806220443
76561199663771085,0,0.004681138321757317,7,0.9817423806220443
76561198154932280,0,0.07191388309001923,7,0.9817423806220443
76561199108321456,0,0.019209887832403183,7,0.9817423806220443
76561198432063009,0,0.007069921586662531,7,0.9817423806220443
76561198156172836,0,0.005956340581178665,7,0.9817423806220443
76561198158361884,0,0.04027090221643448,7,0.9817423806220443
76561199287311153,0,0.004628176335245371,7,0.9817423806220443
76561198856364401,0,0.013886640779674053,7,0.9817423806220443
76561198063109695,0,0.004168739542365074,7,0.9817423806220443
76561198349948801,0,0.072257861495018,7,0.9817423806220443
76561198278168544,1,0.9909795522689819,7,0.9817423806220443
76561198039725600,0,0.03926950693130493,7,0.9817423806220443
76561198083292046,0,0.3728385865688324,7,0.9817423806220443
76561199104244907,0,0.006532412953674793,7,0.9817423806220443
76561197965605935,0,0.3719937205314636,7,0.9817423806220443
76561198987137714,0,0.011301589198410511,7,0.9817423806220443
76561199083903010,0,0.18784570693969727,7,0.9817423806220443
76561198995730664,0,0.13860906660556793,7,0.9817423806220443
76561199201488321,0,0.07233596593141556,7,0.9817423806220443
76561198244344712,1,0.9897078275680542,7,0.9817423806220443
76561198372190056,0,0.04114718735218048,7,0.9817423806220443
76561198094328063,0,0.003343879245221615,7,0.9817423806220443
76561198025645627,0,0.08669363707304001,7,0.9817423806220443
76561198162744290,0,0.003578315954655409,7,0.9817423806220443
76561198073032965,0,0.012909069657325745,7,0.9817423806220443
76561199481212837,0,0.043364595621824265,7,0.9817423806220443
76561198830085260,0,0.003820803016424179,7,0.9817423806220443
76561199100864964,0,0.28600746393203735,7,0.9817423806220443
76561198016781132,0,0.014985650777816772,7,0.9817423806220443
76561198046385970,1,0.9927177429199219,7,0.9817423806220443
76561199111619244,0,0.0042879763059318066,7,0.9817423806220443
76561199218823097,0,0.12035200744867325,7,0.9817423806220443
76561198992521363,0,0.20901794731616974,7,0.9817423806220443
76561198997928791,0,0.0035979452077299356,7,0.9817423806220443
76561198984292081,0,0.0360703244805336,7,0.9817423806220443
76561198059084464,0,0.004168739542365074,7,0.9817423806220443
76561198853211576,0,0.0087316008284688,7,0.9817423806220443
76561199074516623,0,0.010928897187113762,7,0.9817423806220443
76561199002778834,0,0.1618242859840393,7,0.9817423806220443
76561198282496178,0,0.0033389406744390726,7,0.9817423806220443
76561198378393982,0,0.010116898454725742,7,0.9817423806220443
76561199117272437,0,0.0859253853559494,7,0.9817423806220443
76561198031528679,0,0.011992426589131355,7,0.9817423806220443
76561198104791308,0,0.004791734274476767,7,0.9817423806220443
76561199100090154,0,0.004631951451301575,7,0.9817423806220443
76561198822453677,0,0.0037193382158875465,7,0.9817423806220443
76561198009833371,0,0.014164633117616177,7,0.9817423806220443
76561197993081858,0,0.16690485179424286,7,0.9817423806220443
76561197992540821,0,0.2494705617427826,7,0.9817423806220443
76561198039313128,0,0.43275126814842224,7,0.9817423806220443
76561198830629521,0,0.015372657217085361,7,0.9817423806220443
76561198125774988,1,0.9734387993812561,7,0.9817423806220443
76561198342751753,1,0.7170063257217407,7,0.9817423806220443
76561199332602967,0,0.027595823630690575,7,0.9817423806220443
76561198882963185,0,0.267198771238327,7,0.9817423806220443
76561199084116801,0,0.04448770731687546,7,0.9817423806220443
76561199044121436,0,0.005155996419489384,7,0.9817423806220443
76561198300773136,0,0.2679121494293213,7,0.9817423806220443
76561198067832557,0,0.021688390523195267,7,0.9817423806220443
76561199122078826,0,0.006203863769769669,7,0.9817423806220443
76561198395260079,0,0.020026303827762604,7,0.9817423806220443
76561198202050001,0,0.9079372882843018,7,0.9817423806220443
76561199110879819,0,0.6903025507926941,7,0.9817423806220443
76561198072939681,1,0.9899769425392151,7,0.9817423806220443
76561198162759095,0,0.4379374384880066,7,0.9817423806220443
76561199023736817,0,0.345766544342041,7,0.9817423806220443
76561199026980036,0,0.8902845978736877,7,0.9817423806220443
76561198991760888,0,0.017089130356907845,7,0.9817423806220443
76561199122227948,0,0.9876777529716492,7,0.9817423806220443
76561198000052576,0,0.013969141989946365,7,0.9817423806220443
76561198131594283,0,0.009713510982692242,7,0.9817423806220443
76561198363092262,0,0.9880419969558716,7,0.9817423806220443
76561198341614489,0,0.06774990260601044,7,0.9817423806220443
76561199184985857,1,0.9803046584129333,7,0.9817423806220443
76561199059863705,0,0.9773985147476196,7,0.9817423806220443
76561198997571948,0,0.00756085803732276,7,0.9817423806220443
76561198863709909,0,0.01310786698013544,7,0.9817423806220443
76561198315696129,0,0.0037018076982349157,7,0.9817423806220443
76561199197752507,0,0.40867066383361816,7,0.9817423806220443
76561197985853093,0,0.00348426541313529,7,0.9817423806220443
76561198068986623,0,0.2068341225385666,7,0.9817423806220443
76561198059108853,0,0.0318775549530983,7,0.9817423806220443
76561198201710709,0,0.0059172362089157104,7,0.9817423806220443
76561199043171250,1,0.9884621500968933,7,0.9817423806220443
76561198303248802,0,0.057204943150281906,7,0.9817423806220443
76561198268312495,0,0.08652781695127487,7,0.9817423806220443
76561198044209536,0,0.3266547918319702,7,0.9817423806220443
76561198070974677,0,0.004524995572865009,7,0.9817423806220443
76561198018180665,0,0.016683578491210938,7,0.9817423806220443
76561198003477640,0,0.030315840616822243,7,0.9817423806220443
76561199773205433,0,0.042217180132865906,7,0.9817423806220443
76561198122666308,0,0.09327957779169083,7,0.9817423806220443
76561198906281192,0,0.06070604547858238,7,0.9817423806220443
76561198815724624,0,0.39657357335090637,7,0.9817423806220443
76561198991391317,0,0.47322797775268555,7,0.9817423806220443
76561198079808965,0,0.07793104648590088,7,0.9817423806220443
76561197996208951,0,0.021377744153141975,7,0.9817423806220443
76561199117686505,0,0.0038451291620731354,7,0.9817423806220443
76561199149030279,0,0.00944423582404852,7,0.9817423806220443
76561198337551909,0,0.011618895456194878,7,0.9817423806220443
76561197993251654,0,0.050165239721536636,7,0.9817423806220443
76561199054748184,0,0.005895135924220085,7,0.9817423806220443
76561198072471372,0,0.056763309985399246,7,0.9817423806220443
76561199028368124,0,0.004907556809484959,7,0.9817423806220443
76561199122471190,0,0.2883028984069824,7,0.9817423806220443
76561198056051467,0,0.026881175115704536,7,0.9817423806220443
76561198111064523,0,0.16750681400299072,7,0.9817423806220443
76561198042489032,0,0.057290032505989075,7,0.9817423806220443
76561198249453444,0,0.003476344048976898,7,0.9817423806220443
76561198056055656,0,0.11093106120824814,7,0.9817423806220443
76561198240067270,0,0.008789347484707832,7,0.9817423806220443
76561198160348499,0,0.012185722589492798,7,0.9817423806220443
76561199369069337,0,0.004556083586066961,7,0.9817423806220443
76561199222784230,0,0.007598954252898693,7,0.9817423806220443
76561198970775840,0,0.09664732217788696,7,0.9817423806220443
76561199230587269,0,0.004168739542365074,7,0.9817423806220443
76561199355737144,0,0.1025775894522667,7,0.9817423806220443
76561199230975489,0,0.04108170047402382,7,0.9817423806220443
76561198088119657,0,0.824613630771637,7,0.9817423806220443
76561198040759167,0,0.008665706031024456,7,0.9817423806220443
76561198958363428,0,0.003403094131499529,7,0.9817423806220443
76561199199004010,0,0.031259935349226,7,0.9817423806220443
76561198890405687,0,0.003550212597474456,7,0.9817423806220443
76561198185043001,0,0.021239005029201508,7,0.9817423806220443
76561198208289783,0,0.1600220650434494,7,0.9817423806220443
76561199565092754,0,0.008842873387038708,7,0.9817423806220443
76561197990834250,0,0.05411922186613083,7,0.9817423806220443
76561197974842518,0,0.007810122333467007,7,0.9817423806220443
76561199013452579,0,0.00935374666005373,7,0.9817423806220443
76561198064150088,1,0.2435687780380249,7,0.9817423806220443
76561197970523860,0,0.04377850890159607,7,0.9817423806220443
76561198828357046,0,0.007844101637601852,7,0.9817423806220443
76561198124628913,0,0.235909104347229,7,0.9817423806220443
76561199530891611,0,0.00845852680504322,7,0.9817423806220443
76561198298642267,0,0.003350847167894244,7,0.9817423806220443
76561198847896483,0,0.03406728059053421,7,0.9817423806220443
76561199076175081,0,0.011617177166044712,7,0.9817423806220443
76561199225329196,0,0.010728641413152218,7,0.9817423806220443
76561198015479822,0,0.015335317701101303,7,0.9817423806220443
76561199257877443,0,0.008481521159410477,7,0.9817423806220443
76561199027925742,0,0.9307606816291809,7,0.9817423806220443
76561198378217573,0,0.02201533503830433,7,0.9817423806220443
76561198121252115,0,0.02786385454237461,7,0.9817423806220443
76561198867332796,0,0.366409033536911,7,0.9817423806220443
76561198079555576,0,0.673698365688324,7,0.9817423806220443
76561198080357143,0,0.24683769047260284,7,0.9817423806220443
76561199036208389,0,0.2272828370332718,7,0.9817423806220443
76561198174957166,0,0.0032016190234571695,7,0.9817423806220443
76561198295708268,1,0.9104722738265991,7,0.9817423806220443
76561198065914565,0,0.7233999371528625,7,0.9817423806220443
76561198931515196,0,0.09556487947702408,7,0.9817423806220443
76561198880629636,0,0.1617223024368286,7,0.9817423806220443
76561199273720474,0,0.004289824981242418,7,0.9817423806220443
76561199063340474,0,0.053747646510601044,7,0.9817423806220443
76561198852627140,0,0.20042797923088074,7,0.9817423806220443
76561198018759856,0,0.6790415644645691,7,0.9817423806220443
76561198807367792,0,0.9656504988670349,7,0.9817423806220443
76561197996268232,0,0.0689784362912178,7,0.9817423806220443
76561198968941716,0,0.512717068195343,7,0.9817423806220443
76561199550536971,0,0.3223707377910614,7,0.9817423806220443
76561199517355995,0,0.052647534757852554,7,0.9817423806220443
76561199094538194,0,0.023553859442472458,7,0.9817423806220443
76561199101524304,0,0.1219651997089386,7,0.9817423806220443
76561199064496684,0,0.12961724400520325,7,0.9817423806220443
76561199703054006,0,0.0059027415700256824,7,0.9817423806220443
76561198158893168,0,0.019306829199194908,7,0.9817423806220443
76561197982878592,1,0.989600419998169,7,0.9817423806220443
76561198069064835,0,0.15882457792758942,7,0.9817423806220443
76561198024813100,0,0.37407103180885315,7,0.9817423806220443
76561198136326813,0,0.022624138742685318,7,0.9817423806220443
76561199125522622,0,0.005428577773272991,7,0.9817423806220443
76561199475480642,0,0.007545166183263063,7,0.9817423806220443
76561199137374460,0,0.0465950183570385,7,0.9817423806220443
76561198133038499,0,0.10914541035890579,7,0.9817423806220443
76561198358563336,0,0.09253963083028793,7,0.9817423806220443
76561198124467831,0,0.7867843508720398,7,0.9817423806220443
76561198056258608,0,0.10425824671983719,7,0.9817423806220443
76561199188746865,0,0.49349069595336914,7,0.9817423806220443
76561197998051859,0,0.06119487062096596,7,0.9817423806220443
76561199221046410,0,0.27416321635246277,7,0.9817423806220443
76561199120788530,0,0.028264781460165977,7,0.9817423806220443
76561198346819475,0,0.26295989751815796,7,0.9817423806220443
76561199261102466,0,0.0096952635794878,7,0.9817423806220443
76561198048832172,1,0.9920139908790588,7,0.9817423806220443
76561198974567193,0,0.00794319249689579,7,0.9817423806220443
76561199400998840,0,0.0176495723426342,7,0.9817423806220443
76561199013384465,0,0.4447462260723114,7,0.9817423806220443
76561199046252241,1,0.3195408284664154,7,0.9817423806220443
76561198014555126,0,0.40132784843444824,7,0.9817423806220443
76561198041867099,0,0.004577456973493099,7,0.9817423806220443
76561199119728351,0,0.012262175790965557,7,0.9817423806220443
76561199057061486,0,0.007436034269630909,7,0.9817423806220443
76561198857457918,0,0.0033389406744390726,7,0.9817423806220443
76561199376493823,0,0.014130044728517532,7,0.9817423806220443
76561199548782839,0,0.028517596423625946,7,0.9817423806220443
76561198053943886,0,0.955528199672699,7,0.9817423806220443
76561199047831557,0,0.0038804379291832447,7,0.9817423806220443
76561198817369055,0,0.012682784348726273,7,0.9817423806220443
76561199185299902,0,0.005117102991789579,7,0.9817423806220443
76561199031026873,0,0.022044187411665916,7,0.9817423806220443
76561199220163509,0,0.0033347539138048887,7,0.9817423806220443
76561198040699357,0,0.10875697433948517,7,0.9817423806220443
76561199165508410,0,0.060206085443496704,7,0.9817423806220443
76561199571390746,0,0.030281851068139076,7,0.9817423806220443
76561199281839601,0,0.009578732773661613,7,0.9817423806220443
76561199098714357,0,0.003403094131499529,7,0.9817423806220443
76561199200631748,0,0.16697247326374054,7,0.9817423806220443
76561198032693986,1,0.9165894389152527,7,0.9817423806220443
76561198126436528,0,0.010623201727867126,7,0.9817423806220443
76561198338020730,0,0.02737339213490486,7,0.9817423806220443
76561198030043644,0,0.02328767068684101,7,0.9817423806220443
76561198400986312,0,0.10164982825517654,7,0.9817423806220443
76561198855515805,0,0.014069823548197746,7,0.9817423806220443
76561199270907183,0,0.15968473255634308,7,0.9817423806220443
76561198107947025,0,0.008117733523249626,7,0.9817423806220443
76561198047393056,0,0.057628560811281204,7,0.9817423806220443
76561198060008300,0,0.013038691133260727,7,0.9817423806220443
76561199099967340,0,0.0046495674178004265,7,0.9817423806220443
76561198815314551,0,0.006636552978307009,7,0.9817423806220443
76561198102549640,0,0.06992772221565247,7,0.9817423806220443
76561198279362143,0,0.022318707779049873,7,0.9817423806220443
76561199169293657,0,0.007458334788680077,7,0.9817423806220443
76561199389976721,0,0.03735412657260895,7,0.9817423806220443
76561199608975398,0,0.18332691490650177,7,0.9817423806220443
76561198831823768,0,0.3493445813655853,7,0.9817423806220443
76561198334982003,0,0.02862110175192356,7,0.9817423806220443
76561198166224958,0,0.004577582702040672,7,0.9817423806220443
76561199102781885,0,0.005299179814755917,7,0.9817423806220443
76561198976712057,0,0.0033389406744390726,7,0.9817423806220443
76561197961996112,0,0.004473479930311441,7,0.9817423806220443
76561198017581736,0,0.11738795787096024,7,0.9817423806220443
76561198898139094,0,0.024033352732658386,7,0.9817423806220443
76561198306997600,0,0.004652788396924734,7,0.9817423806220443
76561197975285807,0,0.00452463049441576,7,0.9817423806220443
76561198867281676,0,0.004455836024135351,7,0.9817423806220443
76561199339777529,1,0.9906869530677795,7,0.9817423806220443
76561198281087176,0,0.013669995591044426,7,0.9817423806220443
76561198354451953,0,0.012470929883420467,7,0.9817423806220443
76561199778350426,0,0.003956463187932968,7,0.9817423806220443
76561197972466263,0,0.005128032993525267,7,0.9817423806220443
76561198082887662,0,0.6604061126708984,7,0.9817423806220443
76561198386729217,0,0.027876857668161392,7,0.9817423806220443
76561198832966553,0,0.19912083446979523,7,0.9817423806220443
76561198029398376,0,0.05711190402507782,7,0.9817423806220443
76561198804907479,0,0.03664746508002281,7,0.9817423806220443
76561199017600074,0,0.16000279784202576,7,0.9817423806220443
76561198075799133,0,0.02671479992568493,7,0.9817423806220443
76561198076074249,0,0.5325522422790527,7,0.9817423806220443
76561198032803042,0,0.0037128787953406572,7,0.9817423806220443
76561198060363437,0,0.2405514270067215,7,0.9817423806220443
76561198118953624,0,0.008515722118318081,7,0.9817423806220443
76561198047459375,0,0.569614589214325,7,0.9817423806220443
76561198209196856,0,0.11268622428178787,7,0.9817423806220443
76561198260881638,0,0.03850904107093811,7,0.9817423806220443
76561198864775702,1,0.5416581034660339,7,0.9817423806220443
76561198171771025,0,0.16431237757205963,7,0.9817423806220443
76561198219452815,0,0.05262494459748268,7,0.9817423806220443
76561198180546291,0,0.0039674825966358185,7,0.9817423806220443
76561199084941527,0,0.00715318089351058,7,0.9817423806220443
76561198174000053,0,0.03506157919764519,7,0.9817423806220443
76561199203031978,0,0.0037822399754077196,7,0.9817423806220443
76561199010350150,0,0.10344231873750687,7,0.9817423806220443
76561197997099460,0,0.5712892413139343,7,0.9817423806220443
76561198200713987,0,0.22008158266544342,7,0.9817423806220443
76561198022304972,0,0.06302639842033386,7,0.9817423806220443
76561198030567835,0,0.4287126064300537,7,0.9817423806220443
76561198320088580,0,0.007155772298574448,7,0.9817423806220443
76561198996963015,0,0.03106924518942833,7,0.9817423806220443
76561198198117390,0,0.009733502753078938,7,0.9817423806220443
76561198834831351,0,0.585292637348175,7,0.9817423806220443
76561199141325243,0,0.00434623658657074,7,0.9817423806220443
76561198241641740,0,0.18789057433605194,7,0.9817423806220443
76561198066119718,0,0.23292315006256104,7,0.9817423806220443
76561198335865111,1,0.9931777715682983,7,0.9817423806220443
76561198137511258,0,0.26507142186164856,7,0.9817423806220443
76561199217469997,0,0.004831381607800722,7,0.9817423806220443
76561199389410223,1,0.9926671385765076,7,0.9817423806220443
76561199199178771,0,0.0032861034851521254,7,0.9817423806220443
76561199211774205,0,0.007693422958254814,7,0.9817423806220443
76561198300333008,0,0.05684470012784004,7,0.9817423806220443
76561198168482899,0,0.6804269552230835,7,0.9817423806220443
76561198089356500,0,0.43652063608169556,7,0.9817423806220443
76561198850849301,0,0.0037099572364240885,7,0.9817423806220443
76561198138798413,0,0.20269109308719635,7,0.9817423806220443
76561199014272964,0,0.00813452061265707,7,0.9817423806220443
76561199083009687,0,0.7394127249717712,7,0.9817423806220443
76561199466399135,0,0.004363871645182371,7,0.9817423806220443
76561198125481963,0,0.01577449031174183,7,0.9817423806220443
76561198325062127,0,0.40845900774002075,7,0.9817423806220443
76561198007053377,0,0.005259061232209206,7,0.9817423806220443
76561199294403847,0,0.003748808056116104,7,0.9817423806220443
76561199121139762,0,0.011082283221185207,7,0.9817423806220443
76561198077292934,0,0.21695131063461304,7,0.9817423806220443
76561198097115476,0,0.11679428815841675,7,0.9817423806220443
76561199036708697,0,0.003661616938188672,7,0.9817423806220443
76561198055353801,0,0.007832027971744537,7,0.9817423806220443
76561197967468976,0,0.19119739532470703,7,0.9817423806220443
76561198301027537,0,0.012036541476845741,7,0.9817423806220443
76561198113788266,0,0.0036759863141924143,7,0.9817423806220443
76561197972535790,0,0.15884976089000702,7,0.9817423806220443
76561198116803153,0,0.030924974009394646,7,0.9817423806220443
76561198118162863,0,0.04289230331778526,7,0.9817423806220443
76561198131901972,0,0.23517893254756927,7,0.9817423806220443
76561197964601832,0,0.4795493185520172,7,0.9817423806220443
76561198271147410,0,0.010764999315142632,7,0.9817423806220443
76561199569979108,0,0.029742682352662086,7,0.9817423806220443
76561199223004301,0,0.07998708635568619,7,0.9817423806220443
76561199560410997,0,0.0037445505149662495,7,0.9817423806220443
76561199213722306,0,0.0049466523341834545,7,0.9817423806220443
76561198315639079,0,0.02216925472021103,7,0.9817423806220443
76561198207259129,0,0.030460063368082047,7,0.9817423806220443
76561198031396223,0,0.01715104840695858,7,0.9817423806220443
76561198053795298,0,0.03637716919183731,7,0.9817423806220443
76561198384033419,0,0.005710021127015352,7,0.9817423806220443
76561198110130461,0,0.007889647968113422,7,0.9817423806220443
76561198128744240,0,0.03753091022372246,7,0.9817423806220443
76561199087272506,1,0.9915701150894165,7,0.9817423806220443
76561198880745614,0,0.003578315954655409,7,0.9817423806220443
76561199135291664,0,0.9916555881500244,7,0.9817423806220443
76561199072907436,0,0.05046456679701805,7,0.9817423806220443
76561199068400705,0,0.013412048108875751,7,0.9817423806220443
76561198974084706,0,0.007307477295398712,7,0.9817423806220443
76561199084142913,0,0.007683254778385162,7,0.9817423806220443
76561198061764031,0,0.034988004714250565,7,0.9817423806220443
76561198170573471,0,0.9493095278739929,7,0.9817423806220443
76561198278976285,0,0.2272607535123825,7,0.9817423806220443
76561198062565203,0,0.8778846859931946,7,0.9817423806220443
76561198008661810,0,0.030099263414740562,7,0.9817423806220443
76561199467408091,0,0.005666954442858696,7,0.9817423806220443
76561198058235203,0,0.8565276861190796,7,0.9817423806220443
76561198052674285,0,0.062105417251586914,7,0.9817423806220443
76561199767040650,0,0.06023304536938667,7,0.9817423806220443
76561198047074129,0,0.0038712366949766874,7,0.9817423806220443
76561198271346110,0,0.013381272554397583,7,0.9817423806220443
76561199401595611,0,0.11456253379583359,7,0.9817423806220443
76561199198482632,0,0.9547247886657715,7,0.9817423806220443
76561198315870084,0,0.028735890984535217,7,0.9817423806220443
76561198129878995,0,0.4283045828342438,7,0.9817423806220443
76561198137871020,0,0.8856995105743408,7,0.9817423806220443
76561198154112737,0,0.7284566164016724,7,0.9817423806220443
76561198160832579,0,0.006152700167149305,7,0.9817423806220443
76561198313319767,0,0.20429661870002747,7,0.9817423806220443
76561199196680466,1,0.9928058981895447,7,0.9817423806220443
76561198103479832,0,0.3820851147174835,7,0.9817423806220443
76561198031565654,0,0.009603354148566723,7,0.9817423806220443
76561197977273873,0,0.3981837034225464,7,0.9817423806220443
76561198974638443,0,0.14235134422779083,7,0.9817423806220443
76561198025314299,0,0.5435478687286377,7,0.9817423806220443
76561199087710235,1,0.5769707560539246,7,0.9817423806220443
76561198106868220,0,0.9190722107887268,7,0.9817423806220443
76561198365174042,0,0.9739278554916382,7,0.9817423806220443
76561199353260940,0,0.14707450568675995,7,0.9817423806220443
76561198140522217,0,0.0034596878103911877,7,0.9817423806220443
76561198168295007,0,0.008742276579141617,7,0.9817423806220443
76561198153536575,0,0.004314214922487736,7,0.9817423806220443
76561199106850661,1,0.990131139755249,7,0.9817423806220443
76561199061227062,0,0.005477481987327337,7,0.9817423806220443
76561198382744404,0,0.6920287609100342,7,0.9817423806220443
76561199074689173,0,0.20165960490703583,7,0.9817423806220443
76561198088960186,0,0.037083372473716736,7,0.9817423806220443
76561198354955115,0,0.4612579345703125,7,0.9817423806220443
76561199404747001,0,0.2562749981880188,7,0.9817423806220443
76561198039646364,0,0.08843210339546204,7,0.9817423806220443
76561198108991900,0,0.008882809430360794,7,0.9817423806220443
76561198176993174,1,0.9923408031463623,7,0.9817423806220443
76561198261716742,0,0.003550212597474456,7,0.9817423806220443
76561198272359356,0,0.4132269322872162,7,0.9817423806220443
76561197979708219,0,0.28015226125717163,7,0.9817423806220443
76561198004474840,0,0.17422933876514435,7,0.9817423806220443
76561199107771354,0,0.014064950868487358,7,0.9817423806220443
76561198233083960,0,0.08905377238988876,7,0.9817423806220443
76561198084234373,0,0.00889130961149931,7,0.9817423806220443
76561199121650158,0,0.010116898454725742,7,0.9817423806220443
76561198053100872,0,0.3098451495170593,7,0.9817423806220443
76561198437314030,0,0.0033325389958918095,7,0.9817423806220443
76561198097035020,0,0.10083464533090591,7,0.9817423806220443
76561198810970518,0,0.3572586178779602,7,0.9817423806220443
76561198133249589,0,0.28475701808929443,7,0.9817423806220443
76561199078092070,0,0.0033347539138048887,7,0.9817423806220443
76561198144054084,0,0.12258489429950714,7,0.9817423806220443
76561198057580666,0,0.9879077076911926,7,0.9817423806220443
76561198002744099,0,0.030448101460933685,7,0.9817423806220443
76561198269041725,0,0.005280627403408289,7,0.9817423806220443
76561198258314700,0,0.00792112946510315,7,0.9817423806220443
76561197962418862,0,0.07178325206041336,7,0.9817423806220443
76561198074488515,0,0.019379589706659317,7,0.9817423806220443
76561198446989291,0,0.789404034614563,7,0.9817423806220443
76561198069005767,0,0.1594845950603485,7,0.9817423806220443
76561197971200280,0,0.11527024954557419,7,0.9817423806220443
76561199024460716,0,0.005212375894188881,7,0.9817423806220443
76561198092368397,0,0.07651570439338684,7,0.9817423806220443
76561199094803464,1,0.9909960627555847,7,0.9817423806220443
76561198219167532,0,0.1351080685853958,7,0.9817423806220443
76561199038067905,0,0.010776716284453869,7,0.9817423806220443
76561198343841714,0,0.004168739542365074,7,0.9817423806220443
76561198808600154,0,0.011536302976310253,7,0.9817423806220443
76561198192910547,0,0.021652331575751305,7,0.9817423806220443
76561198105891287,0,0.003406604053452611,7,0.9817423806220443
76561198326368744,0,0.020368630066514015,7,0.9817423806220443
76561199004685876,1,0.9918095469474792,7,0.9817423806220443
76561198817253934,0,0.18261517584323883,7,0.9817423806220443
76561199700124961,0,0.00597108481451869,7,0.9817423806220443
76561198373388182,0,0.005313737317919731,7,0.9817423806220443
76561199491035142,0,0.19981040060520172,7,0.9817423806220443
76561198447448579,0,0.0044681294821202755,7,0.9817423806220443
76561199713912692,0,0.26503267884254456,7,0.9817423806220443
76561198174004265,0,0.09556403756141663,7,0.9817423806220443
76561198039004279,0,0.021082932129502296,7,0.9817423806220443
76561199218706996,0,0.0033841354306787252,7,0.9817423806220443
76561198797622674,0,0.006353150121867657,7,0.9817423806220443
76561198816277738,0,0.005236893426626921,7,0.9817423806220443
76561198025630317,0,0.056619103997945786,7,0.9817423806220443
76561199510439042,0,0.0096952635794878,7,0.9817423806220443
76561198967179873,0,0.0072838556952774525,7,0.9817423806220443
76561198263048195,0,0.0037836849223822355,7,0.9817423806220443
76561198030760889,0,0.004316933453083038,7,0.9817423806220443
76561198986700661,0,0.007790806703269482,7,0.9817423806220443
76561198954973405,0,0.06491225957870483,7,0.9817423806220443
76561199189718366,0,0.004122582264244556,7,0.9817423806220443
76561198400756774,1,0.993294894695282,7,0.9817423806220443
76561199011025990,0,0.011169560253620148,7,0.9817423806220443
76561198811437895,0,0.012032709084451199,7,0.9817423806220443
76561198089125634,0,0.03899924457073212,7,0.9817423806220443
76561199183729389,0,0.004556083586066961,7,0.9817423806220443
76561197974936487,0,0.003909732215106487,7,0.9817423806220443
76561198236509746,0,0.005788574460893869,7,0.9817423806220443
76561198019081002,0,0.007758850697427988,7,0.9817423806220443
76561199525917522,0,0.5572943091392517,7,0.9817423806220443
76561198081143253,0,0.9657672643661499,7,0.9817423806220443
76561199011037310,0,0.44698795676231384,7,0.9817423806220443
76561198064257901,0,0.15647171437740326,7,0.9817423806220443
76561198003296516,0,0.004052064847201109,7,0.9817423806220443
76561198142011456,0,0.43413856625556946,7,0.9817423806220443
76561198318229237,0,0.2619704604148865,7,0.9817423806220443
76561198150822790,0,0.2279520183801651,7,0.9817423806220443
76561198030043517,0,0.37526726722717285,7,0.9817423806220443
76561198026844887,0,0.05170977860689163,7,0.9817423806220443
76561198008019757,0,0.01533187460154295,7,0.9817423806220443
76561197970863642,1,0.9935146570205688,7,0.9817423806220443
76561198045632942,0,0.08068381994962692,7,0.9817423806220443
76561198174651271,0,0.0034596878103911877,7,0.9817423806220443
76561198056562610,0,0.003578315954655409,7,0.9817423806220443
76561198042303959,0,0.006057757418602705,7,0.9817423806220443
76561199151069142,0,0.011570156551897526,7,0.9817423806220443
76561198335849466,0,0.004711559973657131,7,0.9817423806220443
76561199678743685,0,0.004556083586066961,7,0.9817423806220443
76561198269382783,0,0.05665586143732071,7,0.9817423806220443
76561198088854952,0,0.4687383770942688,7,0.9817423806220443
76561199090385743,0,0.0328822135925293,7,0.9817423806220443
76561198137311691,0,0.10083749890327454,7,0.9817423806220443
76561198851420085,0,0.005739288870245218,7,0.9817423806220443
76561198393395535,0,0.03918258845806122,7,0.9817423806220443
76561198379357866,0,0.22545351088047028,7,0.9817423806220443
76561198383507611,0,0.0195385180413723,7,0.9817423806220443
76561198236115868,0,0.010226858779788017,7,0.9817423806220443
76561198038602260,0,0.005442085210233927,7,0.9817423806220443
76561199021972395,0,0.3825821280479431,7,0.9817423806220443
76561198073338521,1,0.9925161004066467,7,0.9817423806220443
76561198085540498,0,0.006897524930536747,7,0.9817423806220443
76561198799237816,0,0.10652060806751251,7,0.9817423806220443
76561198253551729,0,0.06287449598312378,7,0.9817423806220443
76561198096577446,0,0.006210776977241039,7,0.9817423806220443
76561198867599286,0,0.12497425824403763,7,0.9817423806220443
76561198425590972,0,0.21728940308094025,7,0.9817423806220443
76561198002095841,0,0.0044681294821202755,7,0.9817423806220443
76561199017859089,0,0.02945888228714466,7,0.9817423806220443
76561198856977548,0,0.33278360962867737,7,0.9817423806220443
76561199032942390,0,0.006066618021577597,7,0.9817423806220443
76561198061432862,0,0.11684979498386383,7,0.9817423806220443
76561198072603901,0,0.13742195069789886,7,0.9817423806220443
76561198272310958,0,0.016559354960918427,7,0.9817423806220443
76561198028879678,0,0.033276207745075226,7,0.9817423806220443
76561198016494791,0,0.005458862986415625,7,0.9817423806220443
76561198013951848,0,0.005315269809216261,7,0.9817423806220443
76561198035700237,0,0.0061374143697321415,7,0.9817423806220443
76561198797615292,0,0.01213417761027813,7,0.9817423806220443
76561198815880500,0,0.0506746880710125,7,0.9817423806220443
76561198048911540,0,0.005481925327330828,7,0.9817423806220443
76561199037890910,0,0.7697741389274597,7,0.9817423806220443
76561198255203795,0,0.014341289177536964,7,0.9817423806220443
76561198006037583,0,0.050221074372529984,7,0.9817423806220443
76561199105492295,1,0.9571683406829834,7,0.9817423806220443
76561199334545231,0,0.003570768516510725,7,0.9817423806220443
76561198078982119,0,0.09967392683029175,7,0.9817423806220443
76561199379820726,0,0.01327786035835743,7,0.9817423806220443
76561198185288911,0,0.054862938821315765,7,0.9817423806220443
76561198385141990,0,0.6933796405792236,7,0.9817423806220443
76561198006623538,0,0.016775798052549362,7,0.9817423806220443
76561199047735945,0,0.024912439286708832,7,0.9817423806220443
76561198932688664,0,0.09862715750932693,7,0.9817423806220443
76561198272038630,0,0.004727518651634455,7,0.9817423806220443
76561198301809262,0,0.005179420579224825,7,0.9817423806220443
76561199231523612,0,0.009994624182581902,7,0.9817423806220443
76561198334368572,0,0.014416937716305256,7,0.9817423806220443
76561199490044719,0,0.003064727643504739,7,0.9817423806220443
76561199080069697,0,0.005235679447650909,7,0.9817423806220443
76561198068544685,0,0.013405571691691875,7,0.9817423806220443
76561197990669993,0,0.2607017159461975,7,0.9817423806220443
76561199240351434,0,0.004148563370108604,7,0.9817423806220443
76561199564539328,0,0.004556083586066961,7,0.9817423806220443
76561198030710524,0,0.010715663433074951,7,0.9817423806220443
76561198032554850,0,0.01293809711933136,7,0.9817423806220443
76561198014093563,0,0.8406830430030823,7,0.9817423806220443
76561198016715573,0,0.051536645740270615,7,0.9817423806220443
76561199178304283,0,0.38507530093193054,7,0.9817423806220443
76561198086571162,0,0.007670772727578878,7,0.9817423806220443
76561198284242308,0,0.0484500415623188,7,0.9817423806220443
76561199473483546,0,0.004628986585885286,7,0.9817423806220443
76561199021428691,0,0.005195742938667536,7,0.9817423806220443
76561199511688248,0,0.00512404041364789,7,0.9817423806220443
76561198043895366,0,0.009185535833239555,7,0.9817423806220443
76561198006869308,0,0.016276879236102104,7,0.9817423806220443
76561198423370979,0,0.00807266030460596,7,0.9817423806220443
76561199156606624,0,0.040975991636514664,7,0.9817423806220443
76561198135393172,0,0.003484647488221526,7,0.9817423806220443
76561198288508101,0,0.009335833601653576,7,0.9817423806220443
76561198041397234,0,0.006033493671566248,7,0.9817423806220443
76561199251283389,0,0.00881469901651144,7,0.9817423806220443
76561198381490347,0,0.003064727643504739,7,0.9817423806220443
76561199241905420,0,0.0047735185362398624,7,0.9817423806220443
76561198018738072,0,0.0871870294213295,7,0.9817423806220443
76561198400550059,0,0.015396393835544586,7,0.9817423806220443
76561198003412541,0,0.768733561038971,7,0.9817423806220443
76561197976210656,0,0.14258934557437897,7,0.9817423806220443
76561199236075116,0,0.04810258746147156,7,0.9817423806220443
76561199670886595,0,0.003403094131499529,7,0.9817423806220443
76561198372895492,0,0.0075181350111961365,7,0.9817423806220443
76561198078464682,0,0.003870556363835931,7,0.9817423806220443
76561198081897923,0,0.006103321444243193,7,0.9817423806220443
76561198048003209,0,0.003550212597474456,7,0.9817423806220443
76561199090263035,0,0.008128944784402847,7,0.9817423806220443
76561198004769763,0,0.023491177707910538,7,0.9817423806220443
76561199060162220,0,0.03303607553243637,7,0.9817423806220443
76561199079253757,0,0.0032998572569340467,7,0.9817423806220443
76561199087875625,0,0.012594659812748432,7,0.9817423806220443
76561198068181130,0,0.12001767754554749,7,0.9817423806220443
76561199101141236,0,0.011089655570685863,7,0.9817423806220443
76561198163828810,0,0.3136720657348633,7,0.9817423806220443
76561199431134008,0,0.03780296444892883,7,0.9817423806220443
76561198980680504,0,0.006270879879593849,7,0.9817423806220443
76561198324343183,0,0.020194966346025467,7,0.9817423806220443
76561198439802221,0,0.03643002361059189,7,0.9817423806220443
76561198342991197,0,0.9841132760047913,7,0.9817423806220443
76561198084393348,0,0.15655265748500824,7,0.9817423806220443
76561198104633574,0,0.31906044483184814,7,0.9817423806220443
76561198040762212,0,0.0074000367894768715,7,0.9817423806220443
76561198084071295,0,0.09505262225866318,7,0.9817423806220443
76561198090295817,0,0.3477080762386322,7,0.9817423806220443
76561199380659775,0,0.010210124775767326,7,0.9817423806220443
76561199152250404,0,0.05868832394480705,7,0.9817423806220443
76561198006338132,0,0.01171272061765194,7,0.9817423806220443
76561198066407680,0,0.006971426773816347,7,0.9817423806220443
76561198111851605,0,0.39610597491264343,7,0.9817423806220443
76561197974838061,0,0.3626441955566406,7,0.9817423806220443
76561198014236402,0,0.07743769884109497,7,0.9817423806220443
76561198171895837,0,0.003403094131499529,7,0.9817423806220443
76561198390498974,0,0.30631399154663086,7,0.9817423806220443
76561197989953960,0,0.057741325348615646,7,0.9817423806220443
76561199113398905,1,0.9671370387077332,7,0.9817423806220443
76561199015393941,0,0.41307783126831055,7,0.9817423806220443
76561198353775802,0,0.1883949190378189,7,0.9817423806220443
76561198205313207,0,0.004314749035984278,7,0.9817423806220443
76561199005709038,0,0.5845308899879456,7,0.9817423806220443
76561198094883189,0,0.18900898098945618,7,0.9817423806220443
76561198026096530,0,0.2715878486633301,7,0.9817423806220443
76561198365841903,1,0.9585105180740356,7,0.9817423806220443
76561197970367531,0,0.0058618634939193726,7,0.9817423806220443
76561198043744177,0,0.05333566665649414,7,0.9817423806220443
76561198275230534,0,0.3476482033729553,7,0.9817423806220443
76561198037769268,0,0.09296201914548874,7,0.9817423806220443
76561199241728071,0,0.7442954778671265,7,0.9817423806220443
76561199116948082,0,0.9044064879417419,7,0.9817423806220443
76561198021986444,0,0.017102094367146492,7,0.9817423806220443
76561198019696251,0,0.3390728533267975,7,0.9817423806220443
76561199039246718,0,0.9350302219390869,7,0.9817423806220443
76561198144941191,0,0.01282543409615755,7,0.9817423806220443
76561198320454301,0,0.004489164333790541,7,0.9817423806220443
76561198389668727,0,0.21214927732944489,7,0.9817423806220443
76561198807986379,0,0.007061193697154522,7,0.9817423806220443
76561199142478376,0,0.02488424815237522,7,0.9817423806220443
76561198060090844,0,0.003578315954655409,7,0.9817423806220443
76561199108773561,0,0.004363272804766893,7,0.9817423806220443
76561198169758602,0,0.28861042857170105,7,0.9817423806220443
76561198836165225,0,0.0033817060757428408,7,0.9817423806220443
76561199151473151,0,0.03307211399078369,7,0.9817423806220443
76561198337729834,0,0.025360433384776115,7,0.9817423806220443
76561197980123782,0,0.00415899557992816,7,0.9817423806220443
76561199147461528,0,0.005299179814755917,7,0.9817423806220443
76561198312115831,0,0.009264107793569565,7,0.9817423806220443
76561198272635349,0,0.003992045298218727,7,0.9817423806220443
76561199522463738,0,0.02124936878681183,7,0.9817423806220443
76561198043967259,0,0.172018900513649,7,0.9817423806220443
76561199013510060,0,0.8836420774459839,7,0.9817423806220443
76561198000052422,0,0.9800410866737366,7,0.9817423806220443
76561198081551472,0,0.7065005898475647,7,0.9817423806220443
76561199182076136,1,0.9933423399925232,7,0.9817423806220443
76561199054877679,0,0.00679414626210928,7,0.9817423806220443
76561198450110722,0,0.007348991464823484,7,0.9817423806220443
76561199206803226,0,0.03758266940712929,7,0.9817423806220443
76561198418706154,1,0.9910750389099121,7,0.9817423806220443
76561198300032171,0,0.01372398529201746,7,0.9817423806220443
76561198917753731,0,0.012592724524438381,7,0.9817423806220443
76561198330874613,0,0.006902655120939016,7,0.9817423806220443
76561199480702266,0,0.004316933453083038,7,0.9817423806220443
76561198147008411,0,0.007395750377327204,7,0.9817423806220443
76561199201747047,0,0.1925845891237259,7,0.9817423806220443
76561199177017479,0,0.014628647826611996,7,0.9817423806220443
76561199588647256,0,0.003578315954655409,7,0.9817423806220443
76561197962166025,0,0.5558604001998901,7,0.9817423806220443
76561199092905562,0,0.2807995676994324,7,0.9817423806220443
76561198229933520,0,0.04616229236125946,7,0.9817423806220443
76561198805791886,0,0.539588212966919,7,0.9817423806220443
76561199038640766,0,0.009752996265888214,7,0.9817423806220443
76561198428112167,0,0.01927773468196392,7,0.9817423806220443
76561199091135170,0,0.0075181350111961365,7,0.9817423806220443
76561198092592642,0,0.0058755818754434586,7,0.9817423806220443
76561198025294444,0,0.0074623660184443,7,0.9817423806220443
76561198119937289,0,0.02913508750498295,7,0.9817423806220443
76561198010140120,0,0.015664590522646904,7,0.9817423806220443
76561198841984507,0,0.005116214044392109,7,0.9817423806220443
76561198331611992,0,0.003578315954655409,7,0.9817423806220443
76561199270136857,0,0.04868900403380394,7,0.9817423806220443
76561198064392415,0,0.01024278998374939,7,0.9817423806220443
76561198008497272,0,0.03213878348469734,7,0.9817423806220443
76561198245405608,0,0.9172598123550415,7,0.9817423806220443
76561198012382156,0,0.003972921054810286,7,0.9817423806220443
76561197976172671,0,0.006543515250086784,7,0.9817423806220443
76561198066582689,0,0.006337089464068413,7,0.9817423806220443
76561198015225553,0,0.015048423781991005,7,0.9817423806220443
76561199026151185,0,0.004012447781860828,7,0.9817423806220443
76561198014207170,0,0.04345954954624176,7,0.9817423806220443
76561198142075232,1,0.8396109342575073,7,0.9817423806220443
76561198374743279,0,0.5391751527786255,7,0.9817423806220443
76561198128016273,0,0.1513807624578476,7,0.9817423806220443
76561198267205613,0,0.10086335986852646,7,0.9817423806220443
76561198807732514,0,0.005021097604185343,7,0.9817423806220443
76561198041374032,0,0.02305041439831257,7,0.9817423806220443
76561198107209494,0,0.0073918807320296764,7,0.9817423806220443
76561199239513065,0,0.011467743664979935,7,0.9817423806220443
76561199261174704,0,0.006822423078119755,7,0.9817423806220443
76561198993317780,1,0.9921255707740784,7,0.9817423806220443
76561198884381560,0,0.01185749564319849,7,0.9817423806220443
76561198062101724,0,0.8740664720535278,7,0.9817423806220443
76561198135878214,0,0.17224973440170288,7,0.9817423806220443
76561199210400988,0,0.0044182962737977505,7,0.9817423806220443
76561199217572729,0,0.04954294115304947,7,0.9817423806220443
76561199383063189,0,0.0625896006822586,7,0.9817423806220443
76561198165870420,0,0.09232631325721741,7,0.9817423806220443
76561198200915839,0,0.009136375971138477,7,0.9817423806220443
76561198021182198,0,0.005381562747061253,7,0.9817423806220443
76561198326494724,0,0.11824154108762741,7,0.9817423806220443
76561198994762642,0,0.25840991735458374,7,0.9817423806220443
76561199051779998,1,0.9829531908035278,7,0.9817423806220443
76561198137486135,0,0.12888236343860626,7,0.9817423806220443
76561198041710770,0,0.007203193847090006,7,0.9817423806220443
76561198984798032,0,0.09477893263101578,7,0.9817423806220443
76561198056742302,0,0.5605013370513916,7,0.9817423806220443
76561198812839620,0,0.0042879763059318066,7,0.9817423806220443
76561198040582470,0,0.03077194280922413,7,0.9817423806220443
76561198984966229,0,0.0323343351483345,7,0.9817423806220443
76561198063471798,0,0.01014809962362051,7,0.9817423806220443
76561199092018405,0,0.012902455404400826,7,0.9817423806220443
76561198041032719,0,0.00789651833474636,7,0.9817423806220443
76561198414728951,1,0.5957531332969666,7,0.9817423806220443
76561198983510343,0,0.2673532962799072,7,0.9817423806220443
76561198169287610,0,0.00845735426992178,7,0.9817423806220443
76561198250600754,0,0.07006865739822388,7,0.9817423806220443
76561198043589969,0,0.790540874004364,7,0.9817423806220443
76561198071749803,0,0.2083604484796524,7,0.9817423806220443
76561198245074458,0,0.021022936329245567,7,0.9817423806220443
76561198850951692,0,0.016848165541887283,7,0.9817423806220443
76561198115443131,0,0.3084140419960022,7,0.9817423806220443
76561198065622401,0,0.5570561289787292,7,0.9817423806220443
76561198052492653,0,0.8988069295883179,7,0.9817423806220443
76561198306413262,0,0.7673579454421997,7,0.9817423806220443
76561198132999704,0,0.025965513661503792,7,0.9817423806220443
76561198058077066,0,0.13852250576019287,7,0.9817423806220443
76561198973821566,0,0.19974660873413086,7,0.9817423806220443
76561199214276302,0,0.06270185858011246,7,0.9817423806220443
76561199191752440,0,0.009979721158742905,7,0.9817423806220443
76561199161865562,0,0.10243050009012222,7,0.9817423806220443
76561198082071103,0,0.038002125918865204,7,0.9817423806220443
76561199153922014,0,0.9567990899085999,7,0.9817423806220443
76561199097170467,0,0.9937993884086609,7,0.9817423806220443
76561199073466222,0,0.5437362790107727,7,0.9817423806220443
76561198055425937,0,0.09636449068784714,7,0.9817423806220443
76561198832689460,0,0.004076691810041666,7,0.9817423806220443
76561197976157294,0,0.21795101463794708,7,0.9817423806220443
76561199591965380,0,0.005719834938645363,7,0.9817423806220443
76561199699154880,0,0.9828736186027527,7,0.9817423806220443
76561198186654281,0,0.21166613698005676,7,0.9817423806220443
76561198357515190,0,0.0037099572364240885,7,0.9817423806220443
76561198123510194,0,0.00602248590439558,7,0.9817423806220443
76561199382622107,0,0.011458351276814938,7,0.9817423806220443
76561198115609919,0,0.004168739542365074,7,0.9817423806220443
76561199229486055,0,0.0036876213271170855,7,0.9817423806220443
76561197972376859,0,0.1222943440079689,7,0.9817423806220443
76561199128216159,0,0.016299160197377205,7,0.9817423806220443
76561197973393767,0,0.03784657642245293,7,0.9817423806220443
76561198880198629,0,0.006638737861067057,7,0.9817423806220443
76561199523771802,0,0.01191282644867897,7,0.9817423806220443
76561198021846165,0,0.4186740815639496,7,0.9817423806220443
76561198070075425,0,0.006228005979210138,7,0.9817423806220443
76561199030252976,0,0.01610873080790043,7,0.9817423806220443
76561199558458712,0,0.6482860445976257,7,0.9817423806220443
76561198032074036,0,0.007061471231281757,7,0.9817423806220443
76561198153545457,1,0.9911509156227112,7,0.9817423806220443
76561198994897602,0,0.05398281291127205,7,0.9817423806220443
76561199591263841,0,0.03617873042821884,7,0.9817423806220443
76561198959007463,0,0.00325950188562274,7,0.9817423806220443
76561199069192600,0,0.0034270738251507282,7,0.9817423806220443
76561199593072984,0,0.006010730750858784,7,0.9817423806220443
76561198329636258,0,0.3167751431465149,7,0.9817423806220443
76561199467962952,0,0.004024686757475138,7,0.9817423806220443
76561199709668001,0,0.08784151077270508,7,0.9817423806220443
76561198041156862,0,0.013905412517488003,7,0.9817423806220443
76561199232573771,0,0.030002951622009277,7,0.9817423806220443
76561198979365100,0,0.019214848056435585,7,0.9817423806220443
76561198817961870,0,0.013160835951566696,7,0.9817423806220443
76561198195963577,0,0.016182338818907738,7,0.9817423806220443
76561199386378784,0,0.003930806647986174,7,0.9817423806220443
76561199136042724,0,0.03581062704324722,7,0.9817423806220443
76561198059317445,0,0.0073061841540038586,7,0.9817423806220443
76561198318940713,0,0.08007841557264328,7,0.9817423806220443
76561199160454509,0,0.0120343416929245,7,0.9817423806220443
76561197984875946,0,0.04672442749142647,7,0.9817423806220443
76561198002041860,0,0.06871252506971359,7,0.9817423806220443
76561198016508767,0,0.004424896091222763,7,0.9817423806220443
76561198827713415,0,0.005719834938645363,7,0.9817423806220443
76561198039474253,0,0.6773138642311096,7,0.9817423806220443
76561197976685942,0,0.03148387745022774,7,0.9817423806220443
76561197971017530,0,0.29931142926216125,7,0.9817423806220443
76561198193037985,0,0.08259720355272293,7,0.9817423806220443
76561198000703525,0,0.7292281985282898,7,0.9817423806220443
76561198264706477,0,0.01617327518761158,7,0.9817423806220443
76561199050899555,0,0.14818353950977325,7,0.9817423806220443
76561198171259271,0,0.24148297309875488,7,0.9817423806220443
76561199314000675,0,0.27590811252593994,7,0.9817423806220443
76561198058143472,0,0.2841556668281555,7,0.9817423806220443
76561199649448868,0,0.029741525650024414,7,0.9817423806220443
76561198077283929,0,0.365883469581604,7,0.9817423806220443
76561198007617690,0,0.2761165201663971,7,0.9817423806220443
76561198344754528,0,0.05686433985829353,7,0.9817423806220443
76561198169397708,0,0.30823540687561035,7,0.9817423806220443
76561198027016870,0,0.21213361620903015,7,0.9817423806220443
76561198074279347,0,0.005299179814755917,7,0.9817423806220443
76561198826042738,0,0.0161739531904459,7,0.9817423806220443
76561198335046118,0,0.004281027242541313,7,0.9817423806220443
76561199068480311,0,0.004317876882851124,7,0.9817423806220443
76561198050764283,0,0.020484991371631622,7,0.9817423806220443
76561198376228262,0,0.10643254965543747,7,0.9817423806220443
76561199473766867,0,0.1276669055223465,7,0.9817423806220443
76561198014092954,0,0.022854594513773918,7,0.9817423806220443
76561199430255459,0,0.03644820675253868,7,0.9817423806220443
76561199157071722,0,0.004556083586066961,7,0.9817423806220443
76561199205360838,0,0.9939123392105103,7,0.9817423806220443
76561198032863422,0,0.005299179814755917,7,0.9817423806220443
76561199128448784,0,0.11382639408111572,7,0.9817423806220443
76561198138759905,1,0.9638271331787109,7,0.9817423806220443
76561198970279296,1,0.9941377639770508,7,0.9817423806220443
76561198134916582,0,0.08634908497333527,7,0.9817423806220443
76561198248029964,0,0.08541300892829895,7,0.9817423806220443
76561198074933169,0,0.7303128242492676,7,0.9817423806220443
76561199485591144,0,0.014915944077074528,7,0.9817423806220443
76561199078072716,0,0.008045614697039127,7,0.9817423806220443
76561198108904248,0,0.0142732635140419,7,0.9817423806220443
76561199194679403,0,0.014672324061393738,7,0.9817423806220443
76561199143322657,0,0.29166316986083984,7,0.9817423806220443
76561199051010481,0,0.01657317578792572,7,0.9817423806220443
76561198043170748,0,0.024429088458418846,7,0.9817423806220443
76561198870518785,0,0.009351629763841629,7,0.9817423806220443
76561198147630379,0,0.0077537717297673225,7,0.9817423806220443
76561198364002848,0,0.03367772325873375,7,0.9817423806220443
76561198843104845,0,0.3281596302986145,7,0.9817423806220443
76561199752902837,0,0.003550212597474456,7,0.9817423806220443
76561199548978099,0,0.004651912022382021,7,0.9817423806220443
76561199161295217,0,0.0043294173665344715,7,0.9817423806220443
76561198035772827,0,0.05996859073638916,7,0.9817423806220443
76561197976039235,0,0.007486286573112011,7,0.9817423806220443
76561198167292885,0,0.006204231642186642,7,0.9817423806220443
76561199121687716,0,0.003814211580902338,7,0.9817423806220443
76561198125648449,0,0.006523292977362871,7,0.9817423806220443
76561198802578164,0,0.040507543832063675,7,0.9817423806220443
76561199234196683,0,0.1955185830593109,7,0.9817423806220443
76561198099636518,0,0.040307823568582535,7,0.9817423806220443
76561198798940149,0,0.013171751983463764,7,0.9817423806220443
76561198121898724,0,0.011636640876531601,7,0.9817423806220443
76561198203172286,0,0.9928192496299744,7,0.9817423806220443
76561197983975490,0,0.8019514679908752,7,0.9817423806220443
76561198327599338,0,0.0042290766723454,7,0.9817423806220443
76561198054222567,0,0.02897086925804615,7,0.9817423806220443
76561199029685872,0,0.07134027034044266,7,0.9817423806220443
76561198142913555,0,0.1250312328338623,7,0.9817423806220443
76561197978005594,0,0.008577964268624783,7,0.9817423806220443
76561198039222682,0,0.003959691151976585,7,0.9817423806220443
76561198030749205,0,0.07008245587348938,7,0.9817423806220443
76561197989132584,0,0.9495667219161987,7,0.9817423806220443
76561199028467240,0,0.003403094131499529,7,0.9817423806220443
76561198013998125,0,0.04116877168416977,7,0.9817423806220443
76561199484725135,0,0.003064727643504739,7,0.9817423806220443
76561198125241395,0,0.11380890756845474,7,0.9817423806220443
76561198988891582,0,0.017178021371364594,7,0.9817423806220443
76561197987237149,0,0.16324661672115326,7,0.9817423806220443
76561197992010531,0,0.0034600135404616594,7,0.9817423806220443
76561198040002765,0,0.00505546061322093,7,0.9817423806220443
76561199778342121,0,0.1321415901184082,7,0.9817423806220443
76561199018006406,0,0.003578315954655409,7,0.9817423806220443
76561198258113070,0,0.05302803963422775,7,0.9817423806220443
76561198853214333,0,0.004168739542365074,7,0.9817423806220443
76561198985735916,0,0.006430834997445345,7,0.9817423806220443
76561198355156827,0,0.009957662783563137,7,0.9817423806220443
76561198071215961,0,0.06404735893011093,7,0.9817423806220443
76561198353640029,0,0.16448253393173218,7,0.9817423806220443
76561198801817931,0,0.40355294942855835,7,0.9817423806220443
76561199473381567,0,0.007090117782354355,7,0.9817423806220443
76561198044853203,0,0.028740234673023224,7,0.9817423806220443
76561198018847029,0,0.012156671844422817,7,0.9817423806220443
76561198138652033,0,0.9819450378417969,7,0.9817423806220443
76561198003344642,0,0.019205639138817787,7,0.9817423806220443
76561198159865917,0,0.16334828734397888,7,0.9817423806220443
76561199100677055,1,0.9926154613494873,7,0.9817423806220443
76561199011421844,0,0.4885738790035248,7,0.9817423806220443
76561197965605638,0,0.006612767465412617,7,0.9817423806220443
76561198853016163,0,0.11887957900762558,7,0.9817423806220443
76561198210345777,0,0.005556018091738224,7,0.9817423806220443
76561198011682505,0,0.41930973529815674,7,0.9817423806220443
76561198925231495,0,0.010557679459452629,7,0.9817423806220443
76561199096963542,0,0.012834878638386726,7,0.9817423806220443
76561199810797856,0,0.00398260448127985,7,0.9817423806220443
76561198128714200,0,0.991251528263092,7,0.9817423806220443
76561198369682331,1,0.9932796359062195,7,0.9817423806220443
76561198072896758,0,0.6768277287483215,7,0.9817423806220443
76561197966775517,0,0.6053189635276794,7,0.9817423806220443
76561198134807448,0,0.03741315379738808,7,0.9817423806220443
76561198245111288,0,0.9689823389053345,7,0.9817423806220443
76561198123974541,0,0.9188808798789978,7,0.9817423806220443
76561198034326803,0,0.07341046631336212,7,0.9817423806220443
76561198833766028,1,0.5206928253173828,7,0.9817423806220443
76561198119422193,0,0.3405405879020691,7,0.9817423806220443
76561198354201520,0,0.006436748430132866,7,0.9817423806220443
76561198126640249,0,0.0052474495023489,7,0.9817423806220443
76561199105674696,0,0.008222682401537895,7,0.9817423806220443
76561197998685206,0,0.9238991737365723,7,0.9817423806220443
76561198332170836,1,0.965522825717926,7,0.9817423806220443
76561198052326812,0,0.024883508682250977,7,0.9817423806220443
76561198321778616,0,0.0076833451166749,7,0.9817423806220443
76561197990136507,0,0.02161778137087822,7,0.9817423806220443
76561198821398865,0,0.051254838705062866,7,0.9817423806220443
76561199110197807,0,0.2898784279823303,7,0.9817423806220443
76561198815128322,0,0.029976313933730125,7,0.9817423806220443
76561198846870689,0,0.005561482161283493,7,0.9817423806220443
76561198395830365,0,0.45878681540489197,7,0.9817423806220443
76561199020693896,0,0.01833401434123516,7,0.9817423806220443
76561198048959811,0,0.17115411162376404,7,0.9817423806220443
76561199445099475,1,0.17834901809692383,7,0.9817423806220443
76561198162199307,0,0.05280398204922676,7,0.9817423806220443
76561198323935443,0,0.031313423067331314,7,0.9817423806220443
76561198070554733,0,0.025224363431334496,7,0.9817423806220443
76561198392770202,0,0.06453010439872742,7,0.9817423806220443
76561198123656229,1,0.21037565171718597,7,0.9817423806220443
76561198177416001,1,0.9927934408187866,7,0.9817423806220443
76561198812585903,0,0.331462025642395,7,0.9817423806220443
76561198127347050,0,0.004342142958194017,7,0.9817423806220443
76561198314565370,0,0.8995996117591858,7,0.9817423806220443
76561199036911737,0,0.004486211575567722,7,0.9817423806220443
76561199477213048,0,0.07289150357246399,7,0.9817423806220443
76561198441131653,0,0.2123308926820755,7,0.9817423806220443
76561198312930465,0,0.4731418490409851,7,0.9817423806220443
76561198111175602,0,0.004664766136556864,7,0.9817423806220443
76561199648647292,0,0.46829527616500854,7,0.9817423806220443
76561197963388242,0,0.20964482426643372,7,0.9817423806220443
76561199239763332,0,0.01557588018476963,7,0.9817423806220443
76561199101585220,0,0.12270870059728622,7,0.9817423806220443
76561199137671387,0,0.005719834938645363,7,0.9817423806220443
76561199238566982,0,0.1358596682548523,7,0.9817423806220443
76561199122472956,0,0.6349748969078064,7,0.9817423806220443
76561198039094510,0,0.009592168964445591,7,0.9817423806220443
76561199646249243,0,0.027322014793753624,7,0.9817423806220443
76561198067281338,0,0.011583889834582806,7,0.9817423806220443
76561199545039944,1,0.9918122291564941,7,0.9817423806220443
76561198005700671,0,0.08364368230104446,7,0.9817423806220443
76561199441100566,0,0.025987956672906876,7,0.9817423806220443
76561198017115715,0,0.01131527405232191,7,0.9817423806220443
76561199102326475,0,0.006695184390991926,7,0.9817423806220443
76561199097535758,0,0.00309914443641901,7,0.9817423806220443
76561198111934069,0,0.010324399918317795,7,0.9817423806220443
76561199096758719,0,0.00822761096060276,7,0.9817423806220443
76561199009743280,0,0.003550212597474456,7,0.9817423806220443
76561199099540433,0,0.03120410069823265,7,0.9817423806220443
76561199405504628,0,0.004474366083741188,7,0.9817423806220443
76561198033236537,0,0.07800915837287903,7,0.9817423806220443
76561198798279141,0,0.006902655120939016,7,0.9817423806220443
76561198344342787,0,0.0057649458758533,7,0.9817423806220443
76561198383541842,0,0.0034270738251507282,7,0.9817423806220443
76561198837885648,0,0.16828468441963196,7,0.9817423806220443
76561198863958718,0,0.5858117938041687,7,0.9817423806220443
76561199387337084,0,0.030286921188235283,7,0.9817423806220443
76561198122503180,0,0.00484683969989419,7,0.9817423806220443
76561198289640054,0,0.0329199843108654,7,0.9817423806220443
76561198858055259,0,0.6217924356460571,7,0.9817423806220443
76561198149748234,0,0.006782115902751684,7,0.9817423806220443
76561198353648945,0,0.006102205254137516,7,0.9817423806220443
76561198109002122,0,0.9432546496391296,7,0.9817423806220443
76561198049402514,0,0.44185128808021545,7,0.9817423806220443
76561198044181126,0,0.023694027215242386,7,0.9817423806220443
76561199587536328,0,0.48640772700309753,7,0.9817423806220443
76561199233546686,0,0.44827139377593994,7,0.9817423806220443
76561198008194392,0,0.32800185680389404,7,0.9817423806220443
76561198050244303,0,0.025232883170247078,7,0.9817423806220443
76561198116866271,0,0.003403094131499529,7,0.9817423806220443
76561198066069522,0,0.01045377366244793,7,0.9817423806220443
76561198359388199,0,0.9288550615310669,7,0.9817423806220443
76561198116417915,0,0.03843455761671066,7,0.9817423806220443
76561198079375754,0,0.0067207226529717445,7,0.9817423806220443
76561198442365554,0,0.05342261865735054,7,0.9817423806220443
76561199563593165,0,0.26188090443611145,7,0.9817423806220443
76561198097093129,0,0.35647475719451904,7,0.9817423806220443
76561197969814897,0,0.20335476100444794,7,0.9817423806220443
76561199141324747,0,0.0033347539138048887,7,0.9817423806220443
76561198326628189,0,0.2532150447368622,7,0.9817423806220443
76561198201310874,0,0.09112709760665894,7,0.9817423806220443
76561198022994400,0,0.8405205607414246,7,0.9817423806220443
76561198274018496,0,0.004257327411323786,7,0.9817423806220443
76561199097477096,0,0.02138971909880638,7,0.9817423806220443
76561198397625754,0,0.6939237117767334,7,0.9817423806220443
76561199505583733,0,0.005546217784285545,7,0.9817423806220443
76561197992175635,0,0.007787290494889021,7,0.9817423806220443
76561198253468409,0,0.08552911877632141,7,0.9817423806220443
76561199548093425,0,0.04436402767896652,7,0.9817423806220443
76561199101826265,0,0.006252922583371401,7,0.9817423806220443
76561198062455934,0,0.6574154496192932,7,0.9817423806220443
76561199093234255,0,0.01551682036370039,7,0.9817423806220443
76561197977899230,0,0.013081161305308342,7,0.9817423806220443
76561198929018524,0,0.01571251079440117,7,0.9817423806220443
76561198051602443,0,0.04380004107952118,7,0.9817423806220443
76561198036301228,0,0.00546563183888793,7,0.9817423806220443
76561199234642704,0,0.004332719370722771,7,0.9817423806220443
76561199484495204,0,0.3624265491962433,7,0.9817423806220443
76561199545611861,0,0.004168739542365074,7,0.9817423806220443
76561199066175466,0,0.017549583688378334,7,0.9817423806220443
76561199258007216,0,0.17840757966041565,7,0.9817423806220443
76561198392464429,0,0.9669246673583984,7,0.9817423806220443
76561199030772719,0,0.030109994113445282,7,0.9817423806220443
76561199018312962,0,0.0032197379041463137,7,0.9817423806220443
76561198871027277,0,0.0042879763059318066,7,0.9817423806220443
76561198058242462,0,0.8279825448989868,7,0.9817423806220443
76561198044885281,0,0.10317292809486389,7,0.9817423806220443
76561198052676157,0,0.004706998355686665,7,0.9817423806220443
76561198826165380,0,0.011205962859094143,7,0.9817423806220443
76561197993634436,0,0.8035484552383423,7,0.9817423806220443
76561199788393993,0,0.004708573687821627,7,0.9817423806220443
76561198047416060,0,0.041593704372644424,7,0.9817423806220443
76561199157150527,0,0.2031395137310028,7,0.9817423806220443
76561198043486390,0,0.0045760623179376125,7,0.9817423806220443
76561198003404390,0,0.0047233072109520435,7,0.9817423806220443
76561199445908233,0,0.03336090222001076,7,0.9817423806220443
76561198303822207,0,0.11866018176078796,7,0.9817423806220443
76561198163582312,0,0.005299179814755917,7,0.9817423806220443
76561198280769752,0,0.986362874507904,7,0.9817423806220443
76561198334578810,0,0.004918999038636684,7,0.9817423806220443
76561198986188911,0,0.008128944784402847,7,0.9817423806220443
76561198057849208,0,0.01977548934519291,7,0.9817423806220443
76561198009211611,0,0.006739132571965456,7,0.9817423806220443
76561199040629445,0,0.04895160347223282,7,0.9817423806220443
76561198871798602,0,0.0034195403568446636,7,0.9817423806220443
76561198389054666,0,0.013346417807042599,7,0.9817423806220443
76561197961444206,0,0.018019728362560272,7,0.9817423806220443
76561199142838158,0,0.19556459784507751,7,0.9817423806220443
76561198135832491,0,0.007353946100920439,7,0.9817423806220443
76561199227598283,0,0.04459765553474426,7,0.9817423806220443
76561199241140631,0,0.007519647013396025,7,0.9817423806220443
76561198263019735,0,0.003820953657850623,7,0.9817423806220443
76561198025169762,0,0.05283111706376076,7,0.9817423806220443
76561198438975447,0,0.004076691810041666,7,0.9817423806220443
76561198059986830,0,0.15132884681224823,7,0.9817423806220443
76561198280146264,0,0.016834793612360954,7,0.9817423806220443
76561199591564416,0,0.029564151540398598,7,0.9817423806220443
76561198048534364,0,0.005537109915167093,7,0.9817423806220443
76561198219028877,0,0.024771515280008316,7,0.9817423806220443
76561198889132705,0,0.005471048876643181,7,0.9817423806220443
76561199158509409,0,0.006404288578778505,7,0.9817423806220443
76561198148361854,0,0.1494801789522171,7,0.9817423806220443
76561198071273055,0,0.020610373467206955,7,0.9817423806220443
76561199076507438,0,0.004251779988408089,7,0.9817423806220443
76561198229038436,0,0.003403094131499529,7,0.9817423806220443
76561197970208337,0,0.02386135794222355,7,0.9817423806220443
76561198027954102,0,0.023781592026352882,7,0.9817423806220443
76561198011848943,0,0.0039034492801874876,7,0.9817423806220443
76561198919042550,0,0.00531930522993207,7,0.9817423806220443
76561198799714767,0,0.03014252707362175,7,0.9817423806220443
76561198981952002,0,0.02678060717880726,7,0.9817423806220443
76561198116090777,0,0.03738529235124588,7,0.9817423806220443
76561198149358828,0,0.006142430938780308,7,0.9817423806220443
76561199079284163,0,0.003861874109134078,7,0.9817423806220443
76561198092636688,0,0.04753134772181511,7,0.9817423806220443
76561198002872326,0,0.007104106713086367,7,0.9817423806220443
76561198819565190,0,0.05134112015366554,7,0.9817423806220443
76561199080153606,0,0.016689829528331757,7,0.9817423806220443
76561198799197237,0,0.007493354845792055,7,0.9817423806220443
76561198343046762,0,0.004076691810041666,7,0.9817423806220443
76561199086203798,0,0.006636552978307009,7,0.9817423806220443
76561198803998466,0,0.018317218869924545,7,0.9817423806220443
76561198165995780,0,0.02806253544986248,7,0.9817423806220443
76561198997235290,0,0.9859128594398499,7,0.9817423806220443
76561198047160036,0,0.25038284063339233,7,0.9817423806220443
76561198012330244,0,0.02969939447939396,7,0.9817423806220443
76561198399152182,0,0.004640515893697739,7,0.9817423806220443
76561199235260788,0,0.23623116314411163,7,0.9817423806220443
76561198044301648,0,0.36923491954803467,7,0.9817423806220443
76561199082600859,0,0.007586023770272732,7,0.9817423806220443
76561199065894426,0,0.23072965443134308,7,0.9817423806220443
76561197998895661,0,0.18910172581672668,7,0.9817423806220443
76561197970686042,1,0.9601978063583374,7,0.9817423806220443
76561198940837454,0,0.38782572746276855,7,0.9817423806220443
76561198864844269,0,0.014046949334442616,7,0.9817423806220443
76561198333238779,1,0.9938099980354309,7,0.9817423806220443
76561198002908245,0,0.9413285255432129,7,0.9817423806220443
76561198801390827,0,0.010324868373572826,7,0.9817423806220443
76561199156576115,0,0.06876698136329651,7,0.9817423806220443
76561198288285168,0,0.46639469265937805,7,0.9817423806220443
76561198166256841,0,0.3455413579940796,7,0.9817423806220443
76561199471439488,0,0.00940233375877142,7,0.9817423806220443
76561198015714043,0,0.006922144442796707,7,0.9817423806220443
76561198382840651,0,0.15135332942008972,7,0.9817423806220443
76561198130953504,0,0.2921496629714966,7,0.9817423806220443
76561198085900639,0,0.2747340202331543,7,0.9817423806220443
76561198002255491,0,0.135440394282341,7,0.9817423806220443
76561198074323496,1,0.4260633587837219,7,0.9817423806220443
76561197999430116,0,0.7162624597549438,7,0.9817423806220443
76561198235957984,0,0.3567490577697754,7,0.9817423806220443
76561198043704604,0,0.9329098463058472,7,0.9817423806220443
76561198138624332,0,0.07048095762729645,7,0.9817423806220443
76561199127579178,0,0.9799857139587402,7,0.9817423806220443
76561198805170278,0,0.009173978120088577,7,0.9817423806220443
76561198263751082,0,0.0061327568255364895,7,0.9817423806220443
76561198203108231,0,0.0655374675989151,7,0.9817423806220443
76561199137919828,0,0.003281728597357869,7,0.9817423806220443
76561198401232349,1,0.8885542750358582,7,0.9817423806220443
76561197996280350,0,0.024951010942459106,7,0.9817423806220443
76561198364504869,0,0.005126597825437784,7,0.9817423806220443
76561198088335138,0,0.25871050357818604,7,0.9817423806220443
76561198004412370,0,0.013464164920151234,7,0.9817423806220443
76561198062135286,0,0.012593294493854046,7,0.9817423806220443
76561198017592374,0,0.029153745621442795,7,0.9817423806220443
76561198018727501,0,0.9902262091636658,7,0.9817423806220443
76561197965633749,0,0.26303771138191223,7,0.9817423806220443
76561198994301768,0,0.7437688112258911,7,0.9817423806220443
76561198353178758,0,0.3268977701663971,7,0.9817423806220443
76561198977774082,0,0.004831808153539896,7,0.9817423806220443
76561198103009534,0,0.025279972702264786,7,0.9817423806220443
76561198204438740,0,0.1452833116054535,7,0.9817423806220443
76561198001209376,0,0.027189379557967186,7,0.9817423806220443
76561198143876871,0,0.004277101717889309,7,0.9817423806220443
76561199467744799,0,0.014450812712311745,7,0.9817423806220443
76561198022351992,0,0.0111229307949543,7,0.9817423806220443
76561199626235153,0,0.19147127866744995,7,0.9817423806220443
76561199135253601,0,0.02374814823269844,7,0.9817423806220443
76561198010226900,0,0.004563719034194946,7,0.9817423806220443
76561199729988994,0,0.12059807777404785,7,0.9817423806220443
76561198253708709,0,0.018708374351263046,7,0.9817423806220443
76561198090302092,0,0.010206674225628376,7,0.9817423806220443
76561198946362217,0,0.007115247659385204,7,0.9817423806220443
76561198134345448,0,0.0032989270985126495,7,0.9817423806220443
76561199355118556,0,0.00798887200653553,7,0.9817423806220443
76561197974945231,0,0.050667278468608856,7,0.9817423806220443
76561199214164470,1,0.015106558799743652,7,0.9817423806220443
76561199021443059,0,0.003403094131499529,7,0.9817423806220443
76561198052821719,0,0.4362814128398895,7,0.9817423806220443
76561199652362140,0,0.38068515062332153,7,0.9817423806220443
76561197961481555,0,0.006016830448061228,7,0.9817423806220443
76561199736086879,0,0.006770305335521698,7,0.9817423806220443
76561198240366184,0,0.0039519332349300385,7,0.9817423806220443
76561199421425177,0,0.026613038033246994,7,0.9817423806220443
76561198891916257,0,0.03346477076411247,7,0.9817423806220443
76561198152938503,0,0.008153063245117664,7,0.9817423806220443
76561199182644896,0,0.012207522988319397,7,0.9817423806220443
76561198212495331,0,0.004451789427548647,7,0.9817423806220443
76561198058478761,0,0.004890726413577795,7,0.9817423806220443
76561199009289769,0,0.03995228931307793,7,0.9817423806220443
76561198138526925,0,0.004696279298514128,7,0.9817423806220443
76561199229756155,0,0.009029132314026356,7,0.9817423806220443
76561199047302335,0,0.0037875676061958075,7,0.9817423806220443
76561198054656765,0,0.003959990106523037,7,0.9817423806220443
76561198928784368,0,0.009237751364707947,7,0.9817423806220443
76561197993230316,0,0.007776947692036629,7,0.9817423806220443
76561198092508183,0,0.003997400868684053,7,0.9817423806220443
76561199039362082,0,0.07210631668567657,7,0.9817423806220443
76561199380917701,0,0.004893948789685965,7,0.9817423806220443
76561198182011441,0,0.021333586424589157,7,0.9817423806220443
76561199200000389,0,0.9102084040641785,7,0.9817423806220443
76561198276153322,0,0.00679414626210928,7,0.9817423806220443
76561198007609146,0,0.014868363738059998,7,0.9817423806220443
76561198264745757,0,0.024417677894234657,7,0.9817423806220443
76561198263243759,0,0.7839556932449341,7,0.9817423806220443
76561198350990199,0,0.4624640643596649,7,0.9817423806220443
76561198401815493,0,0.23780176043510437,7,0.9817423806220443
76561198057390953,0,0.10163910686969757,7,0.9817423806220443
76561198082849686,0,0.27655431628227234,7,0.9817423806220443
76561199122434988,1,0.9905790686607361,7,0.9817423806220443
76561197981000155,1,0.9712725281715393,7,0.9817423806220443
76561199433622923,0,0.023289483040571213,7,0.9817423806220443
76561198307087140,0,0.017812548205256462,7,0.9817423806220443
76561198256498943,0,0.47018787264823914,7,0.9817423806220443
76561198107207358,0,0.1407700926065445,7,0.9817423806220443
76561198848336263,0,0.06139422208070755,7,0.9817423806220443
76561198056050827,0,0.8656197786331177,7,0.9817423806220443
76561198079289163,0,0.5635315775871277,7,0.9817423806220443
76561198056197016,0,0.08883632719516754,7,0.9817423806220443
76561198870148279,0,0.0522947683930397,7,0.9817423806220443
76561198018701636,0,0.36868196725845337,7,0.9817423806220443
76561198158695084,0,0.02732531540095806,7,0.9817423806220443
76561198078891853,0,0.7172282338142395,7,0.9817423806220443
76561197978732246,0,0.03434992581605911,7,0.9817423806220443
76561198110849101,0,0.365672767162323,7,0.9817423806220443
76561198196106959,0,0.0034081193152815104,7,0.9817423806220443
76561198048475234,0,0.4325565695762634,7,0.9817423806220443
76561199052113999,0,0.08985159546136856,7,0.9817423806220443
76561199062493866,0,0.3252653479576111,7,0.9817423806220443
76561198128270716,0,0.45470723509788513,7,0.9817423806220443
76561198344540285,1,0.9905677437782288,7,0.9817423806220443
76561198066597147,0,0.03126562386751175,7,0.9817423806220443
76561199563476954,0,0.19347064197063446,7,0.9817423806220443
76561199138052873,0,0.1263274997472763,7,0.9817423806220443
76561198824531797,0,0.007069114595651627,7,0.9817423806220443
76561198131981594,0,0.0555499792098999,7,0.9817423806220443
76561198142325259,0,0.03063051588833332,7,0.9817423806220443
76561199225622347,0,0.00532306544482708,7,0.9817423806220443
76561199162834688,0,0.00821018684655428,7,0.9817423806220443
76561198161991067,0,0.0038328131195157766,7,0.9817423806220443
76561198269505171,0,0.09981030225753784,7,0.9817423806220443
76561198294754016,0,0.05287693440914154,7,0.9817423806220443
76561198885372625,0,0.20328858494758606,7,0.9817423806220443
76561198975020372,0,0.06180194392800331,7,0.9817423806220443
76561199175322424,0,0.020698845386505127,7,0.9817423806220443
76561198364626556,0,0.01152016595005989,7,0.9817423806220443
76561198004841594,0,0.017862804234027863,7,0.9817423806220443
76561198067196161,0,0.003408187534660101,7,0.9817423806220443
76561198072741448,1,0.983290433883667,7,0.9817423806220443
76561199123242313,0,0.056100402027368546,7,0.9817423806220443
76561198359936125,0,0.00422480795532465,7,0.9817423806220443
76561198312420360,0,0.6918594241142273,7,0.9817423806220443
76561199208220387,0,0.14142419397830963,7,0.9817423806220443
76561198170145615,0,0.004019674379378557,7,0.9817423806220443
76561198060096923,0,0.0033347539138048887,7,0.9817423806220443
76561198164747925,0,0.03318741172552109,7,0.9817423806220443
76561199003541072,0,0.4332417845726013,7,0.9817423806220443
76561199019100313,0,0.004168739542365074,7,0.9817423806220443
76561198005720534,0,0.0254287738353014,7,0.9817423806220443
76561199074628283,0,0.013207221403717995,7,0.9817423806220443
76561198208254220,0,0.03409254178404808,7,0.9817423806220443
76561199033615375,0,0.10848551988601685,7,0.9817423806220443
76561198003472033,1,0.9835925102233887,7,0.9817423806220443
76561198098138052,0,0.022903773933649063,7,0.9817423806220443
76561198843247267,0,0.011136208660900593,7,0.9817423806220443
76561198080042756,0,0.3446744680404663,7,0.9817423806220443
76561199119324581,0,0.01714629866182804,7,0.9817423806220443
76561199004046569,0,0.08319178223609924,7,0.9817423806220443
76561199401715436,0,0.008174986578524113,7,0.9817423806220443
76561199239658261,0,0.005072648636996746,7,0.9817423806220443
76561199070294668,0,0.004043306689709425,7,0.9817423806220443
76561199518506331,0,0.008842084556818008,7,0.9817423806220443
76561198158421345,0,0.5007407069206238,7,0.9817423806220443
76561199201619509,0,0.0066301776096224785,7,0.9817423806220443
76561198021784793,0,0.003343879245221615,7,0.9817423806220443
76561199553253613,0,0.008373846299946308,7,0.9817423806220443
76561198012235500,0,0.05260409787297249,7,0.9817423806220443
76561198841725050,0,0.00801039021462202,7,0.9817423806220443
76561197968849535,0,0.012893512845039368,7,0.9817423806220443
76561198150771765,0,0.01081852987408638,7,0.9817423806220443
76561198136499366,0,0.007519647013396025,7,0.9817423806220443
76561198309011739,0,0.0038074341136962175,7,0.9817423806220443
76561199046784975,0,0.05617886409163475,7,0.9817423806220443
76561199122300851,0,0.006269316654652357,7,0.9817423806220443
76561199467170110,0,0.003944552503526211,7,0.9817423806220443
76561198262083936,0,0.010624384507536888,7,0.9817423806220443
76561199081334981,0,0.003403094131499529,7,0.9817423806220443
76561198880301252,0,0.9692205786705017,7,0.9817423806220443
76561198142465277,0,0.09451740235090256,7,0.9817423806220443
76561198094549899,0,0.023622462525963783,7,0.9817423806220443
76561198216706071,0,0.16938138008117676,7,0.9817423806220443
76561197985056408,0,0.020482497289776802,7,0.9817423806220443
76561198107366084,0,0.01260551530867815,7,0.9817423806220443
76561198994723470,0,0.9800715446472168,7,0.9817423806220443
76561198076315762,0,0.40465518832206726,7,0.9817423806220443
76561199111477246,0,0.005138862878084183,7,0.9817423806220443
76561198159731298,0,0.2657734453678131,7,0.9817423806220443
76561198061642922,0,0.39549875259399414,7,0.9817423806220443
76561198047158957,0,0.5773335695266724,7,0.9817423806220443
76561198006141576,0,0.6460549831390381,7,0.9817423806220443
76561199345873704,0,0.0035033500753343105,7,0.9817423806220443
76561199011159566,0,0.008261931128799915,7,0.9817423806220443
76561199099063011,0,0.11443418264389038,7,0.9817423806220443
76561198441727403,0,0.022432873025536537,7,0.9817423806220443
76561198002545389,1,0.9934483170509338,7,0.9817423806220443
76561198003419888,0,0.0052855671383440495,7,0.9817423806220443
76561199005055114,0,0.42462578415870667,7,0.9817423806220443
76561198323755201,0,0.003933966159820557,7,0.9817423806220443
76561198269017813,0,0.017551425844430923,7,0.9817423806220443
76561198451842091,0,0.03189284726977348,7,0.9817423806220443
76561198008542410,0,0.553593635559082,7,0.9817423806220443
76561198960034338,0,0.012056664563715458,7,0.9817423806220443
76561198096347607,1,0.9928063154220581,7,0.9817423806220443
76561198081201071,0,0.5323529243469238,7,0.9817423806220443
76561197986008174,0,0.3673020899295807,7,0.9817423806220443
76561198052874889,0,0.009724149480462074,7,0.9817423806220443
76561199121750221,0,0.019742734730243683,7,0.9817423806220443
76561198161517685,0,0.004684105049818754,7,0.9817423806220443
76561198923920683,0,0.9860904216766357,7,0.9817423806220443
76561199199361098,0,0.11847802251577377,7,0.9817423806220443
76561198239817994,0,0.11102907359600067,7,0.9817423806220443
76561198333849636,0,0.9725081324577332,7,0.9817423806220443
76561198122772727,0,0.004329783376306295,7,0.9817423806220443
76561198244906930,0,0.012219846248626709,7,0.9817423806220443
76561198850819844,0,0.16976118087768555,7,0.9817423806220443
76561198254068981,0,0.0042879763059318066,7,0.9817423806220443
76561198128465672,0,0.05817382037639618,7,0.9817423806220443
76561198016887995,0,0.029480336233973503,7,0.9817423806220443
76561198312381317,0,0.0042909374460577965,7,0.9817423806220443
76561198373175711,0,0.03980181738734245,7,0.9817423806220443
76561197992889377,0,0.028604719787836075,7,0.9817423806220443
76561198173068709,0,0.13122723996639252,7,0.9817423806220443
76561199107913370,0,0.03237432613968849,7,0.9817423806220443
76561198336507701,0,0.15021809935569763,7,0.9817423806220443
76561197976766657,0,0.15614968538284302,7,0.9817423806220443
76561198048001268,0,0.02797984704375267,7,0.9817423806220443
76561198101950763,0,0.003403094131499529,7,0.9817423806220443
76561198068829476,0,0.010173560120165348,7,0.9817423806220443
76561198987941729,0,0.009144598618149757,7,0.9817423806220443
76561198045112414,0,0.030072787776589394,7,0.9817423806220443
76561198008416819,0,0.017804421484470367,7,0.9817423806220443
76561199466053688,0,0.014480432495474815,7,0.9817423806220443
76561199215355817,0,0.05300173908472061,7,0.9817423806220443
76561198145316094,0,0.02609901688992977,7,0.9817423806220443
76561198908747181,0,0.2099335640668869,7,0.9817423806220443
76561199131593703,0,0.06944631040096283,7,0.9817423806220443
76561198317428555,0,0.010748873464763165,7,0.9817423806220443
76561198885554524,0,0.03584939241409302,7,0.9817423806220443
76561199036065616,0,0.010682246647775173,7,0.9817423806220443
76561199389106857,0,0.7979594469070435,7,0.9817423806220443
76561198275825258,0,0.005424270406365395,7,0.9817423806220443
76561198215614923,0,0.05319654941558838,7,0.9817423806220443
76561197968579399,0,0.008304303511977196,7,0.9817423806220443
76561199021390839,0,0.43703606724739075,7,0.9817423806220443
76561199080884105,0,0.0038643162697553635,7,0.9817423806220443
76561198259345546,0,0.006365340668708086,7,0.9817423806220443
76561198848058220,0,0.008659972809255123,7,0.9817423806220443
76561199221885368,1,0.980593204498291,7,0.9817423806220443
76561198052248094,0,0.04058064892888069,7,0.9817423806220443
76561198298356372,0,0.008669008500874043,7,0.9817423806220443
76561198872793235,0,0.02278241515159607,7,0.9817423806220443
76561198090363586,0,0.03383705019950867,7,0.9817423806220443
76561199061635054,0,0.012553204782307148,7,0.9817423806220443
76561198132607913,0,0.0040907589718699455,7,0.9817423806220443
76561198136795692,0,0.038914915174245834,7,0.9817423806220443
76561197997808529,0,0.006831704638898373,7,0.9817423806220443
76561197997965891,0,0.004769166931509972,7,0.9817423806220443
76561197966792020,0,0.017657801508903503,7,0.9817423806220443
76561198259490931,0,0.007448224816471338,7,0.9817423806220443
76561198081886027,0,0.013387331739068031,7,0.9817423806220443
76561199062304029,0,0.003444194793701172,7,0.9817423806220443
76561198326868482,0,0.012691385112702847,7,0.9817423806220443
76561198051310208,0,0.053257543593645096,7,0.9817423806220443
76561199040276364,0,0.004037333652377129,7,0.9817423806220443
76561199212323162,0,0.004933950025588274,7,0.9817423806220443
76561198262217655,0,0.005848534870892763,7,0.9817423806220443
76561197992929394,0,0.2967192232608795,7,0.9817423806220443
76561198432434441,0,0.12191960215568542,7,0.9817423806220443
76561198285708404,0,0.08626952767372131,7,0.9817423806220443
76561199100732583,0,0.01983552798628807,7,0.9817423806220443
76561198142413307,0,0.01837056502699852,7,0.9817423806220443
76561198261285017,0,0.09951003640890121,7,0.9817423806220443
76561197961519584,0,0.02937653847038746,7,0.9817423806220443
76561199380734308,0,0.05965012311935425,7,0.9817423806220443
76561199127327045,0,0.008073715493083,7,0.9817423806220443
76561197990221363,0,0.49727487564086914,7,0.9817423806220443
76561199452371406,0,0.22234870493412018,7,0.9817423806220443
76561198119700988,0,0.0031357076950371265,7,0.9817423806220443
76561199215833259,0,0.039732426404953,7,0.9817423806220443
76561199028191720,1,0.38549038767814636,7,0.9817423806220443
76561198171256605,0,0.047770410776138306,7,0.9817423806220443
76561198799306958,0,0.013475842773914337,7,0.9817423806220443
76561198065030883,0,0.007839003577828407,7,0.9817423806220443
76561198076134552,0,0.004470531363040209,7,0.9817423806220443
76561198065211553,0,0.027752885594964027,7,0.9817423806220443
76561197981763624,0,0.018751295283436775,7,0.9817423806220443
76561198967975386,0,0.00436998950317502,7,0.9817423806220443
76561198117309527,0,0.045032158493995667,7,0.9817423806220443
76561198063563688,0,0.660841703414917,7,0.9817423806220443
76561198267862198,0,0.01889459416270256,7,0.9817423806220443
76561198056214333,0,0.010207927785813808,7,0.9817423806220443
76561199346086885,0,0.00430824002251029,7,0.9817423806220443
76561198351760259,0,0.5429320931434631,7,0.9817423806220443
76561198340647074,0,0.1611972451210022,7,0.9817423806220443
76561198982470217,0,0.31884700059890747,7,0.9817423806220443
76561198013697919,0,0.39345240592956543,7,0.9817423806220443
76561199049486587,0,0.0063558961264789104,7,0.9817423806220443
76561199436358130,0,0.060937926173210144,7,0.9817423806220443
76561198145163573,0,0.028854547068476677,7,0.9817423806220443
76561198997794809,0,0.0712653174996376,7,0.9817423806220443
76561199263490038,0,0.019202541559934616,7,0.9817423806220443
76561198123928333,0,0.4920050799846649,7,0.9817423806220443
76561198120312006,0,0.4233621060848236,7,0.9817423806220443
76561199077838862,0,0.13665762543678284,7,0.9817423806220443
76561198033289165,0,0.007430710829794407,7,0.9817423806220443
76561198211713393,0,0.003343879245221615,7,0.9817423806220443
76561197997199095,0,0.03749971464276314,7,0.9817423806220443
76561198309312874,1,0.9447980523109436,7,0.9817423806220443
76561198073264499,0,0.008522585965692997,7,0.9817423806220443
76561199146721347,0,0.00793539546430111,7,0.9817423806220443
76561197979820503,0,0.8179575800895691,7,0.9817423806220443
76561198315319640,0,0.010766412131488323,7,0.9817423806220443
76561198006557604,0,0.09760531038045883,7,0.9817423806220443
76561198845575383,0,0.023613570258021355,7,0.9817423806220443
76561198054968596,0,0.1584041565656662,7,0.9817423806220443
76561199005832045,0,0.00854528322815895,7,0.9817423806220443
76561199033254486,0,0.012610240839421749,7,0.9817423806220443
76561198344367103,0,0.43761226534843445,7,0.9817423806220443
76561198860273872,0,0.9723705649375916,7,0.9817423806220443
76561198071808950,0,0.08704076707363129,7,0.9817423806220443
76561198809034947,0,0.03830278664827347,7,0.9817423806220443
76561198920896521,0,0.7691656351089478,7,0.9817423806220443
76561197974373250,0,0.017661018297076225,7,0.9817423806220443
76561198867716674,0,0.5523713231086731,7,0.9817423806220443
76561198066556340,0,0.3895278573036194,7,0.9817423806220443
76561198411800613,0,0.02202564850449562,7,0.9817423806220443
76561199094297380,0,0.004943543579429388,7,0.9817423806220443
76561199068291247,0,0.5108041763305664,7,0.9817423806220443
76561198819723844,0,0.005314330104738474,7,0.9817423806220443
76561198024758389,0,0.01017758995294571,7,0.9817423806220443
76561198865748445,1,0.7940723896026611,7,0.9817423806220443
76561198404664309,0,0.005550285801291466,7,0.9817423806220443
76561198069270266,0,0.0508391372859478,7,0.9817423806220443
76561198119971384,0,0.11033617705106735,7,0.9817423806220443
76561199176339926,0,0.007146100513637066,7,0.9817423806220443
76561199099100590,0,0.004793670494109392,7,0.9817423806220443
76561199496259800,0,0.010991721414029598,7,0.9817423806220443
76561198073115848,0,0.017304416745901108,7,0.9817423806220443
76561198098249253,0,0.008463230915367603,7,0.9817423806220443
76561198117508355,0,0.02145973965525627,7,0.9817423806220443
76561199093616577,0,0.048385679721832275,7,0.9817423806220443
76561199137283692,0,0.09478406608104706,7,0.9817423806220443
76561199599368179,0,0.010991721414029598,7,0.9817423806220443
76561199083180845,0,0.003403094131499529,7,0.9817423806220443
76561198201300941,0,0.9560048580169678,7,0.9817423806220443
76561198075346410,0,0.9823430180549622,7,0.9817423806220443
76561199439677045,0,0.31943249702453613,7,0.9817423806220443
76561198424478719,0,0.3703538179397583,7,0.9817423806220443
76561197997052739,0,0.003339143702760339,7,0.9817423806220443
76561198203558048,0,0.023647785186767578,7,0.9817423806220443
76561198061589199,0,0.1478448063135147,7,0.9817423806220443
76561198820409734,0,0.011969948187470436,7,0.9817423806220443
76561199089429126,0,0.006392402574419975,7,0.9817423806220443
76561198979030854,0,0.17794100940227509,7,0.9817423806220443
76561198350650187,0,0.005299179814755917,7,0.9817423806220443
76561198055795414,0,0.03546874225139618,7,0.9817423806220443
76561198152982965,0,0.9685724973678589,7,0.9817423806220443
76561198433152393,0,0.0643775686621666,7,0.9817423806220443
76561199443491280,0,0.025978414341807365,7,0.9817423806220443
76561198366319384,0,0.006872500758618116,7,0.9817423806220443
76561198277256577,0,0.02858983352780342,7,0.9817423806220443
76561198380166074,0,0.024046067148447037,7,0.9817423806220443
76561199699780312,0,0.07008593529462814,7,0.9817423806220443
76561198364740906,0,0.003550212597474456,7,0.9817423806220443
76561199229538219,0,0.00542479706928134,7,0.9817423806220443
76561199228658529,0,0.003550212597474456,7,0.9817423806220443
76561199170295678,0,0.06520403921604156,7,0.9817423806220443
76561198203875520,0,0.45718008279800415,7,0.9817423806220443
76561199198722536,0,0.008922023698687553,7,0.9817423806220443
76561198843648705,0,0.7979021072387695,7,0.9817423806220443
76561198045396501,0,0.2577783763408661,7,0.9817423806220443
76561199232804985,0,0.06620923429727554,7,0.9817423806220443
76561199146927361,0,0.4557933807373047,7,0.9817423806220443
76561198241312258,0,0.003679260378703475,7,0.9817423806220443
76561198011809890,0,0.02203294262290001,7,0.9817423806220443
76561198390973109,0,0.9692606925964355,7,0.9817423806220443
76561198811684509,0,0.003403094131499529,7,0.9817423806220443
76561198328150761,0,0.0038874479942023754,7,0.9817423806220443
76561198203993625,1,0.9907587766647339,7,0.9817423806220443
76561198136955615,0,0.009041530080139637,7,0.9817423806220443
76561198079718984,0,0.0043744854629039764,7,0.9817423806220443
76561199507904073,0,0.01928585022687912,7,0.9817423806220443
76561198147037258,0,0.6007905602455139,7,0.9817423806220443
76561199224978899,0,0.47202375531196594,7,0.9817423806220443
76561198147326046,0,0.005175417754799128,7,0.9817423806220443
76561197960531951,0,0.41466236114501953,7,0.9817423806220443
76561199521501437,0,0.27133363485336304,7,0.9817423806220443
76561199099245078,0,0.9500375986099243,7,0.9817423806220443
76561199097105680,0,0.9044528007507324,7,0.9817423806220443
76561198147570114,0,0.9750224947929382,7,0.9817423806220443
76561198092564040,0,0.06783060729503632,7,0.9817423806220443
76561198345804002,0,0.23164351284503937,7,0.9817423806220443
76561198288963699,0,0.19505968689918518,7,0.9817423806220443
76561197982453454,0,0.29113098978996277,7,0.9817423806220443
76561198340943200,0,0.02275797910988331,7,0.9817423806220443
76561198076819555,0,0.010349049232900143,7,0.9817423806220443
76561198870049180,0,0.02982201799750328,7,0.9817423806220443
76561199762159301,0,0.0045065064914524555,7,0.9817423806220443
76561198452376601,0,0.05704313516616821,7,0.9817423806220443
76561198151710879,0,0.924862265586853,7,0.9817423806220443
76561198041962730,0,0.36183756589889526,7,0.9817423806220443
76561198063872247,0,0.03484256938099861,7,0.9817423806220443
76561198053266537,0,0.12636005878448486,7,0.9817423806220443
76561199150563437,0,0.5575821399688721,7,0.9817423806220443
76561199237894785,0,0.032894764095544815,7,0.9817423806220443
76561198801082739,0,0.9348247647285461,7,0.9817423806220443
76561198111681610,0,0.04750857502222061,7,0.9817423806220443
76561199350555489,0,0.003064727643504739,7,0.9817423806220443
76561199202976074,0,0.07123894989490509,7,0.9817423806220443
76561198859982480,0,0.012698831968009472,7,0.9817423806220443
76561199122831999,0,0.6862910389900208,7,0.9817423806220443
76561199734286165,0,0.012898975051939487,7,0.9817423806220443
76561198185718537,0,0.014341289177536964,7,0.9817423806220443
76561198986663347,0,0.07819762080907822,7,0.9817423806220443
76561199380410550,0,0.07208327203989029,7,0.9817423806220443
76561199045076298,0,0.023535026237368584,7,0.9817423806220443
76561198345908374,0,0.42578843235969543,7,0.9817423806220443
76561198381532961,0,0.0037193382158875465,7,0.9817423806220443
76561198217886839,0,0.012264879420399666,7,0.9817423806220443
76561198273451700,0,0.25459134578704834,7,0.9817423806220443
76561198061283299,0,0.04644918441772461,7,0.9817423806220443
76561199113016579,0,0.9456738829612732,7,0.9817423806220443
76561199062159007,0,0.9031054377555847,7,0.9817423806220443
76561198165919364,0,0.4775508940219879,7,0.9817423806220443
76561199082421938,0,0.34984666109085083,7,0.9817423806220443
76561199134558981,0,0.004430192057043314,7,0.9817423806220443
76561197961912947,0,0.044258978217840195,7,0.9817423806220443
76561198834369736,0,0.08033604919910431,7,0.9817423806220443
76561198030855009,0,0.05545550212264061,7,0.9817423806220443
76561198152303862,0,0.030441615730524063,7,0.9817423806220443
76561198962524361,0,0.004168739542365074,7,0.9817423806220443
76561198990632275,0,0.18375717103481293,7,0.9817423806220443
76561198115205955,0,0.03325963392853737,7,0.9817423806220443
76561199021886537,0,0.0034270738251507282,7,0.9817423806220443
76561198813204703,0,0.11169643700122833,7,0.9817423806220443
76561198058212887,0,0.005808814894407988,7,0.9817423806220443
76561199250301702,0,0.03859234228730202,7,0.9817423806220443
76561198140527420,0,0.0034953190479427576,7,0.9817423806220443
76561198294195089,0,0.012122214771807194,7,0.9817423806220443
76561198326692224,0,0.0040948353707790375,7,0.9817423806220443
76561198137127121,0,0.010820775292813778,7,0.9817423806220443
76561199397736234,0,0.03702101111412048,7,0.9817423806220443
76561198244530184,0,0.017204182222485542,7,0.9817423806220443
76561199058604813,0,0.008120075799524784,7,0.9817423806220443
76561199661162223,0,0.006211617961525917,7,0.9817423806220443
76561199592759241,0,0.016150332987308502,7,0.9817423806220443
76561199024903475,0,0.004804446827620268,7,0.9817423806220443
76561199209010283,0,0.13999886810779572,7,0.9817423806220443
76561197988927885,0,0.0255633145570755,7,0.9817423806220443
76561198822446951,0,0.03077930398285389,7,0.9817423806220443
76561198145379469,0,0.003403094131499529,7,0.9817423806220443
76561198139486618,0,0.004666772671043873,7,0.9817423806220443
76561198091094244,0,0.057427555322647095,7,0.9817423806220443
76561198004909111,0,0.011102892458438873,7,0.9817423806220443
76561198002859261,0,0.010100445710122585,7,0.9817423806220443
76561198008373580,0,0.0168259646743536,7,0.9817423806220443
76561199247042701,0,0.0063597578555345535,7,0.9817423806220443
76561198439992478,0,0.01451016589999199,7,0.9817423806220443
76561198042121549,0,0.0034617220517247915,7,0.9817423806220443
76561198272507946,0,0.009454376064240932,7,0.9817423806220443
76561198090997548,0,0.03122023679316044,7,0.9817423806220443
76561198147487764,0,0.008829792961478233,7,0.9817423806220443
76561199802558579,0,0.004217373672872782,7,0.9817423806220443
76561199525363007,0,0.14658869802951813,7,0.9817423806220443
76561198983584852,0,0.005205560941249132,7,0.9817423806220443
76561198063186522,0,0.003403094131499529,7,0.9817423806220443
76561198180182973,0,0.03191903606057167,7,0.9817423806220443
76561199122620808,0,0.019554071128368378,7,0.9817423806220443
76561198064381735,0,0.0038223478477448225,7,0.9817423806220443
76561199066357972,0,0.003550212597474456,7,0.9817423806220443
76561198809737431,0,0.013296478427946568,7,0.9817423806220443
76561199220859349,0,0.049909818917512894,7,0.9817423806220443
76561198188096691,0,0.13669617474079132,7,0.9817423806220443
76561198355495194,0,0.4072653353214264,7,0.9817423806220443
76561198139403496,0,0.010357080027461052,7,0.9817423806220443
76561198356227587,0,0.010116898454725742,7,0.9817423806220443
76561198086436875,0,0.3438010811805725,7,0.9817423806220443
76561199267993023,0,0.003578315954655409,7,0.9817423806220443
76561198208252429,0,0.01863347738981247,7,0.9817423806220443
76561198416952208,0,0.0805775374174118,7,0.9817423806220443
76561198082573935,1,0.9903682470321655,7,0.9817423806220443
76561199012331598,0,0.5680134892463684,7,0.9817423806220443
76561199096873962,0,0.23766352236270905,7,0.9817423806220443
76561198862166898,0,0.01948373019695282,7,0.9817423806220443
76561199077588003,0,0.06465746462345123,7,0.9817423806220443
76561199410635741,0,0.019476288929581642,7,0.9817423806220443
76561199577764448,0,0.01309164334088564,7,0.9817423806220443
76561198970023998,0,0.06965357810258865,7,0.9817423806220443
76561198152604167,0,0.9826878905296326,7,0.9817423806220443
76561197970697461,0,0.00729198707267642,7,0.9817423806220443
76561198825497259,1,0.9675421714782715,7,0.9817423806220443
76561198071313950,0,0.019433392211794853,7,0.9817423806220443
76561199486850150,0,0.00718025304377079,7,0.9817423806220443
76561199553887514,1,0.1461905837059021,7,0.9817423806220443
76561199393036347,0,0.0059027415700256824,7,0.9817423806220443
76561198030858055,0,0.006892180070281029,7,0.9817423806220443
76561198117099034,0,0.5611340999603271,7,0.9817423806220443
76561198978079755,0,0.004074862226843834,7,0.9817423806220443
76561197986709972,0,0.08247862756252289,7,0.9817423806220443
76561198121050578,0,0.004823537543416023,7,0.9817423806220443
76561199166183118,0,0.7559406161308289,7,0.9817423806220443
76561199267880440,0,0.008622687309980392,7,0.9817423806220443
76561199022768065,0,0.67464280128479,7,0.9817423806220443
76561197981610851,0,0.17286299169063568,7,0.9817423806220443
76561199133207621,0,0.013804995454847813,7,0.9817423806220443
76561198347785149,0,0.04691251739859581,7,0.9817423806220443
76561198096518241,0,0.007450604811310768,7,0.9817423806220443
76561197972242163,0,0.004360984545201063,7,0.9817423806220443
76561199161755311,0,0.012603272683918476,7,0.9817423806220443
76561198049493074,0,0.04741596058011055,7,0.9817423806220443
76561198115160724,0,0.20157743990421295,7,0.9817423806220443
76561198799430406,0,0.9812962412834167,7,0.9817423806220443
76561198087966712,0,0.01877358928322792,7,0.9817423806220443
76561198187439561,0,0.004619945306330919,7,0.9817423806220443
76561198803415798,0,0.01577492617070675,7,0.9817423806220443
76561198097056752,0,0.005766071379184723,7,0.9817423806220443
76561198981962291,0,0.9897386431694031,7,0.9817423806220443
76561198288160698,0,0.014186536893248558,7,0.9817423806220443
76561198088838323,0,0.29811152815818787,7,0.9817423806220443
76561199012652014,0,0.006553229410201311,7,0.9817423806220443
76561198400819479,0,0.0118150245398283,7,0.9817423806220443
76561198317546409,1,0.9535850882530212,7,0.9817423806220443
76561199578205831,0,0.006712152622640133,7,0.9817423806220443
76561199522652467,0,0.005140654742717743,7,0.9817423806220443
76561198110981724,0,0.4006901681423187,7,0.9817423806220443
76561198114161163,0,0.0591815710067749,7,0.9817423806220443
76561199232519849,0,0.00774688133969903,7,0.9817423806220443
76561199076863661,0,0.2991282045841217,7,0.9817423806220443
76561198205945068,0,0.004327746573835611,7,0.9817423806220443
76561199110684418,0,0.005517546087503433,7,0.9817423806220443
76561199148044159,0,0.003992846701294184,7,0.9817423806220443
76561199041803661,0,0.008161704987287521,7,0.9817423806220443
76561198000029812,0,0.02363775484263897,7,0.9817423806220443
76561197975477766,0,0.008305725641548634,7,0.9817423806220443
76561198219526889,0,0.0055853575468063354,7,0.9817423806220443
76561198019390443,0,0.004914421588182449,7,0.9817423806220443
76561198047880933,0,0.004383139777928591,7,0.9817423806220443
76561198206388591,0,0.007095692679286003,7,0.9817423806220443
76561199319431375,0,0.006858033128082752,7,0.9817423806220443
76561198104090996,0,0.14217418432235718,7,0.9817423806220443
76561199157490784,0,0.015880154445767403,7,0.9817423806220443
76561198132864936,0,0.05719957500696182,7,0.9817423806220443
76561198837363742,0,0.03293188661336899,7,0.9817423806220443
76561198352911960,0,0.04049428552389145,7,0.9817423806220443
76561198077641487,0,0.003578315954655409,7,0.9817423806220443
76561198365191971,0,0.06399641931056976,7,0.9817423806220443
76561199198740167,0,0.018944934010505676,7,0.9817423806220443
76561198811978872,0,0.0034270738251507282,7,0.9817423806220443
76561198144868638,0,0.0033728727139532566,7,0.9817423806220443
76561199019208185,0,0.021001849323511124,7,0.9817423806220443
76561198968256962,0,0.010064988397061825,7,0.9817423806220443
76561199073822969,0,0.0643276646733284,7,0.9817423806220443
76561198410370289,0,0.0034225869458168745,7,0.9817423806220443
76561199023609610,0,0.00866756308823824,7,0.9817423806220443
76561198056094445,0,0.029922259971499443,7,0.9817423806220443
76561198102544490,0,0.010991721414029598,7,0.9817423806220443
76561198847363105,0,0.9857636094093323,7,0.9817423806220443
76561198126430197,0,0.08892222493886948,7,0.9817423806220443
76561199073668921,0,0.032029978930950165,7,0.9817423806220443
76561198024494485,0,0.11299706250429153,7,0.9817423806220443
76561198797476575,0,0.04955339804291725,7,0.9817423806220443
76561199510845282,0,0.047484371811151505,7,0.9817423806220443
76561198202965470,0,0.00754875922575593,7,0.9817423806220443
76561198074401597,0,0.016003694385290146,7,0.9817423806220443
76561198359513574,0,0.004671687725931406,7,0.9817423806220443
76561199012290446,0,0.31401798129081726,7,0.9817423806220443
76561198021534669,0,0.0033347539138048887,7,0.9817423806220443
76561199439282940,0,0.0034189748112112284,7,0.9817423806220443
76561198163628625,0,0.004167047329246998,7,0.9817423806220443
76561198019684910,1,0.9916655421257019,7,0.9817423806220443
76561198085996067,0,0.7213444113731384,7,0.9817423806220443
76561198043844005,0,0.3923487961292267,7,0.9817423806220443
76561199124291621,0,0.011428899131715298,7,0.9817423806220443
76561198039719512,0,0.00420921528711915,7,0.9817423806220443
76561198085806977,0,0.01392157282680273,7,0.9817423806220443
76561198120085969,0,0.1816742718219757,7,0.9817423806220443
76561199010125240,0,0.8971197605133057,7,0.9817423806220443
76561198365754860,0,0.9772941470146179,7,0.9817423806220443
76561198879458834,0,0.9011228680610657,7,0.9817423806220443
76561198027520641,0,0.575754702091217,7,0.9817423806220443
76561198067082956,0,0.007399521302431822,7,0.9817423806220443
76561198809837561,0,0.0118397306650877,7,0.9817423806220443
76561199026886327,0,0.01489078626036644,7,0.9817423806220443
76561198110228941,0,0.010810991749167442,7,0.9817423806220443
76561198906290860,0,0.022270968183875084,7,0.9817423806220443
76561198126198507,0,0.43940895795822144,7,0.9817423806220443
76561198120641459,1,0.3814712166786194,7,0.9817423806220443
76561198833820682,0,0.9873840808868408,7,0.9817423806220443
76561198226835920,0,0.005671168677508831,7,0.9817423806220443
76561199782578560,0,0.004065289162099361,7,0.9817423806220443
76561198025089304,0,0.032409314066171646,7,0.9817423806220443
76561199132128842,0,0.07728004455566406,7,0.9817423806220443
76561197967729548,0,0.468282550573349,7,0.9817423806220443
76561198373490226,0,0.00415899557992816,7,0.9817423806220443
76561198108649996,0,0.11429901421070099,7,0.9817423806220443
76561198060798540,0,0.0533340722322464,7,0.9817423806220443
76561198026246531,0,0.28937220573425293,7,0.9817423806220443
76561199217823220,0,0.003991265781223774,7,0.9817423806220443
76561199465629126,0,0.017798902466893196,7,0.9817423806220443
76561198076238503,0,0.00862847175449133,7,0.9817423806220443
76561198064573371,0,0.008102746680378914,7,0.9817423806220443
76561198322456175,0,0.13996510207653046,7,0.9817423806220443
76561198125323656,0,0.9721537828445435,7,0.9817423806220443
76561198275348644,0,0.04124664142727852,7,0.9817423806220443
76561198062307758,0,0.23270177841186523,7,0.9817423806220443
76561198290184433,0,0.008535941131412983,7,0.9817423806220443
76561197972158502,0,0.03940877690911293,7,0.9817423806220443
76561198272854081,0,0.04913558065891266,7,0.9817423806220443
76561198191273683,0,0.05857323482632637,7,0.9817423806220443
76561197996495329,0,0.005643599200993776,7,0.9817423806220443
76561198088235285,0,0.017944473773241043,7,0.9817423806220443
76561198276130461,0,0.308177649974823,7,0.9817423806220443
76561198031152073,0,0.0558345653116703,7,0.9817423806220443
76561198066699800,0,0.012251006439328194,7,0.9817423806220443
76561199025836510,0,0.17532439529895782,7,0.9817423806220443
76561197989486438,0,0.07584644109010696,7,0.9817423806220443
76561198848424346,0,0.008128944784402847,7,0.9817423806220443
76561199401350571,0,0.617420494556427,7,0.9817423806220443
76561199115623806,0,0.09309934824705124,7,0.9817423806220443
76561199228327506,0,0.007955405861139297,7,0.9817423806220443
76561198864721157,0,0.02036428079009056,7,0.9817423806220443
76561199000089530,0,0.004615115001797676,7,0.9817423806220443
76561199538635549,0,0.3576384484767914,7,0.9817423806220443
76561199683009688,0,0.004310768563300371,7,0.9817423806220443
76561198322486801,0,0.5604186058044434,7,0.9817423806220443
76561199013320524,0,0.22215886414051056,7,0.9817423806220443
76561198241567786,0,0.00906918104737997,7,0.9817423806220443
76561199002410971,0,0.04400474578142166,7,0.9817423806220443
76561198801454068,0,0.017846880480647087,7,0.9817423806220443
76561197995432546,0,0.00535643519833684,7,0.9817423806220443
76561198396695741,0,0.04880273714661598,7,0.9817423806220443
76561198195727614,0,0.008256821893155575,7,0.9817423806220443
76561198062448185,0,0.2147134393453598,7,0.9817423806220443
76561198072955932,0,0.006103671155869961,7,0.9817423806220443
76561199485419361,0,0.0096952635794878,7,0.9817423806220443
76561198435951204,0,0.016673104837536812,7,0.9817423806220443
76561199088538236,0,0.003064727643504739,7,0.9817423806220443
76561198414780523,0,0.004002115689218044,7,0.9817423806220443
76561198023611023,0,0.042321860790252686,7,0.9817423806220443
76561197991628017,0,0.2640737295150757,7,0.9817423806220443
76561198357087597,0,0.26123183965682983,7,0.9817423806220443
76561198125082197,0,0.09024524688720703,7,0.9817423806220443
76561197990129865,0,0.10206969082355499,7,0.9817423806220443
76561198371165032,0,0.003403094131499529,7,0.9817423806220443
76561198994855701,0,0.014494198374450207,7,0.9817423806220443
76561199142030815,0,0.003403094131499529,7,0.9817423806220443
76561198136313611,0,0.008077274076640606,7,0.9817423806220443
76561198075492317,0,0.003578315954655409,7,0.9817423806220443
76561199176199331,0,0.0037018076982349157,7,0.9817423806220443
76561199230315453,0,0.011500476859509945,7,0.9817423806220443
76561198433072165,0,0.00522948894649744,7,0.9817423806220443
76561199117063865,0,0.004830047022551298,7,0.9817423806220443
76561198936300976,0,0.006155556533485651,7,0.9817423806220443
76561199444933858,0,0.01273216214030981,7,0.9817423806220443
76561198013712232,0,0.004567529074847698,7,0.9817423806220443
76561198047612727,1,0.9557968974113464,7,0.9817423806220443
76561198321789455,0,0.14732013642787933,7,0.9817423806220443
76561198906910245,0,0.038358256220817566,7,0.9817423806220443
76561198035290081,0,0.0033874802757054567,7,0.9817423806220443
76561199092954090,0,0.021571751683950424,7,0.9817423806220443
76561197970931538,0,0.28963321447372437,7,0.9817423806220443
76561199381496883,0,0.010311322286725044,7,0.9817423806220443
76561199455163198,0,0.7855072617530823,7,0.9817423806220443
76561198097131485,0,0.06507439911365509,7,0.9817423806220443
76561197992110564,0,0.005530460271984339,7,0.9817423806220443
76561198854982153,0,0.0311686173081398,7,0.9817423806220443
76561198039894094,0,0.11976862698793411,7,0.9817423806220443
76561198890633987,0,0.0033502355217933655,7,0.9817423806220443
76561198040764851,0,0.06529134511947632,7,0.9817423806220443
76561198374109937,0,0.4129141867160797,7,0.9817423806220443
76561199138592464,0,0.7298517823219299,7,0.9817423806220443
76561198132240389,0,0.2942422330379486,7,0.9817423806220443
76561198004985343,0,0.24224789440631866,7,0.9817423806220443
76561198015615601,0,0.36873817443847656,7,0.9817423806220443
76561197983813573,0,0.14545214176177979,7,0.9817423806220443
76561198027017734,0,0.012165632098913193,7,0.9817423806220443
76561198117024781,0,0.7330130338668823,7,0.9817423806220443
76561198055420848,0,0.4135082960128784,7,0.9817423806220443
76561198069120080,0,0.08892098814249039,7,0.9817423806220443
76561199191975955,0,0.012688889168202877,7,0.9817423806220443
76561199388194604,0,0.028873059898614883,7,0.9817423806220443
76561199122530810,0,0.31045231223106384,7,0.9817423806220443
76561197988248992,0,0.06261532008647919,7,0.9817423806220443
76561198093044894,0,0.0360051654279232,7,0.9817423806220443
76561198097544855,0,0.005848119501024485,7,0.9817423806220443
76561198309420856,0,0.018877139315009117,7,0.9817423806220443
76561198069456358,0,0.4854797124862671,7,0.9817423806220443
76561198313157636,0,0.045184988528490067,7,0.9817423806220443
76561198282696595,0,0.12031979113817215,7,0.9817423806220443
76561198439131120,0,0.017046835273504257,7,0.9817423806220443
76561198093103968,0,0.006902655120939016,7,0.9817423806220443
76561198838104662,0,0.007296942174434662,7,0.9817423806220443
76561198279533995,0,0.29594188928604126,7,0.9817423806220443
76561199163143491,0,0.591951847076416,7,0.9817423806220443
76561197986741483,0,0.2450789213180542,7,0.9817423806220443
76561198812448577,0,0.1066274419426918,7,0.9817423806220443
76561199633176571,0,0.019268842414021492,7,0.9817423806220443
76561198415770684,0,0.003064727643504739,7,0.9817423806220443
76561199147309797,0,0.23648317158222198,7,0.9817423806220443
76561198325508511,0,0.1455416977405548,7,0.9817423806220443
76561198998862712,0,0.018928924575448036,7,0.9817423806220443
76561199049764356,0,0.018360426649451256,7,0.9817423806220443
76561198812546146,1,0.9923408031463623,7,0.9817423806220443
76561199592219764,0,0.03171178698539734,7,0.9817423806220443
76561198160503902,0,0.7351343631744385,7,0.9817423806220443
76561198165553983,0,0.02023802325129509,7,0.9817423806220443
76561198055095994,0,0.028408929705619812,7,0.9817423806220443
76561198039758320,0,0.025862431153655052,7,0.9817423806220443
76561199048174344,0,0.009880229830741882,7,0.9817423806220443
76561198065767295,0,0.05507316440343857,7,0.9817423806220443
76561198111449888,0,0.04067157208919525,7,0.9817423806220443
76561198160384537,0,0.015101487748324871,7,0.9817423806220443
76561199085733104,0,0.06128530949354172,7,0.9817423806220443
76561198933646607,0,0.02057040110230446,7,0.9817423806220443
76561199228779138,0,0.003578315954655409,7,0.9817423806220443
76561198085536954,0,0.02741091698408127,7,0.9817423806220443
76561199045934371,0,0.007542324252426624,7,0.9817423806220443
76561198169448075,0,0.1720779836177826,7,0.9817423806220443
76561198976091976,1,0.9921426773071289,7,0.9817423806220443
76561198350183046,0,0.003550212597474456,7,0.9817423806220443
76561197965899256,0,0.007223183289170265,7,0.9817423806220443
76561198079050269,0,0.011838513426482677,7,0.9817423806220443
76561198864089144,0,0.013175048865377903,7,0.9817423806220443
76561199372566010,0,0.003403094131499529,7,0.9817423806220443
76561199175049956,0,0.08731895685195923,7,0.9817423806220443
76561198081154739,0,0.025596242398023605,7,0.9817423806220443
76561199555641172,0,0.9429590702056885,7,0.9817423806220443
76561198823770223,0,0.033519212156534195,7,0.9817423806220443
76561198056137180,0,0.0035512212198227644,7,0.9817423806220443
76561199246267491,0,0.008522585965692997,7,0.9817423806220443
76561198260894962,0,0.06875165551900864,7,0.9817423806220443
76561198151301783,0,0.006553939543664455,7,0.9817423806220443
76561198063561343,1,0.9905425906181335,7,0.9817423806220443
76561199088316991,0,0.003752459306269884,7,0.9817423806220443
76561199199196848,0,0.1394810676574707,7,0.9817423806220443
76561198301637769,0,0.018026985228061676,7,0.9817423806220443
76561199179753307,0,0.013482227921485901,7,0.9817423806220443
76561199201559576,0,0.0037018076982349157,7,0.9817423806220443
76561198868481944,0,0.21478596329689026,7,0.9817423806220443
76561198354701374,0,0.016387883573770523,7,0.9817423806220443
76561198335675601,0,0.004196959547698498,7,0.9817423806220443
76561198993944149,0,0.02829107455909252,7,0.9817423806220443
76561198086737085,0,0.005130057223141193,7,0.9817423806220443
76561198886869677,0,0.004168739542365074,7,0.9817423806220443
76561197970409194,0,0.07453735172748566,7,0.9817423806220443
76561198033611949,0,0.32007288932800293,7,0.9817423806220443
76561198883425843,0,0.008956304751336575,7,0.9817423806220443
76561198216308516,0,0.6678153872489929,7,0.9817423806220443
76561198345308790,0,0.13598468899726868,7,0.9817423806220443
76561198271924757,0,0.01871701516211033,7,0.9817423806220443
76561199231977432,0,0.04330414533615112,7,0.9817423806220443
76561199108175183,0,0.0040211062878370285,7,0.9817423806220443
76561199083812078,0,0.04220125824213028,7,0.9817423806220443
76561198345787885,0,0.015434852801263332,7,0.9817423806220443
76561198044407971,0,0.5956137180328369,7,0.9817423806220443
76561198228649964,0,0.9831132888793945,7,0.9817423806220443
76561198006309176,0,0.5026119351387024,7,0.9817423806220443
76561199272936079,0,0.3816196322441101,7,0.9817423806220443
76561199061184296,0,0.24654963612556458,7,0.9817423806220443
76561199230759900,0,0.02312801033258438,7,0.9817423806220443
76561198857246215,0,0.3162120580673218,7,0.9817423806220443
76561199205769489,0,0.0056538949720561504,7,0.9817423806220443
76561199123365157,0,0.023547979071736336,7,0.9817423806220443
76561198354148629,0,0.018223635852336884,7,0.9817423806220443
76561198072700932,0,0.5212111473083496,7,0.9817423806220443
76561198016614830,0,0.028637556359171867,7,0.9817423806220443
76561198014361369,0,0.022813640534877777,7,0.9817423806220443
76561198843671625,0,0.004329960327595472,7,0.9817423806220443
76561199387608162,0,0.5975088477134705,7,0.9817423806220443
76561199085505436,0,0.021306393668055534,7,0.9817423806220443
76561198061018517,0,0.9570642709732056,7,0.9817423806220443
76561198066301663,0,0.9547296762466431,7,0.9817423806220443
76561199123151449,0,0.10876862704753876,7,0.9817423806220443
76561198037393369,0,0.13411866128444672,7,0.9817423806220443
76561199031808488,0,0.6856497526168823,7,0.9817423806220443
76561198369122749,0,0.03246159851551056,7,0.9817423806220443
76561198324931787,0,0.8934928774833679,7,0.9817423806220443
76561198062752051,0,0.25620412826538086,7,0.9817423806220443
76561198801119118,0,0.007821408100426197,7,0.9817423806220443
76561198799257039,0,0.004323698580265045,7,0.9817423806220443
76561198075475143,0,0.18756672739982605,7,0.9817423806220443
76561199063837944,0,0.012028503231704235,7,0.9817423806220443
76561198807337463,0,0.006200525444000959,7,0.9817423806220443
76561198046565390,0,0.010283620096743107,7,0.9817423806220443
76561198059754958,0,0.05450361222028732,7,0.9817423806220443
76561199381048796,0,0.0045866407454013824,7,0.9817423806220443
76561199190131040,0,0.003897870657965541,7,0.9817423806220443
76561198185245191,0,0.005687101278454065,7,0.9817423806220443
76561199573347242,0,0.005813063122332096,7,0.9817423806220443
76561198030120511,0,0.006561043672263622,7,0.9817423806220443
76561198135016489,0,0.015878114849328995,7,0.9817423806220443
76561198185824913,0,0.37518584728240967,7,0.9817423806220443
76561199071967675,0,0.06898042559623718,7,0.9817423806220443
76561199229239705,0,0.004696452524513006,7,0.9817423806220443
76561199181720488,0,0.061351560056209564,7,0.9817423806220443
76561199159894728,0,0.012392343953251839,7,0.9817423806220443
76561198042815393,0,0.8964581489562988,7,0.9817423806220443
76561198248618848,0,0.2435208410024643,7,0.9817423806220443
76561199055840821,0,0.005299179814755917,7,0.9817423806220443
76561198069134742,0,0.07522343099117279,7,0.9817423806220443
76561198050999548,0,0.012664323672652245,7,0.9817423806220443
76561198364698781,0,0.010603209026157856,7,0.9817423806220443
76561198145588355,0,0.7344387769699097,7,0.9817423806220443
76561198400570955,0,0.09860708564519882,7,0.9817423806220443
76561199749906206,0,0.003550212597474456,7,0.9817423806220443
76561199203962128,0,0.0042879763059318066,7,0.9817423806220443
76561198818943701,0,0.04063817113637924,7,0.9817423806220443
76561198172431333,0,0.026006676256656647,7,0.9817423806220443
76561199013401255,0,0.006039419211447239,7,0.9817423806220443
76561198024345574,0,0.010137252509593964,7,0.9817423806220443
76561198200753613,0,0.00408529257401824,7,0.9817423806220443
76561199588789197,0,0.004803924355655909,7,0.9817423806220443
76561198269741221,0,0.04006052389740944,7,0.9817423806220443
76561198241143306,0,0.004589404445141554,7,0.9817423806220443
76561199031335527,0,0.005643599200993776,7,0.9817423806220443
76561199019590606,0,0.025421038269996643,7,0.9817423806220443
76561198988594143,0,0.0033347539138048887,7,0.9817423806220443
76561199058287079,0,0.004783934913575649,7,0.9817423806220443
76561198023361800,0,0.017061015591025352,7,0.9817423806220443
76561199572221455,0,0.48126745223999023,7,0.9817423806220443
76561198984389213,0,0.020234329625964165,7,0.9817423806220443
76561199024957600,0,0.06278735399246216,7,0.9817423806220443
76561198839736161,0,0.007762039080262184,7,0.9817423806220443
76561199096621797,0,0.003578315954655409,7,0.9817423806220443
76561198898547956,1,0.9898009896278381,7,0.9817423806220443
76561199525062504,0,0.0033624283969402313,7,0.9817423806220443
76561198337647302,0,0.019177958369255066,7,0.9817423806220443
76561198167877374,0,0.004589345771819353,7,0.9817423806220443
76561199437867291,0,0.003403094131499529,7,0.9817423806220443
76561198055641823,0,0.0034828810021281242,7,0.9817423806220443
76561198035825826,0,0.011704400181770325,7,0.9817423806220443
76561198071152365,0,0.004795672371983528,7,0.9817423806220443
76561198404263765,0,0.14777186512947083,7,0.9817423806220443
76561198072515059,0,0.024163665249943733,7,0.9817423806220443
76561198865661812,0,0.019027799367904663,7,0.9817423806220443
76561198144144146,0,0.004889410454779863,7,0.9817423806220443
76561198231478208,0,0.04205605015158653,7,0.9817423806220443
76561199567375131,0,0.04751897603273392,7,0.9817423806220443
76561198411420655,0,0.04066191986203194,7,0.9817423806220443
76561198974693663,0,0.016064608469605446,7,0.9817423806220443
76561199082103233,0,0.004371319897472858,7,0.9817423806220443
76561198012938483,0,0.025915252044796944,7,0.9817423806220443
76561198194007159,0,0.020905835554003716,7,0.9817423806220443
76561198097313391,0,0.0047588711604475975,7,0.9817423806220443
76561198006073722,0,0.00849632266908884,7,0.9817423806220443
76561198145262831,0,0.1081097349524498,7,0.9817423806220443
76561199094265406,0,0.0075181350111961365,7,0.9817423806220443
76561198127415045,0,0.19376803934574127,7,0.9817423806220443
76561198115571339,0,0.004216821398586035,7,0.9817423806220443
76561199472133595,0,0.01164176780730486,7,0.9817423806220443
76561198839943638,0,0.0034828810021281242,7,0.9817423806220443
76561198135033851,0,0.010602302849292755,7,0.9817423806220443
76561199256808006,0,0.007289937697350979,7,0.9817423806220443
76561198080862316,0,0.08479607105255127,7,0.9817423806220443
76561198801409840,0,0.00917393434792757,7,0.9817423806220443
76561197988439682,0,0.439596563577652,7,0.9817423806220443
76561198007136487,1,0.5699266195297241,7,0.9817423806220443
76561199245240945,0,0.0037193382158875465,7,0.9817423806220443
76561199206049318,0,0.021877266466617584,7,0.9817423806220443
76561198024412736,0,0.012326785363256931,7,0.9817423806220443
76561199100668424,0,0.05908362939953804,7,0.9817423806220443
76561198113488308,0,0.016174856573343277,7,0.9817423806220443
76561199135783817,0,0.006088425405323505,7,0.9817423806220443
76561198070562825,0,0.007481766864657402,7,0.9817423806220443
76561199243461277,0,0.007179331965744495,7,0.9817423806220443
76561199185418255,0,0.004168739542365074,7,0.9817423806220443
76561197962217705,1,0.9934012293815613,7,0.9817423806220443
76561198247186440,0,0.006238024216145277,7,0.9817423806220443
76561199063098075,0,0.8508738875389099,7,0.9817423806220443
76561199208470597,0,0.23283825814723969,7,0.9817423806220443
76561198156150062,0,0.40050166845321655,7,0.9817423806220443
76561199218560608,0,0.036969032138586044,7,0.9817423806220443
76561199122006559,0,0.6745536923408508,7,0.9817423806220443
76561198799513468,0,0.020103558897972107,7,0.9817423806220443
76561198031482496,0,0.04826558381319046,7,0.9817423806220443
76561198234916028,0,0.0538996197283268,7,0.9817423806220443
76561198111578907,1,0.9935910701751709,7,0.9817423806220443
76561198033683547,0,0.023799996823072433,7,0.9817423806220443
76561198030455560,0,0.011730296537280083,7,0.9817423806220443
76561199223777461,0,0.006887712981551886,7,0.9817423806220443
76561198153428585,0,0.003064727643504739,7,0.9817423806220443
76561199402405929,0,0.5751736760139465,7,0.9817423806220443
76561198359063587,0,0.01630883291363716,7,0.9817423806220443
76561198009236077,0,0.04247822239995003,7,0.9817423806220443
76561197988716571,0,0.08868010342121124,7,0.9817423806220443
76561198356179974,0,0.03155357018113136,7,0.9817423806220443
76561199315479775,0,0.13458152115345,7,0.9817423806220443
76561198065531634,0,0.03909948095679283,7,0.9817423806220443
76561197970995938,0,0.06786569207906723,7,0.9817423806220443
76561199095703891,0,0.013284903950989246,7,0.9817423806220443
76561198119552123,0,0.3550340533256531,7,0.9817423806220443
76561199068834221,0,0.010850255377590656,7,0.9817423806220443
76561199046612376,0,0.02225918509066105,7,0.9817423806220443
76561199089073864,0,0.03739624097943306,7,0.9817423806220443
76561198099840840,0,0.009481735527515411,7,0.9817423806220443
76561198091679453,0,0.009345744736492634,7,0.9817423806220443
76561199065637880,0,0.6996579170227051,7,0.9817423806220443
76561198316493368,0,0.042633187025785446,7,0.9817423806220443
76561198009631772,0,0.0048067932948470116,7,0.9817423806220443
76561197988960866,0,0.07913088798522949,7,0.9817423806220443
76561198071528437,0,0.08019417524337769,7,0.9817423806220443
76561198128581804,0,0.013823105953633785,7,0.9817423806220443
76561198058328594,0,0.004225702490657568,7,0.9817423806220443
76561199051126456,0,0.014001347124576569,7,0.9817423806220443
76561199477697663,0,0.003403094131499529,7,0.9817423806220443
76561199490680049,0,0.003870556363835931,7,0.9817423806220443
76561198197276233,0,0.00676144240424037,7,0.9817423806220443
76561198165721749,0,0.003861874109134078,7,0.9817423806220443
76561198011367174,0,0.014895591884851456,7,0.9817423806220443
76561199153914747,0,0.004549053963273764,7,0.9817423806220443
76561197965468870,0,0.005212375894188881,7,0.9817423806220443
76561198275922311,0,0.06656905263662338,7,0.9817423806220443
76561198434404600,0,0.031381793320178986,7,0.9817423806220443
76561199134054680,0,0.006457689683884382,7,0.9817423806220443
76561198277686810,0,0.01343712117522955,7,0.9817423806220443
76561198064070665,0,0.020993733778595924,7,0.9817423806220443
76561198259088133,0,0.1870788186788559,7,0.9817423806220443
76561199192006547,0,0.21215327084064484,7,0.9817423806220443
76561199478388581,0,0.0125351557508111,7,0.9817423806220443
76561199063822035,0,0.49349069595336914,7,0.9817423806220443
76561198086651408,0,0.054786570370197296,7,0.9817423806220443
76561198430610061,0,0.9895031452178955,7,0.9817423806220443
76561199015915599,0,0.03245978802442551,7,0.9817423806220443
76561197969732288,0,0.012794976122677326,7,0.9817423806220443
76561199110469621,0,0.8830336928367615,7,0.9817423806220443
76561198383277696,0,0.003920825198292732,7,0.9817423806220443
76561198244203498,0,0.01416301541030407,7,0.9817423806220443
76561198014986596,0,0.006826566532254219,7,0.9817423806220443
76561198161944513,0,0.003578315954655409,7,0.9817423806220443
76561198077130735,0,0.006275297608226538,7,0.9817423806220443
76561198367595998,0,0.0034828810021281242,7,0.9817423806220443
76561197983524238,0,0.13114023208618164,7,0.9817423806220443
76561199206483118,0,0.004691689740866423,7,0.9817423806220443
76561199112093059,0,0.012970234267413616,7,0.9817423806220443
76561199071649697,0,0.0037560274358838797,7,0.9817423806220443
76561199473686252,0,0.26872244477272034,7,0.9817423806220443
76561199012413703,0,0.003312324872240424,7,0.9817423806220443
76561199121795135,0,0.006127968896180391,7,0.9817423806220443
76561198134073516,0,0.003064727643504739,7,0.9817423806220443
76561198019207653,0,0.012738782912492752,7,0.9817423806220443
76561198952772410,0,0.16733583807945251,7,0.9817423806220443
76561198328881087,0,0.005502689629793167,7,0.9817423806220443
76561199169850904,0,0.019688354805111885,7,0.9817423806220443
76561198799201577,0,0.003531757276505232,7,0.9817423806220443
76561198097058802,0,0.010143780149519444,7,0.9817423806220443
76561199467252364,0,0.006435638293623924,7,0.9817423806220443
76561198800075358,0,0.003921817522495985,7,0.9817423806220443
76561198048082555,0,0.6911911368370056,7,0.9817423806220443
76561198052694718,1,0.978737473487854,7,0.9817423806220443
76561197990102806,0,0.9276459813117981,7,0.9817423806220443
76561198857326988,0,0.4205135703086853,7,0.9817423806220443
76561198053340888,0,0.4715644121170044,7,0.9817423806220443
76561198093896235,0,0.005240126978605986,7,0.9817423806220443
76561198314057259,0,0.299116849899292,7,0.9817423806220443
76561197962318901,0,0.23199522495269775,7,0.9817423806220443
76561198872398225,1,0.9906274080276489,7,0.9817423806220443
76561198432064630,0,0.01871473342180252,7,0.9817423806220443
76561198262387791,0,0.2809835374355316,7,0.9817423806220443
76561197960881227,0,0.8579225540161133,7,0.9817423806220443
76561198052350575,0,0.2567639946937561,7,0.9817423806220443
76561199093558493,0,0.09947147220373154,7,0.9817423806220443
76561198291045424,0,0.2430967390537262,7,0.9817423806220443
76561198034179252,0,0.16838428378105164,7,0.9817423806220443
76561198095718428,0,0.01916903629899025,7,0.9817423806220443
76561197975663856,1,0.6739585399627686,7,0.9817423806220443
76561198165728511,1,0.989827036857605,7,0.9817423806220443
76561197997795831,0,0.2702374756336212,7,0.9817423806220443
76561199426143668,0,0.0045426348224282265,7,0.9817423806220443
76561198025180875,0,0.0808573067188263,7,0.9817423806220443
76561198012170447,1,0.3668144941329956,7,0.9817423806220443
76561198167922066,0,0.0059030549600720406,7,0.9817423806220443
76561198105417511,0,0.9598987698554993,7,0.9817423806220443
76561198075880625,1,0.9942498207092285,7,0.9817423806220443
76561199085402698,0,0.04152972623705864,7,0.9817423806220443
76561198211852801,0,0.05956050753593445,7,0.9817423806220443
76561199107695705,0,0.004562757443636656,7,0.9817423806220443
76561198337201782,0,0.4532029330730438,7,0.9817423806220443
76561198381669531,1,0.9770769476890564,7,0.9817423806220443
76561198084666526,0,0.034341566264629364,7,0.9817423806220443
76561198085251236,0,0.02320728823542595,7,0.9817423806220443
76561198035140407,0,0.6640835404396057,7,0.9817423806220443
76561198083461937,0,0.008527725003659725,7,0.9817423806220443
76561198438997783,0,0.017159322276711464,7,0.9817423806220443
76561198102138194,0,0.004759837873280048,7,0.9817423806220443
76561198801045814,0,0.003595746122300625,7,0.9817423806220443
76561198167428883,0,0.020591147243976593,7,0.9817423806220443
76561198166335709,0,0.012394542805850506,7,0.9817423806220443
76561198223325612,0,0.04058567434549332,7,0.9817423806220443
76561198284119371,0,0.003562101162970066,7,0.9817423806220443
76561198109513485,0,0.0046318769454956055,7,0.9817423806220443
76561198069676317,0,0.5532464981079102,7,0.9817423806220443
76561198180503791,0,0.029320672154426575,7,0.9817423806220443
76561198984706591,0,0.00839775986969471,7,0.9817423806220443
76561198005424717,0,0.022210100665688515,7,0.9817423806220443
76561198064603687,0,0.0039519332349300385,7,0.9817423806220443
76561199014617355,0,0.1580832600593567,7,0.9817423806220443
76561199094237959,0,0.003403094131499529,7,0.9817423806220443
76561199140066338,0,0.09117455780506134,7,0.9817423806220443
76561198007310404,0,0.3602767884731293,7,0.9817423806220443
76561198058101052,0,0.0568048320710659,7,0.9817423806220443
76561198180716757,0,0.07355521619319916,7,0.9817423806220443
76561198382156832,0,0.008078256621956825,7,0.9817423806220443
76561198872822385,0,0.004699513781815767,7,0.9817423806220443
76561199021286281,0,0.03428955748677254,7,0.9817423806220443
76561198047682923,0,0.06027827039361,7,0.9817423806220443
76561199164582808,0,0.007543980143964291,7,0.9817423806220443
76561197962786611,0,0.25836244225502014,7,0.9817423806220443
76561199101661752,0,0.009319698438048363,7,0.9817423806220443
76561199080474579,0,0.0031357076950371265,7,0.9817423806220443
76561198366633752,0,0.0717509388923645,7,0.9817423806220443
76561199572651194,0,0.003403094131499529,7,0.9817423806220443
76561198840054428,0,0.006719659082591534,7,0.9817423806220443
76561198067619544,0,0.11442055553197861,7,0.9817423806220443
76561198918594719,0,0.005926167592406273,7,0.9817423806220443
76561198383961731,0,0.0050695547834038734,7,0.9817423806220443
76561199029661283,0,0.003550212597474456,7,0.9817423806220443
76561199166937536,0,0.007849150337278843,7,0.9817423806220443
76561198072044901,0,0.004284640308469534,7,0.9817423806220443
76561198866371522,0,0.005422389600425959,7,0.9817423806220443
76561197984599052,0,0.18204961717128754,7,0.9817423806220443
76561198134651805,0,0.0045046196319162846,7,0.9817423806220443
76561199045821748,0,0.03358699753880501,7,0.9817423806220443
76561199190967037,1,0.9911631345748901,7,0.9817423806220443
76561198171704018,0,0.0062323929741978645,7,0.9817423806220443
76561198998527754,0,0.01467220764607191,7,0.9817423806220443
76561198042368635,0,0.06132799759507179,7,0.9817423806220443
76561198238787294,0,0.005584318656474352,7,0.9817423806220443
76561198379937204,0,0.38306018710136414,7,0.9817423806220443
76561198052816759,0,0.058630842715501785,7,0.9817423806220443
76561199031650276,1,0.9930616021156311,7,0.9817423806220443
76561198196661786,0,0.21690191328525543,7,0.9817423806220443
76561199255737030,0,0.013304950669407845,7,0.9817423806220443
76561198119465293,0,0.0034757028333842754,7,0.9817423806220443
76561198165157227,0,0.051887769252061844,7,0.9817423806220443
76561198015545005,0,0.1371668130159378,7,0.9817423806220443
76561199240055202,0,0.004144070670008659,7,0.9817423806220443
76561198024964647,0,0.17566992342472076,7,0.9817423806220443
76561198097040971,0,0.0660969465970993,7,0.9817423806220443
76561198831748258,0,0.016310585662722588,7,0.9817423806220443
76561198156314521,0,0.010470795445144176,7,0.9817423806220443
76561198813355788,0,0.02243475802242756,7,0.9817423806220443
76561198166557445,0,0.009825299493968487,7,0.9817423806220443
76561198145275919,0,0.10366543382406235,7,0.9817423806220443
76561198015762067,0,0.9604602456092834,7,0.9817423806220443
76561197993684438,0,0.005042535252869129,7,0.9817423806220443
76561198052954164,0,0.0042879763059318066,7,0.9817423806220443
76561199390207430,0,0.0034270738251507282,7,0.9817423806220443
76561199551514031,0,0.006532412953674793,7,0.9817423806220443
76561199175094932,0,0.007675536908209324,7,0.9817423806220443
76561198236464214,0,0.008967596106231213,7,0.9817423806220443
76561198417870911,0,0.08294810354709625,7,0.9817423806220443
76561199094694057,0,0.012972180731594563,7,0.9817423806220443
76561199218374895,0,0.003403094131499529,7,0.9817423806220443
76561198957585116,0,0.003830423578619957,7,0.9817423806220443
76561198863977518,0,0.5027158856391907,7,0.9817423806220443
76561199043548226,0,0.19754350185394287,7,0.9817423806220443
76561197983747976,0,0.40183085203170776,7,0.9817423806220443
76561199163467524,0,0.20209453999996185,7,0.9817423806220443
76561199015495610,0,0.329074501991272,7,0.9817423806220443
76561199244502806,0,0.0096952635794878,7,0.9817423806220443
76561198918440209,0,0.004277663771063089,7,0.9817423806220443
76561198213884737,0,0.4994277060031891,7,0.9817423806220443
76561199059739452,0,0.9276347756385803,7,0.9817423806220443
76561198388026269,0,0.5802185535430908,7,0.9817423806220443
76561199040837416,0,0.009282412007451057,7,0.9817423806220443
76561198120616096,0,0.3936043977737427,7,0.9817423806220443
76561198183733058,0,0.004374857526272535,7,0.9817423806220443
76561198337089238,0,0.09790154546499252,7,0.9817423806220443
76561199077665678,0,0.9843438863754272,7,0.9817423806220443
76561198095957608,0,0.031597863882780075,7,0.9817423806220443
76561198071184386,0,0.326019287109375,7,0.9817423806220443
76561198204657071,0,0.44549819827079773,7,0.9817423806220443
76561198322429543,0,0.05156854912638664,7,0.9817423806220443
76561198081063156,0,0.03844533488154411,7,0.9817423806220443
76561198069886599,0,0.1390688270330429,7,0.9817423806220443
76561198080646243,0,0.013680119067430496,7,0.9817423806220443
76561197961597647,0,0.3164939284324646,7,0.9817423806220443
76561198009986219,0,0.004660845268517733,7,0.9817423806220443
76561198310458019,0,0.08795015513896942,7,0.9817423806220443
76561198790315282,0,0.011160745285451412,7,0.9817423806220443
76561199661059154,0,0.007083699572831392,7,0.9817423806220443
76561199227683315,0,0.20455284416675568,7,0.9817423806220443
76561199109944417,0,0.08895865827798843,7,0.9817423806220443
76561198013358128,0,0.07561825960874557,7,0.9817423806220443
76561197970423067,0,0.5502815246582031,7,0.9817423806220443
76561198171138213,0,0.004493117332458496,7,0.9817423806220443
76561199111489032,0,0.0033347539138048887,7,0.9817423806220443
76561198928141984,0,0.9484528303146362,7,0.9817423806220443
76561199088384729,0,0.03796108439564705,7,0.9817423806220443
76561198112206488,0,0.21927855908870697,7,0.9817423806220443
76561199124811276,0,0.4065462350845337,7,0.9817423806220443
76561198133590620,0,0.37431371212005615,7,0.9817423806220443
76561198057013594,0,0.10581003129482269,7,0.9817423806220443
76561198047400910,0,0.05805160105228424,7,0.9817423806220443
76561197998713098,0,0.007345770485699177,7,0.9817423806220443
76561198168479940,0,0.4254836142063141,7,0.9817423806220443
76561198962070883,0,0.006630714517086744,7,0.9817423806220443
76561199315876955,0,0.003801343496888876,7,0.9817423806220443
76561199058969928,0,0.04293056204915047,7,0.9817423806220443
76561199150843701,0,0.008136453106999397,7,0.9817423806220443
76561199017797620,0,0.004176639951765537,7,0.9817423806220443
76561199236118721,0,0.018858803436160088,7,0.9817423806220443
76561199113716816,0,0.33304470777511597,7,0.9817423806220443
76561199095085529,0,0.0043278904631733894,7,0.9817423806220443
76561198991855959,0,0.026951178908348083,7,0.9817423806220443
76561198058273726,0,0.14312957227230072,7,0.9817423806220443
76561198005549245,0,0.020941240713000298,7,0.9817423806220443
76561199185230277,0,0.06804494559764862,7,0.9817423806220443
76561199386472743,0,0.046904608607292175,7,0.9817423806220443
76561198295790943,0,0.013891448266804218,7,0.9817423806220443
76561198234803496,0,0.003403094131499529,7,0.9817423806220443
76561199013627846,0,0.023037876933813095,7,0.9817423806220443
76561199234062361,0,0.009783829562366009,7,0.9817423806220443
76561197998138711,0,0.003514309413731098,7,0.9817423806220443
76561199025426643,0,0.006297011394053698,7,0.9817423806220443
76561198350688027,0,0.003828838700428605,7,0.9817423806220443
76561199256411034,0,0.0060607558116316795,7,0.9817423806220443
76561198916146067,1,0.9702702164649963,7,0.9817423806220443
76561198889047447,0,0.0042181676253676414,7,0.9817423806220443
76561199515042305,0,0.01214661542326212,7,0.9817423806220443
76561198423843106,0,0.18308740854263306,7,0.9817423806220443
76561198110008467,0,0.010922527872025967,7,0.9817423806220443
76561198243172426,0,0.0033389406744390726,7,0.9817423806220443
76561199244818240,0,0.03735431656241417,7,0.9817423806220443
76561198309903967,0,0.01707226224243641,7,0.9817423806220443
76561198092853000,0,0.005299179814755917,7,0.9817423806220443
76561199805200524,0,0.009603364393115044,7,0.9817423806220443
76561197973500665,0,0.14290283620357513,7,0.9817423806220443
76561198138869991,0,0.01875023916363716,7,0.9817423806220443
76561198094033876,0,0.009791108779609203,7,0.9817423806220443
76561198351424523,0,0.04048113152384758,7,0.9817423806220443
76561199243662733,0,0.003578315954655409,7,0.9817423806220443
76561199069969843,0,0.026416627690196037,7,0.9817423806220443
76561199665297229,0,0.0033389406744390726,7,0.9817423806220443
76561199219960941,0,0.0066717080771923065,7,0.9817423806220443
76561199212000750,0,0.006297011394053698,7,0.9817423806220443
76561198800093042,0,0.003827887587249279,7,0.9817423806220443
76561199436857452,0,0.003403094131499529,7,0.9817423806220443
76561199587560722,0,0.03275413066148758,7,0.9817423806220443
76561199066775022,0,0.010116898454725742,7,0.9817423806220443
76561199404938984,0,0.004451711196452379,7,0.9817423806220443
76561199525390966,0,0.007429125718772411,7,0.9817423806220443
76561198840921989,0,0.012994448654353619,7,0.9817423806220443
76561198235249608,0,0.004640751052647829,7,0.9817423806220443
76561198124822796,0,0.6673028469085693,7,0.9817423806220443
76561198397792831,0,0.003403094131499529,7,0.9817423806220443
76561198277401491,0,0.003403094131499529,7,0.9817423806220443
76561198181636743,0,0.005812046118080616,7,0.9817423806220443
76561198306368090,0,0.00796716008335352,7,0.9817423806220443
76561198073408437,1,0.8425313830375671,7,0.9817423806220443
76561198204532008,0,0.008983960375189781,7,0.9817423806220443
76561198102406899,0,0.789056122303009,7,0.9817423806220443
76561198216816553,0,0.27945366501808167,7,0.9817423806220443
76561198331372987,0,0.019563278183341026,7,0.9817423806220443
76561198046313334,0,0.6222172975540161,7,0.9817423806220443
76561198110238382,0,0.20117564499378204,7,0.9817423806220443
76561199117773411,0,0.011655604466795921,7,0.9817423806220443
76561199001263867,0,0.06254574656486511,7,0.9817423806220443
76561199246602008,0,0.004715551156550646,7,0.9817423806220443
76561198331607229,0,0.20497135818004608,7,0.9817423806220443
76561198273587677,0,0.7860257029533386,7,0.9817423806220443
76561198798682777,0,0.38198286294937134,7,0.9817423806220443
76561199501440701,0,0.23020149767398834,7,0.9817423806220443
76561199009699043,0,0.04923033341765404,7,0.9817423806220443
76561198222791488,0,0.2632754445075989,7,0.9817423806220443
76561199107405871,0,0.030101949349045753,7,0.9817423806220443
76561198071255123,0,0.007277938071638346,7,0.9817423806220443
76561198170415503,1,0.9784925580024719,7,0.9817423806220443
76561198955084119,0,0.10094652324914932,7,0.9817423806220443
76561198798651752,1,0.3860952854156494,7,0.9817423806220443
76561197979778736,0,0.26590803265571594,7,0.9817423806220443
76561197994226074,0,0.0706375390291214,7,0.9817423806220443
76561198052942128,0,0.010544488206505775,7,0.9817423806220443
76561198061703474,0,0.1121755838394165,7,0.9817423806220443
76561198099043782,0,0.004680231679230928,7,0.9817423806220443
76561199215738289,0,0.003550212597474456,7,0.9817423806220443
76561199379071839,0,0.16335541009902954,7,0.9817423806220443
76561199073463186,0,0.28982028365135193,7,0.9817423806220443
76561198278992355,0,0.06990481168031693,7,0.9817423806220443
76561198404667662,0,0.21955174207687378,7,0.9817423806220443
76561198050149352,0,0.8411152362823486,7,0.9817423806220443
76561198218303587,0,0.025425441563129425,7,0.9817423806220443
76561199206368395,0,0.9030203223228455,7,0.9817423806220443
76561199033323879,0,0.007523380685597658,7,0.9817423806220443
76561198037315338,0,0.1510019153356552,7,0.9817423806220443
76561199122051905,0,0.5946827530860901,7,0.9817423806220443
76561197966538378,0,0.009808807633817196,7,0.9817423806220443
76561198065594611,1,0.8781148791313171,7,0.9817423806220443
76561198119622339,0,0.012737025506794453,7,0.9817423806220443
76561198064576268,0,0.5064703822135925,7,0.9817423806220443
76561198217857041,0,0.05612039566040039,7,0.9817423806220443
76561198836783537,0,0.007629736792296171,7,0.9817423806220443
76561198289520316,0,0.006902655120939016,7,0.9817423806220443
76561198015902745,0,0.058744464069604874,7,0.9817423806220443
76561198100919360,0,0.00396249582991004,7,0.9817423806220443
76561199461202746,0,0.37348827719688416,7,0.9817423806220443
76561198227874220,0,0.05591321364045143,7,0.9817423806220443
76561198860044282,0,0.011737884022295475,7,0.9817423806220443
76561199375485078,0,0.008671070449054241,7,0.9817423806220443
76561198356913140,0,0.16259516775608063,7,0.9817423806220443
76561199094254963,0,0.8514260649681091,7,0.9817423806220443
76561198026562172,0,0.09269997477531433,7,0.9817423806220443
76561198027651926,0,0.028531143441796303,7,0.9817423806220443
76561198960763938,0,0.05785546824336052,7,0.9817423806220443
76561199365647167,0,0.018311457708477974,7,0.9817423806220443
76561199240864443,0,0.003403094131499529,7,0.9817423806220443
76561198008324303,0,0.008684725500643253,7,0.9817423806220443
76561198039507186,0,0.12314905971288681,7,0.9817423806220443
76561199748979308,0,0.018517302349209785,7,0.9817423806220443
76561198996724970,0,0.9929599165916443,7,0.9817423806220443
76561199756246734,0,0.033640820533037186,7,0.9817423806220443
76561199186626697,0,0.014590227976441383,7,0.9817423806220443
76561198269531441,0,0.003578315954655409,7,0.9817423806220443
76561198257050515,0,0.5724455714225769,7,0.9817423806220443
76561199077442729,0,0.016210809350013733,7,0.9817423806220443
76561199101400701,0,0.018009671941399574,7,0.9817423806220443
76561199206289624,0,0.9682403802871704,7,0.9817423806220443
76561198403596566,0,0.4815041422843933,7,0.9817423806220443
76561198027368412,0,0.005713979713618755,7,0.9817423806220443
76561197960874095,0,0.007574602961540222,7,0.9817423806220443
76561199192346646,0,0.007478560321033001,7,0.9817423806220443
76561198369218016,1,0.9751542210578918,7,0.9817423806220443
76561198187600945,0,0.32972270250320435,7,0.9817423806220443
76561198051781480,0,0.00763503136113286,7,0.9817423806220443
76561198130578325,0,0.031502190977334976,7,0.9817423806220443
76561199155934047,0,0.010646934621036053,7,0.9817423806220443
76561197995312702,0,0.07060296833515167,7,0.9817423806220443
76561198080109732,0,0.03156547620892525,7,0.9817423806220443
76561199108259002,0,0.02066134475171566,7,0.9817423806220443
76561199137441147,0,0.04107159748673439,7,0.9817423806220443
76561198034112506,0,0.9504796266555786,7,0.9817423806220443
76561197984366487,0,0.017909182235598564,7,0.9817423806220443
76561198130917564,0,0.0699496641755104,7,0.9817423806220443
76561197970333883,0,0.1201077476143837,7,0.9817423806220443
76561198112401651,0,0.005189915187656879,7,0.9817423806220443
76561198166515097,0,0.42033055424690247,7,0.9817423806220443
76561198121331980,0,0.004753085784614086,7,0.9817423806220443
76561198353621239,0,0.5893999934196472,7,0.9817423806220443
76561198036622170,0,0.003403094131499529,7,0.9817423806220443
76561199415304592,0,0.02019408717751503,7,0.9817423806220443
76561198416017553,0,0.03789498656988144,7,0.9817423806220443
76561198407200912,0,0.018240612000226974,7,0.9817423806220443
76561198032602140,0,0.2538146674633026,7,0.9817423806220443
76561199015738797,1,0.9731130599975586,7,0.9817423806220443
76561198883328389,0,0.010766447521746159,7,0.9817423806220443
76561198063890963,0,0.015243425033986568,7,0.9817423806220443
76561198048419590,0,0.06343734264373779,7,0.9817423806220443
76561198100897896,0,0.07459234446287155,7,0.9817423806220443
76561198351247400,0,0.01873401366174221,7,0.9817423806220443
76561198006591851,0,0.01570850796997547,7,0.9817423806220443
76561198137384742,0,0.01952376402914524,7,0.9817423806220443
76561199182454825,0,0.0032838487531989813,7,0.9817423806220443
76561198189233119,0,0.013267642818391323,7,0.9817423806220443
76561198144352785,0,0.01233082078397274,7,0.9817423806220443
76561198125555305,0,0.017148155719041824,7,0.9817423806220443
76561198094839967,0,0.11625638604164124,7,0.9817423806220443
76561198092107762,1,0.9884176850318909,7,0.9817423806220443
76561199467725201,0,0.8906235098838806,7,0.9817423806220443
76561198028856609,0,0.9924207329750061,7,0.9817423806220443
76561198151079303,0,0.8499120473861694,7,0.9817423806220443
76561197997074475,0,0.32023459672927856,7,0.9817423806220443
76561197972374255,0,0.6138292551040649,7,0.9817423806220443
76561198888498662,0,0.11521641910076141,7,0.9817423806220443
76561198869785700,0,0.18768823146820068,7,0.9817423806220443
76561199390493245,0,0.8016930818557739,7,0.9817423806220443
76561199083501472,0,0.022785747423768044,7,0.9817423806220443
76561199049887273,0,0.005517546087503433,7,0.9817423806220443
76561199085341038,0,0.21085824072360992,7,0.9817423806220443
76561197973439748,0,0.00454231072217226,7,0.9817423806220443
76561198177848023,0,0.20393861830234528,7,0.9817423806220443
76561198842622831,0,0.00988202914595604,7,0.9817423806220443
76561198143738401,0,0.7450494766235352,7,0.9817423806220443
76561198300027853,0,0.20979079604148865,7,0.9817423806220443
76561198134175412,0,0.6248369812965393,7,0.9817423806220443
76561199483788535,0,0.040549494326114655,7,0.9817423806220443
76561198305827202,0,0.12834210693836212,7,0.9817423806220443
76561198022554460,0,0.0034270738251507282,7,0.9817423806220443
76561199012109118,0,0.9888749122619629,7,0.9817423806220443
76561199448879445,0,0.004272559192031622,7,0.9817423806220443
76561198327837637,0,0.005008119158446789,7,0.9817423806220443
76561198279396244,1,0.9853718876838684,7,0.9817423806220443
76561198067508298,0,0.399246484041214,7,0.9817423806220443
76561197970812614,0,0.956619381904602,7,0.9817423806220443
76561199537263187,0,0.554887592792511,7,0.9817423806220443
76561199531997626,0,0.05080380663275719,7,0.9817423806220443
76561198338765083,0,0.024795498698949814,7,0.9817423806220443
76561197996038995,0,0.7672630548477173,7,0.9817423806220443
76561198872011329,0,0.0034270738251507282,7,0.9817423806220443
76561198317371432,0,0.2697587311267853,7,0.9817423806220443
76561198089251070,0,0.0035144893918186426,7,0.9817423806220443
76561199230699828,0,0.004226954188197851,7,0.9817423806220443
76561199007047413,0,0.003719566622748971,7,0.9817423806220443
76561198337874430,0,0.01572825014591217,7,0.9817423806220443
76561199097994600,0,0.0049781533889472485,7,0.9817423806220443
76561198182800209,0,0.03441851586103439,7,0.9817423806220443
76561199404717404,0,0.013252925127744675,7,0.9817423806220443
76561198076872789,0,0.9868001937866211,7,0.9817423806220443
76561198886117851,0,0.8486913442611694,7,0.9817423806220443
76561198151547553,0,0.04098806157708168,7,0.9817423806220443
76561198859595534,0,0.10562777519226074,7,0.9817423806220443
76561198042929787,0,0.19918909668922424,7,0.9817423806220443
76561198029519642,0,0.084325410425663,7,0.9817423806220443
76561198184050257,1,0.9860169291496277,7,0.9817423806220443
76561197986818665,0,0.006191730499267578,7,0.9817423806220443
76561198107983972,0,0.17822302877902985,7,0.9817423806220443
76561198807074499,0,0.003578315954655409,7,0.9817423806220443
76561199731548290,0,0.09412286430597305,7,0.9817423806220443
76561198031055161,0,0.08599831908941269,7,0.9817423806220443
76561198044137685,0,0.003269016742706299,7,0.9817423806220443
76561198805575891,0,0.021877046674489975,7,0.9817423806220443
76561199112646054,0,0.031011058017611504,7,0.9817423806220443
76561198966922410,0,0.09423627704381943,7,0.9817423806220443
76561199049336037,0,0.003550212597474456,7,0.9817423806220443
76561198057364322,0,0.004672117996960878,7,0.9817423806220443
76561198153810597,0,0.004847983364015818,7,0.9817423806220443
76561199508006851,0,0.19460956752300262,7,0.9817423806220443
76561199045232750,0,0.9611825346946716,7,0.9817423806220443
76561199064223044,0,0.2666519284248352,7,0.9817423806220443
76561199013748133,0,0.0051148333586752415,7,0.9817423806220443
76561198000605746,0,0.005243344232439995,7,0.9817423806220443
76561198045115594,0,0.21616274118423462,7,0.9817423806220443
76561197997805429,0,0.007394714746624231,7,0.9817423806220443
76561198414792239,0,0.003064727643504739,7,0.9817423806220443
76561198403780187,0,0.019650191068649292,7,0.9817423806220443
76561199161866360,0,0.043204549700021744,7,0.9817423806220443
76561198797038519,0,0.01347353495657444,7,0.9817423806220443
76561199139412097,0,0.012035791762173176,7,0.9817423806220443
76561198153709134,0,0.004547203425318003,7,0.9817423806220443
76561198347394285,0,0.124067522585392,7,0.9817423806220443
76561198199389289,0,0.003578315954655409,7,0.9817423806220443
76561198196637387,0,0.01978454738855362,7,0.9817423806220443
76561198107681129,0,0.008051359094679356,7,0.9817423806220443
76561199506130631,0,0.0945976972579956,7,0.9817423806220443
76561198094115343,0,0.13069996237754822,7,0.9817423806220443
76561199669006397,0,0.010812714695930481,7,0.9817423806220443
76561198381444274,0,0.09200923144817352,7,0.9817423806220443
76561198055745909,0,0.0063773556612432,7,0.9817423806220443
76561198000733650,0,0.0038156607188284397,7,0.9817423806220443
76561197965142151,0,0.0064168996177613735,7,0.9817423806220443
76561198557094279,0,0.005547885317355394,7,0.9817423806220443
76561199499983807,0,0.025015709921717644,7,0.9817423806220443
76561199231410184,0,0.003403094131499529,7,0.9817423806220443
76561198438663216,0,0.0038671272341161966,7,0.9817423806220443
76561198319628978,0,0.012380204163491726,7,0.9817423806220443
76561198074220553,0,0.074435293674469,7,0.9817423806220443
76561198097699227,0,0.009706317447125912,7,0.9817423806220443
76561198376758034,0,0.009794017300009727,7,0.9817423806220443
76561198975220117,0,0.01654966175556183,7,0.9817423806220443
76561199089888682,0,0.004812739323824644,7,0.9817423806220443
76561198272466421,0,0.010660423897206783,7,0.9817423806220443
76561198216400789,0,0.8416740298271179,7,0.9817423806220443
76561199142091948,0,0.003403094131499529,7,0.9817423806220443
76561199190266009,0,0.0055086202919483185,7,0.9817423806220443
76561198005921819,0,0.011820421554148197,7,0.9817423806220443
76561199090643270,0,0.006749565713107586,7,0.9817423806220443
76561198089312918,0,0.025478050112724304,7,0.9817423806220443
76561198063961087,0,0.7838355898857117,7,0.9817423806220443
76561199031067985,0,0.5123940706253052,7,0.9817423806220443
76561198067221872,0,0.02656320296227932,7,0.9817423806220443
76561198822441010,0,0.9653576016426086,7,0.9817423806220443
76561199181360105,0,0.2579944133758545,7,0.9817423806220443
76561199112077600,0,0.5153045058250427,7,0.9817423806220443
76561199238806994,0,0.006921327672898769,7,0.9817423806220443
76561198146674239,0,0.670216977596283,7,0.9817423806220443
76561199192310989,0,0.34747400879859924,7,0.9817423806220443
76561198166036503,1,0.9850446581840515,7,0.9817423806220443
76561198155228676,0,0.2043064534664154,7,0.9817423806220443
76561198816171773,0,0.5161583423614502,7,0.9817423806220443
76561198188918079,1,0.9877859354019165,7,0.9817423806220443
76561198033368128,0,0.09415986388921738,7,0.9817423806220443
76561198372137101,0,0.007534804288297892,7,0.9817423806220443
76561198010221188,0,0.003319304436445236,7,0.9817423806220443
76561198056682277,0,0.21385201811790466,7,0.9817423806220443
76561198972178386,0,0.1010635569691658,7,0.9817423806220443
76561198075639439,0,0.01808689534664154,7,0.9817423806220443
76561198111506689,0,0.03382138907909393,7,0.9817423806220443
76561198078176280,0,0.006917969789355993,7,0.9817423806220443
76561198139140188,1,0.8005551695823669,7,0.9817423806220443
76561199734377342,0,0.014549938030540943,7,0.9817423806220443
76561197969552828,0,0.8114181756973267,7,0.9817423806220443
76561198066222886,0,0.005055921617895365,7,0.9817423806220443
76561197997688469,0,0.9441839456558228,7,0.9817423806220443
76561199067361911,0,0.003403094131499529,7,0.9817423806220443
76561198860885311,0,0.005080750677734613,7,0.9817423806220443
76561199010297272,0,0.151541605591774,7,0.9817423806220443
76561198006702066,0,0.1890420764684677,7,0.9817423806220443
76561198042057851,0,0.02574886381626129,7,0.9817423806220443
76561198341306856,1,0.9716240763664246,7,0.9817423806220443
76561198062523279,0,0.004264193121343851,7,0.9817423806220443
76561198157749870,0,0.006532115861773491,7,0.9817423806220443
76561198107575945,0,0.005389194469898939,7,0.9817423806220443
76561198063328194,0,0.5028679966926575,7,0.9817423806220443
76561197969747774,0,0.022566545754671097,7,0.9817423806220443
76561198143959934,0,0.33033978939056396,7,0.9817423806220443
76561198011628074,0,0.02100774273276329,7,0.9817423806220443
76561198068954536,0,0.0038632384967058897,7,0.9817423806220443
76561198010532085,0,0.004696279298514128,7,0.9817423806220443
76561198891715543,0,0.10636535286903381,7,0.9817423806220443
76561199045203570,0,0.004306867718696594,7,0.9817423806220443
76561197983467886,0,0.17714016139507294,7,0.9817423806220443
76561198024755615,0,0.009618374519050121,7,0.9817423806220443
76561198082956199,0,0.09993384778499603,7,0.9817423806220443
76561198068332557,0,0.1442263424396515,7,0.9817423806220443
76561199468478293,1,0.9924973249435425,7,0.9817423806220443
76561198294342281,0,0.00867597758769989,7,0.9817423806220443
76561199444856597,0,0.00682104704901576,7,0.9817423806220443
76561199229693404,0,0.008916388265788555,7,0.9817423806220443
76561199029276659,0,0.048388391733169556,7,0.9817423806220443
76561198033558452,0,0.003597002010792494,7,0.9817423806220443
76561198133652520,0,0.023044027388095856,7,0.9817423806220443
76561198013730833,0,0.007792811840772629,7,0.9817423806220443
76561198292554006,0,0.07623197883367538,7,0.9817423806220443
76561198976467081,0,0.7692767977714539,7,0.9817423806220443
76561198333024000,0,0.2607136368751526,7,0.9817423806220443
76561199236576200,0,0.016885830089449883,7,0.9817423806220443
76561199118497068,0,0.019522154703736305,7,0.9817423806220443
76561199466818137,0,0.51445072889328,7,0.9817423806220443
76561198412434924,0,0.011657928116619587,7,0.9817423806220443
76561198158541267,0,0.020056486129760742,7,0.9817423806220443
76561198146595282,0,0.11353670060634613,7,0.9817423806220443
76561199404880124,0,0.004595625679939985,7,0.9817423806220443
76561198015572417,0,0.08906251192092896,7,0.9817423806220443
76561199589129654,0,0.012561087496578693,7,0.9817423806220443
76561199190142347,0,0.005460237618535757,7,0.9817423806220443
76561198930481221,0,0.16296394169330597,7,0.9817423806220443
76561198070333362,0,0.010030677542090416,7,0.9817423806220443
76561198180231405,0,0.0496726930141449,7,0.9817423806220443
76561198843250469,0,0.019370466470718384,7,0.9817423806220443
76561198953885443,0,0.4261578917503357,7,0.9817423806220443
76561198192456595,0,0.13494457304477692,7,0.9817423806220443
76561198453016238,0,0.004699597135186195,7,0.9817423806220443
76561199229393271,0,0.009119064547121525,7,0.9817423806220443
76561198254204217,0,0.013911278918385506,7,0.9817423806220443
76561199594132383,0,0.008381087332963943,7,0.9817423806220443
76561197994863974,0,0.01835557632148266,7,0.9817423806220443
76561199120343598,0,0.013458090834319592,7,0.9817423806220443
76561198319396376,0,0.06291922181844711,7,0.9817423806220443
76561198031063779,0,0.003628771286457777,7,0.9817423806220443
76561198433675096,0,0.060886602848768234,7,0.9817423806220443
76561198259748778,0,0.7576673626899719,7,0.9817423806220443
76561198963289925,0,0.005643599200993776,7,0.9817423806220443
76561198402482626,0,0.003944914322346449,7,0.9817423806220443
76561199064523701,0,0.07316885888576508,7,0.9817423806220443
76561199037636058,0,0.9800573587417603,7,0.9817423806220443
76561198202958346,0,0.02312706783413887,7,0.9817423806220443
76561198032067536,0,0.006740808952599764,7,0.9817423806220443
76561199072294155,0,0.0096952635794878,7,0.9817423806220443
76561199497683229,0,0.003403094131499529,7,0.9817423806220443
76561199486101981,0,0.007481144275516272,7,0.9817423806220443
76561198142323462,0,0.06378010660409927,7,0.9817423806220443
76561198061787565,0,0.005285333376377821,7,0.9817423806220443
76561198277060850,0,0.07649930566549301,7,0.9817423806220443
76561198035281085,0,0.005258412566035986,7,0.9817423806220443
76561199066961212,0,0.02223314344882965,7,0.9817423806220443
76561198028123368,0,0.27824896574020386,7,0.9817423806220443
76561199157237086,0,0.04077555239200592,7,0.9817423806220443
76561198341362994,0,0.03330450877547264,7,0.9817423806220443
76561199131336022,0,0.004186844453215599,7,0.9817423806220443
76561199508805210,0,0.00806434452533722,7,0.9817423806220443
76561198002180298,0,0.9281472563743591,7,0.9817423806220443
76561199249457605,0,0.008297747932374477,7,0.9817423806220443
76561198135513184,0,0.013916186057031155,7,0.9817423806220443
76561198066250717,0,0.1803804188966751,7,0.9817423806220443
76561199013146990,0,0.008079688996076584,7,0.9817423806220443
76561199125056059,1,0.9798174500465393,7,0.9817423806220443
76561198880570555,0,0.007651602849364281,7,0.9817423806220443
76561198312069459,0,0.5922305583953857,7,0.9817423806220443
76561198067704420,0,0.14569228887557983,7,0.9817423806220443
76561198211844532,0,0.09683837741613388,7,0.9817423806220443
76561199103292651,0,0.02956349030137062,7,0.9817423806220443
76561198074452628,0,0.01230221800506115,7,0.9817423806220443
76561198156005006,0,0.007615006063133478,7,0.9817423806220443
76561198810677014,0,0.018849816173315048,7,0.9817423806220443
76561199417210228,0,0.7571603059768677,7,0.9817423806220443
76561198088570954,0,0.016802772879600525,7,0.9817423806220443
76561198394224446,0,0.1760961413383484,7,0.9817423806220443
76561198078087504,0,0.43280285596847534,7,0.9817423806220443
76561198840498540,0,0.49210742115974426,7,0.9817423806220443
76561198102104761,0,0.8098899722099304,7,0.9817423806220443
76561199111102684,0,0.3181934952735901,7,0.9817423806220443
76561198071466365,0,0.01489129476249218,7,0.9817423806220443
76561198140390041,0,0.007481144275516272,7,0.9817423806220443
76561198016224089,0,0.02455383725464344,7,0.9817423806220443
76561199036530472,0,0.007051654625684023,7,0.9817423806220443
76561198203704907,0,0.003963064402341843,7,0.9817423806220443
76561198423215159,0,0.006532412953674793,7,0.9817423806220443
76561199175135938,0,0.028990494087338448,7,0.9817423806220443
76561198330740942,0,0.5660569667816162,7,0.9817423806220443
76561198293507185,0,0.07317992299795151,7,0.9817423806220443
76561198419258545,0,0.025669865310192108,7,0.9817423806220443
76561198879036607,0,0.04321491718292236,7,0.9817423806220443
76561198101722468,0,0.0408172607421875,7,0.9817423806220443
76561198038848104,0,0.0820138156414032,7,0.9817423806220443
76561198128717410,0,0.025679240003228188,7,0.9817423806220443
76561198302297820,0,0.004937800113111734,7,0.9817423806220443
76561198325596525,0,0.2666292190551758,7,0.9817423806220443
76561199071963450,0,0.007827015593647957,7,0.9817423806220443
76561199017404717,0,0.003546619787812233,7,0.9817423806220443
76561198024472564,0,0.04267143830657005,7,0.9817423806220443
76561198173491173,0,0.016840247437357903,7,0.9817423806220443
76561199115676585,0,0.008332334458827972,7,0.9817423806220443
76561198121557447,0,0.5150682330131531,7,0.9817423806220443
76561199217642402,0,0.027860114350914955,7,0.9817423806220443
76561199130815300,0,0.012528977356851101,7,0.9817423806220443
76561199209150978,0,0.08012375980615616,7,0.9817423806220443
76561198059429963,0,0.05586221069097519,7,0.9817423806220443
76561198833240312,0,0.06719627231359482,7,0.9817423806220443
76561198023728415,0,0.006607668939977884,7,0.9817423806220443
76561198100214631,0,0.008957726880908012,7,0.9817423806220443
76561198437728534,0,0.03625044599175453,7,0.9817423806220443
76561199230444508,0,0.0778949111700058,7,0.9817423806220443
76561197997593629,0,0.2742083966732025,7,0.9817423806220443
76561199013668116,0,0.010290524922311306,7,0.9817423806220443
76561199350321957,0,0.03652988374233246,7,0.9817423806220443
76561198003307218,0,0.03165941312909126,7,0.9817423806220443
76561198144173818,0,0.006713217590004206,7,0.9817423806220443
76561198112251383,0,0.008648285642266273,7,0.9817423806220443
76561199568750877,0,0.0158377792686224,7,0.9817423806220443
76561198441467374,0,0.01852770335972309,7,0.9817423806220443
76561199048563260,0,0.006247828248888254,7,0.9817423806220443
76561198043023630,0,0.008146456442773342,7,0.9817423806220443
76561198431672463,0,0.003608341794461012,7,0.9817423806220443
76561197994826185,0,0.008324875496327877,7,0.9817423806220443
76561198016042326,0,0.028634587302803993,7,0.9817423806220443
76561199174451201,0,0.027328943833708763,7,0.9817423806220443
76561199441335555,0,0.006342923268675804,7,0.9817423806220443
76561199211402862,0,0.008905725553631783,7,0.9817423806220443
76561199011706275,0,0.0033347539138048887,7,0.9817423806220443
76561199197901537,0,0.9836047291755676,7,0.9817423806220443
76561198824818182,0,0.00363475875928998,7,0.9817423806220443
76561198093655826,0,0.9769672155380249,7,0.9817423806220443
76561199713500410,0,0.006297011394053698,7,0.9817423806220443
76561199743838284,0,0.021399812772870064,7,0.9817423806220443
76561199079361552,0,0.0037018076982349157,7,0.9817423806220443
76561198301123522,0,0.03014126420021057,7,0.9817423806220443
76561198110095525,0,0.003651974955573678,7,0.9817423806220443
76561199653403222,0,0.0037193382158875465,7,0.9817423806220443
76561199390314732,0,0.011546781286597252,7,0.9817423806220443
76561199256403298,0,0.00873261597007513,7,0.9817423806220443
76561199583810473,1,0.9895181059837341,7,0.9817423806220443
76561198872234861,0,0.007048224098980427,7,0.9817423806220443
76561199224279446,0,0.04032399505376816,7,0.9817423806220443
76561197994111382,0,0.005299179814755917,7,0.9817423806220443
76561198091640897,0,0.007060508243739605,7,0.9817423806220443
76561199062267830,0,0.008845817297697067,7,0.9817423806220443
76561198004369587,0,0.010133644565939903,7,0.9817423806220443
76561198388026932,0,0.009706167504191399,7,0.9817423806220443
76561199184524966,0,0.004041304811835289,7,0.9817423806220443
76561198408023201,0,0.7126898765563965,7,0.9817423806220443
76561198207917396,0,0.021886136382818222,7,0.9817423806220443
76561199231125610,0,0.043976131826639175,7,0.9817423806220443
76561199225885644,0,0.004349310416728258,7,0.9817423806220443
76561198037228486,0,0.003441502107307315,7,0.9817423806220443
76561199549032534,0,0.027089012786746025,7,0.9817423806220443
76561198192220710,0,0.04498482495546341,7,0.9817423806220443
76561199031642688,0,0.01871701516211033,7,0.9817423806220443
76561198837871785,0,0.003403094131499529,7,0.9817423806220443
76561198073000825,0,0.037988364696502686,7,0.9817423806220443
76561198830088151,1,0.8933286666870117,7,0.9817423806220443
76561199542559232,0,0.009881227277219296,7,0.9817423806220443
76561198367860780,0,0.05674925073981285,7,0.9817423806220443
76561199058205154,0,0.13915061950683594,7,0.9817423806220443
76561198994333372,0,0.009386473335325718,7,0.9817423806220443
76561198043991993,1,0.9915265440940857,7,0.9817423806220443
76561198161507860,0,0.004181517753750086,7,0.9817423806220443
76561198993145819,0,0.05770641565322876,7,0.9817423806220443
76561198080774407,0,0.09220678359270096,7,0.9817423806220443
76561198041236512,0,0.35590773820877075,7,0.9817423806220443
76561198867284359,0,0.050768040120601654,7,0.9817423806220443
76561198216745619,0,0.08911308646202087,7,0.9817423806220443
76561198046682812,0,0.30392083525657654,7,0.9817423806220443
76561199244544368,0,0.0037734643556177616,7,0.9817423806220443
76561198060291452,0,0.017276981845498085,7,0.9817423806220443
76561198046528355,0,0.02993995137512684,7,0.9817423806220443
76561198068431013,0,0.12569943070411682,7,0.9817423806220443
76561198173775525,0,0.06889151781797409,7,0.9817423806220443
76561199167762840,0,0.005867362953722477,7,0.9817423806220443
76561198039889923,0,0.833152711391449,7,0.9817423806220443
76561199287662154,0,0.009266235865652561,7,0.9817423806220443
76561198180710398,0,0.3941062092781067,7,0.9817423806220443
76561198844803734,0,0.02417883835732937,7,0.9817423806220443
76561198060148882,0,0.36877256631851196,7,0.9817423806220443
76561198152806071,0,0.37919872999191284,7,0.9817423806220443
76561199113285215,1,0.9930271506309509,7,0.9817423806220443
76561199383489274,0,0.05554381385445595,7,0.9817423806220443
76561198028162601,0,0.012974067591130733,7,0.9817423806220443
76561198034277864,0,0.2743414044380188,7,0.9817423806220443
76561198051441926,0,0.00646307272836566,7,0.9817423806220443
76561199387832822,0,0.00677805719897151,7,0.9817423806220443
76561199176666049,0,0.7774235606193542,7,0.9817423806220443
76561198188128635,0,0.1947486400604248,7,0.9817423806220443
76561197992381523,0,0.7824776768684387,7,0.9817423806220443
76561198004276155,0,0.010528748854994774,7,0.9817423806220443
76561198023319699,0,0.0034828810021281242,7,0.9817423806220443
76561198799644808,0,0.13004036247730255,7,0.9817423806220443
76561198139648352,0,0.07309713959693909,7,0.9817423806220443
76561199547673035,0,0.8899182677268982,7,0.9817423806220443
76561199102873032,1,0.9826774001121521,7,0.9817423806220443
76561197995379306,0,0.007646137848496437,7,0.9817423806220443
76561198125032870,0,0.8132049441337585,7,0.9817423806220443
76561198841357672,0,0.10988865792751312,7,0.9817423806220443
76561198893526407,0,0.0055059096775949,7,0.9817423806220443
76561198284091453,0,0.007868282496929169,7,0.9817423806220443
76561198288229106,0,0.0196718517690897,7,0.9817423806220443
76561199004655674,0,0.01210993155837059,7,0.9817423806220443
76561198070293078,0,0.7161760926246643,7,0.9817423806220443
76561198082647584,0,0.19043797254562378,7,0.9817423806220443
76561198101571271,0,0.003556890180334449,7,0.9817423806220443
76561198047839794,0,0.01780114695429802,7,0.9817423806220443
76561198148676262,1,0.9381574392318726,7,0.9817423806220443
76561198452343727,0,0.0034270738251507282,7,0.9817423806220443
76561198015626227,0,0.4517849385738373,7,0.9817423806220443
76561199173932927,0,0.10082180798053741,7,0.9817423806220443
76561198155443016,0,0.016095949336886406,7,0.9817423806220443
76561198980789733,0,0.00613710843026638,7,0.9817423806220443
76561199132180762,0,0.011378411203622818,7,0.9817423806220443
76561199075937969,0,0.24340170621871948,7,0.9817423806220443
76561198832421760,0,0.003578315954655409,7,0.9817423806220443
76561199052914430,0,0.02737816609442234,7,0.9817423806220443
76561198140516838,0,0.011136123910546303,7,0.9817423806220443
76561198079803972,0,0.00712659303098917,7,0.9817423806220443
76561198061175443,0,0.12726205587387085,7,0.9817423806220443
76561199040338234,0,0.0034828810021281242,7,0.9817423806220443
76561199053900722,0,0.007287145592272282,7,0.9817423806220443
76561198167192519,0,0.06359176337718964,7,0.9817423806220443
76561198038141447,0,0.018243279308080673,7,0.9817423806220443
76561198987488749,0,0.02404610626399517,7,0.9817423806220443
76561198063310429,0,0.009397770278155804,7,0.9817423806220443
76561199091747016,0,0.3285680413246155,7,0.9817423806220443
76561198388622745,0,0.0848679319024086,7,0.9817423806220443
76561198092395109,0,0.005776476580649614,7,0.9817423806220443
76561198126026339,0,0.017435213550925255,7,0.9817423806220443
76561198307683597,0,0.0211217999458313,7,0.9817423806220443
76561199397292286,0,0.7581369280815125,7,0.9817423806220443
76561198799537347,0,0.008895613253116608,7,0.9817423806220443
76561198227821428,0,0.004168739542365074,7,0.9817423806220443
76561198135634853,0,0.004094047471880913,7,0.9817423806220443
76561198101802940,0,0.03032606653869152,7,0.9817423806220443
76561199195181209,0,0.011244766414165497,7,0.9817423806220443
76561198212213069,0,0.03366706520318985,7,0.9817423806220443
76561197995014393,0,0.24725943803787231,7,0.9817423806220443
76561198044665756,0,0.004847262986004353,7,0.9817423806220443
76561198113166834,1,0.8906625509262085,7,0.9817423806220443
76561198147938850,0,0.03787806257605553,7,0.9817423806220443
76561198320719492,0,0.008121496066451073,7,0.9817423806220443
76561198287451296,0,0.00418375339359045,7,0.9817423806220443
76561199233971783,0,0.005247894674539566,7,0.9817423806220443
76561198028049559,0,0.043561697006225586,7,0.9817423806220443
76561198161970895,1,0.9288578629493713,7,0.9817423806220443
76561199580776989,0,0.008106352761387825,7,0.9817423806220443
76561197979971246,0,0.2234121710062027,7,0.9817423806220443
76561198133564709,0,0.2911589443683624,7,0.9817423806220443
76561199105360174,0,0.2542387545108795,7,0.9817423806220443
76561198067389914,0,0.06352637708187103,7,0.9817423806220443
76561198185389890,1,0.9752461314201355,7,0.9817423806220443
76561199474517204,0,0.03754036873579025,7,0.9817423806220443
76561198450029505,0,0.004128400702029467,7,0.9817423806220443
76561198940391357,0,0.07374387979507446,7,0.9817423806220443
76561198325020071,0,0.9617144465446472,7,0.9817423806220443
76561198202341170,0,0.7020180225372314,7,0.9817423806220443
76561198098121963,0,0.004369340371340513,7,0.9817423806220443
76561198040447215,0,0.3077376186847687,7,0.9817423806220443
76561198104362980,0,0.005888513755053282,7,0.9817423806220443
76561198169181934,0,0.018907705321907997,7,0.9817423806220443
76561199405611431,0,0.026370935142040253,7,0.9817423806220443
76561199112077527,0,0.005117369815707207,7,0.9817423806220443
76561198400257444,0,0.08110900968313217,7,0.9817423806220443
76561198037802331,0,0.48560720682144165,7,0.9817423806220443
76561198144711098,0,0.012813425622880459,7,0.9817423806220443
76561198220359013,1,0.8089620471000671,7,0.9817423806220443
76561198102837365,1,0.9910476803779602,7,0.9817423806220443
76561198164567066,0,0.008078500628471375,7,0.9817423806220443
76561198841566621,0,0.011559882201254368,7,0.9817423806220443
76561199154291533,0,0.004725497681647539,7,0.9817423806220443
76561198024406348,0,0.011554021388292313,7,0.9817423806220443
76561198111161269,0,0.14074677228927612,7,0.9817423806220443
76561198113836196,0,0.19424612820148468,7,0.9817423806220443
76561198242759336,0,0.005640020128339529,7,0.9817423806220443
76561198028706850,0,0.42775270342826843,7,0.9817423806220443
76561199101237691,0,0.004455836024135351,7,0.9817423806220443
76561199413960469,0,0.029854346066713333,7,0.9817423806220443
76561198444575804,0,0.005026598926633596,7,0.9817423806220443
76561199122359268,0,0.6486364603042603,7,0.9817423806220443
76561198070153030,0,0.014662317931652069,7,0.9817423806220443
76561199014212300,0,0.9725866913795471,7,0.9817423806220443
76561198112464311,0,0.0037806774489581585,7,0.9817423806220443
76561198023056054,0,0.6244418621063232,7,0.9817423806220443
76561198057854326,0,0.00363475875928998,7,0.9817423806220443
76561198049465499,0,0.2920656204223633,7,0.9817423806220443
76561198256152079,0,0.013244329020380974,7,0.9817423806220443
76561198121313771,0,0.004168739542365074,7,0.9817423806220443
76561198800176341,0,0.02675769478082657,7,0.9817423806220443
76561198918193095,0,0.04767744243144989,7,0.9817423806220443
76561198041574290,0,0.004027375020086765,7,0.9817423806220443
76561198165195520,0,0.024062566459178925,7,0.9817423806220443
76561199807737533,0,0.007995124906301498,7,0.9817423806220443
76561198000218233,0,0.006370044779032469,7,0.9817423806220443
76561197983567850,0,0.00856043491512537,7,0.9817423806220443
76561198809006912,0,0.07842769473791122,7,0.9817423806220443
76561197961182790,0,0.34310126304626465,7,0.9817423806220443
76561198050307460,0,0.09967786073684692,7,0.9817423806220443
76561198257523575,0,0.019451426342129707,7,0.9817423806220443
76561198057624876,0,0.1482597142457962,7,0.9817423806220443
76561199104871310,0,0.03100540116429329,7,0.9817423806220443
76561198137736406,0,0.012016813270747662,7,0.9817423806220443
76561199030677745,0,0.00645985035225749,7,0.9817423806220443
76561198448840160,0,0.9604222178459167,7,0.9817423806220443
76561198287197575,0,0.006071592215448618,7,0.9817423806220443
76561199224425486,0,0.13645659387111664,7,0.9817423806220443
76561198340301249,0,0.23863482475280762,7,0.9817423806220443
76561198070975026,0,0.06169027462601662,7,0.9817423806220443
76561198184901062,0,0.005252572242170572,7,0.9817423806220443
76561198092066499,0,0.01752375438809395,7,0.9817423806220443
76561199439589924,0,0.012691900134086609,7,0.9817423806220443
76561199558221087,1,0.06515957415103912,7,0.9817423806220443
76561198852563948,0,0.9841132760047913,7,0.9817423806220443
76561199218143794,0,0.04090525954961777,7,0.9817423806220443
76561199044115385,0,0.02262939140200615,7,0.9817423806220443
76561198008502632,0,0.013495826162397861,7,0.9817423806220443
76561198163943065,0,0.012997458688914776,7,0.9817423806220443
76561198193689642,0,0.03585480898618698,7,0.9817423806220443
76561199232030370,0,0.018501976504921913,7,0.9817423806220443
76561198206433023,0,0.09646874666213989,7,0.9817423806220443
76561198845082549,0,0.031322699040174484,7,0.9817423806220443
76561198285452880,0,0.0034953190479427576,7,0.9817423806220443
76561198118718967,0,0.07364518195390701,7,0.9817423806220443
76561198091062165,0,0.13667093217372894,7,0.9817423806220443
76561199046781071,0,0.015501385554671288,7,0.9817423806220443
76561199125012182,0,0.013687888160347939,7,0.9817423806220443
76561197969732165,0,0.030730444937944412,7,0.9817423806220443
76561198867528593,0,0.024137232452630997,7,0.9817423806220443
76561198074448832,0,0.011606663465499878,7,0.9817423806220443
76561199065368546,0,0.008746528998017311,7,0.9817423806220443
76561198389738414,0,0.0034270738251507282,7,0.9817423806220443
76561197965963289,0,0.010072057135403156,7,0.9817423806220443
76561198082461028,0,0.07334195077419281,7,0.9817423806220443
76561199566792198,0,0.014871282503008842,7,0.9817423806220443
76561198024175068,0,0.054091405123472214,7,0.9817423806220443
76561198071986224,0,0.2420339435338974,7,0.9817423806220443
76561198936509046,1,0.9922206997871399,7,0.9817423806220443
76561199013451680,0,0.4669148623943329,7,0.9817423806220443
76561199233722754,0,0.037835851311683655,7,0.9817423806220443
76561199142189416,0,0.7226918935775757,7,0.9817423806220443
76561199104479466,0,0.004633607342839241,7,0.9817423806220443
76561198033222597,0,0.2694551646709442,7,0.9817423806220443
76561198042238878,0,0.4811875820159912,7,0.9817423806220443
76561199116400771,0,0.08415549993515015,7,0.9817423806220443
76561198813624907,0,0.01589725911617279,7,0.9817423806220443
76561199275456286,0,0.029277222231030464,7,0.9817423806220443
76561199545595880,0,0.01576600782573223,7,0.9817423806220443
76561199077486914,0,0.18969307839870453,7,0.9817423806220443
76561199069237748,0,0.004556083586066961,7,0.9817423806220443
76561197996127680,0,0.017441339790821075,7,0.9817423806220443
76561198069989345,0,0.03501098230481148,7,0.9817423806220443
76561197987763842,0,0.01702832616865635,7,0.9817423806220443
76561197996231767,1,0.9623024463653564,7,0.9817423806220443
76561199016365119,0,0.6330531239509583,7,0.9817423806220443
76561197960910389,0,0.03163255378603935,7,0.9817423806220443
76561199121862183,0,0.008882883936166763,7,0.9817423806220443
76561198188587437,0,0.8188419938087463,7,0.9817423806220443
76561198205908704,1,0.9901329278945923,7,0.9817423806220443
76561199230577947,1,0.9293256402015686,7,0.9817423806220443
76561198376154622,0,0.0034953190479427576,7,0.9817423806220443
76561197964987980,0,0.5232561230659485,7,0.9817423806220443
76561199118045518,0,0.07523440569639206,7,0.9817423806220443
76561198329379195,0,0.14699985086917877,7,0.9817423806220443
76561198420073489,0,0.7734984159469604,7,0.9817423806220443
76561199121606588,0,0.1528470367193222,7,0.9817423806220443
76561198015854989,0,0.015428991988301277,7,0.9817423806220443
76561198041875170,0,0.0048782252706587315,7,0.9817423806220443
76561199743261798,0,0.016516128554940224,7,0.9817423806220443
76561198268176927,1,0.9937388896942139,7,0.9817423806220443
76561198072058709,0,0.01057292241603136,7,0.9817423806220443
76561198281742403,0,0.004774687811732292,7,0.9817423806220443
76561199047332784,0,0.04384714737534523,7,0.9817423806220443
76561199375466814,0,0.004747929982841015,7,0.9817423806220443
76561198261907509,0,0.00616680271923542,7,0.9817423806220443
76561197995894762,0,0.0033486788161098957,7,0.9817423806220443
76561199074051621,0,0.0038414376322180033,7,0.9817423806220443
76561198042779077,0,0.0634998306632042,7,0.9817423806220443
76561198033995715,0,0.02225935272872448,7,0.9817423806220443
76561198992248215,0,0.005517546087503433,7,0.9817423806220443
76561198171334835,0,0.7366657853126526,7,0.9817423806220443
76561199263015315,0,0.22041550278663635,7,0.9817423806220443
76561198140692805,0,0.016295094043016434,7,0.9817423806220443
76561198973099041,0,0.3460601270198822,7,0.9817423806220443
76561198970626568,0,0.9152619242668152,7,0.9817423806220443
76561198001817878,0,0.008327875286340714,7,0.9817423806220443
76561198398637619,0,0.43912965059280396,7,0.9817423806220443
76561198018180196,0,0.004989215172827244,7,0.9817423806220443
76561198259368152,0,0.008623550646007061,7,0.9817423806220443
76561198311594721,0,0.0067557827569544315,7,0.9817423806220443
76561198857963584,0,0.004654089454561472,7,0.9817423806220443
76561198091186842,0,0.008282354101538658,7,0.9817423806220443
76561199122461619,0,0.004279124550521374,7,0.9817423806220443
76561199057246276,0,0.004455836024135351,7,0.9817423806220443
76561199536972543,0,0.02802186831831932,7,0.9817423806220443
76561199087085182,0,0.003403094131499529,7,0.9817423806220443
76561199533002652,0,0.0034953190479427576,7,0.9817423806220443
76561198075015085,0,0.16648921370506287,7,0.9817423806220443
76561198268819200,0,0.006943449843674898,7,0.9817423806220443
76561198095836743,0,0.01132621057331562,7,0.9817423806220443
76561198841317861,0,0.004161441698670387,7,0.9817423806220443
76561198113378130,0,0.004699513781815767,7,0.9817423806220443
76561198111024484,0,0.01018543727695942,7,0.9817423806220443
76561198337023937,0,0.039029885083436966,7,0.9817423806220443
76561199128080736,0,0.07372432947158813,7,0.9817423806220443
76561198040791923,0,0.017496535554528236,7,0.9817423806220443
76561197984035322,0,0.0869997888803482,7,0.9817423806220443
76561197961110283,0,0.2148219794034958,7,0.9817423806220443
76561198008534440,0,0.0036211898550391197,7,0.9817423806220443
76561198045556182,0,0.02181069552898407,7,0.9817423806220443
76561198111216633,0,0.008946727961301804,7,0.9817423806220443
76561199119999523,0,0.012248923070728779,7,0.9817423806220443
76561198238545772,0,0.04271017760038376,7,0.9817423806220443
76561199127896232,0,0.003403094131499529,7,0.9817423806220443
76561198014834326,0,0.04797752574086189,7,0.9817423806220443
76561199213822471,0,0.01667095720767975,7,0.9817423806220443
76561198082457335,0,0.00674213794991374,7,0.9817423806220443
76561199085688159,0,0.00510767288506031,7,0.9817423806220443
76561198171464757,0,0.04948446899652481,7,0.9817423806220443
76561198966479224,1,0.9107437133789062,7,0.9817423806220443
76561198019633569,1,0.9914689064025879,7,0.9817423806220443
76561198010411145,0,0.23866331577301025,7,0.9817423806220443
76561198015731387,0,0.23337548971176147,7,0.9817423806220443
76561198047897230,0,0.279613196849823,7,0.9817423806220443
76561198108352711,0,0.005597293376922607,7,0.9817423806220443
76561199466803514,0,0.324137806892395,7,0.9817423806220443
76561197964733578,0,0.0041074613109230995,7,0.9817423806220443
76561199070677014,0,0.0036375797353684902,7,0.9817423806220443
76561198065787900,0,0.03588452562689781,7,0.9817423806220443
76561198046616908,0,0.2692558467388153,7,0.9817423806220443
76561199198666847,0,0.8267053961753845,7,0.9817423806220443
76561198075933966,0,0.3927888572216034,7,0.9817423806220443
76561198067903340,0,0.5834254622459412,7,0.9817423806220443
76561199024493004,0,0.003578315954655409,7,0.9817423806220443
76561198420289423,0,0.005365171004086733,7,0.9817423806220443
76561199071555111,0,0.7181450128555298,7,0.9817423806220443
76561198069554868,0,0.40566420555114746,7,0.9817423806220443
76561197999010336,0,0.5293944478034973,7,0.9817423806220443
76561198230423212,0,0.008565127849578857,7,0.9817423806220443
76561198051494224,0,0.3068907558917999,7,0.9817423806220443
76561199201092392,0,0.030404703691601753,7,0.9817423806220443
76561198325036502,0,0.008742362260818481,7,0.9817423806220443
76561198397666871,0,0.010020743124186993,7,0.9817423806220443
76561199208049160,0,0.14620225131511688,7,0.9817423806220443
76561198176766954,0,0.6161662340164185,7,0.9817423806220443
76561198323080433,1,0.9888473749160767,7,0.9817423806220443
76561198070707479,0,0.893923819065094,7,0.9817423806220443
76561198107565749,0,0.013664249330759048,7,0.9817423806220443
76561198134663395,0,0.8998585939407349,7,0.9817423806220443
76561198114949703,0,0.06018725782632828,7,0.9817423806220443
76561198014665416,0,0.03522064536809921,7,0.9817423806220443
76561199118418588,0,0.03955651447176933,7,0.9817423806220443
76561198045547823,0,0.38769808411598206,7,0.9817423806220443
76561198116897973,0,0.221734419465065,7,0.9817423806220443
76561198138035486,0,0.2031347155570984,7,0.9817423806220443
76561199158933895,0,0.015946822240948677,7,0.9817423806220443
76561198157216314,0,0.0034953190479427576,7,0.9817423806220443
76561198840673145,0,0.016208458691835403,7,0.9817423806220443
76561199128367731,0,0.1556641012430191,7,0.9817423806220443
76561198041174039,0,0.011206051334738731,7,0.9817423806220443
76561198144443733,0,0.48099029064178467,7,0.9817423806220443
76561199158953278,0,0.0067583173513412476,7,0.9817423806220443
76561198071534025,0,0.9204254746437073,7,0.9817423806220443
76561198799351448,0,0.19259680807590485,7,0.9817423806220443
76561198239818516,0,0.017557067796587944,7,0.9817423806220443
76561198303221220,0,0.20919790863990784,7,0.9817423806220443
76561198011204650,0,0.0773300901055336,7,0.9817423806220443
76561198207176469,0,0.20202195644378662,7,0.9817423806220443
76561199031819853,0,0.010318798013031483,7,0.9817423806220443
76561199243870578,0,0.13744290173053741,7,0.9817423806220443
76561198144324903,1,0.9614360332489014,7,0.9817423806220443
76561198119407293,0,0.0501122772693634,7,0.9817423806220443
76561198083615945,0,0.0061888364143669605,7,0.9817423806220443
76561199123987838,0,0.006930540781468153,7,0.9817423806220443
76561198906592423,0,0.15113520622253418,7,0.9817423806220443
76561198133683489,0,0.0053291055373847485,7,0.9817423806220443
76561198033619885,0,0.020693961530923843,7,0.9817423806220443
76561198015123771,0,0.66689532995224,7,0.9817423806220443
76561199087380702,0,0.003550212597474456,7,0.9817423806220443
76561199220227551,0,0.017485087737441063,7,0.9817423806220443
76561198339935307,0,0.5026891827583313,7,0.9817423806220443
76561198044105947,0,0.016233379021286964,7,0.9817423806220443
76561198008744288,0,0.03435813635587692,7,0.9817423806220443
76561199145090188,0,0.05960460379719734,7,0.9817423806220443
76561198035203121,0,0.0035558275412768126,7,0.9817423806220443
76561198351640148,0,0.07444901764392853,7,0.9817423806220443
76561198020395420,0,0.06628162413835526,7,0.9817423806220443
76561198119596110,0,0.9110471606254578,7,0.9817423806220443
76561199149481503,0,0.042799849063158035,7,0.9817423806220443
76561199036503762,0,0.18401314318180084,7,0.9817423806220443
76561198089456194,0,0.03126562386751175,7,0.9817423806220443
76561198018894957,0,0.2615158259868622,7,0.9817423806220443
76561199239665253,0,0.014259115792810917,7,0.9817423806220443
76561198074306440,0,0.0197414830327034,7,0.9817423806220443
76561198135471552,0,0.17604193091392517,7,0.9817423806220443
76561199159881441,0,0.0042879763059318066,7,0.9817423806220443
76561198086124422,0,0.003403094131499529,7,0.9817423806220443
76561198422976868,0,0.023618904873728752,7,0.9817423806220443
76561199016651782,0,0.36647742986679077,7,0.9817423806220443
76561198034060874,0,0.005353654269129038,7,0.9817423806220443
76561198086462967,0,0.022056596353650093,7,0.9817423806220443
76561199086035419,0,0.012311898171901703,7,0.9817423806220443
76561198062029106,0,0.011653455905616283,7,0.9817423806220443
76561199223984036,0,0.004059021361172199,7,0.9817423806220443
76561198796770841,0,0.047307953238487244,7,0.9817423806220443
76561198052283526,0,0.22022752463817596,7,0.9817423806220443
76561199194873395,0,0.009427566081285477,7,0.9817423806220443
76561198340379921,0,0.11056366562843323,7,0.9817423806220443
76561198408089521,0,0.009643001481890678,7,0.9817423806220443
76561198872031780,0,0.004168739542365074,7,0.9817423806220443
76561198046555609,0,0.1868961602449417,7,0.9817423806220443
76561198861525298,0,0.0075181350111961365,7,0.9817423806220443
76561199100167968,0,0.003578315954655409,7,0.9817423806220443
76561198970302701,0,0.02977348119020462,7,0.9817423806220443
76561197973378632,0,0.006937918718904257,7,0.9817423806220443
76561198039776513,0,0.059756580740213394,7,0.9817423806220443
76561199523168835,0,0.004129404202103615,7,0.9817423806220443
76561198305858816,0,0.05322820320725441,7,0.9817423806220443
76561198256250049,0,0.02972559444606304,7,0.9817423806220443
76561198965559926,0,0.020286712795495987,7,0.9817423806220443
76561199035872700,0,0.003403094131499529,7,0.9817423806220443
76561198017498376,0,0.029645685106515884,7,0.9817423806220443
76561199812987945,0,0.03766288235783577,7,0.9817423806220443
76561198137745056,0,0.003403094131499529,7,0.9817423806220443
76561198860648132,0,0.19023816287517548,7,0.9817423806220443
76561199080026311,0,0.006902655120939016,7,0.9817423806220443
76561199085758002,0,0.9699916243553162,7,0.9817423806220443
76561199389218760,0,0.9858040809631348,7,0.9817423806220443
76561198079693477,0,0.011487814597785473,7,0.9817423806220443
76561199024409798,0,0.18351143598556519,7,0.9817423806220443
76561198043367875,0,0.0050527555868029594,7,0.9817423806220443
76561199366249250,0,0.003064727643504739,7,0.9817423806220443
76561198193780646,0,0.0038985649589449167,7,0.9817423806220443
76561198325662127,0,0.01007502805441618,7,0.9817423806220443
76561198245616366,0,0.7134168148040771,7,0.9817423806220443
76561198879848652,0,0.2823042869567871,7,0.9817423806220443
76561197988018257,0,0.8831170797348022,7,0.9817423806220443
76561198132919909,0,0.051246073096990585,7,0.9817423806220443
76561199228964932,0,0.991608202457428,7,0.9817423806220443
76561199045144063,0,0.0999850258231163,7,0.9817423806220443
76561198055154978,0,0.6428796052932739,7,0.9817423806220443
76561198022687377,0,0.007161222398281097,7,0.9817423806220443
76561198275400831,0,0.005200925748795271,7,0.9817423806220443
76561198178960699,0,0.19452983140945435,7,0.9817423806220443
76561199101346123,0,0.03132069483399391,7,0.9817423806220443
76561198080252770,0,0.03517383337020874,7,0.9817423806220443
76561198822170803,0,0.006123994942754507,7,0.9817423806220443
76561198414270048,0,0.08415815979242325,7,0.9817423806220443
76561199024795214,0,0.08216723799705505,7,0.9817423806220443
76561198037644416,0,0.63448166847229,7,0.9817423806220443
76561197969005842,0,0.6447185277938843,7,0.9817423806220443
76561198841377265,0,0.005936447065323591,7,0.9817423806220443
76561198050007037,0,0.004811951424926519,7,0.9817423806220443
76561199127228558,0,0.0066932314075529575,7,0.9817423806220443
76561199076487249,0,0.6166802048683167,7,0.9817423806220443
76561199482067495,0,0.023933079093694687,7,0.9817423806220443
76561199091760456,0,0.15855351090431213,7,0.9817423806220443
76561199126373811,0,0.00624846713617444,7,0.9817423806220443
76561198011826769,0,0.023757249116897583,7,0.9817423806220443
76561198294985520,0,0.8448662161827087,7,0.9817423806220443
76561198121206000,0,0.003621563548222184,7,0.9817423806220443
76561197966788280,0,0.004394778981804848,7,0.9817423806220443
76561198074942823,0,0.11985747516155243,7,0.9817423806220443
76561199187213377,0,0.030845453962683678,7,0.9817423806220443
76561197963076270,0,0.9671511650085449,7,0.9817423806220443
76561198843055625,0,0.326511412858963,7,0.9817423806220443
76561198340815080,0,0.021471524611115456,7,0.9817423806220443
76561199224642113,0,0.006532412953674793,7,0.9817423806220443
76561198968328832,0,0.04731252044439316,7,0.9817423806220443
76561198137092504,0,0.32066407799720764,7,0.9817423806220443
76561198079964800,0,0.016871245577931404,7,0.9817423806220443
76561198890036021,0,0.06708236783742905,7,0.9817423806220443
76561199213032159,0,0.7932326197624207,7,0.9817423806220443
76561198267100217,0,0.13027594983577728,7,0.9817423806220443
76561198825324498,0,0.013803528621792793,7,0.9817423806220443
76561199591746488,0,0.009101747535169125,7,0.9817423806220443
76561198857882803,0,0.03414071723818779,7,0.9817423806220443
76561199014419995,0,0.013877801597118378,7,0.9817423806220443
76561199036242643,0,0.0360710583627224,7,0.9817423806220443
76561198023103694,0,0.008022134192287922,7,0.9817423806220443
76561198044800682,0,0.010198353789746761,7,0.9817423806220443
76561199547529038,0,0.40845900774002075,7,0.9817423806220443
76561198307106818,0,0.04037268087267876,7,0.9817423806220443
76561198136155034,0,0.010116898454725742,7,0.9817423806220443
76561199444046102,0,0.008143351413309574,7,0.9817423806220443
76561199119592050,0,0.9829258918762207,7,0.9817423806220443
76561198024624252,0,0.05250931531190872,7,0.9817423806220443
76561198093987183,0,0.05487986281514168,7,0.9817423806220443
76561198078476310,0,0.004909005481749773,7,0.9817423806220443
76561199186711583,0,0.01760171167552471,7,0.9817423806220443
76561199098832031,0,0.0805821493268013,7,0.9817423806220443
76561198129734395,0,0.024717550724744797,7,0.9817423806220443
76561198181923070,0,0.0033389406744390726,7,0.9817423806220443
76561199119117380,0,0.02368592843413353,7,0.9817423806220443
76561198068675569,0,0.040122970938682556,7,0.9817423806220443
76561197993329284,0,0.009488482028245926,7,0.9817423806220443
76561198040357920,0,0.08970147371292114,7,0.9817423806220443
76561197960748983,0,0.011574480682611465,7,0.9817423806220443
76561198134630756,0,0.009006181731820107,7,0.9817423806220443
76561198354825483,0,0.024005332961678505,7,0.9817423806220443
76561198115644452,0,0.012178968638181686,7,0.9817423806220443
76561198361018475,0,0.15442384779453278,7,0.9817423806220443
76561198999606770,0,0.004308370407670736,7,0.9817423806220443
76561198983994467,1,0.9932711720466614,7,0.9817423806220443
76561198161645775,0,0.8697245121002197,7,0.9817423806220443
76561199043514657,0,0.007645428646355867,7,0.9817423806220443
76561197999933603,1,0.9893862009048462,7,0.9817423806220443
76561198447012279,0,0.6661105155944824,7,0.9817423806220443
76561198354921053,0,0.9554754495620728,7,0.9817423806220443
76561199091210081,0,0.6405723690986633,7,0.9817423806220443
76561198079956618,0,0.5954261422157288,7,0.9817423806220443
76561198078717392,0,0.009941945783793926,7,0.9817423806220443
76561199122305431,0,0.41540369391441345,7,0.9817423806220443
76561198826755832,0,0.8154988884925842,7,0.9817423806220443
76561197980746187,0,0.05662338435649872,7,0.9817423806220443
76561198372718987,0,0.007461561821401119,7,0.9817423806220443
76561198023015051,0,0.959447979927063,7,0.9817423806220443
76561197982772764,0,0.009718998335301876,7,0.9817423806220443
76561198962471058,0,0.5486116409301758,7,0.9817423806220443
76561198851062384,0,0.27734774351119995,7,0.9817423806220443
76561198978713665,0,0.03185735270380974,7,0.9817423806220443
76561198048480936,0,0.11368843168020248,7,0.9817423806220443
76561198870373540,0,0.007167619187384844,7,0.9817423806220443
76561199176714820,0,0.004414809867739677,7,0.9817423806220443
76561198301259385,0,0.00737987132743001,7,0.9817423806220443
76561198377161458,0,0.004639720544219017,7,0.9817423806220443
76561199072516807,0,0.00430587213486433,7,0.9817423806220443
76561198356242424,0,0.006021840497851372,7,0.9817423806220443
76561198035656292,0,0.12596401572227478,7,0.9817423806220443
76561198386641392,0,0.008125988766551018,7,0.9817423806220443
76561198100159384,0,0.06045546382665634,7,0.9817423806220443
76561199036361150,0,0.20808006823062897,7,0.9817423806220443
76561198268680587,0,0.019776897504925728,7,0.9817423806220443
76561198333794267,0,0.003550212597474456,7,0.9817423806220443
76561198931973903,0,0.030378073453903198,7,0.9817423806220443
76561199031684166,0,0.21462726593017578,7,0.9817423806220443
76561198021548719,0,0.05934639647603035,7,0.9817423806220443
76561198264663053,0,0.021468181163072586,7,0.9817423806220443
76561198329634556,0,0.026533277705311775,7,0.9817423806220443
76561199224434538,0,0.017581643536686897,7,0.9817423806220443
76561198983023446,0,0.007625189144164324,7,0.9817423806220443
76561199617822372,0,0.23730173707008362,7,0.9817423806220443
76561199229229291,0,0.035456035286188126,7,0.9817423806220443
76561198305292633,0,0.006522885523736477,7,0.9817423806220443
76561198996007496,0,0.9891958236694336,7,0.9817423806220443
76561199280962320,0,0.06837237626314163,7,0.9817423806220443
76561198073261568,0,0.7682728171348572,7,0.9817423806220443
76561198334207760,0,0.06969328224658966,7,0.9817423806220443
76561199019181947,0,0.26338428258895874,7,0.9817423806220443
76561198873877884,0,0.06384718418121338,7,0.9817423806220443
76561199365832845,0,0.026207178831100464,7,0.9817423806220443
76561198364220707,0,0.0658469870686531,7,0.9817423806220443
76561199023218568,1,0.993848979473114,7,0.9817423806220443
76561199448419350,0,0.10120558738708496,7,0.9817423806220443
76561199288140475,0,0.003578315954655409,7,0.9817423806220443
76561198823758022,0,0.006267271004617214,7,0.9817423806220443
76561198059615210,0,0.3496158719062805,7,0.9817423806220443
76561199401859690,0,0.0075181350111961365,7,0.9817423806220443
76561198986595483,0,0.9690675139427185,7,0.9817423806220443
76561198964457277,0,0.014494198374450207,7,0.9817423806220443
76561199675229942,0,0.0049865832552313805,7,0.9817423806220443
76561197975584763,0,0.03139856830239296,7,0.9817423806220443
76561198032091548,0,0.0034828810021281242,7,0.9817423806220443
76561198063421143,0,0.07675845175981522,7,0.9817423806220443
76561198021856591,0,0.004059498198330402,7,0.9817423806220443
76561198426675271,0,0.009859017096459866,7,0.9817423806220443
76561198795089184,0,0.008404281921684742,7,0.9817423806220443
76561198046092601,0,0.9462757706642151,7,0.9817423806220443
76561198010290076,0,0.005626515485346317,7,0.9817423806220443
76561198355668363,0,0.0515219122171402,7,0.9817423806220443
76561198859873971,0,0.03634802624583244,7,0.9817423806220443
76561198023372895,0,0.0047514173202216625,7,0.9817423806220443
76561198340829299,0,0.9873201847076416,7,0.9817423806220443
76561199005179690,0,0.0042052436619997025,7,0.9817423806220443
76561198292832167,0,0.05663222074508667,7,0.9817423806220443
76561199223940098,0,0.04592624306678772,7,0.9817423806220443
76561198447981329,0,0.04971185326576233,7,0.9817423806220443
76561199763936036,0,0.010550171136856079,7,0.9817423806220443
76561199105034782,0,0.006649642717093229,7,0.9817423806220443
76561199088533094,0,0.005743952002376318,7,0.9817423806220443
76561199087375720,0,0.004544504452496767,7,0.9817423806220443
76561198341509720,0,0.012153924442827702,7,0.9817423806220443
76561199106862202,0,0.008449613116681576,7,0.9817423806220443
76561199182553017,0,0.19449520111083984,7,0.9817423806220443
76561199104328879,0,0.04987438768148422,7,0.9817423806220443
76561198087191789,0,0.37860777974128723,7,0.9817423806220443
76561198976778397,0,0.011199312284588814,7,0.9817423806220443
76561198038847348,0,0.013307756744325161,7,0.9817423806220443
76561198828640350,0,0.0037099572364240885,7,0.9817423806220443
76561199003336162,0,0.23458093404769897,7,0.9817423806220443
76561198051032456,0,0.36875423789024353,7,0.9817423806220443
76561198976904125,0,0.9891401529312134,7,0.9817423806220443
76561199579614077,0,0.00957036204636097,7,0.9817423806220443
76561199210085529,0,0.5312170386314392,7,0.9817423806220443
76561198107381967,0,0.05218854919075966,7,0.9817423806220443
76561198049641835,0,0.2281356155872345,7,0.9817423806220443
76561198864605299,0,0.011463354341685772,7,0.9817423806220443
76561198006542637,0,0.006547590717673302,7,0.9817423806220443
76561198212394947,0,0.0113160265609622,7,0.9817423806220443
76561198399286681,0,0.057823847979307175,7,0.9817423806220443
76561198130932148,0,0.013775729574263096,7,0.9817423806220443
76561198426973553,0,0.10132700204849243,7,0.9817423806220443
76561198398509093,0,0.041382595896720886,7,0.9817423806220443
76561197985018743,0,0.4087029695510864,7,0.9817423806220443
76561198207912136,0,0.12250624597072601,7,0.9817423806220443
76561198048858531,0,0.9290691614151001,7,0.9817423806220443
76561199037036343,0,0.18418529629707336,7,0.9817423806220443
76561198048234323,0,0.011412297375500202,7,0.9817423806220443
76561198082336345,0,0.012041503563523293,7,0.9817423806220443
76561199050866531,0,0.021414369344711304,7,0.9817423806220443
76561199222844844,0,0.005319083575159311,7,0.9817423806220443
76561198006586863,0,0.6971725821495056,7,0.9817423806220443
76561198115529394,0,0.005307551007717848,7,0.9817423806220443
76561199078745177,0,0.006912349723279476,7,0.9817423806220443
76561199215396532,0,0.006624053232371807,7,0.9817423806220443
76561198281035100,0,0.003441502107307315,7,0.9817423806220443
76561198075339391,0,0.010396532714366913,7,0.9817423806220443
76561198980973547,0,0.010506289079785347,7,0.9817423806220443
76561199084824173,0,0.007839987054467201,7,0.9817423806220443
76561199209790356,0,0.02730606123805046,7,0.9817423806220443
76561199024718112,0,0.003697747364640236,7,0.9817423806220443
76561198045724884,0,0.7038379907608032,7,0.9817423806220443
76561199110981852,0,0.20158374309539795,7,0.9817423806220443
76561198377456718,0,0.1693711280822754,7,0.9817423806220443
76561198855793569,0,0.11927508562803268,7,0.9817423806220443
76561198119215295,0,0.014880940318107605,7,0.9817423806220443
76561198961643815,0,0.012257019989192486,7,0.9817423806220443
76561199014086792,0,0.00586261972784996,7,0.9817423806220443
76561198799079262,0,0.39550334215164185,7,0.9817423806220443
76561198103456072,0,0.035964272916316986,7,0.9817423806220443
76561197963581843,0,0.02339906245470047,7,0.9817423806220443
76561198202847677,0,0.9597705602645874,7,0.9817423806220443
76561199022129120,0,0.0033347539138048887,7,0.9817423806220443
76561198123363777,0,0.008829009719192982,7,0.9817423806220443
76561199134442684,0,0.014871317893266678,7,0.9817423806220443
76561199077474727,0,0.016076084226369858,7,0.9817423806220443
76561199452461972,0,0.0034953190479427576,7,0.9817423806220443
76561199427233895,0,0.05201348662376404,7,0.9817423806220443
76561199052202254,0,0.006789028644561768,7,0.9817423806220443
76561199152532548,0,0.07088133692741394,7,0.9817423806220443
76561199117259723,0,0.008696622215211391,7,0.9817423806220443
76561198032327538,0,0.014104918576776981,7,0.9817423806220443
76561198016557538,0,0.007142054848372936,7,0.9817423806220443
76561199066382192,0,0.2203092873096466,7,0.9817423806220443
76561199047563297,0,0.004230189602822065,7,0.9817423806220443
76561199010939667,0,0.003550212597474456,7,0.9817423806220443
76561199277964779,0,0.1494986116886139,7,0.9817423806220443
76561198126192503,0,0.018872076645493507,7,0.9817423806220443
76561199632501272,0,0.021181857213377953,7,0.9817423806220443
76561199165342079,0,0.2094518542289734,7,0.9817423806220443
76561198353393213,0,0.005531821865588427,7,0.9817423806220443
76561198206067753,0,0.003403094131499529,7,0.9817423806220443
76561199227744280,0,0.018793337047100067,7,0.9817423806220443
76561198064701352,0,0.003621563548222184,7,0.9817423806220443
76561197971082698,0,0.0060660517774522305,7,0.9817423806220443
76561198984367799,0,0.004599178675562143,7,0.9817423806220443
76561198378610588,0,0.5025633573532104,7,0.9817423806220443
76561198195224771,0,0.20978064835071564,7,0.9817423806220443
76561198216454581,0,0.017915114760398865,7,0.9817423806220443
76561198081439612,0,0.007974795997142792,7,0.9817423806220443
76561197964663754,0,0.015884902328252792,7,0.9817423806220443
76561198818451392,0,0.22286741435527802,7,0.9817423806220443
76561198021535402,0,0.12504509091377258,7,0.9817423806220443
76561199131116633,0,0.008901434019207954,7,0.9817423806220443
76561198190373105,0,0.026977727189660072,7,0.9817423806220443
76561199078160804,0,0.003485686145722866,7,0.9817423806220443
76561198231670996,0,0.0096952635794878,7,0.9817423806220443
76561198296135661,0,0.037106215953826904,7,0.9817423806220443
76561198057211305,0,0.005756658967584372,7,0.9817423806220443
76561198974528402,0,0.005299179814755917,7,0.9817423806220443
76561198437880250,0,0.09882534295320511,7,0.9817423806220443
76561199115058001,0,0.00754875922575593,7,0.9817423806220443
76561199811811452,0,0.0043420251458883286,7,0.9817423806220443
76561198875395331,0,0.041571032255887985,7,0.9817423806220443
76561198025322754,0,0.011529236100614071,7,0.9817423806220443
76561198049195556,0,0.0034270738251507282,7,0.9817423806220443
76561199203841714,0,0.006677215453237295,7,0.9817423806220443
76561198066134935,0,0.04222015663981438,7,0.9817423806220443
76561198384981080,0,0.024039998650550842,7,0.9817423806220443
76561198038907271,0,0.06306958198547363,7,0.9817423806220443
76561198096618332,0,0.19400860369205475,7,0.9817423806220443
76561198824795428,0,0.43093764781951904,7,0.9817423806220443
76561198109974807,0,0.02483198791742325,7,0.9817423806220443
76561199037862756,0,0.003578315954655409,7,0.9817423806220443
76561198060977892,0,0.35180023312568665,7,0.9817423806220443
76561199057014287,0,0.005130057223141193,7,0.9817423806220443
76561198043549489,0,0.17232896387577057,7,0.9817423806220443
76561198283917601,0,0.15132713317871094,7,0.9817423806220443
76561198034516392,0,0.9225396513938904,7,0.9817423806220443
76561198039372402,0,0.025274164974689484,7,0.9817423806220443
76561199155570990,1,0.992904007434845,7,0.9817423806220443
76561198063540000,0,0.5444140434265137,7,0.9817423806220443
76561198020476749,0,0.32836106419563293,7,0.9817423806220443
76561198107344635,0,0.09036719053983688,7,0.9817423806220443
76561199120540319,0,0.0709700658917427,7,0.9817423806220443
76561198033918306,0,0.917789101600647,7,0.9817423806220443
76561199062883924,0,0.03596318140625954,7,0.9817423806220443
76561198150493897,0,0.0035979452077299356,7,0.9817423806220443
76561197971126956,0,0.10431383550167084,7,0.9817423806220443
76561198367630026,0,0.9748879671096802,7,0.9817423806220443
76561198032891385,0,0.35835394263267517,7,0.9817423806220443
76561199596698905,0,0.09972503036260605,7,0.9817423806220443
76561198277163677,0,0.009260174818336964,7,0.9817423806220443
76561198076016084,0,0.008052806369960308,7,0.9817423806220443
76561199095608952,0,0.30557000637054443,7,0.9817423806220443
76561198307494718,0,0.2624649107456207,7,0.9817423806220443
76561198128955343,0,0.005125902593135834,7,0.9817423806220443
76561198044299482,0,0.9910954236984253,7,0.9817423806220443
76561198078127829,0,0.8784021735191345,7,0.9817423806220443
76561199013499872,0,0.012970234267413616,7,0.9817423806220443
76561198104496394,0,0.004511269740760326,7,0.9817423806220443
76561198021223557,0,0.2084137350320816,7,0.9817423806220443
76561198410928677,0,0.007206812500953674,7,0.9817423806220443
76561199449214432,0,0.027947423979640007,7,0.9817423806220443
76561199134737496,0,0.01576600782573223,7,0.9817423806220443
76561199467634480,0,0.00559091055765748,7,0.9817423806220443
76561198353815288,0,0.08880654722452164,7,0.9817423806220443
76561199474807126,0,0.01594436913728714,7,0.9817423806220443
76561199175530972,0,0.2493564337491989,7,0.9817423806220443
76561199041374637,0,0.4098450243473053,7,0.9817423806220443
76561198131893850,0,0.004168739542365074,7,0.9817423806220443
76561198072706013,0,0.0544135719537735,7,0.9817423806220443
76561199697621892,0,0.1458369940519333,7,0.9817423806220443
76561198005339546,0,0.055678945034742355,7,0.9817423806220443
76561199150037111,0,0.04004688188433647,7,0.9817423806220443
76561199177198140,0,0.1962568461894989,7,0.9817423806220443
76561197964420289,0,0.009147662669420242,7,0.9817423806220443
76561198139399156,0,0.008385131135582924,7,0.9817423806220443
76561198847453556,0,0.03502000495791435,7,0.9817423806220443
76561197976556749,0,0.19193080067634583,7,0.9817423806220443
76561197991660073,0,0.05562327429652214,7,0.9817423806220443
76561199277364508,0,0.023799996823072433,7,0.9817423806220443
76561199009616079,0,0.006779874209314585,7,0.9817423806220443
76561198363372935,0,0.02436155639588833,7,0.9817423806220443
76561199374659791,0,0.006231814157217741,7,0.9817423806220443
76561198089477488,0,0.114649198949337,7,0.9817423806220443
76561198153711936,0,0.8787888288497925,7,0.9817423806220443
76561198159003529,0,0.0042879763059318066,7,0.9817423806220443
76561198402124564,0,0.08156851679086685,7,0.9817423806220443
76561198049103545,0,0.06349582970142365,7,0.9817423806220443
76561198185388511,0,0.27265623211860657,7,0.9817423806220443
76561198421582888,0,0.03197190910577774,7,0.9817423806220443
76561198870404256,0,0.016387851908802986,7,0.9817423806220443
76561197992556597,0,0.00814084056764841,7,0.9817423806220443
76561199020122038,0,0.005236893426626921,7,0.9817423806220443
76561198422162115,0,0.35001200437545776,7,0.9817423806220443
76561199583541855,0,0.016533905640244484,7,0.9817423806220443
76561199467505536,0,0.014519060030579567,7,0.9817423806220443
76561199525833090,0,0.07548616081476212,7,0.9817423806220443
76561198093471953,0,0.009473226964473724,7,0.9817423806220443
76561199188986061,0,0.01038209069520235,7,0.9817423806220443
76561198355981623,0,0.005959000904113054,7,0.9817423806220443
76561198159346634,0,0.15591514110565186,7,0.9817423806220443
76561198320783694,0,0.13160431385040283,7,0.9817423806220443
76561198194102637,0,0.04543372243642807,7,0.9817423806220443
76561199228809836,0,0.003403094131499529,7,0.9817423806220443
76561198101526577,0,0.056756388396024704,7,0.9817423806220443
76561198909395349,0,0.004945640917867422,7,0.9817423806220443
76561198931819190,0,0.004686473403126001,7,0.9817423806220443
76561198320504861,0,0.015464197844266891,7,0.9817423806220443
76561197996343785,0,0.33791711926460266,7,0.9817423806220443
76561198027664372,0,0.011560415849089622,7,0.9817423806220443
76561199245234091,0,0.004556083586066961,7,0.9817423806220443
76561198217738431,0,0.01871979981660843,7,0.9817423806220443
76561199091482651,0,0.014491207897663116,7,0.9817423806220443
76561198123293895,0,0.10607600212097168,7,0.9817423806220443
76561199131702205,0,0.004556083586066961,7,0.9817423806220443
76561199112521763,0,0.006930540781468153,7,0.9817423806220443
76561198251000894,0,0.013751888647675514,7,0.9817423806220443
76561198129416092,0,0.06545895338058472,7,0.9817423806220443
76561198136425338,0,0.005203346721827984,7,0.9817423806220443
76561198188625454,0,0.21045978367328644,7,0.9817423806220443
76561197996030506,1,0.9911761283874512,7,0.9817423806220443
76561199065116806,0,0.31164178252220154,7,0.9817423806220443
76561198233160944,0,0.03141321614384651,7,0.9817423806220443
76561197999468538,0,0.005941629409790039,7,0.9817423806220443
76561198003375518,0,0.4375340938568115,7,0.9817423806220443
76561198325025440,1,0.5277813076972961,7,0.9817423806220443
76561198244252158,0,0.3486153483390808,7,0.9817423806220443
76561197999719127,0,0.04706551507115364,7,0.9817423806220443
76561199050915990,0,0.16111701726913452,7,0.9817423806220443
76561198025742526,0,0.036991022527217865,7,0.9817423806220443
76561199088188211,0,0.9799123406410217,7,0.9817423806220443
76561198292657084,0,0.16943642497062683,7,0.9817423806220443
76561199500504297,0,0.23178276419639587,7,0.9817423806220443
76561198025512650,0,0.19157525897026062,7,0.9817423806220443
76561198051957711,0,0.3784617483615875,7,0.9817423806220443
76561198170131431,0,0.028155623003840446,7,0.9817423806220443
76561198072132459,0,0.07278551906347275,7,0.9817423806220443
76561198044326892,0,0.07829181849956512,7,0.9817423806220443
76561199121888045,0,0.0070128971710801125,7,0.9817423806220443
76561198023446254,0,0.3584989905357361,7,0.9817423806220443
76561197991205788,0,0.987320065498352,7,0.9817423806220443
76561198022540179,0,0.6511970162391663,7,0.9817423806220443
76561198244740518,0,0.8634458780288696,7,0.9817423806220443
76561198001903639,0,0.010679480619728565,7,0.9817423806220443
76561198041951222,0,0.19596174359321594,7,0.9817423806220443
76561198091926059,0,0.17832915484905243,7,0.9817423806220443
76561198044892916,0,0.005995690356940031,7,0.9817423806220443
76561198065255925,0,0.04958457127213478,7,0.9817423806220443
76561198273972258,0,0.9775421619415283,7,0.9817423806220443
76561198017612525,0,0.004078748170286417,7,0.9817423806220443
76561198815029900,0,0.07842136919498444,7,0.9817423806220443
76561198128332339,0,0.5640475749969482,7,0.9817423806220443
76561198998607001,0,0.13404801487922668,7,0.9817423806220443
76561198286632743,0,0.004735755734145641,7,0.9817423806220443
76561198961225447,0,0.2951734662055969,7,0.9817423806220443
76561199074776590,0,0.05748208612203598,7,0.9817423806220443
76561198149109697,0,0.1967259794473648,7,0.9817423806220443
76561198046211040,0,0.08928269147872925,7,0.9817423806220443
76561198348191818,0,0.19193407893180847,7,0.9817423806220443
76561199043844290,0,0.1745849996805191,7,0.9817423806220443
76561198858306869,0,0.022068768739700317,7,0.9817423806220443
76561199233021454,0,0.014628647826611996,7,0.9817423806220443
76561198241263684,1,0.9915181994438171,7,0.9817423806220443
76561198445310372,0,0.9876668453216553,7,0.9817423806220443
76561198366938967,0,0.00986022874712944,7,0.9817423806220443
76561197994097763,0,0.20020553469657898,7,0.9817423806220443
76561198125776714,0,0.01415480300784111,7,0.9817423806220443
76561198102087698,0,0.007591166999191046,7,0.9817423806220443
76561199110651789,0,0.22454741597175598,7,0.9817423806220443
76561198830295250,0,0.007635695859789848,7,0.9817423806220443
76561199088158988,0,0.9831544160842896,7,0.9817423806220443
76561199105830748,0,0.07231216132640839,7,0.9817423806220443
76561198052807159,0,0.005299179814755917,7,0.9817423806220443
76561198212779079,0,0.010228972882032394,7,0.9817423806220443
76561198198571051,0,0.009767595678567886,7,0.9817423806220443
76561198232829876,0,0.013399024493992329,7,0.9817423806220443
76561198139399612,0,0.003150299657136202,7,0.9817423806220443
76561198829871055,0,0.014628647826611996,7,0.9817423806220443
76561199475385811,0,0.032967355102300644,7,0.9817423806220443
76561198118620668,0,0.010155296884477139,7,0.9817423806220443
76561198022432654,0,0.0057669468224048615,7,0.9817423806220443
76561199094973634,0,0.020361658185720444,7,0.9817423806220443
76561199222060888,0,0.009106212295591831,7,0.9817423806220443
76561198361321557,0,0.0036392170004546642,7,0.9817423806220443
76561198798397136,0,0.056417617946863174,7,0.9817423806220443
76561198005519616,0,0.005126505624502897,7,0.9817423806220443
76561198058651354,0,0.027316125109791756,7,0.9817423806220443
76561198968808670,0,0.0073090242221951485,7,0.9817423806220443
76561198274544929,0,0.3258814513683319,7,0.9817423806220443
76561198975735157,0,0.009889748878777027,7,0.9817423806220443
76561198119314207,0,0.003944914322346449,7,0.9817423806220443
76561198151241878,0,0.07410439848899841,7,0.9817423806220443
76561199224145324,0,0.0034270738251507282,7,0.9817423806220443
76561199103930094,0,0.00479872478172183,7,0.9817423806220443
76561199180076789,0,0.003578315954655409,7,0.9817423806220443
76561198056693468,0,0.007770797703415155,7,0.9817423806220443
76561198318789070,0,0.18196918070316315,7,0.9817423806220443
76561198165842264,0,0.015517185442149639,7,0.9817423806220443
76561198042753936,0,0.5831317901611328,7,0.9817423806220443
76561198185088905,0,0.008115638047456741,7,0.9817423806220443
76561198418222469,1,0.9858549237251282,7,0.9817423806220443
76561199256461102,0,0.1123819574713707,7,0.9817423806220443
76561199231027578,0,0.009732373058795929,7,0.9817423806220443
76561198047662946,0,0.04646575450897217,7,0.9817423806220443
76561198864037507,0,0.004731212742626667,7,0.9817423806220443
76561198964183384,0,0.004168446641415358,7,0.9817423806220443
76561198023784558,0,0.007681458257138729,7,0.9817423806220443
76561198030689060,0,0.09336330741643906,7,0.9817423806220443
76561198043549949,0,0.00736231217160821,7,0.9817423806220443
76561198427747839,0,0.3717798590660095,7,0.9817423806220443
76561198277174296,0,0.03183436021208763,7,0.9817423806220443
76561198055982017,0,0.0866411030292511,7,0.9817423806220443
76561198414585333,0,0.46292614936828613,7,0.9817423806220443
76561197969527473,0,0.3165278136730194,7,0.9817423806220443
76561199021635038,0,0.02457951195538044,7,0.9817423806220443
76561198003823831,0,0.008056007325649261,7,0.9817423806220443
76561198956456284,0,0.02570965886116028,7,0.9817423806220443
76561198273561177,1,0.9929903745651245,7,0.9817423806220443
76561198145663814,0,0.6790335178375244,7,0.9817423806220443
76561198213919157,0,0.030723504722118378,7,0.9817423806220443
76561199579401559,0,0.012430528178811073,7,0.9817423806220443
76561198133611492,0,0.08076371252536774,7,0.9817423806220443
76561198036021556,0,0.012199866585433483,7,0.9817423806220443
76561197998383566,0,0.07020038366317749,7,0.9817423806220443
76561198019349616,0,0.3406870663166046,7,0.9817423806220443
76561198155327899,0,0.9759583473205566,7,0.9817423806220443
76561198023738597,0,0.3423273265361786,7,0.9817423806220443
76561198325150943,0,0.3317554295063019,7,0.9817423806220443
76561198344537890,0,0.3199540376663208,7,0.9817423806220443
76561198045079436,0,0.9576273560523987,7,0.9817423806220443
76561198134696789,0,0.4281943440437317,7,0.9817423806220443
76561198394629479,0,0.0270600114017725,7,0.9817423806220443
76561198419656638,0,0.0037018076982349157,7,0.9817423806220443
76561198062564056,0,0.3698159158229828,7,0.9817423806220443
76561198162225372,0,0.004735291935503483,7,0.9817423806220443
76561199206358701,0,0.7687737941741943,7,0.9817423806220443
76561199466268703,0,0.1400538682937622,7,0.9817423806220443
76561198814740729,0,0.1667730212211609,7,0.9817423806220443
76561198056341410,0,0.1635645478963852,7,0.9817423806220443
76561198994138425,0,0.007754615042358637,7,0.9817423806220443
76561197996155190,0,0.2900497317314148,7,0.9817423806220443
76561198149064006,0,0.3229224681854248,7,0.9817423806220443
76561198830498964,0,0.03373134881258011,7,0.9817423806220443
76561198000364316,0,0.05074632540345192,7,0.9817423806220443
76561199380949404,0,0.43128085136413574,7,0.9817423806220443
76561198264365838,0,0.004427745006978512,7,0.9817423806220443
76561199432797711,0,0.005478442646563053,7,0.9817423806220443
76561199092350854,0,0.0117163872346282,7,0.9817423806220443
76561198423218480,0,0.27336472272872925,7,0.9817423806220443
76561198413357345,0,0.010116898454725742,7,0.9817423806220443
76561199234967086,0,0.005070011597126722,7,0.9817423806220443
76561198207946768,0,0.016794905066490173,7,0.9817423806220443
76561198111115573,0,0.011220897547900677,7,0.9817423806220443
76561198044033184,0,0.07938370108604431,7,0.9817423806220443
76561199016198782,0,0.02306659147143364,7,0.9817423806220443
76561198063344879,0,0.022181963548064232,7,0.9817423806220443
76561199047509328,0,0.027168817818164825,7,0.9817423806220443
76561199112128532,0,0.007819373160600662,7,0.9817423806220443
76561199188235773,0,0.0186330433934927,7,0.9817423806220443
76561199156366282,0,0.03578106686472893,7,0.9817423806220443
76561199169641628,0,0.007642680313438177,7,0.9817423806220443
76561198289774919,0,0.012422882951796055,7,0.9817423806220443
76561198046519528,0,0.007088952697813511,7,0.9817423806220443
76561199068024670,0,0.07037893682718277,7,0.9817423806220443
76561198976302801,0,0.0654880553483963,7,0.9817423806220443
76561198412000181,0,0.006997132673859596,7,0.9817423806220443
76561199173485052,0,0.007932322099804878,7,0.9817423806220443
76561199469196760,0,0.007552203256636858,7,0.9817423806220443
76561198007729405,0,0.1054605022072792,7,0.9817423806220443
76561197972904341,0,0.0129421167075634,7,0.9817423806220443
76561198020512016,0,0.012386677786707878,7,0.9817423806220443
76561198042944754,0,0.006117336917668581,7,0.9817423806220443
76561198056262346,0,0.009493951685726643,7,0.9817423806220443
76561198087754329,0,0.04308217391371727,7,0.9817423806220443
76561199228539328,0,0.003654807573184371,7,0.9817423806220443
76561199219983378,0,0.006114241201430559,7,0.9817423806220443
76561198139482965,0,0.03421805053949356,7,0.9817423806220443
76561199216000481,0,0.008606639690697193,7,0.9817423806220443
76561198860488659,0,0.22015051543712616,7,0.9817423806220443
76561198831696449,0,0.012015674263238907,7,0.9817423806220443
76561198252640020,0,0.05881110206246376,7,0.9817423806220443
76561198984481054,0,0.003403094131499529,7,0.9817423806220443
76561199330853329,0,0.01736261136829853,7,0.9817423806220443
76561198101691759,0,0.005529692396521568,7,0.9817423806220443
76561199016466260,0,0.016578417271375656,7,0.9817423806220443
76561198028497958,0,0.020481832325458527,7,0.9817423806220443
76561198321116429,0,0.011010699905455112,7,0.9817423806220443
76561199040220132,0,0.004175175912678242,7,0.9817423806220443
76561198996531381,0,0.004529646597802639,7,0.9817423806220443
76561198070742080,0,0.006764770019799471,7,0.9817423806220443
76561198184807899,0,0.06515852361917496,7,0.9817423806220443
76561198036038659,0,0.008679497055709362,7,0.9817423806220443
76561199158792502,0,0.010623201727867126,7,0.9817423806220443
76561199137128519,0,0.004467909224331379,7,0.9817423806220443
76561198125971844,0,0.0034828810021281242,7,0.9817423806220443
76561197984426349,0,0.003269016742706299,7,0.9817423806220443
76561198975028172,0,0.006902655120939016,7,0.9817423806220443
76561198029421338,0,0.020671507343649864,7,0.9817423806220443
76561199503159755,0,0.006285242736339569,7,0.9817423806220443
76561199120705871,0,0.47712093591690063,7,0.9817423806220443
76561198139329824,0,0.019246704876422882,7,0.9817423806220443
76561198067071916,0,0.3384913206100464,7,0.9817423806220443
76561198272015275,0,0.034807734191417694,7,0.9817423806220443
76561199194944926,0,0.004674830473959446,7,0.9817423806220443
76561199155256085,0,0.2094665914773941,7,0.9817423806220443
76561198068909911,0,0.815737247467041,7,0.9817423806220443
76561199072516013,0,0.062098629772663116,7,0.9817423806220443
76561199307307195,0,0.32538414001464844,7,0.9817423806220443
76561199277580369,0,0.05530262738466263,7,0.9817423806220443
76561198390934087,0,0.9328454732894897,7,0.9817423806220443
76561198851265711,0,0.015385829843580723,7,0.9817423806220443
76561199122741030,0,0.00964878685772419,7,0.9817423806220443
76561198149334331,0,0.16015149652957916,7,0.9817423806220443
76561198121203176,1,0.9811187982559204,7,0.9817423806220443
76561198054256541,0,0.12409886717796326,7,0.9817423806220443
76561198237154404,0,0.6671661138534546,7,0.9817423806220443
76561198287938735,0,0.01361173577606678,7,0.9817423806220443
76561198080327936,0,0.03174512833356857,7,0.9817423806220443
76561199276230971,0,0.4390356242656708,7,0.9817423806220443
76561198034934047,0,0.19243676960468292,7,0.9817423806220443
76561198070671826,0,0.3565158545970917,7,0.9817423806220443
76561198132696974,0,0.9557005167007446,7,0.9817423806220443
76561198086669310,0,0.00424606679007411,7,0.9817423806220443
76561198141708012,0,0.03883123770356178,7,0.9817423806220443
76561198066851408,0,0.014076752588152885,7,0.9817423806220443
76561199086968373,0,0.003064727643504739,7,0.9817423806220443
76561198868777428,0,0.003403094131499529,7,0.9817423806220443
76561198062228604,0,0.003403094131499529,7,0.9817423806220443
76561198893229486,0,0.23649398982524872,7,0.9817423806220443
76561198821509195,0,0.48739856481552124,7,0.9817423806220443
76561199043178729,0,0.15714451670646667,7,0.9817423806220443
76561199013300687,0,0.19951754808425903,7,0.9817423806220443
76561199151008692,0,0.09255675226449966,7,0.9817423806220443
76561198044931804,0,0.0038985649589449167,7,0.9817423806220443
76561198262240693,0,0.019657209515571594,7,0.9817423806220443
76561198066826106,0,0.7873616218566895,7,0.9817423806220443
76561198053759395,0,0.16477306187152863,7,0.9817423806220443
76561198881600211,0,0.007039032876491547,7,0.9817423806220443
76561198073903400,0,0.0037806774489581585,7,0.9817423806220443
76561198108627437,0,0.09749893099069595,7,0.9817423806220443
76561198052462919,0,0.017873557284474373,7,0.9817423806220443
76561198842663749,0,0.9482619762420654,7,0.9817423806220443
76561198848227915,0,0.5230461359024048,7,0.9817423806220443
76561198108922604,0,0.006357582751661539,7,0.9817423806220443
76561198084386663,0,0.08265995234251022,7,0.9817423806220443
76561199014853988,0,0.03107033111155033,7,0.9817423806220443
76561198064701120,1,0.9833554625511169,7,0.9817423806220443
76561199013017828,0,0.006772201042622328,7,0.9817423806220443
76561198139288362,0,0.5541346073150635,7,0.9817423806220443
76561198344781040,0,0.0033255142625421286,7,0.9817423806220443
76561198335951791,0,0.005659803748130798,7,0.9817423806220443
76561198123664156,0,0.07296036183834076,7,0.9817423806220443
76561199185153755,0,0.0033389406744390726,7,0.9817423806220443
76561198049364283,0,0.03977562487125397,7,0.9817423806220443
76561199580352122,0,0.02274186536669731,7,0.9817423806220443
76561199231306155,0,0.03967917710542679,7,0.9817423806220443
76561199159732929,0,0.003550212597474456,7,0.9817423806220443
76561198240686796,0,0.014147371985018253,7,0.9817423806220443
76561198263643874,0,0.007369155529886484,7,0.9817423806220443
76561198886532759,0,0.010971699841320515,7,0.9817423806220443
76561198298415042,0,0.057232700288295746,7,0.9817423806220443
76561198318191383,0,0.00704893097281456,7,0.9817423806220443
76561198101160161,0,0.010116898454725742,7,0.9817423806220443
76561198045711136,0,0.025591479614377022,7,0.9817423806220443
76561197983155699,0,0.18045152723789215,7,0.9817423806220443
76561199100497608,0,0.006206492893397808,7,0.9817423806220443
76561198410071559,0,0.012743281200528145,7,0.9817423806220443
76561199252285393,0,0.11799417436122894,7,0.9817423806220443
76561198130890626,0,0.008128944784402847,7,0.9817423806220443
76561199084838361,0,0.043220117688179016,7,0.9817423806220443
76561198971982441,0,0.03717907890677452,7,0.9817423806220443
76561199788155412,0,0.0040424903854727745,7,0.9817423806220443
76561198117259858,0,0.004168739542365074,7,0.9817423806220443
76561198395394911,0,0.013893445022404194,7,0.9817423806220443
76561199165879919,0,0.00607824232429266,7,0.9817423806220443
76561198326287314,0,0.053677748888731,7,0.9817423806220443
76561198811217151,0,0.9671635627746582,7,0.9817423806220443
76561198028394903,0,0.00711964862421155,7,0.9817423806220443
76561199030008459,0,0.0034270738251507282,7,0.9817423806220443
76561198043052354,0,0.5628827214241028,7,0.9817423806220443
76561199229542976,0,0.06795354187488556,7,0.9817423806220443
76561198025650670,0,0.059527020901441574,7,0.9817423806220443
76561198002332147,0,0.005322995595633984,7,0.9817423806220443
76561198965329291,0,0.4519629180431366,7,0.9817423806220443
76561199166361606,1,0.9763162732124329,7,0.9817423806220443
76561198263081266,0,0.03301948308944702,7,0.9817423806220443
76561198357983572,0,0.00898176059126854,7,0.9817423806220443
76561198109839034,1,0.6409984230995178,7,0.9817423806220443
76561198273201537,0,0.7259196043014526,7,0.9817423806220443
76561199212334064,0,0.005891758017241955,7,0.9817423806220443
76561199066174289,0,0.10197363793849945,7,0.9817423806220443
76561199082722293,0,0.04283357039093971,7,0.9817423806220443
76561198000897344,0,0.004466348327696323,7,0.9817423806220443
76561198360709349,0,0.037407271564006805,7,0.9817423806220443
76561199014042395,0,0.018912620842456818,7,0.9817423806220443
76561197971028088,0,0.936058521270752,7,0.9817423806220443
76561199098455148,0,0.08653102815151215,7,0.9817423806220443
76561199388444827,0,0.009038536809384823,7,0.9817423806220443
76561199251784361,0,0.013357285410165787,7,0.9817423806220443
76561198133761670,0,0.4320841133594513,7,0.9817423806220443
76561198087926423,0,0.0036060402635484934,7,0.9817423806220443
76561198153247367,0,0.02808171696960926,7,0.9817423806220443
76561198430539229,0,0.00775910122320056,7,0.9817423806220443
76561198144246448,0,0.012827104888856411,7,0.9817423806220443
76561198133869397,0,0.1660270392894745,7,0.9817423806220443
76561198104630897,0,0.005501259118318558,7,0.9817423806220443
76561198929957619,0,0.026295000687241554,7,0.9817423806220443
76561198312659930,0,0.0034935062285512686,7,0.9817423806220443
76561198816285115,0,0.11839265376329422,7,0.9817423806220443
76561198266044705,0,0.01499485969543457,7,0.9817423806220443
76561198024533844,0,0.030470242723822594,7,0.9817423806220443
76561198059946510,0,0.8917630314826965,7,0.9817423806220443
76561198993658380,0,0.004956416320055723,7,0.9817423806220443
76561198187942497,0,0.15358063578605652,7,0.9817423806220443
76561198089692188,0,0.2752843201160431,7,0.9817423806220443
76561199334496768,0,0.03184318169951439,7,0.9817423806220443
76561198059010795,0,0.11792456358671188,7,0.9817423806220443
76561198253258523,0,0.03879977762699127,7,0.9817423806220443
76561199348179901,0,0.9891753792762756,7,0.9817423806220443
76561198802488362,0,0.006829715333878994,7,0.9817423806220443
76561198274563351,0,0.0519128255546093,7,0.9817423806220443
76561199262322630,0,0.003959922585636377,7,0.9817423806220443
76561198303039980,0,0.02413562685251236,7,0.9817423806220443
76561199440645092,0,0.3420179784297943,7,0.9817423806220443
76561198405238926,0,0.06845064461231232,7,0.9817423806220443
76561198978980416,0,0.05245552957057953,7,0.9817423806220443
76561199497994056,0,0.0766742154955864,7,0.9817423806220443
76561198242937350,0,0.41079846024513245,7,0.9817423806220443
76561198072106913,0,0.02453167922794819,7,0.9817423806220443
76561198966053998,0,0.005577073898166418,7,0.9817423806220443
76561199028309503,0,0.07860071957111359,7,0.9817423806220443
76561198412012355,0,0.11095751076936722,7,0.9817423806220443
76561198098601012,0,0.04360117390751839,7,0.9817423806220443
76561198019113882,0,0.020527705550193787,7,0.9817423806220443
76561198818784459,0,0.00889452826231718,7,0.9817423806220443
76561197999580303,0,0.009567451663315296,7,0.9817423806220443
76561198083015119,0,0.004121021833270788,7,0.9817423806220443
76561198100133144,0,0.9749642610549927,7,0.9817423806220443
76561198196687797,0,0.12117759883403778,7,0.9817423806220443
76561198018485266,0,0.00894906185567379,7,0.9817423806220443
76561198216709479,0,0.006920347455888987,7,0.9817423806220443
76561198176223823,0,0.006693234667181969,7,0.9817423806220443
76561198309481362,0,0.004107180051505566,7,0.9817423806220443
76561198388431017,0,0.016564833000302315,7,0.9817423806220443
76561197972975896,0,0.006730017717927694,7,0.9817423806220443
76561199126981000,0,0.008731485344469547,7,0.9817423806220443
76561198007077176,0,0.014733154326677322,7,0.9817423806220443
76561199047981818,0,0.009741568006575108,7,0.9817423806220443
76561199208933989,0,0.034250181168317795,7,0.9817423806220443
76561198367432271,0,0.007481144275516272,7,0.9817423806220443
76561198188552238,0,0.01668035425245762,7,0.9817423806220443
76561199276024088,0,0.08004479110240936,7,0.9817423806220443
76561198116610226,0,0.27923980355262756,7,0.9817423806220443
76561198131791512,0,0.0245004054158926,7,0.9817423806220443
76561198442435340,0,0.0063716652803123,7,0.9817423806220443
76561199447078483,0,0.32752731442451477,7,0.9817423806220443
76561198367421537,0,0.003064727643504739,7,0.9817423806220443
76561198007739944,0,0.003064727643504739,7,0.9817423806220443
76561198084680902,0,0.004738610237836838,7,0.9817423806220443
76561198068783609,0,0.8337710499763489,7,0.9817423806220443
76561198046664125,0,0.0037099572364240885,7,0.9817423806220443
76561199522583062,0,0.01380596961826086,7,0.9817423806220443
76561199388681732,0,0.013819558545947075,7,0.9817423806220443
76561198061871677,0,0.0038879544008523226,7,0.9817423806220443
76561199084706874,0,0.0115047050639987,7,0.9817423806220443
76561198048289291,0,0.32206666469573975,7,0.9817423806220443
76561199585554506,0,0.003510822542011738,7,0.9817423806220443
76561198505002784,0,0.004176702816039324,7,0.9817423806220443
76561198327768677,0,0.00872716959565878,7,0.9817423806220443
76561198034173154,0,0.010880829766392708,7,0.9817423806220443
76561198807634779,0,0.00524761900305748,7,0.9817423806220443
76561199245187721,0,0.004556083586066961,7,0.9817423806220443
76561198393393465,0,0.2987900376319885,7,0.9817423806220443
76561199003386059,0,0.12345585227012634,7,0.9817423806220443
76561198867752781,0,0.0076958974823355675,7,0.9817423806220443
76561199122258534,0,0.9657166600227356,7,0.9817423806220443
76561197969468445,0,0.06315872073173523,7,0.9817423806220443
76561198356067380,0,0.6867275238037109,7,0.9817423806220443
76561198140397577,0,0.4078349769115448,7,0.9817423806220443
76561198300212740,0,0.006966054905205965,7,0.9817423806220443
76561199156552178,0,0.003403094131499529,7,0.9817423806220443
76561198039109865,0,0.5975518822669983,7,0.9817423806220443
76561199175534612,0,0.27191612124443054,7,0.9817423806220443
76561198041906552,0,0.019832884892821312,7,0.9817423806220443
76561198052086101,0,0.53448486328125,7,0.9817423806220443
76561198037487015,0,0.005612100474536419,7,0.9817423806220443
76561199229622638,0,0.01405863743275404,7,0.9817423806220443
76561198046538701,0,0.1952419877052307,7,0.9817423806220443
76561198123305800,0,0.0164251197129488,7,0.9817423806220443
76561198304799514,0,0.027288751676678658,7,0.9817423806220443
76561199365496370,0,0.028171520680189133,7,0.9817423806220443
76561198150050292,0,0.16097265481948853,7,0.9817423806220443
76561198042487967,0,0.003934790380299091,7,0.9817423806220443
76561199239655539,0,0.7508906722068787,7,0.9817423806220443
76561199491914209,0,0.014100568369030952,7,0.9817423806220443
76561198074620569,0,0.6140761971473694,7,0.9817423806220443
76561199574602867,0,0.013745894655585289,7,0.9817423806220443
76561198257018956,0,0.011307046748697758,7,0.9817423806220443
76561198069137074,0,0.0117293456569314,7,0.9817423806220443
76561198835469801,0,0.023034779354929924,7,0.9817423806220443
76561198403114614,0,0.03933205083012581,7,0.9817423806220443
76561198327001464,0,0.003547464031726122,7,0.9817423806220443
76561198216683919,0,0.03211170434951782,7,0.9817423806220443
76561198004148836,0,0.8231838941574097,7,0.9817423806220443
76561197973017971,0,0.016340434551239014,7,0.9817423806220443
76561198081562229,0,0.053351324051618576,7,0.9817423806220443
76561198996810815,1,0.9917628765106201,7,0.9817423806220443
76561198030560578,0,0.23117341101169586,7,0.9817423806220443
76561199087303371,0,0.16881047189235687,7,0.9817423806220443
76561198027134657,0,0.14011378586292267,7,0.9817423806220443
76561199165875820,0,0.11411046236753464,7,0.9817423806220443
76561198408781266,0,0.0037053090054541826,7,0.9817423806220443
76561199013177940,1,0.1393936276435852,7,0.9817423806220443
76561198049951490,0,0.055652134120464325,7,0.9817423806220443
76561198855146826,0,0.0101882703602314,7,0.9817423806220443
76561199699312290,0,0.022751104086637497,7,0.9817423806220443
76561199131535551,0,0.1926797777414322,7,0.9817423806220443
76561199066586966,0,0.0042879763059318066,7,0.9817423806220443
76561199404393980,0,0.04904662072658539,7,0.9817423806220443
76561198825347754,0,0.010599124245345592,7,0.9817423806220443
76561198062998150,0,0.007086872588843107,7,0.9817423806220443
76561198854274418,0,0.005083373747766018,7,0.9817423806220443
76561197993194433,0,0.003944914322346449,7,0.9817423806220443
76561198213046035,0,0.013254428282380104,7,0.9817423806220443
76561199260290439,0,0.003578315954655409,7,0.9817423806220443
76561198035063981,1,0.9933509230613708,7,0.9817423806220443
76561198123294833,0,0.009142383001744747,7,0.9817423806220443
76561198080792585,0,0.3172558546066284,7,0.9817423806220443
76561199051653211,0,0.029536712914705276,7,0.9817423806220443
76561198147358363,1,0.9443705081939697,7,0.9817423806220443
76561198413654270,0,0.031005455181002617,7,0.9817423806220443
76561199427654047,0,0.01187087781727314,7,0.9817423806220443
76561198122130317,0,0.003550212597474456,7,0.9817423806220443
76561199761403655,0,0.005299179814755917,7,0.9817423806220443
76561198297434321,0,0.0823754370212555,7,0.9817423806220443
76561199402587199,0,0.005517546087503433,7,0.9817423806220443
76561198079224907,0,0.014679798856377602,7,0.9817423806220443
76561198084034191,0,0.011671395041048527,7,0.9817423806220443
76561199097696919,0,0.02024742402136326,7,0.9817423806220443
76561199189680789,0,0.0843752846121788,7,0.9817423806220443
76561198335170179,0,0.12731121480464935,7,0.9817423806220443
76561199229577976,0,0.769087553024292,7,0.9817423806220443
76561198935492158,0,0.005261896178126335,7,0.9817423806220443
76561199674193127,0,0.024063551798462868,7,0.9817423806220443
76561198339044515,0,0.14586985111236572,7,0.9817423806220443
76561199029131399,0,0.04289230331778526,7,0.9817423806220443
76561198069126920,0,0.005299179814755917,7,0.9817423806220443
76561199097248972,0,0.044407278299331665,7,0.9817423806220443
76561198068096378,0,0.019350579008460045,7,0.9817423806220443
76561198053574497,0,0.03503251448273659,7,0.9817423806220443
76561198291059210,0,0.077363982796669,7,0.9817423806220443
76561198008011752,0,0.35599443316459656,7,0.9817423806220443
76561198297313818,0,0.3314722776412964,7,0.9817423806220443
76561199221569492,0,0.007567838300019503,7,0.9817423806220443
76561199005556253,0,0.24220344424247742,7,0.9817423806220443
76561198865273280,0,0.14125721156597137,7,0.9817423806220443
76561198412642125,0,0.017290230840444565,7,0.9817423806220443
76561198088172379,0,0.8978333473205566,7,0.9817423806220443
76561199538637706,0,0.05364695191383362,7,0.9817423806220443
76561198820479632,0,0.00903315283358097,7,0.9817423806220443
76561198363865844,0,0.0034828810021281242,7,0.9817423806220443
76561198080990293,0,0.39718911051750183,7,0.9817423806220443
76561199171210433,0,0.04053020849823952,7,0.9817423806220443
76561199205837735,0,0.3264274597167969,7,0.9817423806220443
76561199229688864,0,0.008555794134736061,7,0.9817423806220443
76561198115012756,0,0.023420391604304314,7,0.9817423806220443
76561198312349081,0,0.48751863837242126,7,0.9817423806220443
76561199018553175,0,0.007029436528682709,7,0.9817423806220443
76561198143820447,0,0.3537819981575012,7,0.9817423806220443
76561198053352940,0,0.08955707401037216,7,0.9817423806220443
76561198054823491,0,0.3334112763404846,7,0.9817423806220443
76561199050650970,1,0.9928116202354431,7,0.9817423806220443
76561199007288136,0,0.005423654802143574,7,0.9817423806220443
76561198836786792,0,0.003343879245221615,7,0.9817423806220443
76561198042882268,0,0.247843399643898,7,0.9817423806220443
76561198797055700,0,0.0042039621621370316,7,0.9817423806220443
76561198263563081,0,0.03065699152648449,7,0.9817423806220443
76561198016291978,0,0.9900466799736023,7,0.9817423806220443
76561198050248353,0,0.01791437529027462,7,0.9817423806220443
76561198208844472,0,0.3531166911125183,7,0.9817423806220443
76561198138440774,0,0.7595854997634888,7,0.9817423806220443
76561198292614421,1,0.9876617193222046,7,0.9817423806220443
76561198070529775,0,0.9853131175041199,7,0.9817423806220443
76561199102494721,0,0.004180969204753637,7,0.9817423806220443
76561199085657802,0,0.41579291224479675,7,0.9817423806220443
76561198368631576,0,0.08419743180274963,7,0.9817423806220443
76561198987441749,0,0.3537112772464752,7,0.9817423806220443
76561198965511555,0,0.1992870420217514,7,0.9817423806220443
76561198354735837,0,0.017267707735300064,7,0.9817423806220443
76561198013982212,0,0.03598901629447937,7,0.9817423806220443
76561198044867125,0,0.08801550418138504,7,0.9817423806220443
76561198301162568,0,0.008177817799150944,7,0.9817423806220443
76561199545113513,0,0.06443439424037933,7,0.9817423806220443
76561198103849830,0,0.00742122158408165,7,0.9817423806220443
76561198003264979,1,0.9585339426994324,7,0.9817423806220443
76561199094942702,0,0.8114878535270691,7,0.9817423806220443
76561199487797285,0,0.020685477182269096,7,0.9817423806220443
76561198854373359,0,0.15920694172382355,7,0.9817423806220443
76561198404487763,0,0.0805821493268013,7,0.9817423806220443
76561198113120641,0,0.014390077441930771,7,0.9817423806220443
76561198337236612,1,0.9686347842216492,7,0.9817423806220443
76561198845222107,0,0.9849027991294861,7,0.9817423806220443
76561198122103873,0,0.006907245609909296,7,0.9817423806220443
76561199075627428,0,0.03371565043926239,7,0.9817423806220443
76561199618066693,0,0.005203417968004942,7,0.9817423806220443
76561199134960308,1,0.9797379970550537,7,0.9817423806220443
76561198358670075,0,0.011836115270853043,7,0.9817423806220443
76561198110035289,0,0.010523026809096336,7,0.9817423806220443
76561199008699971,0,0.006386027205735445,7,0.9817423806220443
76561199093531796,0,0.013498041778802872,7,0.9817423806220443
76561198042240609,0,0.011262521147727966,7,0.9817423806220443
76561198045046262,0,0.005038187839090824,7,0.9817423806220443
76561199080751236,0,0.007523053325712681,7,0.9817423806220443
76561198078553853,0,0.016766654327511787,7,0.9817423806220443
76561198030668085,0,0.047077689319849014,7,0.9817423806220443
76561199698541469,0,0.009119451977312565,7,0.9817423806220443
76561198127687124,0,0.01413408387452364,7,0.9817423806220443
76561198384267540,0,0.006340802181512117,7,0.9817423806220443
76561198074531341,0,0.008133864030241966,7,0.9817423806220443
76561197981200264,0,0.004165039863437414,7,0.9817423806220443
76561198119565090,0,0.008052021265029907,7,0.9817423806220443
76561198075236911,0,0.038721002638339996,7,0.9817423806220443
76561198968704905,0,0.019958633929491043,7,0.9817423806220443
76561198333519094,0,0.012184935621917248,7,0.9817423806220443
76561199249653628,0,0.003064727643504739,7,0.9817423806220443
76561198104011513,0,0.02291444130241871,7,0.9817423806220443
76561198045269261,0,0.005000286735594273,7,0.9817423806220443
76561198025499478,0,0.042179398238658905,7,0.9817423806220443
76561198201240513,0,0.003485686145722866,7,0.9817423806220443
76561199740835151,0,0.10694831609725952,7,0.9817423806220443
76561199034454305,0,0.008062892593443394,7,0.9817423806220443
76561198441302447,0,0.0035173746291548014,7,0.9817423806220443
76561198397972309,0,0.0040454138070344925,7,0.9817423806220443
76561199508966472,0,0.0038370394613593817,7,0.9817423806220443
76561198438902467,0,0.003578315954655409,7,0.9817423806220443
76561197980094513,0,0.9616245627403259,7,0.9817423806220443
76561199466127624,0,0.8685522675514221,7,0.9817423806220443
76561198028622748,0,0.02555418573319912,7,0.9817423806220443
76561199057815806,0,0.25271064043045044,7,0.9817423806220443
76561198031755179,0,0.006954394280910492,7,0.9817423806220443
76561198006500481,0,0.16636085510253906,7,0.9817423806220443
76561198101886105,0,0.054030973464250565,7,0.9817423806220443
76561199076875511,0,0.6238824725151062,7,0.9817423806220443
76561197994768154,0,0.47535526752471924,7,0.9817423806220443
76561199243260398,0,0.011722063645720482,7,0.9817423806220443
76561198062367844,0,0.37988314032554626,7,0.9817423806220443
76561198433960757,0,0.29675015807151794,7,0.9817423806220443
76561198001993863,0,0.5175658464431763,7,0.9817423806220443
76561199550315448,0,0.2361205816268921,7,0.9817423806220443
76561198067719674,0,0.008055176585912704,7,0.9817423806220443
76561199118165202,0,0.1826220005750656,7,0.9817423806220443
76561198354109791,1,0.9888728260993958,7,0.9817423806220443
76561198095055072,0,0.03050331585109234,7,0.9817423806220443
76561199209447278,0,0.9163520932197571,7,0.9817423806220443
76561198082018625,0,0.018244154751300812,7,0.9817423806220443
76561198042176414,0,0.022098038345575333,7,0.9817423806220443
76561198235240468,0,0.9497936367988586,7,0.9817423806220443
76561198951304021,0,0.6812310814857483,7,0.9817423806220443
76561198211527060,0,0.9793703556060791,7,0.9817423806220443
76561198411121224,0,0.02017808146774769,7,0.9817423806220443
76561198844352149,1,0.9407033324241638,7,0.9817423806220443
76561198415414429,0,0.019778462126851082,7,0.9817423806220443
76561199038356182,0,0.1437772959470749,7,0.9817423806220443
76561198093188495,0,0.0040213740430772305,7,0.9817423806220443
76561198263338716,0,0.45537301898002625,7,0.9817423806220443
76561199512465242,0,0.01577449031174183,7,0.9817423806220443
76561198870615547,0,0.34978511929512024,7,0.9817423806220443
76561198024790857,0,0.09366476535797119,7,0.9817423806220443
76561199463913402,0,0.0042879763059318066,7,0.9817423806220443
76561198060556235,0,0.6355438232421875,7,0.9817423806220443
76561199121105583,0,0.4060192406177521,7,0.9817423806220443
76561198335188603,0,0.046480972319841385,7,0.9817423806220443
76561198438916970,0,0.12048236280679703,7,0.9817423806220443
76561197985500221,0,0.05458256974816322,7,0.9817423806220443
76561199019906090,0,0.039672836661338806,7,0.9817423806220443
76561199073059062,0,0.9123141169548035,7,0.9817423806220443
76561198199532898,0,0.0037193382158875465,7,0.9817423806220443
76561198047907442,0,0.008333507925271988,7,0.9817423806220443
76561198288524965,0,0.026166636496782303,7,0.9817423806220443
76561198299184459,0,0.019659727811813354,7,0.9817423806220443
76561198799852407,0,0.785480260848999,7,0.9817423806220443
76561198181090199,0,0.035401392728090286,7,0.9817423806220443
76561198281793970,0,0.7556359767913818,7,0.9817423806220443
76561198293672733,0,0.20447507500648499,7,0.9817423806220443
76561197968628415,0,0.3686686158180237,7,0.9817423806220443
76561198244867200,0,0.01519915834069252,7,0.9817423806220443
76561198804459529,0,0.9913289546966553,7,0.9817423806220443
76561198146768715,0,0.9500699043273926,7,0.9817423806220443
76561198365576219,0,0.006340802181512117,7,0.9817423806220443
76561198858104846,0,0.27092984318733215,7,0.9817423806220443
76561198202024646,0,0.037903718650341034,7,0.9817423806220443
76561198190532767,0,0.005008806474506855,7,0.9817423806220443
76561198010904979,0,0.04156738892197609,7,0.9817423806220443
76561198378013345,0,0.10305492579936981,7,0.9817423806220443
76561198115290706,0,0.30055418610572815,7,0.9817423806220443
76561199204677071,0,0.06341509521007538,7,0.9817423806220443
76561198986509995,0,0.01398117933422327,7,0.9817423806220443
76561198059511592,0,0.012097439728677273,7,0.9817423806220443
76561198118245334,0,0.018546026200056076,7,0.9817423806220443
76561199459507878,0,0.0033874802757054567,7,0.9817423806220443
76561199121737609,0,0.012551426887512207,7,0.9817423806220443
76561198051012664,0,0.017435221001505852,7,0.9817423806220443
76561198854260125,0,0.062286268919706345,7,0.9817423806220443
76561199236827846,0,0.9837294220924377,7,0.9817423806220443
76561198358388174,0,0.0057715666480362415,7,0.9817423806220443
76561199588740497,1,0.9926775693893433,7,0.9817423806220443
76561198145604130,0,0.2690542936325073,7,0.9817423806220443
76561198021894889,0,0.11465930938720703,7,0.9817423806220443
76561198113950847,0,0.00785854272544384,7,0.9817423806220443
76561198841414695,0,0.2399561107158661,7,0.9817423806220443
76561198417617040,0,0.024251708760857582,7,0.9817423806220443
76561199249795608,0,0.012324475683271885,7,0.9817423806220443
76561199591864073,0,0.08458545804023743,7,0.9817423806220443
76561199139430415,0,0.017868157476186752,7,0.9817423806220443
76561199102072523,0,0.1378794014453888,7,0.9817423806220443
76561198155036494,0,0.0373169481754303,7,0.9817423806220443
76561198081523213,0,0.18489570915699005,7,0.9817423806220443
76561198377914421,0,0.004556083586066961,7,0.9817423806220443
76561198062518522,0,0.0037806774489581585,7,0.9817423806220443
76561198211493863,0,0.008859832771122456,7,0.9817423806220443
76561199209759289,0,0.0037193382158875465,7,0.9817423806220443
76561199178210344,0,0.006016431376338005,7,0.9817423806220443
76561198987559421,0,0.01513463631272316,7,0.9817423806220443
76561198411687512,0,0.003578315954655409,7,0.9817423806220443
76561198034579760,0,0.012248605489730835,7,0.9817423806220443
76561199046562062,0,0.023269999772310257,7,0.9817423806220443
76561198071030716,0,0.004168446641415358,7,0.9817423806220443
76561198886725833,0,0.003064727643504739,7,0.9817423806220443
76561199205377960,0,0.004168446641415358,7,0.9817423806220443
76561198872465570,0,0.03323463723063469,7,0.9817423806220443
76561198046925884,0,0.017739662900567055,7,0.9817423806220443
76561198312066874,0,0.006240872200578451,7,0.9817423806220443
