user_key,y,score,fold,threshold
76561198937931255,0,0.8800674676895142,9,0.9666558694989238
76561198083945098,1,0.9436967372894287,9,0.9666558694989238
76561198954356732,0,0.03515595570206642,9,0.9666558694989238
76561198346519027,0,0.0034871569368988276,9,0.9666558694989238
76561198064536467,0,0.9328685998916626,9,0.9666558694989238
76561198299939631,0,0.003628012491390109,9,0.9666558694989238
76561198367299214,0,0.0030137901194393635,9,0.9666558694989238
76561198147230816,0,0.2566636800765991,9,0.9666558694989238
76561198317890643,0,0.0032666123006492853,9,0.9666558694989238
76561198395168078,0,0.014047106727957726,9,0.9666558694989238
76561198346148049,0,0.12647303938865662,9,0.9666558694989238
76561198948693217,0,0.02517891116440296,9,0.9666558694989238
76561198051091750,1,0.9613931179046631,9,0.9666558694989238
76561199385014046,0,0.046448126435279846,9,0.9666558694989238
76561198982078949,0,0.03239113837480545,9,0.9666558694989238
76561198206335976,0,0.1278606355190277,9,0.9666558694989238
76561198126441427,0,0.014856494031846523,9,0.9666558694989238
76561198975269683,0,0.007488434202969074,9,0.9666558694989238
76561198238890268,0,0.0945163443684578,9,0.9666558694989238
76561198254230351,0,0.2648301422595978,9,0.9666558694989238
76561198089562849,0,0.047428328543901443,9,0.9666558694989238
76561199071543713,0,0.8406919836997986,9,0.9666558694989238
76561198005409073,0,0.6667541861534119,9,0.9666558694989238
76561198218969387,0,0.42786914110183716,9,0.9666558694989238
76561199092754528,1,0.9761274456977844,9,0.9666558694989238
76561198099680394,0,0.5719925761222839,9,0.9666558694989238
76561198075542068,0,0.0048612128011882305,9,0.9666558694989238
76561198806901165,0,0.9572298526763916,9,0.9666558694989238
76561198136159816,1,0.9630360007286072,9,0.9666558694989238
76561198083922423,0,0.07134959846735,9,0.9666558694989238
76561198015006701,0,0.0068363044410943985,9,0.9666558694989238
76561198085522437,0,0.00700752716511488,9,0.9666558694989238
76561198064260221,0,0.005028774030506611,9,0.9666558694989238
76561198072654999,0,0.011220443993806839,9,0.9666558694989238
76561198278975633,0,0.5243601202964783,9,0.9666558694989238
76561198074964522,0,0.49687471985816956,9,0.9666558694989238
76561198035906081,0,0.003613523207604885,9,0.9666558694989238
76561199038731669,0,0.019448667764663696,9,0.9666558694989238
76561199077050743,0,0.020021025091409683,9,0.9666558694989238
76561198242839372,0,0.004956075455993414,9,0.9666558694989238
76561198078961262,0,0.09157604724168777,9,0.9666558694989238
76561199106124951,0,0.007039832416921854,9,0.9666558694989238
76561198335516026,0,0.029305951669812202,9,0.9666558694989238
76561198320597763,0,0.023493286222219467,9,0.9666558694989238
76561199197121677,0,0.00472891004756093,9,0.9666558694989238
76561198040219091,0,0.4300053119659424,9,0.9666558694989238
76561198027098039,0,0.5412431359291077,9,0.9666558694989238
76561197979322134,0,0.20332399010658264,9,0.9666558694989238
76561198999648907,0,0.030622804537415504,9,0.9666558694989238
76561198008855621,0,0.32724300026893616,9,0.9666558694989238
76561198085096394,0,0.004381588194519281,9,0.9666558694989238
76561198043125686,0,0.02569770999252796,9,0.9666558694989238
76561199022103064,0,0.08144670724868774,9,0.9666558694989238
76561198362791596,0,0.009233086369931698,9,0.9666558694989238
76561198053332037,0,0.05816894397139549,9,0.9666558694989238
76561198313210768,0,0.6526256203651428,9,0.9666558694989238
76561199046432733,0,0.08735837787389755,9,0.9666558694989238
76561199326854619,0,0.005367517936974764,9,0.9666558694989238
76561198036404859,0,0.03048926591873169,9,0.9666558694989238
76561198088714925,0,0.0031678832601755857,9,0.9666558694989238
76561198143784509,0,0.5074623823165894,9,0.9666558694989238
76561199197928951,0,0.004444238729774952,9,0.9666558694989238
76561199415669225,0,0.008016125299036503,9,0.9666558694989238
76561198396485963,0,0.00478380499407649,9,0.9666558694989238
76561198868445379,0,0.00460398755967617,9,0.9666558694989238
76561198080878880,0,0.026226216927170753,9,0.9666558694989238
76561198206210429,0,0.00792002771049738,9,0.9666558694989238
76561198168259184,0,0.003437844105064869,9,0.9666558694989238
76561198410912845,0,0.707675576210022,9,0.9666558694989238
76561198816803164,0,0.6252236366271973,9,0.9666558694989238
76561199466390546,0,0.003643815405666828,9,0.9666558694989238
76561198118215020,0,0.1841106116771698,9,0.9666558694989238
76561199090530189,0,0.9536130428314209,9,0.9666558694989238
76561198144010246,0,0.008359639905393124,9,0.9666558694989238
76561198034308873,0,0.0192010048776865,9,0.9666558694989238
76561197970878748,0,0.003747677430510521,9,0.9666558694989238
76561198066784519,0,0.0035158090759068727,9,0.9666558694989238
76561198099247773,0,0.003012340283021331,9,0.9666558694989238
76561198237247820,0,0.003835672279819846,9,0.9666558694989238
76561198099970823,0,0.05438407137989998,9,0.9666558694989238
76561198213186459,0,0.006863943766802549,9,0.9666558694989238
76561198138076424,0,0.007627906743437052,9,0.9666558694989238
76561198283150179,0,0.01948990486562252,9,0.9666558694989238
76561198381871280,0,0.05359603464603424,9,0.9666558694989238
76561197988216854,0,0.7954172492027283,9,0.9666558694989238
76561199007197414,0,0.8229880928993225,9,0.9666558694989238
76561198977031610,0,0.005406058393418789,9,0.9666558694989238
76561199538844800,0,0.06143970042467117,9,0.9666558694989238
76561199250858135,0,0.027310088276863098,9,0.9666558694989238
76561199490493930,0,0.004579482134431601,9,0.9666558694989238
76561198276843909,0,0.004212398547679186,9,0.9666558694989238
76561198050453491,0,0.09037630259990692,9,0.9666558694989238
76561199121448707,0,0.0050223697908222675,9,0.9666558694989238
76561198354760436,0,0.005117377266287804,9,0.9666558694989238
76561198866759531,0,0.6817018389701843,9,0.9666558694989238
76561198183472781,0,0.018354380503296852,9,0.9666558694989238
76561198008883619,1,0.8834028840065002,9,0.9666558694989238
76561198075680119,0,0.006815315689891577,9,0.9666558694989238
76561198447808905,0,0.10869297385215759,9,0.9666558694989238
76561199083463483,0,0.011364998295903206,9,0.9666558694989238
76561198049110804,0,0.5765979886054993,9,0.9666558694989238
76561198099095971,0,0.012531389482319355,9,0.9666558694989238
76561198120498396,0,0.006320351269096136,9,0.9666558694989238
76561198263515565,1,0.9651537537574768,9,0.9666558694989238
76561198347240936,0,0.9434630274772644,9,0.9666558694989238
76561198346123127,0,0.8110879063606262,9,0.9666558694989238
76561198205212483,0,0.009098024107515812,9,0.9666558694989238
76561198052916089,0,0.3907976746559143,9,0.9666558694989238
76561199094565583,0,0.041337963193655014,9,0.9666558694989238
76561198285179550,0,0.017328402027487755,9,0.9666558694989238
76561198416519028,0,0.8992518782615662,9,0.9666558694989238
76561198812376039,0,0.007747130934149027,9,0.9666558694989238
76561199202957544,0,0.00487016886472702,9,0.9666558694989238
76561198849493009,0,0.2730277478694916,9,0.9666558694989238
76561199008610034,0,0.22059038281440735,9,0.9666558694989238
76561199123898645,0,0.7807170748710632,9,0.9666558694989238
76561198119106288,1,0.9747326970100403,9,0.9666558694989238
76561199136917388,0,0.005159804131835699,9,0.9666558694989238
76561197998807522,0,0.026923619210720062,9,0.9666558694989238
76561198005550825,0,0.0036683103535324335,9,0.9666558694989238
76561198082597996,0,0.023104457184672356,9,0.9666558694989238
76561198022427391,0,0.00472891004756093,9,0.9666558694989238
76561198166891847,0,0.8002480268478394,9,0.9666558694989238
76561199479054866,0,0.5914415121078491,9,0.9666558694989238
76561198025342820,0,0.025355929508805275,9,0.9666558694989238
76561199101916391,0,0.22191543877124786,9,0.9666558694989238
76561199565350291,0,0.0043841637670993805,9,0.9666558694989238
76561198272329464,0,0.7815741300582886,9,0.9666558694989238
76561197995253696,0,0.6582293510437012,9,0.9666558694989238
76561198018821621,0,0.6681373715400696,9,0.9666558694989238
76561198090043406,0,0.4361824691295624,9,0.9666558694989238
76561198046317775,0,0.008475501090288162,9,0.9666558694989238
76561198024533068,0,0.23684170842170715,9,0.9666558694989238
76561198027372860,0,0.03140415623784065,9,0.9666558694989238
76561199091144225,0,0.008694623596966267,9,0.9666558694989238
76561198245266796,0,0.0035842154175043106,9,0.9666558694989238
76561198355357175,0,0.03372776880860329,9,0.9666558694989238
76561198035733262,0,0.7209624648094177,9,0.9666558694989238
76561198986804914,0,0.5162394046783447,9,0.9666558694989238
76561198249025262,0,0.01740090548992157,9,0.9666558694989238
76561198044454687,0,0.005180056672543287,9,0.9666558694989238
76561199214686213,0,0.0068083410151302814,9,0.9666558694989238
76561199029733267,0,0.004308374598622322,9,0.9666558694989238
76561198123642718,0,0.973859429359436,9,0.9666558694989238
76561199154352894,0,0.014034624211490154,9,0.9666558694989238
76561198196721879,0,0.016472283750772476,9,0.9666558694989238
76561198057820670,0,0.40736013650894165,9,0.9666558694989238
76561198964294301,0,0.003673908533528447,9,0.9666558694989238
76561199168451472,0,0.02697865478694439,9,0.9666558694989238
76561199111220030,0,0.02670777589082718,9,0.9666558694989238
76561198146889213,0,0.4963757395744324,9,0.9666558694989238
76561199135552009,0,0.004900022409856319,9,0.9666558694989238
76561198068813436,0,0.008525099605321884,9,0.9666558694989238
76561198317709237,0,0.006400484591722488,9,0.9666558694989238
76561198352078993,0,0.0030137901194393635,9,0.9666558694989238
76561198451953093,0,0.4989194869995117,9,0.9666558694989238
76561198103592390,0,0.004042468033730984,9,0.9666558694989238
76561197977213098,0,0.7753940224647522,9,0.9666558694989238
76561198167206295,0,0.01196843758225441,9,0.9666558694989238
76561199509916819,0,0.005332950968295336,9,0.9666558694989238
76561199054710031,0,0.01188863255083561,9,0.9666558694989238
76561198199497165,0,0.0033179211895912886,9,0.9666558694989238
76561199473890835,0,0.0031123191583901644,9,0.9666558694989238
76561197972119252,0,0.04371324181556702,9,0.9666558694989238
76561198245622466,0,0.0069982693530619144,9,0.9666558694989238
76561199195043727,0,0.0039168656803667545,9,0.9666558694989238
76561199755302125,0,0.003628012491390109,9,0.9666558694989238
76561198321506249,0,0.008913220837712288,9,0.9666558694989238
76561198072708464,0,0.010213883593678474,9,0.9666558694989238
76561198863805296,0,0.3100983500480652,9,0.9666558694989238
76561199546540138,0,0.002842912683263421,9,0.9666558694989238
76561199226071888,0,0.007038825657218695,9,0.9666558694989238
76561198829060221,0,0.0033962263260036707,9,0.9666558694989238
76561198105413125,0,0.004089335910975933,9,0.9666558694989238
76561199068239787,0,0.00344964605756104,9,0.9666558694989238
76561198018451350,0,0.003515578806400299,9,0.9666558694989238
76561199624178314,0,0.0037001268938183784,9,0.9666558694989238
76561198316564858,0,0.10731683671474457,9,0.9666558694989238
76561199417500853,0,0.003628012491390109,9,0.9666558694989238
76561198028796704,0,0.0324336476624012,9,0.9666558694989238
76561199050350706,0,0.002968363929539919,9,0.9666558694989238
76561198409319562,0,0.23141953349113464,9,0.9666558694989238
76561198282358592,0,0.005589410662651062,9,0.9666558694989238
76561198051519324,0,0.0033375637140125036,9,0.9666558694989238
76561198310337655,0,0.47354766726493835,9,0.9666558694989238
76561199014106253,0,0.2299051284790039,9,0.9666558694989238
76561198134956199,0,0.03933245316147804,9,0.9666558694989238
76561199028897557,0,0.16290172934532166,9,0.9666558694989238
76561197966565962,0,0.3451894521713257,9,0.9666558694989238
76561198212394877,0,0.016352372244000435,9,0.9666558694989238
76561199585570249,0,0.014593038707971573,9,0.9666558694989238
76561199498983819,0,0.009408624842762947,9,0.9666558694989238
76561199062704564,0,0.0782301053404808,9,0.9666558694989238
76561199749535421,0,0.090658038854599,9,0.9666558694989238
76561198093603022,0,0.7300654053688049,9,0.9666558694989238
76561198044089874,0,0.1671542376279831,9,0.9666558694989238
76561198137162936,0,0.8623251914978027,9,0.9666558694989238
76561198105956680,0,0.7765135169029236,9,0.9666558694989238
76561198171424598,1,0.9845293164253235,9,0.9666558694989238
76561198044493958,0,0.8918249607086182,9,0.9666558694989238
76561198047708146,0,0.3872867226600647,9,0.9666558694989238
76561199160164273,0,0.5254536867141724,9,0.9666558694989238
76561199067521753,0,0.00680806627497077,9,0.9666558694989238
76561198985133039,0,0.005007492378354073,9,0.9666558694989238
76561198055377587,0,0.36793252825737,9,0.9666558694989238
76561198268483534,0,0.6904882192611694,9,0.9666558694989238
76561198269030470,0,0.014755714684724808,9,0.9666558694989238
76561198059263007,0,0.013011068105697632,9,0.9666558694989238
76561198046677747,0,0.017082946375012398,9,0.9666558694989238
76561198429108953,0,0.0035891691222786903,9,0.9666558694989238
76561198062755676,1,0.9611587524414062,9,0.9666558694989238
76561198046806847,0,0.17402496933937073,9,0.9666558694989238
76561198381611990,0,0.010436277836561203,9,0.9666558694989238
76561198406429005,0,0.891319215297699,9,0.9666558694989238
76561198844386264,0,0.004448286257684231,9,0.9666558694989238
76561198161803659,0,0.021558279171586037,9,0.9666558694989238
76561198123975720,0,0.005618714261800051,9,0.9666558694989238
76561199248088272,0,0.2223057895898819,9,0.9666558694989238
76561199121095400,0,0.004387491382658482,9,0.9666558694989238
76561199028579387,0,0.006406355183571577,9,0.9666558694989238
76561198120262276,0,0.18737122416496277,9,0.9666558694989238
76561198101228632,0,0.003879560623317957,9,0.9666558694989238
76561198343532309,0,0.005376833025366068,9,0.9666558694989238
76561199096063590,0,0.4491368234157562,9,0.9666558694989238
76561198118188360,0,0.6775972843170166,9,0.9666558694989238
76561198150979231,0,0.9730956554412842,9,0.9666558694989238
76561198065222979,0,0.0706411749124527,9,0.9666558694989238
76561198140307745,0,0.00422603590413928,9,0.9666558694989238
76561198065539978,0,0.8356339335441589,9,0.9666558694989238
76561198839875499,0,0.006780250463634729,9,0.9666558694989238
76561198309059905,1,0.8616282939910889,9,0.9666558694989238
76561198135851110,0,0.003913124091923237,9,0.9666558694989238
76561198025387098,0,0.005109521560370922,9,0.9666558694989238
76561198045052513,0,0.36424294114112854,9,0.9666558694989238
76561199107291656,0,0.004218269605189562,9,0.9666558694989238
76561199236134660,0,0.9405158162117004,9,0.9666558694989238
76561198065219807,0,0.5219961404800415,9,0.9666558694989238
76561199068980446,0,0.0034475515130907297,9,0.9666558694989238
76561198314952450,0,0.036908168345689774,9,0.9666558694989238
76561198170261219,0,0.006705024745315313,9,0.9666558694989238
76561199234722884,0,0.09415929764509201,9,0.9666558694989238
76561197993800390,0,0.008657041937112808,9,0.9666558694989238
76561198809892718,0,0.011276493780314922,9,0.9666558694989238
76561198832066522,0,0.0030137901194393635,9,0.9666558694989238
76561198072550494,0,0.13070429861545563,9,0.9666558694989238
76561198276127251,0,0.007038825657218695,9,0.9666558694989238
76561198332149530,0,0.0035238824784755707,9,0.9666558694989238
76561198108276232,0,0.018041640520095825,9,0.9666558694989238
76561198071944660,0,0.5209299325942993,9,0.9666558694989238
76561198042566244,0,0.9798533916473389,9,0.9666558694989238
76561199092187274,0,0.00834980234503746,9,0.9666558694989238
76561198043980825,0,0.013952121138572693,9,0.9666558694989238
76561198385412512,0,0.8915534615516663,9,0.9666558694989238
76561199039928658,0,0.06905139237642288,9,0.9666558694989238
76561198367662359,0,0.5257453918457031,9,0.9666558694989238
76561198881825112,1,0.9757249355316162,9,0.9666558694989238
76561197998853712,0,0.006538787856698036,9,0.9666558694989238
76561198095032004,0,0.9082825779914856,9,0.9666558694989238
76561198999893838,0,0.014604912139475346,9,0.9666558694989238
76561199467324401,0,0.003012340283021331,9,0.9666558694989238
76561199238583964,0,0.024993954226374626,9,0.9666558694989238
76561199079541509,0,0.004589212592691183,9,0.9666558694989238
76561198205110076,0,0.02374344877898693,9,0.9666558694989238
76561198056722722,0,0.00461809104308486,9,0.9666558694989238
76561199220636791,0,0.012083991430699825,9,0.9666558694989238
76561199453830265,0,0.015882868319749832,9,0.9666558694989238
76561197990118472,0,0.041671473532915115,9,0.9666558694989238
76561198374533673,0,0.16366595029830933,9,0.9666558694989238
76561198981580803,0,0.003628012491390109,9,0.9666558694989238
76561198860518278,0,0.005623064935207367,9,0.9666558694989238
76561199443622746,0,0.2532782554626465,9,0.9666558694989238
76561198045209806,0,0.017935896292328835,9,0.9666558694989238
76561198811346294,0,0.0332072377204895,9,0.9666558694989238
76561199069030259,0,0.26109778881073,9,0.9666558694989238
76561197975141881,0,0.0067731342278420925,9,0.9666558694989238
76561198377374879,0,0.0120741818100214,9,0.9666558694989238
76561198246916968,0,0.00472891004756093,9,0.9666558694989238
76561198354192724,1,0.9677110314369202,9,0.9666558694989238
76561197968476942,0,0.00733535410836339,9,0.9666558694989238
76561198042761763,0,0.003754939418286085,9,0.9666558694989238
76561197980978306,0,0.004625560715794563,9,0.9666558694989238
76561198406991558,0,0.280978798866272,9,0.9666558694989238
76561198096718532,0,0.005645028315484524,9,0.9666558694989238
76561199074498561,0,0.010757994838058949,9,0.9666558694989238
76561198030420276,0,0.015120350755751133,9,0.9666558694989238
76561199033552715,0,0.15267010033130646,9,0.9666558694989238
76561198836249448,0,0.013075522147119045,9,0.9666558694989238
76561198401349597,0,0.2911854088306427,9,0.9666558694989238
76561198023142701,0,0.029709523543715477,9,0.9666558694989238
76561198011170789,0,0.5719067454338074,9,0.9666558694989238
76561199525641652,0,0.012292447499930859,9,0.9666558694989238
76561198452424009,0,0.9125708937644958,9,0.9666558694989238
76561199086219538,1,0.9751225709915161,9,0.9666558694989238
76561199400397377,0,0.006247419398277998,9,0.9666558694989238
76561198269398648,0,0.005375613924115896,9,0.9666558694989238
76561198138530839,0,0.6016947627067566,9,0.9666558694989238
76561198192568599,0,0.7225573658943176,9,0.9666558694989238
76561197970742576,0,0.6878448724746704,9,0.9666558694989238
76561198067415835,0,0.15402068197727203,9,0.9666558694989238
76561198828648008,0,0.0032102239783853292,9,0.9666558694989238
76561198440357640,0,0.027909718453884125,9,0.9666558694989238
76561198009518018,0,0.42820775508880615,9,0.9666558694989238
76561198272971100,0,0.007365190424025059,9,0.9666558694989238
76561197977734498,0,0.012565788812935352,9,0.9666558694989238
76561198315605004,0,0.8249619007110596,9,0.9666558694989238
76561198153934334,0,0.901928722858429,9,0.9666558694989238
76561198005840050,0,0.6905173659324646,9,0.9666558694989238
76561198162319973,0,0.006869263481348753,9,0.9666558694989238
76561199205855245,0,0.039139557629823685,9,0.9666558694989238
76561198292295471,0,0.35089969635009766,9,0.9666558694989238
76561198061907113,0,0.0033230625558644533,9,0.9666558694989238
76561198016637352,0,0.006310144905000925,9,0.9666558694989238
76561199189091838,0,0.008703861385583878,9,0.9666558694989238
76561198840232216,0,0.022494567558169365,9,0.9666558694989238
76561198354609190,0,0.002991086570546031,9,0.9666558694989238
76561198025206772,0,0.015440708957612514,9,0.9666558694989238
76561197994372683,0,0.003571871668100357,9,0.9666558694989238
76561198040741147,0,0.005334360525012016,9,0.9666558694989238
76561198408414903,0,0.5184323191642761,9,0.9666558694989238
76561198044277485,0,0.03573057800531387,9,0.9666558694989238
76561198033566851,0,0.3176794946193695,9,0.9666558694989238
76561198199058247,0,0.004237983375787735,9,0.9666558694989238
76561199680465160,0,0.002978329546749592,9,0.9666558694989238
76561198256692346,0,0.00632978230714798,9,0.9666558694989238
76561197971959053,0,0.2473997324705124,9,0.9666558694989238
76561198371635935,0,0.043670978397130966,9,0.9666558694989238
76561198049439084,0,0.00858762115240097,9,0.9666558694989238
76561197975628777,0,0.7769336700439453,9,0.9666558694989238
76561199218025426,0,0.01583370566368103,9,0.9666558694989238
76561199468499685,0,0.14250747859477997,9,0.9666558694989238
76561199465651556,0,0.012629003264009953,9,0.9666558694989238
76561199205862520,0,0.003267259569838643,9,0.9666558694989238
76561199183337233,0,0.18732351064682007,9,0.9666558694989238
76561199136464023,0,0.009001696482300758,9,0.9666558694989238
76561199238199273,0,0.0036646798253059387,9,0.9666558694989238
76561198372235867,1,0.9723125696182251,9,0.9666558694989238
76561199096186849,0,0.006654740776866674,9,0.9666558694989238
76561198996870784,0,0.09490830451250076,9,0.9666558694989238
76561198122434585,0,0.03340230509638786,9,0.9666558694989238
76561198354308833,0,0.005844367202371359,9,0.9666558694989238
76561198799256382,0,0.034212350845336914,9,0.9666558694989238
76561199494973358,0,0.012531389482319355,9,0.9666558694989238
76561198914795335,0,0.0029911519959568977,9,0.9666558694989238
76561198041464346,0,0.006989685352891684,9,0.9666558694989238
76561198202685103,0,0.928825318813324,9,0.9666558694989238
76561198228967184,0,0.006267668213695288,9,0.9666558694989238
76561198021412483,0,0.006689028348773718,9,0.9666558694989238
76561198925501700,0,0.01041140966117382,9,0.9666558694989238
76561199114353660,0,0.9402379393577576,9,0.9666558694989238
76561197989093652,0,0.4690493941307068,9,0.9666558694989238
76561198141032625,0,0.028475027531385422,9,0.9666558694989238
76561199229776166,0,0.010601823218166828,9,0.9666558694989238
76561198968578762,0,0.003012340283021331,9,0.9666558694989238
76561197972294977,0,0.004950101487338543,9,0.9666558694989238
76561198348606644,0,0.00409246189519763,9,0.9666558694989238
76561198427391014,0,0.010445673018693924,9,0.9666558694989238
76561198247502792,0,0.005491581279784441,9,0.9666558694989238
76561198125061302,0,0.010358728468418121,9,0.9666558694989238
76561199190519235,0,0.024095159024000168,9,0.9666558694989238
76561198016664691,0,0.10529191046953201,9,0.9666558694989238
76561198175190621,0,0.003949373960494995,9,0.9666558694989238
76561198367903278,0,0.00472891004756093,9,0.9666558694989238
76561199063267574,0,0.006204251665621996,9,0.9666558694989238
76561198237340738,0,0.011334452778100967,9,0.9666558694989238
76561198168651715,0,0.004093969706445932,9,0.9666558694989238
76561198007488132,0,0.02109103836119175,9,0.9666558694989238
76561198300794715,0,0.7480431199073792,9,0.9666558694989238
76561198067832914,1,0.9694175124168396,9,0.9666558694989238
76561198007206685,0,0.23714478313922882,9,0.9666558694989238
76561198091897619,0,0.07712158560752869,9,0.9666558694989238
76561199043185815,0,0.003227005712687969,9,0.9666558694989238
76561198413428476,0,0.6917350888252258,9,0.9666558694989238
76561197997071303,0,0.6868765950202942,9,0.9666558694989238
76561199579998386,0,0.006204251665621996,9,0.9666558694989238
76561198056383575,0,0.4798233211040497,9,0.9666558694989238
76561198168952553,0,0.0034187508281320333,9,0.9666558694989238
76561198823604582,0,0.003628012491390109,9,0.9666558694989238
76561199230718316,0,0.006204251665621996,9,0.9666558694989238
76561198171238257,0,0.03399064391851425,9,0.9666558694989238
76561199192475342,0,0.022188842296600342,9,0.9666558694989238
76561199178093081,0,0.005491581279784441,9,0.9666558694989238
76561198881103443,0,0.38841190934181213,9,0.9666558694989238
76561199093088049,0,0.0089114336296916,9,0.9666558694989238
76561199071013161,1,0.9746978282928467,9,0.9666558694989238
76561199122497725,0,0.007497149985283613,9,0.9666558694989238
76561197972532745,0,0.920379638671875,9,0.9666558694989238
76561198087392371,0,0.004009620752185583,9,0.9666558694989238
76561198005987027,0,0.4244706332683563,9,0.9666558694989238
76561198132357329,0,0.004713467787951231,9,0.9666558694989238
76561199102860049,0,0.9567449688911438,9,0.9666558694989238
76561199481453320,0,0.042685553431510925,9,0.9666558694989238
76561198153318264,0,0.6096240282058716,9,0.9666558694989238
76561198411114653,0,0.8965436816215515,9,0.9666558694989238
76561198010070746,0,0.005526879336684942,9,0.9666558694989238
76561199774096865,0,0.004894278012216091,9,0.9666558694989238
76561198170872659,0,0.8080215454101562,9,0.9666558694989238
76561198070032058,0,0.004320091102272272,9,0.9666558694989238
76561198125083672,0,0.14399127662181854,9,0.9666558694989238
76561197969918394,0,0.6952790021896362,9,0.9666558694989238
76561198042700842,0,0.020188352093100548,9,0.9666558694989238
76561198110577256,0,0.8243740200996399,9,0.9666558694989238
76561198848632867,0,0.005929551552981138,9,0.9666558694989238
76561199112723762,0,0.005770200863480568,9,0.9666558694989238
76561198041315010,0,0.003271532943472266,9,0.9666558694989238
76561198077813699,0,0.014088171534240246,9,0.9666558694989238
76561198420063884,0,0.6489349007606506,9,0.9666558694989238
76561198271058772,0,0.0030391975305974483,9,0.9666558694989238
76561199229590515,0,0.005476936232298613,9,0.9666558694989238
76561199020439884,0,0.00325618963688612,9,0.9666558694989238
76561199023389283,0,0.11009405553340912,9,0.9666558694989238
76561198066208860,0,0.1412590891122818,9,0.9666558694989238
76561198107738556,0,0.06765393167734146,9,0.9666558694989238
76561198323006652,0,0.5045074820518494,9,0.9666558694989238
76561198390069957,0,0.6683621406555176,9,0.9666558694989238
76561199507114256,0,0.010677802376449108,9,0.9666558694989238
76561199350031208,0,0.9734309911727905,9,0.9666558694989238
76561199130136917,0,0.0031383694149553776,9,0.9666558694989238
76561198055175363,0,0.015900539234280586,9,0.9666558694989238
76561199571256360,0,0.00426325760781765,9,0.9666558694989238
76561199002873244,0,0.574120819568634,9,0.9666558694989238
76561198254578053,0,0.12938666343688965,9,0.9666558694989238
76561198973725234,0,0.008851679973304272,9,0.9666558694989238
76561199127344549,0,0.9693025350570679,9,0.9666558694989238
76561199266486098,0,0.0055339341051876545,9,0.9666558694989238
76561199034165965,0,0.9354374408721924,9,0.9666558694989238
76561198205875749,0,0.012791566550731659,9,0.9666558694989238
76561199416112381,0,0.007038825657218695,9,0.9666558694989238
76561199540745863,0,0.0034924682695418596,9,0.9666558694989238
76561197965598367,0,0.49054786562919617,9,0.9666558694989238
76561199573783420,0,0.8441192507743835,9,0.9666558694989238
76561198078258467,0,0.04820719733834267,9,0.9666558694989238
76561198980208315,0,0.08157234638929367,9,0.9666558694989238
76561199791312970,0,0.0035891691222786903,9,0.9666558694989238
76561198067237681,0,0.021897530183196068,9,0.9666558694989238
76561198867466781,0,0.007072596810758114,9,0.9666558694989238
76561199091157533,0,0.012120346538722515,9,0.9666558694989238
76561199191627939,0,0.9486896395683289,9,0.9666558694989238
76561198799581048,0,0.003211350180208683,9,0.9666558694989238
76561198106352745,0,0.6416383385658264,9,0.9666558694989238
76561199050058896,0,0.07844866812229156,9,0.9666558694989238
76561198919481696,0,0.004713467787951231,9,0.9666558694989238
76561199418988289,0,0.003293056273832917,9,0.9666558694989238
76561199023288777,0,0.009428608231246471,9,0.9666558694989238
76561198393522822,0,0.003283906728029251,9,0.9666558694989238
76561199081774672,0,0.37733420729637146,9,0.9666558694989238
76561198966524668,0,0.12054476141929626,9,0.9666558694989238
76561199085165051,0,0.2827320098876953,9,0.9666558694989238
76561198121404970,0,0.06028173118829727,9,0.9666558694989238
76561198074026119,1,0.9758157730102539,9,0.9666558694989238
76561198849023659,0,0.0030172679107636213,9,0.9666558694989238
76561198051363892,0,0.006811949424445629,9,0.9666558694989238
76561199469052533,0,0.034595709294080734,9,0.9666558694989238
76561199021133141,0,0.35766518115997314,9,0.9666558694989238
76561198276880752,0,0.004066426306962967,9,0.9666558694989238
76561199091643631,0,0.006139104254543781,9,0.9666558694989238
76561198248581882,0,0.0973571240901947,9,0.9666558694989238
76561198997827424,0,0.35556191205978394,9,0.9666558694989238
76561198086441051,0,0.02458794042468071,9,0.9666558694989238
76561199211953576,0,0.7882400155067444,9,0.9666558694989238
76561198356092433,0,0.003424903843551874,9,0.9666558694989238
76561198304241516,0,0.00488476175814867,9,0.9666558694989238
76561198022299140,0,0.009884222410619259,9,0.9666558694989238
76561198992888063,0,0.532505989074707,9,0.9666558694989238
76561198117624692,0,0.0069590783677995205,9,0.9666558694989238
76561198030276568,0,0.007361454889178276,9,0.9666558694989238
76561198181160086,0,0.07044237107038498,9,0.9666558694989238
76561198892773939,0,0.009027751162648201,9,0.9666558694989238
76561199038011467,0,0.016267523169517517,9,0.9666558694989238
76561199217376398,0,0.08353038132190704,9,0.9666558694989238
76561199041832528,0,0.0032355666626244783,9,0.9666558694989238
76561198083556252,0,0.009192964062094688,9,0.9666558694989238
76561198071930153,0,0.5275861620903015,9,0.9666558694989238
76561198071020398,0,0.7136432528495789,9,0.9666558694989238
76561198842210216,0,0.005394937936216593,9,0.9666558694989238
76561197995794954,0,0.27274399995803833,9,0.9666558694989238
76561197970747572,0,0.6836896538734436,9,0.9666558694989238
76561199124824833,0,0.12048198282718658,9,0.9666558694989238
76561198283810327,0,0.061790432780981064,9,0.9666558694989238
76561198353434610,0,0.2813587486743927,9,0.9666558694989238
76561198352976710,0,0.012326332740485668,9,0.9666558694989238
76561199017651101,0,0.004547810647636652,9,0.9666558694989238
76561198040780093,1,0.9448515176773071,9,0.9666558694989238
76561197976534737,0,0.784356415271759,9,0.9666558694989238
76561198026366336,0,0.021690063178539276,9,0.9666558694989238
76561198320730987,0,0.003355452325195074,9,0.9666558694989238
76561199220062267,0,0.1364823579788208,9,0.9666558694989238
76561198353420410,0,0.004652901086956263,9,0.9666558694989238
76561199806493660,0,0.002842912683263421,9,0.9666558694989238
76561198806482896,1,0.9277366995811462,9,0.9666558694989238
76561198064059669,0,0.15656320750713348,9,0.9666558694989238
76561198082318736,0,0.029004551470279694,9,0.9666558694989238
76561198149958911,0,0.5867704749107361,9,0.9666558694989238
76561198897805134,0,0.012531389482319355,9,0.9666558694989238
76561198450535921,0,0.8648883104324341,9,0.9666558694989238
76561198048913001,0,0.36052262783050537,9,0.9666558694989238
76561198012856320,0,0.011400080285966396,9,0.9666558694989238
76561198147547133,0,0.3730142116546631,9,0.9666558694989238
76561198057260924,0,0.3911445438861847,9,0.9666558694989238
76561197981413845,0,0.8539351224899292,9,0.9666558694989238
76561198194100183,0,0.005527807399630547,9,0.9666558694989238
76561199268985650,0,0.2285902202129364,9,0.9666558694989238
76561198878669224,0,0.003637346439063549,9,0.9666558694989238
76561199075211967,0,0.04491746425628662,9,0.9666558694989238
76561198164034263,0,0.022136826068162918,9,0.9666558694989238
76561198929634560,0,0.043350204825401306,9,0.9666558694989238
76561199076025889,0,0.9136283993721008,9,0.9666558694989238
76561198042102742,0,0.7386060357093811,9,0.9666558694989238
76561199007800253,0,0.8789954781532288,9,0.9666558694989238
76561198398995487,0,0.00504924776032567,9,0.9666558694989238
76561198042069136,0,0.08545342087745667,9,0.9666558694989238
76561198119510452,0,0.9246503114700317,9,0.9666558694989238
76561198029531043,0,0.03958585485816002,9,0.9666558694989238
76561197987026876,0,0.0033033499494194984,9,0.9666558694989238
76561198023694010,0,0.31068238615989685,9,0.9666558694989238
76561198864313156,0,0.009998874738812447,9,0.9666558694989238
76561199163082919,0,0.15455536544322968,9,0.9666558694989238
76561198116841047,0,0.003898304421454668,9,0.9666558694989238
76561198390698150,0,0.004792726133018732,9,0.9666558694989238
76561198804444838,0,0.7235268354415894,9,0.9666558694989238
76561197974446335,0,0.01896088197827339,9,0.9666558694989238
76561198001934012,0,0.019469505175948143,9,0.9666558694989238
76561198847350907,1,0.972251832485199,9,0.9666558694989238
76561198039157584,0,0.004656842909753323,9,0.9666558694989238
76561198974772051,0,0.008696343749761581,9,0.9666558694989238
76561199192147770,0,0.9652163982391357,9,0.9666558694989238
76561199001794067,0,0.03996778652071953,9,0.9666558694989238
76561199085456361,0,0.6108646392822266,9,0.9666558694989238
76561198306794021,0,0.14611002802848816,9,0.9666558694989238
76561198308858052,0,0.0031716274097561836,9,0.9666558694989238
76561198044755108,0,0.01485398318618536,9,0.9666558694989238
76561198289194036,0,0.005469923373311758,9,0.9666558694989238
76561198114679320,0,0.009912683628499508,9,0.9666558694989238
76561198151182748,0,0.005693354643881321,9,0.9666558694989238
76561199081914598,0,0.00411761412397027,9,0.9666558694989238
76561199156578847,0,0.007014797534793615,9,0.9666558694989238
76561198026922386,1,0.9786320924758911,9,0.9666558694989238
76561198322564218,0,0.005469474010169506,9,0.9666558694989238
76561199228110362,0,0.004087497480213642,9,0.9666558694989238
76561199203760752,0,0.834971010684967,9,0.9666558694989238
76561199039317016,0,0.12538756430149078,9,0.9666558694989238
76561198284340131,0,0.006136294919997454,9,0.9666558694989238
76561199551990344,0,0.02658214047551155,9,0.9666558694989238
76561198111962448,0,0.06013306602835655,9,0.9666558694989238
76561198394788643,0,0.007241753861308098,9,0.9666558694989238
76561199445992665,0,0.0041480399668216705,9,0.9666558694989238
76561198001830802,0,0.08717267960309982,9,0.9666558694989238
76561198083169247,0,0.026589004322886467,9,0.9666558694989238
76561198323709420,0,0.06569176912307739,9,0.9666558694989238
76561199148039532,0,0.003771133255213499,9,0.9666558694989238
76561198057885220,0,0.8404635787010193,9,0.9666558694989238
76561198047663632,0,0.0035891691222786903,9,0.9666558694989238
76561199224370153,0,0.005591300316154957,9,0.9666558694989238
76561199202104400,0,0.007038825657218695,9,0.9666558694989238
76561198077260867,0,0.052405502647161484,9,0.9666558694989238
76561198128847051,0,0.12135288864374161,9,0.9666558694989238
76561198025699930,0,0.007471470162272453,9,0.9666558694989238
76561199623910739,0,0.006352192722260952,9,0.9666558694989238
76561198139999941,0,0.9409372210502625,9,0.9666558694989238
76561198937141414,0,0.8140369057655334,9,0.9666558694989238
76561199115376727,0,0.8389807939529419,9,0.9666558694989238
76561199242644063,0,0.006821389310061932,9,0.9666558694989238
76561198054341222,0,0.7138140201568604,9,0.9666558694989238
76561198990712991,1,0.9832062125205994,9,0.9666558694989238
76561198057696539,0,0.5507640838623047,9,0.9666558694989238
76561199130093041,1,0.9664733409881592,9,0.9666558694989238
76561198132542256,1,0.9074952006340027,9,0.9666558694989238
76561199078141622,0,0.009799743071198463,9,0.9666558694989238
76561199081087604,0,0.05192358046770096,9,0.9666558694989238
76561198337077280,0,0.0049110702238976955,9,0.9666558694989238
76561199003545608,0,0.3423975110054016,9,0.9666558694989238
76561198076630309,0,0.9132754802703857,9,0.9666558694989238
76561198444324659,0,0.004159389063715935,9,0.9666558694989238
76561198041465378,0,0.9122505187988281,9,0.9666558694989238
76561198275976913,0,0.008676420897245407,9,0.9666558694989238
76561197970931755,0,0.6934283375740051,9,0.9666558694989238
76561198151898634,0,0.765105664730072,9,0.9666558694989238
76561198034783239,0,0.369149774312973,9,0.9666558694989238
76561199206262892,0,0.010735547170042992,9,0.9666558694989238
76561198041637037,0,0.7386755347251892,9,0.9666558694989238
76561198031446285,0,0.1018526554107666,9,0.9666558694989238
76561198294665543,0,0.2762881815433502,9,0.9666558694989238
76561198802741497,0,0.06580844521522522,9,0.9666558694989238
76561198025320872,1,0.9483577013015747,9,0.9666558694989238
76561198024447615,0,0.6956691145896912,9,0.9666558694989238
76561198128486215,0,0.018378939479589462,9,0.9666558694989238
76561199070867371,0,0.3836510479450226,9,0.9666558694989238
76561197961802432,1,0.8573439121246338,9,0.9666558694989238
76561198993988420,0,0.9783863425254822,9,0.9666558694989238
76561199307141052,0,0.00478380499407649,9,0.9666558694989238
76561198274453382,1,0.3650050461292267,9,0.9666558694989238
76561198822001960,0,0.00555050652474165,9,0.9666558694989238
76561199030652374,0,0.9702619314193726,9,0.9666558694989238
76561198151155699,0,0.8484123945236206,9,0.9666558694989238
76561198078077160,1,0.9554537534713745,9,0.9666558694989238
76561198054164411,0,0.8247331380844116,9,0.9666558694989238
76561198321384838,0,0.010759714990854263,9,0.9666558694989238
76561198902803950,0,0.00433525862172246,9,0.9666558694989238
76561199085057096,0,0.0030650354456156492,9,0.9666558694989238
76561199012560433,0,0.006204251665621996,9,0.9666558694989238
76561197996311869,0,0.9727842211723328,9,0.9666558694989238
76561198289739541,0,0.042430344969034195,9,0.9666558694989238
76561198131606720,0,0.3831142485141754,9,0.9666558694989238
76561198408646990,0,0.5231958627700806,9,0.9666558694989238
76561198067039291,0,0.006292268633842468,9,0.9666558694989238
76561199376596436,0,0.7442197203636169,9,0.9666558694989238
76561198257337724,0,0.29572808742523193,9,0.9666558694989238
76561199147305060,0,0.7318651080131531,9,0.9666558694989238
76561198870581223,0,0.5912925601005554,9,0.9666558694989238
76561198087838802,0,0.019490983337163925,9,0.9666558694989238
76561198078898709,0,0.005672034807503223,9,0.9666558694989238
76561198977218383,0,0.5492581725120544,9,0.9666558694989238
76561198045249020,0,0.003988900687545538,9,0.9666558694989238
76561198373627969,0,0.003850634442642331,9,0.9666558694989238
76561198173796258,0,0.9566590189933777,9,0.9666558694989238
76561198194881228,0,0.8932937383651733,9,0.9666558694989238
76561199150204943,0,0.14548373222351074,9,0.9666558694989238
76561198000502083,0,0.004729141481220722,9,0.9666558694989238
76561198881001490,0,0.299183189868927,9,0.9666558694989238
76561199379631181,0,0.19279621541500092,9,0.9666558694989238
76561199076173146,0,0.1403798758983612,9,0.9666558694989238
76561197966793681,0,0.008151011541485786,9,0.9666558694989238
76561198062266235,0,0.01078963465988636,9,0.9666558694989238
76561199167007454,0,0.0055067772045731544,9,0.9666558694989238
76561199078298920,0,0.007193069439381361,9,0.9666558694989238
76561198416206669,0,0.00472891004756093,9,0.9666558694989238
76561199005827374,0,0.0038957034703344107,9,0.9666558694989238
76561199219386696,0,0.014381295070052147,9,0.9666558694989238
76561198100881351,0,0.008309335447847843,9,0.9666558694989238
76561198011167631,0,0.0030129021033644676,9,0.9666558694989238
76561198324121193,0,0.0038557976949959993,9,0.9666558694989238
76561198107337876,0,0.005323530174791813,9,0.9666558694989238
76561198019282513,0,0.0871550440788269,9,0.9666558694989238
76561198351086213,0,0.005611004773527384,9,0.9666558694989238
76561198050001820,0,0.00951771903783083,9,0.9666558694989238
76561198921741149,0,0.0075013949535787106,9,0.9666558694989238
76561198364171588,1,0.9764214158058167,9,0.9666558694989238
76561198118457017,0,0.03609263151884079,9,0.9666558694989238
76561198040575753,0,0.045119285583496094,9,0.9666558694989238
76561198946448986,0,0.18951261043548584,9,0.9666558694989238
76561198174774381,0,0.09177925437688828,9,0.9666558694989238
76561199015406378,0,0.004413290414959192,9,0.9666558694989238
76561199070633872,0,0.011774009093642235,9,0.9666558694989238
76561198107199860,0,0.004730939399451017,9,0.9666558694989238
76561198261444873,0,0.010247237980365753,9,0.9666558694989238
76561197989499011,0,0.025604132562875748,9,0.9666558694989238
76561198253083960,0,0.008320774883031845,9,0.9666558694989238
76561199110945642,0,0.6841188073158264,9,0.9666558694989238
76561199079041202,0,0.017753344029188156,9,0.9666558694989238
76561198120974777,0,0.008062830194830894,9,0.9666558694989238
76561198209659487,0,0.005648696329444647,9,0.9666558694989238
76561198201185721,0,0.0058845519088208675,9,0.9666558694989238
76561198168744203,0,0.0036232583224773407,9,0.9666558694989238
76561198086008258,0,0.00352272717282176,9,0.9666558694989238
76561198267557092,1,0.9836267828941345,9,0.9666558694989238
76561198882011948,0,0.10657237470149994,9,0.9666558694989238
76561199018604314,0,0.006675533019006252,9,0.9666558694989238
76561199124592604,0,0.10707807540893555,9,0.9666558694989238
76561199117100875,0,0.003206457244232297,9,0.9666558694989238
76561199145970552,0,0.02902233600616455,9,0.9666558694989238
76561198444712409,0,0.0036838636733591557,9,0.9666558694989238
76561199481651016,0,0.005249600391834974,9,0.9666558694989238
76561199545225543,0,0.004009083844721317,9,0.9666558694989238
76561198807779033,0,0.00472891004756093,9,0.9666558694989238
76561199046719298,0,0.0036514229141175747,9,0.9666558694989238
76561198073789107,0,0.007601109333336353,9,0.9666558694989238
76561198273252936,0,0.005858585704118013,9,0.9666558694989238
76561198298482033,0,0.4909902513027191,9,0.9666558694989238
76561198174130262,0,0.008180146105587482,9,0.9666558694989238
76561198240197968,0,0.553817629814148,9,0.9666558694989238
76561199027031255,0,0.0034939576871693134,9,0.9666558694989238
76561199200239636,0,0.003681363770738244,9,0.9666558694989238
76561198245704666,0,0.04716963693499565,9,0.9666558694989238
76561198430397091,0,0.027936983853578568,9,0.9666558694989238
76561198981364330,0,0.013237974606454372,9,0.9666558694989238
76561199122523915,0,0.020830851048231125,9,0.9666558694989238
76561198347198188,0,0.5459433197975159,9,0.9666558694989238
76561198809621480,0,0.5358201861381531,9,0.9666558694989238
76561199121360042,0,0.29247117042541504,9,0.9666558694989238
76561198196690513,0,0.507757306098938,9,0.9666558694989238
76561199467863159,0,0.006240963935852051,9,0.9666558694989238
76561198837761045,1,0.9408765435218811,9,0.9666558694989238
76561198139517151,0,0.2486492097377777,9,0.9666558694989238
76561198253477246,0,0.1409073919057846,9,0.9666558694989238
76561197994855724,0,0.4382772743701935,9,0.9666558694989238
76561198271921917,0,0.007554756011813879,9,0.9666558694989238
76561198973980074,0,0.13411858677864075,9,0.9666558694989238
76561198081769525,0,0.42546433210372925,9,0.9666558694989238
76561199206373791,0,0.9651015996932983,9,0.9666558694989238
76561198191135355,0,0.013430637307465076,9,0.9666558694989238
76561198273630533,0,0.5951959490776062,9,0.9666558694989238
76561199049510075,0,0.04834974184632301,9,0.9666558694989238
76561199258259706,1,0.9851770401000977,9,0.9666558694989238
76561198439877992,0,0.004707623738795519,9,0.9666558694989238
76561198058676734,0,0.7258908152580261,9,0.9666558694989238
76561198039632568,0,0.0062592485919594765,9,0.9666558694989238
76561199660523929,0,0.0030137901194393635,9,0.9666558694989238
76561199104501238,0,0.37714093923568726,9,0.9666558694989238
76561198391853953,0,0.5720362067222595,9,0.9666558694989238
76561198922200410,0,0.0033750836737453938,9,0.9666558694989238
76561198024385247,0,0.05527523532509804,9,0.9666558694989238
76561197962343457,0,0.5832963585853577,9,0.9666558694989238
76561199815389102,0,0.0033989246003329754,9,0.9666558694989238
76561199528884049,0,0.0783107802271843,9,0.9666558694989238
76561198120780920,0,0.5284075140953064,9,0.9666558694989238
76561198397295468,0,0.006192879285663366,9,0.9666558694989238
76561198973107083,0,0.0176983829587698,9,0.9666558694989238
76561198009373793,0,0.00561027554795146,9,0.9666558694989238
76561198847212918,0,0.5235469341278076,9,0.9666558694989238
76561197960275282,0,0.00922306813299656,9,0.9666558694989238
76561198130425686,0,0.05980800837278366,9,0.9666558694989238
76561199372217606,0,0.17628608644008636,9,0.9666558694989238
76561198010978665,0,0.6583062410354614,9,0.9666558694989238
76561198068127494,0,0.3372204601764679,9,0.9666558694989238
76561197996327312,0,0.017627395689487457,9,0.9666558694989238
76561199402750232,0,0.031641241163015366,9,0.9666558694989238
76561199140952512,0,0.005038661416620016,9,0.9666558694989238
76561199121271292,0,0.510098397731781,9,0.9666558694989238
76561197996438668,0,0.02223138138651848,9,0.9666558694989238
76561197990348584,0,0.0037448937073349953,9,0.9666558694989238
76561199224062649,0,0.021501775830984116,9,0.9666558694989238
76561198092703735,0,0.009983721189200878,9,0.9666558694989238
76561199429900937,0,0.00478380499407649,9,0.9666558694989238
76561199069345894,0,0.0029668572824448347,9,0.9666558694989238
76561199811883058,0,0.08828902244567871,9,0.9666558694989238
76561198322512653,0,0.01041140966117382,9,0.9666558694989238
76561198220570977,0,0.28085482120513916,9,0.9666558694989238
76561198150292425,0,0.10386817902326584,9,0.9666558694989238
76561199229103107,0,0.004444238729774952,9,0.9666558694989238
76561199226587921,0,0.008792995475232601,9,0.9666558694989238
76561198044492280,0,0.19776859879493713,9,0.9666558694989238
76561198291628842,0,0.005672034807503223,9,0.9666558694989238
76561198401472051,0,0.00472891004756093,9,0.9666558694989238
76561199082394512,0,0.016244051977992058,9,0.9666558694989238
76561198043261444,0,0.0032347021624445915,9,0.9666558694989238
76561198127526822,0,0.007038825657218695,9,0.9666558694989238
76561198977513931,0,0.00472891004756093,9,0.9666558694989238
76561198974512221,0,0.9692089557647705,9,0.9666558694989238
76561199079228846,0,0.012573755346238613,9,0.9666558694989238
76561198120822115,0,0.9325512647628784,9,0.9666558694989238
76561197985259067,0,0.05135149881243706,9,0.9666558694989238
76561199135694898,0,0.04084581136703491,9,0.9666558694989238
76561199741896445,0,0.03260495886206627,9,0.9666558694989238
76561198999143861,0,0.067991241812706,9,0.9666558694989238
76561198194119405,0,0.033576786518096924,9,0.9666558694989238
76561198040289978,0,0.00488579086959362,9,0.9666558694989238
76561198124608595,1,0.9693040251731873,9,0.9666558694989238
76561198987964675,0,0.2768976092338562,9,0.9666558694989238
76561198102360378,0,0.8304406404495239,9,0.9666558694989238
76561199466825378,1,0.9143508076667786,9,0.9666558694989238
76561199012552756,0,0.44921979308128357,9,0.9666558694989238
76561199006312663,0,0.12067581713199615,9,0.9666558694989238
76561198320438040,0,0.6989940404891968,9,0.9666558694989238
76561198804634632,0,0.011672264896333218,9,0.9666558694989238
76561199489508664,0,0.02193509414792061,9,0.9666558694989238
76561198113634753,0,0.00694285798817873,9,0.9666558694989238
76561199144498340,0,0.3777487576007843,9,0.9666558694989238
76561198313719581,0,0.8945959806442261,9,0.9666558694989238
76561198370605519,0,0.8076593279838562,9,0.9666558694989238
76561198230598620,0,0.11669301986694336,9,0.9666558694989238
76561198044507192,0,0.010447575710713863,9,0.9666558694989238
76561199401179840,0,0.005626841448247433,9,0.9666558694989238
76561198396211876,0,0.3785863220691681,9,0.9666558694989238
76561198065414206,0,0.031187696382403374,9,0.9666558694989238
76561198102854304,0,0.004448587074875832,9,0.9666558694989238
76561199481338963,0,0.47330591082572937,9,0.9666558694989238
76561198832983170,0,0.2070910930633545,9,0.9666558694989238
76561199005915163,0,0.8981649279594421,9,0.9666558694989238
76561198418711289,0,0.9125813841819763,9,0.9666558694989238
76561198248483074,0,0.005435319617390633,9,0.9666558694989238
76561198119430516,0,0.004452731925994158,9,0.9666558694989238
76561198071927402,0,0.014562132768332958,9,0.9666558694989238
76561197976275470,0,0.9661650061607361,9,0.9666558694989238
76561198008202385,0,0.051422420889139175,9,0.9666558694989238
76561199514940422,0,0.0145076559856534,9,0.9666558694989238
76561198128716110,0,0.7838900685310364,9,0.9666558694989238
76561198224543348,0,0.0038013525772839785,9,0.9666558694989238
76561199390390128,0,0.12581413984298706,9,0.9666558694989238
76561198300036937,0,0.9189349412918091,9,0.9666558694989238
76561198336504170,0,0.005473506636917591,9,0.9666558694989238
76561198052312234,0,0.10166744142770767,9,0.9666558694989238
76561199563824482,0,0.010305503383278847,9,0.9666558694989238
76561199149665044,0,0.003451254917308688,9,0.9666558694989238
76561198176520833,0,0.20408469438552856,9,0.9666558694989238
76561198341323596,0,0.1503673791885376,9,0.9666558694989238
76561199186758434,0,0.006694727577269077,9,0.9666558694989238
76561198174385126,1,0.9782291054725647,9,0.9666558694989238
76561198807232992,0,0.005616064183413982,9,0.9666558694989238
76561198880506122,0,0.02652745507657528,9,0.9666558694989238
76561198057434323,0,0.03068803995847702,9,0.9666558694989238
76561198958331153,0,0.11142624169588089,9,0.9666558694989238
76561198076474335,0,0.0044846367090940475,9,0.9666558694989238
76561199076638245,0,0.003628012491390109,9,0.9666558694989238
76561198325041778,0,0.015185676515102386,9,0.9666558694989238
76561199334391065,0,0.00472891004756093,9,0.9666558694989238
76561198332651820,0,0.01018032431602478,9,0.9666558694989238
76561199480694787,0,0.8080215454101562,9,0.9666558694989238
76561199671968954,0,0.002946951426565647,9,0.9666558694989238
76561198081732368,0,0.005169604439288378,9,0.9666558694989238
76561198050918000,0,0.39262205362319946,9,0.9666558694989238
76561198009589696,0,0.003420908935368061,9,0.9666558694989238
76561199153839606,0,0.007149840239435434,9,0.9666558694989238
76561197988747126,0,0.1613931506872177,9,0.9666558694989238
76561199073364887,0,0.8517342805862427,9,0.9666558694989238
76561198129271782,0,0.016639618203043938,9,0.9666558694989238
76561198064197177,0,0.3890487551689148,9,0.9666558694989238
76561199486551025,0,0.5821728110313416,9,0.9666558694989238
76561198307699127,0,0.0028648204170167446,9,0.9666558694989238
76561198075934330,0,0.08560209721326828,9,0.9666558694989238
76561198049207667,0,0.003329907776787877,9,0.9666558694989238
76561199002584667,0,0.8783116340637207,9,0.9666558694989238
76561198814841966,0,0.04523119702935219,9,0.9666558694989238
76561199054892524,0,0.004431431647390127,9,0.9666558694989238
76561198136737111,0,0.9658328294754028,9,0.9666558694989238
76561198006648876,0,0.008243159390985966,9,0.9666558694989238
76561197999734906,0,0.004433100111782551,9,0.9666558694989238
76561199216077914,0,0.004990408197045326,9,0.9666558694989238
76561198134446385,0,0.0430220365524292,9,0.9666558694989238
76561199234897912,0,0.0030137901194393635,9,0.9666558694989238
76561199394624312,0,0.059925973415374756,9,0.9666558694989238
76561198047775253,0,0.06565030664205551,9,0.9666558694989238
76561198049048120,0,0.0029697222635149956,9,0.9666558694989238
76561198118971984,0,0.004622841253876686,9,0.9666558694989238
76561198118342303,0,0.03427637740969658,9,0.9666558694989238
76561198269639991,0,0.004389382898807526,9,0.9666558694989238
76561198273013816,0,0.9360503554344177,9,0.9666558694989238
76561198133865525,0,0.016482500359416008,9,0.9666558694989238
76561198344170864,0,0.003127246629446745,9,0.9666558694989238
76561199707754145,0,0.039699383080005646,9,0.9666558694989238
76561198211011463,0,0.004830881953239441,9,0.9666558694989238
76561198964801808,0,0.006846954580396414,9,0.9666558694989238
76561198003470624,0,0.004246839322149754,9,0.9666558694989238
76561197970233264,0,0.005107018165290356,9,0.9666558694989238
76561198034618542,0,0.01596507616341114,9,0.9666558694989238
76561198953817405,0,0.004394202958792448,9,0.9666558694989238
76561198072719026,0,0.0872674286365509,9,0.9666558694989238
76561199114359619,0,0.004681362304836512,9,0.9666558694989238
76561198045900018,0,0.00472891004756093,9,0.9666558694989238
76561198069426466,0,0.005059256684035063,9,0.9666558694989238
76561198080048225,0,0.003681363770738244,9,0.9666558694989238
76561199141526050,0,0.012131371535360813,9,0.9666558694989238
76561198839647450,0,0.022916506975889206,9,0.9666558694989238
76561199119150080,0,0.03761586919426918,9,0.9666558694989238
76561197986955959,0,0.003195919096469879,9,0.9666558694989238
76561199064801008,0,0.039880163967609406,9,0.9666558694989238
76561198096982306,0,0.047945402562618256,9,0.9666558694989238
76561198108761017,0,0.01848537102341652,9,0.9666558694989238
76561198081517287,0,0.00868226308375597,9,0.9666558694989238
76561198846283240,0,0.03575398400425911,9,0.9666558694989238
76561198198415683,0,0.9631264805793762,9,0.9666558694989238
76561199007545973,0,0.37837114930152893,9,0.9666558694989238
76561198070734595,0,0.5001536011695862,9,0.9666558694989238
76561199124919936,0,0.004230679478496313,9,0.9666558694989238
76561199090804880,0,0.003770085284486413,9,0.9666558694989238
76561198849331545,0,0.7625803351402283,9,0.9666558694989238
76561198104792720,0,0.6678526401519775,9,0.9666558694989238
76561198039012460,0,0.6511900424957275,9,0.9666558694989238
76561199225324570,0,0.3650684356689453,9,0.9666558694989238
76561199636587810,0,0.2344810962677002,9,0.9666558694989238
76561198036694119,0,0.010316675528883934,9,0.9666558694989238
76561199229598739,0,0.003327860962599516,9,0.9666558694989238
76561198067798588,0,0.5069191455841064,9,0.9666558694989238
76561198031572060,1,0.9549122452735901,9,0.9666558694989238
76561199043552335,1,0.9812204837799072,9,0.9666558694989238
76561199147465595,0,0.0030137901194393635,9,0.9666558694989238
76561198354030286,0,0.3121436536312103,9,0.9666558694989238
76561198058783487,0,0.8973882794380188,9,0.9666558694989238
76561198201394798,0,0.0037178597413003445,9,0.9666558694989238
76561199081723525,0,0.9649707078933716,9,0.9666558694989238
76561198429859907,0,0.041557490825653076,9,0.9666558694989238
76561198004865132,0,0.5326713919639587,9,0.9666558694989238
76561199227963316,0,0.021394940093159676,9,0.9666558694989238
76561198804231781,0,0.8318668007850647,9,0.9666558694989238
76561198159960653,1,0.9783958792686462,9,0.9666558694989238
76561197992534542,0,0.0961022600531578,9,0.9666558694989238
76561198198386833,0,0.03292771056294441,9,0.9666558694989238
76561197970761802,0,0.5981922745704651,9,0.9666558694989238
76561198099235605,0,0.49035847187042236,9,0.9666558694989238
76561198207438216,0,0.0062173702754080296,9,0.9666558694989238
76561199019484652,0,0.024600235745310783,9,0.9666558694989238
76561198024339969,0,0.2966296076774597,9,0.9666558694989238
76561198025450659,0,0.8797677159309387,9,0.9666558694989238
76561199150406510,0,0.22399671375751495,9,0.9666558694989238
76561198088203221,0,0.24545931816101074,9,0.9666558694989238
76561198912912118,1,0.9850634336471558,9,0.9666558694989238
76561197998708088,0,0.2317495048046112,9,0.9666558694989238
76561198002148986,0,0.014453026466071606,9,0.9666558694989238
76561199093069611,0,0.90619957447052,9,0.9666558694989238
76561199588048947,0,0.8357275724411011,9,0.9666558694989238
76561198429695368,0,0.15310317277908325,9,0.9666558694989238
76561199056156698,0,0.0034687169827520847,9,0.9666558694989238
76561199485766237,0,0.03708420693874359,9,0.9666558694989238
76561198213470859,0,0.01815386861562729,9,0.9666558694989238
76561198045755238,0,0.05080273747444153,9,0.9666558694989238
76561198414347542,0,0.00472891004756093,9,0.9666558694989238
76561198352522496,0,0.0854344516992569,9,0.9666558694989238
76561198126009814,0,0.0501018650829792,9,0.9666558694989238
76561198060097415,0,0.4177596867084503,9,0.9666558694989238
76561198033003953,0,0.8440121412277222,9,0.9666558694989238
76561198059614983,0,0.037125639617443085,9,0.9666558694989238
76561198952405517,0,0.007075621280819178,9,0.9666558694989238
76561197971376506,0,0.004089162684977055,9,0.9666558694989238
76561199493656204,0,0.0266749057918787,9,0.9666558694989238
76561198038810845,0,0.9192188382148743,9,0.9666558694989238
76561198020698379,0,0.8635096549987793,9,0.9666558694989238
76561198807018011,0,0.008205466903746128,9,0.9666558694989238
76561199208415097,0,0.004588176030665636,9,0.9666558694989238
76561198311106440,1,0.961736261844635,9,0.9666558694989238
76561198316783642,0,0.006273751612752676,9,0.9666558694989238
76561199154880761,0,0.00472891004756093,9,0.9666558694989238
76561198129753495,0,0.4561026394367218,9,0.9666558694989238
76561198016413826,0,0.12169719487428665,9,0.9666558694989238
76561198383520516,0,0.01687011495232582,9,0.9666558694989238
76561198842057720,0,0.004389174282550812,9,0.9666558694989238
76561199468001285,0,0.004443930462002754,9,0.9666558694989238
76561198865301000,0,0.0035566738806664944,9,0.9666558694989238
76561198294520273,0,0.019420895725488663,9,0.9666558694989238
76561198830740173,0,0.006684360094368458,9,0.9666558694989238
76561198029853791,0,0.008711113594472408,9,0.9666558694989238
76561198121357517,0,0.005746763665229082,9,0.9666558694989238
76561198242293114,0,0.005624627228826284,9,0.9666558694989238
76561199071982424,0,0.0085236094892025,9,0.9666558694989238
76561198323940098,0,0.006638118531554937,9,0.9666558694989238
76561199148532402,0,0.004009083844721317,9,0.9666558694989238
76561199181979699,1,0.9476780295372009,9,0.9666558694989238
76561198066429698,0,0.0060555413365364075,9,0.9666558694989238
76561199539537005,0,0.9298774600028992,9,0.9666558694989238
76561199717527701,0,0.011265457607805729,9,0.9666558694989238
76561198021761269,0,0.602270781993866,9,0.9666558694989238
76561199005976613,0,0.014417112804949284,9,0.9666558694989238
76561199440311730,0,0.0037579727359116077,9,0.9666558694989238
76561199249411709,0,0.004444238729774952,9,0.9666558694989238
76561198052561194,0,0.017161812633275986,9,0.9666558694989238
76561198120908577,0,0.009669061750173569,9,0.9666558694989238
76561198062577387,0,0.004840904846787453,9,0.9666558694989238
76561198274709294,0,0.8254570364952087,9,0.9666558694989238
76561199225902631,0,0.03066665679216385,9,0.9666558694989238
76561199015640088,0,0.002842912683263421,9,0.9666558694989238
76561198003282957,0,0.01037918496876955,9,0.9666558694989238
76561198306448050,0,0.002861066022887826,9,0.9666558694989238
76561198097630466,0,0.0064203934744000435,9,0.9666558694989238
76561198077332769,0,0.0031123191583901644,9,0.9666558694989238
76561198219492732,0,0.004057362210005522,9,0.9666558694989238
76561198047001751,0,0.007886885665357113,9,0.9666558694989238
76561198055176110,0,0.003451739903539419,9,0.9666558694989238
76561199079360676,0,0.7637996673583984,9,0.9666558694989238
76561197984237320,1,0.9751542210578918,9,0.9666558694989238
76561198799545953,0,0.002883890410885215,9,0.9666558694989238
76561198409452237,0,0.008748679421842098,9,0.9666558694989238
76561199104405052,0,0.0038235425017774105,9,0.9666558694989238
76561199211379886,0,0.005502918269485235,9,0.9666558694989238
76561198210041071,0,0.006807032041251659,9,0.9666558694989238
76561198284664007,0,0.031228432431817055,9,0.9666558694989238
76561199277690494,0,0.009051930159330368,9,0.9666558694989238
76561198289852419,0,0.044175148010253906,9,0.9666558694989238
76561198925353807,0,0.2436755746603012,9,0.9666558694989238
76561198315455709,0,0.019117195159196854,9,0.9666558694989238
76561199106386692,0,0.0037564095109701157,9,0.9666558694989238
76561198049747930,0,0.08261273801326752,9,0.9666558694989238
76561197996024645,0,0.4979124069213867,9,0.9666558694989238
76561198155832182,0,0.24808983504772186,9,0.9666558694989238
76561198011206492,0,0.5325304269790649,9,0.9666558694989238
76561198062419902,0,0.17280687391757965,9,0.9666558694989238
76561197985909591,0,0.008109988644719124,9,0.9666558694989238
76561199569669207,0,0.012246759608387947,9,0.9666558694989238
76561198367933366,0,0.7006587386131287,9,0.9666558694989238
76561199012676333,0,0.003607827704399824,9,0.9666558694989238
76561198067732178,0,0.7410470247268677,9,0.9666558694989238
76561198102657262,0,0.010142371989786625,9,0.9666558694989238
76561198170201313,0,0.004745041951537132,9,0.9666558694989238
76561199072921442,0,0.06976087391376495,9,0.9666558694989238
76561198305804283,0,0.031160416081547737,9,0.9666558694989238
76561199157770877,1,0.983601987361908,9,0.9666558694989238
76561199235985465,0,0.021316489204764366,9,0.9666558694989238
76561198334115802,0,0.5710712671279907,9,0.9666558694989238
76561199407102453,0,0.003628012491390109,9,0.9666558694989238
76561199588489756,0,0.01959313452243805,9,0.9666558694989238
76561199009103731,1,0.882792055606842,9,0.9666558694989238
76561197974430960,0,0.1320042908191681,9,0.9666558694989238
76561198852885008,0,0.03951447829604149,9,0.9666558694989238
76561198271404916,0,0.0074401916936039925,9,0.9666558694989238
76561199171072899,0,0.012573755346238613,9,0.9666558694989238
76561198084034903,0,0.004500840790569782,9,0.9666558694989238
76561199143445581,0,0.39096444845199585,9,0.9666558694989238
76561198966158375,0,0.3819397985935211,9,0.9666558694989238
76561199212833985,0,0.012675275094807148,9,0.9666558694989238
76561199067842224,0,0.03793353587388992,9,0.9666558694989238
76561198846939446,0,0.013576447032392025,9,0.9666558694989238
76561199083055991,0,0.03882775828242302,9,0.9666558694989238
76561199127060211,0,0.005259604658931494,9,0.9666558694989238
76561198880457968,0,0.017485031858086586,9,0.9666558694989238
76561199165781725,0,0.011615916155278683,9,0.9666558694989238
76561198336879091,0,0.1937047690153122,9,0.9666558694989238
76561198340499527,0,0.6571733951568604,9,0.9666558694989238
76561198043571794,0,0.5135268568992615,9,0.9666558694989238
76561199498303850,0,0.009620153345167637,9,0.9666558694989238
76561199239156225,0,0.15788650512695312,9,0.9666558694989238
76561198882793659,0,0.00896243192255497,9,0.9666558694989238
76561198106932898,0,0.0039215306751430035,9,0.9666558694989238
76561198118975781,0,0.016265982761979103,9,0.9666558694989238
76561198288226460,0,0.05186103284358978,9,0.9666558694989238
76561199129961760,0,0.004649377893656492,9,0.9666558694989238
76561197979665404,0,0.02928028255701065,9,0.9666558694989238
76561198838054661,0,0.005613878834992647,9,0.9666558694989238
76561198002646890,0,0.014639032073318958,9,0.9666558694989238
76561198957233610,0,0.0061711883172392845,9,0.9666558694989238
76561199513567504,0,0.6244915127754211,9,0.9666558694989238
76561198082141786,0,0.005392829421907663,9,0.9666558694989238
76561199003787651,0,0.029586052522063255,9,0.9666558694989238
76561199129946000,0,0.8286109566688538,9,0.9666558694989238
76561199175021563,0,0.9011316299438477,9,0.9666558694989238
76561198174668145,0,0.0043014418333768845,9,0.9666558694989238
76561199047620777,0,0.0029911519959568977,9,0.9666558694989238
76561198199288507,0,0.005376833025366068,9,0.9666558694989238
76561197985777326,0,0.03521666303277016,9,0.9666558694989238
76561198206342709,0,0.0055266330018639565,9,0.9666558694989238
76561199436552010,0,0.003532513976097107,9,0.9666558694989238
76561199244721504,0,0.0054993657395243645,9,0.9666558694989238
76561198809764155,0,0.003190284827724099,9,0.9666558694989238
76561198392246532,1,0.9515942931175232,9,0.9666558694989238
76561198211418085,0,0.0037587762344628572,9,0.9666558694989238
76561199013297159,0,0.004487630445510149,9,0.9666558694989238
76561199367675899,0,0.00472891004756093,9,0.9666558694989238
76561199079196977,0,0.7511819005012512,9,0.9666558694989238
76561198948481235,0,0.013323675841093063,9,0.9666558694989238
76561198835667879,0,0.0176983829587698,9,0.9666558694989238
76561198047404502,0,0.006155870854854584,9,0.9666558694989238
76561199092231479,0,0.009938633069396019,9,0.9666558694989238
76561198041000720,0,0.3760007917881012,9,0.9666558694989238
76561199153369208,0,0.016961226239800453,9,0.9666558694989238
76561198126007618,0,0.09195967018604279,9,0.9666558694989238
76561199122937148,1,0.9804532527923584,9,0.9666558694989238
76561198004405437,0,0.5449590682983398,9,0.9666558694989238
76561198175300175,0,0.007136366795748472,9,0.9666558694989238
76561198223464548,0,0.019680120050907135,9,0.9666558694989238
76561198862593074,0,0.13037829101085663,9,0.9666558694989238
76561199236694512,0,0.005164268426597118,9,0.9666558694989238
76561199150799206,0,0.8765280842781067,9,0.9666558694989238
76561198003270129,0,0.04532809183001518,9,0.9666558694989238
76561198027110601,0,0.741771936416626,9,0.9666558694989238
76561198151558156,0,0.5041652917861938,9,0.9666558694989238
76561198999507053,0,0.005080704111605883,9,0.9666558694989238
76561198016750495,0,0.3506423830986023,9,0.9666558694989238
76561198390486108,0,0.9707796573638916,9,0.9666558694989238
76561199093232014,0,0.3138873875141144,9,0.9666558694989238
76561198092528908,0,0.9785054922103882,9,0.9666558694989238
76561198076520443,0,0.012742429040372372,9,0.9666558694989238
76561199013830212,0,0.008408754132688046,9,0.9666558694989238
76561199086372890,0,0.00472891004756093,9,0.9666558694989238
76561199098118977,0,0.2150629162788391,9,0.9666558694989238
76561198184928499,0,0.8948012590408325,9,0.9666558694989238
76561197974876252,0,0.6059154868125916,9,0.9666558694989238
76561198135515773,0,0.8440034985542297,9,0.9666558694989238
76561198119560087,0,0.788070023059845,9,0.9666558694989238
76561198014917573,0,0.014935934916138649,9,0.9666558694989238
76561198141555997,0,0.017305884510278702,9,0.9666558694989238
76561198052512064,0,0.018385818228125572,9,0.9666558694989238
76561198000884225,0,0.01177786011248827,9,0.9666558694989238
76561198168512019,0,0.011061265133321285,9,0.9666558694989238
76561198334396371,0,0.003628012491390109,9,0.9666558694989238
76561198079024357,1,0.954348087310791,9,0.9666558694989238
76561198151033438,0,0.06910718977451324,9,0.9666558694989238
76561197999206014,0,0.39795878529548645,9,0.9666558694989238
76561198238927138,0,0.39217865467071533,9,0.9666558694989238
76561197997170332,0,0.04144391044974327,9,0.9666558694989238
76561199144126409,0,0.015337275341153145,9,0.9666558694989238
76561198445793489,0,0.0034050403628498316,9,0.9666558694989238
76561199106253059,0,0.7810590267181396,9,0.9666558694989238
76561198084030638,0,0.01067048218101263,9,0.9666558694989238
76561198239306650,0,0.6830505728721619,9,0.9666558694989238
76561198112111972,0,0.6014721989631653,9,0.9666558694989238
76561198167382543,0,0.012259623035788536,9,0.9666558694989238
76561198199360649,0,0.004807842895388603,9,0.9666558694989238
76561198152608908,0,0.2729107439517975,9,0.9666558694989238
76561198345485125,0,0.25095564126968384,9,0.9666558694989238
76561198842361272,0,0.014634567312896252,9,0.9666558694989238
76561198239863638,0,0.026083678007125854,9,0.9666558694989238
76561197976551705,0,0.03205379843711853,9,0.9666558694989238
76561198972547685,0,0.008013244718313217,9,0.9666558694989238
76561199039374547,0,0.004023222718387842,9,0.9666558694989238
76561199095671168,0,0.030793312937021255,9,0.9666558694989238
76561198340758837,0,0.022398732602596283,9,0.9666558694989238
76561198839533611,0,0.016823582351207733,9,0.9666558694989238
76561198019883520,0,0.007027675863355398,9,0.9666558694989238
76561198015159239,0,0.010508276522159576,9,0.9666558694989238
76561199370431289,0,0.0033330139704048634,9,0.9666558694989238
76561198084330203,0,0.004730939399451017,9,0.9666558694989238
76561198875634953,0,0.019374525174498558,9,0.9666558694989238
76561198058584752,0,0.0037171144504100084,9,0.9666558694989238
76561198217730163,0,0.06568784266710281,9,0.9666558694989238
76561197979086508,0,0.3866548538208008,9,0.9666558694989238
76561198965662590,0,0.2038062959909439,9,0.9666558694989238
76561198354758180,0,0.006130010820925236,9,0.9666558694989238
76561199068664721,0,0.05599579960107803,9,0.9666558694989238
76561198138267227,0,0.007560610771179199,9,0.9666558694989238
76561199467367093,0,0.965739905834198,9,0.9666558694989238
76561199547029986,0,0.00472891004756093,9,0.9666558694989238
76561198800347784,0,0.00472891004756093,9,0.9666558694989238
76561199438885199,0,0.020789194852113724,9,0.9666558694989238
76561199423825233,0,0.022904008626937866,9,0.9666558694989238
76561198083645084,0,0.006536267232149839,9,0.9666558694989238
76561198436384997,0,0.05103063955903053,9,0.9666558694989238
76561197999179516,0,0.014418814331293106,9,0.9666558694989238
76561198135517916,0,0.004812754690647125,9,0.9666558694989238
76561198123044361,0,0.009396979585289955,9,0.9666558694989238
76561199053805488,0,0.42710497975349426,9,0.9666558694989238
76561199224023415,0,0.0036038581747561693,9,0.9666558694989238
76561198006111972,0,0.48980048298835754,9,0.9666558694989238
76561198221085088,0,0.0037556206807494164,9,0.9666558694989238
76561198842319447,0,0.01351830456405878,9,0.9666558694989238
76561199570680640,0,0.9294266700744629,9,0.9666558694989238
76561199157536961,0,0.004716372583061457,9,0.9666558694989238
76561197972432008,0,0.8484824299812317,9,0.9666558694989238
76561198057631912,0,0.9453404545783997,9,0.9666558694989238
76561199454495973,0,0.7670947313308716,9,0.9666558694989238
76561198880466874,1,0.9819838404655457,9,0.9666558694989238
76561198415561158,0,0.005435515660792589,9,0.9666558694989238
76561198980338665,0,0.3961349129676819,9,0.9666558694989238
76561198796687130,0,0.024726340547204018,9,0.9666558694989238
76561197960608743,0,0.005459989421069622,9,0.9666558694989238
76561199262194466,0,0.003352947998791933,9,0.9666558694989238
76561198104978550,0,0.008814395405352116,9,0.9666558694989238
76561198169184834,0,0.04273873195052147,9,0.9666558694989238
76561198198051986,0,0.04864407330751419,9,0.9666558694989238
76561199068129285,0,0.17190849781036377,9,0.9666558694989238
76561199365902363,0,0.0039533525705337524,9,0.9666558694989238
76561198094535504,0,0.382368266582489,9,0.9666558694989238
76561198940738059,0,0.76662278175354,9,0.9666558694989238
76561198284155576,0,0.003814029973000288,9,0.9666558694989238
76561199084032846,0,0.03207021579146385,9,0.9666558694989238
76561198235815224,0,0.2894899547100067,9,0.9666558694989238
76561197960380562,0,0.021764367818832397,9,0.9666558694989238
76561197984540485,0,0.0057274820283055305,9,0.9666558694989238
76561199203232475,0,0.005594196729362011,9,0.9666558694989238
76561198071015790,0,0.005672034807503223,9,0.9666558694989238
76561199551670009,0,0.008918491192162037,9,0.9666558694989238
76561199005498708,0,0.1204807460308075,9,0.9666558694989238
76561198247582418,0,0.8004817962646484,9,0.9666558694989238
76561198262671994,0,0.013677532784640789,9,0.9666558694989238
76561198116862641,0,0.004758086521178484,9,0.9666558694989238
76561198179301551,0,0.24790054559707642,9,0.9666558694989238
76561198040808424,0,0.7340516448020935,9,0.9666558694989238
76561198250224068,0,0.007921609096229076,9,0.9666558694989238
76561199114825278,0,0.9397290349006653,9,0.9666558694989238
76561199202804750,0,0.006218763533979654,9,0.9666558694989238
76561199443917183,0,0.9443710446357727,9,0.9666558694989238
76561197985070367,0,0.9166622161865234,9,0.9666558694989238
76561199030696678,0,0.003579934826120734,9,0.9666558694989238
76561198203925891,0,0.27058377861976624,9,0.9666558694989238
76561199123346399,0,0.0029673355165868998,9,0.9666558694989238
76561198050339369,0,0.004676332697272301,9,0.9666558694989238
76561198280089197,0,0.004890302196145058,9,0.9666558694989238
76561199238697483,0,0.01705845631659031,9,0.9666558694989238
76561198281763523,0,0.0032205472234636545,9,0.9666558694989238
76561199380023076,0,0.148316890001297,9,0.9666558694989238
76561198219697027,0,0.004695124924182892,9,0.9666558694989238
76561198335531729,0,0.20994938910007477,9,0.9666558694989238
76561198362298215,0,0.024623336270451546,9,0.9666558694989238
76561198015785155,0,0.0055266330018639565,9,0.9666558694989238
76561198400757549,0,0.8850216865539551,9,0.9666558694989238
76561198080483683,0,0.002834260929375887,9,0.9666558694989238
76561198960045114,0,0.9303563237190247,9,0.9666558694989238
76561198134400164,0,0.06453018635511398,9,0.9666558694989238
76561199477762498,0,0.9836726784706116,9,0.9666558694989238
76561198069670165,0,0.10345807671546936,9,0.9666558694989238
76561199171737266,0,0.0030137901194393635,9,0.9666558694989238
76561197974683312,0,0.9638922810554504,9,0.9666558694989238
76561199020425040,0,0.8916375637054443,9,0.9666558694989238
76561197972233302,0,0.6597782373428345,9,0.9666558694989238
76561199384775886,0,0.003717665560543537,9,0.9666558694989238
76561199196133552,0,0.011464111506938934,9,0.9666558694989238
76561199099193773,0,0.011473485268652439,9,0.9666558694989238
76561198336630486,0,0.036358777433633804,9,0.9666558694989238
76561198241523702,0,0.11773093044757843,9,0.9666558694989238
76561198881879142,0,0.00535017903894186,9,0.9666558694989238
76561198016779720,0,0.012424306012690067,9,0.9666558694989238
76561197999218253,0,0.002944167237728834,9,0.9666558694989238
76561198398936096,0,0.003628012491390109,9,0.9666558694989238
76561199424738086,0,0.009482228197157383,9,0.9666558694989238
76561198088199177,0,0.002861066022887826,9,0.9666558694989238
76561198065388281,0,0.7165971994400024,9,0.9666558694989238
76561198909073153,0,0.006761327385902405,9,0.9666558694989238
76561198394409202,0,0.039488617330789566,9,0.9666558694989238
76561199131752624,0,0.0035891691222786903,9,0.9666558694989238
76561198210779793,0,0.6326703429222107,9,0.9666558694989238
76561198122558166,0,0.029219208285212517,9,0.9666558694989238
76561198402709485,0,0.013967120088636875,9,0.9666558694989238
76561198373276620,0,0.023097792640328407,9,0.9666558694989238
76561199805991359,0,0.8661730289459229,9,0.9666558694989238
76561199188218072,0,0.006438151933252811,9,0.9666558694989238
76561198104772024,0,0.39046382904052734,9,0.9666558694989238
76561198010085263,0,0.003908311948180199,9,0.9666558694989238
76561198273163278,0,0.011131745763123035,9,0.9666558694989238
76561198093717292,0,0.5113690495491028,9,0.9666558694989238
76561198877336462,0,0.0030137901194393635,9,0.9666558694989238
76561198987725250,0,0.013666094280779362,9,0.9666558694989238
76561199527027148,0,0.003389909164980054,9,0.9666558694989238
76561199527268197,0,0.005256911739706993,9,0.9666558694989238
76561198117713717,0,0.005619743373245001,9,0.9666558694989238
76561199496063443,0,0.006922110915184021,9,0.9666558694989238
76561199439561496,0,0.003911234438419342,9,0.9666558694989238
76561198838995155,0,0.08930186182260513,9,0.9666558694989238
76561198240119382,0,0.08146815001964569,9,0.9666558694989238
76561199000634679,0,0.09330733865499496,9,0.9666558694989238
76561199262972411,1,0.966861367225647,9,0.9666558694989238
76561199146939702,0,0.004433712922036648,9,0.9666558694989238
76561199525545451,0,0.9378527402877808,9,0.9666558694989238
76561198298155160,0,0.33978697657585144,9,0.9666558694989238
76561198250018338,0,0.013359584845602512,9,0.9666558694989238
76561198374817354,0,0.06685271114110947,9,0.9666558694989238
76561199015159681,0,0.016680339351296425,9,0.9666558694989238
76561199189751050,0,0.20197038352489471,9,0.9666558694989238
76561198280100916,0,0.024219293147325516,9,0.9666558694989238
76561198014608153,0,0.7292929887771606,9,0.9666558694989238
76561199229524797,0,0.024006614461541176,9,0.9666558694989238
76561197985448588,0,0.4334394931793213,9,0.9666558694989238
76561198851378759,0,0.004380776546895504,9,0.9666558694989238
76561198329223682,0,0.016086474061012268,9,0.9666558694989238
76561199097558647,0,0.004064906854182482,9,0.9666558694989238
76561198344010242,0,0.004272449761629105,9,0.9666558694989238
76561198160219086,0,0.012732374481856823,9,0.9666558694989238
76561198116117777,1,0.6822734475135803,9,0.9666558694989238
76561198106182813,0,0.01048559695482254,9,0.9666558694989238
76561198847046328,0,0.024794846773147583,9,0.9666558694989238
76561199244769761,0,0.07364598661661148,9,0.9666558694989238
76561197982945632,0,0.8089134693145752,9,0.9666558694989238
76561198205722151,0,0.0032103185076266527,9,0.9666558694989238
76561198127145171,0,0.9247308373451233,9,0.9666558694989238
76561198848004406,0,0.007661428768187761,9,0.9666558694989238
76561198057380943,0,0.3241349160671234,9,0.9666558694989238
76561198038545476,0,0.4575459361076355,9,0.9666558694989238
76561198257706434,0,0.005095228552818298,9,0.9666558694989238
76561198085118128,0,0.004023712128400803,9,0.9666558694989238
76561199405793026,0,0.031230082735419273,9,0.9666558694989238
76561199041331141,0,0.7338953614234924,9,0.9666558694989238
76561198273497858,0,0.9117437601089478,9,0.9666558694989238
76561198041628475,0,0.8349754214286804,9,0.9666558694989238
76561198992817372,0,0.6566779613494873,9,0.9666558694989238
76561199164252228,0,0.3596033751964569,9,0.9666558694989238
76561198081844292,0,0.8348661065101624,9,0.9666558694989238
76561198356270401,0,0.10016769915819168,9,0.9666558694989238
76561198269395360,0,0.010105662979185581,9,0.9666558694989238
76561198145032183,0,0.007254365831613541,9,0.9666558694989238
76561198269076911,0,0.003443867666646838,9,0.9666558694989238
76561198178477567,0,0.003655535401776433,9,0.9666558694989238
76561198077869062,0,0.013291454873979092,9,0.9666558694989238
76561198166857507,0,0.031070604920387268,9,0.9666558694989238
76561198396867533,0,0.005683114752173424,9,0.9666558694989238
76561198867790932,0,0.005640001501888037,9,0.9666558694989238
76561199029930158,0,0.05085868015885353,9,0.9666558694989238
76561197993030663,0,0.0033446867018938065,9,0.9666558694989238
76561198004392615,0,0.004444238729774952,9,0.9666558694989238
76561198197478867,0,0.018086016178131104,9,0.9666558694989238
76561197986717912,0,0.1276368796825409,9,0.9666558694989238
76561198046795845,0,0.5997517704963684,9,0.9666558694989238
76561198249177326,0,0.013227389194071293,9,0.9666558694989238
76561198090128179,0,0.22230342030525208,9,0.9666558694989238
76561199071098499,0,0.03668257221579552,9,0.9666558694989238
76561198969753599,0,0.007162534166127443,9,0.9666558694989238
76561198874561936,0,0.0033230625558644533,9,0.9666558694989238
76561197995259472,0,0.18352998793125153,9,0.9666558694989238
76561198059562672,0,0.5900170207023621,9,0.9666558694989238
76561199465508491,0,0.012085785157978535,9,0.9666558694989238
76561198452739092,0,0.0038349509704858065,9,0.9666558694989238
76561199071359132,0,0.03767240047454834,9,0.9666558694989238
76561199526526805,0,0.012774825096130371,9,0.9666558694989238
76561199222788213,0,0.014345576986670494,9,0.9666558694989238
76561198068814254,0,0.0268348827958107,9,0.9666558694989238
76561198133163630,0,0.003752173623070121,9,0.9666558694989238
76561199382724157,0,0.00472891004756093,9,0.9666558694989238
76561198115961226,0,0.0454409122467041,9,0.9666558694989238
76561198064372258,1,0.91497802734375,9,0.9666558694989238
76561198847175502,0,0.4961170256137848,9,0.9666558694989238
76561198008252944,0,0.00396374985575676,9,0.9666558694989238
76561198272866410,0,0.22439999878406525,9,0.9666558694989238
76561199446248331,0,0.011947018094360828,9,0.9666558694989238
76561198015105519,0,0.0793965682387352,9,0.9666558694989238
76561198046178862,0,0.007442209403961897,9,0.9666558694989238
76561199307810046,0,0.01796822063624859,9,0.9666558694989238
76561198255605179,0,0.003980310633778572,9,0.9666558694989238
76561198202543714,0,0.004292328841984272,9,0.9666558694989238
76561199235590278,0,0.9029881954193115,9,0.9666558694989238
76561199098315186,0,0.010813872329890728,9,0.9666558694989238
76561198146295165,0,0.003586584934964776,9,0.9666558694989238
76561198056838405,0,0.0035678416024893522,9,0.9666558694989238
76561199013416944,0,0.0057763210497796535,9,0.9666558694989238
76561198032418653,0,0.012710985727608204,9,0.9666558694989238
76561198039387080,0,0.4927140474319458,9,0.9666558694989238
76561198858651678,0,0.004589548334479332,9,0.9666558694989238
76561199027494128,0,0.004464629106223583,9,0.9666558694989238
76561198347222523,0,0.033997371792793274,9,0.9666558694989238
76561198153611459,0,0.02782154083251953,9,0.9666558694989238
76561198150789257,0,0.01448553055524826,9,0.9666558694989238
76561199123042604,0,0.012552088126540184,9,0.9666558694989238
76561199410270635,0,0.5946980714797974,9,0.9666558694989238
76561198084054115,0,0.006192879285663366,9,0.9666558694989238
76561198078595300,0,0.003789064474403858,9,0.9666558694989238
76561198437402751,0,0.01441639568656683,9,0.9666558694989238
76561199076630373,0,0.004842076916247606,9,0.9666558694989238
76561199132183346,1,0.9624153971672058,9,0.9666558694989238
76561199392935166,0,0.07640606164932251,9,0.9666558694989238
76561198123988194,0,0.012866750359535217,9,0.9666558694989238
76561198983881979,0,0.003790850518271327,9,0.9666558694989238
76561198253722916,0,0.037107475101947784,9,0.9666558694989238
76561198198632171,0,0.024825474247336388,9,0.9666558694989238
76561198033210572,0,0.004747699946165085,9,0.9666558694989238
76561199138138928,0,0.012085785157978535,9,0.9666558694989238
76561199017963072,1,0.9855683445930481,9,0.9666558694989238
76561198113926106,0,0.014026584103703499,9,0.9666558694989238
76561198298535353,0,0.3450314998626709,9,0.9666558694989238
76561199122809674,0,0.21396659314632416,9,0.9666558694989238
76561198827055026,0,0.005649894010275602,9,0.9666558694989238
76561198210971384,1,0.1118541732430458,9,0.9666558694989238
76561198413675223,0,0.7802560329437256,9,0.9666558694989238
76561199078359900,0,0.014384519308805466,9,0.9666558694989238
76561198963678722,0,0.018543455749750137,9,0.9666558694989238
76561199203672022,0,0.01378108561038971,9,0.9666558694989238
76561197995570106,0,0.5030548572540283,9,0.9666558694989238
76561198817608225,0,0.01453486829996109,9,0.9666558694989238
76561198806694831,0,0.027587544173002243,9,0.9666558694989238
76561199405077298,0,0.34550756216049194,9,0.9666558694989238
76561198075567751,0,0.19886094331741333,9,0.9666558694989238
76561198065271755,0,0.5340761542320251,9,0.9666558694989238
76561198013351660,0,0.33786776661872864,9,0.9666558694989238
76561198053223493,0,0.19413326680660248,9,0.9666558694989238
76561199017543689,0,0.03198548033833504,9,0.9666558694989238
76561198835067811,0,0.6379314064979553,9,0.9666558694989238
76561199134854115,0,0.07125438004732132,9,0.9666558694989238
76561199055183217,0,0.9196305871009827,9,0.9666558694989238
76561198415525372,0,0.31424546241760254,9,0.9666558694989238
76561198071886794,0,0.07244402915239334,9,0.9666558694989238
76561198336692959,0,0.9728694558143616,9,0.9666558694989238
76561198841885662,0,0.040319252759218216,9,0.9666558694989238
76561197994244697,0,0.7373728156089783,9,0.9666558694989238
76561198317945555,0,0.007509756367653608,9,0.9666558694989238
76561199008471636,0,0.09236319363117218,9,0.9666558694989238
76561198152005689,0,0.10780251771211624,9,0.9666558694989238
76561198320625962,0,0.027599738910794258,9,0.9666558694989238
76561198453659179,0,0.0035891691222786903,9,0.9666558694989238
76561199651593346,0,0.028197672218084335,9,0.9666558694989238
76561198404692261,0,0.00472891004756093,9,0.9666558694989238
76561198081917349,0,0.45670464634895325,9,0.9666558694989238
76561198062951741,0,0.42273110151290894,9,0.9666558694989238
76561198244158436,0,0.9004988670349121,9,0.9666558694989238
76561198798788895,0,0.9766134023666382,9,0.9666558694989238
76561199498688882,0,0.0033374496269971132,9,0.9666558694989238
76561197970685744,0,0.034228697419166565,9,0.9666558694989238
76561199005620811,1,0.8490231037139893,9,0.9666558694989238
76561199805161324,0,0.005672034807503223,9,0.9666558694989238
76561197979932534,0,0.005010572727769613,9,0.9666558694989238
76561199521596645,0,0.013003607280552387,9,0.9666558694989238
76561199438179755,0,0.0035254734102636576,9,0.9666558694989238
76561198001329316,0,0.2531362771987915,9,0.9666558694989238
76561198823490984,0,0.0166002307087183,9,0.9666558694989238
76561199427471085,0,0.15938037633895874,9,0.9666558694989238
76561198062919469,0,0.28659483790397644,9,0.9666558694989238
76561197984980347,0,0.025995276868343353,9,0.9666558694989238
76561197992792093,0,0.004672096110880375,9,0.9666558694989238
76561198137421764,0,0.6742695569992065,9,0.9666558694989238
76561198413128682,0,0.010640029795467854,9,0.9666558694989238
76561199398132827,0,0.006204251665621996,9,0.9666558694989238
76561199068239582,0,0.0034888742957264185,9,0.9666558694989238
76561199057157668,0,0.005327950697392225,9,0.9666558694989238
76561199158080982,0,0.00961819663643837,9,0.9666558694989238
76561199129079848,0,0.004995790310204029,9,0.9666558694989238
76561199259489091,1,0.9766845703125,9,0.9666558694989238
76561199066696937,0,0.10886596143245697,9,0.9666558694989238
76561198109755231,0,0.01081794872879982,9,0.9666558694989238
76561199003304786,0,0.003707372583448887,9,0.9666558694989238
76561199041992547,0,0.010972527787089348,9,0.9666558694989238
76561198348947327,0,0.017428597435355186,9,0.9666558694989238
76561199104467772,0,0.00472891004756093,9,0.9666558694989238
76561198354699968,0,0.04862543195486069,9,0.9666558694989238
76561199025061641,0,0.37923675775527954,9,0.9666558694989238
76561198354101811,1,0.9667367935180664,9,0.9666558694989238
76561198035862014,0,0.04505351558327675,9,0.9666558694989238
76561199224132479,0,0.032547734677791595,9,0.9666558694989238
76561198965183446,0,0.012755501084029675,9,0.9666558694989238
76561198071723016,0,0.2111651599407196,9,0.9666558694989238
76561198051526016,0,0.005385954864323139,9,0.9666558694989238
76561199144827021,0,0.17671912908554077,9,0.9666558694989238
76561199125308944,0,0.022708410397171974,9,0.9666558694989238
76561199622230139,0,0.007136684376746416,9,0.9666558694989238
76561199141193919,0,0.006405080668628216,9,0.9666558694989238
76561199229122424,0,0.053562622517347336,9,0.9666558694989238
76561198114262931,0,0.003489650087431073,9,0.9666558694989238
76561199158512768,0,0.006204251665621996,9,0.9666558694989238
76561199035726703,0,0.06938233971595764,9,0.9666558694989238
76561198173259533,0,0.012573755346238613,9,0.9666558694989238
76561199567732777,0,0.005388195626437664,9,0.9666558694989238
76561198021884779,0,0.39839473366737366,9,0.9666558694989238
76561199522530702,0,0.00697170989587903,9,0.9666558694989238
76561198046433655,0,0.0030137901194393635,9,0.9666558694989238
76561197993109928,0,0.005694998893886805,9,0.9666558694989238
76561199051293904,0,0.17448082566261292,9,0.9666558694989238
76561198881777079,0,0.14207340776920319,9,0.9666558694989238
76561198004998237,0,0.0029536420479416847,9,0.9666558694989238
76561199080416018,0,0.002842912683263421,9,0.9666558694989238
76561198137611149,0,0.007323114667087793,9,0.9666558694989238
76561198086780400,0,0.8382201194763184,9,0.9666558694989238
76561198041699810,0,0.0033022244460880756,9,0.9666558694989238
76561198011667000,0,0.004313881043344736,9,0.9666558694989238
76561199135379572,1,0.9422183036804199,9,0.9666558694989238
76561199481547189,0,0.0031215702183544636,9,0.9666558694989238
76561198039752615,0,0.07077977806329727,9,0.9666558694989238
76561199492711477,0,0.3603461980819702,9,0.9666558694989238
76561198375589684,0,0.22079777717590332,9,0.9666558694989238
76561199140128051,0,0.0041285185143351555,9,0.9666558694989238
76561199072898735,0,0.24261616170406342,9,0.9666558694989238
76561199123383464,0,0.010772598907351494,9,0.9666558694989238
76561198283443866,0,0.009609038941562176,9,0.9666558694989238
76561198022803738,0,0.7896642684936523,9,0.9666558694989238
76561198983445825,0,0.8327034711837769,9,0.9666558694989238
76561198043914602,0,0.01316746324300766,9,0.9666558694989238
76561198042049435,0,0.8113912343978882,9,0.9666558694989238
76561197978125838,0,0.5589901208877563,9,0.9666558694989238
76561198077898972,0,0.09713803976774216,9,0.9666558694989238
76561198370257278,0,0.0338720977306366,9,0.9666558694989238
76561198016545721,0,0.020896749570965767,9,0.9666558694989238
76561198989893142,0,0.16110524535179138,9,0.9666558694989238
76561198204188475,0,0.04668567702174187,9,0.9666558694989238
76561198353133661,0,0.559296190738678,9,0.9666558694989238
76561198066337949,0,0.7946163415908813,9,0.9666558694989238
76561198865051695,0,0.008639195002615452,9,0.9666558694989238
76561199094266748,0,0.002861066022887826,9,0.9666558694989238
76561199153142403,1,0.9598413109779358,9,0.9666558694989238
76561199274145846,0,0.06949277222156525,9,0.9666558694989238
76561198090385817,0,0.0041483426466584206,9,0.9666558694989238
76561198069191123,0,0.020145321264863014,9,0.9666558694989238
76561197966759685,0,0.4845180809497833,9,0.9666558694989238
76561198326350812,0,0.02658214047551155,9,0.9666558694989238
76561198131839406,0,0.5371928215026855,9,0.9666558694989238
76561199080708008,0,0.7154518365859985,9,0.9666558694989238
76561198039930512,0,0.0036955520045012236,9,0.9666558694989238
76561198126382352,0,0.9500930309295654,9,0.9666558694989238
76561198159125073,0,0.007996720261871815,9,0.9666558694989238
76561198202209978,0,0.9609122276306152,9,0.9666558694989238
76561199051090666,0,0.14347699284553528,9,0.9666558694989238
76561198861413976,0,0.012637723237276077,9,0.9666558694989238
76561198274492617,0,0.10476178675889969,9,0.9666558694989238
76561198335253327,0,0.007038825657218695,9,0.9666558694989238
76561198302491583,0,0.4758998155593872,9,0.9666558694989238
76561199059332502,0,0.00478380499407649,9,0.9666558694989238
76561199230990514,0,0.042342156171798706,9,0.9666558694989238
76561199079476933,0,0.005126286763697863,9,0.9666558694989238
76561199092880754,0,0.07346609979867935,9,0.9666558694989238
76561198143854631,0,0.004296677652746439,9,0.9666558694989238
76561198994901013,0,0.004828988574445248,9,0.9666558694989238
76561198800776548,0,0.351866751909256,9,0.9666558694989238
76561198239780406,0,0.003450893796980381,9,0.9666558694989238
76561198965282855,0,0.08724354952573776,9,0.9666558694989238
76561197990423985,0,0.006002690643072128,9,0.9666558694989238
76561198212852288,0,0.012410616502165794,9,0.9666558694989238
76561198282758547,0,0.008106319233775139,9,0.9666558694989238
76561198013234460,0,0.4555075466632843,9,0.9666558694989238
76561198000402160,0,0.010545393452048302,9,0.9666558694989238
76561198019663865,0,0.004831289406865835,9,0.9666558694989238
76561199125265894,0,0.007812580093741417,9,0.9666558694989238
76561198850622915,0,0.02048061415553093,9,0.9666558694989238
76561198427412376,0,0.17595691978931427,9,0.9666558694989238
76561198085340935,0,0.10688100755214691,9,0.9666558694989238
76561199019268220,0,0.004106879699975252,9,0.9666558694989238
76561198067635943,0,0.6521500945091248,9,0.9666558694989238
76561198422637619,0,0.009408624842762947,9,0.9666558694989238
76561198802918649,0,0.014104427769780159,9,0.9666558694989238
76561199124046323,0,0.7573358416557312,9,0.9666558694989238
76561199612995012,0,0.00489623611792922,9,0.9666558694989238
76561199221601991,0,0.05517816171050072,9,0.9666558694989238
76561199524463386,0,0.009892060421407223,9,0.9666558694989238
76561199132761733,0,0.012478265911340714,9,0.9666558694989238
76561198291101025,0,0.004128709901124239,9,0.9666558694989238
76561198003817315,0,0.3980684280395508,9,0.9666558694989238
76561199075173440,0,0.30015337467193604,9,0.9666558694989238
76561198165779758,0,0.026648852974176407,9,0.9666558694989238
76561199218213465,0,0.008833124302327633,9,0.9666558694989238
76561199588593209,0,0.003880426986142993,9,0.9666558694989238
76561198090985174,0,0.03322262316942215,9,0.9666558694989238
76561198116776333,0,0.010888750664889812,9,0.9666558694989238
76561199062025986,0,0.0035522778052836657,9,0.9666558694989238
76561198052655434,0,0.5183103084564209,9,0.9666558694989238
76561199043171728,0,0.006858880631625652,9,0.9666558694989238
76561198974075401,0,0.019374525174498558,9,0.9666558694989238
76561199114632230,0,0.0123061528429389,9,0.9666558694989238
76561198166544083,0,0.11917569488286972,9,0.9666558694989238
76561198830812259,0,0.00571594201028347,9,0.9666558694989238
76561197987130773,0,0.13285373151302338,9,0.9666558694989238
76561198348588453,0,0.07048308849334717,9,0.9666558694989238
76561198064813083,0,0.006232537794858217,9,0.9666558694989238
76561198320987587,0,0.003422760870307684,9,0.9666558694989238
76561198333683063,0,0.003585753496736288,9,0.9666558694989238
76561198963511450,0,0.21309711039066315,9,0.9666558694989238
76561198036045187,0,0.003956949803978205,9,0.9666558694989238
76561198982215216,0,0.0038435552269220352,9,0.9666558694989238
76561198091982532,0,0.006496211513876915,9,0.9666558694989238
76561199134776947,0,0.038502831012010574,9,0.9666558694989238
76561199250418765,0,0.0039937724359333515,9,0.9666558694989238
76561198137891937,0,0.17515912652015686,9,0.9666558694989238
76561198085373085,0,0.0030137901194393635,9,0.9666558694989238
76561198142087337,0,0.009408624842762947,9,0.9666558694989238
76561199228478486,0,0.004769541788846254,9,0.9666558694989238
76561198884255051,0,0.005356272216886282,9,0.9666558694989238
76561198877639382,0,0.0035891691222786903,9,0.9666558694989238
76561199043974972,0,0.025304142385721207,9,0.9666558694989238
76561198226203100,0,0.018754519522190094,9,0.9666558694989238
76561199014159431,1,0.9670568704605103,9,0.9666558694989238
76561198087849502,0,0.004926062189042568,9,0.9666558694989238
76561198137248911,0,0.011385445483028889,9,0.9666558694989238
76561198117749439,0,0.7866068482398987,9,0.9666558694989238
76561199196878799,0,0.003990041557699442,9,0.9666558694989238
76561199030106976,0,0.04641222581267357,9,0.9666558694989238
76561198363758479,0,0.0057917810045182705,9,0.9666558694989238
76561197983714694,0,0.0065657394006848335,9,0.9666558694989238
76561199095472256,0,0.01122599933296442,9,0.9666558694989238
76561198873201432,0,0.005191960837692022,9,0.9666558694989238
76561199569555996,0,0.009127896279096603,9,0.9666558694989238
76561198813725041,0,0.028194524347782135,9,0.9666558694989238
76561199234188947,0,0.005049595143646002,9,0.9666558694989238
76561198985853923,0,0.007472350262105465,9,0.9666558694989238
76561198005153579,0,0.10764352977275848,9,0.9666558694989238
76561199176504954,0,0.07020433247089386,9,0.9666558694989238
76561199099157787,0,0.03792713209986687,9,0.9666558694989238
76561199143445610,0,0.10272328555583954,9,0.9666558694989238
76561199751465655,0,0.004009083844721317,9,0.9666558694989238
76561198036081424,0,0.08493044227361679,9,0.9666558694989238
76561198118363706,0,0.013206474483013153,9,0.9666558694989238
76561198831077914,0,0.24623793363571167,9,0.9666558694989238
76561198319448507,0,0.00472891004756093,9,0.9666558694989238
76561197970623123,0,0.01972932368516922,9,0.9666558694989238
76561199744290914,0,0.8391640186309814,9,0.9666558694989238
76561197991713272,0,0.004420528654009104,9,0.9666558694989238
76561198093835160,0,0.26411932706832886,9,0.9666558694989238
76561198176418691,0,0.7263447642326355,9,0.9666558694989238
76561197994953280,0,0.008322474546730518,9,0.9666558694989238
76561198052463533,0,0.7828132510185242,9,0.9666558694989238
76561198132086878,1,0.949367880821228,9,0.9666558694989238
76561198997947494,0,0.7531217336654663,9,0.9666558694989238
76561197993265632,0,0.7325044274330139,9,0.9666558694989238
76561198859956824,0,0.03991913050413132,9,0.9666558694989238
76561198410593353,0,0.0036021084524691105,9,0.9666558694989238
76561198051251300,0,0.023373622447252274,9,0.9666558694989238
76561198815640845,0,0.0037088380195200443,9,0.9666558694989238
76561198070880611,0,0.039608266204595566,9,0.9666558694989238
76561199704206797,0,0.004009083844721317,9,0.9666558694989238
76561199406044906,0,0.008002812042832375,9,0.9666558694989238
76561198015978312,0,0.8422513604164124,9,0.9666558694989238
76561199271517263,0,0.011887971311807632,9,0.9666558694989238
76561199752652475,0,0.0505063496530056,9,0.9666558694989238
76561199012962416,0,0.04628552123904228,9,0.9666558694989238
76561197970778888,0,0.5014554858207703,9,0.9666558694989238
76561199525946871,0,0.006223211996257305,9,0.9666558694989238
76561198368300242,0,0.0172036811709404,9,0.9666558694989238
76561197969078084,0,0.01987435854971409,9,0.9666558694989238
76561198044106234,0,0.6267961859703064,9,0.9666558694989238
76561197985702723,0,0.5757141709327698,9,0.9666558694989238
76561198296633687,1,0.961593747138977,9,0.9666558694989238
76561198074419199,0,0.18125854432582855,9,0.9666558694989238
76561198045187425,0,0.12267035990953445,9,0.9666558694989238
76561198408125820,0,0.9654728174209595,9,0.9666558694989238
76561197970880259,0,0.18510481715202332,9,0.9666558694989238
76561198865615867,0,0.0038769575767219067,9,0.9666558694989238
76561198139402279,0,0.8291252851486206,9,0.9666558694989238
76561198170392911,0,0.018501484766602516,9,0.9666558694989238
76561198841928070,0,0.009211516007781029,9,0.9666558694989238
76561198163983887,0,0.0053402637131512165,9,0.9666558694989238
76561198328818545,0,0.006266911514103413,9,0.9666558694989238
76561199122138458,0,0.022604865953326225,9,0.9666558694989238
76561199084312473,0,0.010436277836561203,9,0.9666558694989238
76561198315546259,0,0.003305991878733039,9,0.9666558694989238
76561198303413616,0,0.003427832620218396,9,0.9666558694989238
76561198079418028,0,0.04217998683452606,9,0.9666558694989238
76561199167502030,0,0.004215151537209749,9,0.9666558694989238
76561199229632007,0,0.00472891004756093,9,0.9666558694989238
76561199158470436,0,0.003056329907849431,9,0.9666558694989238
76561199011036300,0,0.0030387595761567354,9,0.9666558694989238
76561198096262091,0,0.002861066022887826,9,0.9666558694989238
76561198276431985,0,0.019135337322950363,9,0.9666558694989238
76561197993001596,0,0.008420785889029503,9,0.9666558694989238
76561199594042565,0,0.10878995805978775,9,0.9666558694989238
76561199051685977,0,0.03458983078598976,9,0.9666558694989238
76561198075044781,0,0.0361284539103508,9,0.9666558694989238
76561199190430639,0,0.06400427967309952,9,0.9666558694989238
76561199668727800,0,0.012259913608431816,9,0.9666558694989238
76561197960401125,0,0.003051730338484049,9,0.9666558694989238
76561198385205060,0,0.008526869118213654,9,0.9666558694989238
76561199384433650,0,0.003660663729533553,9,0.9666558694989238
76561198354203817,0,0.006513332016766071,9,0.9666558694989238
76561198873898000,0,0.010436277836561203,9,0.9666558694989238
76561198938810211,0,0.00478380499407649,9,0.9666558694989238
76561198312263901,0,0.1120186597108841,9,0.9666558694989238
76561198060937586,0,0.017779706045985222,9,0.9666558694989238
76561198072583316,0,0.01264031883329153,9,0.9666558694989238
76561198219178545,0,0.0030137901194393635,9,0.9666558694989238
76561198081013904,0,0.2480061650276184,9,0.9666558694989238
76561199503435546,0,0.00781156774610281,9,0.9666558694989238
76561199101952443,0,0.0032390712294727564,9,0.9666558694989238
76561198248184646,0,0.9638333320617676,9,0.9666558694989238
76561198134746674,0,0.013871055096387863,9,0.9666558694989238
76561199613706974,0,0.006163816433399916,9,0.9666558694989238
76561198273271635,0,0.07567945867776871,9,0.9666558694989238
76561198439226501,0,0.006675533019006252,9,0.9666558694989238
76561199803383636,0,0.1564764678478241,9,0.9666558694989238
76561198352747433,0,0.0055266330018639565,9,0.9666558694989238
76561198282285629,0,0.8022165894508362,9,0.9666558694989238
76561199154050940,0,0.5009111166000366,9,0.9666558694989238
76561197972631565,0,0.6086400151252747,9,0.9666558694989238
76561199224649891,0,0.0034342827275395393,9,0.9666558694989238
76561198230994752,1,0.9804084300994873,9,0.9666558694989238
76561198063374497,0,0.0032897833734750748,9,0.9666558694989238
76561198879682508,0,0.15094032883644104,9,0.9666558694989238
76561199073251245,0,0.018591221421957016,9,0.9666558694989238
76561198032641697,0,0.009579411707818508,9,0.9666558694989238
76561198348012563,0,0.003639047499746084,9,0.9666558694989238
76561198107671422,1,0.6735712289810181,9,0.9666558694989238
76561198071974798,0,0.027487244457006454,9,0.9666558694989238
76561199683672892,0,0.8755813837051392,9,0.9666558694989238
76561199048279756,0,0.6417226195335388,9,0.9666558694989238
76561199113986139,0,0.0888153463602066,9,0.9666558694989238
76561198044101533,0,0.004125694278627634,9,0.9666558694989238
76561198125207260,0,0.6685661673545837,9,0.9666558694989238
76561198093551152,0,0.8091577291488647,9,0.9666558694989238
76561198057291357,0,0.009454158134758472,9,0.9666558694989238
76561197992717297,0,0.4183771312236786,9,0.9666558694989238
76561197971082456,0,0.9412325620651245,9,0.9666558694989238
76561199207637031,0,0.014641687273979187,9,0.9666558694989238
76561198834001849,0,0.006438541691750288,9,0.9666558694989238
76561198037669309,0,0.6768560409545898,9,0.9666558694989238
76561198039497276,0,0.7471910715103149,9,0.9666558694989238
76561198123658203,0,0.0033002349082380533,9,0.9666558694989238
76561197967679507,0,0.28681516647338867,9,0.9666558694989238
76561199500671437,0,0.02344559319317341,9,0.9666558694989238
76561198802391470,0,0.27598467469215393,9,0.9666558694989238
76561198142448115,0,0.002842912683263421,9,0.9666558694989238
76561199134451014,0,0.0030960626900196075,9,0.9666558694989238
76561198029677070,0,0.7951500415802002,9,0.9666558694989238
76561199026075664,0,0.0030387595761567354,9,0.9666558694989238
76561199222537757,0,0.005809985566884279,9,0.9666558694989238
76561199088328848,0,0.0076948245987296104,9,0.9666558694989238
76561199525951155,0,0.11890895664691925,9,0.9666558694989238
76561198254342406,0,0.004988391418009996,9,0.9666558694989238
76561198336950334,0,0.6618671417236328,9,0.9666558694989238
76561199105427915,0,0.06912842392921448,9,0.9666558694989238
76561199102118447,0,0.02122940681874752,9,0.9666558694989238
76561198807730791,0,0.0030756329651921988,9,0.9666558694989238
76561198072224504,0,0.0028922806959599257,9,0.9666558694989238
76561198004003718,0,0.02384340576827526,9,0.9666558694989238
76561199132085657,0,0.024064280092716217,9,0.9666558694989238
76561199228145833,0,0.30031830072402954,9,0.9666558694989238
76561198011979501,0,0.017462648451328278,9,0.9666558694989238
76561198800407519,0,0.018439490348100662,9,0.9666558694989238
76561198137409170,0,0.013307823799550533,9,0.9666558694989238
76561198016293561,0,0.0038549185264855623,9,0.9666558694989238
76561199160154248,0,0.006114166229963303,9,0.9666558694989238
76561197979144902,0,0.004166088066995144,9,0.9666558694989238
76561198135894376,0,0.006420776713639498,9,0.9666558694989238
76561199109078380,0,0.3933269679546356,9,0.9666558694989238
76561198121393644,0,0.07926388829946518,9,0.9666558694989238
76561198279678671,0,0.05881067365407944,9,0.9666558694989238
76561198291227018,0,0.00384572078473866,9,0.9666558694989238
76561199388772679,0,0.102719746530056,9,0.9666558694989238
76561198227662724,0,0.014223536476492882,9,0.9666558694989238
76561198060478163,0,0.025961250066757202,9,0.9666558694989238
76561198180904207,0,0.025885816663503647,9,0.9666558694989238
76561198880983992,0,0.009342984296381474,9,0.9666558694989238
76561198996275828,0,0.005643690470606089,9,0.9666558694989238
76561199096549488,0,0.5813833475112915,9,0.9666558694989238
76561198061783602,0,0.0044709499925374985,9,0.9666558694989238
76561198022454036,0,0.0047629354521632195,9,0.9666558694989238
76561198254748022,0,0.013963441364467144,9,0.9666558694989238
76561199079155368,0,0.004648967180401087,9,0.9666558694989238
76561198053274702,0,0.0043609305284917355,9,0.9666558694989238
76561198363488818,0,0.0035842920187860727,9,0.9666558694989238
76561198313397688,1,0.9786655306816101,9,0.9666558694989238
76561197999604445,0,0.006243264768272638,9,0.9666558694989238
76561199678080431,0,0.3623715043067932,9,0.9666558694989238
76561198320444688,0,0.004332020413130522,9,0.9666558694989238
76561198158419456,0,0.006064301356673241,9,0.9666558694989238
76561198986420642,0,0.0030137901194393635,9,0.9666558694989238
76561198044896623,0,0.007591500412672758,9,0.9666558694989238
76561198580315994,0,0.153073251247406,9,0.9666558694989238
76561199069738919,0,0.005402442067861557,9,0.9666558694989238
76561199075969569,0,0.11718206852674484,9,0.9666558694989238
76561199075502148,0,0.047006167471408844,9,0.9666558694989238
76561198086692483,0,0.02285207435488701,9,0.9666558694989238
76561198045968789,0,0.9320964217185974,9,0.9666558694989238
76561198280387548,0,0.07262687385082245,9,0.9666558694989238
76561198966177839,0,0.0074161868542432785,9,0.9666558694989238
76561199211364456,0,0.012845571152865887,9,0.9666558694989238
76561198991486639,0,0.003344451542943716,9,0.9666558694989238
76561198446902472,0,0.011536726728081703,9,0.9666558694989238
76561198835837397,0,0.948114275932312,9,0.9666558694989238
76561198965418235,0,0.9645295739173889,9,0.9666558694989238
76561199073085328,0,0.6951611042022705,9,0.9666558694989238
76561198312830442,0,0.5162643194198608,9,0.9666558694989238
76561199231923172,0,0.018910637125372887,9,0.9666558694989238
76561199305832172,0,0.01064325775951147,9,0.9666558694989238
76561199438936540,0,0.17357324063777924,9,0.9666558694989238
76561198239742458,0,0.9235991835594177,9,0.9666558694989238
76561198036539396,0,0.9100850820541382,9,0.9666558694989238
76561199229194295,0,0.927278995513916,9,0.9666558694989238
76561199606106285,0,0.005111818201839924,9,0.9666558694989238
76561199578216416,0,0.0029381418135017157,9,0.9666558694989238
76561198210399679,0,0.4462658762931824,9,0.9666558694989238
76561198211319509,0,0.3023912012577057,9,0.9666558694989238
76561198050839292,0,0.003497435711324215,9,0.9666558694989238
76561199082123913,0,0.5462327599525452,9,0.9666558694989238
76561198169348985,0,0.37311679124832153,9,0.9666558694989238
76561198328642687,0,0.8904092907905579,9,0.9666558694989238
76561198967003265,0,0.004913862328976393,9,0.9666558694989238
76561199221887571,0,0.005645868834108114,9,0.9666558694989238
76561199113124256,0,0.006443836726248264,9,0.9666558694989238
76561198142988832,0,0.07457543909549713,9,0.9666558694989238
76561198005220379,0,0.0043261670507490635,9,0.9666558694989238
76561198876042458,0,0.005232476629316807,9,0.9666558694989238
76561199195963859,0,0.9125152230262756,9,0.9666558694989238
76561198030472173,0,0.005457211285829544,9,0.9666558694989238
76561198042416367,0,0.00315098837018013,9,0.9666558694989238
76561198342942234,0,0.35683393478393555,9,0.9666558694989238
76561198056409934,0,0.3120864927768707,9,0.9666558694989238
76561198150688275,0,0.004236823413521051,9,0.9666558694989238
76561198168088151,0,0.8455556631088257,9,0.9666558694989238
76561198089342790,0,0.008155210874974728,9,0.9666558694989238
76561199557009398,0,0.004370037466287613,9,0.9666558694989238
76561198043297146,0,0.019484085962176323,9,0.9666558694989238
76561198271936472,0,0.012876220047473907,9,0.9666558694989238
76561198379838975,0,0.17782722413539886,9,0.9666558694989238
76561198410704858,0,0.006478501949459314,9,0.9666558694989238
76561198080633169,0,0.006152021698653698,9,0.9666558694989238
76561198449671606,0,0.0030238302424550056,9,0.9666558694989238
76561199384051225,0,0.009829145856201649,9,0.9666558694989238
76561199149311339,0,0.0031952413264662027,9,0.9666558694989238
76561199167983945,0,0.1930764764547348,9,0.9666558694989238
76561198165715359,0,0.08149496465921402,9,0.9666558694989238
76561198281909580,0,0.37939029932022095,9,0.9666558694989238
76561199477047855,0,0.015379934571683407,9,0.9666558694989238
76561199274074628,0,0.004111445974558592,9,0.9666558694989238
76561198442228588,0,0.2313423454761505,9,0.9666558694989238
76561198840948656,0,0.4620876908302307,9,0.9666558694989238
76561198836973514,0,0.0031464879866689444,9,0.9666558694989238
76561198301408284,0,0.019640745595097542,9,0.9666558694989238
76561198055849145,0,0.003514006733894348,9,0.9666558694989238
76561197981023031,0,0.013790377415716648,9,0.9666558694989238
76561199252502534,0,0.005593308247625828,9,0.9666558694989238
76561199074298213,0,0.006099767051637173,9,0.9666558694989238
76561198018530405,0,0.003780314465984702,9,0.9666558694989238
76561198973048551,0,0.00472891004756093,9,0.9666558694989238
76561199794935383,0,0.5029361844062805,9,0.9666558694989238
76561198392638635,0,0.16536708176136017,9,0.9666558694989238
76561198084890837,0,0.035674892365932465,9,0.9666558694989238
76561198011431915,0,0.08264586329460144,9,0.9666558694989238
76561197993501686,0,0.005456903483718634,9,0.9666558694989238
76561198940769271,0,0.7452073097229004,9,0.9666558694989238
76561199564120936,0,0.1305396556854248,9,0.9666558694989238
76561198119630195,0,0.0848928913474083,9,0.9666558694989238
76561199529523996,0,0.005907205864787102,9,0.9666558694989238
76561199083350736,0,0.0051741087809205055,9,0.9666558694989238
76561199474532996,0,0.0033882660791277885,9,0.9666558694989238
76561198044170697,0,0.04687337204813957,9,0.9666558694989238
76561198171340575,0,0.008605526760220528,9,0.9666558694989238
76561198031218080,0,0.00737384520471096,9,0.9666558694989238
76561198010462517,0,0.11222563683986664,9,0.9666558694989238
76561198131796107,0,0.0090850330889225,9,0.9666558694989238
76561198066069199,0,0.006204251665621996,9,0.9666558694989238
76561198081100234,0,0.9272140860557556,9,0.9666558694989238
76561198080804367,0,0.018981002271175385,9,0.9666558694989238
76561199550956110,0,0.00391946779564023,9,0.9666558694989238
76561198055955351,0,0.0032087198924273252,9,0.9666558694989238
76561199491911125,0,0.0047095948830246925,9,0.9666558694989238
76561198014849369,0,0.02446025237441063,9,0.9666558694989238
76561198846838794,0,0.0031952413264662027,9,0.9666558694989238
76561198005908724,0,0.003626702819019556,9,0.9666558694989238
76561199387221369,0,0.035994719713926315,9,0.9666558694989238
76561198975558773,0,0.004219753202050924,9,0.9666558694989238
76561198024983329,0,0.00472891004756093,9,0.9666558694989238
76561198071125804,0,0.005319542251527309,9,0.9666558694989238
76561198192475057,0,0.05123059079051018,9,0.9666558694989238
76561198062768315,0,0.07184983044862747,9,0.9666558694989238
76561198003890092,0,0.0055053881369531155,9,0.9666558694989238
76561197962062196,0,0.0074161868542432785,9,0.9666558694989238
76561198015587727,0,0.018430760130286217,9,0.9666558694989238
76561198046896105,1,0.6931343674659729,9,0.9666558694989238
76561198201663475,0,0.0742785856127739,9,0.9666558694989238
76561198001974365,0,0.0031549762934446335,9,0.9666558694989238
76561198382000114,0,0.026612766087055206,9,0.9666558694989238
76561199468972327,0,0.00928675476461649,9,0.9666558694989238
76561198836020477,0,0.03774173930287361,9,0.9666558694989238
76561199409312492,0,0.006653864402323961,9,0.9666558694989238
76561199784573583,0,0.00770105654373765,9,0.9666558694989238
76561198157836407,0,0.15176521241664886,9,0.9666558694989238
76561199003706994,0,0.008309335447847843,9,0.9666558694989238
76561198038420560,0,0.9613146185874939,9,0.9666558694989238
76561199197975106,0,0.36229753494262695,9,0.9666558694989238
76561199064390037,0,0.8755599856376648,9,0.9666558694989238
76561199485406829,0,0.009956855326890945,9,0.9666558694989238
76561197967774807,0,0.29547613859176636,9,0.9666558694989238
76561197998390583,1,0.9595111608505249,9,0.9666558694989238
76561198798930769,0,0.529450535774231,9,0.9666558694989238
76561199314091433,0,0.17923016846179962,9,0.9666558694989238
76561199278147349,0,0.0036707946565002203,9,0.9666558694989238
76561199017583613,0,0.007234435062855482,9,0.9666558694989238
76561199001630141,0,0.011810816824436188,9,0.9666558694989238
76561198030941079,0,0.28521788120269775,9,0.9666558694989238
76561199174346439,0,0.004839031025767326,9,0.9666558694989238
76561199163335018,0,0.08031352609395981,9,0.9666558694989238
76561197960531673,0,0.45197924971580505,9,0.9666558694989238
76561198249704738,0,0.0038772246334701777,9,0.9666558694989238
76561199419324629,0,0.27238497138023376,9,0.9666558694989238
76561198156087352,0,0.016481243073940277,9,0.9666558694989238
76561199682056690,0,0.05553654581308365,9,0.9666558694989238
76561198032047855,1,0.8057138323783875,9,0.9666558694989238
76561199125342899,0,0.0029589845798909664,9,0.9666558694989238
76561198356814903,0,0.5540961027145386,9,0.9666558694989238
76561198221204160,0,0.6904162764549255,9,0.9666558694989238
76561198055092692,0,0.9569408893585205,9,0.9666558694989238
76561198348372323,0,0.33551543951034546,9,0.9666558694989238
76561199143618901,0,0.02156580612063408,9,0.9666558694989238
76561198280963178,0,0.12448181957006454,9,0.9666558694989238
76561198271314728,0,0.003628012491390109,9,0.9666558694989238
76561199234271243,0,0.033550966531038284,9,0.9666558694989238
76561198061249407,0,0.09612017124891281,9,0.9666558694989238
76561199453649521,0,0.02162531018257141,9,0.9666558694989238
76561198117219298,0,0.6964632868766785,9,0.9666558694989238
76561198102173144,0,0.04614890739321709,9,0.9666558694989238
76561198342250780,0,0.007792664226144552,9,0.9666558694989238
76561199446991973,0,0.03571372479200363,9,0.9666558694989238
76561199045852815,0,0.006331189535558224,9,0.9666558694989238
76561198068849419,0,0.08574719727039337,9,0.9666558694989238
76561199438997365,0,0.05877115949988365,9,0.9666558694989238
76561198323971420,0,0.8451422452926636,9,0.9666558694989238
76561198081644519,1,0.9801441431045532,9,0.9666558694989238
76561199438857040,0,0.013605584390461445,9,0.9666558694989238
76561198079439344,0,0.003704848000779748,9,0.9666558694989238
76561199346091004,0,0.004264120478183031,9,0.9666558694989238
76561197981928683,0,0.005448486655950546,9,0.9666558694989238
76561198129161635,0,0.006204251665621996,9,0.9666558694989238
76561198114742694,0,0.0033543058671057224,9,0.9666558694989238
76561199096711105,0,0.8506674766540527,9,0.9666558694989238
76561197994122106,1,0.9225367307662964,9,0.9666558694989238
76561198082678426,0,0.4386090636253357,9,0.9666558694989238
76561198453145423,0,0.03611193224787712,9,0.9666558694989238
76561198171069603,0,0.6373231410980225,9,0.9666558694989238
76561198858804398,0,0.007632337044924498,9,0.9666558694989238
76561198411116614,0,0.026671230792999268,9,0.9666558694989238
76561198091657221,0,0.725469708442688,9,0.9666558694989238
76561199057867791,0,0.003012340283021331,9,0.9666558694989238
76561198256405403,1,0.9736630916595459,9,0.9666558694989238
76561198161097719,0,0.004044127184897661,9,0.9666558694989238
76561199546876081,0,0.005672034807503223,9,0.9666558694989238
76561198799557194,0,0.014103181660175323,9,0.9666558694989238
76561198243067216,0,0.4424123466014862,9,0.9666558694989238
76561199524587068,0,0.004669160582125187,9,0.9666558694989238
76561198095169587,0,0.010424003005027771,9,0.9666558694989238
76561198038333165,0,0.004841893445700407,9,0.9666558694989238
76561199079935558,0,0.6047455668449402,9,0.9666558694989238
76561198235738080,0,0.9734892845153809,9,0.9666558694989238
76561199440842305,0,0.0943576917052269,9,0.9666558694989238
76561198009643773,0,0.016299130395054817,9,0.9666558694989238
76561199137249487,0,0.003292359644547105,9,0.9666558694989238
76561199301657399,0,0.010318589396774769,9,0.9666558694989238
76561198931091802,0,0.021456880494952202,9,0.9666558694989238
76561198087861501,0,0.07584022730588913,9,0.9666558694989238
76561199040070448,1,0.9639751315116882,9,0.9666558694989238
76561199046140379,0,0.05157715082168579,9,0.9666558694989238
76561199191640981,0,0.003675333224236965,9,0.9666558694989238
76561198025087246,0,0.2405330240726471,9,0.9666558694989238
76561199251180552,0,0.005202006548643112,9,0.9666558694989238
76561198034073987,0,0.00395785178989172,9,0.9666558694989238
76561199386827015,0,0.004602457862347364,9,0.9666558694989238
76561198056325733,0,0.00704234279692173,9,0.9666558694989238
76561199165470567,0,0.09446301311254501,9,0.9666558694989238
76561199051858267,0,0.004215151537209749,9,0.9666558694989238
76561198946171137,0,0.0035891691222786903,9,0.9666558694989238
76561198119463075,0,0.016167255118489265,9,0.9666558694989238
76561198098263924,0,0.02219628542661667,9,0.9666558694989238
76561198399148477,0,0.0050706942565739155,9,0.9666558694989238
76561198822600695,0,0.3331538736820221,9,0.9666558694989238
76561198311057545,0,0.9135887026786804,9,0.9666558694989238
76561199062463382,0,0.012531389482319355,9,0.9666558694989238
76561198036048178,0,0.025754863396286964,9,0.9666558694989238
76561198368687870,0,0.0044333441182971,9,0.9666558694989238
76561198176852122,0,0.004376907832920551,9,0.9666558694989238
76561199440865359,0,0.0035139520186930895,9,0.9666558694989238
76561198898190980,0,0.0030137901194393635,9,0.9666558694989238
76561198993594768,0,0.00700113270431757,9,0.9666558694989238
76561197975063511,0,0.005473264958709478,9,0.9666558694989238
76561198120552849,0,0.008280230686068535,9,0.9666558694989238
76561198136766576,0,0.008416637778282166,9,0.9666558694989238
76561199014376761,0,0.004287672694772482,9,0.9666558694989238
76561198083531132,0,0.22975821793079376,9,0.9666558694989238
76561198047051604,0,0.5997039079666138,9,0.9666558694989238
76561199056525311,0,0.6564874649047852,9,0.9666558694989238
76561198058163388,0,0.5120763182640076,9,0.9666558694989238
76561198153579282,0,0.025103285908699036,9,0.9666558694989238
76561198201409669,0,0.004274178296327591,9,0.9666558694989238
76561198027221726,0,0.5697563886642456,9,0.9666558694989238
76561198008851291,1,0.8109846115112305,9,0.9666558694989238
76561198867803577,0,0.13726866245269775,9,0.9666558694989238
76561198135619423,0,0.003450393909588456,9,0.9666558694989238
76561198396215901,0,0.13003285229206085,9,0.9666558694989238
76561198149203306,0,0.2730749547481537,9,0.9666558694989238
76561199080878783,0,0.826818585395813,9,0.9666558694989238
76561199101106730,0,0.005314160604029894,9,0.9666558694989238
76561198987396403,1,0.9769808650016785,9,0.9666558694989238
76561197979976608,0,0.9214045405387878,9,0.9666558694989238
76561199197600554,0,0.005888734478503466,9,0.9666558694989238
76561198059285877,0,0.0055573564022779465,9,0.9666558694989238
76561199209660679,0,0.0030137901194393635,9,0.9666558694989238
76561199071893129,0,0.9776098132133484,9,0.9666558694989238
76561199016484946,0,0.9459492564201355,9,0.9666558694989238
76561198140364965,0,0.004865833092480898,9,0.9666558694989238
76561199180492981,0,0.018790293484926224,9,0.9666558694989238
76561197988021402,0,0.9330063462257385,9,0.9666558694989238
76561198079486138,0,0.010614775121212006,9,0.9666558694989238
76561199468150742,0,0.006204251665621996,9,0.9666558694989238
76561198201730679,0,0.9170700907707214,9,0.9666558694989238
76561198252689794,0,0.027772655710577965,9,0.9666558694989238
76561198131365110,0,0.5894981622695923,9,0.9666558694989238
76561198165673304,0,0.017072094604372978,9,0.9666558694989238
76561197985782402,0,0.6659669876098633,9,0.9666558694989238
76561198441987487,0,0.09457644820213318,9,0.9666558694989238
76561198297137120,0,0.0166604146361351,9,0.9666558694989238
76561198170619746,0,0.007245216518640518,9,0.9666558694989238
76561198046986306,0,0.018407482653856277,9,0.9666558694989238
76561199382928454,0,0.7346384525299072,9,0.9666558694989238
76561198931629921,0,0.3908931612968445,9,0.9666558694989238
76561199249441159,1,0.9619466662406921,9,0.9666558694989238
76561198133848024,0,0.9137621521949768,9,0.9666558694989238
76561199069569606,0,0.0044220611453056335,9,0.9666558694989238
76561198323323761,0,0.003158535808324814,9,0.9666558694989238
76561198356415277,0,0.05837933346629143,9,0.9666558694989238
76561198063324049,0,0.4687820076942444,9,0.9666558694989238
76561199388100231,0,0.00472891004756093,9,0.9666558694989238
76561198043919626,0,0.11321081966161728,9,0.9666558694989238
76561198237839824,0,0.0038382350467145443,9,0.9666558694989238
76561198010015634,0,0.03304675966501236,9,0.9666558694989238
76561198398934195,0,0.6071781516075134,9,0.9666558694989238
76561198368763790,0,0.6746903657913208,9,0.9666558694989238
76561198984895756,0,0.010561401024460793,9,0.9666558694989238
76561198210721328,0,0.003728613955900073,9,0.9666558694989238
76561198151559702,1,0.9773428440093994,9,0.9666558694989238
76561198255778574,0,0.593774139881134,9,0.9666558694989238
76561198025555927,0,0.9413484334945679,9,0.9666558694989238
76561198260462580,0,0.010794134810566902,9,0.9666558694989238
76561198129463510,0,0.008816549554467201,9,0.9666558694989238
76561199565809325,0,0.9810020923614502,9,0.9666558694989238
76561198106174828,0,0.014923471957445145,9,0.9666558694989238
76561197984465037,0,0.01393548958003521,9,0.9666558694989238
76561198089901479,0,0.011698720045387745,9,0.9666558694989238
76561198998013075,0,0.013087366707623005,9,0.9666558694989238
76561199142872399,0,0.008466512896120548,9,0.9666558694989238
76561198883910399,0,0.005229161586612463,9,0.9666558694989238
76561198880780405,0,0.003977871499955654,9,0.9666558694989238
76561198080599463,0,0.0032549609895795584,9,0.9666558694989238
76561198370281339,0,0.004672956187278032,9,0.9666558694989238
76561198963165926,0,0.9495106935501099,9,0.9666558694989238
76561198116926467,0,0.0048272632993757725,9,0.9666558694989238
76561199229648064,0,0.044196028262376785,9,0.9666558694989238
76561198287369934,0,0.09475518763065338,9,0.9666558694989238
76561198031864271,0,0.005798445548862219,9,0.9666558694989238
76561198800866255,0,0.003437844105064869,9,0.9666558694989238
76561198926747629,0,0.016846992075443268,9,0.9666558694989238
76561198246413480,0,0.031362395733594894,9,0.9666558694989238
76561199051633474,0,0.08916463702917099,9,0.9666558694989238
76561198119527358,0,0.44162067770957947,9,0.9666558694989238
76561198031237412,0,0.2984248399734497,9,0.9666558694989238
76561199493104022,0,0.1139635443687439,9,0.9666558694989238
76561199390181271,0,0.020500654354691505,9,0.9666558694989238
76561198978805528,0,0.09183748066425323,9,0.9666558694989238
76561198071209619,0,0.8995598554611206,9,0.9666558694989238
76561199800732474,0,0.20310062170028687,9,0.9666558694989238
76561198079312515,0,0.0037544327788054943,9,0.9666558694989238
76561198059279580,0,0.005150364711880684,9,0.9666558694989238
76561199687495924,0,0.0077764554880559444,9,0.9666558694989238
76561198136862266,0,0.31432172656059265,9,0.9666558694989238
76561199359403193,0,0.007971975021064281,9,0.9666558694989238
76561198372617638,0,0.006599805783480406,9,0.9666558694989238
76561198998179649,0,0.006147649604827166,9,0.9666558694989238
76561198079646876,0,0.04190865159034729,9,0.9666558694989238
76561198271198358,0,0.006469981744885445,9,0.9666558694989238
76561198122180592,0,0.011820130981504917,9,0.9666558694989238
76561198044334876,0,0.0038269897922873497,9,0.9666558694989238
76561198803374150,0,0.009725012816488743,9,0.9666558694989238
76561198074139806,0,0.008045291528105736,9,0.9666558694989238
76561198032869681,0,0.01752431131899357,9,0.9666558694989238
76561199004618287,0,0.003936044871807098,9,0.9666558694989238
76561197977958605,0,0.024412548169493675,9,0.9666558694989238
76561197971708167,0,0.0030734350439161062,9,0.9666558694989238
76561199403837266,0,0.0030137901194393635,9,0.9666558694989238
76561199014361300,0,0.013317557983100414,9,0.9666558694989238
76561198417158524,0,0.010772598907351494,9,0.9666558694989238
76561198202114697,0,0.721842348575592,9,0.9666558694989238
76561198303696307,1,0.9736626148223877,9,0.9666558694989238
76561198171747749,0,0.004271005745977163,9,0.9666558694989238
76561198056106099,0,0.0048179104924201965,9,0.9666558694989238
76561198055621139,0,0.019521057605743408,9,0.9666558694989238
76561197993416447,0,0.6212533712387085,9,0.9666558694989238
76561198110806948,0,0.5504576563835144,9,0.9666558694989238
76561198080954827,0,0.00700113270431757,9,0.9666558694989238
76561198854186562,0,0.00336998188868165,9,0.9666558694989238
76561199058423019,0,0.006916685961186886,9,0.9666558694989238
76561199608918562,0,0.004009083844721317,9,0.9666558694989238
76561198104939094,0,0.9808237552642822,9,0.9666558694989238
76561199388067939,0,0.8719454407691956,9,0.9666558694989238
76561198161550729,0,0.790617048740387,9,0.9666558694989238
76561198012475847,0,0.004713467787951231,9,0.9666558694989238
76561199149202855,0,0.013804294168949127,9,0.9666558694989238
76561198930787266,0,0.03260495886206627,9,0.9666558694989238
76561197971501569,0,0.13905315101146698,9,0.9666558694989238
76561199506171384,0,0.9445022344589233,9,0.9666558694989238
76561198963862504,0,0.004139433614909649,9,0.9666558694989238
76561198966184738,1,0.9620392322540283,9,0.9666558694989238
76561198397005733,0,0.2909587025642395,9,0.9666558694989238
76561197984780831,0,0.12854427099227905,9,0.9666558694989238
76561199096631412,1,0.9454290866851807,9,0.9666558694989238
76561198119108966,0,0.09379347413778305,9,0.9666558694989238
76561198357929053,0,0.07115188241004944,9,0.9666558694989238
76561199483957724,0,0.004785753320902586,9,0.9666558694989238
76561197974416988,0,0.004747580271214247,9,0.9666558694989238
76561198134428837,0,0.04670826345682144,9,0.9666558694989238
76561199093511351,0,0.9479653835296631,9,0.9666558694989238
76561199475184729,0,0.11346961557865143,9,0.9666558694989238
76561198209034063,0,0.029542433097958565,9,0.9666558694989238
76561198272403869,0,0.039369191974401474,9,0.9666558694989238
76561198072939202,0,0.06311681866645813,9,0.9666558694989238
76561198021741130,0,0.21606756746768951,9,0.9666558694989238
76561198215422627,0,0.9111859798431396,9,0.9666558694989238
76561198208532087,0,0.040051355957984924,9,0.9666558694989238
76561199132243988,0,0.00472891004756093,9,0.9666558694989238
76561199333949106,0,0.023453488945961,9,0.9666558694989238
76561198364288037,0,0.004259510897099972,9,0.9666558694989238
76561198004772835,0,0.8673365712165833,9,0.9666558694989238
76561198177706249,0,0.00918254628777504,9,0.9666558694989238
76561198959570118,0,0.006134738679975271,9,0.9666558694989238
76561198964468613,0,0.03473278507590294,9,0.9666558694989238
76561199563748993,0,0.005014731548726559,9,0.9666558694989238
76561198842808748,0,0.6303974390029907,9,0.9666558694989238
76561199024335983,0,0.22694545984268188,9,0.9666558694989238
76561199219357216,0,0.014222204685211182,9,0.9666558694989238
76561199115550993,0,0.003856128780171275,9,0.9666558694989238
76561198137644964,0,0.010730452835559845,9,0.9666558694989238
76561199031983828,0,0.00714406743645668,9,0.9666558694989238
76561199194015509,0,0.005048898048698902,9,0.9666558694989238
76561198290142271,0,0.003724163630977273,9,0.9666558694989238
76561198213673097,0,0.007269195280969143,9,0.9666558694989238
76561199121784191,0,0.03808051347732544,9,0.9666558694989238
76561198317267521,0,0.00472891004756093,9,0.9666558694989238
76561199154330320,0,0.006204251665621996,9,0.9666558694989238
76561198141047653,0,0.0032650663051754236,9,0.9666558694989238
76561198020050792,0,0.19362488389015198,9,0.9666558694989238
76561198300770793,0,0.010200842283666134,9,0.9666558694989238
76561199100144607,0,0.0037832031957805157,9,0.9666558694989238
76561199040366933,0,0.004893930163234472,9,0.9666558694989238
76561198067885373,0,0.007190638687461615,9,0.9666558694989238
76561199192118965,0,0.9336679577827454,9,0.9666558694989238
76561199117566496,0,0.01819496415555477,9,0.9666558694989238
76561198050896407,0,0.01898736134171486,9,0.9666558694989238
76561197967829684,0,0.019162539392709732,9,0.9666558694989238
76561198027702064,0,0.47176381945610046,9,0.9666558694989238
76561198252347242,0,0.0069323256611824036,9,0.9666558694989238
76561198964135820,0,0.004282364156097174,9,0.9666558694989238
76561198082328943,0,0.005041549447923899,9,0.9666558694989238
76561198092854082,0,0.06371254473924637,9,0.9666558694989238
76561198085780322,0,0.06943170726299286,9,0.9666558694989238
76561198109078329,0,0.005664896685630083,9,0.9666558694989238
76561198969550851,0,0.13905315101146698,9,0.9666558694989238
76561199550484683,0,0.0032394409645348787,9,0.9666558694989238
76561198442887162,0,0.005117962136864662,9,0.9666558694989238
76561198992015747,0,0.0040634130127727985,9,0.9666558694989238
76561198997150736,0,0.13643501698970795,9,0.9666558694989238
76561198176442358,0,0.0029485123232007027,9,0.9666558694989238
76561197964847010,0,0.9625629186630249,9,0.9666558694989238
76561199189492795,0,0.010432880371809006,9,0.9666558694989238
76561198883294068,0,0.16918563842773438,9,0.9666558694989238
76561198119869280,0,0.21204137802124023,9,0.9666558694989238
76561198808273302,0,0.2568770945072174,9,0.9666558694989238
76561198809617354,0,0.01041140966117382,9,0.9666558694989238
76561199198386044,0,0.004376016557216644,9,0.9666558694989238
76561199026332734,0,0.01766715943813324,9,0.9666558694989238
76561198022502554,0,0.00412550987675786,9,0.9666558694989238
76561197963797026,0,0.03710687905550003,9,0.9666558694989238
76561198042215441,0,0.006560656242072582,9,0.9666558694989238
76561198393232637,0,0.02649303898215294,9,0.9666558694989238
76561199120917568,0,0.009408624842762947,9,0.9666558694989238
76561198028580345,0,0.014288782142102718,9,0.9666558694989238
76561198290247274,0,0.45290690660476685,9,0.9666558694989238
76561198003599143,0,0.092393659055233,9,0.9666558694989238
76561198890388180,0,0.8924928307533264,9,0.9666558694989238
76561198070847202,0,0.397403359413147,9,0.9666558694989238
76561198994504378,0,0.07953225821256638,9,0.9666558694989238
76561198174794757,0,0.005071916617453098,9,0.9666558694989238
76561198127819414,0,0.005676783621311188,9,0.9666558694989238
76561199138267721,0,0.0029849244747310877,9,0.9666558694989238
76561198028475024,1,0.9777235388755798,9,0.9666558694989238
76561198907810485,0,0.007817335426807404,9,0.9666558694989238
76561199443672216,0,0.004015618469566107,9,0.9666558694989238
76561199121265056,0,0.023935673758387566,9,0.9666558694989238
76561198006983293,0,0.5506579279899597,9,0.9666558694989238
76561199229924874,1,0.9618444442749023,9,0.9666558694989238
76561198999163213,0,0.05538936331868172,9,0.9666558694989238
76561198197215730,0,0.005672034807503223,9,0.9666558694989238
76561198859169671,0,0.1654297560453415,9,0.9666558694989238
76561198322524560,0,0.020500654354691505,9,0.9666558694989238
76561197993940782,0,0.05496152862906456,9,0.9666558694989238
76561198048408494,0,0.0236444640904665,9,0.9666558694989238
76561198874648538,0,0.8147007822990417,9,0.9666558694989238
76561198141326535,0,0.6887836456298828,9,0.9666558694989238
76561199076095685,0,0.7897887825965881,9,0.9666558694989238
76561199129666882,0,0.004012659657746553,9,0.9666558694989238
76561198123481723,0,0.024968992918729782,9,0.9666558694989238
76561198044174103,0,0.021844923496246338,9,0.9666558694989238
76561198095212218,0,0.0033671294804662466,9,0.9666558694989238
76561199476729796,0,0.00472891004756093,9,0.9666558694989238
76561198162159117,0,0.020967913791537285,9,0.9666558694989238
76561199127807207,0,0.007585715502500534,9,0.9666558694989238
76561199237039158,0,0.00604093074798584,9,0.9666558694989238
76561199181898948,0,0.30651888251304626,9,0.9666558694989238
76561198941547303,0,0.0031434684060513973,9,0.9666558694989238
76561198024604483,1,0.9780418276786804,9,0.9666558694989238
76561198428692521,0,0.004087605979293585,9,0.9666558694989238
76561198229839960,0,0.002901715924963355,9,0.9666558694989238
76561198142299264,0,0.8896799683570862,9,0.9666558694989238
76561199081281308,0,0.013535337522625923,9,0.9666558694989238
76561199098722086,0,0.0161418579518795,9,0.9666558694989238
76561197970737391,0,0.005264701321721077,9,0.9666558694989238
76561198041915801,0,0.90269535779953,9,0.9666558694989238
76561198295422656,0,0.9374244213104248,9,0.9666558694989238
76561199074271989,0,0.0030838109087198973,9,0.9666558694989238
76561198991053423,0,0.043186843395233154,9,0.9666558694989238
76561199006727215,0,0.0049180444329977036,9,0.9666558694989238
76561198209198992,0,0.0038452204316854477,9,0.9666558694989238
76561198079512136,0,0.2339445948600769,9,0.9666558694989238
76561199087790133,0,0.010976730845868587,9,0.9666558694989238
76561198105905774,0,0.6963031888008118,9,0.9666558694989238
76561199259479690,0,0.05330387502908707,9,0.9666558694989238
76561198008346870,0,0.927871823310852,9,0.9666558694989238
76561199510984350,0,0.012228148058056831,9,0.9666558694989238
76561198039674444,0,0.8656753301620483,9,0.9666558694989238
76561198167180632,0,0.00566913140937686,9,0.9666558694989238
76561199382284668,0,0.012531389482319355,9,0.9666558694989238
76561197971005336,0,0.2703782916069031,9,0.9666558694989238
76561199104529176,0,0.07775414735078812,9,0.9666558694989238
76561199122781428,0,0.9684910774230957,9,0.9666558694989238
76561199229102400,0,0.004763588774949312,9,0.9666558694989238
76561199112569826,0,0.003778039710596204,9,0.9666558694989238
76561199013671321,0,0.03935438022017479,9,0.9666558694989238
76561198135706204,0,0.27463874220848083,9,0.9666558694989238
76561198256771320,0,0.005428672768175602,9,0.9666558694989238
76561198161141081,0,0.011688727885484695,9,0.9666558694989238
76561199521453441,0,0.0030137901194393635,9,0.9666558694989238
76561198319496340,0,0.0033962263260036707,9,0.9666558694989238
76561198989338133,0,0.003112624166533351,9,0.9666558694989238
76561198267859722,0,0.00379329826682806,9,0.9666558694989238
76561198023632156,0,0.19745522737503052,9,0.9666558694989238
76561198103364569,0,0.010933913290500641,9,0.9666558694989238
76561197998214465,0,0.021809140220284462,9,0.9666558694989238
76561198060513616,0,0.006534108426421881,9,0.9666558694989238
76561198425982091,0,0.003062332049012184,9,0.9666558694989238
76561198271176407,0,0.02817440964281559,9,0.9666558694989238
76561198395640487,0,0.5960711240768433,9,0.9666558694989238
76561199180411883,0,0.003985215909779072,9,0.9666558694989238
76561198324870572,0,0.00472891004756093,9,0.9666558694989238
76561198235481488,0,0.17672955989837646,9,0.9666558694989238
76561199081120630,0,0.020473584532737732,9,0.9666558694989238
76561198046419415,0,0.012159180827438831,9,0.9666558694989238
76561198282098423,0,0.7040173411369324,9,0.9666558694989238
76561198024262327,0,0.006261360831558704,9,0.9666558694989238
76561198829663805,1,0.73102867603302,9,0.9666558694989238
76561198017204231,1,0.9726578593254089,9,0.9666558694989238
76561198367535305,0,0.9357733130455017,9,0.9666558694989238
76561198083149149,1,0.9577946662902832,9,0.9666558694989238
76561198112394807,0,0.004233586601912975,9,0.9666558694989238
76561198024493934,0,0.9669709205627441,9,0.9666558694989238
76561199157721918,0,0.04235320910811424,9,0.9666558694989238
76561198417087509,0,0.590801477432251,9,0.9666558694989238
76561198269643237,1,0.8635337948799133,9,0.9666558694989238
76561198852870238,0,0.3341497480869293,9,0.9666558694989238
76561199467649645,0,0.32979562878608704,9,0.9666558694989238
76561199478133160,0,0.003132714657112956,9,0.9666558694989238
76561199090785088,0,0.00981342513114214,9,0.9666558694989238
76561199086886386,0,0.004256241489201784,9,0.9666558694989238
76561199205240736,0,0.008451579138636589,9,0.9666558694989238
76561198138554955,0,0.02111024782061577,9,0.9666558694989238
76561198119479556,0,0.9125152230262756,9,0.9666558694989238
76561199002062532,0,0.9729244112968445,9,0.9666558694989238
76561198107369185,0,0.9360074996948242,9,0.9666558694989238
76561198374657222,0,0.00779860932379961,9,0.9666558694989238
76561198868737967,0,0.013605610467493534,9,0.9666558694989238
76561198420717954,0,0.0043359193950891495,9,0.9666558694989238
76561199125426770,0,0.9411078095436096,9,0.9666558694989238
76561198134651126,0,0.07176089286804199,9,0.9666558694989238
76561198036032745,0,0.004281294997781515,9,0.9666558694989238
76561199243198616,0,0.019374525174498558,9,0.9666558694989238
76561198365217537,0,0.12176350504159927,9,0.9666558694989238
76561198039798057,0,0.0042966557666659355,9,0.9666558694989238
76561199271745050,0,0.02028968557715416,9,0.9666558694989238
76561198049397149,0,0.09013018012046814,9,0.9666558694989238
76561198984861807,0,0.005661127157509327,9,0.9666558694989238
76561198128795324,1,0.6372936964035034,9,0.9666558694989238
76561198069819345,0,0.007163825910538435,9,0.9666558694989238
76561198000206831,0,0.16230300068855286,9,0.9666558694989238
76561198067428188,0,0.6592551469802856,9,0.9666558694989238
76561198053681824,0,0.08870472759008408,9,0.9666558694989238
76561198963046370,0,0.0034675023052841425,9,0.9666558694989238
76561198081173530,0,0.7782804369926453,9,0.9666558694989238
76561197977164516,0,0.37674498558044434,9,0.9666558694989238
76561197987972573,0,0.3632119596004486,9,0.9666558694989238
76561198093887771,1,0.6423967480659485,9,0.9666558694989238
76561198353749635,0,0.1362377405166626,9,0.9666558694989238
76561198111021988,0,0.0036223530769348145,9,0.9666558694989238
76561198004611355,0,0.9489364624023438,9,0.9666558694989238
76561199296389594,0,0.004993863869458437,9,0.9666558694989238
76561199214577088,0,0.005595626775175333,9,0.9666558694989238
76561198866290733,0,0.6059759855270386,9,0.9666558694989238
76561198963943876,0,0.23698514699935913,9,0.9666558694989238
76561198283582707,0,0.026991700753569603,9,0.9666558694989238
76561198350760619,0,0.017414508387446404,9,0.9666558694989238
76561198370952982,0,0.08046513050794601,9,0.9666558694989238
76561198136649171,0,0.020578328520059586,9,0.9666558694989238
76561198078515691,0,0.49396684765815735,9,0.9666558694989238
76561198328698727,0,0.03276713564991951,9,0.9666558694989238
76561199430476289,0,0.005204433109611273,9,0.9666558694989238
76561198026920668,0,0.478445440530777,9,0.9666558694989238
76561198890188008,0,0.041323959827423096,9,0.9666558694989238
76561198079065009,0,0.7958745956420898,9,0.9666558694989238
76561199194013010,1,0.3983636498451233,9,0.9666558694989238
76561198339913016,0,0.0037934628780931234,9,0.9666558694989238
76561198214803259,0,0.40493324398994446,9,0.9666558694989238
76561199055157773,0,0.015158096328377724,9,0.9666558694989238
76561198997910853,0,0.38642746210098267,9,0.9666558694989238
76561199302324444,0,0.0084014181047678,9,0.9666558694989238
76561198160268680,0,0.0482514351606369,9,0.9666558694989238
76561198200581406,0,0.008114807307720184,9,0.9666558694989238
76561198449864722,0,0.01283752080053091,9,0.9666558694989238
76561199177824583,0,0.00472891004756093,9,0.9666558694989238
76561198167714583,0,0.01126962248235941,9,0.9666558694989238
76561199214784798,0,0.004482767544686794,9,0.9666558694989238
76561198048906250,0,0.004348621238023043,9,0.9666558694989238
76561198044271009,0,0.004145968239754438,9,0.9666558694989238
76561199173791476,0,0.0037988938856869936,9,0.9666558694989238
76561199082927542,0,0.005650162231177092,9,0.9666558694989238
76561198249570518,0,0.013399355113506317,9,0.9666558694989238
76561197962657628,0,0.020411737263202667,9,0.9666558694989238
76561198303048694,0,0.0031952413264662027,9,0.9666558694989238
76561199436402013,0,0.003889130661264062,9,0.9666558694989238
76561198135565499,0,0.0030573357362300158,9,0.9666558694989238
76561199092878589,0,0.0031775394454598427,9,0.9666558694989238
76561199229188453,0,0.009274153038859367,9,0.9666558694989238
76561198322551942,0,0.009415732696652412,9,0.9666558694989238
76561199099521948,0,0.008656502701342106,9,0.9666558694989238
76561198124499208,0,0.009711043909192085,9,0.9666558694989238
76561199233568185,0,0.006436181720346212,9,0.9666558694989238
76561198036594728,0,0.7014487385749817,9,0.9666558694989238
76561198057287886,0,0.18902744352817535,9,0.9666558694989238
76561199228030597,0,0.006204251665621996,9,0.9666558694989238
76561198804406426,0,0.005908407270908356,9,0.9666558694989238
76561199273852910,0,0.009784776717424393,9,0.9666558694989238
76561199595486849,0,0.004886862356215715,9,0.9666558694989238
76561198197600959,1,0.9688761234283447,9,0.9666558694989238
76561198286337398,0,0.0041969455778598785,9,0.9666558694989238
76561199433925077,0,0.007468394003808498,9,0.9666558694989238
76561199387394355,0,0.0034330328926444054,9,0.9666558694989238
76561198125936080,0,0.008729612454771996,9,0.9666558694989238
76561198006582151,0,0.010638609528541565,9,0.9666558694989238
76561198358006200,0,0.017562955617904663,9,0.9666558694989238
76561199737018233,0,0.04134993255138397,9,0.9666558694989238
76561199339264604,0,0.004095163661986589,9,0.9666558694989238
76561199193711409,0,0.0061319367960095406,9,0.9666558694989238
76561199011856803,0,0.07722000777721405,9,0.9666558694989238
76561197968568824,1,0.9124106764793396,9,0.9666558694989238
76561199097709625,0,0.487639844417572,9,0.9666558694989238
76561198070163768,0,0.007434862665832043,9,0.9666558694989238
76561199588945271,0,0.0449051707983017,9,0.9666558694989238
76561198031623765,0,0.005290347151458263,9,0.9666558694989238
76561199224232206,0,0.00553248543292284,9,0.9666558694989238
76561198066743174,0,0.006601606961339712,9,0.9666558694989238
76561198099056359,0,0.006322417873889208,9,0.9666558694989238
76561198993539592,0,0.6131494641304016,9,0.9666558694989238
76561199378635117,0,0.003771072020754218,9,0.9666558694989238
76561197991222651,0,0.7504618167877197,9,0.9666558694989238
76561198063961681,1,0.9846441745758057,9,0.9666558694989238
76561198174425153,0,0.003082320559769869,9,0.9666558694989238
76561199002913262,0,0.6778976321220398,9,0.9666558694989238
76561198872007898,0,0.1437508761882782,9,0.9666558694989238
76561199103885823,0,0.02550220489501953,9,0.9666558694989238
76561198271889902,0,0.003628012491390109,9,0.9666558694989238
76561199508510043,0,0.0062188697047531605,9,0.9666558694989238
76561199479131135,0,0.010156845673918724,9,0.9666558694989238
76561199070982853,0,0.008166015148162842,9,0.9666558694989238
76561197970600372,0,0.2959720194339752,9,0.9666558694989238
76561199031803433,0,0.002842912683263421,9,0.9666558694989238
76561198092168073,0,0.2669147849082947,9,0.9666558694989238
76561198015629083,0,0.003012340283021331,9,0.9666558694989238
76561198038215401,0,0.003337128786370158,9,0.9666558694989238
76561198988265367,0,0.0037864106707274914,9,0.9666558694989238
76561198246602050,0,0.006787137594074011,9,0.9666558694989238
76561199230013029,0,0.004677784163504839,9,0.9666558694989238
76561198053839942,0,0.039193294942379,9,0.9666558694989238
76561199070698121,0,0.03323160856962204,9,0.9666558694989238
76561198077141192,0,0.8981031179428101,9,0.9666558694989238
76561198441021014,0,0.09033259004354477,9,0.9666558694989238
76561198109910831,0,0.06371631473302841,9,0.9666558694989238
76561198959611016,0,0.1926845759153366,9,0.9666558694989238
76561198238858900,0,0.008789770305156708,9,0.9666558694989238
76561199101493504,1,0.9655985832214355,9,0.9666558694989238
76561199187454619,0,0.9167563915252686,9,0.9666558694989238
76561198272357450,0,0.06734110414981842,9,0.9666558694989238
76561199000684449,0,0.0041754296980798244,9,0.9666558694989238
76561198071816598,0,0.10831157863140106,9,0.9666558694989238
76561198856701132,0,0.08366835862398148,9,0.9666558694989238
76561198009518438,0,0.009838306345045567,9,0.9666558694989238
76561199308058382,0,0.004102066159248352,9,0.9666558694989238
76561199066549451,0,0.015492895618081093,9,0.9666558694989238
76561198260984306,0,0.04006114602088928,9,0.9666558694989238
76561199101170354,0,0.00344964605756104,9,0.9666558694989238
76561198044056744,0,0.003021195298060775,9,0.9666558694989238
76561199315030891,0,0.009092998690903187,9,0.9666558694989238
76561199089887441,0,0.6186052560806274,9,0.9666558694989238
76561198801541349,0,0.6160824298858643,9,0.9666558694989238
76561199437752907,0,0.01717943698167801,9,0.9666558694989238
76561199084629716,0,0.004066301044076681,9,0.9666558694989238
76561199011703439,0,0.03243080899119377,9,0.9666558694989238
76561198310081602,0,0.05653493106365204,9,0.9666558694989238
76561199219106711,0,0.8654444813728333,9,0.9666558694989238
76561198151866611,0,0.9149745106697083,9,0.9666558694989238
76561199283542193,0,0.016247909516096115,9,0.9666558694989238
76561198059362922,0,0.6715012192726135,9,0.9666558694989238
76561198286769789,0,0.5881919860839844,9,0.9666558694989238
76561199490105297,0,0.010103559121489525,9,0.9666558694989238
76561198026594210,0,0.0033134333789348602,9,0.9666558694989238
76561199203699348,0,0.09071484208106995,9,0.9666558694989238
76561198262069922,0,0.8411124348640442,9,0.9666558694989238
76561198125970974,0,0.1766919642686844,9,0.9666558694989238
76561199091534891,0,0.028081320226192474,9,0.9666558694989238
76561198443518844,0,0.004779201466590166,9,0.9666558694989238
76561199467602066,0,0.01022674236446619,9,0.9666558694989238
76561199075214124,0,0.003662942675873637,9,0.9666558694989238
76561198200426246,0,0.010963577777147293,9,0.9666558694989238
76561199066145381,0,0.004109607543796301,9,0.9666558694989238
76561198928959287,0,0.9348739385604858,9,0.9666558694989238
76561198851767714,0,0.3376862704753876,9,0.9666558694989238
76561198353044802,0,0.8858731985092163,9,0.9666558694989238
76561199154621657,0,0.003673908533528447,9,0.9666558694989238
76561198329917482,0,0.0031708707101643085,9,0.9666558694989238
76561199249195867,1,0.9850448966026306,9,0.9666558694989238
76561199461046532,0,0.00817799847573042,9,0.9666558694989238
76561197976203607,0,0.016455573961138725,9,0.9666558694989238
76561199084866115,0,0.00472891004756093,9,0.9666558694989238
76561197996760956,0,0.004799581132829189,9,0.9666558694989238
76561198022466707,0,0.021193841472268105,9,0.9666558694989238
76561198425009574,0,0.008990789763629436,9,0.9666558694989238
76561198192427185,0,0.0035282752942293882,9,0.9666558694989238
76561199559543144,0,0.10585450381040573,9,0.9666558694989238
76561199571151294,0,0.004575071856379509,9,0.9666558694989238
76561199126763812,0,0.00474971067160368,9,0.9666558694989238
76561198254187018,0,0.004157995339483023,9,0.9666558694989238
76561198044254254,0,0.005974559113383293,9,0.9666558694989238
76561198128656704,0,0.42705652117729187,9,0.9666558694989238
76561199094592192,0,0.0043284697458148,9,0.9666558694989238
76561199263135418,0,0.003998646046966314,9,0.9666558694989238
76561198054389121,0,0.4360581040382385,9,0.9666558694989238
76561199243183847,0,0.00770105654373765,9,0.9666558694989238
76561199212554852,0,0.07372312992811203,9,0.9666558694989238
76561198380288309,0,0.07006005197763443,9,0.9666558694989238
76561198035414993,0,0.8173261284828186,9,0.9666558694989238
76561199209499953,0,0.009949994273483753,9,0.9666558694989238
76561198017262658,0,0.003941074479371309,9,0.9666558694989238
76561199054137037,0,0.05399318039417267,9,0.9666558694989238
76561198268707136,0,0.09310828894376755,9,0.9666558694989238
76561198859079950,0,0.00632975809276104,9,0.9666558694989238
76561198391648377,0,0.021586239337921143,9,0.9666558694989238
76561198301616007,0,0.027008749544620514,9,0.9666558694989238
76561199157730149,0,0.00472891004756093,9,0.9666558694989238
76561199077650282,0,0.18954984843730927,9,0.9666558694989238
76561198145619401,0,0.6989271640777588,9,0.9666558694989238
76561198178944142,0,0.1124584749341011,9,0.9666558694989238
76561199128888560,0,0.06305721402168274,9,0.9666558694989238
76561199180137355,0,0.0035891691222786903,9,0.9666558694989238
76561198373570567,0,0.4795221984386444,9,0.9666558694989238
76561199680915571,0,0.12331660836935043,9,0.9666558694989238
76561199012393353,0,0.9466609358787537,9,0.9666558694989238
76561198396841197,0,0.9072360992431641,9,0.9666558694989238
76561199202617083,0,0.1084105595946312,9,0.9666558694989238
76561199231437800,0,0.0037864106707274914,9,0.9666558694989238
76561198960688959,0,0.009900008328258991,9,0.9666558694989238
76561198041156751,0,0.6807741522789001,9,0.9666558694989238
76561198263288191,0,0.004719054792076349,9,0.9666558694989238
76561198213913935,0,0.3154674172401428,9,0.9666558694989238
76561198012210641,0,0.26091378927230835,9,0.9666558694989238
76561198059556253,0,0.8603837490081787,9,0.9666558694989238
76561198172657930,0,0.8025404810905457,9,0.9666558694989238
76561198067989237,0,0.003393767634406686,9,0.9666558694989238
76561198846972243,1,0.9457165598869324,9,0.9666558694989238
76561199117608674,0,0.01079177763313055,9,0.9666558694989238
76561199485918180,0,0.07262992858886719,9,0.9666558694989238
76561198119473544,0,0.9586479663848877,9,0.9666558694989238
76561198163486682,1,0.9413480758666992,9,0.9666558694989238
76561198235119108,0,0.7777983546257019,9,0.9666558694989238
76561198450558760,0,0.004178761970251799,9,0.9666558694989238
76561198166775506,0,0.005044927820563316,9,0.9666558694989238
76561199138695467,0,0.004931366536766291,9,0.9666558694989238
76561197980806052,0,0.007492861710488796,9,0.9666558694989238
76561199039314150,0,0.004166869446635246,9,0.9666558694989238
76561199229429951,0,0.0033651122357696295,9,0.9666558694989238
76561198388928727,0,0.003000546246767044,9,0.9666558694989238
76561198175092550,0,0.9593942761421204,9,0.9666558694989238
76561198356074947,0,0.004569398704916239,9,0.9666558694989238
76561199066050941,0,0.006619605235755444,9,0.9666558694989238
76561198112321425,0,0.3851993978023529,9,0.9666558694989238
76561198296285740,0,0.005527256056666374,9,0.9666558694989238
76561199499246169,0,0.004012670833617449,9,0.9666558694989238
76561198133850716,0,0.004013753961771727,9,0.9666558694989238
76561199426559720,0,0.0037785822059959173,9,0.9666558694989238
76561198389859447,0,0.011967141181230545,9,0.9666558694989238
76561199071702822,1,0.9736154079437256,9,0.9666558694989238
76561199465678713,0,0.14041858911514282,9,0.9666558694989238
76561198010827195,0,0.15704596042633057,9,0.9666558694989238
76561198053809337,0,0.06424137204885483,9,0.9666558694989238
76561198241624714,0,0.004471300169825554,9,0.9666558694989238
76561197995542747,0,0.11921076476573944,9,0.9666558694989238
76561198019057822,0,0.0284199770539999,9,0.9666558694989238
76561198007852215,0,0.005672034807503223,9,0.9666558694989238
76561199226957219,0,0.3614553213119507,9,0.9666558694989238
76561199577468329,0,0.004009083844721317,9,0.9666558694989238
76561197980914865,0,0.006885123439133167,9,0.9666558694989238
76561198019694702,0,0.006711408495903015,9,0.9666558694989238
76561198138872281,0,0.003714268794283271,9,0.9666558694989238
76561199200746340,0,0.0056123691610991955,9,0.9666558694989238
76561199042446619,0,0.005255739204585552,9,0.9666558694989238
76561198363357781,0,0.16289138793945312,9,0.9666558694989238
76561199546494755,0,0.010878150351345539,9,0.9666558694989238
76561199229301852,0,0.16995026171207428,9,0.9666558694989238
76561198031493769,0,0.004643895197659731,9,0.9666558694989238
76561198870854680,0,0.003823390230536461,9,0.9666558694989238
76561199225758037,0,0.006625139620155096,9,0.9666558694989238
76561199590116126,0,0.0036038581747561693,9,0.9666558694989238
76561199439636384,0,0.005666663870215416,9,0.9666558694989238
76561198035630949,0,0.005066644866019487,9,0.9666558694989238
76561198170410922,0,0.004833451937884092,9,0.9666558694989238
76561198073161537,0,0.0029589845798909664,9,0.9666558694989238
76561198334499551,0,0.002842912683263421,9,0.9666558694989238
76561198977718803,0,0.009143932722508907,9,0.9666558694989238
76561198843443392,0,0.30943217873573303,9,0.9666558694989238
76561198341343441,0,0.02368522249162197,9,0.9666558694989238
76561198100903083,0,0.007698392495512962,9,0.9666558694989238
76561198358003338,0,0.004424826707690954,9,0.9666558694989238
76561198047613741,0,0.0031107866670936346,9,0.9666558694989238
76561198275837461,0,0.003599470481276512,9,0.9666558694989238
76561199105608981,0,0.014532205648720264,9,0.9666558694989238
76561199178028298,0,0.0037595960311591625,9,0.9666558694989238
76561199536571797,0,0.0605570524930954,9,0.9666558694989238
76561197992830044,0,0.0231652669608593,9,0.9666558694989238
76561198022799114,0,0.007751134689897299,9,0.9666558694989238
76561198076935290,0,0.003413812257349491,9,0.9666558694989238
76561198881155850,0,0.0034558186307549477,9,0.9666558694989238
76561198358527467,0,0.8738309741020203,9,0.9666558694989238
76561198052361000,0,0.41646522283554077,9,0.9666558694989238
76561199334288148,0,0.006636606529355049,9,0.9666558694989238
76561199142475798,0,0.008715025149285793,9,0.9666558694989238
76561199058123573,0,0.13875633478164673,9,0.9666558694989238
76561198135764787,0,0.014600474387407303,9,0.9666558694989238
76561199149312167,0,0.7746668457984924,9,0.9666558694989238
76561198119367548,0,0.7809513807296753,9,0.9666558694989238
76561199101761358,1,0.963783323764801,9,0.9666558694989238
76561198356202192,0,0.003420814871788025,9,0.9666558694989238
76561198047398251,0,0.005899849347770214,9,0.9666558694989238
76561199489510951,0,0.007038721814751625,9,0.9666558694989238
76561199110699926,1,0.9727679491043091,9,0.9666558694989238
76561199183783495,0,0.015917440876364708,9,0.9666558694989238
76561198242482088,0,0.4771207869052887,9,0.9666558694989238
76561198078902892,0,0.5001181960105896,9,0.9666558694989238
76561198346315213,0,0.1285095065832138,9,0.9666558694989238
76561199151241523,0,0.9768645167350769,9,0.9666558694989238
76561198889276289,0,0.005401771515607834,9,0.9666558694989238
76561199131463415,1,0.9866369962692261,9,0.9666558694989238
76561198427243986,0,0.0033150305971503258,9,0.9666558694989238
76561198039552108,0,0.0033406310249119997,9,0.9666558694989238
76561198095316440,0,0.017018340528011322,9,0.9666558694989238
76561199454911672,0,0.0038784020580351353,9,0.9666558694989238
76561199524344911,0,0.002861066022887826,9,0.9666558694989238
76561198022109319,0,0.012779836542904377,9,0.9666558694989238
76561198182475823,0,0.004258141387254,9,0.9666558694989238
76561199181807308,0,0.003598848357796669,9,0.9666558694989238
76561199435989883,0,0.019253652542829514,9,0.9666558694989238
76561197997143505,0,0.00553248031064868,9,0.9666558694989238
76561198099607093,0,0.4555569887161255,9,0.9666558694989238
76561197998347165,0,0.4139743447303772,9,0.9666558694989238
76561198853902707,0,0.20003260672092438,9,0.9666558694989238
76561199127640993,0,0.7696138620376587,9,0.9666558694989238
76561198158054817,0,0.004009083844721317,9,0.9666558694989238
76561199177654321,0,0.04159897193312645,9,0.9666558694989238
76561198192769751,0,0.023352721706032753,9,0.9666558694989238
76561198241438558,0,0.005724052898585796,9,0.9666558694989238
76561197994009428,0,0.03947306424379349,9,0.9666558694989238
76561198053441140,0,0.005155365914106369,9,0.9666558694989238
76561199512386274,0,0.0061444928869605064,9,0.9666558694989238
76561198106798387,1,0.9750447273254395,9,0.9666558694989238
76561198041607891,0,0.00726810097694397,9,0.9666558694989238
76561199216472126,0,0.008404755033552647,9,0.9666558694989238
76561199219303441,0,0.009483885951340199,9,0.9666558694989238
76561198857116918,0,0.03083561360836029,9,0.9666558694989238
76561198190570665,0,0.009283354505896568,9,0.9666558694989238
76561198068160965,0,0.003114237217232585,9,0.9666558694989238
76561198066212270,0,0.027109039947390556,9,0.9666558694989238
76561199434834135,0,0.0038705894257873297,9,0.9666558694989238
76561199041182331,0,0.009050403721630573,9,0.9666558694989238
76561198880901642,0,0.05606505647301674,9,0.9666558694989238
76561198422042622,0,0.004838296212255955,9,0.9666558694989238
76561198415647069,0,0.021759094670414925,9,0.9666558694989238
76561197979132225,0,0.012423955835402012,9,0.9666558694989238
76561199218381455,0,0.25417229533195496,9,0.9666558694989238
76561198816334470,0,0.0033511719666421413,9,0.9666558694989238
76561198084132218,0,0.004866692237555981,9,0.9666558694989238
76561198855486386,0,0.022588390856981277,9,0.9666558694989238
76561199434246777,0,0.9038254022598267,9,0.9666558694989238
76561198250001534,0,0.04325306788086891,9,0.9666558694989238
76561198275608498,0,0.2671147882938385,9,0.9666558694989238
76561199248734726,0,0.004496360197663307,9,0.9666558694989238
76561198396061673,0,0.008603508584201336,9,0.9666558694989238
76561198801705419,0,0.007222878746688366,9,0.9666558694989238
76561199376454454,0,0.002926081884652376,9,0.9666558694989238
76561198098841574,0,0.4339943826198578,9,0.9666558694989238
76561198145382427,0,0.03594794124364853,9,0.9666558694989238
76561198064602699,0,0.010423058643937111,9,0.9666558694989238
76561199147631778,0,0.0049880500882864,9,0.9666558694989238
76561198072725637,0,0.003655981505289674,9,0.9666558694989238
76561198807913113,0,0.00594796659424901,9,0.9666558694989238
76561198118768495,0,0.003908243495970964,9,0.9666558694989238
76561198009773754,0,0.003988906741142273,9,0.9666558694989238
76561198854368567,0,0.021707309409976006,9,0.9666558694989238
76561198852080251,0,0.005043353419750929,9,0.9666558694989238
76561199570207844,0,0.5292040705680847,9,0.9666558694989238
76561198024259440,0,0.15064340829849243,9,0.9666558694989238
76561198388458572,1,0.9714062809944153,9,0.9666558694989238
76561199012963425,0,0.00336642237380147,9,0.9666558694989238
76561198810110068,0,0.008246710523962975,9,0.9666558694989238
76561199007666781,0,0.04867851361632347,9,0.9666558694989238
76561199134819904,0,0.08181267976760864,9,0.9666558694989238
76561199014724316,0,0.004009083844721317,9,0.9666558694989238
76561198131682117,0,0.005672034807503223,9,0.9666558694989238
76561197960391738,0,0.08894748985767365,9,0.9666558694989238
76561199069195994,0,0.009336198680102825,9,0.9666558694989238
76561199142556168,0,0.003988961689174175,9,0.9666558694989238
76561198351827889,0,0.0030137901194393635,9,0.9666558694989238
76561198025175005,0,0.0035891691222786903,9,0.9666558694989238
76561198046492947,1,0.9423296451568604,9,0.9666558694989238
76561198125970268,0,0.014026927761733532,9,0.9666558694989238
76561199258765060,0,0.00472891004756093,9,0.9666558694989238
76561199262500224,0,0.7013640999794006,9,0.9666558694989238
76561198072486173,0,0.008920366875827312,9,0.9666558694989238
76561198398540454,0,0.6044572591781616,9,0.9666558694989238
76561199193405695,0,0.004816733300685883,9,0.9666558694989238
76561198823598125,0,0.005922004114836454,9,0.9666558694989238
76561198988477324,0,0.00472891004756093,9,0.9666558694989238
76561198334804618,0,0.0725773423910141,9,0.9666558694989238
76561199019851662,0,0.9699337482452393,9,0.9666558694989238
76561198022988900,1,0.9497275352478027,9,0.9666558694989238
76561198220121712,0,0.003373510204255581,9,0.9666558694989238
76561199091302461,0,0.00874493271112442,9,0.9666558694989238
76561199174791818,0,0.89186692237854,9,0.9666558694989238
76561198028674734,0,0.27961465716362,9,0.9666558694989238
76561197990090254,0,0.1303965449333191,9,0.9666558694989238
76561198065018482,0,0.9412218928337097,9,0.9666558694989238
76561198118074115,0,0.019697239622473717,9,0.9666558694989238
76561199109752101,0,0.0046151019632816315,9,0.9666558694989238
76561198457011021,0,0.10687931627035141,9,0.9666558694989238
76561198267617648,0,0.0044738734140992165,9,0.9666558694989238
76561199232984145,0,0.046722687780857086,9,0.9666558694989238
76561198085847112,0,0.003371849888935685,9,0.9666558694989238
76561198004409539,0,0.003319151233881712,9,0.9666558694989238
76561198145169191,0,0.924428403377533,9,0.9666558694989238
76561198119824615,0,0.6121119260787964,9,0.9666558694989238
76561198325986789,0,0.13561595976352692,9,0.9666558694989238
76561198098546245,0,0.26371508836746216,9,0.9666558694989238
76561199057832599,0,0.08617226034402847,9,0.9666558694989238
76561199232052629,0,0.01041140966117382,9,0.9666558694989238
76561198040246720,0,0.0048384107649326324,9,0.9666558694989238
76561198867402660,0,0.004993807058781385,9,0.9666558694989238
76561198862823530,0,0.05213536322116852,9,0.9666558694989238
76561199094791378,0,0.010691186413168907,9,0.9666558694989238
76561198073305873,0,0.564852237701416,9,0.9666558694989238
76561197990711412,0,0.7802532315254211,9,0.9666558694989238
76561199001856681,0,0.04581953585147858,9,0.9666558694989238
76561198130027801,0,0.01960044540464878,9,0.9666558694989238
76561198062498539,0,0.9589897990226746,9,0.9666558694989238
76561198028373656,0,0.006088214926421642,9,0.9666558694989238
76561198018629097,0,0.2077704221010208,9,0.9666558694989238
76561198162179284,0,0.04759489744901657,9,0.9666558694989238
76561198305605288,0,0.5781100988388062,9,0.9666558694989238
76561199171862137,0,0.8484336137771606,9,0.9666558694989238
76561199161353956,0,0.05938426032662392,9,0.9666558694989238
76561198888997729,0,0.0039681801572442055,9,0.9666558694989238
76561198272311351,0,0.011852970346808434,9,0.9666558694989238
76561198149081686,0,0.0068659428507089615,9,0.9666558694989238
76561198341346298,0,0.18836352229118347,9,0.9666558694989238
76561199178212515,0,0.21297279000282288,9,0.9666558694989238
76561198123354454,0,0.08839697390794754,9,0.9666558694989238
76561198149804117,0,0.06196126341819763,9,0.9666558694989238
76561199120749516,0,0.003987011034041643,9,0.9666558694989238
76561199100028424,0,0.27216973900794983,9,0.9666558694989238
76561198326707468,0,0.462114155292511,9,0.9666558694989238
76561198202159296,0,0.6643707156181335,9,0.9666558694989238
76561199081250579,0,0.0055405874736607075,9,0.9666558694989238
76561198016870014,0,0.08280029147863388,9,0.9666558694989238
76561199465964180,0,0.004575071856379509,9,0.9666558694989238
76561198254029609,0,0.3270910978317261,9,0.9666558694989238
76561199383946589,0,0.054959848523139954,9,0.9666558694989238
76561198180691437,0,0.00472891004756093,9,0.9666558694989238
76561199509084137,0,0.00822432804852724,9,0.9666558694989238
76561198209448307,0,0.012674261815845966,9,0.9666558694989238
76561198138875691,0,0.002842912683263421,9,0.9666558694989238
76561198398949885,0,0.023840952664613724,9,0.9666558694989238
76561198029229660,0,0.009628057479858398,9,0.9666558694989238
76561199163292637,0,0.04126245900988579,9,0.9666558694989238
76561198305074556,0,0.0038838752079755068,9,0.9666558694989238
76561198088775533,0,0.00573680829256773,9,0.9666558694989238
76561199304320272,0,0.00472891004756093,9,0.9666558694989238
76561198063179141,0,0.05237984657287598,9,0.9666558694989238
76561198009600257,0,0.0247027687728405,9,0.9666558694989238
76561198986920675,0,0.084737628698349,9,0.9666558694989238
76561198035963274,0,0.4709646999835968,9,0.9666558694989238
76561198268409319,0,0.5592042207717896,9,0.9666558694989238
76561198067095101,0,0.5847809314727783,9,0.9666558694989238
76561199248538967,0,0.9340860247612,9,0.9666558694989238
76561198093071757,0,0.7069968581199646,9,0.9666558694989238
76561198076834613,0,0.00478380499407649,9,0.9666558694989238
76561198102136196,0,0.1202634871006012,9,0.9666558694989238
76561199233659996,0,0.8034577965736389,9,0.9666558694989238
76561199178689264,0,0.002931139664724469,9,0.9666558694989238
76561199505673570,1,0.9789993762969971,9,0.9666558694989238
76561198075933299,0,0.8525876402854919,9,0.9666558694989238
76561199196135760,0,0.0509352870285511,9,0.9666558694989238
76561199013375188,0,0.0629410520195961,9,0.9666558694989238
76561197983921160,0,0.004668841604143381,9,0.9666558694989238
76561198017618657,0,0.7136712074279785,9,0.9666558694989238
76561198096625347,0,0.43850865960121155,9,0.9666558694989238
76561198419718951,0,0.9847846031188965,9,0.9666558694989238
76561198155598616,0,0.5820724368095398,9,0.9666558694989238
76561198023862243,0,0.0045849173329770565,9,0.9666558694989238
76561197968631292,0,0.0040581924840807915,9,0.9666558694989238
76561199152113984,0,0.5441023111343384,9,0.9666558694989238
76561198384485616,0,0.011742547154426575,9,0.9666558694989238
76561197980562452,0,0.9356058239936829,9,0.9666558694989238
76561199526566438,0,0.4828096926212311,9,0.9666558694989238
76561198377190393,0,0.7307720184326172,9,0.9666558694989238
76561198451694672,0,0.06842932105064392,9,0.9666558694989238
76561198834928057,0,0.011245928704738617,9,0.9666558694989238
76561198132120259,0,0.04931051284074783,9,0.9666558694989238
76561199131865858,0,0.5774325132369995,9,0.9666558694989238
76561199179058904,0,0.9784345030784607,9,0.9666558694989238
76561199241433378,0,0.006565586663782597,9,0.9666558694989238
76561197973320000,0,0.004498738795518875,9,0.9666558694989238
76561199205767433,0,0.003012340283021331,9,0.9666558694989238
76561198090714603,0,0.039552729576826096,9,0.9666558694989238
76561198257117732,0,0.004019434098154306,9,0.9666558694989238
76561198204712331,0,0.004713467787951231,9,0.9666558694989238
76561198014863767,0,0.005266439635306597,9,0.9666558694989238
76561198259511130,0,0.36211684346199036,9,0.9666558694989238
76561198307803737,0,0.931728720664978,9,0.9666558694989238
76561198287015777,0,0.005355221219360828,9,0.9666558694989238
76561199591384649,0,0.06045960634946823,9,0.9666558694989238
76561198066006281,0,0.5758228302001953,9,0.9666558694989238
76561199148050508,0,0.005574749782681465,9,0.9666558694989238
76561197983415527,0,0.03308534249663353,9,0.9666558694989238
76561198056658739,0,0.012274529784917831,9,0.9666558694989238
76561198788716951,0,0.11808867007493973,9,0.9666558694989238
76561199043323251,0,0.14565183222293854,9,0.9666558694989238
76561198872089607,0,0.008000590838491917,9,0.9666558694989238
76561199213844775,0,0.46354740858078003,9,0.9666558694989238
76561199479743746,0,0.0045097325928509235,9,0.9666558694989238
76561199082141030,0,0.018059799447655678,9,0.9666558694989238
76561198874689618,0,0.6834960579872131,9,0.9666558694989238
76561198358722464,0,0.006160803139209747,9,0.9666558694989238
76561198369613193,0,0.012531389482319355,9,0.9666558694989238
76561198035132369,0,0.004215592052787542,9,0.9666558694989238
76561198002356884,0,0.0370769128203392,9,0.9666558694989238
76561199754379886,0,0.004527409095317125,9,0.9666558694989238
76561199330298003,0,0.004909126553684473,9,0.9666558694989238
76561198810795654,0,0.09952574968338013,9,0.9666558694989238
76561199112763586,0,0.0044454787857830524,9,0.9666558694989238
76561198112294897,0,0.005079308990389109,9,0.9666558694989238
76561198044773299,0,0.0029862637165933847,9,0.9666558694989238
76561198882302085,1,0.5247456431388855,9,0.9666558694989238
76561199153389657,0,0.008161049336194992,9,0.9666558694989238
76561199123582009,0,0.003469228046014905,9,0.9666558694989238
76561198066017439,0,0.31390199065208435,9,0.9666558694989238
76561198307240072,0,0.0031941209454089403,9,0.9666558694989238
76561199236080548,1,0.9772411584854126,9,0.9666558694989238
76561198003642064,0,0.004262460395693779,9,0.9666558694989238
76561198089714174,0,0.013274487107992172,9,0.9666558694989238
76561199258889328,0,0.7424979209899902,9,0.9666558694989238
76561198314007030,0,0.010753697715699673,9,0.9666558694989238
76561198067217619,0,0.007731984835118055,9,0.9666558694989238
76561198891065581,0,0.0050781965255737305,9,0.9666558694989238
76561198806107070,0,0.04218614846467972,9,0.9666558694989238
76561198038900322,0,0.0033589110244065523,9,0.9666558694989238
76561198882355395,0,0.011476492509245872,9,0.9666558694989238
76561198403051575,0,0.4658120572566986,9,0.9666558694989238
76561198073779248,0,0.004611672833561897,9,0.9666558694989238
76561199175775290,0,0.05005103349685669,9,0.9666558694989238
76561199180042258,0,0.005357054993510246,9,0.9666558694989238
76561198872605288,0,0.0028456144500523806,9,0.9666558694989238
76561198085063332,0,0.006639162078499794,9,0.9666558694989238
76561198107996907,0,0.013019362464547157,9,0.9666558694989238
76561198434672881,0,0.052297983318567276,9,0.9666558694989238
76561198408323391,0,0.006989711429923773,9,0.9666558694989238
76561198043596436,0,0.005401809699833393,9,0.9666558694989238
76561199060105241,0,0.0030137901194393635,9,0.9666558694989238
76561198238963166,0,0.01524344552308321,9,0.9666558694989238
76561198124292408,0,0.06009345501661301,9,0.9666558694989238
76561199482438713,0,0.003903112141415477,9,0.9666558694989238
76561198801133617,0,0.012573755346238613,9,0.9666558694989238
76561198092506426,0,0.00495578907430172,9,0.9666558694989238
76561199361931998,0,0.003427686169743538,9,0.9666558694989238
76561198836215203,0,0.0176983829587698,9,0.9666558694989238
76561199151018158,0,0.0034571292344480753,9,0.9666558694989238
76561198103872150,0,0.8694005608558655,9,0.9666558694989238
76561198239061040,0,0.4205898940563202,9,0.9666558694989238
76561197972603130,0,0.766392707824707,9,0.9666558694989238
76561198392982665,0,0.7213804125785828,9,0.9666558694989238
76561198878497934,1,0.16495852172374725,9,0.9666558694989238
76561198179838479,0,0.03326926380395889,9,0.9666558694989238
76561199112130173,0,0.0030137901194393635,9,0.9666558694989238
76561198856521673,0,0.8709672689437866,9,0.9666558694989238
76561199662499823,0,0.006981475278735161,9,0.9666558694989238
76561198081287129,0,0.9147331714630127,9,0.9666558694989238
76561198351571294,0,0.8742375373840332,9,0.9666558694989238
76561198121000874,0,0.0037377080880105495,9,0.9666558694989238
76561198136057880,0,0.0031803136225789785,9,0.9666558694989238
76561198796250152,0,0.06206899881362915,9,0.9666558694989238
76561198129929903,0,0.008228934369981289,9,0.9666558694989238
76561199081762192,0,0.012218546122312546,9,0.9666558694989238
76561198042516768,0,0.5421314835548401,9,0.9666558694989238
76561198181448569,0,0.009194220416247845,9,0.9666558694989238
76561198158716339,0,0.6259474754333496,9,0.9666558694989238
76561198049076388,0,0.8748197555541992,9,0.9666558694989238
76561199016838314,0,0.4678175151348114,9,0.9666558694989238
76561198129736263,0,0.8704427480697632,9,0.9666558694989238
76561199214284442,1,0.9515538811683655,9,0.9666558694989238
76561198996797089,0,0.4857815206050873,9,0.9666558694989238
76561198068724684,0,0.009842794388532639,9,0.9666558694989238
76561198079466333,0,0.0030634081922471523,9,0.9666558694989238
76561198172826342,1,0.9739575982093811,9,0.9666558694989238
76561198404133997,0,0.7107027769088745,9,0.9666558694989238
76561199063688353,0,0.009538824670016766,9,0.9666558694989238
76561197971357455,0,0.004044127184897661,9,0.9666558694989238
76561197988650747,0,0.7548273205757141,9,0.9666558694989238
76561198171109475,0,0.7484365105628967,9,0.9666558694989238
76561199030401401,0,0.017737826332449913,9,0.9666558694989238
76561198289103615,0,0.0035914741456508636,9,0.9666558694989238
76561199598938072,0,0.006562312599271536,9,0.9666558694989238
76561199494866799,0,0.03228830173611641,9,0.9666558694989238
76561198048247815,0,0.041841309517621994,9,0.9666558694989238
76561199074680654,0,0.003524498315528035,9,0.9666558694989238
76561199467332695,1,0.9746570587158203,9,0.9666558694989238
76561198105399435,0,0.16137482225894928,9,0.9666558694989238
76561198087396506,0,0.24787314236164093,9,0.9666558694989238
76561199076793332,0,0.031219659373164177,9,0.9666558694989238
76561198805987212,0,0.01524159125983715,9,0.9666558694989238
76561199569316650,0,0.0028454482089728117,9,0.9666558694989238
76561199053226794,0,0.0145076559856534,9,0.9666558694989238
76561198817888287,0,0.007653405889868736,9,0.9666558694989238
76561199593662066,0,0.0030387595761567354,9,0.9666558694989238
76561198910163522,0,0.005348801147192717,9,0.9666558694989238
76561198178519462,0,0.003862714162096381,9,0.9666558694989238
76561197985517464,1,0.9540450572967529,9,0.9666558694989238
76561199505023129,0,0.020647484809160233,9,0.9666558694989238
76561199068524989,0,0.0361131951212883,9,0.9666558694989238
76561198940421644,0,0.004241200163960457,9,0.9666558694989238
76561198993609419,0,0.003311575623229146,9,0.9666558694989238
76561198414631005,0,0.004638529382646084,9,0.9666558694989238
76561198201762647,0,0.46207690238952637,9,0.9666558694989238
76561198401090273,0,0.003773511154577136,9,0.9666558694989238
76561199496404545,0,0.0033237889874726534,9,0.9666558694989238
76561198432801592,0,0.17342182993888855,9,0.9666558694989238
76561198051101891,0,0.02567550353705883,9,0.9666558694989238
76561199053573910,0,0.007199255749583244,9,0.9666558694989238
76561198869959294,0,0.003915818873792887,9,0.9666558694989238
76561198164076288,0,0.008862417191267014,9,0.9666558694989238
76561199230705009,1,0.9830299019813538,9,0.9666558694989238
76561199466480418,0,0.008310746401548386,9,0.9666558694989238
76561198999102130,0,0.011519371531903744,9,0.9666558694989238
76561197978453952,0,0.030341682955622673,9,0.9666558694989238
76561199058884241,0,0.005197862628847361,9,0.9666558694989238
76561198367000847,0,0.03818144276738167,9,0.9666558694989238
76561198064375608,0,0.004966116975992918,9,0.9666558694989238
76561198038646888,0,0.14278514683246613,9,0.9666558694989238
76561198068967809,0,0.03265516087412834,9,0.9666558694989238
76561199013542314,0,0.004424488637596369,9,0.9666558694989238
76561197991069419,0,0.007071876432746649,9,0.9666558694989238
76561198040979578,0,0.003971008118242025,9,0.9666558694989238
76561198362801411,0,0.005103353876620531,9,0.9666558694989238
76561198264838808,0,0.015185797587037086,9,0.9666558694989238
76561198077360906,0,0.0037495135329663754,9,0.9666558694989238
76561198832786094,0,0.06265851855278015,9,0.9666558694989238
76561197977696594,0,0.007473939098417759,9,0.9666558694989238
76561198026984679,0,0.04419727623462677,9,0.9666558694989238
76561199088725261,0,0.24359260499477386,9,0.9666558694989238
76561199087238413,0,0.008309335447847843,9,0.9666558694989238
76561198869338130,0,0.007608292158693075,9,0.9666558694989238
76561198063393800,0,0.007626387290656567,9,0.9666558694989238
76561198808762157,0,0.002861066022887826,9,0.9666558694989238
76561197960575032,0,0.01515896338969469,9,0.9666558694989238
76561199099514868,0,0.02175310254096985,9,0.9666558694989238
76561198046841904,0,0.7706559300422668,9,0.9666558694989238
76561197978275733,0,0.013293800875544548,9,0.9666558694989238
76561198054170042,0,0.0032355666626244783,9,0.9666558694989238
76561199049096550,0,0.003133551450446248,9,0.9666558694989238
76561198146485182,0,0.0038690196815878153,9,0.9666558694989238
76561198315502971,0,0.17915400862693787,9,0.9666558694989238
76561199217883967,0,0.015021287836134434,9,0.9666558694989238
76561198355729926,0,0.01369523536413908,9,0.9666558694989238
76561198064165862,0,0.9537646174430847,9,0.9666558694989238
76561199029628727,0,0.012531389482319355,9,0.9666558694989238
76561198126355780,0,0.8417360186576843,9,0.9666558694989238
76561198005673744,0,0.030394265428185463,9,0.9666558694989238
76561199076387801,0,0.010179713368415833,9,0.9666558694989238
76561198835021546,0,0.03855080530047417,9,0.9666558694989238
76561198076688648,0,0.020356224849820137,9,0.9666558694989238
76561198248305506,0,0.33598870038986206,9,0.9666558694989238
76561198286716143,0,0.02256389893591404,9,0.9666558694989238
76561198076819119,0,0.0038435552269220352,9,0.9666558694989238
76561198272891352,0,0.03003535233438015,9,0.9666558694989238
76561198060624270,0,0.9182164669036865,9,0.9666558694989238
76561197965366239,1,0.9849669337272644,9,0.9666558694989238
76561198347778224,0,0.0097299600020051,9,0.9666558694989238
76561198292435735,0,0.007409891579300165,9,0.9666558694989238
76561198041864359,0,0.0049095130525529385,9,0.9666558694989238
76561198061132692,0,0.00835067592561245,9,0.9666558694989238
76561199168942675,0,0.004694669507443905,9,0.9666558694989238
76561199233074551,0,0.026798216626048088,9,0.9666558694989238
76561198360788002,0,0.004282114561647177,9,0.9666558694989238
76561198382264841,0,0.045495226979255676,9,0.9666558694989238
76561198073028739,0,0.05545112118124962,9,0.9666558694989238
76561198146214351,0,0.7421212196350098,9,0.9666558694989238
76561199488617266,0,0.14602236449718475,9,0.9666558694989238
76561198336045080,0,0.01727830246090889,9,0.9666558694989238
76561198121595946,0,0.49140381813049316,9,0.9666558694989238
76561198214679276,0,0.9287021160125732,9,0.9666558694989238
76561198367734788,0,0.17098161578178406,9,0.9666558694989238
76561198296791430,0,0.002944129751995206,9,0.9666558694989238
76561198161479731,0,0.004768234211951494,9,0.9666558694989238
76561199173910345,0,0.009011460468173027,9,0.9666558694989238
76561199069798697,1,0.9788773655891418,9,0.9666558694989238
76561199005115633,0,0.004762596450746059,9,0.9666558694989238
76561198079833278,0,0.9679178595542908,9,0.9666558694989238
76561199175384027,1,0.9871245622634888,9,0.9666558694989238
76561199169202833,1,0.3468512296676636,9,0.9666558694989238
76561199336873051,0,0.003545180894434452,9,0.9666558694989238
76561199062023669,0,0.007089322432875633,9,0.9666558694989238
76561198166678188,0,0.008155210874974728,9,0.9666558694989238
76561199385698117,0,0.009408624842762947,9,0.9666558694989238
76561198296587944,0,0.00478380499407649,9,0.9666558694989238
76561198890338256,0,0.012364862486720085,9,0.9666558694989238
76561198093949631,1,0.9624860882759094,9,0.9666558694989238
76561197997535556,0,0.004161558113992214,9,0.9666558694989238
76561198285655246,0,0.013605610467493534,9,0.9666558694989238
76561198230034948,0,0.006748658139258623,9,0.9666558694989238
76561199102495543,0,0.005272833630442619,9,0.9666558694989238
76561198319820119,0,0.005376833025366068,9,0.9666558694989238
76561199351945103,0,0.9722641706466675,9,0.9666558694989238
76561198082710118,0,0.004145944956690073,9,0.9666558694989238
76561198164903024,0,0.033895041793584824,9,0.9666558694989238
76561198255062933,0,0.004519841633737087,9,0.9666558694989238
76561198037256939,0,0.003296211361885071,9,0.9666558694989238
76561198043951722,0,0.005353189539164305,9,0.9666558694989238
76561199805553108,0,0.0033156543504446745,9,0.9666558694989238
76561198260267689,0,0.07410586625337601,9,0.9666558694989238
76561198034191313,1,0.8652674555778503,9,0.9666558694989238
76561198929250127,0,0.0028454482089728117,9,0.9666558694989238
76561198237374062,0,0.0034049740061163902,9,0.9666558694989238
76561198135603320,0,0.004113742616027594,9,0.9666558694989238
76561197991175721,0,0.003682712558656931,9,0.9666558694989238
76561198408705765,0,0.0073625766672194,9,0.9666558694989238
76561198054942350,0,0.9028404951095581,9,0.9666558694989238
76561199017169068,0,0.005030186381191015,9,0.9666558694989238
76561198043707350,0,0.0034431181848049164,9,0.9666558694989238
76561198119694011,0,0.11391694843769073,9,0.9666558694989238
76561198891008064,0,0.00364027195610106,9,0.9666558694989238
76561199046049948,0,0.00472891004756093,9,0.9666558694989238
76561199522317782,0,0.0030387595761567354,9,0.9666558694989238
76561198826558971,0,0.006391517352312803,9,0.9666558694989238
76561198978314317,0,0.06128766015172005,9,0.9666558694989238
76561198212709589,0,0.055206622928380966,9,0.9666558694989238
76561198369217425,0,0.00537469144910574,9,0.9666558694989238
76561199211120407,0,0.03912994638085365,9,0.9666558694989238
76561198088944810,0,0.18240761756896973,9,0.9666558694989238
76561198019158707,0,0.0048501803539693356,9,0.9666558694989238
76561198851509045,1,0.9735310077667236,9,0.9666558694989238
76561198095368699,0,0.02854204922914505,9,0.9666558694989238
76561197987033201,0,0.820245623588562,9,0.9666558694989238
76561199129656905,0,0.004485798999667168,9,0.9666558694989238
76561198272294963,0,0.7979028224945068,9,0.9666558694989238
76561198211146705,0,0.0950450748205185,9,0.9666558694989238
76561198096123849,1,0.7349526286125183,9,0.9666558694989238
76561197978209396,0,0.7879786491394043,9,0.9666558694989238
76561198451536821,0,0.9183962941169739,9,0.9666558694989238
76561198065449936,0,0.015324756503105164,9,0.9666558694989238
76561199237944275,0,0.2582961618900299,9,0.9666558694989238
76561198037059958,0,0.012322606518864632,9,0.9666558694989238
76561198079491146,0,0.020627910271286964,9,0.9666558694989238
76561198040282045,0,0.7773729562759399,9,0.9666558694989238
76561197989655493,0,0.9214677810668945,9,0.9666558694989238
76561198007709957,0,0.018364865332841873,9,0.9666558694989238
76561198189056325,0,0.09667447954416275,9,0.9666558694989238
76561199522460676,0,0.019035188481211662,9,0.9666558694989238
76561198169968582,0,0.49254488945007324,9,0.9666558694989238
76561198305494794,0,0.7665219306945801,9,0.9666558694989238
76561198264935652,0,0.920414924621582,9,0.9666558694989238
76561198174233038,0,0.003934923093765974,9,0.9666558694989238
76561199049808282,0,0.00788781139999628,9,0.9666558694989238
76561198152374845,0,0.04677727818489075,9,0.9666558694989238
76561198084540098,0,0.771096408367157,9,0.9666558694989238
76561198271153174,0,0.04820698872208595,9,0.9666558694989238
76561199416046502,0,0.0039939722046256065,9,0.9666558694989238
76561198035991855,0,0.0034911923576146364,9,0.9666558694989238
76561198388327415,0,0.00603307643905282,9,0.9666558694989238
76561199153901870,0,0.9627655744552612,9,0.9666558694989238
76561198152773383,0,0.007000025827437639,9,0.9666558694989238
76561198082100562,0,0.008384441025555134,9,0.9666558694989238
76561198387226487,0,0.008928574621677399,9,0.9666558694989238
76561198880717814,1,0.9797002673149109,9,0.9666558694989238
76561198350918127,0,0.6369004845619202,9,0.9666558694989238
76561198992716662,0,0.9780563116073608,9,0.9666558694989238
76561198107219367,0,0.02637907862663269,9,0.9666558694989238
76561199452955573,0,0.1234889030456543,9,0.9666558694989238
76561198822250505,0,0.36352649331092834,9,0.9666558694989238
76561199032367832,0,0.002861066022887826,9,0.9666558694989238
76561199173602836,0,0.6022760272026062,9,0.9666558694989238
76561197989219307,0,0.008169290609657764,9,0.9666558694989238
76561199088639118,0,0.2625167965888977,9,0.9666558694989238
76561198070728734,0,0.0032495278865098953,9,0.9666558694989238
76561197968156101,0,0.20013009011745453,9,0.9666558694989238
76561198959505655,0,0.010247237980365753,9,0.9666558694989238
76561199122153600,0,0.318165123462677,9,0.9666558694989238
76561198241360014,0,0.010549308732151985,9,0.9666558694989238
76561198045749626,0,0.8514110445976257,9,0.9666558694989238
76561199225623434,0,0.030738508328795433,9,0.9666558694989238
76561198824062393,0,0.007996962405741215,9,0.9666558694989238
76561198971337492,0,0.002861066022887826,9,0.9666558694989238
76561199011252919,0,0.002850285032764077,9,0.9666558694989238
76561198264260262,0,0.010279483161866665,9,0.9666558694989238
76561198218809987,0,0.04400623217225075,9,0.9666558694989238
76561199509138796,1,0.9802455306053162,9,0.9666558694989238
76561198004605940,0,0.004048108588904142,9,0.9666558694989238
76561199082565219,0,0.01833699271082878,9,0.9666558694989238
76561198052324108,0,0.02770719863474369,9,0.9666558694989238
76561197970392782,0,0.0036554120015352964,9,0.9666558694989238
76561198259910136,0,0.004526693373918533,9,0.9666558694989238
76561198813011910,0,0.0075379349291324615,9,0.9666558694989238
76561198345488496,0,0.019792957231402397,9,0.9666558694989238
76561198098277388,0,0.0056845215149223804,9,0.9666558694989238
76561199147585869,0,0.004368630703538656,9,0.9666558694989238
76561198165258702,0,0.003965442534536123,9,0.9666558694989238
76561198163742621,0,0.011615916155278683,9,0.9666558694989238
76561198263748770,0,0.006664459593594074,9,0.9666558694989238
76561198177846325,0,0.3243170976638794,9,0.9666558694989238
76561198410890834,0,0.04757191985845566,9,0.9666558694989238
76561197963176785,0,0.04269983619451523,9,0.9666558694989238
76561199190475295,0,0.08966957777738571,9,0.9666558694989238
76561198353786185,0,0.0353783555328846,9,0.9666558694989238
76561198964022439,0,0.007208972703665495,9,0.9666558694989238
76561198070868405,0,0.008156966418027878,9,0.9666558694989238
76561198032981882,0,0.0036090738140046597,9,0.9666558694989238
76561199221622202,0,0.00472891004756093,9,0.9666558694989238
76561198154763349,0,0.004885924980044365,9,0.9666558694989238
76561198016045428,0,0.006816135253757238,9,0.9666558694989238
76561199100128231,0,0.018930481746792793,9,0.9666558694989238
76561198027106340,0,0.19352251291275024,9,0.9666558694989238
76561198094069360,0,0.0062456289306283,9,0.9666558694989238
76561198095668505,0,0.04545043408870697,9,0.9666558694989238
76561198825728409,0,0.11591893434524536,9,0.9666558694989238
76561198929136273,1,0.9860601425170898,9,0.9666558694989238
76561198142704027,0,0.009199795313179493,9,0.9666558694989238
76561198048481104,0,0.19374603033065796,9,0.9666558694989238
76561198871726030,0,0.005102196708321571,9,0.9666558694989238
76561198015657736,0,0.005541596561670303,9,0.9666558694989238
76561199039800485,0,0.020319638773798943,9,0.9666558694989238
76561198094822427,0,0.0029589845798909664,9,0.9666558694989238
76561198088199432,1,0.9753021597862244,9,0.9666558694989238
76561198196951502,0,0.015546859242022038,9,0.9666558694989238
76561198006840087,0,0.017024675384163857,9,0.9666558694989238
76561198009448365,0,0.9222532510757446,9,0.9666558694989238
76561199182241329,0,0.12316407263278961,9,0.9666558694989238
76561198261901191,0,0.08387546986341476,9,0.9666558694989238
76561199208090662,0,0.14957085251808167,9,0.9666558694989238
76561198295687277,0,0.808763325214386,9,0.9666558694989238
76561198811854395,0,0.004730939399451017,9,0.9666558694989238
76561198052486389,0,0.08742964267730713,9,0.9666558694989238
76561198390886439,1,0.9803406000137329,9,0.9666558694989238
76561199048239085,0,0.003628012491390109,9,0.9666558694989238
76561199467552297,0,0.002884803805500269,9,0.9666558694989238
76561198222793744,1,0.9769076108932495,9,0.9666558694989238
76561198369473022,0,0.1426832228899002,9,0.9666558694989238
76561199067505171,0,0.007010095752775669,9,0.9666558694989238
76561198833035439,0,0.0032233851961791515,9,0.9666558694989238
76561198118387986,0,0.03532387316226959,9,0.9666558694989238
76561198122683824,0,0.07720918208360672,9,0.9666558694989238
76561198027912353,0,0.008632548153400421,9,0.9666558694989238
76561198116347900,0,0.9455809593200684,9,0.9666558694989238
76561198061107826,0,0.9119919538497925,9,0.9666558694989238
76561198047092323,0,0.005802763160318136,9,0.9666558694989238
76561199069865352,0,0.004325000569224358,9,0.9666558694989238
76561198238744812,0,0.8714519739151001,9,0.9666558694989238
76561198024043444,0,0.007070242892950773,9,0.9666558694989238
76561198113723580,0,0.00440792553126812,9,0.9666558694989238
76561198040017110,0,0.0037346412427723408,9,0.9666558694989238
76561198111041551,0,0.024108968675136566,9,0.9666558694989238
76561198026637703,0,0.24403263628482819,9,0.9666558694989238
76561198071550633,0,0.014822719618678093,9,0.9666558694989238
76561198317246434,0,0.704736590385437,9,0.9666558694989238
76561198023840117,0,0.7203294634819031,9,0.9666558694989238
76561199215535954,0,0.0043893237598240376,9,0.9666558694989238
76561198303092133,0,0.8428449034690857,9,0.9666558694989238
76561198202004209,0,0.5316426753997803,9,0.9666558694989238
76561199073383490,0,0.006512918509542942,9,0.9666558694989238
76561198435971815,0,0.004068247973918915,9,0.9666558694989238
76561199047806111,1,0.9737343788146973,9,0.9666558694989238
76561199084270839,0,0.004042468033730984,9,0.9666558694989238
76561198035561872,0,0.005872588604688644,9,0.9666558694989238
76561198201168915,0,0.003993408754467964,9,0.9666558694989238
76561198035568121,0,0.004206943791359663,9,0.9666558694989238
76561198060399680,0,0.9039883017539978,9,0.9666558694989238
76561198030760943,0,0.003654561238363385,9,0.9666558694989238
76561198300594970,0,0.0037019727751612663,9,0.9666558694989238
76561198334734969,0,0.010813872329890728,9,0.9666558694989238
76561197974863084,0,0.005849178414791822,9,0.9666558694989238
76561198197394310,0,0.01133390050381422,9,0.9666558694989238
76561198178166101,0,0.004595680627971888,9,0.9666558694989238
76561199559017493,0,0.0039585004560649395,9,0.9666558694989238
76561199034476951,0,0.01538082491606474,9,0.9666558694989238
76561198392403909,0,0.21030549705028534,9,0.9666558694989238
76561199175066975,0,0.004145041108131409,9,0.9666558694989238
76561198300528251,0,0.20017600059509277,9,0.9666558694989238
76561198373661673,0,0.0029589845798909664,9,0.9666558694989238
76561198015219852,0,0.005247245542705059,9,0.9666558694989238
76561198031727243,0,0.004851089790463448,9,0.9666558694989238
76561198083980285,0,0.09337569773197174,9,0.9666558694989238
76561198179879062,0,0.004290012642741203,9,0.9666558694989238
76561198431131185,0,0.004041185602545738,9,0.9666558694989238
76561198326747622,0,0.00542921107262373,9,0.9666558694989238
76561199095167166,0,0.009595186449587345,9,0.9666558694989238
76561198057230215,0,0.6351830363273621,9,0.9666558694989238
76561199121199307,0,0.006811246275901794,9,0.9666558694989238
76561199083269979,0,0.03261160850524902,9,0.9666558694989238
76561199013353765,0,0.004236702341586351,9,0.9666558694989238
76561199039422015,0,0.011759956367313862,9,0.9666558694989238
76561199072106761,0,0.003781047184020281,9,0.9666558694989238
76561198334272627,0,0.4833771288394928,9,0.9666558694989238
76561198116595166,0,0.006711153779178858,9,0.9666558694989238
76561199228232086,0,0.42868199944496155,9,0.9666558694989238
76561198396513147,0,0.030603934079408646,9,0.9666558694989238
76561198163955156,0,0.003987770061939955,9,0.9666558694989238
76561199230760242,0,0.004665744490921497,9,0.9666558694989238
76561199310467879,0,0.007413459476083517,9,0.9666558694989238
76561199683917183,0,0.22790400683879852,9,0.9666558694989238
76561198880968002,0,0.011275362223386765,9,0.9666558694989238
76561199241703466,0,0.003644724376499653,9,0.9666558694989238
76561198340620023,0,0.47437959909439087,9,0.9666558694989238
76561199146863607,0,0.03418586775660515,9,0.9666558694989238
76561197983242516,0,0.004626697860658169,9,0.9666558694989238
76561198802868536,0,0.10987003147602081,9,0.9666558694989238
76561198355842038,0,0.5015954375267029,9,0.9666558694989238
76561199017323127,0,0.047075700014829636,9,0.9666558694989238
76561198926263978,0,0.02372664399445057,9,0.9666558694989238
76561198093137518,0,0.006279485300183296,9,0.9666558694989238
76561199336440958,0,0.08856454491615295,9,0.9666558694989238
76561199428767484,0,0.003628012491390109,9,0.9666558694989238
76561199169137156,0,0.0029911519959568977,9,0.9666558694989238
76561197994218809,0,0.003921815659850836,9,0.9666558694989238
76561198067323872,0,0.032849330455064774,9,0.9666558694989238
76561198061980197,0,0.006200096104294062,9,0.9666558694989238
76561198404828017,0,0.02911805547773838,9,0.9666558694989238
76561199160001968,0,0.006319183856248856,9,0.9666558694989238
76561198136427614,0,0.015739377588033676,9,0.9666558694989238
76561199013811718,0,0.003681363770738244,9,0.9666558694989238
76561199793404404,0,0.003208791371434927,9,0.9666558694989238
76561198350077966,0,0.004855182487517595,9,0.9666558694989238
76561198263546184,0,0.011950778774917126,9,0.9666558694989238
76561198345134630,0,0.6938836574554443,9,0.9666558694989238
76561198168819557,0,0.9790837168693542,9,0.9666558694989238
76561198063388545,0,0.786267101764679,9,0.9666558694989238
76561198986969400,0,0.9655017852783203,9,0.9666558694989238
76561199083129817,0,0.03770472854375839,9,0.9666558694989238
76561198910264937,0,0.8324800729751587,9,0.9666558694989238
76561198064684650,0,0.9437633156776428,9,0.9666558694989238
76561199299232727,0,0.704465925693512,9,0.9666558694989238
76561198119583991,0,0.9625621438026428,9,0.9666558694989238
76561198125823902,0,0.0032958085648715496,9,0.9666558694989238
76561199271891588,0,0.015003975480794907,9,0.9666558694989238
76561199790823828,0,0.003434777492657304,9,0.9666558694989238
76561199481427982,0,0.0037199093494564295,9,0.9666558694989238
76561198043591192,0,0.0033407772425562143,9,0.9666558694989238
76561199277188510,0,0.020041603595018387,9,0.9666558694989238
76561198140787525,0,0.012977329082787037,9,0.9666558694989238
76561198023278001,0,0.3680867552757263,9,0.9666558694989238
76561198169937205,0,0.003101794281974435,9,0.9666558694989238
76561198831493102,0,0.009365932084619999,9,0.9666558694989238
76561198290273847,0,0.9561803936958313,9,0.9666558694989238
76561199064095434,0,0.002861066022887826,9,0.9666558694989238
76561198095269627,0,0.027128390967845917,9,0.9666558694989238
76561198116809919,0,0.9443619847297668,9,0.9666558694989238
76561198083932921,0,0.9586085677146912,9,0.9666558694989238
76561198335499974,0,0.2452518790960312,9,0.9666558694989238
76561198143171058,0,0.0063080252148211,9,0.9666558694989238
76561198062627954,1,0.3344481587409973,9,0.9666558694989238
76561198033239936,0,0.15797026455402374,9,0.9666558694989238
76561198257201950,0,0.3619133532047272,9,0.9666558694989238
76561199386605601,0,0.015387396328151226,9,0.9666558694989238
76561197960597594,0,0.04845821484923363,9,0.9666558694989238
76561198324933868,0,0.003555042203515768,9,0.9666558694989238
76561199400197088,0,0.005120949354022741,9,0.9666558694989238
76561199200198632,0,0.7594624757766724,9,0.9666558694989238
76561198055519746,0,0.9552110433578491,9,0.9666558694989238
76561199560380137,0,0.9314090609550476,9,0.9666558694989238
76561198837038180,0,0.023004479706287384,9,0.9666558694989238
76561198236782922,0,0.003468606388196349,9,0.9666558694989238
76561198153574780,0,0.004749095067381859,9,0.9666558694989238
76561198273773659,0,0.00533905066549778,9,0.9666558694989238
76561197965402583,0,0.5628146529197693,9,0.9666558694989238
76561198170279814,0,0.01340625248849392,9,0.9666558694989238
76561199122070423,0,0.010908545926213264,9,0.9666558694989238
76561199544774636,0,0.06369529664516449,9,0.9666558694989238
76561198276408147,0,0.6848355531692505,9,0.9666558694989238
76561198139436471,0,0.02741592936217785,9,0.9666558694989238
76561199068724987,0,0.8662158846855164,9,0.9666558694989238
76561198167641310,0,0.006676266435533762,9,0.9666558694989238
76561199162276842,0,0.9300797581672668,9,0.9666558694989238
76561198304088954,0,0.01216969545930624,9,0.9666558694989238
76561199202446198,0,0.003594989189878106,9,0.9666558694989238
76561198394930510,1,0.9796745181083679,9,0.9666558694989238
76561198027551802,0,0.8575411438941956,9,0.9666558694989238
76561199155098189,0,0.24491991102695465,9,0.9666558694989238
76561198812139238,0,0.004366277251392603,9,0.9666558694989238
76561199443993475,0,0.06760741025209427,9,0.9666558694989238
76561198965950256,0,0.12338446825742722,9,0.9666558694989238
76561198065317210,0,0.7312957644462585,9,0.9666558694989238
76561199202009850,0,0.4930705428123474,9,0.9666558694989238
76561198058378121,0,0.015039458870887756,9,0.9666558694989238
76561199229545660,0,0.005085351876914501,9,0.9666558694989238
76561198116773158,0,0.003807325381785631,9,0.9666558694989238
76561199475274661,0,0.0029911519959568977,9,0.9666558694989238
76561198440832877,0,0.01999206282198429,9,0.9666558694989238
76561198836108664,0,0.0034368212800472975,9,0.9666558694989238
76561199080166465,0,0.00367487920448184,9,0.9666558694989238
76561199516479571,1,0.9748298525810242,9,0.9666558694989238
76561198064649181,0,0.19194938242435455,9,0.9666558694989238
76561198405993977,0,0.030538098886609077,9,0.9666558694989238
76561199698730691,0,0.03698897734284401,9,0.9666558694989238
76561198343162699,0,0.01189285609871149,9,0.9666558694989238
76561199181998435,0,0.0033707446418702602,9,0.9666558694989238
76561198253309205,0,0.008499206975102425,9,0.9666558694989238
76561198356734234,0,0.006411705631762743,9,0.9666558694989238
76561199525593433,0,0.007309725973755121,9,0.9666558694989238
76561198414863929,0,0.003434777492657304,9,0.9666558694989238
76561198823557742,0,0.003628012491390109,9,0.9666558694989238
76561198264089689,0,0.00472533842548728,9,0.9666558694989238
76561198027328901,0,0.013399682007730007,9,0.9666558694989238
76561197964226202,0,0.002968849614262581,9,0.9666558694989238
76561199348173683,0,0.038486216217279434,9,0.9666558694989238
76561199212898071,0,0.02524310164153576,9,0.9666558694989238
76561199021693604,0,0.0029311671387404203,9,0.9666558694989238
76561199496868962,0,0.0077949510887265205,9,0.9666558694989238
76561199124635176,0,0.006443836726248264,9,0.9666558694989238
76561198060317198,0,0.024209756404161453,9,0.9666558694989238
76561199486186141,0,0.008580470457673073,9,0.9666558694989238
76561198051808317,0,0.0035891691222786903,9,0.9666558694989238
76561198216378337,0,0.0434177964925766,9,0.9666558694989238
76561198278342763,0,0.0041971406899392605,9,0.9666558694989238
76561198064213949,0,0.004530381411314011,9,0.9666558694989238
76561198431561203,0,0.006204251665621996,9,0.9666558694989238
76561198273938098,0,0.00834480207413435,9,0.9666558694989238
76561197971641349,0,0.003875954309478402,9,0.9666558694989238
76561198278266419,0,0.009531709365546703,9,0.9666558694989238
76561199162967777,0,0.009233086369931698,9,0.9666558694989238
76561198868163053,0,0.011297822929918766,9,0.9666558694989238
76561198038446316,0,0.07453898340463638,9,0.9666558694989238
76561198287845490,1,0.9803825616836548,9,0.9666558694989238
76561199195025420,0,0.00472891004756093,9,0.9666558694989238
76561198845746263,0,0.5468068718910217,9,0.9666558694989238
76561198293368531,0,0.005667222663760185,9,0.9666558694989238
76561198283241324,0,0.0031694271601736546,9,0.9666558694989238
76561198255316314,0,0.7246730327606201,9,0.9666558694989238
76561198262779869,0,0.009620086289942265,9,0.9666558694989238
76561198009920403,0,0.05630035325884819,9,0.9666558694989238
76561198112879102,0,0.04220494255423546,9,0.9666558694989238
76561197986075332,0,0.504551887512207,9,0.9666558694989238
76561199433530120,0,0.011887971311807632,9,0.9666558694989238
76561197988175364,0,0.914276123046875,9,0.9666558694989238
76561199134497834,0,0.9708287715911865,9,0.9666558694989238
76561198133736516,0,0.8607514500617981,9,0.9666558694989238
76561198142602927,0,0.007448302116245031,9,0.9666558694989238
76561198446301670,0,0.48509350419044495,9,0.9666558694989238
76561198017914977,0,0.08644677698612213,9,0.9666558694989238
76561199574536242,0,0.003012340283021331,9,0.9666558694989238
76561198047894795,0,0.004992527887225151,9,0.9666558694989238
76561198071724214,0,0.6353691220283508,9,0.9666558694989238
76561199049371378,0,0.1639515906572342,9,0.9666558694989238
76561198027250970,0,0.06348651647567749,9,0.9666558694989238
76561198038759677,0,0.021206991747021675,9,0.9666558694989238
76561199122232648,0,0.44567155838012695,9,0.9666558694989238
76561199215230729,0,0.003354207146912813,9,0.9666558694989238
76561199062810381,0,0.004291629884392023,9,0.9666558694989238
76561198022190329,0,0.7884095311164856,9,0.9666558694989238
76561198337876166,0,0.0034533364232629538,9,0.9666558694989238
76561198058467577,0,0.9651691913604736,9,0.9666558694989238
76561199164615452,0,0.0031905611976981163,9,0.9666558694989238
76561198111231647,0,0.06197093799710274,9,0.9666558694989238
76561198013058648,0,0.38188672065734863,9,0.9666558694989238
76561199437343301,0,0.003701629815623164,9,0.9666558694989238
76561198451124315,0,0.058085110038518906,9,0.9666558694989238
76561198132619347,0,0.0033258714247494936,9,0.9666558694989238
76561198024921435,0,0.005619514267891645,9,0.9666558694989238
76561199187611291,0,0.17186099290847778,9,0.9666558694989238
76561199238420795,0,0.0030137901194393635,9,0.9666558694989238
76561198088738174,0,0.07994437217712402,9,0.9666558694989238
76561198059979861,0,0.36881133913993835,9,0.9666558694989238
76561198297300976,0,0.00478380499407649,9,0.9666558694989238
76561199108885192,0,0.6822781562805176,9,0.9666558694989238
76561198033431815,0,0.03814235329627991,9,0.9666558694989238
76561199027335719,0,0.032572850584983826,9,0.9666558694989238
76561199038522097,0,0.0038747249636799097,9,0.9666558694989238
76561198930731386,0,0.004793794825673103,9,0.9666558694989238
76561198805558141,0,0.016759885475039482,9,0.9666558694989238
76561199101979043,0,0.006347072776407003,9,0.9666558694989238
76561198087110268,0,0.006756880786269903,9,0.9666558694989238
76561198832660734,0,0.004444238729774952,9,0.9666558694989238
76561198052334689,0,0.0036416363436728716,9,0.9666558694989238
76561198819612497,0,0.003403739770874381,9,0.9666558694989238
76561198057099621,0,0.010552914813160896,9,0.9666558694989238
76561198338162538,0,0.00377938081510365,9,0.9666558694989238
76561198115757764,0,0.028052490204572678,9,0.9666558694989238
76561198349767010,0,0.10390269011259079,9,0.9666558694989238
76561199120828164,0,0.04848909750580788,9,0.9666558694989238
76561198315663605,0,0.003273108508437872,9,0.9666558694989238
76561199809723139,0,0.01175329927355051,9,0.9666558694989238
76561198980677666,0,0.004314800724387169,9,0.9666558694989238
76561199011358201,0,0.004770180676132441,9,0.9666558694989238
76561198240586856,0,0.0035891691222786903,9,0.9666558694989238
76561198417064884,0,0.0037566449027508497,9,0.9666558694989238
76561198332077635,0,0.6827974915504456,9,0.9666558694989238
76561199274362350,0,0.003843449056148529,9,0.9666558694989238
76561198031445246,0,0.003375964006409049,9,0.9666558694989238
76561199662932554,1,0.9859328866004944,9,0.9666558694989238
76561198848331621,0,0.09371501207351685,9,0.9666558694989238
76561198029628781,0,0.009748514741659164,9,0.9666558694989238
76561199047315761,0,0.046392105519771576,9,0.9666558694989238
76561198411302934,0,0.03233104571700096,9,0.9666558694989238
76561198185818439,0,0.006173349916934967,9,0.9666558694989238
76561198996549960,0,0.4669976234436035,9,0.9666558694989238
76561199445308618,0,0.03618687763810158,9,0.9666558694989238
76561197974005705,0,0.004018321633338928,9,0.9666558694989238
76561198077239499,0,0.06338973343372345,9,0.9666558694989238
76561198984574695,0,0.008843283168971539,9,0.9666558694989238
76561198011348562,0,0.0035630250349640846,9,0.9666558694989238
76561198257358629,0,0.016965052112936974,9,0.9666558694989238
76561198094526513,0,0.006766779348254204,9,0.9666558694989238
76561198374858604,0,0.0030137901194393635,9,0.9666558694989238
76561199136645501,0,0.007038825657218695,9,0.9666558694989238
76561199361126941,0,0.002987002255395055,9,0.9666558694989238
76561199407339331,0,0.0031123191583901644,9,0.9666558694989238
76561198166209509,0,0.020944396033883095,9,0.9666558694989238
76561198055439442,0,0.00437866011634469,9,0.9666558694989238
76561198452787496,0,0.003639047499746084,9,0.9666558694989238
76561198024760228,0,0.08255499601364136,9,0.9666558694989238
76561199241464179,0,0.008642948232591152,9,0.9666558694989238
76561198370143518,0,0.003140063025057316,9,0.9666558694989238
76561199324359646,0,0.06961219757795334,9,0.9666558694989238
76561198394741359,0,0.0029911519959568977,9,0.9666558694989238
76561199058490271,0,0.003628012491390109,9,0.9666558694989238
76561199219641348,0,0.016190487891435623,9,0.9666558694989238
76561199501018000,0,0.018501484766602516,9,0.9666558694989238
76561198251218178,0,0.23603413999080658,9,0.9666558694989238
76561197991682870,0,0.0116896266117692,9,0.9666558694989238
76561199406255972,0,0.007145853713154793,9,0.9666558694989238
76561198118996595,0,0.008262734860181808,9,0.9666558694989238
76561199112984186,0,0.004255144391208887,9,0.9666558694989238
76561199381072944,0,0.004372789524495602,9,0.9666558694989238
76561199011139168,0,0.004520592279732227,9,0.9666558694989238
76561198023317053,0,0.011163457296788692,9,0.9666558694989238
76561198081602952,0,0.015648847445845604,9,0.9666558694989238
76561198014520654,0,0.7825948596000671,9,0.9666558694989238
76561198134067238,0,0.09389130771160126,9,0.9666558694989238
76561198023099038,0,0.41750481724739075,9,0.9666558694989238
76561198083614603,1,0.9824553728103638,9,0.9666558694989238
76561198202204624,0,0.7834574580192566,9,0.9666558694989238
76561198061023754,0,0.6877071857452393,9,0.9666558694989238
76561198193449593,0,0.053877029567956924,9,0.9666558694989238
76561199199927532,0,0.5606554746627808,9,0.9666558694989238
76561198338679657,0,0.792201578617096,9,0.9666558694989238
76561198009913594,0,0.04144703969359398,9,0.9666558694989238
76561199103388898,0,0.005375461187213659,9,0.9666558694989238
76561198104499829,0,0.545183002948761,9,0.9666558694989238
76561198187845953,0,0.0038072350434958935,9,0.9666558694989238
76561198000790509,0,0.011237098835408688,9,0.9666558694989238
76561199000954525,0,0.1638825684785843,9,0.9666558694989238
76561198797343877,0,0.010312816128134727,9,0.9666558694989238
76561198368704030,0,0.03318803384900093,9,0.9666558694989238
76561198982294075,0,0.00454503670334816,9,0.9666558694989238
76561197979147226,0,0.5800266265869141,9,0.9666558694989238
76561198013475637,0,0.7901926636695862,9,0.9666558694989238
76561197985753696,0,0.7107669115066528,9,0.9666558694989238
76561198133346517,0,0.05558055266737938,9,0.9666558694989238
76561198197096414,0,0.8108252286911011,9,0.9666558694989238
76561199155018786,1,0.92946857213974,9,0.9666558694989238
76561198314016405,0,0.003994637634605169,9,0.9666558694989238
76561197986305012,0,0.011216084472835064,9,0.9666558694989238
76561198313913928,0,0.0037291208282113075,9,0.9666558694989238
76561199122384951,0,0.040275637060403824,9,0.9666558694989238
76561198110703347,0,0.006839108187705278,9,0.9666558694989238
76561198064615764,0,0.5285378694534302,9,0.9666558694989238
76561199021274378,0,0.029755540192127228,9,0.9666558694989238
76561198141168032,0,0.0035616559907794,9,0.9666558694989238
76561198026959862,0,0.01602526754140854,9,0.9666558694989238
76561198976978360,0,0.004387866239994764,9,0.9666558694989238
76561198332242259,0,0.010081155225634575,9,0.9666558694989238
76561197964408374,0,0.7185534834861755,9,0.9666558694989238
76561198062616456,0,0.005672034807503223,9,0.9666558694989238
76561199131290088,1,0.9651873111724854,9,0.9666558694989238
76561199803361324,0,0.003266618587076664,9,0.9666558694989238
76561198105886638,0,0.005672034807503223,9,0.9666558694989238
76561198044449482,0,0.0040743653662502766,9,0.9666558694989238
76561199443507197,0,0.003697659820318222,9,0.9666558694989238
76561198168979615,0,0.01207964401692152,9,0.9666558694989238
76561198188397619,0,0.005204914603382349,9,0.9666558694989238
76561199042718324,0,0.2996387779712677,9,0.9666558694989238
76561198123299123,0,0.06580265611410141,9,0.9666558694989238
76561198354857928,0,0.012293610721826553,9,0.9666558694989238
76561199248905266,0,0.4034557342529297,9,0.9666558694989238
76561198962388662,0,0.03719956427812576,9,0.9666558694989238
76561198863363270,0,0.14295248687267303,9,0.9666558694989238
76561199080280738,0,0.5484414100646973,9,0.9666558694989238
76561199094471772,0,0.8755070567131042,9,0.9666558694989238
76561198120079220,0,0.02142222970724106,9,0.9666558694989238
76561198310140275,0,0.004772213753312826,9,0.9666558694989238
76561198066416965,0,0.0059546129778027534,9,0.9666558694989238
76561199026563801,0,0.957697331905365,9,0.9666558694989238
76561198177562721,0,0.8810450434684753,9,0.9666558694989238
76561198106438374,0,0.07043354958295822,9,0.9666558694989238
76561198220219056,0,0.7349064350128174,9,0.9666558694989238
76561199384186027,0,0.07129644602537155,9,0.9666558694989238
76561199024949017,0,0.785834550857544,9,0.9666558694989238
76561198049259046,0,0.02172980085015297,9,0.9666558694989238
76561198095501884,0,0.8814792633056641,9,0.9666558694989238
76561198352132886,0,0.0056254668161273,9,0.9666558694989238
76561199239547045,0,0.005238755140453577,9,0.9666558694989238
76561199151005107,0,0.017864912748336792,9,0.9666558694989238
76561198063533100,0,0.0030137901194393635,9,0.9666558694989238
76561197997838552,0,0.012320192530751228,9,0.9666558694989238
76561198337200742,0,0.003364844946190715,9,0.9666558694989238
76561198064904559,0,0.6418218016624451,9,0.9666558694989238
76561199224118976,0,0.011446032673120499,9,0.9666558694989238
76561198303237901,0,0.02390321157872677,9,0.9666558694989238
76561198884344733,0,0.024094168096780777,9,0.9666558694989238
76561198140393907,0,0.1371733695268631,9,0.9666558694989238
76561198034146544,0,0.007534122094511986,9,0.9666558694989238
76561199696772172,0,0.003629457438364625,9,0.9666558694989238
76561198978356924,0,0.01526588760316372,9,0.9666558694989238
76561199221998786,0,0.20188765227794647,9,0.9666558694989238
76561199661363219,0,0.004881818313151598,9,0.9666558694989238
76561199012419123,0,0.01804960146546364,9,0.9666558694989238
76561198150135852,0,0.037893280386924744,9,0.9666558694989238
76561198856876554,0,0.08195807784795761,9,0.9666558694989238
76561198027226419,0,0.00396374985575676,9,0.9666558694989238
76561198166611385,0,0.0035022320225834846,9,0.9666558694989238
76561199095512513,0,0.012764522805809975,9,0.9666558694989238
76561198187059986,0,0.03370292857289314,9,0.9666558694989238
76561198929538187,0,0.30759546160697937,9,0.9666558694989238
76561197970556363,0,0.5158395767211914,9,0.9666558694989238
76561198130707695,0,0.04873153939843178,9,0.9666558694989238
76561198065528194,0,0.022370697930455208,9,0.9666558694989238
76561198075724283,0,0.004333373624831438,9,0.9666558694989238
76561199375774551,0,0.006663635838776827,9,0.9666558694989238
76561198001959777,0,0.007242744322866201,9,0.9666558694989238
76561197970614687,0,0.004649638663977385,9,0.9666558694989238
76561197983996719,0,0.2518181800842285,9,0.9666558694989238
76561199066221461,0,0.00472891004756093,9,0.9666558694989238
76561199384799595,0,0.09904922544956207,9,0.9666558694989238
76561198026057961,0,0.08837740123271942,9,0.9666558694989238
76561197999815532,0,0.005183021072298288,9,0.9666558694989238
76561199500923877,0,0.00468804594129324,9,0.9666558694989238
76561199066199500,0,0.0089681725949049,9,0.9666558694989238
76561199466715019,0,0.00472891004756093,9,0.9666558694989238
76561198019874791,0,0.9802399277687073,9,0.9666558694989238
76561198028786156,0,0.023416591808199883,9,0.9666558694989238
76561198048486272,0,0.7097161412239075,9,0.9666558694989238
76561199086097385,0,0.05858998745679855,9,0.9666558694989238
76561199124852876,0,0.8638874292373657,9,0.9666558694989238
76561198061136553,0,0.006412890739738941,9,0.9666558694989238
76561199122337077,0,0.5475127100944519,9,0.9666558694989238
76561198018007203,0,0.3416803777217865,9,0.9666558694989238
76561198154181932,0,0.07875856757164001,9,0.9666558694989238
76561198879846487,0,0.022477218881249428,9,0.9666558694989238
76561198009262599,0,0.0050506130792200565,9,0.9666558694989238
76561199284159838,0,0.004569919314235449,9,0.9666558694989238
76561198049110195,0,0.4491632282733917,9,0.9666558694989238
76561198222047292,0,0.009735397063195705,9,0.9666558694989238
76561198998410854,0,0.9710147380828857,9,0.9666558694989238
76561198166674139,0,0.2967391610145569,9,0.9666558694989238
76561198096158393,1,0.9589354395866394,9,0.9666558694989238
76561199200986482,0,0.006675533019006252,9,0.9666558694989238
76561198032559996,0,0.033806897699832916,9,0.9666558694989238
76561198839918111,0,0.008282599970698357,9,0.9666558694989238
76561198889018930,0,0.0033330139704048634,9,0.9666558694989238
76561198061456546,0,0.015319138765335083,9,0.9666558694989238
76561198888597915,0,0.07915809750556946,9,0.9666558694989238
76561198975065241,0,0.7367708683013916,9,0.9666558694989238
76561199361373166,0,0.00598699226975441,9,0.9666558694989238
76561198981401839,0,0.005355297587811947,9,0.9666558694989238
76561199262312832,0,0.4314899742603302,9,0.9666558694989238
76561199590208087,0,0.006859786808490753,9,0.9666558694989238
76561198305126510,0,0.0037960729096084833,9,0.9666558694989238
76561198143417919,0,0.006738048978149891,9,0.9666558694989238
76561198876235388,0,0.6303332448005676,9,0.9666558694989238
76561199063544503,0,0.042093824595212936,9,0.9666558694989238
76561198237349556,0,0.08373010158538818,9,0.9666558694989238
76561198965338131,1,0.9770641922950745,9,0.9666558694989238
76561199124052377,0,0.006185470148921013,9,0.9666558694989238
76561198256000747,0,0.00593801774084568,9,0.9666558694989238
76561199037797334,0,0.004770864266902208,9,0.9666558694989238
76561199542375614,0,0.904205858707428,9,0.9666558694989238
76561199212378707,0,0.005666663870215416,9,0.9666558694989238
76561198824738718,0,0.003719877451658249,9,0.9666558694989238
76561198081273705,0,0.1685536503791809,9,0.9666558694989238
76561199161813118,0,0.018116308376193047,9,0.9666558694989238
76561198088477196,0,0.13712754845619202,9,0.9666558694989238
76561198195484553,1,0.9696071743965149,9,0.9666558694989238
76561198007665405,0,0.021591749042272568,9,0.9666558694989238
76561198055780622,0,0.7021161913871765,9,0.9666558694989238
76561199232156472,0,0.015389946289360523,9,0.9666558694989238
76561198043060752,0,0.8991866707801819,9,0.9666558694989238
76561199037260537,0,0.8576756119728088,9,0.9666558694989238
76561199443366778,0,0.005672034807503223,9,0.9666558694989238
76561199106373136,0,0.08253325521945953,9,0.9666558694989238
76561199184296182,0,0.13165143132209778,9,0.9666558694989238
76561199223890630,0,0.011400392279028893,9,0.9666558694989238
76561198253504499,0,0.7045804858207703,9,0.9666558694989238
76561198319554909,0,0.0030469410121440887,9,0.9666558694989238
76561198065095557,0,0.013550850562751293,9,0.9666558694989238
76561198799730615,0,0.010824635624885559,9,0.9666558694989238
76561198317205862,0,0.03143778815865517,9,0.9666558694989238
76561198075709764,0,0.016051582992076874,9,0.9666558694989238
76561197997774537,0,0.011534045450389385,9,0.9666558694989238
76561197996108413,0,0.01384019386023283,9,0.9666558694989238
76561198016674104,0,0.004662725608795881,9,0.9666558694989238
76561199071328983,0,0.005236230790615082,9,0.9666558694989238
76561199701229568,0,0.0033959101419895887,9,0.9666558694989238
76561198992462754,0,0.8533076643943787,9,0.9666558694989238
76561198300645683,0,0.051279399544000626,9,0.9666558694989238
76561199579473072,0,0.007851406931877136,9,0.9666558694989238
76561198031174348,0,0.003941535018384457,9,0.9666558694989238
76561198081223265,0,0.0034454648848623037,9,0.9666558694989238
76561199389092118,0,0.04359189048409462,9,0.9666558694989238
76561198063287144,0,0.005231781397014856,9,0.9666558694989238
76561197960885899,0,0.011700953356921673,9,0.9666558694989238
76561198252056048,1,0.9736626148223877,9,0.9666558694989238
76561198142156210,0,0.0963522270321846,9,0.9666558694989238
76561197971971912,0,0.003474150551483035,9,0.9666558694989238
76561198132628576,0,0.0035750039387494326,9,0.9666558694989238
76561198824321504,0,0.05742286518216133,9,0.9666558694989238
76561199015118093,0,0.16644637286663055,9,0.9666558694989238
76561199407563747,0,0.9487128257751465,9,0.9666558694989238
76561198120155330,0,0.003964459057897329,9,0.9666558694989238
76561198278990334,0,0.030982201918959618,9,0.9666558694989238
76561199032842486,0,0.012531389482319355,9,0.9666558694989238
76561198044036077,0,0.019478382542729378,9,0.9666558694989238
76561198199675354,0,0.7647995948791504,9,0.9666558694989238
76561199463301128,0,0.0035891691222786903,9,0.9666558694989238
76561199014299738,0,0.0030137901194393635,9,0.9666558694989238
76561199098570803,0,0.14311203360557556,9,0.9666558694989238
76561198949344909,0,0.0030137901194393635,9,0.9666558694989238
76561199041860488,0,0.009773824363946915,9,0.9666558694989238
76561198816746103,0,0.005936678033322096,9,0.9666558694989238
76561198005341580,0,0.0065690577030181885,9,0.9666558694989238
76561198318285089,0,0.7824196815490723,9,0.9666558694989238
76561199327343490,0,0.534878671169281,9,0.9666558694989238
76561198181175973,0,0.1715569794178009,9,0.9666558694989238
76561199517482428,0,0.012531389482319355,9,0.9666558694989238
76561198025753968,0,0.00395239470526576,9,0.9666558694989238
76561198883490520,0,0.521277129650116,9,0.9666558694989238
76561198124697901,0,0.14570418000221252,9,0.9666558694989238
76561198053393626,0,0.1296411007642746,9,0.9666558694989238
76561198017752612,0,0.9004850387573242,9,0.9666558694989238
76561198208941263,0,0.8089521527290344,9,0.9666558694989238
76561197975704840,0,0.2182309776544571,9,0.9666558694989238
76561198845850918,0,0.0034652785398066044,9,0.9666558694989238
76561198255740939,0,0.8296529650688171,9,0.9666558694989238
76561199755924935,0,0.016011003404855728,9,0.9666558694989238
76561199002185762,0,0.004659540019929409,9,0.9666558694989238
76561198052718688,0,0.27444887161254883,9,0.9666558694989238
76561197996483644,0,0.1163899153470993,9,0.9666558694989238
76561197998783557,0,0.21221061050891876,9,0.9666558694989238
76561198061571566,0,0.022088129073381424,9,0.9666558694989238
76561198355986822,0,0.0030927073676139116,9,0.9666558694989238
76561198413320177,0,0.003847829531878233,9,0.9666558694989238
76561199445265598,0,0.00872490182518959,9,0.9666558694989238
76561198381414160,1,0.9755824208259583,9,0.9666558694989238
76561198140711329,0,0.4726339280605316,9,0.9666558694989238
76561198987902313,1,0.9809972047805786,9,0.9666558694989238
76561199476571243,0,0.0030960626900196075,9,0.9666558694989238
76561199123060623,0,0.003628012491390109,9,0.9666558694989238
76561198281514932,0,0.9455379843711853,9,0.9666558694989238
76561198856085707,0,0.03431752324104309,9,0.9666558694989238
76561199465948155,0,0.5744413137435913,9,0.9666558694989238
76561198395142341,0,0.6668033003807068,9,0.9666558694989238
76561199443420282,0,0.0032848529517650604,9,0.9666558694989238
76561199014525510,0,0.46188703179359436,9,0.9666558694989238
76561198016744796,0,0.10144133865833282,9,0.9666558694989238
76561198342192839,0,0.23663827776908875,9,0.9666558694989238
76561199001693784,0,0.01226054783910513,9,0.9666558694989238
76561198998238480,1,0.9812379479408264,9,0.9666558694989238
76561198014271606,0,0.01749865710735321,9,0.9666558694989238
76561199073215358,0,0.012058425694704056,9,0.9666558694989238
76561198058381941,0,0.5882126688957214,9,0.9666558694989238
76561199153201754,0,0.003677317639812827,9,0.9666558694989238
76561198301607556,1,0.9834274649620056,9,0.9666558694989238
76561198158999788,0,0.014995128847658634,9,0.9666558694989238
76561198079172891,0,0.7091416120529175,9,0.9666558694989238
76561198342975376,0,0.004738669376820326,9,0.9666558694989238
76561198123398300,1,0.9746349453926086,9,0.9666558694989238
76561198052191567,0,0.3231225609779358,9,0.9666558694989238
76561198097151340,0,0.003957131877541542,9,0.9666558694989238
76561198373547081,0,0.01615767739713192,9,0.9666558694989238
76561198378974477,0,0.0050213453359901905,9,0.9666558694989238
76561199144890478,0,0.002882722532376647,9,0.9666558694989238
76561199218489788,0,0.14673475921154022,9,0.9666558694989238
76561199572671170,0,0.0037630461156368256,9,0.9666558694989238
76561199454928155,0,0.007014797534793615,9,0.9666558694989238
76561198176099577,0,0.021437352523207664,9,0.9666558694989238
76561199133842790,0,0.0969267413020134,9,0.9666558694989238
76561199130518829,0,0.9083417654037476,9,0.9666558694989238
76561199248189106,0,0.0036063077859580517,9,0.9666558694989238
76561198866964814,0,0.7204850316047668,9,0.9666558694989238
76561198335947296,0,0.009241093881428242,9,0.9666558694989238
76561198972587455,0,0.5698361396789551,9,0.9666558694989238
76561199209425403,0,0.6427152752876282,9,0.9666558694989238
76561199057066320,0,0.0036444938741624355,9,0.9666558694989238
76561199229716209,0,0.0030576467979699373,9,0.9666558694989238
76561198423501329,1,0.9563263654708862,9,0.9666558694989238
76561199313470646,0,0.11631886661052704,9,0.9666558694989238
76561198032318557,0,0.0037816991098225117,9,0.9666558694989238
76561198077647254,0,0.044939227402210236,9,0.9666558694989238
76561198316068545,0,0.0055266330018639565,9,0.9666558694989238
76561199593324886,0,0.5856248736381531,9,0.9666558694989238
76561198200272413,0,0.00472891004756093,9,0.9666558694989238
76561198075756379,0,0.9570317268371582,9,0.9666558694989238
76561198427917526,0,0.08511850237846375,9,0.9666558694989238
76561199379399568,0,0.03078879415988922,9,0.9666558694989238
76561198174791413,0,0.8864070773124695,9,0.9666558694989238
76561198327592424,0,0.004950548056513071,9,0.9666558694989238
76561199087627308,0,0.6836923360824585,9,0.9666558694989238
76561198156868725,1,0.970250129699707,9,0.9666558694989238
76561198061904468,0,0.23063082993030548,9,0.9666558694989238
76561199588364364,0,0.006763005629181862,9,0.9666558694989238
76561198138549775,0,0.021531663835048676,9,0.9666558694989238
76561198047789157,0,0.5752617120742798,9,0.9666558694989238
76561198292424918,0,0.03345289081335068,9,0.9666558694989238
76561199252396066,0,0.0030137901194393635,9,0.9666558694989238
76561199605663768,0,0.8478041887283325,9,0.9666558694989238
76561199738020993,0,0.006443836726248264,9,0.9666558694989238
76561198005995590,0,0.3901822865009308,9,0.9666558694989238
76561199213475081,0,0.010213883593678474,9,0.9666558694989238
76561199239159832,0,0.00881892442703247,9,0.9666558694989238
76561198016497160,0,0.041559331119060516,9,0.9666558694989238
76561198193377030,0,0.004566835705190897,9,0.9666558694989238
76561198848091468,0,0.6737772822380066,9,0.9666558694989238
76561198430907868,0,0.12895706295967102,9,0.9666558694989238
76561198796273565,0,0.8440121412277222,9,0.9666558694989238
76561198061280961,0,0.39456725120544434,9,0.9666558694989238
76561198082143889,0,0.025991274043917656,9,0.9666558694989238
76561198150799387,0,0.03840257599949837,9,0.9666558694989238
76561199050841615,0,0.10057231038808823,9,0.9666558694989238
76561198031011314,0,0.007210494019091129,9,0.9666558694989238
76561198096227407,0,0.006778814364224672,9,0.9666558694989238
76561198381712539,0,0.9625714421272278,9,0.9666558694989238
76561199120912596,0,0.0075023896060884,9,0.9666558694989238
76561198089718109,0,0.4897831380367279,9,0.9666558694989238
76561198131240579,0,0.003836700227111578,9,0.9666558694989238
76561199434324359,0,0.15951566398143768,9,0.9666558694989238
76561198305912153,0,0.04392726346850395,9,0.9666558694989238
76561198296547299,0,0.00783597119152546,9,0.9666558694989238
76561198383618244,1,0.9790492057800293,9,0.9666558694989238
76561198007656912,0,0.9644062519073486,9,0.9666558694989238
76561199006005998,1,0.9801886081695557,9,0.9666558694989238
76561199234022848,0,0.4118523597717285,9,0.9666558694989238
76561198374980164,0,0.026178937405347824,9,0.9666558694989238
76561198131862378,0,0.008727986365556717,9,0.9666558694989238
76561198204210140,0,0.007275033742189407,9,0.9666558694989238
76561198376817842,0,0.003077847184613347,9,0.9666558694989238
76561198820283271,0,0.010145839303731918,9,0.9666558694989238
76561199032071821,0,0.22854752838611603,9,0.9666558694989238
76561199118127338,0,0.12014579027891159,9,0.9666558694989238
76561198969123437,1,0.9783738851547241,9,0.9666558694989238
76561199040389651,1,0.9847069382667542,9,0.9666558694989238
76561199209379065,0,0.004329275339841843,9,0.9666558694989238
76561198139079479,0,0.004063656087964773,9,0.9666558694989238
76561198572574549,0,0.0029911519959568977,9,0.9666558694989238
76561199230043386,0,0.08672099560499191,9,0.9666558694989238
76561198074738103,0,0.9168583750724792,9,0.9666558694989238
76561198138607177,0,0.0030137901194393635,9,0.9666558694989238
76561198348685607,0,0.7557439208030701,9,0.9666558694989238
76561199014319394,0,0.028400840237736702,9,0.9666558694989238
76561198064798390,0,0.006570726167410612,9,0.9666558694989238
76561198012361511,0,0.11606786400079727,9,0.9666558694989238
76561198425761157,0,0.4951626658439636,9,0.9666558694989238
76561198004564585,0,0.9008706212043762,9,0.9666558694989238
76561198274045217,0,0.1751861274242401,9,0.9666558694989238
76561198035707336,0,0.011378572322428226,9,0.9666558694989238
76561199247684242,0,0.0074010384269058704,9,0.9666558694989238
76561198402681322,0,0.7588073015213013,9,0.9666558694989238
76561198356642616,0,0.004235406871885061,9,0.9666558694989238
76561199025041518,0,0.013751222752034664,9,0.9666558694989238
76561198824288763,0,0.01714036986231804,9,0.9666558694989238
76561198163367888,0,0.5944871306419373,9,0.9666558694989238
76561199517915883,0,0.008155210874974728,9,0.9666558694989238
76561198820936976,1,0.9025694727897644,9,0.9666558694989238
76561199400869218,0,0.07943925261497498,9,0.9666558694989238
76561199522532606,0,0.0034446727950125933,9,0.9666558694989238
76561198964930367,0,0.013079578056931496,9,0.9666558694989238
76561199090551135,0,0.3337947428226471,9,0.9666558694989238
76561199642110698,0,0.2724663019180298,9,0.9666558694989238
76561197981808598,0,0.02774777077138424,9,0.9666558694989238
76561199529261738,0,0.005232476629316807,9,0.9666558694989238
76561198033215083,0,0.0039856829680502415,9,0.9666558694989238
76561198049619501,0,0.061735302209854126,9,0.9666558694989238
76561198175856934,0,0.01350377593189478,9,0.9666558694989238
76561198906247982,0,0.20634078979492188,9,0.9666558694989238
76561198110349105,0,0.004035523626953363,9,0.9666558694989238
76561198052718346,0,0.003596892347559333,9,0.9666558694989238
76561198913824133,0,0.011291800998151302,9,0.9666558694989238
76561198305840300,0,0.6322656273841858,9,0.9666558694989238
76561199467735352,0,0.030752897262573242,9,0.9666558694989238
76561199103743174,0,0.002861066022887826,9,0.9666558694989238
76561198060919923,0,0.015759749338030815,9,0.9666558694989238
76561198087793910,0,0.005618427414447069,9,0.9666558694989238
76561198352601433,0,0.005120983347296715,9,0.9666558694989238
76561197988355922,0,0.008497749455273151,9,0.9666558694989238
76561198445408953,0,0.013293750584125519,9,0.9666558694989238
76561199049372735,0,0.00464874692261219,9,0.9666558694989238
76561198041276496,0,0.005175061523914337,9,0.9666558694989238
76561198064137583,0,0.4362712502479553,9,0.9666558694989238
76561199263362765,0,0.45755940675735474,9,0.9666558694989238
76561198929780427,0,0.017763542011380196,9,0.9666558694989238
76561198007086243,0,0.0034300663974136114,9,0.9666558694989238
76561199581912926,1,0.9694800972938538,9,0.9666558694989238
76561199002762587,0,0.7949591875076294,9,0.9666558694989238
76561198846204180,0,0.005028008483350277,9,0.9666558694989238
76561199484020226,0,0.0030137901194393635,9,0.9666558694989238
76561199207243406,0,0.0037995458114892244,9,0.9666558694989238
76561199033675825,0,0.9445541501045227,9,0.9666558694989238
76561198862338763,0,0.005102713126689196,9,0.9666558694989238
76561198101456955,0,0.020060107111930847,9,0.9666558694989238
76561198033681982,0,0.0035063878167420626,9,0.9666558694989238
76561198064622316,0,0.004128823988139629,9,0.9666558694989238
76561198272655606,0,0.005378179717808962,9,0.9666558694989238
76561198996226254,0,0.017259914427995682,9,0.9666558694989238
76561198111841935,0,0.009629512205719948,9,0.9666558694989238
76561198047166254,0,0.2674078941345215,9,0.9666558694989238
76561198963379232,0,0.010466571897268295,9,0.9666558694989238
76561199088208014,0,0.6998273730278015,9,0.9666558694989238
76561198146249266,0,0.02014225535094738,9,0.9666558694989238
76561198110583219,0,0.004162652883678675,9,0.9666558694989238
76561199408731222,0,0.1827249526977539,9,0.9666558694989238
76561199256986591,0,0.7836565971374512,9,0.9666558694989238
76561198024237326,0,0.20323026180267334,9,0.9666558694989238
76561199124438937,1,0.9783473014831543,9,0.9666558694989238
76561198316447048,0,0.0938350111246109,9,0.9666558694989238
76561199682072071,0,0.0037056768778711557,9,0.9666558694989238
76561198047336872,0,0.5941588878631592,9,0.9666558694989238
76561198074045931,0,0.011712162755429745,9,0.9666558694989238
76561198054561207,0,0.3160346746444702,9,0.9666558694989238
76561199229602296,0,0.007285349536687136,9,0.9666558694989238
76561199100770297,0,0.0036038581747561693,9,0.9666558694989238
76561198010620832,1,0.9536730051040649,9,0.9666558694989238
76561198074396280,0,0.4121658504009247,9,0.9666558694989238
76561198271038354,0,0.007742719259113073,9,0.9666558694989238
76561198004475231,0,0.6929638385772705,9,0.9666558694989238
76561198094347572,0,0.3777768313884735,9,0.9666558694989238
76561198066465674,0,0.31573599576950073,9,0.9666558694989238
76561198010555753,0,0.00572977913543582,9,0.9666558694989238
76561198012957032,0,0.019820956513285637,9,0.9666558694989238
76561198862931080,0,0.9419174194335938,9,0.9666558694989238
76561199056669051,0,0.9451735615730286,9,0.9666558694989238
76561198343748309,0,0.7128241658210754,9,0.9666558694989238
76561198151506738,0,0.005869248881936073,9,0.9666558694989238
76561199414205783,0,0.1340908259153366,9,0.9666558694989238
76561197993568161,0,0.008169552311301231,9,0.9666558694989238
76561199080267078,0,0.007531378418207169,9,0.9666558694989238
76561199498084938,0,0.004156896844506264,9,0.9666558694989238
76561199086531625,0,0.07389361411333084,9,0.9666558694989238
76561198259858348,0,0.006335051264613867,9,0.9666558694989238
76561198075495246,0,0.8582090139389038,9,0.9666558694989238
76561198210703091,0,0.10654143989086151,9,0.9666558694989238
76561198183575285,0,0.007704770192503929,9,0.9666558694989238
76561198077090983,0,0.016501564532518387,9,0.9666558694989238
76561198973543818,0,0.004838624503463507,9,0.9666558694989238
76561198446405747,0,0.2323935478925705,9,0.9666558694989238
76561198320840800,0,0.0037234947085380554,9,0.9666558694989238
76561198404882471,0,0.7591304779052734,9,0.9666558694989238
76561198182352089,0,0.004512250889092684,9,0.9666558694989238
76561198134309014,0,0.008635535836219788,9,0.9666558694989238
76561198343311628,0,0.00472891004756093,9,0.9666558694989238
76561198092220361,0,0.009658086113631725,9,0.9666558694989238
76561198809082496,0,0.9744377136230469,9,0.9666558694989238
76561199081608313,0,0.00472891004756093,9,0.9666558694989238
76561198323308343,0,0.0034934894647449255,9,0.9666558694989238
76561198048017332,0,0.20066988468170166,9,0.9666558694989238
76561198167680929,0,0.00640284176915884,9,0.9666558694989238
76561197970469722,0,0.03914766386151314,9,0.9666558694989238
76561197991156823,0,0.040406133979558945,9,0.9666558694989238
76561199223173655,0,0.49217864871025085,9,0.9666558694989238
76561199676646010,0,0.9748241901397705,9,0.9666558694989238
76561198796318084,0,0.005159804131835699,9,0.9666558694989238
76561198074082212,0,0.04970946162939072,9,0.9666558694989238
76561197960540401,0,0.018646538257598877,9,0.9666558694989238
76561198149517312,0,0.014505045488476753,9,0.9666558694989238
76561198057672511,0,0.09194091707468033,9,0.9666558694989238
76561199234881403,0,0.005057681817561388,9,0.9666558694989238
76561198265004811,0,0.00478380499407649,9,0.9666558694989238
76561198197200563,0,0.18156352639198303,9,0.9666558694989238
76561199058904692,0,0.003012340283021331,9,0.9666558694989238
76561199474108698,0,0.10159260034561157,9,0.9666558694989238
76561199124897190,0,0.004495705012232065,9,0.9666558694989238
76561198036723328,0,0.6297305822372437,9,0.9666558694989238
76561199195463523,0,0.004835000727325678,9,0.9666558694989238
76561199230242110,0,0.006816073786467314,9,0.9666558694989238
76561199140321982,0,0.006239301059395075,9,0.9666558694989238
76561198403456272,0,0.0031123191583901644,9,0.9666558694989238
76561198305364147,0,0.08239579200744629,9,0.9666558694989238
76561198097685841,0,0.01304685976356268,9,0.9666558694989238
76561198242609490,0,0.036087557673454285,9,0.9666558694989238
76561198804929394,0,0.0042472118511796,9,0.9666558694989238
76561198059031815,0,0.003815318224951625,9,0.9666558694989238
76561198104381589,0,0.43718063831329346,9,0.9666558694989238
76561199154176220,0,0.006204251665621996,9,0.9666558694989238
76561199170877536,0,0.0028001756872981787,9,0.9666558694989238
76561198054671632,0,0.8145021200180054,9,0.9666558694989238
76561198819916926,0,0.0036038646940141916,9,0.9666558694989238
76561199037161340,0,0.004211858380585909,9,0.9666558694989238
76561199090313584,0,0.004486103542149067,9,0.9666558694989238
76561197970745909,0,0.007890849374234676,9,0.9666558694989238
76561197992297452,0,0.005591130815446377,9,0.9666558694989238
76561199024162002,0,0.011344133876264095,9,0.9666558694989238
76561199216722185,0,0.0045927297323942184,9,0.9666558694989238
76561198002443035,0,0.0033204862847924232,9,0.9666558694989238
76561198145187255,1,0.9821863174438477,9,0.9666558694989238
76561198959019451,0,0.023706810548901558,9,0.9666558694989238
76561198269968926,0,0.02834560163319111,9,0.9666558694989238
76561198888250266,0,0.007774376776069403,9,0.9666558694989238
76561199593130167,0,0.013119141571223736,9,0.9666558694989238
76561198007444946,0,0.008106591179966927,9,0.9666558694989238
76561198112050251,0,0.00472891004756093,9,0.9666558694989238
76561199082052994,0,0.1014285758137703,9,0.9666558694989238
76561199118828881,0,0.019385168328881264,9,0.9666558694989238
76561198883652402,0,0.7955002784729004,9,0.9666558694989238
76561198094655377,0,0.009865480475127697,9,0.9666558694989238
76561199210743568,0,0.009720790199935436,9,0.9666558694989238
76561199197059132,0,0.2882266938686371,9,0.9666558694989238
76561197995826219,0,0.7190508246421814,9,0.9666558694989238
76561198002837738,0,0.005226805806159973,9,0.9666558694989238
76561199387443979,0,0.012298058718442917,9,0.9666558694989238
76561198124239169,0,0.7185056805610657,9,0.9666558694989238
76561198081282446,0,0.01158438716083765,9,0.9666558694989238
76561198958553749,0,0.0034466837532818317,9,0.9666558694989238
76561198069478365,0,0.0038669214118272066,9,0.9666558694989238
76561198346116021,0,0.017106302082538605,9,0.9666558694989238
76561198013307173,0,0.20167449116706848,9,0.9666558694989238
76561198143312835,0,0.9461618065834045,9,0.9666558694989238
76561198088171060,0,0.015333040617406368,9,0.9666558694989238
76561199171637599,0,0.008780321106314659,9,0.9666558694989238
76561198074685284,0,0.9447863698005676,9,0.9666558694989238
76561198455771805,0,0.03711721673607826,9,0.9666558694989238
76561198217035860,0,0.01500813290476799,9,0.9666558694989238
76561198930979954,0,0.014233808033168316,9,0.9666558694989238
76561198197720529,0,0.7510433793067932,9,0.9666558694989238
76561198047503403,0,0.4801529049873352,9,0.9666558694989238
76561198386594224,0,0.003902520751580596,9,0.9666558694989238
76561198039258526,0,0.003457484068349004,9,0.9666558694989238
76561198357402378,0,0.0036814322229474783,9,0.9666558694989238
76561199210730005,0,0.0049597835168242455,9,0.9666558694989238
76561199086483810,0,0.004808308556675911,9,0.9666558694989238
76561198059429420,0,0.5976783633232117,9,0.9666558694989238
76561199549457227,0,0.00700113270431757,9,0.9666558694989238
76561198071824023,0,0.1849794089794159,9,0.9666558694989238
76561198811000094,0,0.8889145851135254,9,0.9666558694989238
76561198086961540,0,0.003572034416720271,9,0.9666558694989238
76561198014412163,0,0.0031012354884296656,9,0.9666558694989238
76561198086149381,0,0.004933004267513752,9,0.9666558694989238
76561198028624727,0,0.05120246112346649,9,0.9666558694989238
76561198387004341,0,0.0088185491040349,9,0.9666558694989238
76561198067521467,0,0.6115477681159973,9,0.9666558694989238
76561199077105517,0,0.024189502000808716,9,0.9666558694989238
76561199062247152,0,0.11165045201778412,9,0.9666558694989238
76561198110962842,0,0.00913520622998476,9,0.9666558694989238
76561199561826672,0,0.020108550786972046,9,0.9666558694989238
76561198312830035,0,0.050210610032081604,9,0.9666558694989238
76561199106369135,0,0.004737191367894411,9,0.9666558694989238
76561199132416981,0,0.01160562876611948,9,0.9666558694989238
76561198045437083,0,0.9422517418861389,9,0.9666558694989238
76561199338244850,0,0.07306675612926483,9,0.9666558694989238
76561199122296624,0,0.021653609350323677,9,0.9666558694989238
76561198149754210,0,0.017037656158208847,9,0.9666558694989238
76561198269018311,0,0.010148881003260612,9,0.9666558694989238
76561198876562720,1,0.6993492245674133,9,0.9666558694989238
76561198016626122,0,0.0036149912048131227,9,0.9666558694989238
76561198118075996,0,0.011352692730724812,9,0.9666558694989238
76561199203597558,0,0.5174616575241089,9,0.9666558694989238
76561199534296795,0,0.13084599375724792,9,0.9666558694989238
76561198072187317,0,0.2123013585805893,9,0.9666558694989238
76561197968933679,0,0.0163563322275877,9,0.9666558694989238
76561199126902385,0,0.0033304509706795216,9,0.9666558694989238
76561199186124132,0,0.0030137901194393635,9,0.9666558694989238
76561199175922652,0,0.01883752830326557,9,0.9666558694989238
76561199476038766,0,0.006401755381375551,9,0.9666558694989238
76561198092558759,0,0.019237784668803215,9,0.9666558694989238
76561199569197722,0,0.02694769576191902,9,0.9666558694989238
76561198080794428,0,0.004229608923196793,9,0.9666558694989238
76561197978393722,0,0.24073511362075806,9,0.9666558694989238
76561199185016469,0,0.004425769671797752,9,0.9666558694989238
76561198075721394,0,0.006933324504643679,9,0.9666558694989238
76561198853758653,0,0.005309618543833494,9,0.9666558694989238
76561198233921756,0,0.005829873029142618,9,0.9666558694989238
76561198083017901,0,0.007218072656542063,9,0.9666558694989238
76561198069040356,0,0.00377845112234354,9,0.9666558694989238
76561198075607936,0,0.18549825251102448,9,0.9666558694989238
76561198839506301,0,0.06671428680419922,9,0.9666558694989238
76561198032358284,0,0.004075599834322929,9,0.9666558694989238
76561198044923430,0,0.10503873229026794,9,0.9666558694989238
76561199144487911,0,0.004766445141285658,9,0.9666558694989238
76561198306944624,0,0.06097879633307457,9,0.9666558694989238
76561199209357898,0,0.0048057627864181995,9,0.9666558694989238
76561198000076468,0,0.2793182134628296,9,0.9666558694989238
76561199557308408,1,0.9812504649162292,9,0.9666558694989238
76561198006598210,0,0.006676266435533762,9,0.9666558694989238
76561198815102281,0,0.004126041196286678,9,0.9666558694989238
76561198103912992,0,0.01002822071313858,9,0.9666558694989238
76561198892887709,0,0.009233086369931698,9,0.9666558694989238
76561198057003012,0,0.012517837807536125,9,0.9666558694989238
76561198215891041,0,0.0388367660343647,9,0.9666558694989238
76561198857850823,0,0.018225181847810745,9,0.9666558694989238
76561199101220671,0,0.9022669792175293,9,0.9666558694989238
76561198170905051,0,0.1640586256980896,9,0.9666558694989238
76561199561815032,0,0.012531389482319355,9,0.9666558694989238
76561199511243778,0,0.005083638709038496,9,0.9666558694989238
76561198880489787,0,0.0030137901194393635,9,0.9666558694989238
76561197986397713,0,0.3324839472770691,9,0.9666558694989238
76561198112449782,0,0.5034095048904419,9,0.9666558694989238
76561199150503333,0,0.010774062015116215,9,0.9666558694989238
76561198118045499,0,0.9429238438606262,9,0.9666558694989238
76561198021684337,0,0.5817869901657104,9,0.9666558694989238
76561198825363023,0,0.683478832244873,9,0.9666558694989238
76561199083335617,1,0.9741005301475525,9,0.9666558694989238
76561199438443385,0,0.659302294254303,9,0.9666558694989238
76561198795652268,0,0.008252792991697788,9,0.9666558694989238
76561198956923872,0,0.7326390743255615,9,0.9666558694989238
76561199223086410,0,0.014586087316274643,9,0.9666558694989238
76561198348864923,0,0.5570704936981201,9,0.9666558694989238
76561199213267377,0,0.006146956700831652,9,0.9666558694989238
76561198166278998,0,0.10268285870552063,9,0.9666558694989238
76561199075024626,0,0.9679297804832458,9,0.9666558694989238
76561198285870204,0,0.1303595006465912,9,0.9666558694989238
76561199018214126,0,0.0145363574847579,9,0.9666558694989238
76561198402272173,0,0.9696710705757141,9,0.9666558694989238
76561198126217628,0,0.755962073802948,9,0.9666558694989238
76561199221446904,0,0.0035873453598469496,9,0.9666558694989238
76561199159260992,0,0.03662662208080292,9,0.9666558694989238
76561198017081981,0,0.1590898036956787,9,0.9666558694989238
76561199643842508,0,0.08812112361192703,9,0.9666558694989238
76561198026983713,0,0.7129273414611816,9,0.9666558694989238
76561198048400590,0,0.1331120729446411,9,0.9666558694989238
76561198262171827,0,0.003629457438364625,9,0.9666558694989238
76561198073433093,0,0.4333162307739258,9,0.9666558694989238
76561198114827433,0,0.004163581877946854,9,0.9666558694989238
76561198146051394,0,0.15929065644741058,9,0.9666558694989238
76561197970396458,0,0.0034812665544450283,9,0.9666558694989238
76561198050717880,0,0.004994833376258612,9,0.9666558694989238
76561198305885445,0,0.004465419799089432,9,0.9666558694989238
76561199098347731,0,0.004713467787951231,9,0.9666558694989238
76561199066643409,0,0.00391714833676815,9,0.9666558694989238
76561199131733866,1,0.9794700145721436,9,0.9666558694989238
76561199124671436,0,0.02162393555045128,9,0.9666558694989238
76561198325090180,1,0.9844990372657776,9,0.9666558694989238
76561199171188882,0,0.006584335584193468,9,0.9666558694989238
76561198209413229,0,0.04902525991201401,9,0.9666558694989238
76561198045953712,0,0.364602267742157,9,0.9666558694989238
76561198839496876,0,0.48913779854774475,9,0.9666558694989238
76561199114868691,0,0.009896466508507729,9,0.9666558694989238
76561198052224090,0,0.14095669984817505,9,0.9666558694989238
76561199116311328,0,0.004587030969560146,9,0.9666558694989238
76561198393461009,0,0.91851407289505,9,0.9666558694989238
76561198878446600,0,0.010120098479092121,9,0.9666558694989238
76561198416520556,0,0.0030137901194393635,9,0.9666558694989238
76561198004894720,0,0.6012157797813416,9,0.9666558694989238
76561198964939746,0,0.8031134009361267,9,0.9666558694989238
76561198007840524,0,0.02807304449379444,9,0.9666558694989238
76561198213738969,0,0.09969776123762131,9,0.9666558694989238
76561198093786480,0,0.012335380539298058,9,0.9666558694989238
76561197982488537,0,0.006594081409275532,9,0.9666558694989238
76561199121799080,0,0.009274153038859367,9,0.9666558694989238
76561198066359600,0,0.04042213782668114,9,0.9666558694989238
76561199367338281,0,0.007140840869396925,9,0.9666558694989238
76561199075765373,0,0.00472891004756093,9,0.9666558694989238
76561197996075390,0,0.019903816282749176,9,0.9666558694989238
76561199227590081,0,0.003148154355585575,9,0.9666558694989238
76561199556022156,0,0.003642254276201129,9,0.9666558694989238
76561198119505056,0,0.029351098462939262,9,0.9666558694989238
76561199190302748,0,0.014498142525553703,9,0.9666558694989238
76561198308463967,1,0.9866325259208679,9,0.9666558694989238
76561198992507188,0,0.003106841119006276,9,0.9666558694989238
76561199083618218,0,0.9395831823348999,9,0.9666558694989238
76561198298547208,0,0.019382286816835403,9,0.9666558694989238
76561199225077395,0,0.31053975224494934,9,0.9666558694989238
76561199090817787,0,0.006654905155301094,9,0.9666558694989238
76561199045326974,0,0.009732160717248917,9,0.9666558694989238
76561199173649772,1,0.967048168182373,9,0.9666558694989238
76561199744906966,0,0.0039801509119570255,9,0.9666558694989238
76561197964988973,0,0.8576902747154236,9,0.9666558694989238
76561198392811102,0,0.002965475432574749,9,0.9666558694989238
76561199081904956,0,0.8219451904296875,9,0.9666558694989238
76561198355266097,0,0.009129377081990242,9,0.9666558694989238
76561198170046245,0,0.005010688677430153,9,0.9666558694989238
76561199814104555,0,0.004680747166275978,9,0.9666558694989238
76561197997463929,0,0.07659771293401718,9,0.9666558694989238
76561199119542170,0,0.05632615089416504,9,0.9666558694989238
76561199186660709,0,0.002738212700933218,9,0.9666558694989238
76561198003065066,0,0.005674893967807293,9,0.9666558694989238
76561198167011477,0,0.03591350093483925,9,0.9666558694989238
76561198002100514,0,0.4765010178089142,9,0.9666558694989238
76561199010067576,0,0.012555633671581745,9,0.9666558694989238
76561198178366614,0,0.004402200225740671,9,0.9666558694989238
76561198199261586,0,0.0176983829587698,9,0.9666558694989238
76561198238337934,0,0.35219529271125793,9,0.9666558694989238
76561199473747589,0,0.0052054873667657375,9,0.9666558694989238
76561199151728891,0,0.9799673557281494,9,0.9666558694989238
76561197968494140,0,0.02084336057305336,9,0.9666558694989238
76561198133078938,0,0.003473787335678935,9,0.9666558694989238
76561198010133101,0,0.007229470647871494,9,0.9666558694989238
76561198341333603,0,0.007909176871180534,9,0.9666558694989238
76561198798565164,0,0.2446526736021042,9,0.9666558694989238
76561199143563445,0,0.19947485625743866,9,0.9666558694989238
76561198379249706,0,0.5445440411567688,9,0.9666558694989238
76561197971673751,0,0.012273426167666912,9,0.9666558694989238
76561198194064514,0,0.04419073089957237,9,0.9666558694989238
76561199220688289,0,0.00472891004756093,9,0.9666558694989238
76561198434441329,1,0.9866691827774048,9,0.9666558694989238
76561198959933090,0,0.004763588774949312,9,0.9666558694989238
76561198958841557,0,0.410370796918869,9,0.9666558694989238
76561198091155157,0,0.029394343495368958,9,0.9666558694989238
76561198320133437,0,0.004693849943578243,9,0.9666558694989238
76561198204239176,0,0.003084529424086213,9,0.9666558694989238
76561198391575932,0,0.003389514284208417,9,0.9666558694989238
76561199713388130,0,0.00472891004756093,9,0.9666558694989238
76561198136952340,0,0.02230456843972206,9,0.9666558694989238
76561199051733029,0,0.9461809992790222,9,0.9666558694989238
76561198124158548,0,0.00348093593493104,9,0.9666558694989238
76561198327465153,0,0.43748581409454346,9,0.9666558694989238
76561198114461853,0,0.015663091093301773,9,0.9666558694989238
76561198350840131,0,0.004135060124099255,9,0.9666558694989238
76561198328944213,0,0.8555376529693604,9,0.9666558694989238
76561199092626120,0,0.20981799066066742,9,0.9666558694989238
76561199226628899,0,0.07303322851657867,9,0.9666558694989238
76561198986376326,0,0.3464531898498535,9,0.9666558694989238
76561199427729918,0,0.002871450502425432,9,0.9666558694989238
76561199010108783,0,0.015867045149207115,9,0.9666558694989238
76561199222444194,1,0.9842032194137573,9,0.9666558694989238
76561198056000320,0,0.05262497067451477,9,0.9666558694989238
76561198424940866,0,0.744002103805542,9,0.9666558694989238
76561198254221264,0,0.005572493188083172,9,0.9666558694989238
76561199066282475,0,0.00478380499407649,9,0.9666558694989238
76561198070142156,0,0.5206965804100037,9,0.9666558694989238
76561199141884045,0,0.055589817464351654,9,0.9666558694989238
76561199676215350,0,0.006620959844440222,9,0.9666558694989238
76561198840166697,0,0.06189621984958649,9,0.9666558694989238
76561198148461042,0,0.03207125514745712,9,0.9666558694989238
76561198256929122,0,0.008473196998238564,9,0.9666558694989238
76561199218346805,0,0.1389649212360382,9,0.9666558694989238
76561198249430280,0,0.0034903204068541527,9,0.9666558694989238
76561198196883041,0,0.003527654567733407,9,0.9666558694989238
76561199170693991,0,0.0046592168509960175,9,0.9666558694989238
76561198102891076,0,0.00478380499407649,9,0.9666558694989238
76561199068792443,0,0.01511452067643404,9,0.9666558694989238
76561198006761676,0,0.003397024003788829,9,0.9666558694989238
76561197993433641,0,0.005017106421291828,9,0.9666558694989238
76561198277627964,0,0.00864820834249258,9,0.9666558694989238
76561199542053290,0,0.10603667795658112,9,0.9666558694989238
76561198017845272,0,0.1032039076089859,9,0.9666558694989238
76561198067835313,0,0.006415005307644606,9,0.9666558694989238
76561198280214801,0,0.004730939399451017,9,0.9666558694989238
76561197981052032,0,0.11568348854780197,9,0.9666558694989238
76561199483999034,1,0.9410114288330078,9,0.9666558694989238
76561198077656407,0,0.0030137901194393635,9,0.9666558694989238
76561198119284403,0,0.2830316424369812,9,0.9666558694989238
76561198057773244,0,0.003628012491390109,9,0.9666558694989238
76561198125538023,0,0.2568671703338623,9,0.9666558694989238
76561198416948947,0,0.6939852833747864,9,0.9666558694989238
76561199174269896,0,0.08392737060785294,9,0.9666558694989238
76561198202269300,0,0.007303095422685146,9,0.9666558694989238
76561198157939065,0,0.01720406860113144,9,0.9666558694989238
76561198402354137,0,0.007104307878762484,9,0.9666558694989238
76561198019448029,0,0.005851970985531807,9,0.9666558694989238
76561199351905348,0,0.017187554389238358,9,0.9666558694989238
76561198416315725,0,0.007038825657218695,9,0.9666558694989238
76561199518032568,0,0.015894275158643723,9,0.9666558694989238
76561198947463595,0,0.0028965494129806757,9,0.9666558694989238
76561199220455517,0,0.4595707058906555,9,0.9666558694989238
76561199542896809,0,0.015185797587037086,9,0.9666558694989238
76561199027276694,0,0.011831454001367092,9,0.9666558694989238
76561199568524182,0,0.010994811542332172,9,0.9666558694989238
76561199387579022,0,0.0049784984439611435,9,0.9666558694989238
76561199084519777,0,0.0119609534740448,9,0.9666558694989238
76561199224019518,0,0.006551370024681091,9,0.9666558694989238
76561198995784197,0,0.6977284550666809,9,0.9666558694989238
76561198402150519,0,0.004807991441339254,9,0.9666558694989238
76561198937354536,0,0.006106318905949593,9,0.9666558694989238
76561198973990721,0,0.005604312289506197,9,0.9666558694989238
76561199150257551,0,0.24895377457141876,9,0.9666558694989238
76561198361087839,0,0.003628012491390109,9,0.9666558694989238
76561198010319576,0,0.026060836389660835,9,0.9666558694989238
76561198076467850,0,0.620690107345581,9,0.9666558694989238
76561198312335698,0,0.010581215843558311,9,0.9666558694989238
76561199733526643,0,0.028899725526571274,9,0.9666558694989238
76561199180911339,0,0.27435794472694397,9,0.9666558694989238
76561198067919269,0,0.43743422627449036,9,0.9666558694989238
76561198255691400,0,0.006181979551911354,9,0.9666558694989238
76561199057316971,0,0.4234342873096466,9,0.9666558694989238
76561198320306227,0,0.14352813363075256,9,0.9666558694989238
76561199473037964,0,0.028146831318736076,9,0.9666558694989238
76561198961216153,0,0.015306076034903526,9,0.9666558694989238
76561198375452418,0,0.05899781733751297,9,0.9666558694989238
76561198116160509,0,0.18307878077030182,9,0.9666558694989238
76561198400505496,0,0.005968640558421612,9,0.9666558694989238
76561199478731858,0,0.15026524662971497,9,0.9666558694989238
76561199230379466,0,0.014604912139475346,9,0.9666558694989238
76561198116284539,1,0.9715643525123596,9,0.9666558694989238
76561199106312127,0,0.00472891004756093,9,0.9666558694989238
76561199051730240,0,0.04143368452787399,9,0.9666558694989238
76561198015745812,0,0.015722719952464104,9,0.9666558694989238
76561199066763244,0,0.012085785157978535,9,0.9666558694989238
76561198866540881,0,0.009052817709743977,9,0.9666558694989238
76561199064589896,0,0.012304101139307022,9,0.9666558694989238
76561198007281899,0,0.008218170143663883,9,0.9666558694989238
76561199243108679,0,0.01498472224920988,9,0.9666558694989238
76561199032648723,0,0.017644835636019707,9,0.9666558694989238
76561197977656958,0,0.00409653689712286,9,0.9666558694989238
76561199104511114,0,0.10364791005849838,9,0.9666558694989238
76561198023216615,0,0.8506386280059814,9,0.9666558694989238
76561197994384314,0,0.10431165993213654,9,0.9666558694989238
76561198020538192,0,0.003629457438364625,9,0.9666558694989238
76561198796461698,0,0.35815173387527466,9,0.9666558694989238
76561198104774944,0,0.7233738303184509,9,0.9666558694989238
76561198042871127,0,0.00576831353828311,9,0.9666558694989238
76561199499156199,0,0.0065671480260789394,9,0.9666558694989238
76561198101498961,0,0.4910908341407776,9,0.9666558694989238
76561198052553719,0,0.4258779287338257,9,0.9666558694989238
76561197985528147,0,0.006115158088505268,9,0.9666558694989238
76561197963625684,0,0.0034630154259502888,9,0.9666558694989238
76561199196996310,0,0.7940585613250732,9,0.9666558694989238
76561198150851598,0,0.17980387806892395,9,0.9666558694989238
76561198453330116,0,0.014635819010436535,9,0.9666558694989238
76561198172255263,0,0.003629457438364625,9,0.9666558694989238
76561199553817945,0,0.6728898286819458,9,0.9666558694989238
76561198206570337,1,0.975987434387207,9,0.9666558694989238
76561198350941018,0,0.10778193175792694,9,0.9666558694989238
76561198066161657,0,0.009791894815862179,9,0.9666558694989238
76561199223671622,0,0.32722875475883484,9,0.9666558694989238
76561199774193577,0,0.02644605189561844,9,0.9666558694989238
76561198263923368,0,0.014466619119048119,9,0.9666558694989238
76561198391187780,0,0.005672034807503223,9,0.9666558694989238
76561198013934676,0,0.5310110449790955,9,0.9666558694989238
76561198078797305,0,0.40290239453315735,9,0.9666558694989238
76561198043616487,1,0.960398256778717,9,0.9666558694989238
76561198174622338,0,0.0037478432059288025,9,0.9666558694989238
76561198153583434,0,0.46175333857536316,9,0.9666558694989238
76561198011629869,0,0.6985830664634705,9,0.9666558694989238
76561199032674370,0,0.0038844766095280647,9,0.9666558694989238
76561199500605517,1,0.9691550731658936,9,0.9666558694989238
76561198887759249,0,0.008920678868889809,9,0.9666558694989238
76561199162323648,0,0.005425743758678436,9,0.9666558694989238
76561199233732290,0,0.42258766293525696,9,0.9666558694989238
76561198160491882,0,0.004876863677054644,9,0.9666558694989238
76561199439988717,0,0.14450441300868988,9,0.9666558694989238
76561199052763965,0,0.03463886305689812,9,0.9666558694989238
76561198035477869,0,0.11667091399431229,9,0.9666558694989238
76561197961176089,0,0.40876320004463196,9,0.9666558694989238
76561199681546781,0,0.007642166223376989,9,0.9666558694989238
76561198373154701,0,0.06118832156062126,9,0.9666558694989238
76561199435432981,0,0.009876027703285217,9,0.9666558694989238
76561198406783896,0,0.717695415019989,9,0.9666558694989238
76561198094676279,0,0.009246619418263435,9,0.9666558694989238
76561199602484579,0,0.003731420263648033,9,0.9666558694989238
76561198009045250,0,0.24480363726615906,9,0.9666558694989238
76561198817211277,0,0.8763608932495117,9,0.9666558694989238
76561198165708374,0,0.4445996582508087,9,0.9666558694989238
76561198063521840,1,0.9434612393379211,9,0.9666558694989238
76561198801148484,0,0.025823185220360756,9,0.9666558694989238
76561198381356737,0,0.028388436883687973,9,0.9666558694989238
76561198083828480,0,0.024815550073981285,9,0.9666558694989238
76561198005817732,0,0.009059043601155281,9,0.9666558694989238
76561197988187848,0,0.0039217486046254635,9,0.9666558694989238
76561199006527480,0,0.29822689294815063,9,0.9666558694989238
76561199152526696,0,0.7291291356086731,9,0.9666558694989238
76561198312450200,0,0.7632052302360535,9,0.9666558694989238
76561197983596438,0,0.004678277298808098,9,0.9666558694989238
76561198026115638,0,0.005351673811674118,9,0.9666558694989238
76561198805915435,0,0.005313289351761341,9,0.9666558694989238
76561198020085599,0,0.007617189548909664,9,0.9666558694989238
76561198096996769,0,0.003798783989623189,9,0.9666558694989238
76561198034709490,0,0.5979297757148743,9,0.9666558694989238
76561198090390406,0,0.007012651301920414,9,0.9666558694989238
76561199024601424,0,0.0051777963526546955,9,0.9666558694989238
76561199065946343,0,0.25233596563339233,9,0.9666558694989238
76561198134771187,0,0.011615916155278683,9,0.9666558694989238
76561198309727779,0,0.012571020051836967,9,0.9666558694989238
76561198165283954,0,0.01797383464872837,9,0.9666558694989238
76561198051364398,0,0.018570393323898315,9,0.9666558694989238
76561198818987549,0,0.004359527491033077,9,0.9666558694989238
76561197974244730,0,0.005412133876234293,9,0.9666558694989238
76561198172264035,0,0.0062288143672049046,9,0.9666558694989238
76561198798878252,0,0.05115286633372307,9,0.9666558694989238
76561199195967261,0,0.0035891691222786903,9,0.9666558694989238
76561198985219889,0,0.04851024970412254,9,0.9666558694989238
76561198324737533,0,0.012230532243847847,9,0.9666558694989238
76561197963284754,0,0.0033887780737131834,9,0.9666558694989238
76561198124508950,0,0.0035873453598469496,9,0.9666558694989238
76561197982544175,0,0.03976202756166458,9,0.9666558694989238
76561198992767354,0,0.8018202185630798,9,0.9666558694989238
76561199117306045,0,0.004620919469743967,9,0.9666558694989238
76561198136106556,0,0.015185797587037086,9,0.9666558694989238
76561199059022000,0,0.17398793995380402,9,0.9666558694989238
76561199002305824,1,0.8920699954032898,9,0.9666558694989238
76561198022567232,0,0.023107856512069702,9,0.9666558694989238
76561199498858487,0,0.0044035715982317924,9,0.9666558694989238
76561199105542074,0,0.03898153454065323,9,0.9666558694989238
76561199556389794,0,0.004730939399451017,9,0.9666558694989238
76561198372729438,0,0.8393569588661194,9,0.9666558694989238
76561198384517153,0,0.44955378770828247,9,0.9666558694989238
76561199618608014,0,0.00478380499407649,9,0.9666558694989238
76561198046952709,0,0.004801841452717781,9,0.9666558694989238
76561199150153913,0,0.010661102831363678,9,0.9666558694989238
76561198798337231,0,0.00770105654373765,9,0.9666558694989238
76561198221564312,0,0.24482688307762146,9,0.9666558694989238
76561198092694840,0,0.0040227873250842094,9,0.9666558694989238
76561198182463083,0,0.18291965126991272,9,0.9666558694989238
76561198119162221,0,0.881976842880249,9,0.9666558694989238
76561198057053173,0,0.9219473600387573,9,0.9666558694989238
76561199169834421,0,0.24108678102493286,9,0.9666558694989238
76561198954783276,0,0.9697282314300537,9,0.9666558694989238
76561198164275986,0,0.00735397357493639,9,0.9666558694989238
76561198022681522,0,0.47029829025268555,9,0.9666558694989238
76561198153424009,1,0.9252015352249146,9,0.9666558694989238
76561198105378354,0,0.713381826877594,9,0.9666558694989238
76561199116152093,0,0.41740894317626953,9,0.9666558694989238
76561198027749402,0,0.44065535068511963,9,0.9666558694989238
76561198416023002,1,0.9771862030029297,9,0.9666558694989238
76561198091408983,0,0.8848283290863037,9,0.9666558694989238
76561198334049730,0,0.806901752948761,9,0.9666558694989238
76561198035217532,0,0.9399545192718506,9,0.9666558694989238
76561199123338002,0,0.017227545380592346,9,0.9666558694989238
76561198266973485,0,0.021862264722585678,9,0.9666558694989238
76561198124836685,0,0.27109551429748535,9,0.9666558694989238
76561199127662726,0,0.9112489819526672,9,0.9666558694989238
76561198042057973,0,0.21624694764614105,9,0.9666558694989238
76561198872995841,0,0.34225162863731384,9,0.9666558694989238
76561198121881205,0,0.0038590242620557547,9,0.9666558694989238
76561198354378925,0,0.8524534106254578,9,0.9666558694989238
76561198015199246,0,0.4497513771057129,9,0.9666558694989238
76561198050660162,0,0.46854329109191895,9,0.9666558694989238
76561198285790877,0,0.00816582515835762,9,0.9666558694989238
76561198097979715,0,0.9152922034263611,9,0.9666558694989238
76561199120941701,0,0.08560866862535477,9,0.9666558694989238
76561199005968771,0,0.012958970852196217,9,0.9666558694989238
76561199123642109,0,0.003869898384436965,9,0.9666558694989238
76561199439898050,0,0.0046594468876719475,9,0.9666558694989238
76561198068872572,0,0.0039124335162341595,9,0.9666558694989238
76561198999448090,0,0.045761968940496445,9,0.9666558694989238
76561198442259745,0,0.0038127731531858444,9,0.9666558694989238
76561198393794586,0,0.003819734090939164,9,0.9666558694989238
76561198005502966,0,0.6875133514404297,9,0.9666558694989238
76561199749378395,0,0.011206031776964664,9,0.9666558694989238
76561198003327706,0,0.004598187282681465,9,0.9666558694989238
76561198975638539,0,0.8797052502632141,9,0.9666558694989238
76561199067704340,0,0.010661102831363678,9,0.9666558694989238
76561198069266196,0,0.06164504960179329,9,0.9666558694989238
76561198085347010,0,0.006422023754566908,9,0.9666558694989238
76561197969305342,0,0.04303497448563576,9,0.9666558694989238
76561198077236178,0,0.007589621935039759,9,0.9666558694989238
76561198080426448,0,0.018625633791089058,9,0.9666558694989238
76561198042445896,0,0.016024770215153694,9,0.9666558694989238
76561198084476321,1,0.9790676832199097,9,0.9666558694989238
76561199130481505,0,0.1787363439798355,9,0.9666558694989238
76561199271888067,0,0.00311252661049366,9,0.9666558694989238
76561198083127600,0,0.5589210987091064,9,0.9666558694989238
76561198853355939,1,0.916307270526886,9,0.9666558694989238
76561199223813736,0,0.003717750310897827,9,0.9666558694989238
76561198039691874,0,0.004040469881147146,9,0.9666558694989238
76561199114284642,0,0.01527902577072382,9,0.9666558694989238
76561199419140323,0,0.060118891298770905,9,0.9666558694989238
76561198957804681,0,0.006576138082891703,9,0.9666558694989238
76561198315540773,0,0.00472891004756093,9,0.9666558694989238
76561198231194968,0,0.28291812539100647,9,0.9666558694989238
76561199696743463,0,0.005128733813762665,9,0.9666558694989238
76561198114846573,0,0.003484513843432069,9,0.9666558694989238
76561198856885047,0,0.22304989397525787,9,0.9666558694989238
76561199471933086,0,0.13196596503257751,9,0.9666558694989238
76561198195092970,0,0.013365262188017368,9,0.9666558694989238
76561198193255278,0,0.008715442381799221,9,0.9666558694989238
76561198155319154,0,0.004467128776013851,9,0.9666558694989238
76561198178605583,0,0.0030497091356664896,9,0.9666558694989238
76561198972779382,0,0.04119483381509781,9,0.9666558694989238
76561198064427957,0,0.004007900133728981,9,0.9666558694989238
76561198117211876,0,0.027703173458576202,9,0.9666558694989238
76561199443212724,0,0.003241853090003133,9,0.9666558694989238
76561198184735661,0,0.03647589683532715,9,0.9666558694989238
76561198403253922,0,0.0035891691222786903,9,0.9666558694989238
76561198189312695,0,0.003410039469599724,9,0.9666558694989238
76561198238868486,0,0.49842414259910583,9,0.9666558694989238
76561199230518674,0,0.004337057936936617,9,0.9666558694989238
76561198239495574,0,0.0031844975892454386,9,0.9666558694989238
76561198103909672,0,0.0299806110560894,9,0.9666558694989238
76561199038122361,0,0.010872540064156055,9,0.9666558694989238
76561198304921768,0,0.5853777527809143,9,0.9666558694989238
76561199615612708,0,0.01423953752964735,9,0.9666558694989238
76561199028822396,0,0.004330819007009268,9,0.9666558694989238
76561199095471655,0,0.0037864106707274914,9,0.9666558694989238
76561198212613497,0,0.004517737310379744,9,0.9666558694989238
76561198986778328,0,0.003504493972286582,9,0.9666558694989238
76561198930973590,0,0.004510004539042711,9,0.9666558694989238
76561199100248747,0,0.09906858950853348,9,0.9666558694989238
76561198081090481,1,0.8897906541824341,9,0.9666558694989238
76561199251331876,0,0.042342156171798706,9,0.9666558694989238
76561198045969559,0,0.6335826516151428,9,0.9666558694989238
76561198315865889,0,0.5686701536178589,9,0.9666558694989238
76561198029355384,0,0.08285363763570786,9,0.9666558694989238
76561199121373608,0,0.00449640117585659,9,0.9666558694989238
76561198368936330,0,0.9182779788970947,9,0.9666558694989238
76561198142183507,0,0.012548134662210941,9,0.9666558694989238
76561198818655331,0,0.08786986768245697,9,0.9666558694989238
76561198136064874,0,0.7529805898666382,9,0.9666558694989238
76561198041682384,1,0.9347738027572632,9,0.9666558694989238
76561199004377149,0,0.015306642279028893,9,0.9666558694989238
76561199472624221,0,0.0034958606120198965,9,0.9666558694989238
76561197996876399,0,0.8968221545219421,9,0.9666558694989238
76561198263574129,0,0.004345941357314587,9,0.9666558694989238
76561198288940425,0,0.9587826728820801,9,0.9666558694989238
76561199143453783,0,0.005704059265553951,9,0.9666558694989238
76561198233143828,0,0.0064286296255886555,9,0.9666558694989238
76561198984940769,0,0.7030653357505798,9,0.9666558694989238
76561199186643791,0,0.06411006301641464,9,0.9666558694989238
76561198054502266,0,0.006462445016950369,9,0.9666558694989238
76561198166078384,1,0.9718546271324158,9,0.9666558694989238
76561199206417060,0,0.008966256864368916,9,0.9666558694989238
76561198303832916,0,0.017239175736904144,9,0.9666558694989238
76561198036731223,0,0.13156452775001526,9,0.9666558694989238
76561198169700269,0,0.23737387359142303,9,0.9666558694989238
76561198112901416,0,0.0060652755200862885,9,0.9666558694989238
76561199037386649,0,0.005376833025366068,9,0.9666558694989238
76561198059064871,0,0.037606075406074524,9,0.9666558694989238
76561197993226996,0,0.6083160638809204,9,0.9666558694989238
76561198140715084,0,0.6929792165756226,9,0.9666558694989238
76561198417050697,0,0.361889511346817,9,0.9666558694989238
76561198062759544,0,0.004292051307857037,9,0.9666558694989238
76561198332400505,0,0.5665801167488098,9,0.9666558694989238
76561199111778741,0,0.007706455420702696,9,0.9666558694989238
76561199202737322,0,0.01665095053613186,9,0.9666558694989238
76561198844533387,0,0.7370400428771973,9,0.9666558694989238
76561198805160559,0,0.011779463849961758,9,0.9666558694989238
76561198037876419,0,0.8118129968643188,9,0.9666558694989238
76561199164792507,0,0.013693735003471375,9,0.9666558694989238
76561198292771727,0,0.015406387858092785,9,0.9666558694989238
76561198106826726,0,0.9733779430389404,9,0.9666558694989238
76561199192529990,0,0.005852059926837683,9,0.9666558694989238
76561199078881258,0,0.059278249740600586,9,0.9666558694989238
76561199243896862,0,0.08801186829805374,9,0.9666558694989238
76561198910560664,0,0.005691452417522669,9,0.9666558694989238
76561198936498388,0,0.025615843012928963,9,0.9666558694989238
76561198027563890,0,0.9213755130767822,9,0.9666558694989238
76561199048217976,0,0.003321834374219179,9,0.9666558694989238
76561198013166594,1,0.9005339741706848,9,0.9666558694989238
76561198802061115,0,0.0037113658618181944,9,0.9666558694989238
76561198437998852,0,0.030847251415252686,9,0.9666558694989238
76561198005377402,0,0.002861066022887826,9,0.9666558694989238
76561198040164252,0,0.7124005556106567,9,0.9666558694989238
76561197972359958,0,0.004379449877887964,9,0.9666558694989238
76561198247170448,0,0.009380113333463669,9,0.9666558694989238
76561198075506167,0,0.02953992411494255,9,0.9666558694989238
76561198053527196,0,0.0036943620070815086,9,0.9666558694989238
76561198155497512,0,0.012722386047244072,9,0.9666558694989238
76561199520063319,0,0.017459457740187645,9,0.9666558694989238
76561199042397588,0,0.00472891004756093,9,0.9666558694989238
76561197985683858,0,0.006522029638290405,9,0.9666558694989238
76561199043628874,0,0.5904363393783569,9,0.9666558694989238
76561198128610460,0,0.007814181968569756,9,0.9666558694989238
76561198278514079,0,0.7465745806694031,9,0.9666558694989238
76561198983734970,0,0.0032691163942217827,9,0.9666558694989238
76561198851181500,0,0.2574501931667328,9,0.9666558694989238
76561198070491464,0,0.1302294135093689,9,0.9666558694989238
76561198039401091,0,0.0034622158855199814,9,0.9666558694989238
76561198110762293,0,0.0743575468659401,9,0.9666558694989238
76561198081161497,0,0.5872516632080078,9,0.9666558694989238
76561199218638332,0,0.04584682732820511,9,0.9666558694989238
76561199118568563,0,0.0039764088578522205,9,0.9666558694989238
76561198099341832,0,0.13905315101146698,9,0.9666558694989238
76561199124735587,0,0.012531389482319355,9,0.9666558694989238
76561197987129363,0,0.01622200757265091,9,0.9666558694989238
76561199564270450,0,0.8167357444763184,9,0.9666558694989238
76561198047938349,0,0.3398614227771759,9,0.9666558694989238
76561198082988280,0,0.006872224621474743,9,0.9666558694989238
76561198308984091,0,0.0033670763950794935,9,0.9666558694989238
76561199004635133,0,0.004009083844721317,9,0.9666558694989238
76561198022514414,0,0.004632499068975449,9,0.9666558694989238
76561198272531549,0,0.003806301625445485,9,0.9666558694989238
76561199111456709,0,0.0035787075757980347,9,0.9666558694989238
76561198990772600,0,0.003445620648562908,9,0.9666558694989238
76561198246206402,0,0.010436277836561203,9,0.9666558694989238
76561199068534240,0,0.007072596810758114,9,0.9666558694989238
76561199104617326,0,0.033086203038692474,9,0.9666558694989238
76561198996520527,0,0.20631755888462067,9,0.9666558694989238
76561199277391450,0,0.006519953720271587,9,0.9666558694989238
76561199204271524,0,0.18518157303333282,9,0.9666558694989238
76561198439476189,0,0.05711899325251579,9,0.9666558694989238
76561198315949743,0,0.22659306228160858,9,0.9666558694989238
76561198001034628,0,0.6559018492698669,9,0.9666558694989238
76561198038786877,0,0.5331783890724182,9,0.9666558694989238
76561197998766064,0,0.9409937262535095,9,0.9666558694989238
76561199199218166,0,0.637763261795044,9,0.9666558694989238
76561198042593979,0,0.7612849473953247,9,0.9666558694989238
76561198362469074,0,0.6539778709411621,9,0.9666558694989238
76561198157880492,0,0.004165589343756437,9,0.9666558694989238
76561198929391462,0,0.004372789524495602,9,0.9666558694989238
76561198131125058,0,0.04295901581645012,9,0.9666558694989238
76561198082492514,0,0.04264511913061142,9,0.9666558694989238
76561198042572468,0,0.29736748337745667,9,0.9666558694989238
76561199126758956,0,0.004619641229510307,9,0.9666558694989238
76561199501327753,0,0.26839426159858704,9,0.9666558694989238
76561198057878128,0,0.085016630589962,9,0.9666558694989238
76561197970527056,0,0.5961607694625854,9,0.9666558694989238
76561197991909490,0,0.6602333188056946,9,0.9666558694989238
76561199314084985,0,0.25021082162857056,9,0.9666558694989238
76561199044048373,0,0.01102920901030302,9,0.9666558694989238
76561198267825837,0,0.004713467787951231,9,0.9666558694989238
76561199077168565,0,0.004985901992768049,9,0.9666558694989238
76561199748415259,0,0.11032608896493912,9,0.9666558694989238
76561198091192945,0,0.004222243092954159,9,0.9666558694989238
76561199141367483,0,0.025895871222019196,9,0.9666558694989238
76561198015545026,0,0.7313326597213745,9,0.9666558694989238
76561198108142716,0,0.887168288230896,9,0.9666558694989238
76561199140362175,1,0.9811634421348572,9,0.9666558694989238
76561197995169868,0,0.5710857510566711,9,0.9666558694989238
76561199089114953,0,0.9430790543556213,9,0.9666558694989238
76561198000381065,0,0.35829874873161316,9,0.9666558694989238
76561199126062155,0,0.9347333312034607,9,0.9666558694989238
76561198355222487,0,0.4966142475605011,9,0.9666558694989238
76561198047248206,0,0.09780824184417725,9,0.9666558694989238
76561198058968555,0,0.1913982629776001,9,0.9666558694989238
76561198090696542,0,0.5112568736076355,9,0.9666558694989238
76561198164091446,0,0.12363672256469727,9,0.9666558694989238
76561198116738500,0,0.504532516002655,9,0.9666558694989238
76561199020092777,0,0.7060269713401794,9,0.9666558694989238
76561198023801280,0,0.6200156211853027,9,0.9666558694989238
76561198972116144,0,0.4490664005279541,9,0.9666558694989238
76561198050197151,0,0.7121288180351257,9,0.9666558694989238
76561198420337096,0,0.0040092989802360535,9,0.9666558694989238
76561198014938546,0,0.007855435833334923,9,0.9666558694989238
76561198228517532,0,0.006204251665621996,9,0.9666558694989238
76561198843352979,0,0.5193619728088379,9,0.9666558694989238
76561199243368827,0,0.015611930750310421,9,0.9666558694989238
76561197995595429,0,0.007322296965867281,9,0.9666558694989238
76561198142744585,0,0.891541063785553,9,0.9666558694989238
76561198041194360,0,0.44607529044151306,9,0.9666558694989238
76561198128452803,0,0.9436377286911011,9,0.9666558694989238
76561198799302657,0,0.7400186061859131,9,0.9666558694989238
76561198451229668,0,0.005781273823231459,9,0.9666558694989238
76561198047560309,0,0.4187108874320984,9,0.9666558694989238
76561198304828694,0,0.022013895213603973,9,0.9666558694989238
76561198107340101,0,0.8903944492340088,9,0.9666558694989238
76561198147670050,0,0.42925554513931274,9,0.9666558694989238
76561198050250607,0,0.2014237493276596,9,0.9666558694989238
76561198404135290,0,0.009567772969603539,9,0.9666558694989238
76561198075248760,0,0.018932541832327843,9,0.9666558694989238
76561198010864294,0,0.00514003774151206,9,0.9666558694989238
76561198340456236,0,0.26076415181159973,9,0.9666558694989238
76561198264231934,0,0.6596447825431824,9,0.9666558694989238
76561199036963992,0,0.0039031640626490116,9,0.9666558694989238
76561198845891907,0,0.49245694279670715,9,0.9666558694989238
76561198067130671,0,0.005356897134333849,9,0.9666558694989238
76561198866674493,0,0.056026458740234375,9,0.9666558694989238
76561199684195053,0,0.0784345343708992,9,0.9666558694989238
76561199211066818,0,0.40501168370246887,9,0.9666558694989238
76561199172231436,0,0.004464525729417801,9,0.9666558694989238
76561199465702530,0,0.007102284114807844,9,0.9666558694989238
76561198032851863,0,0.7332404255867004,9,0.9666558694989238
76561197978122095,0,0.007372826337814331,9,0.9666558694989238
76561199439211933,0,0.003628012491390109,9,0.9666558694989238
76561199067368518,0,0.31273528933525085,9,0.9666558694989238
76561199055855581,0,0.00325055792927742,9,0.9666558694989238
76561198341083851,0,0.1255148947238922,9,0.9666558694989238
76561199138202911,0,0.0038323320914059877,9,0.9666558694989238
76561198923783590,0,0.006974160671234131,9,0.9666558694989238
76561198125736599,0,0.004595652222633362,9,0.9666558694989238
76561198090342848,0,0.004140297882258892,9,0.9666558694989238
76561198911339732,0,0.0728701800107956,9,0.9666558694989238
76561198037529477,0,0.005232779309153557,9,0.9666558694989238
76561199112306589,0,0.0055266330018639565,9,0.9666558694989238
76561198839682141,0,0.003084865165874362,9,0.9666558694989238
76561198030449121,0,0.027140958234667778,9,0.9666558694989238
76561197996352190,0,0.007647618185728788,9,0.9666558694989238
76561198977655471,0,0.004175988957285881,9,0.9666558694989238
76561198057576390,0,0.007069633807986975,9,0.9666558694989238
76561199019397182,0,0.11527275294065475,9,0.9666558694989238
76561199100567310,0,0.03573289513587952,9,0.9666558694989238
76561199122387280,0,0.002946951426565647,9,0.9666558694989238
76561198122251147,0,0.9470710754394531,9,0.9666558694989238
76561198007423704,0,0.7801064848899841,9,0.9666558694989238
76561198930141210,0,0.31533586978912354,9,0.9666558694989238
76561199117823244,1,0.9832912683486938,9,0.9666558694989238
76561198348570705,0,0.00868731178343296,9,0.9666558694989238
76561198082706318,0,0.0033882323186844587,9,0.9666558694989238
76561198324707095,0,0.8921816945075989,9,0.9666558694989238
76561197986288786,0,0.019276583567261696,9,0.9666558694989238
76561198006607064,0,0.6345717310905457,9,0.9666558694989238
76561199007274937,0,0.6641376614570618,9,0.9666558694989238
76561199092866100,0,0.8325473666191101,9,0.9666558694989238
76561198327372352,0,0.005964935291558504,9,0.9666558694989238
76561199150304660,0,0.004234880208969116,9,0.9666558694989238
76561198129667364,0,0.3718678951263428,9,0.9666558694989238
76561197991384366,0,0.008404267020523548,9,0.9666558694989238
76561199087983069,0,0.010965082794427872,9,0.9666558694989238
76561198396673647,0,0.3456729054450989,9,0.9666558694989238
76561198025911228,0,0.43187952041625977,9,0.9666558694989238
76561198152758694,0,0.9205109477043152,9,0.9666558694989238
76561199093698849,0,0.006464855279773474,9,0.9666558694989238
76561198382452575,0,0.006764417514204979,9,0.9666558694989238
76561198950762676,0,0.046709220856428146,9,0.9666558694989238
76561198018496079,0,0.01094685960561037,9,0.9666558694989238
76561198210017859,0,0.003739349078387022,9,0.9666558694989238
76561198971834106,0,0.006932595279067755,9,0.9666558694989238
76561197987480051,0,0.8663310408592224,9,0.9666558694989238
76561198159976254,0,0.024600425735116005,9,0.9666558694989238
76561198403199354,0,0.25214293599128723,9,0.9666558694989238
76561198018104752,0,0.92031329870224,9,0.9666558694989238
76561198840450639,0,0.04072168841958046,9,0.9666558694989238
76561198128087807,0,0.4129180610179901,9,0.9666558694989238
76561198154904165,0,0.1763012558221817,9,0.9666558694989238
76561198269984957,0,0.21298249065876007,9,0.9666558694989238
76561198962111674,0,0.0030659548938274384,9,0.9666558694989238
76561199226463113,0,0.00472891004756093,9,0.9666558694989238
76561199096242888,0,0.00621061772108078,9,0.9666558694989238
76561198856668014,0,0.007991430349647999,9,0.9666558694989238
76561198058947323,0,0.24637623131275177,9,0.9666558694989238
76561198213768740,0,0.005145280621945858,9,0.9666558694989238
76561198088451418,0,0.0035349137615412474,9,0.9666558694989238
76561198321914025,0,0.07438631355762482,9,0.9666558694989238
76561198099021481,0,0.04773452877998352,9,0.9666558694989238
76561199059898407,0,0.5782584547996521,9,0.9666558694989238
76561199202336465,0,0.017720695585012436,9,0.9666558694989238
76561198064598353,0,0.16530418395996094,9,0.9666558694989238
76561198845269035,0,0.0063457791693508625,9,0.9666558694989238
76561198263819145,0,0.905698835849762,9,0.9666558694989238
76561199439068053,0,0.005861097481101751,9,0.9666558694989238
76561197971313010,0,0.0037154974415898323,9,0.9666558694989238
76561198009036131,0,0.006026428658515215,9,0.9666558694989238
76561198294125922,0,0.2901565432548523,9,0.9666558694989238
76561197990975295,0,0.039012692868709564,9,0.9666558694989238
76561198848480768,0,0.01676083542406559,9,0.9666558694989238
76561198360586184,0,0.007039375603199005,9,0.9666558694989238
76561198285767708,0,0.003835672279819846,9,0.9666558694989238
76561198068933809,0,0.688164472579956,9,0.9666558694989238
76561199173100300,0,0.8449917435646057,9,0.9666558694989238
76561198146465771,0,0.012307381257414818,9,0.9666558694989238
76561198984098341,0,0.07258079200983047,9,0.9666558694989238
76561198174036139,0,0.009408624842762947,9,0.9666558694989238
76561198005215555,0,0.0036242189817130566,9,0.9666558694989238
76561199255872961,0,0.005672034807503223,9,0.9666558694989238
76561199801891185,0,0.004542662296444178,9,0.9666558694989238
76561198052241973,0,0.008176131173968315,9,0.9666558694989238
76561197975737250,0,0.8707925081253052,9,0.9666558694989238
76561199274280083,0,0.010748624801635742,9,0.9666558694989238
76561198071216977,0,0.11239537596702576,9,0.9666558694989238
76561198171903254,0,0.009347391314804554,9,0.9666558694989238
76561198870692351,0,0.0038417831528931856,9,0.9666558694989238
76561199036961075,0,0.09010817110538483,9,0.9666558694989238
76561198356153221,0,0.020055992528796196,9,0.9666558694989238
76561198835884432,0,0.00411661621183157,9,0.9666558694989238
76561198366875217,0,0.06443491578102112,9,0.9666558694989238
76561199177756996,0,0.12414916604757309,9,0.9666558694989238
76561198139959983,0,0.004811620339751244,9,0.9666558694989238
76561199693278761,0,0.0055266330018639565,9,0.9666558694989238
76561198075100466,0,0.0750604197382927,9,0.9666558694989238
76561198190201582,0,0.005308784544467926,9,0.9666558694989238
76561198111124566,0,0.9279650449752808,9,0.9666558694989238
76561199557165777,0,0.0033685697708278894,9,0.9666558694989238
76561199169064959,0,0.003628012491390109,9,0.9666558694989238
76561198251841098,0,0.0111756082624197,9,0.9666558694989238
76561199278259781,0,0.003777456469833851,9,0.9666558694989238
76561198012738913,0,0.006990062538534403,9,0.9666558694989238
76561198885824248,0,0.8965842127799988,9,0.9666558694989238
76561199525000116,0,0.0052727158181369305,9,0.9666558694989238
76561198021891938,0,0.003960102796554565,9,0.9666558694989238
76561199139244531,0,0.005348177161067724,9,0.9666558694989238
76561198062040024,0,0.8640874624252319,9,0.9666558694989238
76561198112287764,0,0.9472209811210632,9,0.9666558694989238
76561198021495189,0,0.011285082437098026,9,0.9666558694989238
76561198045549717,0,0.31903883814811707,9,0.9666558694989238
76561198328939962,0,0.003065083408728242,9,0.9666558694989238
76561199103545091,0,0.7872655987739563,9,0.9666558694989238
76561199092355947,0,0.7320433855056763,9,0.9666558694989238
76561199092587096,0,0.37330687046051025,9,0.9666558694989238
76561198081763863,0,0.015738343819975853,9,0.9666558694989238
76561198036050477,0,0.3141111433506012,9,0.9666558694989238
76561198407539170,0,0.0031790079083293676,9,0.9666558694989238
76561197968572443,0,0.4129024147987366,9,0.9666558694989238
76561198024220963,0,0.007309549953788519,9,0.9666558694989238
76561199230033535,0,0.30004969239234924,9,0.9666558694989238
76561199260891727,0,0.0029911519959568977,9,0.9666558694989238
76561198970721191,0,0.30290254950523376,9,0.9666558694989238
76561198038708317,0,0.004429019056260586,9,0.9666558694989238
76561198094229014,0,0.8414319753646851,9,0.9666558694989238
76561198101033648,0,0.00576573284342885,9,0.9666558694989238
76561198050228481,0,0.8196303248405457,9,0.9666558694989238
76561198273898776,0,0.9749695658683777,9,0.9666558694989238
76561198427471216,0,0.004704202525317669,9,0.9666558694989238
76561198051371301,0,0.8965190649032593,9,0.9666558694989238
76561198381279081,0,0.2624112069606781,9,0.9666558694989238
76561198083494551,0,0.5581487417221069,9,0.9666558694989238
76561199353717576,0,0.08785893023014069,9,0.9666558694989238
76561199258397082,0,0.004352003801614046,9,0.9666558694989238
76561199006265055,0,0.7157509326934814,9,0.9666558694989238
76561198073486479,0,0.003943619318306446,9,0.9666558694989238
76561197985579654,1,0.9223037362098694,9,0.9666558694989238
76561198392064411,0,0.005789675284177065,9,0.9666558694989238
76561199385378324,0,0.4780631959438324,9,0.9666558694989238
76561199465684999,0,0.36343690752983093,9,0.9666558694989238
76561199237582907,0,0.24597373604774475,9,0.9666558694989238
76561199095753981,0,0.42234739661216736,9,0.9666558694989238
76561197962593433,0,0.016613250598311424,9,0.9666558694989238
76561198006590112,0,0.02224513702094555,9,0.9666558694989238
76561198141994461,0,0.0070084258913993835,9,0.9666558694989238
76561198110290631,0,0.009861652739346027,9,0.9666558694989238
76561198117023377,0,0.019298918545246124,9,0.9666558694989238
76561198263306772,0,0.0037105826195329428,9,0.9666558694989238
76561198288523860,0,0.524743914604187,9,0.9666558694989238
76561198052321962,0,0.0050268941558897495,9,0.9666558694989238
76561197971737246,0,0.7228943705558777,9,0.9666558694989238
76561198451669910,0,0.007743422873318195,9,0.9666558694989238
76561198338759629,0,0.04575938358902931,9,0.9666558694989238
76561198249841578,0,0.9341399073600769,9,0.9666558694989238
76561199093070647,0,0.0035272727254778147,9,0.9666558694989238
76561198207948959,0,0.05095285549759865,9,0.9666558694989238
76561198833046372,0,0.3125113248825073,9,0.9666558694989238
76561199069313255,0,0.0030137901194393635,9,0.9666558694989238
76561198070988193,0,0.012310268357396126,9,0.9666558694989238
76561198051160895,0,0.6744257807731628,9,0.9666558694989238
76561197970986701,0,0.046151310205459595,9,0.9666558694989238
76561198099659573,0,0.011387517675757408,9,0.9666558694989238
76561198116331696,0,0.09231846034526825,9,0.9666558694989238
76561198131709688,0,0.06478846073150635,9,0.9666558694989238
76561198139345797,0,0.0471845306456089,9,0.9666558694989238
76561199121586305,0,0.021638669073581696,9,0.9666558694989238
76561199242389377,0,0.032299935817718506,9,0.9666558694989238
76561199375412414,0,0.012085785157978535,9,0.9666558694989238
76561199084170335,0,0.8780514597892761,9,0.9666558694989238
76561199247776463,0,0.03250696882605553,9,0.9666558694989238
76561198929735150,0,0.23843348026275635,9,0.9666558694989238
76561198102822458,0,0.09827472269535065,9,0.9666558694989238
76561198191551081,0,0.4717669188976288,9,0.9666558694989238
76561198824027548,0,0.03745438903570175,9,0.9666558694989238
76561198376548914,0,0.04877982661128044,9,0.9666558694989238
76561198855748690,0,0.004677901975810528,9,0.9666558694989238
76561198090281502,0,0.00423268461599946,9,0.9666558694989238
76561198018920235,0,0.003207569709047675,9,0.9666558694989238
76561198098273205,0,0.006597233470529318,9,0.9666558694989238
76561199091528098,0,0.003254930255934596,9,0.9666558694989238
76561198140284840,0,0.0047727893106639385,9,0.9666558694989238
76561198046064757,0,0.02147839218378067,9,0.9666558694989238
76561199657982649,0,0.009053103625774384,9,0.9666558694989238
76561198137911021,0,0.005824699066579342,9,0.9666558694989238
76561198032540273,0,0.5962774157524109,9,0.9666558694989238
76561198189809791,0,0.0040383669547736645,9,0.9666558694989238
76561198273024258,0,0.01393272913992405,9,0.9666558694989238
76561198350485641,0,0.013483528047800064,9,0.9666558694989238
76561198880410227,0,0.003042945871129632,9,0.9666558694989238
76561199122127847,0,0.006204251665621996,9,0.9666558694989238
76561199081082961,0,0.005107789300382137,9,0.9666558694989238
76561198290433767,0,0.00501211965456605,9,0.9666558694989238
76561199144412076,0,0.008317343890666962,9,0.9666558694989238
76561198274590587,1,0.9684094786643982,9,0.9666558694989238
76561198358111286,0,0.0039036530070006847,9,0.9666558694989238
76561198856347084,0,0.41086897253990173,9,0.9666558694989238
76561198004300259,0,0.015557678416371346,9,0.9666558694989238
76561199124686413,0,0.0029911519959568977,9,0.9666558694989238
76561198367901172,0,0.04118331894278526,9,0.9666558694989238
76561198250900500,0,0.008144792169332504,9,0.9666558694989238
76561199244428778,0,0.003911234438419342,9,0.9666558694989238
76561198154230908,0,0.034017112106084824,9,0.9666558694989238
76561199362078735,0,0.008309335447847843,9,0.9666558694989238
76561198223018320,0,0.008842228911817074,9,0.9666558694989238
76561198150173067,0,0.005120949354022741,9,0.9666558694989238
76561198887864778,0,0.003442817134782672,9,0.9666558694989238
76561198179328969,0,0.5109595656394958,9,0.9666558694989238
76561198025405648,0,0.9093484878540039,9,0.9666558694989238
76561198040371765,0,0.33578890562057495,9,0.9666558694989238
76561198115178927,0,0.37285754084587097,9,0.9666558694989238
76561199083051765,1,0.9860759377479553,9,0.9666558694989238
76561198092612906,0,0.8186137676239014,9,0.9666558694989238
76561199096108815,0,0.03545739874243736,9,0.9666558694989238
76561198043846669,1,0.936210572719574,9,0.9666558694989238
76561198088027915,0,0.8838127255439758,9,0.9666558694989238
76561198101498291,0,0.006329464726150036,9,0.9666558694989238
76561198394659608,1,0.9499338269233704,9,0.9666558694989238
76561198890311902,0,0.005672034807503223,9,0.9666558694989238
76561198144459993,0,0.5640962719917297,9,0.9666558694989238
76561198354438147,0,0.011310470290482044,9,0.9666558694989238
76561198398936422,0,0.8860313296318054,9,0.9666558694989238
76561198043265574,0,0.9542325735092163,9,0.9666558694989238
76561198837270333,1,0.9804219603538513,9,0.9666558694989238
76561199228696535,0,0.9690170288085938,9,0.9666558694989238
76561198087862546,0,0.005199736915528774,9,0.9666558694989238
76561198105362001,0,0.1991012692451477,9,0.9666558694989238
76561198822690398,0,0.6764407753944397,9,0.9666558694989238
76561199174145103,1,0.9855687022209167,9,0.9666558694989238
76561199168130586,0,0.0038721233140677214,9,0.9666558694989238
76561198028809002,0,0.7969334125518799,9,0.9666558694989238
76561198061288230,0,0.8015468120574951,9,0.9666558694989238
76561198283881372,0,0.010050631128251553,9,0.9666558694989238
76561198049117293,0,0.6079999208450317,9,0.9666558694989238
76561199325230106,0,0.006129080895334482,9,0.9666558694989238
76561197997815947,0,0.26831862330436707,9,0.9666558694989238
76561198192069351,0,0.023296957835555077,9,0.9666558694989238
76561198140681338,0,0.7334189414978027,9,0.9666558694989238
76561198105027872,0,0.9384344220161438,9,0.9666558694989238
76561198038648897,0,0.010512804612517357,9,0.9666558694989238
76561198795864390,0,0.011716497130692005,9,0.9666558694989238
76561198135650960,0,0.9654143452644348,9,0.9666558694989238
76561197970628459,0,0.9141396284103394,9,0.9666558694989238
76561198193707370,0,0.10319845378398895,9,0.9666558694989238
76561198378955872,0,0.008093374781310558,9,0.9666558694989238
76561198804829310,0,0.06202942132949829,9,0.9666558694989238
76561198212011164,0,0.9011505842208862,9,0.9666558694989238
76561198201774387,0,0.033732131123542786,9,0.9666558694989238
76561198389994096,0,0.006092177703976631,9,0.9666558694989238
76561199031675449,0,0.011965866200625896,9,0.9666558694989238
76561198281049432,0,0.011531535536050797,9,0.9666558694989238
76561198307697516,0,0.005882612895220518,9,0.9666558694989238
76561198334039814,0,0.930315375328064,9,0.9666558694989238
76561198407827818,0,0.942183256149292,9,0.9666558694989238
76561198288127681,0,0.024123791605234146,9,0.9666558694989238
76561198993933312,0,0.005576455499976873,9,0.9666558694989238
76561198038526960,0,0.0031348371412605047,9,0.9666558694989238
76561198999631284,0,0.21938642859458923,9,0.9666558694989238
76561198045141286,0,0.4931037127971649,9,0.9666558694989238
76561199123599471,0,0.895453929901123,9,0.9666558694989238
76561199292455274,0,0.5802083611488342,9,0.9666558694989238
76561199104815184,0,0.021635955199599266,9,0.9666558694989238
76561198999703188,0,0.2224116027355194,9,0.9666558694989238
76561198329123142,0,0.314046710729599,9,0.9666558694989238
76561198859025935,0,0.014652539975941181,9,0.9666558694989238
76561198296282396,0,0.006435998249799013,9,0.9666558694989238
76561198097741571,0,0.12297958880662918,9,0.9666558694989238
76561198852275736,0,0.009431743994355202,9,0.9666558694989238
76561198879786568,0,0.009408624842762947,9,0.9666558694989238
76561198449537125,0,0.023896094411611557,9,0.9666558694989238
76561197979896672,0,0.004550513345748186,9,0.9666558694989238
76561198320447148,0,0.003681363770738244,9,0.9666558694989238
76561198282489070,0,0.15696030855178833,9,0.9666558694989238
76561198811399489,0,0.08581128716468811,9,0.9666558694989238
76561199252782479,0,0.9395325779914856,9,0.9666558694989238
76561198056894267,0,0.3883848488330841,9,0.9666558694989238
76561197961393515,1,0.9770182371139526,9,0.9666558694989238
76561198119194831,0,0.005637309513986111,9,0.9666558694989238
76561199174355940,0,0.016478674486279488,9,0.9666558694989238
76561198163663452,0,0.00472891004756093,9,0.9666558694989238
76561199225030352,0,0.003479920094832778,9,0.9666558694989238
76561198257356959,0,0.021169345825910568,9,0.9666558694989238
76561198332819373,0,0.003950979560613632,9,0.9666558694989238
76561199164302106,0,0.00472533842548728,9,0.9666558694989238
76561198869320196,0,0.009317047894001007,9,0.9666558694989238
76561199159711858,0,0.015359572134912014,9,0.9666558694989238
76561198845849312,0,0.13433901965618134,9,0.9666558694989238
76561198849680827,1,0.9805381894111633,9,0.9666558694989238
76561199166134945,0,0.006026480346918106,9,0.9666558694989238
76561198062862551,0,0.04102824255824089,9,0.9666558694989238
76561199267277095,0,0.0030137901194393635,9,0.9666558694989238
76561198337304248,0,0.7955002784729004,9,0.9666558694989238
76561199066543438,0,0.44614526629447937,9,0.9666558694989238
76561198008413886,0,0.01040324755012989,9,0.9666558694989238
76561199447372990,0,0.044696372002363205,9,0.9666558694989238
76561198934353702,0,0.4579523205757141,9,0.9666558694989238
76561199099719986,0,0.003439975203946233,9,0.9666558694989238
76561197963877200,0,0.004455920774489641,9,0.9666558694989238
76561198879644554,0,0.0033685697708278894,9,0.9666558694989238
76561199385193119,0,0.00309962360188365,9,0.9666558694989238
76561198056354759,0,0.0035075678024441004,9,0.9666558694989238
76561198838118043,0,0.0038492996245622635,9,0.9666558694989238
76561198132032050,0,0.003450893796980381,9,0.9666558694989238
76561198044132603,0,0.03448362275958061,9,0.9666558694989238
76561198127326760,0,0.06801978498697281,9,0.9666558694989238
76561199027598762,0,0.0040760100819170475,9,0.9666558694989238
76561198185414418,0,0.7428492903709412,9,0.9666558694989238
76561199099843067,0,0.3688001036643982,9,0.9666558694989238
76561199084200282,0,0.0060551967471838,9,0.9666558694989238
76561198240303112,0,0.7484138607978821,9,0.9666558694989238
76561199220548745,1,0.9295117259025574,9,0.9666558694989238
76561198309379533,0,0.043230682611465454,9,0.9666558694989238
76561199394710729,0,0.9199037551879883,9,0.9666558694989238
76561199637399966,0,0.11227551847696304,9,0.9666558694989238
76561198044805185,0,0.6278483867645264,9,0.9666558694989238
76561198154431288,0,0.7803761959075928,9,0.9666558694989238
76561199220697838,0,0.851028561592102,9,0.9666558694989238
76561199115941049,0,0.019374525174498558,9,0.9666558694989238
76561199181646243,0,0.8744685649871826,9,0.9666558694989238
76561198014877598,0,0.006598111242055893,9,0.9666558694989238
76561198037794271,0,0.23677976429462433,9,0.9666558694989238
76561198187788006,0,0.01909482851624489,9,0.9666558694989238
76561198987690801,0,0.006201959680765867,9,0.9666558694989238
76561198210191163,0,0.017156854271888733,9,0.9666558694989238
76561199171543677,0,0.006668741349130869,9,0.9666558694989238
76561198149776169,0,0.009292511269450188,9,0.9666558694989238
76561199467643417,0,0.022906003519892693,9,0.9666558694989238
76561198419060863,0,0.6910586357116699,9,0.9666558694989238
76561197971549744,0,0.009531845338642597,9,0.9666558694989238
76561198055663160,0,0.003012340283021331,9,0.9666558694989238
76561198034752110,0,0.5517421960830688,9,0.9666558694989238
76561197989244296,0,0.06705915927886963,9,0.9666558694989238
76561198360404855,0,0.47873950004577637,9,0.9666558694989238
76561198350338779,0,0.004194244276732206,9,0.9666558694989238
76561197999714366,0,0.4556030333042145,9,0.9666558694989238
76561198056916546,0,0.004611672833561897,9,0.9666558694989238
76561199015032257,0,0.003973292652517557,9,0.9666558694989238
76561198020207407,0,0.019573356956243515,9,0.9666558694989238
76561197970565911,0,0.7826178073883057,9,0.9666558694989238
76561198329176705,0,0.011535851284861565,9,0.9666558694989238
76561199075750618,0,0.156738743185997,9,0.9666558694989238
76561198329382429,0,0.00733008561655879,9,0.9666558694989238
76561198076110237,1,0.9763542413711548,9,0.9666558694989238
76561198925778603,0,0.0029381418135017157,9,0.9666558694989238
76561198047302008,0,0.5744554996490479,9,0.9666558694989238
76561198093123852,0,0.005672034807503223,9,0.9666558694989238
76561199002672870,0,0.7017026543617249,9,0.9666558694989238
76561198083094569,0,0.010798627510666847,9,0.9666558694989238
76561197991084852,1,0.9554429054260254,9,0.9666558694989238
76561198070083977,0,0.7781475782394409,9,0.9666558694989238
76561198052368767,0,0.00568330567330122,9,0.9666558694989238
76561198012595448,0,0.01022859662771225,9,0.9666558694989238
76561198070300937,0,0.00895102508366108,9,0.9666558694989238
76561199126068848,0,0.012993793934583664,9,0.9666558694989238
76561199498307300,0,0.06876832246780396,9,0.9666558694989238
76561199075092011,0,0.8458454608917236,9,0.9666558694989238
76561198165078523,0,0.1406887322664261,9,0.9666558694989238
76561198045014279,0,0.030749572440981865,9,0.9666558694989238
76561198292597106,0,0.0038105929270386696,9,0.9666558694989238
76561199169380120,0,0.029745157808065414,9,0.9666558694989238
76561199482512999,0,0.025374123826622963,9,0.9666558694989238
76561198436506941,0,0.00472891004756093,9,0.9666558694989238
76561198821968199,0,0.033707961440086365,9,0.9666558694989238
76561199084048130,0,0.7852224111557007,9,0.9666558694989238
76561199098154992,0,0.7136484980583191,9,0.9666558694989238
76561199485419951,0,0.009017863310873508,9,0.9666558694989238
76561198284555003,0,0.006101517006754875,9,0.9666558694989238
76561198067385890,0,0.048453930765390396,9,0.9666558694989238
76561198064456161,0,0.07774991542100906,9,0.9666558694989238
76561198402341124,0,0.004529250785708427,9,0.9666558694989238
76561199110691559,0,0.013409574516117573,9,0.9666558694989238
76561199388150697,0,0.005440846085548401,9,0.9666558694989238
76561199091429387,0,0.004462180193513632,9,0.9666558694989238
76561199211318132,0,0.003054386470466852,9,0.9666558694989238
76561198004118030,0,0.012292447499930859,9,0.9666558694989238
76561198121855442,0,0.016978058964014053,9,0.9666558694989238
76561197985829278,0,0.39201298356056213,9,0.9666558694989238
76561199202300463,1,0.9716999530792236,9,0.9666558694989238
76561198007709070,0,0.0051319170743227005,9,0.9666558694989238
76561198324935306,0,0.008775917813181877,9,0.9666558694989238
76561199052099995,0,0.005666663870215416,9,0.9666558694989238
76561198966089558,0,0.004711016546934843,9,0.9666558694989238
76561198147611422,0,0.005705404095351696,9,0.9666558694989238
76561197963794884,0,0.003924075979739428,9,0.9666558694989238
76561198982394187,0,0.0033903925213962793,9,0.9666558694989238
76561198833334766,0,0.4958644211292267,9,0.9666558694989238
76561199100546269,0,0.01600254699587822,9,0.9666558694989238
76561199629981008,0,0.007861067540943623,9,0.9666558694989238
76561198345674329,0,0.004597098100930452,9,0.9666558694989238
76561198330598643,0,0.003239742713049054,9,0.9666558694989238
76561198004763850,0,0.003040843643248081,9,0.9666558694989238
76561199233269705,0,0.011101447977125645,9,0.9666558694989238
76561199036989150,0,0.0032665133476257324,9,0.9666558694989238
76561198193796837,0,0.0044495053589344025,9,0.9666558694989238
76561198825012761,0,0.936637282371521,9,0.9666558694989238
76561198079731986,0,0.003628012491390109,9,0.9666558694989238
76561198115984662,0,0.621370792388916,9,0.9666558694989238
76561198998671808,0,0.8274980783462524,9,0.9666558694989238
76561198305573930,0,0.3059913218021393,9,0.9666558694989238
76561198030729126,0,0.5835251212120056,9,0.9666558694989238
76561198167411455,1,0.9641926288604736,9,0.9666558694989238
76561199055572956,0,0.018099753186106682,9,0.9666558694989238
76561198041010928,0,0.003182618413120508,9,0.9666558694989238
76561198035334025,0,0.03912657871842384,9,0.9666558694989238
76561198088842590,0,0.0037864106707274914,9,0.9666558694989238
76561198007557563,0,0.01631932519376278,9,0.9666558694989238
76561198083822953,0,0.9169372916221619,9,0.9666558694989238
76561198117858058,0,0.8659512996673584,9,0.9666558694989238
76561198153119903,0,0.12579397857189178,9,0.9666558694989238
76561199493240048,0,0.029743017628788948,9,0.9666558694989238
76561198079240760,1,0.9726253747940063,9,0.9666558694989238
76561198082402712,0,0.7280834913253784,9,0.9666558694989238
76561198295550108,0,0.7892400026321411,9,0.9666558694989238
76561199092449436,0,0.13329023122787476,9,0.9666558694989238
76561198006534704,0,0.832595705986023,9,0.9666558694989238
76561198064661901,0,0.5019826889038086,9,0.9666558694989238
76561198009356496,0,0.26178938150405884,9,0.9666558694989238
76561197983934575,0,0.003044301876798272,9,0.9666558694989238
76561199486362221,1,0.9820805788040161,9,0.9666558694989238
76561199046432910,0,0.1719200164079666,9,0.9666558694989238
76561199006892323,0,0.16463777422904968,9,0.9666558694989238
76561199401430013,0,0.8116248846054077,9,0.9666558694989238
76561198213323204,0,0.00520582590252161,9,0.9666558694989238
76561197972224720,0,0.3002028167247772,9,0.9666558694989238
76561198399383488,0,0.7399919629096985,9,0.9666558694989238
76561198084262742,0,0.00417145062237978,9,0.9666558694989238
76561198262608237,0,0.008923588320612907,9,0.9666558694989238
76561198108327867,0,0.7508804202079773,9,0.9666558694989238
76561199441254712,0,0.9023874402046204,9,0.9666558694989238
76561197964255473,0,0.006388538517057896,9,0.9666558694989238
76561198005504963,0,0.050446223467588425,9,0.9666558694989238
76561198275818762,0,0.9106574058532715,9,0.9666558694989238
76561199016852454,0,0.8951800465583801,9,0.9666558694989238
76561198163358091,0,0.8137058019638062,9,0.9666558694989238
76561198416677309,0,0.0066355373710393906,9,0.9666558694989238
76561198061805633,0,0.007602216210216284,9,0.9666558694989238
76561198980325880,0,0.125305637717247,9,0.9666558694989238
76561197995687417,0,0.005007827188819647,9,0.9666558694989238
76561198059056825,0,0.00637716194614768,9,0.9666558694989238
76561198982012597,0,0.006204251665621996,9,0.9666558694989238
76561198025804423,0,0.003724537091329694,9,0.9666558694989238
76561198049220248,0,0.014892030507326126,9,0.9666558694989238
76561199211789797,0,0.09134560078382492,9,0.9666558694989238
76561198145869564,1,0.9427570700645447,9,0.9666558694989238
76561199348094661,0,0.05338042974472046,9,0.9666558694989238
76561199034677950,0,0.005928516387939453,9,0.9666558694989238
76561198056879300,1,0.9441112875938416,9,0.9666558694989238
76561198304818760,0,0.08757466822862625,9,0.9666558694989238
76561198004948136,0,0.029849180951714516,9,0.9666558694989238
76561197991525608,0,0.007661197334527969,9,0.9666558694989238
76561199007809597,1,0.9846950173377991,9,0.9666558694989238
76561198314268647,0,0.05118085443973541,9,0.9666558694989238
76561198356760524,0,0.017336498945951462,9,0.9666558694989238
76561198059568127,0,0.004930813796818256,9,0.9666558694989238
76561198167466557,0,0.010255066677927971,9,0.9666558694989238
76561198070539161,0,0.23900260031223297,9,0.9666558694989238
76561199210583574,0,0.003138746600598097,9,0.9666558694989238
76561198007618151,0,0.008793518878519535,9,0.9666558694989238
76561199095275794,0,0.07605092227458954,9,0.9666558694989238
76561199521506204,0,0.005225957836955786,9,0.9666558694989238
76561199207460840,1,0.41681814193725586,9,0.9666558694989238
76561198392449269,0,0.0036854762583971024,9,0.9666558694989238
76561198388185712,0,0.0036085082683712244,9,0.9666558694989238
76561198277138542,0,0.05828302726149559,9,0.9666558694989238
76561198437978120,0,0.0063469368033111095,9,0.9666558694989238
76561198194960147,0,0.9781930446624756,9,0.9666558694989238
76561198055879301,0,0.004097453784197569,9,0.9666558694989238
76561198800506503,0,0.009242994710803032,9,0.9666558694989238
76561198025211417,0,0.055263057351112366,9,0.9666558694989238
76561198017021194,0,0.03283144533634186,9,0.9666558694989238
76561198795802343,0,0.004726507235318422,9,0.9666558694989238
76561198066309786,0,0.003723515896126628,9,0.9666558694989238
76561198011414522,0,0.0053451089188456535,9,0.9666558694989238
76561197985345332,0,0.009356637485325336,9,0.9666558694989238
76561197971802304,0,0.010026227682828903,9,0.9666558694989238
76561198994343958,0,0.0037851284723728895,9,0.9666558694989238
76561198097683267,0,0.004736423492431641,9,0.9666558694989238
76561198266146484,0,0.36884036660194397,9,0.9666558694989238
76561199251911747,0,0.008656502701342106,9,0.9666558694989238
76561198834260234,0,0.011557222343981266,9,0.9666558694989238
76561198018189494,0,0.03553122282028198,9,0.9666558694989238
76561199496887933,0,0.03545265644788742,9,0.9666558694989238
76561197992594516,0,0.005442890338599682,9,0.9666558694989238
76561198313032910,0,0.006973741110414267,9,0.9666558694989238
76561198079487951,0,0.3691137135028839,9,0.9666558694989238
76561198815538641,0,0.03026190586388111,9,0.9666558694989238
76561198074261271,0,0.0054894695058465,9,0.9666558694989238
76561199191658379,0,0.12071793526411057,9,0.9666558694989238
76561198267833051,0,0.016165398061275482,9,0.9666558694989238
76561198999054024,0,0.026914115995168686,9,0.9666558694989238
76561199092672420,0,0.16610348224639893,9,0.9666558694989238
76561198353756116,0,0.019104095175862312,9,0.9666558694989238
76561198191126705,1,0.9216471314430237,9,0.9666558694989238
76561197971894183,0,0.49131888151168823,9,0.9666558694989238
76561198133504522,0,0.8679678440093994,9,0.9666558694989238
76561198866060715,0,0.4553079307079315,9,0.9666558694989238
76561198314602535,0,0.8633874654769897,9,0.9666558694989238
76561198118324063,0,0.0037636326160281897,9,0.9666558694989238
76561198212769155,0,0.004818115849047899,9,0.9666558694989238
76561199494642768,0,0.04162435606122017,9,0.9666558694989238
76561198246429306,0,0.1631481945514679,9,0.9666558694989238
76561198083086724,0,0.12187568843364716,9,0.9666558694989238
76561198388002907,0,0.014972887933254242,9,0.9666558694989238
76561198273489790,0,0.00489159906283021,9,0.9666558694989238
76561199423711726,0,0.005809236783534288,9,0.9666558694989238
76561199171127958,0,0.00626745168119669,9,0.9666558694989238
76561198274462852,0,0.11289782077074051,9,0.9666558694989238
76561198007509412,0,0.136788472533226,9,0.9666558694989238
76561198852805543,0,0.0040653180330991745,9,0.9666558694989238
76561198272408674,0,0.0040320525877177715,9,0.9666558694989238
76561198135365022,0,0.03720340132713318,9,0.9666558694989238
76561198079864162,0,0.04204021766781807,9,0.9666558694989238
76561198082495576,0,0.6128714084625244,9,0.9666558694989238
76561198332171817,0,0.08793123811483383,9,0.9666558694989238
76561199130271046,0,0.01041140966117382,9,0.9666558694989238
76561198063838674,0,0.05532515421509743,9,0.9666558694989238
76561199111031220,0,0.0030960626900196075,9,0.9666558694989238
76561198841828639,0,0.004283564165234566,9,0.9666558694989238
76561197963079867,0,0.05762089788913727,9,0.9666558694989238
76561198051594388,0,0.02625747211277485,9,0.9666558694989238
76561198030239438,0,0.010242621414363384,9,0.9666558694989238
76561198024318664,0,0.008581244386732578,9,0.9666558694989238
76561198393495861,0,0.003029074752703309,9,0.9666558694989238
76561197961437169,0,0.006072892341762781,9,0.9666558694989238
76561197993704788,0,0.04349854215979576,9,0.9666558694989238
76561198063409333,0,0.9342391490936279,9,0.9666558694989238
76561199087172568,0,0.7240651845932007,9,0.9666558694989238
76561199018794824,0,0.2363542765378952,9,0.9666558694989238
76561198846683554,0,0.012324132956564426,9,0.9666558694989238
76561199588488746,0,0.003573117544874549,9,0.9666558694989238
76561197993105730,0,0.008017088286578655,9,0.9666558694989238
76561198128237630,0,0.004833451937884092,9,0.9666558694989238
76561198091536808,0,0.014680142514407635,9,0.9666558694989238
76561198184534586,0,0.815453290939331,9,0.9666558694989238
76561198125093057,0,0.009370199404656887,9,0.9666558694989238
76561198056719024,0,0.007818507961928844,9,0.9666558694989238
76561198002509100,0,0.01530391164124012,9,0.9666558694989238
76561198408229882,0,0.006087745074182749,9,0.9666558694989238
76561199020463928,0,0.0058561088517308235,9,0.9666558694989238
76561197994646581,0,0.037745151668787,9,0.9666558694989238
76561198379563458,0,0.005634685046970844,9,0.9666558694989238
76561199481758167,0,0.014624291099607944,9,0.9666558694989238
76561198077183312,0,0.3922593891620636,9,0.9666558694989238
76561198039857486,0,0.026114951819181442,9,0.9666558694989238
76561199136053374,0,0.003018556395545602,9,0.9666558694989238
76561198022148241,0,0.004617244470864534,9,0.9666558694989238
76561198160780772,0,0.003497365629300475,9,0.9666558694989238
76561199247603749,0,0.00401077326387167,9,0.9666558694989238
76561198982580448,0,0.005082929506897926,9,0.9666558694989238
76561198049145865,0,0.5856773257255554,9,0.9666558694989238
76561198124312848,0,0.004780048970133066,9,0.9666558694989238
76561199185325007,0,0.02746495231986046,9,0.9666558694989238
76561199231712874,0,0.006508822552859783,9,0.9666558694989238
76561198871537640,0,0.04180091992020607,9,0.9666558694989238
76561199101278118,0,0.0037097579333931208,9,0.9666558694989238
76561198796670485,0,0.220463827252388,9,0.9666558694989238
76561198012843527,0,0.008590048179030418,9,0.9666558694989238
76561198042907741,0,0.003269184147939086,9,0.9666558694989238
76561199493501888,0,0.2498864382505417,9,0.9666558694989238
76561198451929907,0,0.009892190806567669,9,0.9666558694989238
76561198880393908,0,0.0033374496269971132,9,0.9666558694989238
76561199137756037,0,0.24852216243743896,9,0.9666558694989238
76561198156647474,0,0.29335615038871765,9,0.9666558694989238
76561198996857656,0,0.004276614170521498,9,0.9666558694989238
76561198428273869,0,0.004095871467143297,9,0.9666558694989238
76561199481295161,0,0.010963577777147293,9,0.9666558694989238
76561198199422465,0,0.0045826914720237255,9,0.9666558694989238
76561198013887213,0,0.004416610114276409,9,0.9666558694989238
76561198843152951,0,0.00472891004756093,9,0.9666558694989238
76561199050102925,0,0.05093704164028168,9,0.9666558694989238
76561199047685920,0,0.09638535976409912,9,0.9666558694989238
76561198150355673,0,0.008373687975108624,9,0.9666558694989238
76561198861487653,1,0.937126874923706,9,0.9666558694989238
76561198028294341,1,0.5994152426719666,9,0.9666558694989238
76561198947172544,0,0.041436221450567245,9,0.9666558694989238
76561198230592636,0,0.7502145767211914,9,0.9666558694989238
76561198807096422,0,0.3330824077129364,9,0.9666558694989238
76561198069584556,0,0.7473216652870178,9,0.9666558694989238
76561198262349484,0,0.025459811091423035,9,0.9666558694989238
76561198016316200,0,0.9109450578689575,9,0.9666558694989238
76561198090955394,0,0.01734117977321148,9,0.9666558694989238
76561199127826188,0,0.9649161696434021,9,0.9666558694989238
76561199474666748,0,0.003211792791262269,9,0.9666558694989238
76561198328304833,0,0.005820183083415031,9,0.9666558694989238
76561198062308308,0,0.034625567495822906,9,0.9666558694989238
76561199229791680,0,0.0035891043953597546,9,0.9666558694989238
76561197997511452,0,0.5784633159637451,9,0.9666558694989238
76561198091005304,0,0.4413573145866394,9,0.9666558694989238
76561198098078323,0,0.04798922687768936,9,0.9666558694989238
76561199072719186,0,0.015210432931780815,9,0.9666558694989238
76561198070004293,0,0.0771908387541771,9,0.9666558694989238
76561198049091490,0,0.6101387739181519,9,0.9666558694989238
76561199611733794,0,0.007508221082389355,9,0.9666558694989238
76561198403394676,0,0.6898775696754456,9,0.9666558694989238
76561199207556623,0,0.007595772854983807,9,0.9666558694989238
76561199560427389,0,0.7797292470932007,9,0.9666558694989238
76561199553200906,0,0.004685790743678808,9,0.9666558694989238
76561198831289349,0,0.009461586363613605,9,0.9666558694989238
76561198293840568,0,0.05647178739309311,9,0.9666558694989238
76561199014416659,0,0.3089556097984314,9,0.9666558694989238
76561198046750481,0,0.004239431116729975,9,0.9666558694989238
76561198099065751,0,0.01055312342941761,9,0.9666558694989238
76561199184196646,1,0.9874432682991028,9,0.9666558694989238
76561198407215990,0,0.03280594199895859,9,0.9666558694989238
76561198070438650,0,0.8403598070144653,9,0.9666558694989238
76561199442786604,0,0.003628012491390109,9,0.9666558694989238
76561199025595681,0,0.9044756293296814,9,0.9666558694989238
76561198382888823,1,0.9489185810089111,9,0.9666558694989238
76561197995191498,0,0.23653703927993774,9,0.9666558694989238
76561198053629684,0,0.057347774505615234,9,0.9666558694989238
76561198839039760,0,0.02626611664891243,9,0.9666558694989238
76561199229079664,0,0.5670604705810547,9,0.9666558694989238
76561198843136517,0,0.01041140966117382,9,0.9666558694989238
76561198025321107,0,0.016232244670391083,9,0.9666558694989238
76561198985186192,0,0.664948046207428,9,0.9666558694989238
76561199131325444,0,0.004847476724535227,9,0.9666558694989238
76561199008108691,0,0.021864067763090134,9,0.9666558694989238
76561197970289818,0,0.015982339158654213,9,0.9666558694989238
76561197976743662,0,0.29731759428977966,9,0.9666558694989238
76561198351280173,0,0.0037026326172053814,9,0.9666558694989238
76561198800718865,0,0.040295131504535675,9,0.9666558694989238
76561198799161858,0,0.008612819015979767,9,0.9666558694989238
76561199008690798,0,0.002842912683263421,9,0.9666558694989238
76561199070156089,0,0.0765170007944107,9,0.9666558694989238
76561198002088631,0,0.003996151499450207,9,0.9666558694989238
76561198197781878,0,0.9621177911758423,9,0.9666558694989238
76561198406108639,0,0.16124902665615082,9,0.9666558694989238
76561199103591073,0,0.008507472462952137,9,0.9666558694989238
76561198273044605,0,0.5880028009414673,9,0.9666558694989238
76561198375414839,0,0.9534077048301697,9,0.9666558694989238
76561198030416981,0,0.007618988864123821,9,0.9666558694989238
76561199071675232,0,0.0044738734140992165,9,0.9666558694989238
76561198000448147,0,0.21890944242477417,9,0.9666558694989238
76561198014337460,0,0.013444993644952774,9,0.9666558694989238
76561198190495314,0,0.02958185225725174,9,0.9666558694989238
76561199026357896,0,0.01893802545964718,9,0.9666558694989238
76561198134517932,0,0.003929689526557922,9,0.9666558694989238
76561199143145585,0,0.5350124835968018,9,0.9666558694989238
76561198087293095,0,0.005321729928255081,9,0.9666558694989238
76561198974143241,0,0.0068051815032958984,9,0.9666558694989238
76561197961849296,0,0.0037150580901652575,9,0.9666558694989238
76561199551964827,0,0.020432740449905396,9,0.9666558694989238
76561199529778345,0,0.7955002784729004,9,0.9666558694989238
76561199030313525,0,0.002871450502425432,9,0.9666558694989238
76561199551742306,0,0.0033374496269971132,9,0.9666558694989238
76561199213998016,0,0.003950758371502161,9,0.9666558694989238
76561198338878256,0,0.005037697963416576,9,0.9666558694989238
76561198344855988,0,0.024839598685503006,9,0.9666558694989238
76561198030297506,0,0.004169090185314417,9,0.9666558694989238
76561198001679149,0,0.007039852440357208,9,0.9666558694989238
76561199228298976,0,0.005015673581510782,9,0.9666558694989238
76561199215218682,0,0.003628012491390109,9,0.9666558694989238
76561198839476673,0,0.032796092331409454,9,0.9666558694989238
76561199165091966,0,0.0038193166255950928,9,0.9666558694989238
76561198030328932,0,0.02716507576406002,9,0.9666558694989238
76561198005726427,0,0.008215053007006645,9,0.9666558694989238
76561198072567828,0,0.07291384786367416,9,0.9666558694989238
76561197997891517,0,0.012568906880915165,9,0.9666558694989238
76561199058104239,0,0.1339523047208786,9,0.9666558694989238
76561198125957569,0,0.0030137901194393635,9,0.9666558694989238
76561199387373920,0,0.07295551151037216,9,0.9666558694989238
76561198980365333,0,0.007868113927543163,9,0.9666558694989238
76561199246179936,0,0.0035392548888921738,9,0.9666558694989238
76561198190833617,0,0.5200779438018799,9,0.9666558694989238
76561198025044133,0,0.6712687611579895,9,0.9666558694989238
76561198029323181,0,0.4246535897254944,9,0.9666558694989238
76561198064989281,0,0.11039521545171738,9,0.9666558694989238
76561198097573779,0,0.781499981880188,9,0.9666558694989238
76561197999441215,0,0.7392749190330505,9,0.9666558694989238
76561198263226776,0,0.7372271418571472,9,0.9666558694989238
76561199260006766,0,0.05181783437728882,9,0.9666558694989238
76561198044196973,0,0.9597532153129578,9,0.9666558694989238
76561199273206254,0,0.32011133432388306,9,0.9666558694989238
76561199204517538,0,0.057958949357271194,9,0.9666558694989238
76561197966518339,0,0.0038755196146667004,9,0.9666558694989238
76561198120553247,0,0.1223786398768425,9,0.9666558694989238
76561198069347636,0,0.03277410939335823,9,0.9666558694989238
76561198038063068,0,0.6351455450057983,9,0.9666558694989238
76561199471622021,0,0.0675182119011879,9,0.9666558694989238
76561198010433331,0,0.12039496749639511,9,0.9666558694989238
76561199204226480,0,0.6114582419395447,9,0.9666558694989238
76561198388864895,0,0.010015211068093777,9,0.9666558694989238
76561198028421079,0,0.00702363857999444,9,0.9666558694989238
76561199520722497,0,0.00459110364317894,9,0.9666558694989238
76561198196586855,0,0.6938085556030273,9,0.9666558694989238
76561199561021299,0,0.7676697969436646,9,0.9666558694989238
76561198964261264,0,0.6743025183677673,9,0.9666558694989238
76561198184963457,0,0.05777937173843384,9,0.9666558694989238
76561199447348828,0,0.8164111971855164,9,0.9666558694989238
76561198860532483,0,0.24718700349330902,9,0.9666558694989238
76561198015469598,0,0.00729486346244812,9,0.9666558694989238
76561198190587219,0,0.011925007216632366,9,0.9666558694989238
76561199035745582,0,0.018978409469127655,9,0.9666558694989238
76561199178919471,0,0.004546673037111759,9,0.9666558694989238
76561198146290523,0,0.8669111132621765,9,0.9666558694989238
76561198071970824,0,0.007806102745234966,9,0.9666558694989238
76561199467084115,0,0.36202749609947205,9,0.9666558694989238
76561199088462409,0,0.6186000108718872,9,0.9666558694989238
76561199143902724,0,0.8430414199829102,9,0.9666558694989238
76561199180844294,0,0.07025359570980072,9,0.9666558694989238
76561199076176173,0,0.007487459573894739,9,0.9666558694989238
76561199819716342,0,0.007147182710468769,9,0.9666558694989238
76561197989173843,0,0.9402928352355957,9,0.9666558694989238
76561198052351119,0,0.24972732365131378,9,0.9666558694989238
76561198064575401,0,0.00497356615960598,9,0.9666558694989238
76561199001774727,0,0.006865972653031349,9,0.9666558694989238
76561199516998102,0,0.004144652746617794,9,0.9666558694989238
76561199378520662,0,0.011356937699019909,9,0.9666558694989238
76561198068021242,0,0.007876989431679249,9,0.9666558694989238
76561198044300372,0,0.7587588429450989,9,0.9666558694989238
76561199087097310,0,0.004994766786694527,9,0.9666558694989238
76561198163843267,0,0.03425987809896469,9,0.9666558694989238
76561197971950119,0,0.010798861272633076,9,0.9666558694989238
76561198052481732,0,0.5519492626190186,9,0.9666558694989238
76561198181196639,0,0.005376833025366068,9,0.9666558694989238
76561198800748620,0,0.004051589407026768,9,0.9666558694989238
76561198138346757,0,0.00478380499407649,9,0.9666558694989238
76561198101508631,0,0.027688000351190567,9,0.9666558694989238
76561197995711373,0,0.035790231078863144,9,0.9666558694989238
76561198047040497,0,0.006694004405289888,9,0.9666558694989238
76561199006664021,0,0.01597297564148903,9,0.9666558694989238
76561199172612483,0,0.7955002784729004,9,0.9666558694989238
76561198362564904,0,0.004624522291123867,9,0.9666558694989238
76561199813016477,0,0.003444083733484149,9,0.9666558694989238
76561198215190263,0,0.004686891101300716,9,0.9666558694989238
76561198328013883,0,0.9522510170936584,9,0.9666558694989238
76561199264168681,0,0.013027232140302658,9,0.9666558694989238
76561199349904154,0,0.007885826751589775,9,0.9666558694989238
76561199018230591,0,0.025374123826622963,9,0.9666558694989238
76561198306838743,0,0.0034191792365163565,9,0.9666558694989238
76561199031247400,0,0.00472891004756093,9,0.9666558694989238
76561197986414301,0,0.006271409336477518,9,0.9666558694989238
76561198047004148,0,0.005538974888622761,9,0.9666558694989238
76561198338647009,0,0.005666663870215416,9,0.9666558694989238
76561199090591699,0,0.009916272945702076,9,0.9666558694989238
76561198074054901,0,0.0064397286623716354,9,0.9666558694989238
76561198271960194,0,0.0037904796190559864,9,0.9666558694989238
76561198855600389,0,0.00472891004756093,9,0.9666558694989238
76561199076530603,0,0.00354391778819263,9,0.9666558694989238
76561199646700690,0,0.9441133141517639,9,0.9666558694989238
76561199094686733,0,0.002842912683263421,9,0.9666558694989238
76561199568253899,0,0.0033249645493924618,9,0.9666558694989238
76561198271017287,0,0.01934751868247986,9,0.9666558694989238
76561199190455095,0,0.026384202763438225,9,0.9666558694989238
76561198980066616,0,0.007410060614347458,9,0.9666558694989238
76561198384528370,0,0.006929680705070496,9,0.9666558694989238
76561198143518318,0,0.004361592698842287,9,0.9666558694989238
76561198295972602,0,0.66389399766922,9,0.9666558694989238
76561198002136910,0,0.9289954900741577,9,0.9666558694989238
76561198010743762,0,0.7188966274261475,9,0.9666558694989238
76561198028802980,0,0.6934688091278076,9,0.9666558694989238
76561199389815621,0,0.004001582972705364,9,0.9666558694989238
76561198453240744,0,0.7729780077934265,9,0.9666558694989238
76561199480879322,0,0.017466994002461433,9,0.9666558694989238
76561199025244317,0,0.9029296040534973,9,0.9666558694989238
76561199225274581,0,0.8698399662971497,9,0.9666558694989238
76561198053882759,0,0.45642194151878357,9,0.9666558694989238
76561198188298759,0,0.19004757702350616,9,0.9666558694989238
76561198088340584,0,0.01075136847794056,9,0.9666558694989238
76561198292235744,0,0.0036666933447122574,9,0.9666558694989238
76561198002204388,0,0.035538218915462494,9,0.9666558694989238
76561198321548846,0,0.05230060592293739,9,0.9666558694989238
76561197972808923,0,0.004649457521736622,9,0.9666558694989238
76561199154372133,0,0.7916215658187866,9,0.9666558694989238
76561199801750788,0,0.03434225171804428,9,0.9666558694989238
76561198365206926,0,0.028756912797689438,9,0.9666558694989238
76561198306651448,0,0.301469624042511,9,0.9666558694989238
76561198042952564,0,0.8949113488197327,9,0.9666558694989238
76561198286529079,0,0.005672034807503223,9,0.9666558694989238
76561197971942710,0,0.008864502422511578,9,0.9666558694989238
76561198416870375,0,0.5624840259552002,9,0.9666558694989238
76561198133298938,0,0.5513169169425964,9,0.9666558694989238
76561198452225350,0,0.6934915781021118,9,0.9666558694989238
76561198154998683,0,0.6885337233543396,9,0.9666558694989238
76561199034008093,0,0.0036326146218925714,9,0.9666558694989238
76561198320345004,0,0.9064419269561768,9,0.9666558694989238
76561198808074532,0,0.003377057146281004,9,0.9666558694989238
76561198040514204,0,0.0036888658069074154,9,0.9666558694989238
76561198843092193,0,0.004059281665831804,9,0.9666558694989238
76561198411772500,0,0.0049599758349359035,9,0.9666558694989238
76561199070724183,0,0.003798339981585741,9,0.9666558694989238
76561199347414156,0,0.04267366603016853,9,0.9666558694989238
76561198123029468,1,0.9752775430679321,9,0.9666558694989238
76561198040609699,0,0.765979528427124,9,0.9666558694989238
76561198867032248,0,0.0033141812309622765,9,0.9666558694989238
76561198263568169,0,0.0037046964280307293,9,0.9666558694989238
76561198394788587,0,0.619249701499939,9,0.9666558694989238
76561198059122056,0,0.6110311150550842,9,0.9666558694989238
76561198025547186,0,0.04880091920495033,9,0.9666558694989238
76561198038514716,0,0.5512035489082336,9,0.9666558694989238
76561198010462579,0,0.0030984492041170597,9,0.9666558694989238
76561198451859640,0,0.00472891004756093,9,0.9666558694989238
76561199203015532,0,0.005128901917487383,9,0.9666558694989238
76561198416926411,0,0.026365933939814568,9,0.9666558694989238
76561199037446111,0,0.023890620097517967,9,0.9666558694989238
76561199479208470,0,0.004394328221678734,9,0.9666558694989238
76561198883999540,0,0.837875485420227,9,0.9666558694989238
76561198127493301,0,0.8140310049057007,9,0.9666558694989238
76561199671933072,0,0.007802300155162811,9,0.9666558694989238
76561198079505141,0,0.010693424381315708,9,0.9666558694989238
76561198053339742,0,0.005566081032156944,9,0.9666558694989238
76561198135451752,0,0.01031090784817934,9,0.9666558694989238
76561198139111275,0,0.004649508278816938,9,0.9666558694989238
76561198055561907,0,0.18764717876911163,9,0.9666558694989238
76561199064621133,0,0.0036130561493337154,9,0.9666558694989238
76561198850610701,0,0.8848986029624939,9,0.9666558694989238
76561198359247130,0,0.011850111186504364,9,0.9666558694989238
76561199407535892,0,0.01041140966117382,9,0.9666558694989238
76561198930126992,0,0.004309158306568861,9,0.9666558694989238
76561198057042698,0,0.036984533071517944,9,0.9666558694989238
76561198133904740,0,0.004276009276509285,9,0.9666558694989238
76561198271178583,0,0.0041412850841879845,9,0.9666558694989238
76561198281330006,0,0.004137703683227301,9,0.9666558694989238
76561198069055799,0,0.05302717909216881,9,0.9666558694989238
76561198962877741,0,0.9714816212654114,9,0.9666558694989238
76561198935409955,0,0.0029703404288738966,9,0.9666558694989238
76561198109592845,0,0.002861066022887826,9,0.9666558694989238
76561199013583134,0,0.4594927728176117,9,0.9666558694989238
76561198043283280,0,0.008472967892885208,9,0.9666558694989238
76561199445619416,0,0.1521841436624527,9,0.9666558694989238
76561198192213138,0,0.04577701538801193,9,0.9666558694989238
76561197998124930,0,0.03120994009077549,9,0.9666558694989238
76561199076853616,0,0.004781838972121477,9,0.9666558694989238
76561199020265270,0,0.07769353687763214,9,0.9666558694989238
76561198872095305,0,0.6901993751525879,9,0.9666558694989238
76561198003132297,0,0.6080519556999207,9,0.9666558694989238
76561199548858842,0,0.00395630719140172,9,0.9666558694989238
76561198339454797,0,0.0070367660373449326,9,0.9666558694989238
76561198027421594,0,0.5066527128219604,9,0.9666558694989238
76561198839754635,0,0.7342652082443237,9,0.9666558694989238
76561198091464355,0,0.9562668204307556,9,0.9666558694989238
76561197983083989,0,0.7712656259536743,9,0.9666558694989238
76561198006728109,1,0.9409524202346802,9,0.9666558694989238
76561197972287716,0,0.2645745277404785,9,0.9666558694989238
76561199236738650,0,0.13000747561454773,9,0.9666558694989238
76561198920609326,0,0.9581069946289062,9,0.9666558694989238
76561199184629747,0,0.024889659136533737,9,0.9666558694989238
76561198021409378,0,0.00664377398788929,9,0.9666558694989238
76561198162381986,0,0.004331833217293024,9,0.9666558694989238
76561198014425066,0,0.00907357782125473,9,0.9666558694989238
76561198017801255,0,0.6632546186447144,9,0.9666558694989238
76561198297740362,0,0.8356269001960754,9,0.9666558694989238
76561198855798489,0,0.005183434579521418,9,0.9666558694989238
76561198153302605,0,0.5301386117935181,9,0.9666558694989238
76561198041198951,0,0.30495133996009827,9,0.9666558694989238
76561198094742414,0,0.01819559931755066,9,0.9666558694989238
76561198362976099,0,0.468220055103302,9,0.9666558694989238
76561198295661306,0,0.08540824800729752,9,0.9666558694989238
76561198256693982,0,0.2635248005390167,9,0.9666558694989238
76561199375978057,0,0.020206959918141365,9,0.9666558694989238
76561198992904771,0,0.0049165841192007065,9,0.9666558694989238
76561197974251928,0,0.010113698430359364,9,0.9666558694989238
76561198817904317,0,0.019788721576333046,9,0.9666558694989238
76561197993055845,0,0.10482127964496613,9,0.9666558694989238
76561199201531725,0,0.004205811303108931,9,0.9666558694989238
76561198158342566,0,0.009503825567662716,9,0.9666558694989238
76561198064865966,0,0.04557888209819794,9,0.9666558694989238
76561198004830734,0,0.6205873489379883,9,0.9666558694989238
76561198124437186,1,0.982016384601593,9,0.9666558694989238
76561199029792420,0,0.12115015089511871,9,0.9666558694989238
76561198056040663,0,0.009839072823524475,9,0.9666558694989238
76561199153186282,0,0.07684104144573212,9,0.9666558694989238
76561198320612597,0,0.005650756414979696,9,0.9666558694989238
76561199076569559,0,0.015410349704325199,9,0.9666558694989238
76561199380120940,0,0.00472891004756093,9,0.9666558694989238
76561198110737825,0,0.004918037448078394,9,0.9666558694989238
76561199477957558,0,0.006721148733049631,9,0.9666558694989238
76561198967740615,0,0.33064937591552734,9,0.9666558694989238
76561199008970852,0,0.004500109702348709,9,0.9666558694989238
76561198272571168,0,0.9366961121559143,9,0.9666558694989238
76561198163537574,0,0.06895419955253601,9,0.9666558694989238
76561198033107754,0,0.008665526285767555,9,0.9666558694989238
76561198121124008,0,0.004310126416385174,9,0.9666558694989238
76561198165327466,0,0.0036409131716936827,9,0.9666558694989238
76561199158008883,0,0.0069471923634409904,9,0.9666558694989238
76561198093079526,0,0.018738755956292152,9,0.9666558694989238
76561198008718685,0,0.5125547051429749,9,0.9666558694989238
76561198817828103,0,0.007024854887276888,9,0.9666558694989238
76561198368423246,0,0.5276898741722107,9,0.9666558694989238
76561198117890094,0,0.004073246847838163,9,0.9666558694989238
76561198007032462,0,0.005700531415641308,9,0.9666558694989238
76561199055278237,0,0.004730939399451017,9,0.9666558694989238
76561198052606721,0,0.004317603539675474,9,0.9666558694989238
76561198051059505,0,0.9632463455200195,9,0.9666558694989238
76561199379901533,0,0.0034639467485249043,9,0.9666558694989238
76561198285470594,0,0.2844734191894531,9,0.9666558694989238
76561199059424414,0,0.008235926739871502,9,0.9666558694989238
76561198108460852,0,0.06348962336778641,9,0.9666558694989238
76561198871149852,0,0.010674932040274143,9,0.9666558694989238
76561198363275572,0,0.005672034807503223,9,0.9666558694989238
76561199574412688,0,0.004073529504239559,9,0.9666558694989238
76561199057587705,0,0.04743681848049164,9,0.9666558694989238
76561197969917734,0,0.016753962263464928,9,0.9666558694989238
76561199004812708,0,0.012573755346238613,9,0.9666558694989238
76561199440396095,0,0.0032643123995512724,9,0.9666558694989238
76561198452516657,0,0.005638046655803919,9,0.9666558694989238
76561198410586362,0,0.0030137901194393635,9,0.9666558694989238
76561198131781651,0,0.002842912683263421,9,0.9666558694989238
76561198096073428,0,0.019685208797454834,9,0.9666558694989238
76561198050706806,0,0.025962188839912415,9,0.9666558694989238
76561198046579309,0,0.003439116757363081,9,0.9666558694989238
76561198069559029,0,0.0104882987216115,9,0.9666558694989238
76561198589176703,0,0.00692252442240715,9,0.9666558694989238
76561199362768631,0,0.0034057816956192255,9,0.9666558694989238
76561198076251603,0,0.17405986785888672,9,0.9666558694989238
76561198983462156,0,0.008155210874974728,9,0.9666558694989238
76561199387005073,0,0.7079158425331116,9,0.9666558694989238
76561198223887924,0,0.010181531310081482,9,0.9666558694989238
76561199141741614,1,0.9754903316497803,9,0.9666558694989238
76561198989835855,0,0.008157135918736458,9,0.9666558694989238
76561198006210846,0,0.9537668228149414,9,0.9666558694989238
76561198198014623,0,0.5670228600502014,9,0.9666558694989238
76561198041064915,0,0.6402153968811035,9,0.9666558694989238
76561199374310880,0,0.9149293303489685,9,0.9666558694989238
76561198076849148,0,0.0030960626900196075,9,0.9666558694989238
76561199410721014,1,0.9688781499862671,9,0.9666558694989238
76561198210822095,0,0.015219700522720814,9,0.9666558694989238
76561199091142988,0,0.9484168887138367,9,0.9666558694989238
76561199182142810,0,0.0061928341165184975,9,0.9666558694989238
76561198859642196,0,0.6116054654121399,9,0.9666558694989238
76561198026301706,0,0.016668088734149933,9,0.9666558694989238
76561198010970371,0,0.8437860012054443,9,0.9666558694989238
76561199645795340,0,0.00472891004756093,9,0.9666558694989238
76561197972462152,0,0.004064036067575216,9,0.9666558694989238
76561198085526481,0,0.5099060535430908,9,0.9666558694989238
76561198272928193,0,0.7269896268844604,9,0.9666558694989238
76561198072061036,0,0.005154901184141636,9,0.9666558694989238
76561197967345897,0,0.3115539252758026,9,0.9666558694989238
76561198353804451,0,0.00472891004756093,9,0.9666558694989238
76561197981087899,0,0.021754585206508636,9,0.9666558694989238
76561198344852770,0,0.5125816464424133,9,0.9666558694989238
76561198263054502,0,0.062298938632011414,9,0.9666558694989238
76561197985423615,0,0.003515593707561493,9,0.9666558694989238
76561198151813151,0,0.004947919864207506,9,0.9666558694989238
76561198206848192,0,0.0038939013611525297,9,0.9666558694989238
76561197985256601,0,0.0048604742623865604,9,0.9666558694989238
76561198872509516,0,0.13562415540218353,9,0.9666558694989238
76561198097842496,0,0.0030634081922471523,9,0.9666558694989238
76561198039826092,0,0.0035795026924461126,9,0.9666558694989238
76561199239202887,0,0.011437522247433662,9,0.9666558694989238
76561198111252387,1,0.8927275538444519,9,0.9666558694989238
76561199090330516,0,0.0136067233979702,9,0.9666558694989238
76561198041971561,0,0.04206887260079384,9,0.9666558694989238
76561199149376975,0,0.017497103661298752,9,0.9666558694989238
76561198069817305,0,0.6547063589096069,9,0.9666558694989238
76561197992391379,0,0.3247448801994324,9,0.9666558694989238
76561198968826404,0,0.005011511035263538,9,0.9666558694989238
76561198130409315,0,0.006095056887716055,9,0.9666558694989238
76561198008373488,0,0.16182979941368103,9,0.9666558694989238
76561198202040439,0,0.6021232604980469,9,0.9666558694989238
76561198121053978,0,0.8334844708442688,9,0.9666558694989238
76561199086165586,0,0.08172057569026947,9,0.9666558694989238
76561198316209433,0,0.0034431181848049164,9,0.9666558694989238
76561199013804491,0,0.2668301463127136,9,0.9666558694989238
76561198884190514,0,0.005522140301764011,9,0.9666558694989238
76561198073574787,0,0.8998825550079346,9,0.9666558694989238
76561199237720723,0,0.4439431428909302,9,0.9666558694989238
76561198139652484,0,0.005040761083364487,9,0.9666558694989238
76561198158739757,0,0.5328892469406128,9,0.9666558694989238
76561199093281564,0,0.0030387595761567354,9,0.9666558694989238
76561198418250954,0,0.003573908470571041,9,0.9666558694989238
76561198365611814,0,0.0031139913480728865,9,0.9666558694989238
76561198126741904,0,0.011414017528295517,9,0.9666558694989238
76561198399269994,0,0.0074161868542432785,9,0.9666558694989238
76561198034297117,0,0.008267351426184177,9,0.9666558694989238
76561199210278449,0,0.0053528486751019955,9,0.9666558694989238
76561199187725064,0,0.2299351990222931,9,0.9666558694989238
76561198083661276,0,0.2316620647907257,9,0.9666558694989238
76561199126969358,0,0.012668139301240444,9,0.9666558694989238
76561198087513687,0,0.04199117422103882,9,0.9666558694989238
76561198411224925,0,0.3985918164253235,9,0.9666558694989238
76561198131440163,0,0.006228295154869556,9,0.9666558694989238
76561198050488672,0,0.024036874994635582,9,0.9666558694989238
76561199153213581,0,0.0038187147583812475,9,0.9666558694989238
76561198054648115,0,0.00687070470303297,9,0.9666558694989238
76561199401155441,0,0.007944418117403984,9,0.9666558694989238
76561199119630459,0,0.013893616385757923,9,0.9666558694989238
76561199212059133,0,0.9126620292663574,9,0.9666558694989238
76561199229473342,1,0.982775866985321,9,0.9666558694989238
76561199041163466,0,0.008938310667872429,9,0.9666558694989238
76561198204382351,1,0.9827417731285095,9,0.9666558694989238
76561199100045221,0,0.07739318907260895,9,0.9666558694989238
76561198303163733,0,0.003935310058295727,9,0.9666558694989238
76561198012058379,0,0.058107685297727585,9,0.9666558694989238
76561198100930460,0,0.4273013770580292,9,0.9666558694989238
76561199502819835,0,0.5749931335449219,9,0.9666558694989238
76561198098749032,0,0.012865831144154072,9,0.9666558694989238
76561198271521538,0,0.018490325659513474,9,0.9666558694989238
76561199288626749,0,0.018990524113178253,9,0.9666558694989238
76561198818959910,0,0.31026485562324524,9,0.9666558694989238
76561199228695375,0,0.00700113270431757,9,0.9666558694989238
76561198024188806,0,0.003871405962854624,9,0.9666558694989238
76561198316851238,0,0.003629457438364625,9,0.9666558694989238
76561199134143425,0,0.003636011155322194,9,0.9666558694989238
76561199591608951,0,0.02746456302702427,9,0.9666558694989238
76561199028912892,0,0.004979502875357866,9,0.9666558694989238
76561197984462549,0,0.003891763975843787,9,0.9666558694989238
76561198028534729,0,0.028384042903780937,9,0.9666558694989238
76561198351175365,0,0.24550090730190277,9,0.9666558694989238
76561198161712348,0,0.006814105436205864,9,0.9666558694989238
76561199162939865,0,0.019291173666715622,9,0.9666558694989238
76561198000907238,0,0.0067032817751169205,9,0.9666558694989238
76561199135682825,0,0.01770239695906639,9,0.9666558694989238
76561198799142610,0,0.5729819536209106,9,0.9666558694989238
76561198344056985,0,0.013394879177212715,9,0.9666558694989238
76561198832140235,0,0.0037597871851176023,9,0.9666558694989238
76561199108622591,0,0.03272524103522301,9,0.9666558694989238
76561198812820208,0,0.004538172855973244,9,0.9666558694989238
76561198973461790,0,0.9646142721176147,9,0.9666558694989238
76561198398147189,0,0.0030671239364892244,9,0.9666558694989238
76561197999042267,0,0.008451071567833424,9,0.9666558694989238
76561199072785606,0,0.010717573575675488,9,0.9666558694989238
76561198041666935,0,0.04411468654870987,9,0.9666558694989238
76561199456994088,0,0.740198016166687,9,0.9666558694989238
76561197974763356,0,0.007958470843732357,9,0.9666558694989238
76561199024905677,0,0.03477975353598595,9,0.9666558694989238
76561198827413419,0,0.015675731003284454,9,0.9666558694989238
76561198964971984,0,0.005410162266343832,9,0.9666558694989238
76561198022150085,0,0.02640797197818756,9,0.9666558694989238
76561198045359568,0,0.6975674033164978,9,0.9666558694989238
76561198355645679,0,0.0034779596608132124,9,0.9666558694989238
76561198150684850,0,0.39477384090423584,9,0.9666558694989238
76561198091886973,0,0.3770662844181061,9,0.9666558694989238
76561199190202940,1,0.9256008863449097,9,0.9666558694989238
76561198075245195,0,0.8155797719955444,9,0.9666558694989238
76561199027602743,0,0.8632210493087769,9,0.9666558694989238
76561198376102038,0,0.006204251665621996,9,0.9666558694989238
76561197981619472,0,0.6278761029243469,9,0.9666558694989238
76561199150574074,0,0.02060125768184662,9,0.9666558694989238
76561198087446465,1,0.9714018702507019,9,0.9666558694989238
76561198370512278,0,0.0044249966740608215,9,0.9666558694989238
76561197970340006,1,0.9711833596229553,9,0.9666558694989238
76561198881421584,0,0.5878739356994629,9,0.9666558694989238
76561198009544762,0,0.005493057891726494,9,0.9666558694989238
76561199450275673,1,0.9808860421180725,9,0.9666558694989238
76561199097023602,0,0.3178008198738098,9,0.9666558694989238
76561197999417077,0,0.1818016618490219,9,0.9666558694989238
76561198047082073,0,0.9419316649436951,9,0.9666558694989238
76561198077766928,0,0.003301233286038041,9,0.9666558694989238
76561198056304540,0,0.013508903793990612,9,0.9666558694989238
76561198119055910,0,0.008431563153862953,9,0.9666558694989238
76561198086777851,0,0.0134438993409276,9,0.9666558694989238
76561198087332350,0,0.8838993906974792,9,0.9666558694989238
76561197970377303,0,0.008563046343624592,9,0.9666558694989238
76561199509660092,0,0.9099338054656982,9,0.9666558694989238
76561198024964759,0,0.0694359838962555,9,0.9666558694989238
76561198014988144,0,0.014838367700576782,9,0.9666558694989238
76561199111495342,1,0.9728347063064575,9,0.9666558694989238
76561198135439526,0,0.5729526877403259,9,0.9666558694989238
76561197977941382,0,0.016291731968522072,9,0.9666558694989238
76561198007235693,0,0.6442026495933533,9,0.9666558694989238
76561199466019370,0,0.626039981842041,9,0.9666558694989238
76561198012509164,0,0.011063506826758385,9,0.9666558694989238
76561198002557689,0,0.7093623876571655,9,0.9666558694989238
76561198847908847,0,0.012720971368253231,9,0.9666558694989238
76561198008171059,0,0.48095977306365967,9,0.9666558694989238
76561198147063493,0,0.93321293592453,9,0.9666558694989238
76561198011533184,0,0.352524071931839,9,0.9666558694989238
76561198879966227,0,0.38954678177833557,9,0.9666558694989238
76561198438189716,0,0.0031912345439195633,9,0.9666558694989238
76561198052525356,0,0.005021604709327221,9,0.9666558694989238
76561198845053260,0,0.009408624842762947,9,0.9666558694989238
76561198195845798,0,0.003969390410929918,9,0.9666558694989238
76561198004169248,1,0.9791914820671082,9,0.9666558694989238
76561199158066401,0,0.09485609084367752,9,0.9666558694989238
76561198126785001,0,0.0031818060670048,9,0.9666558694989238
76561199208017880,0,0.09922786056995392,9,0.9666558694989238
76561198234373328,0,0.007038825657218695,9,0.9666558694989238
76561198345448931,0,0.00490481685847044,9,0.9666558694989238
76561198050625317,0,0.4710821509361267,9,0.9666558694989238
76561199510665600,0,0.0033105339389294386,9,0.9666558694989238
76561199101822482,0,0.008948487229645252,9,0.9666558694989238
76561199568802662,0,0.00472891004756093,9,0.9666558694989238
76561199167556799,0,0.0029393252916634083,9,0.9666558694989238
76561199452531630,0,0.014771592803299427,9,0.9666558694989238
76561199165643604,0,0.010942626744508743,9,0.9666558694989238
76561198107711541,1,0.9702750444412231,9,0.9666558694989238
76561197983012208,0,0.9179584383964539,9,0.9666558694989238
76561199104557829,0,0.003697687527164817,9,0.9666558694989238
76561199278919834,0,0.033791519701480865,9,0.9666558694989238
76561198101011227,0,0.006225506775081158,9,0.9666558694989238
76561198069963130,0,0.033156588673591614,9,0.9666558694989238
76561198814634063,0,0.003023074474185705,9,0.9666558694989238
76561198294058393,0,0.054432738572359085,9,0.9666558694989238
76561199445692040,0,0.005907035432755947,9,0.9666558694989238
76561198322171637,0,0.006154500413686037,9,0.9666558694989238
76561198100650293,0,0.016846636310219765,9,0.9666558694989238
76561198320266845,0,0.014805251732468605,9,0.9666558694989238
76561198044139589,0,0.008581933565437794,9,0.9666558694989238
76561198151296103,0,0.01349129993468523,9,0.9666558694989238
76561198049635310,0,0.16309893131256104,9,0.9666558694989238
76561198977891879,0,0.00423946650698781,9,0.9666558694989238
76561198870907694,0,0.629742443561554,9,0.9666558694989238
76561198012004568,0,0.9771610498428345,9,0.9666558694989238
76561198058407335,0,0.05836585536599159,9,0.9666558694989238
76561198360124108,0,0.0800299346446991,9,0.9666558694989238
76561199447146634,0,0.004908157512545586,9,0.9666558694989238
76561199058331325,0,0.24093541502952576,9,0.9666558694989238
76561198079452164,0,0.12832720577716827,9,0.9666558694989238
76561199085283714,0,0.0036879265680909157,9,0.9666558694989238
76561198095453106,0,0.0035891691222786903,9,0.9666558694989238
76561198981320285,0,0.009834637865424156,9,0.9666558694989238
76561198364473238,0,0.019517194479703903,9,0.9666558694989238
76561198038519929,0,0.006694715470075607,9,0.9666558694989238
76561199200722111,0,0.004009083844721317,9,0.9666558694989238
76561198040866436,0,0.006025460548698902,9,0.9666558694989238
76561198085354431,0,0.9404587745666504,9,0.9666558694989238
76561198887304828,0,0.015269163064658642,9,0.9666558694989238
76561198269945306,0,0.612017035484314,9,0.9666558694989238
76561199134843606,0,0.004926090128719807,9,0.9666558694989238
76561198285041491,0,0.006714766379445791,9,0.9666558694989238
76561198397764738,1,0.9796189069747925,9,0.9666558694989238
76561198012367594,0,0.8941361308097839,9,0.9666558694989238
76561199508489415,0,0.0032125560101121664,9,0.9666558694989238
76561199526693259,0,0.4609886109828949,9,0.9666558694989238
76561199466719880,0,0.010334359481930733,9,0.9666558694989238
76561198813011972,0,0.6166108250617981,9,0.9666558694989238
76561199612372563,0,0.2407194972038269,9,0.9666558694989238
76561199013546269,0,0.29645249247550964,9,0.9666558694989238
76561198194461913,0,0.009780499152839184,9,0.9666558694989238
76561199012017032,1,0.9784430265426636,9,0.9666558694989238
76561198007421690,0,0.0075995768420398235,9,0.9666558694989238
76561198805796427,0,0.010439488105475903,9,0.9666558694989238
76561198834413278,0,0.16489826142787933,9,0.9666558694989238
76561198834209012,0,0.029538961127400398,9,0.9666558694989238
76561198331906095,0,0.9536601305007935,9,0.9666558694989238
76561199370987778,0,0.0031351400539278984,9,0.9666558694989238
76561198048859000,0,0.0040230052545666695,9,0.9666558694989238
76561198025725799,0,0.08553837239742279,9,0.9666558694989238
76561198803490157,0,0.003628012491390109,9,0.9666558694989238
76561197981060154,0,0.5620517134666443,9,0.9666558694989238
76561197978161599,0,0.526835024356842,9,0.9666558694989238
76561197992271488,0,0.8064335584640503,9,0.9666558694989238
76561198087187209,0,0.003683856688439846,9,0.9666558694989238
76561198323412983,0,0.005056410562247038,9,0.9666558694989238
76561198138090542,0,0.6954360604286194,9,0.9666558694989238
76561198010709780,0,0.44650858640670776,9,0.9666558694989238
76561198293965928,0,0.01294016744941473,9,0.9666558694989238
76561199422593220,0,0.006521665025502443,9,0.9666558694989238
76561198068221569,0,0.00680445646867156,9,0.9666558694989238
76561198100609310,0,0.055247873067855835,9,0.9666558694989238
76561198975277488,0,0.0035709619987756014,9,0.9666558694989238
76561198988196912,0,0.6027031540870667,9,0.9666558694989238
76561198032918566,0,0.004039152059704065,9,0.9666558694989238
76561197985953866,0,0.8308889865875244,9,0.9666558694989238
76561198994710239,0,0.7527711391448975,9,0.9666558694989238
76561198061206943,0,0.0032434819731861353,9,0.9666558694989238
76561198917519285,0,0.0030137901194393635,9,0.9666558694989238
76561198342702412,0,0.002842912683263421,9,0.9666558694989238
76561198046531338,0,0.0052309478633105755,9,0.9666558694989238
76561198231507048,0,0.5934545993804932,9,0.9666558694989238
76561198166005617,0,0.01058108638972044,9,0.9666558694989238
76561199138654124,1,0.9757583141326904,9,0.9666558694989238
76561199168463163,0,0.21978364884853363,9,0.9666558694989238
76561198879936007,0,0.9662624001502991,9,0.9666558694989238
76561197962078877,0,0.9530537724494934,9,0.9666558694989238
76561198399803588,0,0.08156275004148483,9,0.9666558694989238
76561199469667547,0,0.004175988957285881,9,0.9666558694989238
76561199008511646,0,0.01836516708135605,9,0.9666558694989238
76561197971921964,0,0.9736005067825317,9,0.9666558694989238
76561199485533585,0,0.004539862275123596,9,0.9666558694989238
76561198350289296,0,0.00770105654373765,9,0.9666558694989238
76561198051848294,0,0.010896199382841587,9,0.9666558694989238
76561199084525394,0,0.1537143737077713,9,0.9666558694989238
76561197994252264,0,0.003628012491390109,9,0.9666558694989238
76561198321578705,0,0.021153373643755913,9,0.9666558694989238
76561199538313908,0,0.00472891004756093,9,0.9666558694989238
76561199055075425,0,0.0036232583224773407,9,0.9666558694989238
76561198381136399,0,0.6089168787002563,9,0.9666558694989238
76561198024249373,0,0.686387836933136,9,0.9666558694989238
76561198072808119,0,0.007987307384610176,9,0.9666558694989238
76561198017950315,0,0.008283250965178013,9,0.9666558694989238
76561198148886153,0,0.004575071856379509,9,0.9666558694989238
76561199142573252,0,0.025055885314941406,9,0.9666558694989238
76561199229668370,0,0.008801360614597797,9,0.9666558694989238
76561198318476562,0,0.004515548702329397,9,0.9666558694989238
76561199175027694,0,0.03225145488977432,9,0.9666558694989238
76561198081097238,0,0.6355037093162537,9,0.9666558694989238
76561198039871748,0,0.02109084464609623,9,0.9666558694989238
76561198859112223,0,0.006183953955769539,9,0.9666558694989238
76561199195677982,0,0.007038825657218695,9,0.9666558694989238
76561198121379835,0,0.013443867675960064,9,0.9666558694989238
76561199060874986,0,0.025463007390499115,9,0.9666558694989238
76561199262880643,0,0.10364538431167603,9,0.9666558694989238
76561198129703527,0,0.00385625334456563,9,0.9666558694989238
76561198021929282,0,0.004774728324264288,9,0.9666558694989238
76561198255312243,0,0.002842912683263421,9,0.9666558694989238
76561198978098078,0,0.006650953087955713,9,0.9666558694989238
76561198965369666,0,0.0035131005570292473,9,0.9666558694989238
76561198238023666,0,0.003139030421152711,9,0.9666558694989238
76561198199553894,0,0.013351517729461193,9,0.9666558694989238
76561199506481067,0,0.00790091510862112,9,0.9666558694989238
76561198328413968,0,0.006016808096319437,9,0.9666558694989238
76561198061418602,0,0.01694600097835064,9,0.9666558694989238
76561199257134530,0,0.00486220046877861,9,0.9666558694989238
76561199132982272,0,0.006544595118612051,9,0.9666558694989238
76561199153821730,0,0.10561118274927139,9,0.9666558694989238
76561198035447400,0,0.0036435590591281652,9,0.9666558694989238
76561198384259868,0,0.003848436288535595,9,0.9666558694989238
76561198982896370,1,0.011036166921257973,9,0.9666558694989238
76561199368123837,0,0.006675533019006252,9,0.9666558694989238
76561199217753642,0,0.005652656778693199,9,0.9666558694989238
76561198379062725,0,0.007120660040527582,9,0.9666558694989238
76561198993079414,0,0.004375244025141001,9,0.9666558694989238
76561199060391028,0,0.004713467787951231,9,0.9666558694989238
76561199120545400,0,0.233815997838974,9,0.9666558694989238
76561197994414557,0,0.10522760450839996,9,0.9666558694989238
76561198964142910,0,0.003628012491390109,9,0.9666558694989238
76561198148753822,1,0.954371988773346,9,0.9666558694989238
76561199093998888,0,0.009408624842762947,9,0.9666558694989238
76561198052720044,0,0.005624293349683285,9,0.9666558694989238
76561198994672937,0,0.14390310645103455,9,0.9666558694989238
76561198022127044,0,0.8602667450904846,9,0.9666558694989238
76561198144059646,1,0.9757059812545776,9,0.9666558694989238
76561199192417071,0,0.9066758751869202,9,0.9666558694989238
76561199239431193,0,0.003502130275592208,9,0.9666558694989238
76561198314362290,0,0.005895708687603474,9,0.9666558694989238
76561198035641277,1,0.9845312833786011,9,0.9666558694989238
76561198958639072,0,0.008866216987371445,9,0.9666558694989238
76561198367188849,0,0.2292487472295761,9,0.9666558694989238
76561199588024311,0,0.4880673289299011,9,0.9666558694989238
76561198340909129,0,0.0069834887981414795,9,0.9666558694989238
76561199808497209,0,0.023064246401190758,9,0.9666558694989238
76561199075547308,0,0.010630507953464985,9,0.9666558694989238
76561199508479310,0,0.4684274196624756,9,0.9666558694989238
76561198352539093,0,0.966362476348877,9,0.9666558694989238
76561199228708807,0,0.1370311975479126,9,0.9666558694989238
76561198129972401,0,0.004745627753436565,9,0.9666558694989238
76561198987868768,0,0.8716450929641724,9,0.9666558694989238
76561199146566046,0,0.015378398820757866,9,0.9666558694989238
76561198386811988,0,0.9356139302253723,9,0.9666558694989238
76561197965200563,0,0.8195935487747192,9,0.9666558694989238
76561198017437421,0,0.030244123190641403,9,0.9666558694989238
76561198331856858,0,0.015149896033108234,9,0.9666558694989238
76561198015810047,0,0.4774758815765381,9,0.9666558694989238
76561198155553057,0,0.1275060921907425,9,0.9666558694989238
76561198052784712,0,0.5978421568870544,9,0.9666558694989238
76561197983151813,0,0.773354709148407,9,0.9666558694989238
76561198089147139,1,0.9792623519897461,9,0.9666558694989238
76561198087884124,0,0.09837891906499863,9,0.9666558694989238
76561198260548330,0,0.007038825657218695,9,0.9666558694989238
76561198933081977,0,0.14542652666568756,9,0.9666558694989238
76561199006466806,0,0.9475480914115906,9,0.9666558694989238
76561199087054486,0,0.05280278995633125,9,0.9666558694989238
76561198322774309,0,0.03463247790932655,9,0.9666558694989238
76561198432178121,0,0.8272108435630798,9,0.9666558694989238
76561198359362812,0,0.01796822063624859,9,0.9666558694989238
76561197987289348,0,0.81294846534729,9,0.9666558694989238
76561199015549131,0,0.9729415774345398,9,0.9666558694989238
76561198997007142,0,0.9707796573638916,9,0.9666558694989238
76561198131151691,0,0.838509202003479,9,0.9666558694989238
76561199056018096,0,0.9125676155090332,9,0.9666558694989238
76561198377469212,0,0.6583200693130493,9,0.9666558694989238
76561198139093647,0,0.01335157360881567,9,0.9666558694989238
76561198194273131,0,0.008374839089810848,9,0.9666558694989238
76561199358320249,0,0.0056085786782205105,9,0.9666558694989238
76561199086008512,0,0.004793831612914801,9,0.9666558694989238
76561198195189723,0,0.005934426560997963,9,0.9666558694989238
76561199428006157,0,0.012281198054552078,9,0.9666558694989238
76561198164365133,0,0.03173148259520531,9,0.9666558694989238
76561199418714439,0,0.7570472955703735,9,0.9666558694989238
76561198074233237,1,0.9727254509925842,9,0.9666558694989238
76561199349988547,0,0.015185797587037086,9,0.9666558694989238
76561198979571852,0,0.003006101818755269,9,0.9666558694989238
76561198130198054,0,0.3360116481781006,9,0.9666558694989238
76561198353373401,0,0.0051429131999611855,9,0.9666558694989238
76561199525428470,0,0.2400580495595932,9,0.9666558694989238
76561199192683271,0,0.006041697692126036,9,0.9666558694989238
76561198148762479,0,0.021540900692343712,9,0.9666558694989238
76561199231030514,0,0.9602090716362,9,0.9666558694989238
76561199435315511,0,0.0077363974414765835,9,0.9666558694989238
76561197991071299,0,0.01145964302122593,9,0.9666558694989238
76561198879687916,0,0.23077206313610077,9,0.9666558694989238
76561199081260338,0,0.006435675546526909,9,0.9666558694989238
76561198010847879,0,0.0030137901194393635,9,0.9666558694989238
76561198123095577,1,0.9619928002357483,9,0.9666558694989238
76561198335615372,0,0.023222360759973526,9,0.9666558694989238
76561199089900353,0,0.004248577170073986,9,0.9666558694989238
76561197983547939,0,0.003024314995855093,9,0.9666558694989238
76561198070106465,0,0.005040626507252455,9,0.9666558694989238
76561198158191887,0,0.008461486548185349,9,0.9666558694989238
76561198080764200,0,0.03635082021355629,9,0.9666558694989238
76561199230018475,0,0.03368125110864639,9,0.9666558694989238
76561198287185625,0,0.005274484399706125,9,0.9666558694989238
76561198966889388,0,0.003628012491390109,9,0.9666558694989238
76561198324125397,0,0.0029589845798909664,9,0.9666558694989238
76561198071777500,0,0.004485350102186203,9,0.9666558694989238
76561198105698804,0,0.007063206285238266,9,0.9666558694989238
76561199109276723,0,0.0033179211895912886,9,0.9666558694989238
76561199649813947,0,0.002861066022887826,9,0.9666558694989238
76561199152394610,0,0.007791164331138134,9,0.9666558694989238
76561198022644366,0,0.004721364006400108,9,0.9666558694989238
76561197979992174,0,0.005543683655560017,9,0.9666558694989238
76561198876586126,0,0.005372316110879183,9,0.9666558694989238
76561198423305398,0,0.055761270225048065,9,0.9666558694989238
76561198841957385,0,0.02250983938574791,9,0.9666558694989238
76561198939772778,0,0.003626702819019556,9,0.9666558694989238
76561199443328547,0,0.903242290019989,9,0.9666558694989238
76561198829702277,0,0.010491170920431614,9,0.9666558694989238
76561198879758972,0,0.01667707972228527,9,0.9666558694989238
76561198154425210,0,0.08199844509363174,9,0.9666558694989238
76561198984709581,0,0.00770105654373765,9,0.9666558694989238
76561199081926834,0,0.010648240335285664,9,0.9666558694989238
76561198055244412,0,0.009447697550058365,9,0.9666558694989238
76561199141007016,0,0.007450410630553961,9,0.9666558694989238
76561198041026120,0,0.8031635284423828,9,0.9666558694989238
76561199241788560,0,0.7859841585159302,9,0.9666558694989238
76561199097423834,0,0.7513058185577393,9,0.9666558694989238
76561199185259872,0,0.008031101897358894,9,0.9666558694989238
76561199012028293,0,0.01451725885272026,9,0.9666558694989238
76561198254030083,0,0.3441605567932129,9,0.9666558694989238
76561198932917512,0,0.01436257641762495,9,0.9666558694989238
76561198273919669,0,0.009748514741659164,9,0.9666558694989238
76561199122515588,0,0.014889764599502087,9,0.9666558694989238
76561198105884295,0,0.5403284430503845,9,0.9666558694989238
76561198095712326,0,0.007072596810758114,9,0.9666558694989238
76561198057516616,0,0.004077114164829254,9,0.9666558694989238
76561198100928389,0,0.011319025419652462,9,0.9666558694989238
76561198016255935,0,0.00538981007412076,9,0.9666558694989238
76561199400834801,0,0.02044193632900715,9,0.9666558694989238
76561199012417140,0,0.015940673649311066,9,0.9666558694989238
76561198332269697,0,0.3211328983306885,9,0.9666558694989238
76561198184631353,0,0.027104955166578293,9,0.9666558694989238
76561199195293661,0,0.00472891004756093,9,0.9666558694989238
76561199528707338,0,0.013263348489999771,9,0.9666558694989238
76561198825386938,0,0.13846269249916077,9,0.9666558694989238
76561198117382429,0,0.002842912683263421,9,0.9666558694989238
76561198850167393,0,0.004009083844721317,9,0.9666558694989238
76561199276140446,0,0.00472891004756093,9,0.9666558694989238
76561198324247026,0,0.004468146711587906,9,0.9666558694989238
76561198144474100,0,0.07281733304262161,9,0.9666558694989238
76561198858362000,0,0.004730939399451017,9,0.9666558694989238
76561199206241397,0,0.006934985984116793,9,0.9666558694989238
76561198195315767,0,0.003831564448773861,9,0.9666558694989238
76561199119170172,1,0.9719017148017883,9,0.9666558694989238
76561199374137677,0,0.03898153454065323,9,0.9666558694989238
76561197975450828,0,0.5395380854606628,9,0.9666558694989238
76561198429336664,0,0.06540796160697937,9,0.9666558694989238
76561198173278303,0,0.44378426671028137,9,0.9666558694989238
76561198402795684,0,0.004015839193016291,9,0.9666558694989238
76561198179181771,0,0.7728046178817749,9,0.9666558694989238
76561198002909023,0,0.7259732484817505,9,0.9666558694989238
76561198015435801,0,0.004641533363610506,9,0.9666558694989238
76561198108221496,0,0.003628012491390109,9,0.9666558694989238
76561199122705062,0,0.10687931627035141,9,0.9666558694989238
76561198038525257,0,0.10537693649530411,9,0.9666558694989238
76561199050849046,0,0.006204251665621996,9,0.9666558694989238
76561198203606148,0,0.23984135687351227,9,0.9666558694989238
76561198415062496,0,0.05292271077632904,9,0.9666558694989238
76561198963554088,0,0.004668877460062504,9,0.9666558694989238
76561198372917630,0,0.20232802629470825,9,0.9666558694989238
76561198289502285,0,0.011933849193155766,9,0.9666558694989238
76561197990344164,0,0.06921081244945526,9,0.9666558694989238
76561199084649510,0,0.005825994070619345,9,0.9666558694989238
76561198291777929,0,0.15053705871105194,9,0.9666558694989238
76561199246941079,0,0.024243302643299103,9,0.9666558694989238
76561198064414909,0,0.5296067595481873,9,0.9666558694989238
76561198152473476,0,0.547581672668457,9,0.9666558694989238
76561198988523706,0,0.7766297459602356,9,0.9666558694989238
76561199115396156,0,0.03132844343781471,9,0.9666558694989238
76561199037543110,0,0.0052033886313438416,9,0.9666558694989238
76561199523638197,0,0.08485659956932068,9,0.9666558694989238
76561197983167532,0,0.06901197880506516,9,0.9666558694989238
76561198044644696,0,0.0031907749362289906,9,0.9666558694989238
76561198167216745,0,0.009459191001951694,9,0.9666558694989238
76561199593588839,0,0.0035184177104383707,9,0.9666558694989238
76561198275788572,0,0.6380867958068848,9,0.9666558694989238
76561199120435241,0,0.004906104411929846,9,0.9666558694989238
76561198163975203,0,0.008408714085817337,9,0.9666558694989238
76561198354203205,0,0.32497259974479675,9,0.9666558694989238
76561199201297462,0,0.015399754978716373,9,0.9666558694989238
76561198250537594,0,0.26668331027030945,9,0.9666558694989238
76561199480376871,0,0.12828734517097473,9,0.9666558694989238
76561197987582476,0,0.21066772937774658,9,0.9666558694989238
76561198065161033,0,0.4968622326850891,9,0.9666558694989238
76561198044760714,0,0.012906955555081367,9,0.9666558694989238
76561197986871944,0,0.00685102166607976,9,0.9666558694989238
76561198124396160,0,0.004194745793938637,9,0.9666558694989238
76561198325686125,0,0.004525148309767246,9,0.9666558694989238
76561198025350899,0,0.40363189578056335,9,0.9666558694989238
76561199351059004,0,0.3114832639694214,9,0.9666558694989238
76561198067056506,0,0.05531466007232666,9,0.9666558694989238
76561199423692148,0,0.00905947107821703,9,0.9666558694989238
76561198029333128,0,0.00472891004756093,9,0.9666558694989238
76561198072260577,0,0.017482466995716095,9,0.9666558694989238
76561198128956046,0,0.0034716734662652016,9,0.9666558694989238
76561199000037103,0,0.09782545268535614,9,0.9666558694989238
76561199228883364,0,0.711753785610199,9,0.9666558694989238
76561199066533642,0,0.006948265712708235,9,0.9666558694989238
76561198365404390,0,0.004741044715046883,9,0.9666558694989238
76561198833296472,0,0.26121965050697327,9,0.9666558694989238
76561199108508313,0,0.3313489556312561,9,0.9666558694989238
76561198953137940,0,0.006732618901878595,9,0.9666558694989238
76561198066231488,0,0.06728287786245346,9,0.9666558694989238
76561198146670855,0,0.0034502262715250254,9,0.9666558694989238
76561199112355753,0,0.006168521475046873,9,0.9666558694989238
76561198992885516,0,0.7124872207641602,9,0.9666558694989238
76561199093938263,0,0.01684100367128849,9,0.9666558694989238
76561198839585375,0,0.015247475355863571,9,0.9666558694989238
76561198209217753,0,0.23850226402282715,9,0.9666558694989238
76561198020722407,0,0.004449192900210619,9,0.9666558694989238
76561199180731860,0,0.22610022127628326,9,0.9666558694989238
76561198366230356,0,0.038803886622190475,9,0.9666558694989238
76561199427493620,0,0.022402392700314522,9,0.9666558694989238
76561198166695391,0,0.8495151400566101,9,0.9666558694989238
76561197973955991,0,0.8208445906639099,9,0.9666558694989238
76561199042631903,0,0.014254516921937466,9,0.9666558694989238
76561199055667633,0,0.006443326361477375,9,0.9666558694989238
76561199186238429,0,0.008352144621312618,9,0.9666558694989238
76561198297698826,0,0.9178674221038818,9,0.9666558694989238
76561199117011176,0,0.02333042025566101,9,0.9666558694989238
76561198057577956,0,0.8441933393478394,9,0.9666558694989238
76561199091225757,0,0.003633726155385375,9,0.9666558694989238
76561199099285174,0,0.021715553477406502,9,0.9666558694989238
76561198998283257,0,0.36042651534080505,9,0.9666558694989238
76561198156423217,0,0.34950220584869385,9,0.9666558694989238
76561197960310042,0,0.004275432787835598,9,0.9666558694989238
76561199066436620,1,0.9627348184585571,9,0.9666558694989238
76561198056107400,0,0.8368443250656128,9,0.9666558694989238
76561197985672561,1,0.9837534427642822,9,0.9666558694989238
76561198357607771,0,0.004358537960797548,9,0.9666558694989238
76561198959449054,0,0.10268417000770569,9,0.9666558694989238
76561198072240743,0,0.003433413105085492,9,0.9666558694989238
76561198036982123,0,0.914848804473877,9,0.9666558694989238
76561198007396723,0,0.037563156336545944,9,0.9666558694989238
76561198144769836,0,0.7936983108520508,9,0.9666558694989238
76561198070851583,0,0.04164101183414459,9,0.9666558694989238
76561199217331919,0,0.008288752287626266,9,0.9666558694989238
76561198202217674,0,0.00723385950550437,9,0.9666558694989238
76561198969049713,0,0.003434777492657304,9,0.9666558694989238
76561198989283312,0,0.010070311836898327,9,0.9666558694989238
76561198065822862,0,0.013790682889521122,9,0.9666558694989238
76561198055289857,0,0.003946527373045683,9,0.9666558694989238
76561198101934708,0,0.09117025136947632,9,0.9666558694989238
76561198096238427,0,0.003573331283405423,9,0.9666558694989238
76561199174912381,0,0.8611183762550354,9,0.9666558694989238
76561198063551541,0,0.008388904854655266,9,0.9666558694989238
76561198287736166,0,0.006043450906872749,9,0.9666558694989238
76561198850763749,0,0.0036268720868974924,9,0.9666558694989238
76561198065152260,0,0.0030410573817789555,9,0.9666558694989238
76561198015568409,0,0.16704390943050385,9,0.9666558694989238
76561199026912459,0,0.008862948045134544,9,0.9666558694989238
76561198448484900,0,0.9639720320701599,9,0.9666558694989238
76561199023658762,0,0.012979633174836636,9,0.9666558694989238
76561198092703263,0,0.2745473384857178,9,0.9666558694989238
76561199183757352,0,0.04180091992020607,9,0.9666558694989238
76561199073085262,0,0.024539411067962646,9,0.9666558694989238
76561197970695407,0,0.01725214719772339,9,0.9666558694989238
76561198006757339,0,0.013418441638350487,9,0.9666558694989238
76561198131468929,0,0.13071554899215698,9,0.9666558694989238
76561199380670893,0,0.004044127184897661,9,0.9666558694989238
76561198343228117,0,0.009110674262046814,9,0.9666558694989238
76561198845285927,0,0.012531389482319355,9,0.9666558694989238
76561198853992056,1,0.9808101058006287,9,0.9666558694989238
76561199010608555,0,0.0826900526881218,9,0.9666558694989238
76561198310894733,0,0.03087392821907997,9,0.9666558694989238
76561198101043511,0,0.004391963128000498,9,0.9666558694989238
76561199121666483,0,0.004154385067522526,9,0.9666558694989238
76561198796307510,0,0.004895653575658798,9,0.9666558694989238
76561199334049112,0,0.04685283452272415,9,0.9666558694989238
76561198099049916,0,0.00472891004756093,9,0.9666558694989238
76561199122063784,1,0.9822529554367065,9,0.9666558694989238
76561198004658955,0,0.006793926935642958,9,0.9666558694989238
76561198277351328,0,0.7798874378204346,9,0.9666558694989238
76561198404373318,0,0.5410912036895752,9,0.9666558694989238
76561199075547295,0,0.6396429538726807,9,0.9666558694989238
76561198047744294,0,0.5234068036079407,9,0.9666558694989238
76561199017986091,0,0.16084954142570496,9,0.9666558694989238
76561197992208744,0,0.8637809753417969,9,0.9666558694989238
76561198141820140,0,0.002842912683263421,9,0.9666558694989238
76561198061286329,0,0.0046866112388670444,9,0.9666558694989238
76561199239999581,0,0.045815788209438324,9,0.9666558694989238
76561198120221103,0,0.006424894090741873,9,0.9666558694989238
76561198845512516,0,0.003040843643248081,9,0.9666558694989238
76561198050614456,0,0.047788918018341064,9,0.9666558694989238
76561198289310274,0,0.005442681722342968,9,0.9666558694989238
76561199470877133,0,0.36151593923568726,9,0.9666558694989238
76561197990764735,0,0.0041760606691241264,9,0.9666558694989238
76561198376296138,0,0.004588594194501638,9,0.9666558694989238
76561199122367082,0,0.005295602139085531,9,0.9666558694989238
76561198428661096,0,0.01124673429876566,9,0.9666558694989238
76561198069934013,0,0.015530534088611603,9,0.9666558694989238
76561198345811346,0,0.004789508879184723,9,0.9666558694989238
76561199122568076,0,0.026967260986566544,9,0.9666558694989238
76561198438801756,0,0.005470979027450085,9,0.9666558694989238
76561198018729124,0,0.003163999179378152,9,0.9666558694989238
76561198416676576,0,0.0409521609544754,9,0.9666558694989238
76561198034287659,0,0.018279964104294777,9,0.9666558694989238
76561197999113804,0,0.004658007528632879,9,0.9666558694989238
76561198103595075,0,0.728229284286499,9,0.9666558694989238
76561199095912761,0,0.004264120478183031,9,0.9666558694989238
76561199122396140,0,0.005244607571512461,9,0.9666558694989238
76561199098954282,0,0.0036272425204515457,9,0.9666558694989238
76561198123415192,0,0.006387564353644848,9,0.9666558694989238
76561199228166621,0,0.009901447221636772,9,0.9666558694989238
76561198314932736,0,0.010571395978331566,9,0.9666558694989238
76561198393556022,0,0.0193388182669878,9,0.9666558694989238
76561198273147753,0,0.374310165643692,9,0.9666558694989238
76561199152113706,0,0.09522699564695358,9,0.9666558694989238
76561198194984365,0,0.0032495169434696436,9,0.9666558694989238
76561199799391457,0,0.003992331214249134,9,0.9666558694989238
76561198038043253,0,0.7004139423370361,9,0.9666558694989238
76561198231160864,0,0.02678246609866619,9,0.9666558694989238
76561198277124479,0,0.7838799357414246,9,0.9666558694989238
76561198000243400,0,0.9010531902313232,9,0.9666558694989238
76561198201947402,0,0.18876610696315765,9,0.9666558694989238
76561198149373684,0,0.04262847825884819,9,0.9666558694989238
76561199257701483,0,0.0035891691222786903,9,0.9666558694989238
76561199152257192,1,0.9806025624275208,9,0.9666558694989238
76561198006694757,0,0.02808426506817341,9,0.9666558694989238
76561198025999795,0,0.40273043513298035,9,0.9666558694989238
76561198347870552,0,0.9840393662452698,9,0.9666558694989238
76561199126200393,0,0.6831929683685303,9,0.9666558694989238
76561199081180566,0,0.950366199016571,9,0.9666558694989238
76561198928306135,0,0.034432947635650635,9,0.9666558694989238
76561199054882416,0,0.0030823966953903437,9,0.9666558694989238
76561198859747391,0,0.9676300287246704,9,0.9666558694989238
76561199589192395,0,0.8080215454101562,9,0.9666558694989238
76561198295373419,0,0.055697862058877945,9,0.9666558694989238
76561199054188288,0,0.02646312676370144,9,0.9666558694989238
76561198255151387,0,0.35907459259033203,9,0.9666558694989238
76561199642250459,0,0.0033188294619321823,9,0.9666558694989238
76561198062075059,0,0.011278403922915459,9,0.9666558694989238
76561199045377980,0,0.050183698534965515,9,0.9666558694989238
76561198404300305,0,0.005058824550360441,9,0.9666558694989238
76561198250994464,0,0.017316697165369987,9,0.9666558694989238
76561197971667673,0,0.9565841555595398,9,0.9666558694989238
76561197980125783,0,0.5457484722137451,9,0.9666558694989238
76561199036654789,0,0.08617226034402847,9,0.9666558694989238
76561199258367196,0,0.9830795526504517,9,0.9666558694989238
76561198967367548,0,0.005798374302685261,9,0.9666558694989238
76561198123172827,0,0.9742274880409241,9,0.9666558694989238
76561198162237557,0,0.05203038454055786,9,0.9666558694989238
76561198118427479,0,0.6867012977600098,9,0.9666558694989238
76561198067039743,0,0.01290808618068695,9,0.9666558694989238
76561198049605766,0,0.0030570505186915398,9,0.9666558694989238
76561199123485225,0,0.6481298804283142,9,0.9666558694989238
76561197973449867,0,0.006474611349403858,9,0.9666558694989238
76561198838530978,0,0.005214507691562176,9,0.9666558694989238
76561198366923536,0,0.3211209177970886,9,0.9666558694989238
76561199020140368,0,0.010496399365365505,9,0.9666558694989238
76561198221830252,1,0.9700660109519958,9,0.9666558694989238
76561199532336592,0,0.006873981561511755,9,0.9666558694989238
76561198263040593,0,0.0037982843350619078,9,0.9666558694989238
76561199081390678,0,0.022450685501098633,9,0.9666558694989238
76561199003674093,0,0.004884432069957256,9,0.9666558694989238
76561198316739665,0,0.10201040655374527,9,0.9666558694989238
76561198042637209,0,0.655771017074585,9,0.9666558694989238
76561199251148417,0,0.058020737022161484,9,0.9666558694989238
76561198018668121,0,0.08283261954784393,9,0.9666558694989238
76561198135033225,0,0.04483810067176819,9,0.9666558694989238
76561198032175971,0,0.36086246371269226,9,0.9666558694989238
76561199223791150,0,0.4974477291107178,9,0.9666558694989238
76561197972558671,0,0.020135914906859398,9,0.9666558694989238
76561198350993222,0,0.009702633135020733,9,0.9666558694989238
76561198843326335,0,0.9295958876609802,9,0.9666558694989238
76561198084976847,0,0.2092563509941101,9,0.9666558694989238
76561198009189889,0,0.011068961583077908,9,0.9666558694989238
76561198026545496,0,0.02649230882525444,9,0.9666558694989238
76561197995675081,0,0.4228328466415405,9,0.9666558694989238
76561198084898095,0,0.15266652405261993,9,0.9666558694989238
76561197970345849,0,0.006766404956579208,9,0.9666558694989238
76561198067830375,0,0.9722569584846497,9,0.9666558694989238
76561198981943607,0,0.006354209501296282,9,0.9666558694989238
76561199122088005,0,0.0035891691222786903,9,0.9666558694989238
76561198965273601,0,0.961175262928009,9,0.9666558694989238
76561198283116148,0,0.006643365602940321,9,0.9666558694989238
76561198443185734,0,0.011819807812571526,9,0.9666558694989238
76561198279884244,0,0.030780525878071785,9,0.9666558694989238
76561198133704354,0,0.05118626728653908,9,0.9666558694989238
76561198340661926,0,0.00472891004756093,9,0.9666558694989238
76561198867927091,0,0.005914707668125629,9,0.9666558694989238
76561199206404146,0,0.0453861728310585,9,0.9666558694989238
76561198046576780,0,0.003787063527852297,9,0.9666558694989238
76561199072515542,0,0.12323255836963654,9,0.9666558694989238
76561198070775061,0,0.007549062371253967,9,0.9666558694989238
76561198231557548,0,0.018205981701612473,9,0.9666558694989238
76561199368479453,0,0.12244808673858643,9,0.9666558694989238
76561199560007224,0,0.014965511858463287,9,0.9666558694989238
76561199428597107,0,0.0051892646588385105,9,0.9666558694989238
76561198151563412,0,0.40947258472442627,9,0.9666558694989238
76561198132173197,0,0.005666663870215416,9,0.9666558694989238
76561198987334825,0,0.0034778208937495947,9,0.9666558694989238
76561198116132890,0,0.0035688960924744606,9,0.9666558694989238
76561197973550649,0,0.13569754362106323,9,0.9666558694989238
76561199417010012,0,0.00472891004756093,9,0.9666558694989238
76561199091643810,0,0.042207881808280945,9,0.9666558694989238
76561199152394092,0,0.6848355531692505,9,0.9666558694989238
76561198044296218,0,0.20440994203090668,9,0.9666558694989238
76561198054966307,0,0.14647901058197021,9,0.9666558694989238
76561199062060889,0,0.008377933874726295,9,0.9666558694989238
76561198869570879,0,0.005200541578233242,9,0.9666558694989238
76561198976701661,0,0.012314089573919773,9,0.9666558694989238
76561199388203067,0,0.9598494172096252,9,0.9666558694989238
76561199009733956,0,0.006204251665621996,9,0.9666558694989238
76561198102487955,0,0.12109345197677612,9,0.9666558694989238
76561198137423441,0,0.004938057623803616,9,0.9666558694989238
76561198278204784,1,0.9721474647521973,9,0.9666558694989238
76561198004451279,0,0.0073850322514772415,9,0.9666558694989238
76561199380076586,0,0.09098826348781586,9,0.9666558694989238
76561199215717703,0,0.02917199768126011,9,0.9666558694989238
76561198067213065,0,0.0031884401105344296,9,0.9666558694989238
76561199214289177,0,0.009408624842762947,9,0.9666558694989238
76561198012819237,0,0.00778114702552557,9,0.9666558694989238
76561198277287357,0,0.003628012491390109,9,0.9666558694989238
76561198063091465,0,0.00735503900796175,9,0.9666558694989238
76561198051742981,0,0.008287638425827026,9,0.9666558694989238
76561199088584933,0,0.06843409687280655,9,0.9666558694989238
76561198414343368,0,0.15588989853858948,9,0.9666558694989238
76561198205096975,0,0.0648108422756195,9,0.9666558694989238
76561198045715952,0,0.003325896803289652,9,0.9666558694989238
76561198338695667,0,0.008195712231099606,9,0.9666558694989238
