user_key,y,score,fold,threshold
76561198067273359,0,0.19003380835056305,5,0.9218344205872497
76561198061950859,0,0.17153958976268768,5,0.9218344205872497
76561198252952554,0,0.11205150187015533,5,0.9218344205872497
76561198804318499,0,0.4986521303653717,5,0.9218344205872497
76561198449582052,0,0.09982918947935104,5,0.9218344205872497
76561198018462946,0,0.3088248372077942,5,0.9218344205872497
76561199343623745,0,0.005531024187803268,5,0.9218344205872497
76561197998425505,0,0.0035060180816799402,5,0.9218344205872497
76561199064131687,0,0.005863283760845661,5,0.9218344205872497
76561198448112836,0,0.26533243060112,5,0.9218344205872497
76561198161364816,1,0.8749439120292664,5,0.9218344205872497
76561198194515921,0,0.14190179109573364,5,0.9218344205872497
76561198005510227,0,0.1809960901737213,5,0.9218344205872497
76561198091037420,0,0.1300256997346878,5,0.9218344205872497
76561198153966006,0,0.022168688476085663,5,0.9218344205872497
76561198407818405,0,0.007229703012853861,5,0.9218344205872497
76561199562124969,0,0.010478712618350983,5,0.9218344205872497
76561197998148391,0,0.16683034598827362,5,0.9218344205872497
76561198058429123,0,0.32998400926589966,5,0.9218344205872497
76561198188339315,0,0.7345768213272095,5,0.9218344205872497
76561198056958452,0,0.12281748652458191,5,0.9218344205872497
76561199189282612,0,0.012907520867884159,5,0.9218344205872497
76561197990997415,0,0.005015964154154062,5,0.9218344205872497
76561198150596762,0,0.003128190990537405,5,0.9218344205872497
76561198158169371,1,0.989590585231781,5,0.9218344205872497
76561198375484922,0,0.5889872312545776,5,0.9218344205872497
76561197976434761,0,0.9322797060012817,5,0.9218344205872497
76561198003578787,0,0.056922003626823425,5,0.9218344205872497
76561198977096959,0,0.13975626230239868,5,0.9218344205872497
76561198056872732,0,0.003700312925502658,5,0.9218344205872497
76561198285742653,0,0.23807655274868011,5,0.9218344205872497
76561199473821953,0,0.007035213056951761,5,0.9218344205872497
76561198359175487,0,0.017570659518241882,5,0.9218344205872497
76561198307377919,0,0.012920412234961987,5,0.9218344205872497
76561198160385636,0,0.006137588992714882,5,0.9218344205872497
76561199119235291,0,0.017045173794031143,5,0.9218344205872497
76561198414036305,0,0.005320430267602205,5,0.9218344205872497
76561199077329633,0,0.0041639418341219425,5,0.9218344205872497
76561198957535092,1,0.9890990257263184,5,0.9218344205872497
76561198009853031,0,0.9699623584747314,5,0.9218344205872497
76561198114232557,0,0.04262057691812515,5,0.9218344205872497
76561198161284167,0,0.005327458493411541,5,0.9218344205872497
76561198007287453,0,0.005001173820346594,5,0.9218344205872497
76561198070476383,0,0.011654290370643139,5,0.9218344205872497
76561198374713068,1,0.8295232653617859,5,0.9218344205872497
76561199017252401,0,0.005459235515445471,5,0.9218344205872497
76561198947117035,0,0.003645875956863165,5,0.9218344205872497
76561198046621140,1,0.9166244864463806,5,0.9218344205872497
76561198076445859,0,0.004148609470576048,5,0.9218344205872497
76561199027353118,0,0.0037830036599189043,5,0.9218344205872497
76561198079047994,1,0.8620357513427734,5,0.9218344205872497
76561198231848488,0,0.1081380769610405,5,0.9218344205872497
76561197975573716,0,0.12386416643857956,5,0.9218344205872497
76561199015926461,0,0.022304994985461235,5,0.9218344205872497
76561199174353486,0,0.03900217264890671,5,0.9218344205872497
76561199212884057,0,0.0035876380279660225,5,0.9218344205872497
76561198372144340,0,0.755980372428894,5,0.9218344205872497
76561198299012649,0,0.34388798475265503,5,0.9218344205872497
76561198823727886,0,0.028544971719384193,5,0.9218344205872497
76561198084273588,0,0.0043467748910188675,5,0.9218344205872497
76561199000665023,0,0.6528522372245789,5,0.9218344205872497
76561199144918649,0,0.018011974170804024,5,0.9218344205872497
76561198105071082,0,0.09968402981758118,5,0.9218344205872497
76561198102411524,0,0.054660551249980927,5,0.9218344205872497
76561199528984220,0,0.004067482892423868,5,0.9218344205872497
76561198156446127,0,0.008150456473231316,5,0.9218344205872497
76561198019433972,0,0.11497839540243149,5,0.9218344205872497
76561199042998573,0,0.052753131836652756,5,0.9218344205872497
76561197982080088,0,0.020260950550436974,5,0.9218344205872497
76561199502504289,0,0.004427875392138958,5,0.9218344205872497
76561198443367180,0,0.18094485998153687,5,0.9218344205872497
76561199625918865,0,0.006444450002163649,5,0.9218344205872497
76561198088492968,0,0.009431232698261738,5,0.9218344205872497
76561198105910644,0,0.004214221145957708,5,0.9218344205872497
76561199734828221,0,0.005606270860880613,5,0.9218344205872497
76561198118186089,0,0.0057069105096161366,5,0.9218344205872497
76561199068069487,0,0.004050461575388908,5,0.9218344205872497
76561199309722729,0,0.0058463201858103275,5,0.9218344205872497
76561198114984338,0,0.0054244184866547585,5,0.9218344205872497
76561197985845444,0,0.004966206848621368,5,0.9218344205872497
76561198117845241,0,0.02942885085940361,5,0.9218344205872497
76561198105528055,0,0.029007170349359512,5,0.9218344205872497
76561198974342873,0,0.1779843121767044,5,0.9218344205872497
76561198339074422,0,0.00861400831490755,5,0.9218344205872497
76561198119097146,0,0.13391874730587006,5,0.9218344205872497
76561199042598489,0,0.008852275088429451,5,0.9218344205872497
76561199237064697,0,0.00506447022780776,5,0.9218344205872497
76561198039578557,0,0.013614853844046593,5,0.9218344205872497
76561199153888122,0,0.007857353426516056,5,0.9218344205872497
76561198879407535,0,0.010336157865822315,5,0.9218344205872497
76561199088170034,0,0.02071656659245491,5,0.9218344205872497
76561198112034662,0,0.8551421761512756,5,0.9218344205872497
76561198172213799,0,0.003515919204801321,5,0.9218344205872497
76561198058685604,0,0.011779307387769222,5,0.9218344205872497
76561198242137010,0,0.006583681330084801,5,0.9218344205872497
76561197995505411,0,0.018039148300886154,5,0.9218344205872497
76561199089527430,0,0.0137960659340024,5,0.9218344205872497
76561198859589049,0,0.008218061178922653,5,0.9218344205872497
76561197978576801,0,0.017497781664133072,5,0.9218344205872497
76561198038731233,0,0.0036839270032942295,5,0.9218344205872497
76561199092331316,0,0.10186076909303665,5,0.9218344205872497
76561199273183992,0,0.4874687194824219,5,0.9218344205872497
76561198101599483,0,0.006546542979776859,5,0.9218344205872497
76561199041518227,0,0.005426932591944933,5,0.9218344205872497
76561198400548388,0,0.017085198312997818,5,0.9218344205872497
76561199194581179,1,0.8455122113227844,5,0.9218344205872497
76561198243552756,0,0.10972387343645096,5,0.9218344205872497
76561198015225681,0,0.15370991826057434,5,0.9218344205872497
76561199263377123,0,0.014735812321305275,5,0.9218344205872497
76561199281550972,0,0.5667656064033508,5,0.9218344205872497
76561198870751516,0,0.5882148742675781,5,0.9218344205872497
76561198340504397,0,0.011400950141251087,5,0.9218344205872497
76561198062392375,0,0.38642677664756775,5,0.9218344205872497
76561198875868045,0,0.016236843541264534,5,0.9218344205872497
76561198441573734,0,0.023460013791918755,5,0.9218344205872497
76561198080265220,0,0.006421390455216169,5,0.9218344205872497
76561198087753245,0,0.5525010824203491,5,0.9218344205872497
76561199586253117,0,0.0039061943534761667,5,0.9218344205872497
76561199498580411,0,0.004282563924789429,5,0.9218344205872497
76561198271695330,0,0.0060149203054606915,5,0.9218344205872497
76561198799230633,0,0.007461247034370899,5,0.9218344205872497
76561198030937069,0,0.044659435749053955,5,0.9218344205872497
76561198083515562,0,0.004778753966093063,5,0.9218344205872497
76561199155891434,0,0.006255296058952808,5,0.9218344205872497
76561199229745386,0,0.022371552884578705,5,0.9218344205872497
76561198022305549,0,0.02953459694981575,5,0.9218344205872497
76561198395254778,0,0.03140682727098465,5,0.9218344205872497
76561198053232480,0,0.20291104912757874,5,0.9218344205872497
76561199390462475,0,0.004454837646335363,5,0.9218344205872497
76561198379165785,0,0.34592580795288086,5,0.9218344205872497
76561198863273972,0,0.12545113265514374,5,0.9218344205872497
76561199122352447,1,0.8666176795959473,5,0.9218344205872497
76561198010604945,0,0.10569769144058228,5,0.9218344205872497
76561198062405069,0,0.005147716961801052,5,0.9218344205872497
76561198185952289,0,0.004564599134027958,5,0.9218344205872497
76561199547942239,0,0.52904212474823,5,0.9218344205872497
76561199075767080,0,0.005348022095859051,5,0.9218344205872497
76561198122001244,0,0.00412497716024518,5,0.9218344205872497
76561199582360589,0,0.004483137745410204,5,0.9218344205872497
76561198042519071,0,0.028013678267598152,5,0.9218344205872497
76561198188612849,0,0.41236579418182373,5,0.9218344205872497
76561198133833501,0,0.04483905807137489,5,0.9218344205872497
76561199106422146,0,0.290780633687973,5,0.9218344205872497
76561198303478350,0,0.012807388789951801,5,0.9218344205872497
76561198079504709,0,0.004523164127022028,5,0.9218344205872497
76561198132941508,0,0.003503975924104452,5,0.9218344205872497
76561198052318734,0,0.03102225251495838,5,0.9218344205872497
76561199057867991,0,0.33301711082458496,5,0.9218344205872497
76561199176575452,0,0.0034635518677532673,5,0.9218344205872497
76561198888175297,0,0.0050427550449967384,5,0.9218344205872497
76561198084623424,0,0.005068693310022354,5,0.9218344205872497
76561198405853425,0,0.03551942855119705,5,0.9218344205872497
76561199175001668,0,0.004952605813741684,5,0.9218344205872497
76561199091192787,0,0.004712660331279039,5,0.9218344205872497
76561198244288946,0,0.0032378220930695534,5,0.9218344205872497
76561198079632803,0,0.1362905353307724,5,0.9218344205872497
76561198131717158,0,0.04583274945616722,5,0.9218344205872497
76561198261728526,0,0.021475397050380707,5,0.9218344205872497
76561199062609716,0,0.004132154863327742,5,0.9218344205872497
76561198066891069,0,0.004904360510408878,5,0.9218344205872497
76561198246528540,0,0.003944687079638243,5,0.9218344205872497
76561198037733869,0,0.15397578477859497,5,0.9218344205872497
76561198133127977,0,0.005331666674464941,5,0.9218344205872497
76561198151708554,0,0.8981847167015076,5,0.9218344205872497
76561198272878325,0,0.024644972756505013,5,0.9218344205872497
76561199443719435,0,0.017917117103934288,5,0.9218344205872497
76561199502392145,0,0.00401377584785223,5,0.9218344205872497
76561199089774065,0,0.0065483469516038895,5,0.9218344205872497
76561199198824796,0,0.006227061152458191,5,0.9218344205872497
76561198039164247,0,0.00798146054148674,5,0.9218344205872497
76561199089585818,0,0.00397083442658186,5,0.9218344205872497
76561198033075073,0,0.004385683685541153,5,0.9218344205872497
76561198979446114,0,0.004218932241201401,5,0.9218344205872497
76561198079450027,0,0.39271122217178345,5,0.9218344205872497
76561199195383513,0,0.0137960659340024,5,0.9218344205872497
76561199222028573,0,0.008082074113190174,5,0.9218344205872497
76561198123210687,0,0.8879551291465759,5,0.9218344205872497
76561198051411977,0,0.006878710351884365,5,0.9218344205872497
76561198325264366,0,0.08814472705125809,5,0.9218344205872497
76561198338253592,0,0.003558191703632474,5,0.9218344205872497
76561198028116129,0,0.3186536431312561,5,0.9218344205872497
76561198169428691,0,0.017789801582694054,5,0.9218344205872497
76561197962812804,0,0.0031415231060236692,5,0.9218344205872497
76561197974299684,0,0.0032293382100760937,5,0.9218344205872497
76561199123670089,0,0.009834683500230312,5,0.9218344205872497
76561199091335714,0,0.023157568648457527,5,0.9218344205872497
76561198119628579,0,0.0034209054429084063,5,0.9218344205872497
76561198047253302,0,0.0031415231060236692,5,0.9218344205872497
76561198135588464,0,0.01130603440105915,5,0.9218344205872497
76561198021808880,0,0.11149201542139053,5,0.9218344205872497
76561198389521256,0,0.024533025920391083,5,0.9218344205872497
76561199303895656,0,0.00875463243573904,5,0.9218344205872497
76561198252658854,0,0.010748052969574928,5,0.9218344205872497
76561198798584407,0,0.027951782569289207,5,0.9218344205872497
76561198346305024,0,0.07887037098407745,5,0.9218344205872497
76561198085000052,0,0.01526415254920721,5,0.9218344205872497
76561198008652640,0,0.6997036337852478,5,0.9218344205872497
76561198866087650,0,0.004640674218535423,5,0.9218344205872497
76561198827059864,0,0.9057159423828125,5,0.9218344205872497
76561198992137528,0,0.011461074464023113,5,0.9218344205872497
76561198981085666,0,0.0036697830073535442,5,0.9218344205872497
76561199112027143,0,0.9412255883216858,5,0.9218344205872497
76561199046333009,0,0.09658870100975037,5,0.9218344205872497
76561199233616155,0,0.21302220225334167,5,0.9218344205872497
76561198009985960,0,0.17738232016563416,5,0.9218344205872497
76561199122235028,0,0.010769732296466827,5,0.9218344205872497
76561199025692787,0,0.04683320224285126,5,0.9218344205872497
76561197990503392,0,0.010883482173085213,5,0.9218344205872497
76561199145263302,0,0.0031415231060236692,5,0.9218344205872497
76561197995099615,0,0.3364173471927643,5,0.9218344205872497
76561198000590572,0,0.2602126896381378,5,0.9218344205872497
76561198021617413,1,0.8708451986312866,5,0.9218344205872497
76561198986014132,0,0.03157905116677284,5,0.9218344205872497
76561199384687718,0,0.08067723363637924,5,0.9218344205872497
76561198048095390,0,0.3837396502494812,5,0.9218344205872497
76561199123149616,0,0.004067934583872557,5,0.9218344205872497
76561198087857682,1,0.9685285687446594,5,0.9218344205872497
76561198130943099,0,0.012092338874936104,5,0.9218344205872497
76561197995279126,0,0.009042427875101566,5,0.9218344205872497
76561198041008467,0,0.005092219915241003,5,0.9218344205872497
76561198243371774,0,0.015301791951060295,5,0.9218344205872497
76561198005460930,0,0.0753277838230133,5,0.9218344205872497
76561198014843963,0,0.11103663593530655,5,0.9218344205872497
76561198051712385,0,0.3353046178817749,5,0.9218344205872497
76561199071431402,0,0.03795378655195236,5,0.9218344205872497
76561198263884207,0,0.010555577464401722,5,0.9218344205872497
76561199484132010,0,0.03822961077094078,5,0.9218344205872497
76561198211426349,0,0.007584936451166868,5,0.9218344205872497
76561198987300659,0,0.12166262418031693,5,0.9218344205872497
76561198071635651,0,0.7676605582237244,5,0.9218344205872497
76561199442975700,0,0.0053679607808589935,5,0.9218344205872497
76561199175543637,0,0.31933966279029846,5,0.9218344205872497
76561199112398085,0,0.0037442303728312254,5,0.9218344205872497
76561198357982606,0,0.033618487417697906,5,0.9218344205872497
76561198041834534,0,0.04259468615055084,5,0.9218344205872497
76561198346923688,0,0.0074155861511826515,5,0.9218344205872497
76561198824406206,0,0.3933883309364319,5,0.9218344205872497
76561198184627995,0,0.012413165532052517,5,0.9218344205872497
76561199260598086,0,0.01146181020885706,5,0.9218344205872497
76561199083346424,0,0.020212432369589806,5,0.9218344205872497
76561197975686739,0,0.29246678948402405,5,0.9218344205872497
76561198136282021,0,0.008417513221502304,5,0.9218344205872497
76561199232809193,0,0.010111885145306587,5,0.9218344205872497
76561198172565541,0,0.9722101092338562,5,0.9218344205872497
76561198038101239,1,0.9888073205947876,5,0.9218344205872497
76561199076821160,0,0.07293254137039185,5,0.9218344205872497
76561197993297009,0,0.02008966915309429,5,0.9218344205872497
76561199482781757,0,0.00817165058106184,5,0.9218344205872497
76561198318599953,0,0.009541749954223633,5,0.9218344205872497
76561198062773906,0,0.008438517339527607,5,0.9218344205872497
76561198970392691,0,0.016284510493278503,5,0.9218344205872497
76561198093856781,0,0.007292004302144051,5,0.9218344205872497
76561198228141868,0,0.16446878015995026,5,0.9218344205872497
76561198991399224,0,0.016696058213710785,5,0.9218344205872497
76561198162956483,0,0.0048125931061804295,5,0.9218344205872497
76561198802461905,1,0.9527270197868347,5,0.9218344205872497
76561198074566858,0,0.005531024187803268,5,0.9218344205872497
76561198813848955,0,0.37249356508255005,5,0.9218344205872497
76561198409179997,0,0.004106271546334028,5,0.9218344205872497
76561198155877810,1,0.989237904548645,5,0.9218344205872497
76561198882678872,0,0.027250375598669052,5,0.9218344205872497
76561199077931856,0,0.003955820109695196,5,0.9218344205872497
76561199128336182,0,0.2496640980243683,5,0.9218344205872497
76561198438150983,0,0.007195654325187206,5,0.9218344205872497
76561199651820704,1,0.9792872667312622,5,0.9218344205872497
76561199375503581,0,0.171067476272583,5,0.9218344205872497
76561199373476492,0,0.00811883993446827,5,0.9218344205872497
76561198044787048,0,0.012089413590729237,5,0.9218344205872497
76561199097020175,0,0.3577495813369751,5,0.9218344205872497
76561197973634284,0,0.5758517980575562,5,0.9218344205872497
76561198102176602,1,0.285935640335083,5,0.9218344205872497
76561197966722772,0,0.0034717118833214045,5,0.9218344205872497
76561198160367225,0,0.012932208366692066,5,0.9218344205872497
76561199189964421,0,0.9103668332099915,5,0.9218344205872497
76561199075860051,0,0.012574673630297184,5,0.9218344205872497
76561198115684954,0,0.012453611940145493,5,0.9218344205872497
76561198102678404,0,0.06871893256902695,5,0.9218344205872497
76561198809871868,0,0.003923850599676371,5,0.9218344205872497
76561198014039324,0,0.0041962978430092335,5,0.9218344205872497
76561198384860594,0,0.0072157359682023525,5,0.9218344205872497
76561199187789208,0,0.016843823716044426,5,0.9218344205872497
76561199122474381,0,0.1611962914466858,5,0.9218344205872497
76561197973950975,0,0.020222695544362068,5,0.9218344205872497
76561199471685368,0,0.09315967559814453,5,0.9218344205872497
76561197977456723,0,0.003853713860735297,5,0.9218344205872497
76561199546467694,0,0.004931176546961069,5,0.9218344205872497
76561199357810873,0,0.005754836369305849,5,0.9218344205872497
76561199241396203,0,0.004706854932010174,5,0.9218344205872497
76561199140538372,0,0.03832726180553436,5,0.9218344205872497
76561198935014792,0,0.0036147013306617737,5,0.9218344205872497
76561199744968377,0,0.0035434598103165627,5,0.9218344205872497
76561198024158200,0,0.006275924388319254,5,0.9218344205872497
76561198022962443,0,0.005739049520343542,5,0.9218344205872497
76561198171339821,0,0.23405984044075012,5,0.9218344205872497
76561198043581605,0,0.00800501648336649,5,0.9218344205872497
76561198059158098,0,0.003839639248326421,5,0.9218344205872497
76561198312199228,0,0.01382045540958643,5,0.9218344205872497
76561198014226511,0,0.008853939361870289,5,0.9218344205872497
76561199012274253,0,0.00529936607927084,5,0.9218344205872497
76561198050184190,0,0.016926977783441544,5,0.9218344205872497
76561199706221999,0,0.006453924812376499,5,0.9218344205872497
76561198139554827,0,0.008246827870607376,5,0.9218344205872497
76561198182388382,0,0.0062807179056108,5,0.9218344205872497
76561198001835688,0,0.010790796019136906,5,0.9218344205872497
76561199411835054,0,0.004540879745036364,5,0.9218344205872497
76561198028214836,0,0.019523432478308678,5,0.9218344205872497
76561198824233493,0,0.006955000571906567,5,0.9218344205872497
76561198373015628,0,0.004618380218744278,5,0.9218344205872497
76561199238078292,0,0.03757721930742264,5,0.9218344205872497
76561199513795588,0,0.00875463243573904,5,0.9218344205872497
76561198428189040,0,0.5554238557815552,5,0.9218344205872497
76561198036076841,0,0.004739897325634956,5,0.9218344205872497
76561198308775415,0,0.968689501285553,5,0.9218344205872497
76561199016826187,0,0.010218724608421326,5,0.9218344205872497
76561198325787199,0,0.011461922898888588,5,0.9218344205872497
76561198095394589,1,0.7237558960914612,5,0.9218344205872497
76561199181331112,0,0.00662001920863986,5,0.9218344205872497
76561198920891903,0,0.009757823310792446,5,0.9218344205872497
76561198396500421,1,0.775097668170929,5,0.9218344205872497
76561199220335319,0,0.005560413934290409,5,0.9218344205872497
76561198964614039,0,0.0072157359682023525,5,0.9218344205872497
76561199488526846,0,0.9379554390907288,5,0.9218344205872497
76561198061882317,0,0.0812472477555275,5,0.9218344205872497
76561199525958052,0,0.015064829029142857,5,0.9218344205872497
76561198220536137,0,0.5905508995056152,5,0.9218344205872497
76561198174339327,0,0.016408218070864677,5,0.9218344205872497
76561198838192995,0,0.15695834159851074,5,0.9218344205872497
76561198158077529,0,0.05605420097708702,5,0.9218344205872497
76561198034273246,0,0.436250776052475,5,0.9218344205872497
76561198402029122,0,0.8712795376777649,5,0.9218344205872497
76561198846017536,0,0.33744069933891296,5,0.9218344205872497
76561198248048252,0,0.00461945403367281,5,0.9218344205872497
76561198207064887,0,0.004732938017696142,5,0.9218344205872497
76561198028909331,0,0.013640619814395905,5,0.9218344205872497
76561199123057706,0,0.49744296073913574,5,0.9218344205872497
76561198317156935,0,0.15354463458061218,5,0.9218344205872497
76561197965223443,0,0.13844643533229828,5,0.9218344205872497
76561198149451367,0,0.9359902739524841,5,0.9218344205872497
76561198385041888,0,0.012148681096732616,5,0.9218344205872497
76561198519735175,0,0.670989453792572,5,0.9218344205872497
76561198059418965,0,0.029121695086359978,5,0.9218344205872497
76561198840788947,0,0.00461945403367281,5,0.9218344205872497
76561197990556585,0,0.17352807521820068,5,0.9218344205872497
76561198074895242,0,0.9465416669845581,5,0.9218344205872497
76561198008245296,0,0.8995782732963562,5,0.9218344205872497
76561198099225470,0,0.0036240778863430023,5,0.9218344205872497
76561198256039384,0,0.06992710381746292,5,0.9218344205872497
76561198080571081,0,0.012665707617998123,5,0.9218344205872497
76561198069526808,0,0.18099209666252136,5,0.9218344205872497
76561198267647944,0,0.0031415231060236692,5,0.9218344205872497
76561199565368415,0,0.003923850599676371,5,0.9218344205872497
76561198067263992,0,0.8496555089950562,5,0.9218344205872497
76561197960320795,0,0.004007635172456503,5,0.9218344205872497
76561198836972373,0,0.35828039050102234,5,0.9218344205872497
76561198106464592,0,0.008737335912883282,5,0.9218344205872497
76561197960294238,0,0.0035957954823970795,5,0.9218344205872497
76561199103361225,0,0.003820608602836728,5,0.9218344205872497
76561198806184462,0,0.29020437598228455,5,0.9218344205872497
76561197990390458,0,0.005158105865120888,5,0.9218344205872497
76561199482171748,0,0.01178746484220028,5,0.9218344205872497
76561198282563136,0,0.16430392861366272,5,0.9218344205872497
76561198132167062,0,0.02031105011701584,5,0.9218344205872497
76561199089450224,0,0.007850334979593754,5,0.9218344205872497
76561198110578254,0,0.547727108001709,5,0.9218344205872497
76561199473063591,0,0.003986116964370012,5,0.9218344205872497
76561198171373450,1,0.9890210032463074,5,0.9218344205872497
76561198139857903,0,0.0076950425282120705,5,0.9218344205872497
76561199177329562,0,0.024766094982624054,5,0.9218344205872497
76561199202547050,0,0.006852666847407818,5,0.9218344205872497
76561197989570059,0,0.08167244493961334,5,0.9218344205872497
76561197960294027,0,0.1581723690032959,5,0.9218344205872497
76561198932713903,0,0.00539158470928669,5,0.9218344205872497
76561198332282822,0,0.004137563984841108,5,0.9218344205872497
76561197992256303,0,0.4209575057029724,5,0.9218344205872497
76561198809202452,0,0.008907350711524487,5,0.9218344205872497
76561199575016322,0,0.006631314288824797,5,0.9218344205872497
76561199125801324,0,0.04887819290161133,5,0.9218344205872497
76561199541708742,0,0.03983525559306145,5,0.9218344205872497
76561199113584041,0,0.009666555561125278,5,0.9218344205872497
76561199528488949,0,0.003881005570292473,5,0.9218344205872497
76561198086942153,0,0.2751319408416748,5,0.9218344205872497
76561199471296194,0,0.004423996899276972,5,0.9218344205872497
76561198849464298,0,0.026193177327513695,5,0.9218344205872497
76561199559921283,0,0.006367331370711327,5,0.9218344205872497
76561198262323440,0,0.00827039685100317,5,0.9218344205872497
76561198031695202,0,0.08764199167490005,5,0.9218344205872497
76561198124754416,0,0.04090557619929314,5,0.9218344205872497
76561199198420636,0,0.00875463243573904,5,0.9218344205872497
76561198418766284,0,0.020172948017716408,5,0.9218344205872497
76561198405288697,0,0.005638666916638613,5,0.9218344205872497
76561198198798555,0,0.012395336292684078,5,0.9218344205872497
76561198267973995,0,0.3341827690601349,5,0.9218344205872497
76561198984067803,0,0.0036051308270543814,5,0.9218344205872497
76561197973864003,0,0.008713966235518456,5,0.9218344205872497
76561198063881270,0,0.12525780498981476,5,0.9218344205872497
76561198028404441,0,0.003810987574979663,5,0.9218344205872497
76561198898134458,0,0.15811745822429657,5,0.9218344205872497
76561198113154437,0,0.01696692779660225,5,0.9218344205872497
76561198276849759,0,0.7532216310501099,5,0.9218344205872497
76561198123108826,0,0.0034871241077780724,5,0.9218344205872497
76561198055274387,0,0.005077437497675419,5,0.9218344205872497
76561199810341254,0,0.03726128488779068,5,0.9218344205872497
76561198073337573,1,0.988742470741272,5,0.9218344205872497
76561198023909750,0,0.2794422507286072,5,0.9218344205872497
76561199476900770,0,0.9006468057632446,5,0.9218344205872497
76561198119387802,0,0.03863278403878212,5,0.9218344205872497
76561198248729650,0,0.25494706630706787,5,0.9218344205872497
76561198144741419,0,0.10298129916191101,5,0.9218344205872497
76561198131671185,0,0.004113721661269665,5,0.9218344205872497
76561198832551926,0,0.033766720443964005,5,0.9218344205872497
76561198860929618,0,0.10763705521821976,5,0.9218344205872497
76561198056747740,0,0.1781998723745346,5,0.9218344205872497
76561198969748527,0,0.24516606330871582,5,0.9218344205872497
76561199027487974,0,0.4711878001689911,5,0.9218344205872497
76561198315742710,0,0.00942156556993723,5,0.9218344205872497
76561198448985292,0,0.0728936418890953,5,0.9218344205872497
76561199036102060,0,0.003923850599676371,5,0.9218344205872497
76561199204367842,0,0.00605111476033926,5,0.9218344205872497
76561198106314348,0,0.003968583419919014,5,0.9218344205872497
76561198995537146,0,0.06730491667985916,5,0.9218344205872497
76561198354268986,0,0.05762496218085289,5,0.9218344205872497
76561198994463565,0,0.0056543718092143536,5,0.9218344205872497
76561198000231686,0,0.10612951964139938,5,0.9218344205872497
76561199734134938,0,0.07865346968173981,5,0.9218344205872497
76561198220162629,0,0.004387438762933016,5,0.9218344205872497
76561198066235742,0,0.07034990936517715,5,0.9218344205872497
76561198055578714,0,0.311814546585083,5,0.9218344205872497
76561199055177537,0,0.00949447974562645,5,0.9218344205872497
76561198236872568,0,0.1472223401069641,5,0.9218344205872497
76561198013056022,0,0.17506550252437592,5,0.9218344205872497
76561199121702642,0,0.003923850599676371,5,0.9218344205872497
76561198133894046,0,0.0041666473262012005,5,0.9218344205872497
76561199244239702,0,0.02464737556874752,5,0.9218344205872497
76561198079934499,0,0.615617573261261,5,0.9218344205872497
76561198082674206,0,0.11971568316221237,5,0.9218344205872497
76561198417600892,0,0.02552958019077778,5,0.9218344205872497
76561198361181714,0,0.00875463243573904,5,0.9218344205872497
76561198038351841,0,0.08692242950201035,5,0.9218344205872497
76561198118971396,0,0.01629188098013401,5,0.9218344205872497
76561199027754253,0,0.010452748276293278,5,0.9218344205872497
76561198043457983,0,0.2522357702255249,5,0.9218344205872497
76561198841229268,0,0.00850121583789587,5,0.9218344205872497
76561198879240308,0,0.8368240594863892,5,0.9218344205872497
76561199169999371,0,0.32495224475860596,5,0.9218344205872497
76561198232977348,0,0.4147997796535492,5,0.9218344205872497
76561198329180963,0,0.07667569816112518,5,0.9218344205872497
76561198128242665,0,0.0057092406786978245,5,0.9218344205872497
76561199042128621,0,0.014293028973042965,5,0.9218344205872497
76561199050865063,0,0.008810817264020443,5,0.9218344205872497
76561198999100104,0,0.051998451352119446,5,0.9218344205872497
76561198832933646,0,0.12487087398767471,5,0.9218344205872497
76561199027979491,0,0.006933022290468216,5,0.9218344205872497
76561199062714497,0,0.011005310341715813,5,0.9218344205872497
76561199104053009,0,0.006318716332316399,5,0.9218344205872497
76561199166181856,0,0.005062526557594538,5,0.9218344205872497
76561198067846400,0,0.0040602972730994225,5,0.9218344205872497
76561198300151789,0,0.0040666754357516766,5,0.9218344205872497
76561199509782437,0,0.0035652334336191416,5,0.9218344205872497
76561198412860227,0,0.015268051996827126,5,0.9218344205872497
76561197982748255,0,0.44838857650756836,5,0.9218344205872497
76561198436418995,0,0.1905236691236496,5,0.9218344205872497
76561198036455569,0,0.003989124204963446,5,0.9218344205872497
76561198043826547,0,0.012047733180224895,5,0.9218344205872497
76561198338108635,0,0.004282563924789429,5,0.9218344205872497
76561198162855942,0,0.006900974083691835,5,0.9218344205872497
76561198092986565,0,0.0036796608474105597,5,0.9218344205872497
76561198041506554,0,0.0035839243791997433,5,0.9218344205872497
76561199480059652,0,0.00801544263958931,5,0.9218344205872497
76561198442510032,0,0.02009649947285652,5,0.9218344205872497
76561198123322067,0,0.004243813920766115,5,0.9218344205872497
76561198303926113,0,0.008717315271496773,5,0.9218344205872497
76561199089583297,0,0.003920026123523712,5,0.9218344205872497
76561199100301206,0,0.35624510049819946,5,0.9218344205872497
76561198197319838,0,0.005194606725126505,5,0.9218344205872497
76561197992669373,0,0.00830327533185482,5,0.9218344205872497
76561198857965945,0,0.20725922286510468,5,0.9218344205872497
76561199119110040,0,0.012407619506120682,5,0.9218344205872497
76561198107909316,0,0.9830742478370667,5,0.9218344205872497
76561198408164059,0,0.07324084639549255,5,0.9218344205872497
76561199243445475,1,0.9798526763916016,5,0.9218344205872497
76561199374546154,0,0.0059505351819098,5,0.9218344205872497
76561199068000295,0,0.10645490139722824,5,0.9218344205872497
76561199383485934,0,0.03485505282878876,5,0.9218344205872497
76561198019055885,0,0.925990104675293,5,0.9218344205872497
76561197974114374,0,0.25364604592323303,5,0.9218344205872497
76561199067273579,0,0.011305522173643112,5,0.9218344205872497
76561197993565671,0,0.6708276867866516,5,0.9218344205872497
76561199278489626,0,0.010007270611822605,5,0.9218344205872497
76561198014444094,0,0.06548207998275757,5,0.9218344205872497
76561198258908036,0,0.8970673680305481,5,0.9218344205872497
76561198057759860,0,0.005034665577113628,5,0.9218344205872497
76561198000447510,0,0.24310024082660675,5,0.9218344205872497
76561198863672882,0,0.010576175525784492,5,0.9218344205872497
76561198132382163,0,0.04169965535402298,5,0.9218344205872497
76561198155417001,0,0.14993077516555786,5,0.9218344205872497
76561199023813569,0,0.23203083872795105,5,0.9218344205872497
76561198086249959,0,0.1863156259059906,5,0.9218344205872497
76561199092906717,0,0.02422860451042652,5,0.9218344205872497
76561198020876201,0,0.6545163989067078,5,0.9218344205872497
76561198351440518,0,0.4503854513168335,5,0.9218344205872497
76561198064227922,0,0.01769017055630684,5,0.9218344205872497
76561199100515400,0,0.007943005301058292,5,0.9218344205872497
76561198013618172,0,0.04505274072289467,5,0.9218344205872497
76561198840692389,0,0.3360583782196045,5,0.9218344205872497
76561199115454837,0,0.2719827890396118,5,0.9218344205872497
76561198078578204,0,0.02205660752952099,5,0.9218344205872497
76561198124024376,0,0.00398316839709878,5,0.9218344205872497
76561198355840374,0,0.005460737273097038,5,0.9218344205872497
76561198312603170,0,0.9895301461219788,5,0.9218344205872497
76561197976675566,0,0.005071478895843029,5,0.9218344205872497
76561198107336560,0,0.005367591045796871,5,0.9218344205872497
76561198030792442,0,0.004406205844134092,5,0.9218344205872497
76561198875871058,0,0.013334736227989197,5,0.9218344205872497
76561198151725686,0,0.004321589134633541,5,0.9218344205872497
76561199229855962,0,0.005181592423468828,5,0.9218344205872497
76561198179858077,0,0.005175417754799128,5,0.9218344205872497
76561199092777466,0,0.007367393933236599,5,0.9218344205872497
76561198049968968,0,0.2840883433818817,5,0.9218344205872497
76561198099151733,0,0.0032651235815137625,5,0.9218344205872497
76561199225435216,0,0.007361747324466705,5,0.9218344205872497
76561198128571893,0,0.005865652579814196,5,0.9218344205872497
76561198113525761,0,0.012447561137378216,5,0.9218344205872497
76561198154716256,1,0.9586626887321472,5,0.9218344205872497
76561198125979465,0,0.005045406520366669,5,0.9218344205872497
76561198241164644,0,0.00461945403367281,5,0.9218344205872497
76561198055516100,1,0.4620034098625183,5,0.9218344205872497
76561199197173586,0,0.0186671931296587,5,0.9218344205872497
76561199488087450,0,0.003923850599676371,5,0.9218344205872497
76561198032084400,0,0.05373886972665787,5,0.9218344205872497
76561198378880677,0,0.009128151461482048,5,0.9218344205872497
76561197999004129,0,0.03563311696052551,5,0.9218344205872497
76561199027795898,0,0.06904037296772003,5,0.9218344205872497
76561198354825866,0,0.009864791296422482,5,0.9218344205872497
76561198192839897,0,0.06640750914812088,5,0.9218344205872497
76561199202273081,0,0.00577194057404995,5,0.9218344205872497
76561198025764545,0,0.008777627721428871,5,0.9218344205872497
76561198031596001,0,0.013992996886372566,5,0.9218344205872497
76561198862137173,0,0.00997199211269617,5,0.9218344205872497
76561199175139655,0,0.04819701239466667,5,0.9218344205872497
76561197960716517,0,0.5379437208175659,5,0.9218344205872497
76561199204144390,0,0.8427673578262329,5,0.9218344205872497
76561198839575244,0,0.0037146855611354113,5,0.9218344205872497
76561199189618346,0,0.013107669539749622,5,0.9218344205872497
76561199158508760,0,0.018836645409464836,5,0.9218344205872497
76561198342303505,0,0.009272690862417221,5,0.9218344205872497
76561198058162852,0,0.026456279680132866,5,0.9218344205872497
76561198083834583,0,0.01163430418819189,5,0.9218344205872497
76561198091060910,0,0.22793982923030853,5,0.9218344205872497
76561198154791505,0,0.04061783477663994,5,0.9218344205872497
76561198994947568,0,0.00388332549482584,5,0.9218344205872497
76561198449534265,0,0.874975323677063,5,0.9218344205872497
76561199092973960,0,0.003805383574217558,5,0.9218344205872497
76561197969875305,0,0.005014995578676462,5,0.9218344205872497
76561199246207814,0,0.007190706208348274,5,0.9218344205872497
76561198146811441,0,0.013785170391201973,5,0.9218344205872497
76561198788809437,0,0.009908315725624561,5,0.9218344205872497
76561199790507922,0,0.005969109479337931,5,0.9218344205872497
76561199489817939,0,0.013616902753710747,5,0.9218344205872497
76561198400393061,0,0.0032773895654827356,5,0.9218344205872497
76561198021294925,0,0.004184321966022253,5,0.9218344205872497
76561198032543657,0,0.005907881073653698,5,0.9218344205872497
76561198132066877,0,0.01210689079016447,5,0.9218344205872497
76561199235743986,0,0.005619333125650883,5,0.9218344205872497
76561198360897397,0,0.014713206328451633,5,0.9218344205872497
76561198367896470,0,0.0038655076641589403,5,0.9218344205872497
76561197989824879,0,0.9544538259506226,5,0.9218344205872497
76561198388820181,0,0.2945441007614136,5,0.9218344205872497
76561199201103362,0,0.08221849799156189,5,0.9218344205872497
76561198260440473,0,0.07550659775733948,5,0.9218344205872497
76561199229492326,0,0.23318612575531006,5,0.9218344205872497
76561198274909390,0,0.1061193197965622,5,0.9218344205872497
76561199121940215,0,0.02765665575861931,5,0.9218344205872497
76561198138449174,0,0.004987125284969807,5,0.9218344205872497
76561199095881853,0,0.010340101085603237,5,0.9218344205872497
76561198033923796,0,0.6534779667854309,5,0.9218344205872497
76561198005214622,0,0.0049349102191627026,5,0.9218344205872497
76561199160055600,0,0.0036612204276025295,5,0.9218344205872497
76561198994929804,0,0.023813866078853607,5,0.9218344205872497
76561199011267072,0,0.003816023236140609,5,0.9218344205872497
76561198038381357,0,0.005001795943826437,5,0.9218344205872497
76561198333842349,0,0.07695460319519043,5,0.9218344205872497
76561199022475707,0,0.004718915559351444,5,0.9218344205872497
76561198865903314,0,0.019429629668593407,5,0.9218344205872497
76561198036246183,0,0.003434183308854699,5,0.9218344205872497
76561198067654667,0,0.003987673204392195,5,0.9218344205872497
76561198286352331,0,0.9385881423950195,5,0.9218344205872497
76561199545627055,0,0.04473492130637169,5,0.9218344205872497
76561199228666020,0,0.016934851184487343,5,0.9218344205872497
76561198040164740,0,0.6123493909835815,5,0.9218344205872497
76561199443792807,0,0.003923850599676371,5,0.9218344205872497
76561198191829241,0,0.045555707067251205,5,0.9218344205872497
76561198031097235,0,0.7456120252609253,5,0.9218344205872497
76561198891460530,0,0.0034236230421811342,5,0.9218344205872497
76561198214930359,0,0.03237949684262276,5,0.9218344205872497
76561198057295212,0,0.007650680374354124,5,0.9218344205872497
76561199424266104,0,0.008156873285770416,5,0.9218344205872497
76561197984346797,0,0.006473084446042776,5,0.9218344205872497
76561198273623792,0,0.1707998514175415,5,0.9218344205872497
76561199367658528,0,0.015384306199848652,5,0.9218344205872497
76561199414241516,0,0.004823723342269659,5,0.9218344205872497
76561198849519957,0,0.01474457886070013,5,0.9218344205872497
76561198390082979,0,0.48052847385406494,5,0.9218344205872497
76561199074310157,0,0.011737552471458912,5,0.9218344205872497
76561198043728578,0,0.0036020674742758274,5,0.9218344205872497
76561198104732533,0,0.004494268912822008,5,0.9218344205872497
76561198210446068,0,0.023985454812645912,5,0.9218344205872497
76561199378835227,0,0.004185371100902557,5,0.9218344205872497
76561199209696265,0,0.01145496591925621,5,0.9218344205872497
76561198170119537,0,0.007347530219703913,5,0.9218344205872497
76561199216887721,0,0.009960860945284367,5,0.9218344205872497
76561198371076907,0,0.5901132225990295,5,0.9218344205872497
76561198962979156,0,0.012746059335768223,5,0.9218344205872497
76561198170678391,0,0.3574506342411041,5,0.9218344205872497
76561199112428344,0,0.0077013736590743065,5,0.9218344205872497
76561198013175068,0,0.010084629990160465,5,0.9218344205872497
76561198859691890,0,0.36988192796707153,5,0.9218344205872497
76561199112290661,0,0.008180204778909683,5,0.9218344205872497
76561198854128207,0,0.1515408307313919,5,0.9218344205872497
76561198973388650,0,0.016313517466187477,5,0.9218344205872497
76561198271964889,0,0.5613305568695068,5,0.9218344205872497
76561199467033518,0,0.005025094375014305,5,0.9218344205872497
76561198025698104,0,0.03961937874555588,5,0.9218344205872497
76561198030862964,0,0.0068953330628573895,5,0.9218344205872497
76561198281826466,0,0.012305717915296555,5,0.9218344205872497
76561198857559265,0,0.004138491582125425,5,0.9218344205872497
76561198780616304,0,0.006552362814545631,5,0.9218344205872497
76561198082700382,0,0.007462105248123407,5,0.9218344205872497
76561198387033738,0,0.03904123604297638,5,0.9218344205872497
76561198089149737,0,0.8017536401748657,5,0.9218344205872497
76561199094856167,0,0.004691720940172672,5,0.9218344205872497
76561198321879916,1,0.9843649864196777,5,0.9218344205872497
76561198272007672,0,0.005509333685040474,5,0.9218344205872497
76561197982480213,0,0.5088239312171936,5,0.9218344205872497
76561198318603925,0,0.018691491335630417,5,0.9218344205872497
76561198239024416,0,0.0482294037938118,5,0.9218344205872497
76561199487077460,0,0.10895279794931412,5,0.9218344205872497
76561199514028949,0,0.003815294476225972,5,0.9218344205872497
76561198355807209,0,0.03763054683804512,5,0.9218344205872497
76561198175014290,0,0.00869298167526722,5,0.9218344205872497
76561199383178526,0,0.006925603374838829,5,0.9218344205872497
76561198009500283,0,0.02478163130581379,5,0.9218344205872497
76561198300799734,0,0.029900630936026573,5,0.9218344205872497
76561199045081914,0,0.004217618145048618,5,0.9218344205872497
76561199182791578,0,0.00461945403367281,5,0.9218344205872497
76561199553212851,0,0.033286966383457184,5,0.9218344205872497
76561197988721711,0,0.006430112756788731,5,0.9218344205872497
76561198145771988,0,0.19719602167606354,5,0.9218344205872497
76561198866186573,0,0.004545015748590231,5,0.9218344205872497
76561198801871446,0,0.6626327633857727,5,0.9218344205872497
76561198856616110,0,0.007496191654354334,5,0.9218344205872497
76561199101205655,0,0.015399162657558918,5,0.9218344205872497
76561199415585161,0,0.003923850599676371,5,0.9218344205872497
76561198974663035,1,0.877536952495575,5,0.9218344205872497
76561199702457107,0,0.004282563924789429,5,0.9218344205872497
76561198022989826,0,0.05961207300424576,5,0.9218344205872497
76561198169139015,0,0.01005078386515379,5,0.9218344205872497
76561198041051226,0,0.0033370100427418947,5,0.9218344205872497
76561199025301947,0,0.0087022315710783,5,0.9218344205872497
76561198208182979,0,0.00771237863227725,5,0.9218344205872497
76561199065117318,0,0.02923561818897724,5,0.9218344205872497
76561198070748158,0,0.028169063851237297,5,0.9218344205872497
76561198101626168,0,0.0051146079786121845,5,0.9218344205872497
76561198869242788,0,0.017879601567983627,5,0.9218344205872497
76561198137753730,0,0.18089176714420319,5,0.9218344205872497
76561198151914520,0,0.02521943487226963,5,0.9218344205872497
76561199228027630,0,0.006467812228947878,5,0.9218344205872497
76561198046560393,0,0.6324886083602905,5,0.9218344205872497
76561199067102537,0,0.003417778993025422,5,0.9218344205872497
76561198064101247,0,0.004206020850688219,5,0.9218344205872497
76561198180001734,0,0.006200181785970926,5,0.9218344205872497
76561198862793607,0,0.005424853879958391,5,0.9218344205872497
76561198279888829,0,0.9257727861404419,5,0.9218344205872497
76561198119438954,0,0.021434420719742775,5,0.9218344205872497
76561198450910879,0,0.028551938012242317,5,0.9218344205872497
76561198368843425,0,0.023332322016358376,5,0.9218344205872497
76561198874400424,0,0.17050036787986755,5,0.9218344205872497
76561198067232365,0,0.8043035268783569,5,0.9218344205872497
76561198205104717,0,0.6291102766990662,5,0.9218344205872497
76561198109625530,0,0.6149511933326721,5,0.9218344205872497
76561198320009278,0,0.12614457309246063,5,0.9218344205872497
76561199010301230,0,0.038399405777454376,5,0.9218344205872497
76561199567908684,0,0.019347164779901505,5,0.9218344205872497
76561198840818038,0,0.004436388611793518,5,0.9218344205872497
76561198019095457,0,0.01773793436586857,5,0.9218344205872497
76561199121500920,0,0.015542334876954556,5,0.9218344205872497
76561198186900946,0,0.047655388712882996,5,0.9218344205872497
76561198322941287,0,0.01680075004696846,5,0.9218344205872497
76561198092673860,0,0.036995261907577515,5,0.9218344205872497
76561199033235771,0,0.007229313254356384,5,0.9218344205872497
76561198004048187,0,0.748932957649231,5,0.9218344205872497
76561198807968491,0,0.036813944578170776,5,0.9218344205872497
76561197982404362,0,0.5198447108268738,5,0.9218344205872497
76561198022475644,0,0.006266062147915363,5,0.9218344205872497
76561198206378129,0,0.0037754476070404053,5,0.9218344205872497
76561198007235971,0,0.25522759556770325,5,0.9218344205872497
76561199122067087,0,0.006514029111713171,5,0.9218344205872497
76561199218211763,0,0.3413524329662323,5,0.9218344205872497
76561198816129474,1,0.9907652139663696,5,0.9218344205872497
76561199114129878,0,0.9457853436470032,5,0.9218344205872497
76561198255377597,0,0.2478751242160797,5,0.9218344205872497
76561198220098397,1,0.9895628094673157,5,0.9218344205872497
76561198044500088,0,0.005644997116178274,5,0.9218344205872497
76561199592439810,0,0.13561506569385529,5,0.9218344205872497
76561198371979173,0,0.005719872657209635,5,0.9218344205872497
76561198311995272,0,0.006091658025979996,5,0.9218344205872497
76561199205764115,0,0.08734138309955597,5,0.9218344205872497
76561198131689759,0,0.00911614391952753,5,0.9218344205872497
76561198372683410,0,0.006594081409275532,5,0.9218344205872497
76561198150930958,0,0.010599843226373196,5,0.9218344205872497
76561198338571387,0,0.008422506973147392,5,0.9218344205872497
76561198358825193,0,0.07400009036064148,5,0.9218344205872497
76561198453293416,0,0.2350781112909317,5,0.9218344205872497
76561197987919049,0,0.003537803189828992,5,0.9218344205872497
76561198398109976,0,0.6604097485542297,5,0.9218344205872497
76561198870335669,0,0.023781433701515198,5,0.9218344205872497
76561198077583848,0,0.029807094484567642,5,0.9218344205872497
76561198360614105,0,0.01177558396011591,5,0.9218344205872497
76561199128346796,0,0.04427274689078331,5,0.9218344205872497
76561199156300143,0,0.14388196170330048,5,0.9218344205872497
76561199112544006,0,0.06517111510038376,5,0.9218344205872497
76561198984248560,0,0.004163109697401524,5,0.9218344205872497
76561197999381639,0,0.007274648640304804,5,0.9218344205872497
76561198419543057,0,0.004183086100965738,5,0.9218344205872497
76561199674941862,0,0.004282563924789429,5,0.9218344205872497
76561199540644922,0,0.0038765009958297014,5,0.9218344205872497
76561199079987831,0,0.003662222297862172,5,0.9218344205872497
76561198001509916,0,0.006345737259835005,5,0.9218344205872497
76561198096881384,0,0.005989572033286095,5,0.9218344205872497
76561199101706076,0,0.06988902390003204,5,0.9218344205872497
76561199471677065,0,0.005939672701060772,5,0.9218344205872497
76561199547019363,0,0.004282563924789429,5,0.9218344205872497
76561198144425870,0,0.004185337107628584,5,0.9218344205872497
76561198814509655,0,0.34630900621414185,5,0.9218344205872497
76561199352732116,0,0.003266326617449522,5,0.9218344205872497
76561198164196775,0,0.0035060180816799402,5,0.9218344205872497
76561199100811621,0,0.005434829741716385,5,0.9218344205872497
76561198134334125,0,0.004251438658684492,5,0.9218344205872497
76561198352867496,0,0.008477972820401192,5,0.9218344205872497
76561197980512983,0,0.0034102173522114754,5,0.9218344205872497
76561197982463436,0,0.003521801671013236,5,0.9218344205872497
76561199681237819,0,0.003128190990537405,5,0.9218344205872497
76561198202016024,0,0.00666472502052784,5,0.9218344205872497
76561199002633441,0,0.08278777450323105,5,0.9218344205872497
76561198100023888,0,0.007432128768414259,5,0.9218344205872497
76561198401292764,0,0.02322153002023697,5,0.9218344205872497
76561198060750032,0,0.9741019010543823,5,0.9218344205872497
76561199099255035,0,0.04409761354327202,5,0.9218344205872497
76561199175911231,0,0.02447449043393135,5,0.9218344205872497
76561198051246433,0,0.03152260556817055,5,0.9218344205872497
76561198136197012,0,0.6036662459373474,5,0.9218344205872497
76561198076490012,0,0.0273270346224308,5,0.9218344205872497
76561198145469895,0,0.47772833704948425,5,0.9218344205872497
76561198864406654,0,0.005273498594760895,5,0.9218344205872497
76561198400987463,0,0.10236769169569016,5,0.9218344205872497
76561197984522405,0,0.02578558400273323,5,0.9218344205872497
76561198056838780,0,0.008386177942156792,5,0.9218344205872497
76561198799127578,0,0.012134520336985588,5,0.9218344205872497
76561199090880938,0,0.017026837915182114,5,0.9218344205872497
76561198068142971,0,0.004367606248706579,5,0.9218344205872497
76561198237304962,0,0.13049328327178955,5,0.9218344205872497
76561198044137208,0,0.18098698556423187,5,0.9218344205872497
76561198864069155,0,0.004219461232423782,5,0.9218344205872497
76561198021926889,0,0.8562995791435242,5,0.9218344205872497
76561199093508767,0,0.8890913724899292,5,0.9218344205872497
76561198213910637,0,0.008378100581467152,5,0.9218344205872497
76561198285820969,0,0.02903110720217228,5,0.9218344205872497
76561199243080259,0,0.009864791296422482,5,0.9218344205872497
76561199190673549,0,0.009951205924153328,5,0.9218344205872497
76561199224626395,0,0.23165319859981537,5,0.9218344205872497
76561199128609247,0,0.2931617498397827,5,0.9218344205872497
76561198977513722,0,0.008656760677695274,5,0.9218344205872497
76561198432301814,0,0.004394397139549255,5,0.9218344205872497
76561197993205673,0,0.2416507452726364,5,0.9218344205872497
76561199461410247,0,0.005529977381229401,5,0.9218344205872497
76561199119278527,0,0.011553220450878143,5,0.9218344205872497
76561199503230533,0,0.6817295551300049,5,0.9218344205872497
76561198114127470,0,0.004227828234434128,5,0.9218344205872497
76561198052702554,0,0.003372772829607129,5,0.9218344205872497
76561199438233626,0,0.005297541152685881,5,0.9218344205872497
76561198824945705,0,0.04140918329358101,5,0.9218344205872497
76561199121642781,0,0.005978754721581936,5,0.9218344205872497
76561198350525662,0,0.977417528629303,5,0.9218344205872497
76561199295100359,0,0.857978880405426,5,0.9218344205872497
76561199516231576,0,0.027129510417580605,5,0.9218344205872497
76561198416998127,0,0.003617547918111086,5,0.9218344205872497
76561198082013571,0,0.003923850599676371,5,0.9218344205872497
76561198968835381,0,0.008907350711524487,5,0.9218344205872497
76561198030264122,0,0.005625181831419468,5,0.9218344205872497
76561198095893486,0,0.013723365031182766,5,0.9218344205872497
76561198054344937,0,0.007573147304356098,5,0.9218344205872497
76561198333224974,0,0.00947626493871212,5,0.9218344205872497
76561198373199336,0,0.004621462896466255,5,0.9218344205872497
76561198970353863,0,0.004994114860892296,5,0.9218344205872497
76561199023349140,0,0.36996832489967346,5,0.9218344205872497
76561198075915859,0,0.32469597458839417,5,0.9218344205872497
76561198039734885,0,0.003792988834902644,5,0.9218344205872497
76561198089592594,0,0.0069059510715305805,5,0.9218344205872497
76561197998952486,0,0.0512411966919899,5,0.9218344205872497
76561198399935462,0,0.004692375659942627,5,0.9218344205872497
76561198008669539,0,0.0031415231060236692,5,0.9218344205872497
76561198094056466,0,0.004831019323319197,5,0.9218344205872497
76561198126360073,0,0.008469794876873493,5,0.9218344205872497
76561198350761646,0,0.00506390118971467,5,0.9218344205872497
76561199274472882,0,0.3774489760398865,5,0.9218344205872497
76561198853490860,0,0.010999738238751888,5,0.9218344205872497
76561198271807916,0,0.02130814641714096,5,0.9218344205872497
76561198832691778,0,0.0070878383703529835,5,0.9218344205872497
76561199348759726,0,0.09667567163705826,5,0.9218344205872497
76561199126291640,0,0.04816235229372978,5,0.9218344205872497
76561199139993288,0,0.014122101478278637,5,0.9218344205872497
76561199288895423,0,0.03296493738889694,5,0.9218344205872497
76561198033903138,0,0.007698141038417816,5,0.9218344205872497
76561199503766581,0,0.0032755453139543533,5,0.9218344205872497
76561199553033187,0,0.003923850599676371,5,0.9218344205872497
76561198396294489,0,0.028567036613821983,5,0.9218344205872497
76561199610347015,0,0.004588581155985594,5,0.9218344205872497
76561198347305171,0,0.007968422956764698,5,0.9218344205872497
76561198986038719,0,0.05377664789557457,5,0.9218344205872497
76561198324888668,0,0.004916464909911156,5,0.9218344205872497
76561198372817981,0,0.0037407884374260902,5,0.9218344205872497
76561198397842226,0,0.14318835735321045,5,0.9218344205872497
76561198339314313,0,0.051537614315748215,5,0.9218344205872497
76561197970861827,0,0.003757680067792535,5,0.9218344205872497
76561198046496721,0,0.018489202484488487,5,0.9218344205872497
76561198120927079,0,0.003516077995300293,5,0.9218344205872497
76561198355428828,0,0.0039389957673847675,5,0.9218344205872497
76561199091199859,0,0.032527048140764236,5,0.9218344205872497
76561198831606823,0,0.007563069462776184,5,0.9218344205872497
76561199382588512,0,0.005299858748912811,5,0.9218344205872497
76561198393084789,0,0.007895531132817268,5,0.9218344205872497
76561199076047599,0,0.06937260925769806,5,0.9218344205872497
76561199013631792,0,0.07300598919391632,5,0.9218344205872497
76561198098443620,0,0.01679817959666252,5,0.9218344205872497
76561198438897551,0,0.08033149689435959,5,0.9218344205872497
76561198843897745,0,0.07517937570810318,5,0.9218344205872497
76561199160447141,0,0.016810942441225052,5,0.9218344205872497
76561199462820583,0,0.9069830179214478,5,0.9218344205872497
76561198851089118,0,0.16461396217346191,5,0.9218344205872497
76561199527206706,0,0.03201829642057419,5,0.9218344205872497
76561198985787389,0,0.008907350711524487,5,0.9218344205872497
76561198149199073,0,0.35940879583358765,5,0.9218344205872497
76561199180508275,0,0.009128151461482048,5,0.9218344205872497
76561198309728025,0,0.2213139832019806,5,0.9218344205872497
76561198126082211,0,0.006277465261518955,5,0.9218344205872497
76561198396886430,0,0.0058072214014828205,5,0.9218344205872497
76561197999946832,0,0.4974361062049866,5,0.9218344205872497
76561198101370384,0,0.9166533946990967,5,0.9218344205872497
76561199525063531,0,0.004992918577045202,5,0.9218344205872497
76561198367765421,0,0.030226949602365494,5,0.9218344205872497
76561199388272664,0,0.8237991333007812,5,0.9218344205872497
76561199366123985,0,0.003522275248542428,5,0.9218344205872497
76561199232076046,0,0.02258053794503212,5,0.9218344205872497
76561197981422511,0,0.3094141185283661,5,0.9218344205872497
76561199119675644,0,0.003968232776969671,5,0.9218344205872497
76561199060699784,0,0.008375248871743679,5,0.9218344205872497
76561198819036940,0,0.003923850599676371,5,0.9218344205872497
76561198024693627,0,0.24156688153743744,5,0.9218344205872497
76561199229236516,1,0.74785315990448,5,0.9218344205872497
76561198826553586,0,0.332915335893631,5,0.9218344205872497
76561198084732296,0,0.0032720540184527636,5,0.9218344205872497
76561198084464965,1,0.9819475412368774,5,0.9218344205872497
76561197960575030,1,0.3004392385482788,5,0.9218344205872497
76561197975819552,0,0.3468957245349884,5,0.9218344205872497
76561198869002291,0,0.008008352480828762,5,0.9218344205872497
76561198808742237,0,0.1308421492576599,5,0.9218344205872497
76561199010766887,0,0.037988051772117615,5,0.9218344205872497
76561198800328841,1,0.9902321696281433,5,0.9218344205872497
76561198013092259,0,0.829804539680481,5,0.9218344205872497
76561198113705985,0,0.05056988447904587,5,0.9218344205872497
76561198030379090,0,0.34299933910369873,5,0.9218344205872497
76561198283947334,0,0.19261927902698517,5,0.9218344205872497
76561198122788803,0,0.011550411581993103,5,0.9218344205872497
76561199078023080,0,0.0686585083603859,5,0.9218344205872497
76561198418434297,0,0.9444620609283447,5,0.9218344205872497
76561198968289255,0,0.006320381537079811,5,0.9218344205872497
76561198394824962,0,0.004504465498030186,5,0.9218344205872497
76561198197325645,0,0.33691585063934326,5,0.9218344205872497
76561198945082557,0,0.003670189529657364,5,0.9218344205872497
76561199050920465,0,0.006670036353170872,5,0.9218344205872497
76561199183672821,0,0.7820276618003845,5,0.9218344205872497
76561198145750562,0,0.3321315050125122,5,0.9218344205872497
76561199091743860,0,0.013084848411381245,5,0.9218344205872497
76561198039257945,0,0.00834343209862709,5,0.9218344205872497
76561198340687888,0,0.008907350711524487,5,0.9218344205872497
76561198258670544,0,0.055433377623558044,5,0.9218344205872497
76561198200321065,0,0.004910566378384829,5,0.9218344205872497
76561198982376018,0,0.018075603991746902,5,0.9218344205872497
76561198104667643,0,0.0035627693869173527,5,0.9218344205872497
76561198103054312,0,0.6446585059165955,5,0.9218344205872497
76561199023232717,0,0.03997698798775673,5,0.9218344205872497
76561199001085732,0,0.21275268495082855,5,0.9218344205872497
76561198218698556,0,0.003803637810051441,5,0.9218344205872497
76561198269218507,0,0.021195679903030396,5,0.9218344205872497
76561198146248459,0,0.004493432585150003,5,0.9218344205872497
76561199520272673,0,0.628554105758667,5,0.9218344205872497
76561198424093268,0,0.007175213657319546,5,0.9218344205872497
76561199074009609,0,0.02263176254928112,5,0.9218344205872497
76561198070050409,0,0.004641065839678049,5,0.9218344205872497
76561198029398827,0,0.012912855483591557,5,0.9218344205872497
76561198002729928,0,0.00329594942741096,5,0.9218344205872497
76561198068750919,0,0.0047887153923511505,5,0.9218344205872497
76561198370615748,0,0.006020150613039732,5,0.9218344205872497
76561198061010430,0,0.011792114935815334,5,0.9218344205872497
76561198451114921,1,0.9608067870140076,5,0.9218344205872497
76561199044499296,0,0.024790702387690544,5,0.9218344205872497
76561198892995591,0,0.005757433827966452,5,0.9218344205872497
76561199121998350,0,0.005531024187803268,5,0.9218344205872497
76561199000080638,0,0.009028500877320766,5,0.9218344205872497
76561198173670117,0,0.008907350711524487,5,0.9218344205872497
76561198023401558,0,0.05245313048362732,5,0.9218344205872497
76561199253103862,0,0.9836516976356506,5,0.9218344205872497
76561198310237573,0,0.003923850599676371,5,0.9218344205872497
76561199177748255,0,0.003923850599676371,5,0.9218344205872497
76561197984653281,0,0.014868699014186859,5,0.9218344205872497
76561198104215080,0,0.6939594149589539,5,0.9218344205872497
76561198237194840,0,0.007095275912433863,5,0.9218344205872497
76561198986524902,0,0.0034516400191932917,5,0.9218344205872497
76561198987516612,0,0.012932208366692066,5,0.9218344205872497
76561199223115133,0,0.0049325693398714066,5,0.9218344205872497
76561198046756169,0,0.004877613391727209,5,0.9218344205872497
76561198160998898,0,0.003128190990537405,5,0.9218344205872497
76561198975950198,0,0.013488071039319038,5,0.9218344205872497
76561199145893784,0,0.009500418789684772,5,0.9218344205872497
76561199122498148,0,0.0077452100813388824,5,0.9218344205872497
76561198123686224,0,0.005007650703191757,5,0.9218344205872497
76561198312679155,0,0.019392453134059906,5,0.9218344205872497
76561197990811267,0,0.0037841913290321827,5,0.9218344205872497
76561199465533479,0,0.12553773820400238,5,0.9218344205872497
76561199059595798,0,0.007089261431246996,5,0.9218344205872497
76561198845034341,0,0.17105676233768463,5,0.9218344205872497
76561198799414273,0,0.012149505317211151,5,0.9218344205872497
76561198072671704,0,0.010040801018476486,5,0.9218344205872497
76561199588284596,0,0.00422234321013093,5,0.9218344205872497
76561198008200745,0,0.015385006554424763,5,0.9218344205872497
76561198367774311,0,0.1409396231174469,5,0.9218344205872497
76561198019230048,0,0.006565691903233528,5,0.9218344205872497
76561199635234876,0,0.005180914420634508,5,0.9218344205872497
76561198008676399,0,0.007635811343789101,5,0.9218344205872497
76561198000058502,0,0.018432356417179108,5,0.9218344205872497
76561197991276382,0,0.005150838755071163,5,0.9218344205872497
76561198158797996,0,0.2281293421983719,5,0.9218344205872497
76561198032264074,1,0.3069213330745697,5,0.9218344205872497
76561198104775690,1,0.5727753639221191,5,0.9218344205872497
76561198072862006,0,0.734046220779419,5,0.9218344205872497
76561197981764655,0,0.005401333328336477,5,0.9218344205872497
76561198023563450,1,0.7449483871459961,5,0.9218344205872497
76561197977988117,0,0.9360260963439941,5,0.9218344205872497
76561199537794306,0,0.003923850599676371,5,0.9218344205872497
76561199128535199,0,0.131700798869133,5,0.9218344205872497
76561199588083414,0,0.014587019570171833,5,0.9218344205872497
76561199136610691,0,0.7785993218421936,5,0.9218344205872497
76561198304159238,0,0.05825212225317955,5,0.9218344205872497
76561198303180725,0,0.006218751892447472,5,0.9218344205872497
76561198070542453,0,0.0042808884754776955,5,0.9218344205872497
76561198087982944,0,0.3800708055496216,5,0.9218344205872497
76561198047924907,0,0.15146775543689728,5,0.9218344205872497
76561199522679953,0,0.004702128004282713,5,0.9218344205872497
76561198446561532,0,0.13939476013183594,5,0.9218344205872497
76561197993838567,0,0.02265007048845291,5,0.9218344205872497
76561199036947408,0,0.006054631434381008,5,0.9218344205872497
76561198098286206,0,0.0033101877197623253,5,0.9218344205872497
76561198103525068,0,0.013325299136340618,5,0.9218344205872497
76561198377371133,0,0.04009823128581047,5,0.9218344205872497
76561198110019132,0,0.022527139633893967,5,0.9218344205872497
76561198319274111,0,0.03779199719429016,5,0.9218344205872497
76561198118021667,0,0.00461945403367281,5,0.9218344205872497
76561199067023249,0,0.023330824449658394,5,0.9218344205872497
76561199547412931,0,0.0038336163852363825,5,0.9218344205872497
76561198057509725,0,0.05068877339363098,5,0.9218344205872497
76561198039727411,0,0.09201839566230774,5,0.9218344205872497
76561199159968732,0,0.07118122279644012,5,0.9218344205872497
76561198066814772,1,0.989154040813446,5,0.9218344205872497
76561198083702738,0,0.27455979585647583,5,0.9218344205872497
76561198039088174,0,0.2336694300174713,5,0.9218344205872497
76561199061236712,0,0.004337343852967024,5,0.9218344205872497
76561198303550695,0,0.1983468383550644,5,0.9218344205872497
76561198138427216,0,0.006979042664170265,5,0.9218344205872497
76561199482909268,0,0.019581899046897888,5,0.9218344205872497
76561198124486157,0,0.008338497951626778,5,0.9218344205872497
76561198825014151,0,0.04721434414386749,5,0.9218344205872497
76561198084678403,0,0.9279015064239502,5,0.9218344205872497
76561198000556778,0,0.01638169027864933,5,0.9218344205872497
76561198308586859,1,0.9872000217437744,5,0.9218344205872497
76561198807499416,0,0.003923850599676371,5,0.9218344205872497
76561198865444900,0,0.02150397188961506,5,0.9218344205872497
76561198056366052,0,0.0038364960346370935,5,0.9218344205872497
76561199095475646,0,0.005808735266327858,5,0.9218344205872497
76561198863843356,0,0.0034553688019514084,5,0.9218344205872497
76561198827335771,0,0.18099406361579895,5,0.9218344205872497
76561198035806628,0,0.006577677559107542,5,0.9218344205872497
76561198815669992,0,0.014675812795758247,5,0.9218344205872497
76561198859730184,0,0.003707365831360221,5,0.9218344205872497
76561198007212409,0,0.15945228934288025,5,0.9218344205872497
76561198979244072,0,0.008308086544275284,5,0.9218344205872497
76561198119652300,0,0.941662073135376,5,0.9218344205872497
76561198117366534,0,0.056923869997262955,5,0.9218344205872497
76561199088338786,0,0.8602873086929321,5,0.9218344205872497
76561198108621486,0,0.005158105865120888,5,0.9218344205872497
76561198171515787,0,0.0041666473262012005,5,0.9218344205872497
76561199050442711,0,0.17071695625782013,5,0.9218344205872497
76561198030035235,0,0.004414503462612629,5,0.9218344205872497
76561198097028301,0,0.004319627769291401,5,0.9218344205872497
76561198058363040,0,0.008259665220975876,5,0.9218344205872497
76561198795930449,0,0.14383502304553986,5,0.9218344205872497
76561197970530760,0,0.7987596988677979,5,0.9218344205872497
76561199216074385,0,0.03824482858181,5,0.9218344205872497
76561198881477119,0,0.01952143758535385,5,0.9218344205872497
76561198340349706,0,0.007139901164919138,5,0.9218344205872497
76561198375141268,0,0.0031415231060236692,5,0.9218344205872497
76561199093385487,0,0.9483326077461243,5,0.9218344205872497
76561198166833829,0,0.060687147080898285,5,0.9218344205872497
76561197985562078,0,0.9296078085899353,5,0.9218344205872497
76561198050994128,0,0.10129392892122269,5,0.9218344205872497
76561198150776599,1,0.9859676957130432,5,0.9218344205872497
76561198256663954,0,0.003923850599676371,5,0.9218344205872497
76561198056351442,0,0.009323321282863617,5,0.9218344205872497
76561198965226238,0,0.0037178457714617252,5,0.9218344205872497
76561198814115906,0,0.008642919361591339,5,0.9218344205872497
76561199060006615,0,0.00454347301274538,5,0.9218344205872497
76561199218826053,0,0.0060094487853348255,5,0.9218344205872497
76561199224441092,0,0.00875463243573904,5,0.9218344205872497
76561198150568830,0,0.00671065878123045,5,0.9218344205872497
76561199305729613,0,0.0033909822814166546,5,0.9218344205872497
76561199219950779,0,0.003476697253063321,5,0.9218344205872497
76561198368640931,0,0.00805977638810873,5,0.9218344205872497
76561198211349324,0,0.016190925613045692,5,0.9218344205872497
76561199232510013,0,0.006779887247830629,5,0.9218344205872497
76561199646999187,0,0.12271161377429962,5,0.9218344205872497
76561198018433065,0,0.07721628993749619,5,0.9218344205872497
76561199115418576,0,0.004763168282806873,5,0.9218344205872497
76561198302738852,0,0.013225236907601357,5,0.9218344205872497
76561199763055593,0,0.004725069273263216,5,0.9218344205872497
76561198889721927,0,0.0336824506521225,5,0.9218344205872497
76561199091234223,0,0.003923850599676371,5,0.9218344205872497
76561198007985218,0,0.018207712098956108,5,0.9218344205872497
76561198201661129,1,0.942101240158081,5,0.9218344205872497
76561199085200240,0,0.05346135422587395,5,0.9218344205872497
76561199160045530,0,0.004573182202875614,5,0.9218344205872497
76561199064216538,0,0.004360665567219257,5,0.9218344205872497
76561199227353836,0,0.005113369785249233,5,0.9218344205872497
76561199368571067,0,0.00565999373793602,5,0.9218344205872497
76561198122194305,0,0.003877069801092148,5,0.9218344205872497
76561199183673214,0,0.025197353214025497,5,0.9218344205872497
76561198071763540,0,0.21518303453922272,5,0.9218344205872497
76561197994586670,1,0.6259291172027588,5,0.9218344205872497
76561198107017715,0,0.006862250156700611,5,0.9218344205872497
76561199512070151,0,0.014212207868695259,5,0.9218344205872497
76561198123728989,0,0.09045616537332535,5,0.9218344205872497
76561197973020633,0,0.40240901708602905,5,0.9218344205872497
76561198886085720,0,0.004639065824449062,5,0.9218344205872497
76561198042266729,0,0.010435844771564007,5,0.9218344205872497
76561198293506428,0,0.020970357581973076,5,0.9218344205872497
76561198257171651,0,0.9726710319519043,5,0.9218344205872497
76561198122521233,0,0.02876668982207775,5,0.9218344205872497
76561199676743276,0,0.00506331492215395,5,0.9218344205872497
76561198880394364,0,0.023572241887450218,5,0.9218344205872497
76561197995775517,1,0.19426771998405457,5,0.9218344205872497
76561198155212825,0,0.006655428092926741,5,0.9218344205872497
76561198981812034,0,0.007738741114735603,5,0.9218344205872497
76561198067789755,0,0.005357995163649321,5,0.9218344205872497
76561198127054048,0,0.008612681180238724,5,0.9218344205872497
76561198935400748,0,0.006240354385226965,5,0.9218344205872497
76561198191191494,0,0.21337616443634033,5,0.9218344205872497
76561198418763304,0,0.043558355420827866,5,0.9218344205872497
76561198141574847,0,0.7676184177398682,5,0.9218344205872497
76561198295144540,0,0.006430061534047127,5,0.9218344205872497
76561198417972628,0,0.08433990925550461,5,0.9218344205872497
76561198327821874,0,0.25994986295700073,5,0.9218344205872497
76561198165645343,0,0.9556442499160767,5,0.9218344205872497
76561198003952422,1,0.13756518065929413,5,0.9218344205872497
76561198025581219,0,0.007681821472942829,5,0.9218344205872497
76561198073800689,1,0.9841869473457336,5,0.9218344205872497
76561198008239888,0,0.005391065496951342,5,0.9218344205872497
76561199008784724,0,0.08188088238239288,5,0.9218344205872497
76561198043660454,0,0.6134509444236755,5,0.9218344205872497
76561198051310881,0,0.005014332011342049,5,0.9218344205872497
76561199212048079,0,0.005555593874305487,5,0.9218344205872497
76561199201550768,0,0.010833215899765491,5,0.9218344205872497
76561199434398294,0,0.43809154629707336,5,0.9218344205872497
76561198379229866,0,0.07921212911605835,5,0.9218344205872497
76561199039921167,0,0.003960817586630583,5,0.9218344205872497
76561198860725256,0,0.004495555534958839,5,0.9218344205872497
76561198133886129,0,0.37644699215888977,5,0.9218344205872497
76561198891216370,0,0.09941420704126358,5,0.9218344205872497
76561198078488390,0,0.006678879261016846,5,0.9218344205872497
76561197972180622,0,0.9725826382637024,5,0.9218344205872497
76561198981071796,0,0.007176070474088192,5,0.9218344205872497
76561199023194770,0,0.0036283815279603004,5,0.9218344205872497
76561199085373370,0,0.09314713627099991,5,0.9218344205872497
76561198037514093,0,0.010152459144592285,5,0.9218344205872497
76561198369676578,0,0.023118484765291214,5,0.9218344205872497
76561198010210707,0,0.006092183757573366,5,0.9218344205872497
76561198017069336,0,0.004094962030649185,5,0.9218344205872497
76561198014220304,0,0.004224858246743679,5,0.9218344205872497
76561198096333650,0,0.004245638847351074,5,0.9218344205872497
76561198098781482,1,0.9659262895584106,5,0.9218344205872497
76561198098574885,0,0.15099650621414185,5,0.9218344205872497
76561198112304109,0,0.008907350711524487,5,0.9218344205872497
76561198870149455,0,0.052444227039813995,5,0.9218344205872497
76561199125097431,0,0.003128190990537405,5,0.9218344205872497
76561198175532715,0,0.014457790181040764,5,0.9218344205872497
76561199074310074,0,0.0035060180816799402,5,0.9218344205872497
76561199575228314,0,0.02728194370865822,5,0.9218344205872497
76561197967024265,0,0.004578395280987024,5,0.9218344205872497
76561199099543835,0,0.004271617624908686,5,0.9218344205872497
76561199079797249,0,0.0037891941610723734,5,0.9218344205872497
76561199378398780,0,0.013308670371770859,5,0.9218344205872497
76561199085947660,0,0.02271926961839199,5,0.9218344205872497
76561198062105122,0,0.01113904919475317,5,0.9218344205872497
76561199500141675,0,0.005242090672254562,5,0.9218344205872497
76561198012008426,0,0.009394670836627483,5,0.9218344205872497
76561198839181558,0,0.0046363589353859425,5,0.9218344205872497
76561198064741740,0,0.005268815904855728,5,0.9218344205872497
76561197969249393,0,0.004650759510695934,5,0.9218344205872497
76561198187246674,0,0.03859620913863182,5,0.9218344205872497
76561197989976803,0,0.004267411772161722,5,0.9218344205872497
76561198255946037,0,0.011115134693682194,5,0.9218344205872497
76561199130540778,0,0.012507268227636814,5,0.9218344205872497
76561199022739884,0,0.9595779180526733,5,0.9218344205872497
76561198145602193,0,0.003772787284106016,5,0.9218344205872497
76561199194801720,0,0.02146984450519085,5,0.9218344205872497
76561198315802177,0,0.1538885235786438,5,0.9218344205872497
76561199066486887,0,0.0038781198672950268,5,0.9218344205872497
76561199245560771,0,0.0032133914064615965,5,0.9218344205872497
76561198057030368,0,0.013294238597154617,5,0.9218344205872497
76561198005955177,0,0.008325599133968353,5,0.9218344205872497
76561199055911217,0,0.011861048638820648,5,0.9218344205872497
76561198273387043,0,0.06488674134016037,5,0.9218344205872497
76561199678075697,0,0.007807211484760046,5,0.9218344205872497
76561198010104864,0,0.004046493675559759,5,0.9218344205872497
76561198009690713,1,0.27627721428871155,5,0.9218344205872497
76561198022688957,0,0.008907350711524487,5,0.9218344205872497
76561198045970008,0,0.5749971270561218,5,0.9218344205872497
76561199104649742,0,0.05240103602409363,5,0.9218344205872497
76561198263575318,0,0.1102258563041687,5,0.9218344205872497
76561198161494519,0,0.7974424362182617,5,0.9218344205872497
76561198041031373,0,0.6192822456359863,5,0.9218344205872497
76561198257819231,0,0.018689554184675217,5,0.9218344205872497
76561198045832755,0,0.252994179725647,5,0.9218344205872497
76561198349791527,0,0.08029557764530182,5,0.9218344205872497
76561199275636207,0,0.05890444666147232,5,0.9218344205872497
76561199445880729,0,0.004822869785130024,5,0.9218344205872497
76561198437165053,0,0.4253486692905426,5,0.9218344205872497
76561199526233399,0,0.47786006331443787,5,0.9218344205872497
76561198050615835,0,0.09354865550994873,5,0.9218344205872497
76561198080756251,0,0.006119952537119389,5,0.9218344205872497
76561199262590506,0,0.07280999422073364,5,0.9218344205872497
76561198049281192,0,0.009000974707305431,5,0.9218344205872497
76561199526286626,0,0.050810083746910095,5,0.9218344205872497
76561199191875813,0,0.08956430852413177,5,0.9218344205872497
76561198041012229,0,0.38150450587272644,5,0.9218344205872497
76561198195802711,0,0.057498522102832794,5,0.9218344205872497
76561198117010702,1,0.8977342247962952,5,0.9218344205872497
76561199762958979,0,0.005636929534375668,5,0.9218344205872497
76561199190981738,0,0.9631076455116272,5,0.9218344205872497
76561198166687241,0,0.00564004760235548,5,0.9218344205872497
76561198078289102,0,0.005938507150858641,5,0.9218344205872497
76561199238905490,0,0.012473929673433304,5,0.9218344205872497
76561198340079945,0,0.004480961710214615,5,0.9218344205872497
76561198263656584,0,0.2379893958568573,5,0.9218344205872497
76561198039517787,0,0.18870244920253754,5,0.9218344205872497
76561198285240557,0,0.018954986706376076,5,0.9218344205872497
76561199086578960,0,0.01565415970981121,5,0.9218344205872497
76561198326170784,0,0.0037057383451610804,5,0.9218344205872497
76561198186221146,0,0.008647751063108444,5,0.9218344205872497
76561198088157537,0,0.44735556840896606,5,0.9218344205872497
76561198133813447,0,0.011191784404218197,5,0.9218344205872497
76561198147710519,0,0.019625870510935783,5,0.9218344205872497
76561198044769352,0,0.03894168511033058,5,0.9218344205872497
76561198061196750,0,0.014678841456770897,5,0.9218344205872497
76561198444841464,0,0.004361293278634548,5,0.9218344205872497
76561199661767372,0,0.004591820761561394,5,0.9218344205872497
76561198134297223,0,0.4362565577030182,5,0.9218344205872497
76561198828544683,0,0.012334868311882019,5,0.9218344205872497
76561199003120354,0,0.0044896225444972515,5,0.9218344205872497
76561199070727613,0,0.00461945403367281,5,0.9218344205872497
76561199440748096,0,0.2331257313489914,5,0.9218344205872497
76561198133207402,0,0.003811297006905079,5,0.9218344205872497
76561198835704351,0,0.005059907678514719,5,0.9218344205872497
76561198198808610,0,0.3135450482368469,5,0.9218344205872497
76561198296086704,0,0.01958174630999565,5,0.9218344205872497
76561198304054726,0,0.2529195249080658,5,0.9218344205872497
76561198798227170,0,0.0151138324290514,5,0.9218344205872497
76561198846197449,0,0.520798921585083,5,0.9218344205872497
76561198995084654,0,0.21391192078590393,5,0.9218344205872497
76561199224138697,0,0.005059530492872,5,0.9218344205872497
76561198449276949,0,0.010004131123423576,5,0.9218344205872497
76561198130355073,0,0.05198309198021889,5,0.9218344205872497
76561199008351992,0,0.008243439719080925,5,0.9218344205872497
76561199036988119,0,0.04932291805744171,5,0.9218344205872497
76561199141258005,0,0.011367462575435638,5,0.9218344205872497
76561198142716864,0,0.014660561457276344,5,0.9218344205872497
76561198361181484,0,0.02297271601855755,5,0.9218344205872497
76561198896932268,0,0.0034703591372817755,5,0.9218344205872497
76561198325755173,0,0.012633024714887142,5,0.9218344205872497
76561198833216846,1,0.9903974533081055,5,0.9218344205872497
76561198146901058,0,0.003775680437684059,5,0.9218344205872497
76561198197610547,0,0.006156984716653824,5,0.9218344205872497
76561199185913498,0,0.0031415231060236692,5,0.9218344205872497
76561199375737044,0,0.0077452100813388824,5,0.9218344205872497
76561198791501618,0,0.00775127811357379,5,0.9218344205872497
76561198271798003,0,0.0035095917992293835,5,0.9218344205872497
76561198070921859,0,0.005018027499318123,5,0.9218344205872497
76561199121957160,0,0.005897569935768843,5,0.9218344205872497
76561198116354911,0,0.014889638870954514,5,0.9218344205872497
76561197978900226,0,0.004472029861062765,5,0.9218344205872497
76561198407743797,0,0.003923850599676371,5,0.9218344205872497
76561198346916721,0,0.015447046607732773,5,0.9218344205872497
76561199070671946,0,0.0047620064578950405,5,0.9218344205872497
76561199013443352,0,0.009438076987862587,5,0.9218344205872497
76561199682959869,0,0.004479581024497747,5,0.9218344205872497
76561198052582307,0,0.4915236830711365,5,0.9218344205872497
76561198871952247,0,0.005502420011907816,5,0.9218344205872497
76561198140257359,0,0.3282214105129242,5,0.9218344205872497
76561199360491357,0,0.00926654227077961,5,0.9218344205872497
76561199237219037,0,0.005905794911086559,5,0.9218344205872497
76561198054657122,0,0.16893118619918823,5,0.9218344205872497
76561199205434514,0,0.04203702509403229,5,0.9218344205872497
76561199630216636,0,0.5275002121925354,5,0.9218344205872497
76561198083837830,0,0.004212366417050362,5,0.9218344205872497
76561198048704059,0,0.12747886776924133,5,0.9218344205872497
76561198982533454,0,0.003923850599676371,5,0.9218344205872497
76561198091515798,0,0.6483805775642395,5,0.9218344205872497
76561199097078890,0,0.20108063519001007,5,0.9218344205872497
76561199219798868,0,0.24069428443908691,5,0.9218344205872497
76561198091818610,0,0.01585199497640133,5,0.9218344205872497
76561198119710191,0,0.1044052466750145,5,0.9218344205872497
76561198016953581,0,0.2272065281867981,5,0.9218344205872497
76561198031273698,0,0.23810677230358124,5,0.9218344205872497
76561198034288087,0,0.18587467074394226,5,0.9218344205872497
76561198338552599,0,0.12282586097717285,5,0.9218344205872497
76561197999540367,0,0.026456279680132866,5,0.9218344205872497
76561198254323348,0,0.010613580234348774,5,0.9218344205872497
76561199097739111,0,0.1768411248922348,5,0.9218344205872497
76561198036674708,0,0.010519175790250301,5,0.9218344205872497
76561198208593369,0,0.0036823574919253588,5,0.9218344205872497
76561198204046287,0,0.006647621281445026,5,0.9218344205872497
76561198995096929,0,0.004752037581056356,5,0.9218344205872497
76561198012064665,0,0.028262052685022354,5,0.9218344205872497
76561198037261309,0,0.18916024267673492,5,0.9218344205872497
76561198058891086,0,0.24451005458831787,5,0.9218344205872497
76561199068470300,0,0.008142339065670967,5,0.9218344205872497
76561198090103143,0,0.0035060180816799402,5,0.9218344205872497
76561198297388685,0,0.011020325124263763,5,0.9218344205872497
76561199099754590,0,0.00395869230851531,5,0.9218344205872497
76561199051535081,0,0.0041666473262012005,5,0.9218344205872497
76561197970911171,0,0.005096998065710068,5,0.9218344205872497
76561199648729595,0,0.006743398495018482,5,0.9218344205872497
76561199095479895,0,0.0058540767058730125,5,0.9218344205872497
76561198945243397,0,0.029559185728430748,5,0.9218344205872497
76561198116247298,0,0.007301021832972765,5,0.9218344205872497
76561198045834413,0,0.9785063862800598,5,0.9218344205872497
76561198338298928,0,0.006477599963545799,5,0.9218344205872497
76561198355099042,0,0.004557427018880844,5,0.9218344205872497
76561198271986354,0,0.44083553552627563,5,0.9218344205872497
76561198318310051,0,0.015649428591132164,5,0.9218344205872497
76561199055264514,0,0.0031415231060236692,5,0.9218344205872497
76561199597142331,0,0.003364095464348793,5,0.9218344205872497
76561198998055092,0,0.07622486352920532,5,0.9218344205872497
76561199035981998,0,0.003257791744545102,5,0.9218344205872497
76561198441683153,0,0.21390928328037262,5,0.9218344205872497
76561198084477858,0,0.005184395704418421,5,0.9218344205872497
76561198830412150,0,0.0206244308501482,5,0.9218344205872497
76561198010092540,0,0.004188355058431625,5,0.9218344205872497
76561198053716331,0,0.7939715385437012,5,0.9218344205872497
76561197960686983,0,0.0039478992111980915,5,0.9218344205872497
76561198857284833,0,0.007184448651969433,5,0.9218344205872497
76561199444301090,0,0.06144994869828224,5,0.9218344205872497
76561198093030515,0,0.38463616371154785,5,0.9218344205872497
76561199566101604,0,0.1617778092622757,5,0.9218344205872497
76561198191011926,0,0.04232339933514595,5,0.9218344205872497
76561198201527426,0,0.005158105865120888,5,0.9218344205872497
76561197960779057,0,0.835678219795227,5,0.9218344205872497
76561198013784770,0,0.006865783128887415,5,0.9218344205872497
76561198049732764,0,0.003427751362323761,5,0.9218344205872497
76561198221021548,0,0.9277756810188293,5,0.9218344205872497
76561198277495171,0,0.008954853750765324,5,0.9218344205872497
76561198830852178,0,0.005448414012789726,5,0.9218344205872497
76561198873327014,0,0.01832236722111702,5,0.9218344205872497
76561198334169304,0,0.6380866169929504,5,0.9218344205872497
76561199198911925,0,0.006105655804276466,5,0.9218344205872497
76561198409284392,0,0.0047228229232132435,5,0.9218344205872497
76561199131513513,0,0.006674719974398613,5,0.9218344205872497
76561199071877725,0,0.003875807160511613,5,0.9218344205872497
76561198877435462,0,0.011440412141382694,5,0.9218344205872497
76561198800787574,0,0.22674855589866638,5,0.9218344205872497
76561199129395611,0,0.004560965113341808,5,0.9218344205872497
76561197993806283,0,0.0330624021589756,5,0.9218344205872497
76561199562932047,0,0.9194788932800293,5,0.9218344205872497
76561198017707066,0,0.4011354446411133,5,0.9218344205872497
76561198315337298,0,0.015529235824942589,5,0.9218344205872497
76561198058361437,0,0.4441252052783966,5,0.9218344205872497
76561198972557689,0,0.006306441500782967,5,0.9218344205872497
76561197962057302,0,0.4366666376590729,5,0.9218344205872497
76561199369816768,0,0.004241643473505974,5,0.9218344205872497
76561198446953669,0,0.004103020299226046,5,0.9218344205872497
76561199165991261,0,0.012273779138922691,5,0.9218344205872497
76561198332544163,0,0.6082956194877625,5,0.9218344205872497
76561198119436348,0,0.003914989065378904,5,0.9218344205872497
76561199013912149,0,0.028017466887831688,5,0.9218344205872497
76561198409673750,0,0.017308974638581276,5,0.9218344205872497
76561198354694960,0,0.0206639152020216,5,0.9218344205872497
76561199396655765,0,0.015207462944090366,5,0.9218344205872497
76561199088210555,0,0.007231674622744322,5,0.9218344205872497
76561198392838207,0,0.010365662164986134,5,0.9218344205872497
76561199076633207,0,0.9458092451095581,5,0.9218344205872497
76561198818976026,0,0.004485424142330885,5,0.9218344205872497
76561199698068178,0,0.003923850599676371,5,0.9218344205872497
76561199048874453,0,0.0037639434449374676,5,0.9218344205872497
76561198885046142,0,0.012471087276935577,5,0.9218344205872497
76561198082446450,0,0.011994601227343082,5,0.9218344205872497
76561198093496007,0,0.006035944446921349,5,0.9218344205872497
76561198111299113,0,0.0031415231060236692,5,0.9218344205872497
76561199153251366,0,0.8993486762046814,5,0.9218344205872497
76561198116440075,0,0.003900832263752818,5,0.9218344205872497
76561198077360894,0,0.004904360510408878,5,0.9218344205872497
76561199151130462,0,0.004352020565420389,5,0.9218344205872497
76561198145627122,1,0.9029023051261902,5,0.9218344205872497
76561198069603094,0,0.24925239384174347,5,0.9218344205872497
76561198398019427,1,0.9899172186851501,5,0.9218344205872497
76561199116105599,0,0.0056691849604249,5,0.9218344205872497
76561198145005842,0,0.008165755309164524,5,0.9218344205872497
76561199402059634,0,0.9811182618141174,5,0.9218344205872497
76561199220999742,0,0.00543965632095933,5,0.9218344205872497
76561199128207176,0,0.0041550579480826855,5,0.9218344205872497
76561199121824438,0,0.03731619194149971,5,0.9218344205872497
76561198046558131,0,0.41359585523605347,5,0.9218344205872497
76561198108299718,0,0.22334899008274078,5,0.9218344205872497
76561198251467446,0,0.030059298500418663,5,0.9218344205872497
76561199147092856,0,0.004249009303748608,5,0.9218344205872497
76561199038392002,0,0.013160859234631062,5,0.9218344205872497
76561198272525225,0,0.11789294332265854,5,0.9218344205872497
76561198242807194,0,0.0035310073290020227,5,0.9218344205872497
76561198041003898,0,0.01777954213321209,5,0.9218344205872497
76561199225587740,0,0.011550411581993103,5,0.9218344205872497
76561198039619040,0,0.011597678996622562,5,0.9218344205872497
76561198413324647,0,0.01193029060959816,5,0.9218344205872497
76561198058585318,0,0.0042942119762301445,5,0.9218344205872497
76561199577860650,0,0.0043978760950267315,5,0.9218344205872497
76561198258488593,0,0.017811162397265434,5,0.9218344205872497
76561198301302581,0,0.02508028969168663,5,0.9218344205872497
76561199300947280,0,0.010213016532361507,5,0.9218344205872497
76561198064465376,0,0.38895025849342346,5,0.9218344205872497
76561198302447377,0,0.08037998527288437,5,0.9218344205872497
76561198039465167,0,0.09253895282745361,5,0.9218344205872497
76561199471667025,0,0.540421724319458,5,0.9218344205872497
76561199195187164,0,0.03177877515554428,5,0.9218344205872497
76561198853032475,0,0.008933250792324543,5,0.9218344205872497
76561199009139092,0,0.009684072807431221,5,0.9218344205872497
76561198083328510,0,0.0067434050142765045,5,0.9218344205872497
76561198004142845,0,0.003923850599676371,5,0.9218344205872497
76561198060476969,0,0.013758059591054916,5,0.9218344205872497
76561197979868343,0,0.01628740504384041,5,0.9218344205872497
76561198171954799,0,0.006723486352711916,5,0.9218344205872497
76561198049916196,0,0.48750483989715576,5,0.9218344205872497
76561198097900737,0,0.0041867271065711975,5,0.9218344205872497
76561197968543827,0,0.02438114583492279,5,0.9218344205872497
76561198116751179,0,0.00490319961681962,5,0.9218344205872497
76561198182929761,0,0.06763393431901932,5,0.9218344205872497
76561198837954967,0,0.05984209477901459,5,0.9218344205872497
76561199076669928,0,0.01739298179745674,5,0.9218344205872497
76561198125866514,0,0.00461945403367281,5,0.9218344205872497
76561199055884381,0,0.03409934416413307,5,0.9218344205872497
76561198864006017,0,0.016995670273900032,5,0.9218344205872497
76561198851119759,0,0.010062442161142826,5,0.9218344205872497
76561198327012480,0,0.004717370495200157,5,0.9218344205872497
76561199074135241,0,0.07788866758346558,5,0.9218344205872497
76561199097004042,0,0.96923828125,5,0.9218344205872497
76561198190197595,0,0.24344944953918457,5,0.9218344205872497
76561199507846822,0,0.6892267465591431,5,0.9218344205872497
76561198875497649,0,0.19147108495235443,5,0.9218344205872497
76561198334349475,0,0.7773197293281555,5,0.9218344205872497
76561198048329645,1,0.9886201620101929,5,0.9218344205872497
76561198261787246,0,0.009864791296422482,5,0.9218344205872497
76561199176727413,0,0.004282563924789429,5,0.9218344205872497
76561198048138428,0,0.01980585604906082,5,0.9218344205872497
76561198799658436,0,0.06130804494023323,5,0.9218344205872497
76561199014118948,0,0.012706630863249302,5,0.9218344205872497
76561199014407751,0,0.004072127398103476,5,0.9218344205872497
76561198054950794,0,0.06240474432706833,5,0.9218344205872497
76561198168904547,0,0.0038364960346370935,5,0.9218344205872497
76561198116127646,0,0.5963466763496399,5,0.9218344205872497
76561198979697270,0,0.33028358221054077,5,0.9218344205872497
76561198087017745,0,0.02758209779858589,5,0.9218344205872497
76561198987632223,0,0.003843094687908888,5,0.9218344205872497
76561199154364794,0,0.005281827878206968,5,0.9218344205872497
76561198994586981,0,0.003128190990537405,5,0.9218344205872497
76561198148477856,0,0.008167393505573273,5,0.9218344205872497
76561198072179732,0,0.008198782801628113,5,0.9218344205872497
76561199025919243,0,0.014425878413021564,5,0.9218344205872497
76561199004773367,0,0.007915342226624489,5,0.9218344205872497
76561198066351225,0,0.005651766899973154,5,0.9218344205872497
76561198001721101,0,0.010565632954239845,5,0.9218344205872497
76561199100539135,0,0.33394771814346313,5,0.9218344205872497
76561198974934040,0,0.013085433281958103,5,0.9218344205872497
76561198030232367,0,0.016591202467679977,5,0.9218344205872497
76561198113726423,0,0.0031998781487345695,5,0.9218344205872497
76561198985688782,0,0.13379475474357605,5,0.9218344205872497
76561198037034888,0,0.008423199877142906,5,0.9218344205872497
76561198286106271,0,0.11573000252246857,5,0.9218344205872497
76561198043010086,0,0.01045809593051672,5,0.9218344205872497
76561199231269275,0,0.0037158855702728033,5,0.9218344205872497
76561199224919400,0,0.00686306320130825,5,0.9218344205872497
76561198281568952,0,0.0045714895240962505,5,0.9218344205872497
76561198086936857,0,0.005356110166758299,5,0.9218344205872497
76561198418066794,0,0.0050670490600168705,5,0.9218344205872497
76561198102027923,0,0.003276341361925006,5,0.9218344205872497
76561197976609246,0,0.13318055868148804,5,0.9218344205872497
76561198059435606,0,0.021760866045951843,5,0.9218344205872497
76561198962900650,0,0.0033645571675151587,5,0.9218344205872497
76561197988154187,0,0.4694335162639618,5,0.9218344205872497
76561198850121591,0,0.006218751892447472,5,0.9218344205872497
76561199073033628,0,0.005157266277819872,5,0.9218344205872497
76561199139567894,0,0.031149405986070633,5,0.9218344205872497
76561198028436017,0,0.01310733612626791,5,0.9218344205872497
76561198075936423,0,0.9768809080123901,5,0.9218344205872497
76561199486958233,1,0.9840322136878967,5,0.9218344205872497
76561198435219093,0,0.003923850599676371,5,0.9218344205872497
76561198826756007,0,0.03456799313426018,5,0.9218344205872497
76561198109950499,0,0.20893517136573792,5,0.9218344205872497
76561198087174219,0,0.020798595622181892,5,0.9218344205872497
76561199598190835,0,0.007039238698780537,5,0.9218344205872497
76561198116751004,0,0.00708494707942009,5,0.9218344205872497
76561199089874697,0,0.003895588917657733,5,0.9218344205872497
76561198055634755,0,0.0045745717361569405,5,0.9218344205872497
76561198035493820,0,0.005905352532863617,5,0.9218344205872497
76561198047334427,0,0.14180110394954681,5,0.9218344205872497
76561198061534585,0,0.1775548756122589,5,0.9218344205872497
76561199413503434,0,0.00405445322394371,5,0.9218344205872497
76561198044678395,0,0.3051343262195587,5,0.9218344205872497
76561198267599728,0,0.030294625088572502,5,0.9218344205872497
76561199005764701,0,0.03641042858362198,5,0.9218344205872497
76561198849851423,0,0.008032739162445068,5,0.9218344205872497
76561198179365279,0,0.00462978845462203,5,0.9218344205872497
76561198327534994,0,0.3881749212741852,5,0.9218344205872497
76561199228614118,0,0.07533608376979828,5,0.9218344205872497
76561198049703644,0,0.004034354817122221,5,0.9218344205872497
76561198170040727,1,0.6736406683921814,5,0.9218344205872497
76561198378789037,0,0.008923090994358063,5,0.9218344205872497
76561199085826448,0,0.8349135518074036,5,0.9218344205872497
76561198840246279,0,0.019002050161361694,5,0.9218344205872497
76561198004704397,0,0.004304036032408476,5,0.9218344205872497
76561198058871435,1,0.9878407120704651,5,0.9218344205872497
76561198095011267,0,0.2846560478210449,5,0.9218344205872497
76561199681391043,0,0.008853738196194172,5,0.9218344205872497
76561198310288589,0,0.03791818022727966,5,0.9218344205872497
76561199079363556,0,0.004823276773095131,5,0.9218344205872497
76561199008489191,1,0.7811975479125977,5,0.9218344205872497
76561199175602096,0,0.0031415231060236692,5,0.9218344205872497
76561198122433544,0,0.004869508557021618,5,0.9218344205872497
76561198130251422,0,0.005531024187803268,5,0.9218344205872497
76561198039370610,0,0.00673137791454792,5,0.9218344205872497
76561198987716906,0,0.5814083218574524,5,0.9218344205872497
76561199384902491,0,0.06240310147404671,5,0.9218344205872497
76561198085779021,0,0.004400584846735001,5,0.9218344205872497
76561199311721786,0,0.048869770020246506,5,0.9218344205872497
76561198009827004,0,0.05370280146598816,5,0.9218344205872497
76561198847696711,0,0.005531024187803268,5,0.9218344205872497
76561198990996100,0,0.032539382576942444,5,0.9218344205872497
76561197994902437,0,0.09279605746269226,5,0.9218344205872497
76561198325744314,0,0.044207796454429626,5,0.9218344205872497
76561199495856423,0,0.004514217376708984,5,0.9218344205872497
76561199207265338,0,0.0366855226457119,5,0.9218344205872497
76561198965814326,0,0.015011681243777275,5,0.9218344205872497
76561199520849195,0,0.05852384865283966,5,0.9218344205872497
76561199275497402,0,0.004285639151930809,5,0.9218344205872497
76561198078724300,0,0.007532379124313593,5,0.9218344205872497
76561197976454511,0,0.024554384872317314,5,0.9218344205872497
76561198249057692,0,0.004544057883322239,5,0.9218344205872497
76561198088029677,0,0.03543443605303764,5,0.9218344205872497
76561198434572630,0,0.003923850599676371,5,0.9218344205872497
76561199658952062,0,0.08179299533367157,5,0.9218344205872497
76561199233234782,0,0.05094518885016441,5,0.9218344205872497
76561198362170579,0,0.017824731767177582,5,0.9218344205872497
76561198071175871,0,0.003854788839817047,5,0.9218344205872497
76561198359248709,0,0.01609635539352894,5,0.9218344205872497
76561198403620422,0,0.00854586623609066,5,0.9218344205872497
76561198150230233,0,0.8898162841796875,5,0.9218344205872497
76561198046476451,0,0.029040828347206116,5,0.9218344205872497
76561198119082718,0,0.1738802045583725,5,0.9218344205872497
76561198281262806,0,0.003614053362980485,5,0.9218344205872497
76561198827581441,0,0.009678330272436142,5,0.9218344205872497
76561199058171208,0,0.003586387261748314,5,0.9218344205872497
76561198058661967,0,0.004161111544817686,5,0.9218344205872497
76561198328317352,0,0.018393974751234055,5,0.9218344205872497
76561198071016928,0,0.005531024187803268,5,0.9218344205872497
76561198168051807,0,0.004134812857955694,5,0.9218344205872497
76561199096598467,0,0.004140365403145552,5,0.9218344205872497
76561198083548864,0,0.03877713531255722,5,0.9218344205872497
76561198011514343,0,0.00974491611123085,5,0.9218344205872497
76561199471507997,0,0.29415926337242126,5,0.9218344205872497
76561198291479181,0,0.007249312940984964,5,0.9218344205872497
76561198028963701,0,0.16284970939159393,5,0.9218344205872497
76561198026454093,0,0.0035453021991997957,5,0.9218344205872497
76561199569378384,0,0.0032698262948542833,5,0.9218344205872497
76561199162093492,0,0.4639783203601837,5,0.9218344205872497
76561198411659107,0,0.060346320271492004,5,0.9218344205872497
76561198078402481,0,0.532612144947052,5,0.9218344205872497
76561198354770117,0,0.007514499593526125,5,0.9218344205872497
76561199016124511,0,0.3067593276500702,5,0.9218344205872497
76561198066654512,0,0.12240463495254517,5,0.9218344205872497
76561198104497315,0,0.3573884069919586,5,0.9218344205872497
76561198016941398,1,0.18206016719341278,5,0.9218344205872497
76561199392395704,0,0.0045077078975737095,5,0.9218344205872497
76561198362244491,0,0.009584161452949047,5,0.9218344205872497
76561198851094193,0,0.009914274327456951,5,0.9218344205872497
76561199512009984,0,0.14483238756656647,5,0.9218344205872497
76561199108264849,0,0.010844186879694462,5,0.9218344205872497
76561198280131825,0,0.4805353283882141,5,0.9218344205872497
76561198067281660,0,0.07975278049707413,5,0.9218344205872497
76561198080950282,0,0.3134784996509552,5,0.9218344205872497
76561198310491949,0,0.017349809408187866,5,0.9218344205872497
76561198136180439,0,0.02908296138048172,5,0.9218344205872497
76561198248901064,0,0.15426784753799438,5,0.9218344205872497
76561198078224394,0,0.008031208999454975,5,0.9218344205872497
76561197999712797,0,0.012745849788188934,5,0.9218344205872497
76561198807628608,0,0.014492788352072239,5,0.9218344205872497
76561198214409283,0,0.9614538550376892,5,0.9218344205872497
76561198147075984,0,0.0042120665311813354,5,0.9218344205872497
76561198109085148,0,0.007196601014584303,5,0.9218344205872497
76561198874197053,0,0.726894199848175,5,0.9218344205872497
76561198421250570,0,0.004135012626647949,5,0.9218344205872497
76561197960648009,0,0.7393316626548767,5,0.9218344205872497
76561198103693248,0,0.1812145859003067,5,0.9218344205872497
76561198347844601,0,0.005487975664436817,5,0.9218344205872497
76561197993170009,0,0.09668269753456116,5,0.9218344205872497
76561198163267621,0,0.03329712525010109,5,0.9218344205872497
76561198419455947,0,0.005379083100706339,5,0.9218344205872497
76561198056107802,0,0.6473059058189392,5,0.9218344205872497
76561199431846751,0,0.14160650968551636,5,0.9218344205872497
76561199394259656,0,0.091253362596035,5,0.9218344205872497
76561198045416075,0,0.09547032415866852,5,0.9218344205872497
76561198422884258,0,0.010987232439219952,5,0.9218344205872497
76561198383159737,0,0.042619019746780396,5,0.9218344205872497
76561198331686089,0,0.006887158844619989,5,0.9218344205872497
76561198100122486,0,0.004429149441421032,5,0.9218344205872497
76561198258886233,0,0.005896116141229868,5,0.9218344205872497
76561198967959837,1,0.9613921642303467,5,0.9218344205872497
76561198104181190,0,0.004086097702383995,5,0.9218344205872497
76561199129560915,0,0.0032433143351227045,5,0.9218344205872497
76561198035137270,0,0.004456034861505032,5,0.9218344205872497
76561198811372613,0,0.003900617128238082,5,0.9218344205872497
76561198042294461,0,0.00744730094447732,5,0.9218344205872497
76561197970648382,0,0.0380101352930069,5,0.9218344205872497
76561197985653980,0,0.008678823709487915,5,0.9218344205872497
76561198425985441,0,0.00960704404860735,5,0.9218344205872497
76561198010046535,0,0.011124526150524616,5,0.9218344205872497
76561199054689206,0,0.01673716865479946,5,0.9218344205872497
76561198387740891,0,0.006979042664170265,5,0.9218344205872497
76561198044268849,0,0.06377985328435898,5,0.9218344205872497
76561199258817382,0,0.005023380275815725,5,0.9218344205872497
76561199109407103,0,0.005810145288705826,5,0.9218344205872497
76561199527383463,0,0.005507325287908316,5,0.9218344205872497
76561199175265963,0,0.044436778873205185,5,0.9218344205872497
76561198047025884,1,0.8616670370101929,5,0.9218344205872497
76561199114221244,0,0.11215050518512726,5,0.9218344205872497
76561198970616515,0,0.042454469949007034,5,0.9218344205872497
76561198169225118,0,0.006081083323806524,5,0.9218344205872497
76561199232094530,0,0.09149326384067535,5,0.9218344205872497
76561198009192050,0,0.11986164003610611,5,0.9218344205872497
76561198294894670,0,0.010964685119688511,5,0.9218344205872497
76561198301627575,0,0.00336273480206728,5,0.9218344205872497
76561199277715359,0,0.0402945876121521,5,0.9218344205872497
76561198218040087,0,0.04299977421760559,5,0.9218344205872497
76561198018613976,0,0.004342526197433472,5,0.9218344205872497
76561198098131134,0,0.0063176630064845085,5,0.9218344205872497
76561198970909025,0,0.005032746121287346,5,0.9218344205872497
76561199504312600,0,0.004730405285954475,5,0.9218344205872497
76561199113154388,0,0.00461945403367281,5,0.9218344205872497
76561198284003413,0,0.007882014848291874,5,0.9218344205872497
76561198145974200,0,0.0031415231060236692,5,0.9218344205872497
76561198304468410,0,0.05993408337235451,5,0.9218344205872497
76561198277135058,0,0.015744276344776154,5,0.9218344205872497
76561198043684757,0,0.042751558125019073,5,0.9218344205872497
76561198122876259,0,0.007299159653484821,5,0.9218344205872497
76561198210911344,0,0.015992457047104836,5,0.9218344205872497
76561198025031655,0,0.1474013328552246,5,0.9218344205872497
76561198933813565,0,0.015303065069019794,5,0.9218344205872497
76561199477839996,0,0.029926098883152008,5,0.9218344205872497
76561198077343995,0,0.021406805142760277,5,0.9218344205872497
76561198197467929,0,0.15213389694690704,5,0.9218344205872497
76561198130228190,0,0.004439616110175848,5,0.9218344205872497
76561199436498650,0,0.005212495103478432,5,0.9218344205872497
76561199228981970,0,0.005602019373327494,5,0.9218344205872497
76561199232814112,0,0.004028632305562496,5,0.9218344205872497
76561199700634151,0,0.0038336163852363825,5,0.9218344205872497
76561198044051761,0,0.01183661725372076,5,0.9218344205872497
76561199140801370,0,0.003604323836043477,5,0.9218344205872497
76561199122163300,0,0.006763364188373089,5,0.9218344205872497
76561198169871409,0,0.01041260827332735,5,0.9218344205872497
76561198881732681,0,0.11961434036493301,5,0.9218344205872497
76561198144453542,0,0.30886441469192505,5,0.9218344205872497
76561199441149783,0,0.004068680573254824,5,0.9218344205872497
76561198881143983,1,0.8553858995437622,5,0.9218344205872497
76561198151986370,0,0.4683796763420105,5,0.9218344205872497
76561198377230995,1,0.9550793170928955,5,0.9218344205872497
76561198039508906,0,0.6217021346092224,5,0.9218344205872497
76561198066677325,0,0.6128581762313843,5,0.9218344205872497
76561198965584081,0,0.05725989490747452,5,0.9218344205872497
76561198044031901,0,0.005201580002903938,5,0.9218344205872497
76561199088652173,0,0.7562533617019653,5,0.9218344205872497
76561199755523356,0,0.056178074330091476,5,0.9218344205872497
76561198072528246,0,0.003315811976790428,5,0.9218344205872497
76561198095122198,0,0.049137718975543976,5,0.9218344205872497
76561198128882309,0,0.12908396124839783,5,0.9218344205872497
76561199575012147,0,0.016754183918237686,5,0.9218344205872497
76561198325042783,0,0.005550522357225418,5,0.9218344205872497
76561198812364357,0,0.01694798655807972,5,0.9218344205872497
76561198825328159,0,0.7669644951820374,5,0.9218344205872497
76561198240745468,0,0.011647893115878105,5,0.9218344205872497
76561199078859805,0,0.018854450434446335,5,0.9218344205872497
76561198120685313,0,0.004282563924789429,5,0.9218344205872497
76561198304860432,0,0.03566073626279831,5,0.9218344205872497
76561198091765430,0,0.03712503984570503,5,0.9218344205872497
76561198080208343,0,0.012165562249720097,5,0.9218344205872497
76561198245737782,0,0.006647974252700806,5,0.9218344205872497
76561198043316493,0,0.3026193678379059,5,0.9218344205872497
76561198130331220,0,0.013314932584762573,5,0.9218344205872497
76561198215521127,0,0.03108976036310196,5,0.9218344205872497
76561198152632513,0,0.011590756475925446,5,0.9218344205872497
76561198031044786,0,0.017764143645763397,5,0.9218344205872497
76561198202343200,0,0.003867611987516284,5,0.9218344205872497
76561199123083741,0,0.003729474963620305,5,0.9218344205872497
76561198133712912,0,0.3544476628303528,5,0.9218344205872497
76561198005531981,0,0.015682347118854523,5,0.9218344205872497
76561198875059063,0,0.023846624419093132,5,0.9218344205872497
76561198137556826,0,0.04833970218896866,5,0.9218344205872497
76561198246650366,0,0.028520332649350166,5,0.9218344205872497
76561199084906511,0,0.02368342876434326,5,0.9218344205872497
76561198166249149,0,0.003128190990537405,5,0.9218344205872497
76561198947814662,0,0.02060048282146454,5,0.9218344205872497
76561198851565611,0,0.003994785249233246,5,0.9218344205872497
76561199104804516,0,0.003459637053310871,5,0.9218344205872497
76561199082944128,0,0.05628944933414459,5,0.9218344205872497
76561199002219824,0,0.0031415231060236692,5,0.9218344205872497
76561198872765735,0,0.09499940276145935,5,0.9218344205872497
76561198403066590,0,0.13193218410015106,5,0.9218344205872497
76561198168233835,0,0.008776528760790825,5,0.9218344205872497
76561198153328175,0,0.08454572409391403,5,0.9218344205872497
76561198164821010,0,0.03789176791906357,5,0.9218344205872497
76561198092181873,0,0.015837568789720535,5,0.9218344205872497
76561198177622283,0,0.004751462489366531,5,0.9218344205872497
76561198838987958,0,0.17996588349342346,5,0.9218344205872497
76561199188739553,0,0.008917661383748055,5,0.9218344205872497
76561199126318838,0,0.004078976809978485,5,0.9218344205872497
76561199061875116,0,0.03118802048265934,5,0.9218344205872497
76561198215265268,0,0.007958292961120605,5,0.9218344205872497
76561198062956582,0,0.005953097715973854,5,0.9218344205872497
76561199216838151,0,0.0060005574487149715,5,0.9218344205872497
76561199224066095,0,0.009062378667294979,5,0.9218344205872497
76561198116756754,0,0.2198660969734192,5,0.9218344205872497
76561198029378512,0,0.005456621292978525,5,0.9218344205872497
76561198039490454,0,0.024436352774500847,5,0.9218344205872497
76561198826291122,1,0.5008419752120972,5,0.9218344205872497
76561198047247635,0,0.13097135722637177,5,0.9218344205872497
76561198147137741,0,0.7699396014213562,5,0.9218344205872497
76561199436858039,0,0.010612992569804192,5,0.9218344205872497
76561198023789597,0,0.1532513052225113,5,0.9218344205872497
76561199808104876,0,0.0038901709485799074,5,0.9218344205872497
76561198280563399,0,0.05428667366504669,5,0.9218344205872497
76561199123195815,0,0.8072722554206848,5,0.9218344205872497
76561198999896865,0,0.15852786600589752,5,0.9218344205872497
76561198018558165,0,0.004267591517418623,5,0.9218344205872497
76561198015253325,0,0.2293691188097,5,0.9218344205872497
76561198961678265,0,0.014736795797944069,5,0.9218344205872497
76561198354032252,0,0.01152265165001154,5,0.9218344205872497
76561198291811237,0,0.015479307621717453,5,0.9218344205872497
76561199100289990,0,0.0071473014540970325,5,0.9218344205872497
76561199072386489,0,0.00649905763566494,5,0.9218344205872497
76561198066891632,0,0.01002164650708437,5,0.9218344205872497
76561199232161340,0,0.09137602895498276,5,0.9218344205872497
76561198976067395,0,0.007496191654354334,5,0.9218344205872497
76561198423393229,0,0.32766690850257874,5,0.9218344205872497
76561198038760700,0,0.009443914517760277,5,0.9218344205872497
76561198027921890,0,0.005054055713117123,5,0.9218344205872497
76561199177069206,0,0.0773296132683754,5,0.9218344205872497
76561197987542405,0,0.006733760237693787,5,0.9218344205872497
76561199712288286,0,0.013163312338292599,5,0.9218344205872497
76561198023875783,0,0.6500029563903809,5,0.9218344205872497
76561198089424463,0,0.014744192361831665,5,0.9218344205872497
76561199136395476,0,0.04695414751768112,5,0.9218344205872497
76561198937637090,0,0.5580701231956482,5,0.9218344205872497
76561198904355428,0,0.005543121136724949,5,0.9218344205872497
76561199248843542,0,0.0049048373475670815,5,0.9218344205872497
76561198936154628,0,0.003968583419919014,5,0.9218344205872497
76561198210933507,0,0.009662657044827938,5,0.9218344205872497
76561198393781885,0,0.00710338307544589,5,0.9218344205872497
76561199233046225,0,0.04546566307544708,5,0.9218344205872497
76561198965359059,0,0.017395654693245888,5,0.9218344205872497
76561199229475980,0,0.015390098094940186,5,0.9218344205872497
76561197977272909,0,0.009067835286259651,5,0.9218344205872497
76561199122486491,0,0.7757025361061096,5,0.9218344205872497
76561199181990606,0,0.20298844575881958,5,0.9218344205872497
76561198800427415,0,0.027800284326076508,5,0.9218344205872497
76561199048303667,0,0.8529036045074463,5,0.9218344205872497
76561197999003983,0,0.08127246052026749,5,0.9218344205872497
76561198343897837,0,0.14599408209323883,5,0.9218344205872497
76561199589519653,0,0.01317842211574316,5,0.9218344205872497
76561198077960369,0,0.09276943653821945,5,0.9218344205872497
76561198849863956,0,0.7925523519515991,5,0.9218344205872497
76561198274014520,1,0.32015755772590637,5,0.9218344205872497
76561197981368913,0,0.019344352185726166,5,0.9218344205872497
76561198045735249,0,0.2694264054298401,5,0.9218344205872497
76561198243384384,0,0.011237363331019878,5,0.9218344205872497
76561199021658647,0,0.14207260310649872,5,0.9218344205872497
76561198426199741,0,0.005303574725985527,5,0.9218344205872497
76561198029363545,0,0.027109671384096146,5,0.9218344205872497
76561198110664052,0,0.011815686710178852,5,0.9218344205872497
76561198088146898,0,0.43218985199928284,5,0.9218344205872497
76561198867734153,0,0.6890466213226318,5,0.9218344205872497
76561199469846419,0,0.14476191997528076,5,0.9218344205872497
76561198442805846,0,0.01728084683418274,5,0.9218344205872497
76561198324766328,0,0.1704021543264389,5,0.9218344205872497
76561199578020998,0,0.0039957305416464806,5,0.9218344205872497
76561198123557051,0,0.014581338502466679,5,0.9218344205872497
76561198013965746,0,0.9610266089439392,5,0.9218344205872497
76561198004705205,0,0.033708490431308746,5,0.9218344205872497
76561198996349209,0,0.01610848866403103,5,0.9218344205872497
76561198051293170,0,0.02099052257835865,5,0.9218344205872497
76561198307207038,0,0.06285855174064636,5,0.9218344205872497
76561198375241333,0,0.0038770001847296953,5,0.9218344205872497
76561199122052625,0,0.35062476992607117,5,0.9218344205872497
76561198126468667,0,0.028986796736717224,5,0.9218344205872497
76561197964921631,0,0.9138915538787842,5,0.9218344205872497
76561198170232914,0,0.9659891128540039,5,0.9218344205872497
76561199626864148,0,0.00795513205230236,5,0.9218344205872497
76561198250465284,0,0.05586371198296547,5,0.9218344205872497
76561198958402526,0,0.2812557816505432,5,0.9218344205872497
76561197985144025,0,0.008099463768303394,5,0.9218344205872497
76561198070626810,0,0.34353283047676086,5,0.9218344205872497
76561199221631930,0,0.003452218836173415,5,0.9218344205872497
76561198071582075,0,0.0058755455538630486,5,0.9218344205872497
76561198191603767,0,0.006399196106940508,5,0.9218344205872497
76561198136347171,0,0.027657251805067062,5,0.9218344205872497
76561199245375627,0,0.21256478130817413,5,0.9218344205872497
76561199074210967,0,0.474950909614563,5,0.9218344205872497
76561199819556347,0,0.010488467290997505,5,0.9218344205872497
76561198045178691,0,0.010948005132377148,5,0.9218344205872497
76561198888209928,0,0.016779471188783646,5,0.9218344205872497
76561197960319409,0,0.08404318243265152,5,0.9218344205872497
76561198339885441,0,0.014339064247906208,5,0.9218344205872497
76561199219878346,0,0.7983589172363281,5,0.9218344205872497
76561198172150394,0,0.17229591310024261,5,0.9218344205872497
76561198139378029,0,0.32058045268058777,5,0.9218344205872497
76561199353107164,0,0.013920897617936134,5,0.9218344205872497
76561198439997917,1,0.9833530187606812,5,0.9218344205872497
76561198134158318,0,0.005057423375546932,5,0.9218344205872497
76561198108365131,0,0.005872694309800863,5,0.9218344205872497
76561198385010616,0,0.0060101100243628025,5,0.9218344205872497
76561198141343428,0,0.5891430974006653,5,0.9218344205872497
76561198273405646,0,0.018975932151079178,5,0.9218344205872497
76561199015935290,0,0.05276815965771675,5,0.9218344205872497
76561199273552546,0,0.004250726196914911,5,0.9218344205872497
76561198083382245,0,0.008347580209374428,5,0.9218344205872497
76561198268986659,0,0.0053383950144052505,5,0.9218344205872497
76561198096561070,0,0.012387949973344803,5,0.9218344205872497
76561198290295973,0,0.006571454927325249,5,0.9218344205872497
76561199484856260,0,0.0032572592608630657,5,0.9218344205872497
76561199179967251,0,0.019543519243597984,5,0.9218344205872497
76561198447870662,0,0.017245087772607803,5,0.9218344205872497
76561198282839502,0,0.14814408123493195,5,0.9218344205872497
76561198272387096,0,0.004931387957185507,5,0.9218344205872497
76561198195433819,0,0.2588393986225128,5,0.9218344205872497
76561199073485475,0,0.006614953279495239,5,0.9218344205872497
76561199652195908,0,0.017519166693091393,5,0.9218344205872497
76561198063938686,1,0.9850379824638367,5,0.9218344205872497
76561199181901644,0,0.005542174447327852,5,0.9218344205872497
76561199645700184,0,0.04118061438202858,5,0.9218344205872497
76561198416472922,0,0.5930425524711609,5,0.9218344205872497
76561198299998288,0,0.022092614322900772,5,0.9218344205872497
76561198131303526,0,0.005463377106934786,5,0.9218344205872497
76561198088935413,0,0.14960145950317383,5,0.9218344205872497
76561198026155936,0,0.06191328540444374,5,0.9218344205872497
76561198041676051,0,0.22759899497032166,5,0.9218344205872497
76561198096391762,0,0.4586654007434845,5,0.9218344205872497
76561199115140377,0,0.02133186347782612,5,0.9218344205872497
76561198323409411,0,0.0219741053879261,5,0.9218344205872497
76561199138258063,1,0.9182066321372986,5,0.9218344205872497
76561198053220616,0,0.003923850599676371,5,0.9218344205872497
76561198122137897,0,0.3185848891735077,5,0.9218344205872497
76561199117609135,0,0.004165820777416229,5,0.9218344205872497
76561199013292989,0,0.1438506543636322,5,0.9218344205872497
76561199014893268,0,0.03424529358744621,5,0.9218344205872497
76561199036739570,0,0.011550411581993103,5,0.9218344205872497
76561199072806067,0,0.016889644786715508,5,0.9218344205872497
76561198356231475,0,0.003160638501867652,5,0.9218344205872497
76561198025219140,0,0.004692836664617062,5,0.9218344205872497
76561198121138934,0,0.003516077995300293,5,0.9218344205872497
76561198346340275,0,0.7371904850006104,5,0.9218344205872497
76561198188366311,0,0.21470564603805542,5,0.9218344205872497
76561198817670874,0,0.6352458596229553,5,0.9218344205872497
76561198982436794,0,0.15963464975357056,5,0.9218344205872497
76561199491832263,0,0.008907350711524487,5,0.9218344205872497
76561199215531603,0,0.047114189714193344,5,0.9218344205872497
76561198972350977,0,0.003923850599676371,5,0.9218344205872497
76561197983842807,0,0.045174624770879745,5,0.9218344205872497
76561198800701278,0,0.00461945403367281,5,0.9218344205872497
76561198338624319,0,0.0067166113294661045,5,0.9218344205872497
76561198224109280,0,0.051807109266519547,5,0.9218344205872497
76561199037076622,0,0.09907527267932892,5,0.9218344205872497
76561199381143594,0,0.3920387923717499,5,0.9218344205872497
76561197975526622,0,0.03832957521080971,5,0.9218344205872497
76561199067093489,0,0.2226153016090393,5,0.9218344205872497
76561198833621688,0,0.026819104328751564,5,0.9218344205872497
76561198043070992,1,0.37744688987731934,5,0.9218344205872497
76561199022953542,0,0.011027837172150612,5,0.9218344205872497
76561198006586870,0,0.02666996791958809,5,0.9218344205872497
76561199170216276,0,0.004587339237332344,5,0.9218344205872497
76561198350093779,0,0.013785170391201973,5,0.9218344205872497
76561198070821842,0,0.005024891812354326,5,0.9218344205872497
76561198152381424,0,0.008254462853074074,5,0.9218344205872497
76561198397530858,0,0.0067372252233326435,5,0.9218344205872497
76561199527573749,0,0.013211353681981564,5,0.9218344205872497
76561199365498195,0,0.22308120131492615,5,0.9218344205872497
76561198238819110,0,0.1264210194349289,5,0.9218344205872497
76561198056475660,1,0.974223256111145,5,0.9218344205872497
76561198449006673,0,0.14193032681941986,5,0.9218344205872497
76561198030441257,0,0.007969735190272331,5,0.9218344205872497
76561199026948475,0,0.026500198990106583,5,0.9218344205872497
76561199411080441,0,0.06707505136728287,5,0.9218344205872497
76561198064215107,0,0.004922053311020136,5,0.9218344205872497
76561198040072835,0,0.011444075033068657,5,0.9218344205872497
76561199369599932,0,0.24492551386356354,5,0.9218344205872497
76561199392859698,0,0.011550411581993103,5,0.9218344205872497
76561199621781165,0,0.0057068755850195885,5,0.9218344205872497
76561198869830701,0,0.06968912482261658,5,0.9218344205872497
76561198213757069,0,0.7813767790794373,5,0.9218344205872497
76561198286452902,0,0.0037437360733747482,5,0.9218344205872497
76561199372484453,0,0.07744492590427399,5,0.9218344205872497
76561198871913594,0,0.015596379525959492,5,0.9218344205872497
76561197964481355,0,0.06591574102640152,5,0.9218344205872497
76561198057311691,0,0.5127339363098145,5,0.9218344205872497
76561198169005274,0,0.3875436782836914,5,0.9218344205872497
76561198068914144,0,0.022937048226594925,5,0.9218344205872497
76561199125995971,0,0.004339591134339571,5,0.9218344205872497
76561199162168521,0,0.006625678390264511,5,0.9218344205872497
76561198131119042,0,0.013866177760064602,5,0.9218344205872497
76561199182644007,0,0.003923850599676371,5,0.9218344205872497
76561198151971092,0,0.01994616910815239,5,0.9218344205872497
76561198148082502,0,0.00497201643884182,5,0.9218344205872497
76561197998958605,0,0.009905889630317688,5,0.9218344205872497
76561198111748421,0,0.005232283379882574,5,0.9218344205872497
76561198246045976,0,0.0057736653834581375,5,0.9218344205872497
76561198345990155,0,0.003457071492448449,5,0.9218344205872497
76561198379154351,0,0.0037063760682940483,5,0.9218344205872497
76561198010230186,0,0.004494938999414444,5,0.9218344205872497
76561199636824988,0,0.003128190990537405,5,0.9218344205872497
76561198007455456,0,0.008238046430051327,5,0.9218344205872497
76561198017402403,0,0.7639708518981934,5,0.9218344205872497
76561198020436554,0,0.014072608202695847,5,0.9218344205872497
76561199121585879,0,0.713692307472229,5,0.9218344205872497
76561198323326444,0,0.003510488662868738,5,0.9218344205872497
76561198283250215,0,0.0033604565542191267,5,0.9218344205872497
76561198278894090,0,0.048298947513103485,5,0.9218344205872497
76561199122192185,0,0.0031415231060236692,5,0.9218344205872497
76561198965802643,0,0.003620408708229661,5,0.9218344205872497
76561199472500968,0,0.010644000954926014,5,0.9218344205872497
76561198351270470,0,0.009532637894153595,5,0.9218344205872497
76561199107191299,0,0.02146267332136631,5,0.9218344205872497
76561198313088922,0,0.9550635814666748,5,0.9218344205872497
76561199122249461,0,0.009932431392371655,5,0.9218344205872497
76561198070953243,1,0.9870349764823914,5,0.9218344205872497
76561199104643836,0,0.01783830299973488,5,0.9218344205872497
76561198125174543,0,0.003419756656512618,5,0.9218344205872497
76561198283453476,0,0.03306112438440323,5,0.9218344205872497
76561198129279126,0,0.005071733612567186,5,0.9218344205872497
76561198124753978,0,0.00341785722412169,5,0.9218344205872497
76561197995332402,0,0.06105101853609085,5,0.9218344205872497
76561198061390687,0,0.3288293778896332,5,0.9218344205872497
76561198290143399,0,0.025635728612542152,5,0.9218344205872497
76561198286696924,0,0.0047135129570961,5,0.9218344205872497
76561199100055951,0,0.007753137499094009,5,0.9218344205872497
76561198268957943,0,0.21249288320541382,5,0.9218344205872497
76561197989188390,0,0.00367414066568017,5,0.9218344205872497
76561199012730450,0,0.2506428062915802,5,0.9218344205872497
76561198202265116,0,0.2868161201477051,5,0.9218344205872497
76561198356165841,0,0.9548801779747009,5,0.9218344205872497
76561197984423055,0,0.043808016926050186,5,0.9218344205872497
76561199662421802,0,0.005728318355977535,5,0.9218344205872497
76561199100673054,0,0.006103500723838806,5,0.9218344205872497
76561198067641212,0,0.2800128757953644,5,0.9218344205872497
76561198052385400,1,0.9683350324630737,5,0.9218344205872497
76561198199350581,0,0.26913368701934814,5,0.9218344205872497
76561199106148501,0,0.12699836492538452,5,0.9218344205872497
76561199037013779,1,0.9733799695968628,5,0.9218344205872497
76561198264310248,0,0.0136907659471035,5,0.9218344205872497
76561198451442627,0,0.0558525025844574,5,0.9218344205872497
76561199466450122,0,0.007530227303504944,5,0.9218344205872497
76561198316418809,0,0.025272222235798836,5,0.9218344205872497
76561199019746145,0,0.039830658584833145,5,0.9218344205872497
76561198067355127,1,0.9846214056015015,5,0.9218344205872497
76561198067420367,0,0.005377286579459906,5,0.9218344205872497
76561198159818185,0,0.008634017780423164,5,0.9218344205872497
76561198320782485,0,0.027732394635677338,5,0.9218344205872497
76561197984121598,1,0.26662972569465637,5,0.9218344205872497
76561198020679783,0,0.008906647562980652,5,0.9218344205872497
76561198213814675,0,0.04440171271562576,5,0.9218344205872497
76561198075052562,0,0.01802930049598217,5,0.9218344205872497
76561199081197691,0,0.004234228283166885,5,0.9218344205872497
76561199083039484,0,0.018374405801296234,5,0.9218344205872497
76561198299471870,1,0.9776926636695862,5,0.9218344205872497
76561198892896648,0,0.04856555908918381,5,0.9218344205872497
76561198011850620,0,0.006059104111045599,5,0.9218344205872497
76561198130935352,0,0.04528436437249184,5,0.9218344205872497
76561199248877379,0,0.007995059713721275,5,0.9218344205872497
76561198085619526,0,0.07486671209335327,5,0.9218344205872497
76561199367204446,0,0.01544562540948391,5,0.9218344205872497
76561198805826470,0,0.03601017966866493,5,0.9218344205872497
76561199150949942,0,0.04392990469932556,5,0.9218344205872497
76561199020034810,0,0.006219859234988689,5,0.9218344205872497
76561198136963286,0,0.014622737653553486,5,0.9218344205872497
76561199129980088,0,0.003257791744545102,5,0.9218344205872497
76561198066928778,0,0.01269491109997034,5,0.9218344205872497
76561199076865461,0,0.13290633261203766,5,0.9218344205872497
76561198325568729,0,0.3967958986759186,5,0.9218344205872497
76561198104695570,0,0.004136764910072088,5,0.9218344205872497
76561198309113403,0,0.0070878383703529835,5,0.9218344205872497
76561198115030934,0,0.0035364890936762094,5,0.9218344205872497
76561198835763881,0,0.10803777724504471,5,0.9218344205872497
76561198065456875,0,0.01511868741363287,5,0.9218344205872497
76561198278909223,0,0.004009699448943138,5,0.9218344205872497
76561198858992805,0,0.264225572347641,5,0.9218344205872497
76561197961768537,0,0.018847154453396797,5,0.9218344205872497
76561199090104008,0,0.8864051103591919,5,0.9218344205872497
76561198277615834,0,0.015680508688092232,5,0.9218344205872497
76561198015130197,0,0.003983473405241966,5,0.9218344205872497
76561198302197326,0,0.0061899335123598576,5,0.9218344205872497
76561199044231523,0,0.004275599028915167,5,0.9218344205872497
76561199489453379,0,0.22695885598659515,5,0.9218344205872497
76561198069626462,0,0.012494836002588272,5,0.9218344205872497
76561198085243365,0,0.005787861533463001,5,0.9218344205872497
76561199381655092,0,0.07435154169797897,5,0.9218344205872497
76561198261047944,0,0.004102632869035006,5,0.9218344205872497
76561198019358081,0,0.16047303378582,5,0.9218344205872497
76561198173544643,0,0.36631953716278076,5,0.9218344205872497
76561198851380082,0,0.18856839835643768,5,0.9218344205872497
76561199263572250,0,0.45608919858932495,5,0.9218344205872497
76561198990800915,1,0.9464743733406067,5,0.9218344205872497
76561198135403073,1,0.3864203095436096,5,0.9218344205872497
76561198242219864,0,0.04945489391684532,5,0.9218344205872497
76561199130117543,0,0.0035425268579274416,5,0.9218344205872497
76561199058589564,0,0.004813494626432657,5,0.9218344205872497
76561198389298228,0,0.021462002769112587,5,0.9218344205872497
76561198386980923,0,0.022530408576130867,5,0.9218344205872497
76561198930070717,0,0.04158185049891472,5,0.9218344205872497
76561198062529191,0,0.016918323934078217,5,0.9218344205872497
76561198990684455,0,0.038472604006528854,5,0.9218344205872497
76561199415574087,0,0.0054016937501728535,5,0.9218344205872497
76561197999281421,0,0.004216507077217102,5,0.9218344205872497
76561198327126067,0,0.03490186110138893,5,0.9218344205872497
76561199083789897,0,0.005327717866748571,5,0.9218344205872497
76561199393536108,0,0.00875463243573904,5,0.9218344205872497
76561198068634834,0,0.0072190361097455025,5,0.9218344205872497
76561198202953311,0,0.008907350711524487,5,0.9218344205872497
76561198423388201,0,0.011605498380959034,5,0.9218344205872497
76561198415468919,0,0.003890281543135643,5,0.9218344205872497
76561198332114594,0,0.061372313648462296,5,0.9218344205872497
76561198871729595,0,0.21705304086208344,5,0.9218344205872497
76561199170197052,0,0.03453287482261658,5,0.9218344205872497
76561198059625355,0,0.0761701911687851,5,0.9218344205872497
76561199592194579,0,0.0737149715423584,5,0.9218344205872497
76561199441085483,0,0.005336630158126354,5,0.9218344205872497
76561198045417252,0,0.03370697423815727,5,0.9218344205872497
76561199096293618,0,0.18656229972839355,5,0.9218344205872497
76561199230006157,0,0.010927628725767136,5,0.9218344205872497
76561199229403910,0,0.08951231837272644,5,0.9218344205872497
76561198067924360,0,0.014390996657311916,5,0.9218344205872497
76561199222546030,0,0.005007665604352951,5,0.9218344205872497
76561199138223626,0,0.558014452457428,5,0.9218344205872497
76561198162695957,0,0.007172493264079094,5,0.9218344205872497
76561199130861870,0,0.01220017671585083,5,0.9218344205872497
76561198823138680,0,0.0033564141485840082,5,0.9218344205872497
76561198802069557,0,0.006320809479802847,5,0.9218344205872497
76561198038868618,0,0.3992418646812439,5,0.9218344205872497
76561198138263197,0,0.1779843121767044,5,0.9218344205872497
76561199060791806,0,0.011960985139012337,5,0.9218344205872497
76561198976234844,0,0.034109629690647125,5,0.9218344205872497
76561198895513390,0,0.24202804267406464,5,0.9218344205872497
76561198994072535,0,0.0035672869998961687,5,0.9218344205872497
76561198005375943,0,0.02234962396323681,5,0.9218344205872497
76561198084983082,0,0.03548553213477135,5,0.9218344205872497
76561198170748523,0,0.020894069224596024,5,0.9218344205872497
76561198134176711,0,0.008180188946425915,5,0.9218344205872497
76561198358184810,0,0.6724651455879211,5,0.9218344205872497
76561198051930685,0,0.3846358358860016,5,0.9218344205872497
76561198828576248,0,0.026814015582203865,5,0.9218344205872497
76561199076238630,0,0.5193780064582825,5,0.9218344205872497
76561198993584910,0,0.015403160825371742,5,0.9218344205872497
76561199153591753,0,0.0054796854965388775,5,0.9218344205872497
76561197991687464,0,0.004439824726432562,5,0.9218344205872497
76561199404774029,0,0.02250497043132782,5,0.9218344205872497
76561198960725317,0,0.696648359298706,5,0.9218344205872497
76561198216715233,0,0.147383913397789,5,0.9218344205872497
76561199642965144,0,0.03402991592884064,5,0.9218344205872497
76561199097272951,0,0.2573302090167999,5,0.9218344205872497
76561198326795267,0,0.3236180245876312,5,0.9218344205872497
76561198268541311,0,0.007548016030341387,5,0.9218344205872497
76561198849462731,0,0.007461356930434704,5,0.9218344205872497
76561199050028316,0,0.017855996266007423,5,0.9218344205872497
76561198013953317,1,0.9779968857765198,5,0.9218344205872497
76561198045403382,0,0.41317760944366455,5,0.9218344205872497
76561198031847500,0,0.009033869951963425,5,0.9218344205872497
76561198131362395,0,0.4850859045982361,5,0.9218344205872497
76561198301365714,0,0.010314768180251122,5,0.9218344205872497
76561198127951107,0,0.7451661825180054,5,0.9218344205872497
76561199518891938,0,0.006103703286498785,5,0.9218344205872497
76561198854089681,0,0.0038623670116066933,5,0.9218344205872497
76561198967829598,0,0.0033696426544338465,5,0.9218344205872497
76561199758596628,0,0.011172667145729065,5,0.9218344205872497
76561198013753398,0,0.00486856559291482,5,0.9218344205872497
76561198091946406,0,0.13693232834339142,5,0.9218344205872497
76561199202703727,0,0.046036601066589355,5,0.9218344205872497
76561198844229931,0,0.020424949005246162,5,0.9218344205872497
76561198057239563,0,0.052820056676864624,5,0.9218344205872497
76561199133646522,0,0.1329127550125122,5,0.9218344205872497
76561198888152479,0,0.03291582316160202,5,0.9218344205872497
76561198046341851,0,0.023048460483551025,5,0.9218344205872497
76561198010496531,0,0.005349889397621155,5,0.9218344205872497
76561198357228093,0,0.011550411581993103,5,0.9218344205872497
76561199031593421,0,0.01078981813043356,5,0.9218344205872497
76561198274555734,0,0.007125300355255604,5,0.9218344205872497
76561198195646311,0,0.04007076099514961,5,0.9218344205872497
76561198387135633,0,0.009390909224748611,5,0.9218344205872497
76561198055491141,0,0.03383843973278999,5,0.9218344205872497
76561198094710658,0,0.0035060180816799402,5,0.9218344205872497
76561199081507294,0,0.003923850599676371,5,0.9218344205872497
76561198032112576,0,0.04477700591087341,5,0.9218344205872497
76561198925237811,0,0.004549375735223293,5,0.9218344205872497
76561198093234846,0,0.9197110533714294,5,0.9218344205872497
76561199598594622,0,0.10205844789743423,5,0.9218344205872497
76561199093480812,0,0.003637004178017378,5,0.9218344205872497
76561198018663394,0,0.07793056964874268,5,0.9218344205872497
76561198134009204,0,0.1413908451795578,5,0.9218344205872497
76561198160322375,0,0.09897695481777191,5,0.9218344205872497
76561199637868431,0,0.004304036032408476,5,0.9218344205872497
76561198320395928,0,0.0032956143841147423,5,0.9218344205872497
76561198115238292,0,0.005901158321648836,5,0.9218344205872497
76561198425279372,0,0.00801937934011221,5,0.9218344205872497
76561198982083574,0,0.02708694152534008,5,0.9218344205872497
76561199179697306,0,0.6694599390029907,5,0.9218344205872497
76561199552519298,0,0.005531024187803268,5,0.9218344205872497
76561197999254734,0,0.022344006225466728,5,0.9218344205872497
76561198123216832,0,0.14643800258636475,5,0.9218344205872497
76561199181608930,0,0.00461945403367281,5,0.9218344205872497
76561199073075940,1,0.9661499857902527,5,0.9218344205872497
76561198165598680,0,0.0077452100813388824,5,0.9218344205872497
76561198213515612,0,0.011752079240977764,5,0.9218344205872497
76561198936697754,0,0.9594041705131531,5,0.9218344205872497
76561199229493638,0,0.02692735381424427,5,0.9218344205872497
76561199056441251,0,0.0031415231060236692,5,0.9218344205872497
76561199473650744,0,0.05533314496278763,5,0.9218344205872497
76561198298143320,0,0.012864923104643822,5,0.9218344205872497
76561198073011836,0,0.006813833490014076,5,0.9218344205872497
76561198010185858,0,0.15251635015010834,5,0.9218344205872497
76561198259782817,0,0.024176588281989098,5,0.9218344205872497
76561198833421927,0,0.17561280727386475,5,0.9218344205872497
76561198048543967,0,0.045538097620010376,5,0.9218344205872497
76561198859439672,0,0.11894183605909348,5,0.9218344205872497
76561198107152256,0,0.015180157497525215,5,0.9218344205872497
76561198812113739,0,0.026660971343517303,5,0.9218344205872497
76561198817016108,0,0.003923850599676371,5,0.9218344205872497
76561198105609435,0,0.003501818748190999,5,0.9218344205872497
76561198317407677,0,0.007406612858176231,5,0.9218344205872497
76561199113543073,0,0.07127226144075394,5,0.9218344205872497
76561198362368323,0,0.004779865965247154,5,0.9218344205872497
76561198317905638,0,0.00461945403367281,5,0.9218344205872497
76561199131408552,0,0.016168640926480293,5,0.9218344205872497
76561198046970654,0,0.015051844529807568,5,0.9218344205872497
76561199497634397,0,0.047467682510614395,5,0.9218344205872497
76561198282918851,0,0.0067747668363153934,5,0.9218344205872497
76561199240773669,0,0.2089024782180786,5,0.9218344205872497
76561198196301974,0,0.16316382586956024,5,0.9218344205872497
76561198063006760,0,0.004580290988087654,5,0.9218344205872497
76561199276937891,0,0.1779843121767044,5,0.9218344205872497
76561198834830876,0,0.008188956417143345,5,0.9218344205872497
76561198040532394,0,0.06559491902589798,5,0.9218344205872497
76561199003191998,0,0.5438433289527893,5,0.9218344205872497
76561198329796340,0,0.004287643823772669,5,0.9218344205872497
76561198084608599,0,0.009100104682147503,5,0.9218344205872497
76561198105312779,0,0.004160325508564711,5,0.9218344205872497
76561198168975608,0,0.02392403781414032,5,0.9218344205872497
76561198088079835,0,0.004725069273263216,5,0.9218344205872497
76561198895483566,0,0.003878495655953884,5,0.9218344205872497
76561198344676850,0,0.0034143782686442137,5,0.9218344205872497
76561198036120606,0,0.016505157575011253,5,0.9218344205872497
76561198248439184,0,0.003731920849531889,5,0.9218344205872497
76561198201406595,0,0.0058930483646690845,5,0.9218344205872497
76561199059722227,0,0.009997064247727394,5,0.9218344205872497
76561198951166515,0,0.006371535826474428,5,0.9218344205872497
76561198018145008,0,0.2088007777929306,5,0.9218344205872497
76561198010120856,0,0.181265726685524,5,0.9218344205872497
76561198012066316,0,0.007001892663538456,5,0.9218344205872497
76561198907048178,0,0.05856803432106972,5,0.9218344205872497
76561199091391567,0,0.9037784934043884,5,0.9218344205872497
76561198158666136,0,0.43109941482543945,5,0.9218344205872497
76561199387152835,0,0.3614576756954193,5,0.9218344205872497
76561199174694568,0,0.029660159721970558,5,0.9218344205872497
76561199476627523,0,0.5061017274856567,5,0.9218344205872497
76561198328055264,0,0.15515221655368805,5,0.9218344205872497
76561198128970054,0,0.030508849769830704,5,0.9218344205872497
76561198179997353,0,0.2823707163333893,5,0.9218344205872497
76561198016512011,0,0.20188193023204803,5,0.9218344205872497
76561198057451027,0,0.010160067118704319,5,0.9218344205872497
76561199030188271,0,0.029070470482110977,5,0.9218344205872497
76561198242222802,0,0.1932630091905594,5,0.9218344205872497
76561198299885989,0,0.032580502331256866,5,0.9218344205872497
76561198952243624,0,0.010817776434123516,5,0.9218344205872497
76561198344403873,0,0.0033461812417954206,5,0.9218344205872497
76561198117281882,0,0.057230111211538315,5,0.9218344205872497
76561198845532982,0,0.01529625989496708,5,0.9218344205872497
76561199085169197,0,0.011598302982747555,5,0.9218344205872497
76561199060610077,0,0.3060118556022644,5,0.9218344205872497
76561198162593855,0,0.018299786373972893,5,0.9218344205872497
76561199147579102,0,0.00604323809966445,5,0.9218344205872497
76561199273368330,0,0.004725069273263216,5,0.9218344205872497
76561197990286718,0,0.19307349622249603,5,0.9218344205872497
76561198876495984,0,0.005185366608202457,5,0.9218344205872497
76561198344928751,0,0.0036782610695809126,5,0.9218344205872497
76561199501032259,0,0.1563539355993271,5,0.9218344205872497
76561198847085269,0,0.5642380714416504,5,0.9218344205872497
76561198079243207,0,0.010907979682087898,5,0.9218344205872497
76561199133484462,0,0.003408323274925351,5,0.9218344205872497
76561199262309366,0,0.004522399511188269,5,0.9218344205872497
76561198327726890,0,0.01948111690580845,5,0.9218344205872497
76561198166456014,0,0.005531325936317444,5,0.9218344205872497
76561198002288514,0,0.022754065692424774,5,0.9218344205872497
76561198273504518,0,0.011266562156379223,5,0.9218344205872497
76561198131331681,0,0.03786644712090492,5,0.9218344205872497
76561199044308446,0,0.005317128263413906,5,0.9218344205872497
76561198451797228,0,0.3537260591983795,5,0.9218344205872497
76561197972963725,0,0.004625232890248299,5,0.9218344205872497
76561198121896501,0,0.003938911482691765,5,0.9218344205872497
76561198806512503,0,0.03296227380633354,5,0.9218344205872497
76561198919606474,0,0.004889844451099634,5,0.9218344205872497
76561198832998192,0,0.18068331480026245,5,0.9218344205872497
76561199528632926,0,0.026375459507107735,5,0.9218344205872497
76561198240245112,0,0.003226969391107559,5,0.9218344205872497
76561197979870198,0,0.044376764446496964,5,0.9218344205872497
76561199199689392,0,0.003923850599676371,5,0.9218344205872497
76561198146028965,1,0.9534135460853577,5,0.9218344205872497
76561199066074740,0,0.07934018224477768,5,0.9218344205872497
76561198164572540,0,0.1103193461894989,5,0.9218344205872497
76561198325982871,0,0.003923850599676371,5,0.9218344205872497
76561199217627878,0,0.019388629123568535,5,0.9218344205872497
76561198049444218,0,0.009572211652994156,5,0.9218344205872497
76561198067773342,0,0.00594380171969533,5,0.9218344205872497
76561198198713498,0,0.02152625285089016,5,0.9218344205872497
76561198960095118,0,0.9521920084953308,5,0.9218344205872497
76561198086373032,0,0.01141998078674078,5,0.9218344205872497
76561199256865216,0,0.004312531091272831,5,0.9218344205872497
76561199225160790,0,0.010716472752392292,5,0.9218344205872497
76561199187262379,0,0.1400143951177597,5,0.9218344205872497
76561197973523324,0,0.008113077841699123,5,0.9218344205872497
76561198380431785,0,0.012241529300808907,5,0.9218344205872497
76561198357247267,0,0.0053243255242705345,5,0.9218344205872497
76561199508959452,0,0.23747028410434723,5,0.9218344205872497
76561199385748384,0,0.09950287640094757,5,0.9218344205872497
76561198403907795,0,0.005061253439635038,5,0.9218344205872497
76561198341033349,0,0.0037810904905200005,5,0.9218344205872497
76561198217988747,0,0.02458847686648369,5,0.9218344205872497
76561199252418381,0,0.00461945403367281,5,0.9218344205872497
76561199024000720,0,0.013085433281958103,5,0.9218344205872497
76561198384058306,0,0.06876591593027115,5,0.9218344205872497
76561199012818337,0,0.0031415231060236692,5,0.9218344205872497
76561199216110073,0,0.003923850599676371,5,0.9218344205872497
76561197990649516,0,0.01242465153336525,5,0.9218344205872497
76561199006457756,0,0.041861023753881454,5,0.9218344205872497
76561198172187730,0,0.023808028548955917,5,0.9218344205872497
76561198098107046,0,0.015727246180176735,5,0.9218344205872497
76561198836687567,0,0.0088267233222723,5,0.9218344205872497
76561198011189361,1,0.9810062646865845,5,0.9218344205872497
76561198080555542,0,0.006089573726058006,5,0.9218344205872497
76561198200014941,0,0.020933862775564194,5,0.9218344205872497
76561198273081347,0,0.19000348448753357,5,0.9218344205872497
76561198068719106,0,0.1417122334241867,5,0.9218344205872497
76561198045160548,0,0.0052035716362297535,5,0.9218344205872497
76561198079450842,0,0.09374907612800598,5,0.9218344205872497
76561199130370815,0,0.2955911457538605,5,0.9218344205872497
76561198107241684,0,0.3032301366329193,5,0.9218344205872497
76561199445834447,0,0.008602548390626907,5,0.9218344205872497
76561199434066009,0,0.6179359555244446,5,0.9218344205872497
76561199184260823,0,0.004418401047587395,5,0.9218344205872497
76561199148772012,0,0.006164178717881441,5,0.9218344205872497
76561198346390274,0,0.029060401022434235,5,0.9218344205872497
76561199173820174,0,0.015287650749087334,5,0.9218344205872497
76561198075283903,0,0.008365013636648655,5,0.9218344205872497
76561198127808517,0,0.3867229223251343,5,0.9218344205872497
76561199012441782,0,0.8414015173912048,5,0.9218344205872497
76561198250871046,0,0.06166962534189224,5,0.9218344205872497
76561199023890891,0,0.003923850599676371,5,0.9218344205872497
76561199443333622,0,0.010579139925539494,5,0.9218344205872497
76561198120293229,0,0.3881559669971466,5,0.9218344205872497
76561198373150949,0,0.003128190990537405,5,0.9218344205872497
76561198000574972,0,0.04478675499558449,5,0.9218344205872497
76561198361844893,0,0.0033460219856351614,5,0.9218344205872497
76561198129192654,0,0.24286045134067535,5,0.9218344205872497
76561198245823198,1,0.991124153137207,5,0.9218344205872497
76561197960329049,0,0.06252184510231018,5,0.9218344205872497
76561198167240991,0,0.0037351930513978004,5,0.9218344205872497
76561198061345279,0,0.0793658196926117,5,0.9218344205872497
76561198254292260,0,0.005586853716522455,5,0.9218344205872497
76561198111422563,0,0.03847183659672737,5,0.9218344205872497
76561199125171312,0,0.003923850599676371,5,0.9218344205872497
76561198191036146,0,0.003836930263787508,5,0.9218344205872497
76561199543935616,0,0.0069048283621668816,5,0.9218344205872497
76561199162064110,0,0.044884297996759415,5,0.9218344205872497
76561198818933654,0,0.08232200145721436,5,0.9218344205872497
76561199500005307,1,0.567828357219696,5,0.9218344205872497
76561198048043481,0,0.7088250517845154,5,0.9218344205872497
76561198280768700,0,0.0036052074283361435,5,0.9218344205872497
76561198334167593,0,0.0051993378438055515,5,0.9218344205872497
76561198150668314,0,0.010335100814700127,5,0.9218344205872497
76561198151178748,0,0.3558569848537445,5,0.9218344205872497
76561198140653489,0,0.009075667709112167,5,0.9218344205872497
76561198070088480,0,0.0051071252673864365,5,0.9218344205872497
76561199049013627,0,0.07564288377761841,5,0.9218344205872497
76561198052582734,0,0.004411352798342705,5,0.9218344205872497
76561198986007422,0,0.10457172989845276,5,0.9218344205872497
76561198088294454,0,0.05019134283065796,5,0.9218344205872497
76561198450365733,0,0.01329146046191454,5,0.9218344205872497
76561199490336814,0,0.005490575917065144,5,0.9218344205872497
76561198866428534,0,0.44887951016426086,5,0.9218344205872497
76561199010481780,1,0.9910258650779724,5,0.9218344205872497
76561198967211816,0,0.005904445890337229,5,0.9218344205872497
76561199081210555,0,0.0035142344422638416,5,0.9218344205872497
76561199027169578,0,0.006810426712036133,5,0.9218344205872497
76561198263615490,0,0.0296629648655653,5,0.9218344205872497
76561198155429489,0,0.00557814771309495,5,0.9218344205872497
76561199197229696,1,0.9062393307685852,5,0.9218344205872497
76561199086770683,0,0.1420007050037384,5,0.9218344205872497
76561199517621593,0,0.006483694072812796,5,0.9218344205872497
76561198109763027,0,0.06460825353860855,5,0.9218344205872497
76561198186312307,1,0.9914313554763794,5,0.9218344205872497
76561198002087404,0,0.02251659333705902,5,0.9218344205872497
76561199493387725,0,0.0419170968234539,5,0.9218344205872497
76561198357059079,0,0.005437624640762806,5,0.9218344205872497
76561199249875867,0,0.007044934201985598,5,0.9218344205872497
76561198089435053,0,0.32089582085609436,5,0.9218344205872497
76561197977351386,0,0.004663925152271986,5,0.9218344205872497
76561198035366548,0,0.017080850899219513,5,0.9218344205872497
76561198070834707,0,0.9317970275878906,5,0.9218344205872497
76561199047021242,0,0.006404389161616564,5,0.9218344205872497
76561198324574909,0,0.004769277758896351,5,0.9218344205872497
76561198165172025,0,0.05346135422587395,5,0.9218344205872497
76561199212947838,0,0.005497191101312637,5,0.9218344205872497
76561198874069181,0,0.011752505786716938,5,0.9218344205872497
76561198091762325,0,0.007363482844084501,5,0.9218344205872497
76561198012227871,0,0.07054810225963593,5,0.9218344205872497
76561198054883764,0,0.22380058467388153,5,0.9218344205872497
76561198074595422,0,0.10817045718431473,5,0.9218344205872497
76561198840480125,0,0.006502554286271334,5,0.9218344205872497
76561198166006668,0,0.003128190990537405,5,0.9218344205872497
76561198029236271,0,0.05671245977282524,5,0.9218344205872497
76561198259932192,0,0.02229502983391285,5,0.9218344205872497
76561198070318237,0,0.014377402141690254,5,0.9218344205872497
76561199139536716,0,0.04470277577638626,5,0.9218344205872497
76561197982072854,0,0.04004877060651779,5,0.9218344205872497
76561199163269602,0,0.006509833503514528,5,0.9218344205872497
76561198313537423,0,0.003923850599676371,5,0.9218344205872497
76561199089663040,0,0.03868715092539787,5,0.9218344205872497
76561198119990258,0,0.014119499363005161,5,0.9218344205872497
76561198070763538,0,0.008035600185394287,5,0.9218344205872497
76561199659574698,0,0.005259175784885883,5,0.9218344205872497
76561199113902807,0,0.003980033565312624,5,0.9218344205872497
76561199103944900,0,0.003934444859623909,5,0.9218344205872497
76561199472315350,1,0.9726327061653137,5,0.9218344205872497
76561198287418855,0,0.03938737139105797,5,0.9218344205872497
76561199167009108,1,0.9733760356903076,5,0.9218344205872497
76561198002135784,0,0.036932263523340225,5,0.9218344205872497
76561198800555173,0,0.13219235837459564,5,0.9218344205872497
76561198873680938,1,0.9882957935333252,5,0.9218344205872497
76561198091446993,0,0.03146154806017876,5,0.9218344205872497
76561198053889643,0,0.004583202302455902,5,0.9218344205872497
76561199097484581,0,0.014994578436017036,5,0.9218344205872497
76561198976145623,0,0.9349892735481262,5,0.9218344205872497
76561199084937220,0,0.0039793564938008785,5,0.9218344205872497
76561199535157890,0,0.4702634811401367,5,0.9218344205872497
76561198032726168,0,0.6119965314865112,5,0.9218344205872497
76561198969926618,0,0.00899999588727951,5,0.9218344205872497
76561198130407974,0,0.09668509662151337,5,0.9218344205872497
76561198028854620,0,0.058831553906202316,5,0.9218344205872497
76561198086601981,0,0.006188771687448025,5,0.9218344205872497
76561199197703008,0,0.08451252430677414,5,0.9218344205872497
76561199059441645,0,0.2132321000099182,5,0.9218344205872497
76561198062971945,0,0.2093009501695633,5,0.9218344205872497
76561199217548262,0,0.00382494879886508,5,0.9218344205872497
76561198967347807,0,0.3169385492801666,5,0.9218344205872497
76561198049083100,1,0.8502676486968994,5,0.9218344205872497
76561198202322520,0,0.01453282032161951,5,0.9218344205872497
76561198079431662,0,0.017735684290528297,5,0.9218344205872497
76561198134415063,0,0.6103123426437378,5,0.9218344205872497
76561198021047254,0,0.00650025624781847,5,0.9218344205872497
76561198081983539,0,0.5974622368812561,5,0.9218344205872497
76561198300185027,0,0.006105655804276466,5,0.9218344205872497
76561198853924673,0,0.022070258855819702,5,0.9218344205872497
76561199087398900,0,0.012225287035107613,5,0.9218344205872497
76561198050707088,0,0.006277943961322308,5,0.9218344205872497
76561199071150503,0,0.17996588349342346,5,0.9218344205872497
76561199092191890,0,0.005500448402017355,5,0.9218344205872497
76561198432995110,0,0.467324823141098,5,0.9218344205872497
76561199016063388,0,0.03438427671790123,5,0.9218344205872497
76561199163460768,0,0.23657970130443573,5,0.9218344205872497
76561197968635223,0,0.02332037314772606,5,0.9218344205872497
76561199059170369,0,0.0031415231060236692,5,0.9218344205872497
76561198365270364,0,0.01696329563856125,5,0.9218344205872497
76561197963461083,0,0.007770478259772062,5,0.9218344205872497
76561198007164694,0,0.00709557207301259,5,0.9218344205872497
76561199211246035,0,0.005066923797130585,5,0.9218344205872497
76561198208402087,0,0.012451711110770702,5,0.9218344205872497
76561199050302825,0,0.05750405788421631,5,0.9218344205872497
76561198272159704,0,0.025874240323901176,5,0.9218344205872497
76561198081258880,0,0.012052246369421482,5,0.9218344205872497
76561198024097646,0,0.004542599897831678,5,0.9218344205872497
76561198327702992,0,0.005291827954351902,5,0.9218344205872497
76561198969601531,0,0.01783830299973488,5,0.9218344205872497
76561199050768790,0,0.004618882201611996,5,0.9218344205872497
76561198074161672,0,0.08067971467971802,5,0.9218344205872497
76561198098365821,0,0.006546542979776859,5,0.9218344205872497
76561199404060845,0,0.2345823049545288,5,0.9218344205872497
76561198994515835,0,0.010324581526219845,5,0.9218344205872497
76561198997824330,0,0.06589709967374802,5,0.9218344205872497
76561198201706217,0,0.07976831495761871,5,0.9218344205872497
76561197989474134,0,0.03445190563797951,5,0.9218344205872497
76561198272566920,0,0.01153559610247612,5,0.9218344205872497
76561198034833571,0,0.027155624702572823,5,0.9218344205872497
76561198060255321,0,0.008051568642258644,5,0.9218344205872497
76561198103375878,0,0.04790874943137169,5,0.9218344205872497
76561198870211828,0,0.04859399423003197,5,0.9218344205872497
76561198824999711,0,0.005012234207242727,5,0.9218344205872497
76561198837678710,0,0.017129037529230118,5,0.9218344205872497
76561199122740936,0,0.004304036032408476,5,0.9218344205872497
76561198984364951,0,0.003312507178634405,5,0.9218344205872497
76561198147468071,0,0.18123580515384674,5,0.9218344205872497
76561199074422210,0,0.013715371489524841,5,0.9218344205872497
76561198133893901,0,0.004760962910950184,5,0.9218344205872497
76561198847344676,0,0.005402183625847101,5,0.9218344205872497
76561198134209979,0,0.006884008180350065,5,0.9218344205872497
76561198024088948,0,0.23376552760601044,5,0.9218344205872497
76561199002814685,0,0.007662435993552208,5,0.9218344205872497
76561198213304439,0,0.004405668471008539,5,0.9218344205872497
76561198975804166,0,0.13892129063606262,5,0.9218344205872497
76561197994273595,0,0.006197693757712841,5,0.9218344205872497
76561198007700522,0,0.06867460906505585,5,0.9218344205872497
76561198311918425,0,0.14190179109573364,5,0.9218344205872497
76561199133121098,0,0.004477767739444971,5,0.9218344205872497
76561198065149082,0,0.0042248740792274475,5,0.9218344205872497
76561198867468155,0,0.013180568814277649,5,0.9218344205872497
76561199309190384,0,0.008086389862000942,5,0.9218344205872497
76561199233079781,0,0.004396611358970404,5,0.9218344205872497
76561199682786916,0,0.0035946613643318415,5,0.9218344205872497
76561199674272561,0,0.004540668334811926,5,0.9218344205872497
76561198096053434,0,0.003995112143456936,5,0.9218344205872497
76561198280496934,0,0.005227108020335436,5,0.9218344205872497
76561198154527037,0,0.5718321800231934,5,0.9218344205872497
76561198258749264,0,0.007422478869557381,5,0.9218344205872497
76561199122231170,0,0.0035083277616649866,5,0.9218344205872497
76561198264546073,0,0.14456488192081451,5,0.9218344205872497
76561198043116147,0,0.004061252344399691,5,0.9218344205872497
76561199561308005,0,0.02832208015024662,5,0.9218344205872497
76561198120680777,0,0.006746622733771801,5,0.9218344205872497
76561198118898404,0,0.0034173030871897936,5,0.9218344205872497
76561199366852697,0,0.003850987646728754,5,0.9218344205872497
76561199043154085,0,0.0037906435318291187,5,0.9218344205872497
76561198343091832,0,0.005920457653701305,5,0.9218344205872497
76561198084323039,0,0.014075362123548985,5,0.9218344205872497
76561197999946990,0,0.0077452100813388824,5,0.9218344205872497
76561198450889670,0,0.04132883995771408,5,0.9218344205872497
76561199196621721,0,0.011698521673679352,5,0.9218344205872497
76561199229695890,0,0.33344802260398865,5,0.9218344205872497
76561198266886597,0,0.17858554422855377,5,0.9218344205872497
76561199230719754,0,0.012748980894684792,5,0.9218344205872497
76561198098766371,0,0.10121200978755951,5,0.9218344205872497
76561197992563484,0,0.01028581615537405,5,0.9218344205872497
76561198155811155,0,0.02790672518312931,5,0.9218344205872497
76561198378123104,0,0.6867493987083435,5,0.9218344205872497
76561198004363452,0,0.007445553317666054,5,0.9218344205872497
76561197970482950,0,0.012296430766582489,5,0.9218344205872497
76561198015369788,0,0.004425160586833954,5,0.9218344205872497
76561199086566470,0,0.004359502345323563,5,0.9218344205872497
76561199472619291,0,0.154378280043602,5,0.9218344205872497
76561198041554723,0,0.17674663662910461,5,0.9218344205872497
76561199089361724,0,0.28151005506515503,5,0.9218344205872497
76561199030320741,0,0.007302093785256147,5,0.9218344205872497
76561198049274756,0,0.22016140818595886,5,0.9218344205872497
76561199102402134,1,0.8601152896881104,5,0.9218344205872497
76561198049427577,1,0.14580559730529785,5,0.9218344205872497
76561199013560601,0,0.4457664489746094,5,0.9218344205872497
76561199574154800,0,0.006096799857914448,5,0.9218344205872497
76561198056931056,0,0.053941067308187485,5,0.9218344205872497
76561199301328943,0,0.010848156176507473,5,0.9218344205872497
76561198316025302,0,0.8119629621505737,5,0.9218344205872497
76561199019446546,0,0.004904360510408878,5,0.9218344205872497
76561199181826856,0,0.8913536071777344,5,0.9218344205872497
76561198073187343,0,0.07790624350309372,5,0.9218344205872497
76561198306449855,0,0.630023717880249,5,0.9218344205872497
76561198975814364,0,0.14190179109573364,5,0.9218344205872497
76561198845471159,0,0.08138097077608109,5,0.9218344205872497
76561198063287322,0,0.009583805687725544,5,0.9218344205872497
76561198100767733,0,0.6564291715621948,5,0.9218344205872497
76561198085287715,0,0.41660386323928833,5,0.9218344205872497
76561198106655282,0,0.008350579999387264,5,0.9218344205872497
76561198100637539,0,0.006802333053201437,5,0.9218344205872497
76561198049798776,0,0.016721157357096672,5,0.9218344205872497
76561198990713634,0,0.0032903742976486683,5,0.9218344205872497
76561198126113462,0,0.009391618892550468,5,0.9218344205872497
76561199353583192,0,0.0638832300901413,5,0.9218344205872497
76561198169869067,0,0.047930438071489334,5,0.9218344205872497
76561199073673732,0,0.026660971343517303,5,0.9218344205872497
76561198298603078,0,0.003257791744545102,5,0.9218344205872497
76561198823305772,0,0.003923850599676371,5,0.9218344205872497
76561198155459727,1,0.8784450888633728,5,0.9218344205872497
76561198843497512,0,0.01278189942240715,5,0.9218344205872497
76561198838749126,0,0.00461945403367281,5,0.9218344205872497
76561198392907322,0,0.03232564777135849,5,0.9218344205872497
76561198392089598,0,0.1658947616815567,5,0.9218344205872497
76561199099557017,0,0.04939344897866249,5,0.9218344205872497
76561198031234875,0,0.16169269382953644,5,0.9218344205872497
76561199096413466,0,0.0035239458084106445,5,0.9218344205872497
76561198237361614,0,0.28069114685058594,5,0.9218344205872497
76561199058652661,0,0.015340149402618408,5,0.9218344205872497
76561197981332736,0,0.04956039786338806,5,0.9218344205872497
76561198041248119,0,0.051761824637651443,5,0.9218344205872497
76561199166221795,0,0.05108669027686119,5,0.9218344205872497
76561199673610758,0,0.00861769076436758,5,0.9218344205872497
76561198024978822,0,0.07970596849918365,5,0.9218344205872497
76561198321394819,0,0.04164937138557434,5,0.9218344205872497
76561198313752452,0,0.009182729758322239,5,0.9218344205872497
76561199259068209,0,0.005719227250665426,5,0.9218344205872497
76561199037134788,0,0.039311252534389496,5,0.9218344205872497
76561198196560203,0,0.012734746560454369,5,0.9218344205872497
76561199387376154,0,0.008907350711524487,5,0.9218344205872497
76561198043086495,0,0.010377985425293446,5,0.9218344205872497
76561199548297128,0,0.007095944602042437,5,0.9218344205872497
76561198454332226,0,0.00431682076305151,5,0.9218344205872497
76561199157702458,0,0.03179492428898811,5,0.9218344205872497
76561198153384983,0,0.2919536828994751,5,0.9218344205872497
76561198801523889,0,0.0037437360733747482,5,0.9218344205872497
76561198077726365,0,0.006304798182100058,5,0.9218344205872497
76561199443968927,0,0.09738191217184067,5,0.9218344205872497
76561198322739330,0,0.12279302626848221,5,0.9218344205872497
76561198083237621,0,0.013804410584270954,5,0.9218344205872497
76561198051557723,0,0.9859644174575806,5,0.9218344205872497
76561197993534019,0,0.011854019947350025,5,0.9218344205872497
76561198067757961,0,0.016045138239860535,5,0.9218344205872497
76561198161036112,0,0.0042808884754776955,5,0.9218344205872497
76561199053346039,0,0.03520702198147774,5,0.9218344205872497
76561198121891101,0,0.004054607357829809,5,0.9218344205872497
76561198183353591,0,0.016155919060111046,5,0.9218344205872497
76561198315866123,0,0.08910036087036133,5,0.9218344205872497
76561198870734515,0,0.03716016560792923,5,0.9218344205872497
76561198316360879,0,0.006068991031497717,5,0.9218344205872497
76561198202214215,0,0.042551375925540924,5,0.9218344205872497
76561199036725177,0,0.009555201977491379,5,0.9218344205872497
76561198825004362,0,0.04035661369562149,5,0.9218344205872497
76561198068717650,0,0.013194108381867409,5,0.9218344205872497
76561199224335948,0,0.04761365428566933,5,0.9218344205872497
76561199762044531,0,0.023058440536260605,5,0.9218344205872497
76561198438795404,0,0.0034173030871897936,5,0.9218344205872497
76561198235102564,0,0.018854450434446335,5,0.9218344205872497
76561198015941078,0,0.003479516599327326,5,0.9218344205872497
76561198038184818,0,0.004897300619632006,5,0.9218344205872497
76561198016716981,0,0.003257791744545102,5,0.9218344205872497
76561198393132187,0,0.4495038390159607,5,0.9218344205872497
76561198372874030,0,0.003803491359576583,5,0.9218344205872497
76561198301048900,0,0.005918044131249189,5,0.9218344205872497
76561197985482504,0,0.03999829664826393,5,0.9218344205872497
76561198132701374,0,0.00450254138559103,5,0.9218344205872497
76561198992391179,0,0.007832271046936512,5,0.9218344205872497
76561199277021836,0,0.00461945403367281,5,0.9218344205872497
76561198200718491,0,0.11090020835399628,5,0.9218344205872497
76561199405945333,0,0.00461945403367281,5,0.9218344205872497
76561199024295976,0,0.25464704632759094,5,0.9218344205872497
76561199113483253,0,0.11217270791530609,5,0.9218344205872497
76561199271720801,0,0.006471011787652969,5,0.9218344205872497
76561199483695880,0,0.006881173234432936,5,0.9218344205872497
76561198125401696,0,0.003794359741732478,5,0.9218344205872497
76561198006392562,0,0.003910189028829336,5,0.9218344205872497
76561197997827897,0,0.00868980959057808,5,0.9218344205872497
76561199380164415,0,0.007361747324466705,5,0.9218344205872497
76561197969785911,0,0.4041772484779358,5,0.9218344205872497
76561197993282468,0,0.23199114203453064,5,0.9218344205872497
76561198367784249,0,0.10273292660713196,5,0.9218344205872497
76561198011315265,0,0.7338570356369019,5,0.9218344205872497
76561198013010156,0,0.028967924416065216,5,0.9218344205872497
76561198063458037,0,0.28448665142059326,5,0.9218344205872497
76561198392725134,0,0.9442378282546997,5,0.9218344205872497
76561198291690499,0,0.8282083868980408,5,0.9218344205872497
76561198038023854,0,0.21105796098709106,5,0.9218344205872497
76561197987162790,0,0.2498265504837036,5,0.9218344205872497
76561198992974328,0,0.02111375331878662,5,0.9218344205872497
76561198325138025,0,0.0123357642441988,5,0.9218344205872497
76561198383631265,0,0.5490244626998901,5,0.9218344205872497
76561198126121820,0,0.015845881775021553,5,0.9218344205872497
76561198965883092,0,0.0038364960346370935,5,0.9218344205872497
76561199055294363,0,0.005948049481958151,5,0.9218344205872497
76561198052663969,0,0.020492808893322945,5,0.9218344205872497
76561198137734928,0,0.02598174661397934,5,0.9218344205872497
76561199126290609,0,0.007105115335434675,5,0.9218344205872497
76561199101043730,0,0.0046459767036139965,5,0.9218344205872497
76561199208746796,0,0.5504419803619385,5,0.9218344205872497
76561198302595530,0,0.03398081287741661,5,0.9218344205872497
76561199213655695,0,0.06254773586988449,5,0.9218344205872497
76561198387799926,0,0.0035201439168304205,5,0.9218344205872497
76561198052703389,0,0.04501301050186157,5,0.9218344205872497
76561198342043736,0,0.0035343794152140617,5,0.9218344205872497
76561199162213989,0,0.0479574054479599,5,0.9218344205872497
76561199229773740,0,0.003759944112971425,5,0.9218344205872497
76561198828714712,0,0.004591459408402443,5,0.9218344205872497
76561198204210992,1,0.9866718649864197,5,0.9218344205872497
76561198397807140,0,0.039837244898080826,5,0.9218344205872497
76561198998006150,0,0.007805660367012024,5,0.9218344205872497
76561198004658630,0,0.3121015131473541,5,0.9218344205872497
76561198917896416,0,0.003312507178634405,5,0.9218344205872497
76561198964253067,0,0.004424614831805229,5,0.9218344205872497
76561198865896821,0,0.003712134435772896,5,0.9218344205872497
76561199019390580,0,0.0035771687980741262,5,0.9218344205872497
76561198176154581,0,0.48256513476371765,5,0.9218344205872497
76561198026385857,0,0.1200876459479332,5,0.9218344205872497
76561198340622039,0,0.09263987094163895,5,0.9218344205872497
76561198080146033,0,0.0036364237312227488,5,0.9218344205872497
76561198929850350,0,0.004952028393745422,5,0.9218344205872497
76561198174385615,0,0.01144347619265318,5,0.9218344205872497
76561198045031232,0,0.9566158056259155,5,0.9218344205872497
76561198028913484,0,0.007340466603636742,5,0.9218344205872497
76561198200028617,0,0.038817767053842545,5,0.9218344205872497
76561199199636227,0,0.47208672761917114,5,0.9218344205872497
76561199446243105,0,0.026660971343517303,5,0.9218344205872497
76561198271070973,0,0.015796463936567307,5,0.9218344205872497
76561199447552109,0,0.015806162729859352,5,0.9218344205872497
76561198375428245,0,0.046546630561351776,5,0.9218344205872497
76561198206660553,0,0.016033397987484932,5,0.9218344205872497
76561199522226965,0,0.2746433913707733,5,0.9218344205872497
76561199505805814,0,0.00461945403367281,5,0.9218344205872497
76561197989530072,0,0.01064324751496315,5,0.9218344205872497
76561198281447494,0,0.31121572852134705,5,0.9218344205872497
76561198928552881,0,0.07668551802635193,5,0.9218344205872497
76561198994162799,0,0.026660971343517303,5,0.9218344205872497
76561198819572243,1,0.07595343142747879,5,0.9218344205872497
76561199512282701,0,0.04999173432588577,5,0.9218344205872497
76561198065247799,0,0.005385356955230236,5,0.9218344205872497
76561199096883072,0,0.005531024187803268,5,0.9218344205872497
76561199184115407,0,0.01774420030415058,5,0.9218344205872497
76561199232105996,0,0.009582867845892906,5,0.9218344205872497
76561198311177910,0,0.17105676233768463,5,0.9218344205872497
76561197985434611,0,0.06059545278549194,5,0.9218344205872497
76561197969804553,0,0.008922513574361801,5,0.9218344205872497
76561197999744554,0,0.118403360247612,5,0.9218344205872497
76561199017728246,0,0.05726727098226547,5,0.9218344205872497
76561198046567791,0,0.01628267765045166,5,0.9218344205872497
76561198062793260,0,0.1434425711631775,5,0.9218344205872497
76561199206561539,0,0.14190179109573364,5,0.9218344205872497
76561198053854066,0,0.0048339031636714935,5,0.9218344205872497
76561198101285721,0,0.03544781729578972,5,0.9218344205872497
76561198021492153,1,0.9783869981765747,5,0.9218344205872497
76561198116761840,0,0.9455257654190063,5,0.9218344205872497
76561198123243416,0,0.046217456459999084,5,0.9218344205872497
76561199352717850,0,0.003923850599676371,5,0.9218344205872497
76561198972821495,0,0.004904360510408878,5,0.9218344205872497
76561198333754720,0,0.03447467088699341,5,0.9218344205872497
76561198275615610,0,0.03383580222725868,5,0.9218344205872497
76561199000944547,0,0.14928030967712402,5,0.9218344205872497
76561198351799810,0,0.06067119538784027,5,0.9218344205872497
76561198063451294,0,0.003933301195502281,5,0.9218344205872497
76561199180751642,0,0.003994455095380545,5,0.9218344205872497
76561198216029749,0,0.008907350711524487,5,0.9218344205872497
76561198085281130,0,0.0489065982401371,5,0.9218344205872497
76561198006583982,0,0.00326880207285285,5,0.9218344205872497
76561198026505356,0,0.02285367250442505,5,0.9218344205872497
76561198137245794,0,0.019720491021871567,5,0.9218344205872497
76561198254780976,0,0.007351976353675127,5,0.9218344205872497
76561199071566035,0,0.050660375505685806,5,0.9218344205872497
76561199065405496,0,0.00347874965518713,5,0.9218344205872497
76561198255184506,0,0.3953742980957031,5,0.9218344205872497
76561198217905455,0,0.0035008671693503857,5,0.9218344205872497
76561198145308865,0,0.007996379397809505,5,0.9218344205872497
76561198124481969,0,0.0037526532541960478,5,0.9218344205872497
76561199240628975,0,0.0041296398267149925,5,0.9218344205872497
76561198047427430,0,0.007261333521455526,5,0.9218344205872497
76561198052855892,0,0.004723459482192993,5,0.9218344205872497
76561198110663439,0,0.02707483433187008,5,0.9218344205872497
76561198410234693,0,0.03682985156774521,5,0.9218344205872497
76561199248865343,1,0.9253403544425964,5,0.9218344205872497
76561198187866794,0,0.007021390367299318,5,0.9218344205872497
76561197995269013,0,0.6423406600952148,5,0.9218344205872497
76561199049981343,1,0.9871741533279419,5,0.9218344205872497
76561198103023431,0,0.13801315426826477,5,0.9218344205872497
76561199204399140,0,0.8888407349586487,5,0.9218344205872497
76561198268326917,0,0.0043685645796358585,5,0.9218344205872497
76561197993010223,0,0.003476083045825362,5,0.9218344205872497
76561198976918431,1,0.9574169516563416,5,0.9218344205872497
76561198025892463,1,0.5586647391319275,5,0.9218344205872497
76561198003507077,0,0.10548049956560135,5,0.9218344205872497
76561199490963339,0,0.0050427550449967384,5,0.9218344205872497
76561199224114276,0,0.24782228469848633,5,0.9218344205872497
76561199026289328,0,0.02020186185836792,5,0.9218344205872497
76561198033949156,0,0.024717235937714577,5,0.9218344205872497
76561198226007816,0,0.003698425367474556,5,0.9218344205872497
76561199062602939,0,0.0037141842767596245,5,0.9218344205872497
76561198802011394,0,0.7112095952033997,5,0.9218344205872497
76561198072645451,1,0.9487767815589905,5,0.9218344205872497
76561198327249267,0,0.11153814941644669,5,0.9218344205872497
76561198011693436,0,0.3515264093875885,5,0.9218344205872497
76561199027391993,0,0.5890126824378967,5,0.9218344205872497
76561198970923955,0,0.02670508809387684,5,0.9218344205872497
76561198284902940,1,0.9486664533615112,5,0.9218344205872497
76561198022670864,0,0.962448000907898,5,0.9218344205872497
76561199211720683,0,0.004498074296861887,5,0.9218344205872497
76561199411716287,0,0.005013891961425543,5,0.9218344205872497
76561198044685192,0,0.014441648498177528,5,0.9218344205872497
76561199607190126,0,0.044418901205062866,5,0.9218344205872497
76561198025238227,0,0.014556597918272018,5,0.9218344205872497
76561197980170645,0,0.020953500643372536,5,0.9218344205872497
76561199440629738,0,0.016129618510603905,5,0.9218344205872497
76561199471271689,0,0.0033617173321545124,5,0.9218344205872497
76561198955281670,0,0.012343958020210266,5,0.9218344205872497
76561198382226429,0,0.007835496217012405,5,0.9218344205872497
76561198199262239,0,0.020827215164899826,5,0.9218344205872497
76561198977403797,1,0.9158318042755127,5,0.9218344205872497
76561199039562614,0,0.03577833250164986,5,0.9218344205872497
76561198181891922,0,0.06255730986595154,5,0.9218344205872497
76561199494251123,0,0.006852666847407818,5,0.9218344205872497
76561198066062757,0,0.5147201418876648,5,0.9218344205872497
76561198263382121,0,0.06316165626049042,5,0.9218344205872497
76561198871507927,0,0.8127102851867676,5,0.9218344205872497
76561199536177817,0,0.5215709805488586,5,0.9218344205872497
76561198939964792,0,0.007273946423083544,5,0.9218344205872497
76561199054606081,0,0.03833078593015671,5,0.9218344205872497
76561199496765038,0,0.12479918450117111,5,0.9218344205872497
76561199093803153,0,0.00376809760928154,5,0.9218344205872497
76561198824737118,0,0.3095848262310028,5,0.9218344205872497
76561198154209660,0,0.01108381524682045,5,0.9218344205872497
76561198416966542,0,0.00983080267906189,5,0.9218344205872497
76561198810181743,1,0.8881420493125916,5,0.9218344205872497
76561198147108445,0,0.015523259527981281,5,0.9218344205872497
76561198094298172,0,0.003516077995300293,5,0.9218344205872497
76561198346859364,0,0.008426720276474953,5,0.9218344205872497
76561198097162209,0,0.007121435832232237,5,0.9218344205872497
76561198799342467,0,0.3541218340396881,5,0.9218344205872497
76561199094792676,0,0.6709858179092407,5,0.9218344205872497
76561199148092826,0,0.012231718748807907,5,0.9218344205872497
76561198179548594,0,0.003678970504552126,5,0.9218344205872497
76561198355363789,0,0.0053141312673687935,5,0.9218344205872497
76561198244933430,0,0.006545530632138252,5,0.9218344205872497
76561198171399477,0,0.004216867499053478,5,0.9218344205872497
76561198844147371,0,0.10372252017259598,5,0.9218344205872497
76561199109100973,0,0.03215785697102547,5,0.9218344205872497
76561199146382082,0,0.003967576660215855,5,0.9218344205872497
76561198202518428,0,0.01305232010781765,5,0.9218344205872497
76561198116486680,0,0.01026559341698885,5,0.9218344205872497
76561199141697472,0,0.0057991002686321735,5,0.9218344205872497
76561198081172921,0,0.26782798767089844,5,0.9218344205872497
76561198064638325,0,0.014307183213531971,5,0.9218344205872497
76561199775457058,0,0.004550293553620577,5,0.9218344205872497
76561198085945973,0,0.7539929151535034,5,0.9218344205872497
76561198279842511,0,0.003660432528704405,5,0.9218344205872497
76561199079378637,0,0.15697382390499115,5,0.9218344205872497
76561198067953347,0,0.02291453629732132,5,0.9218344205872497
76561198876536308,0,0.005807881709188223,5,0.9218344205872497
76561198042793071,0,0.5987573862075806,5,0.9218344205872497
76561198085206588,0,0.006197323556989431,5,0.9218344205872497
76561198147191974,1,0.9832567572593689,5,0.9218344205872497
76561197970801584,0,0.009547248482704163,5,0.9218344205872497
76561198857486848,0,0.006994095165282488,5,0.9218344205872497
76561198182050959,0,0.004342336673289537,5,0.9218344205872497
76561198354498830,0,0.01125379465520382,5,0.9218344205872497
76561198003302761,0,0.0034143782686442137,5,0.9218344205872497
76561198990845438,0,0.04264472797513008,5,0.9218344205872497
76561199137004469,0,0.006328850518912077,5,0.9218344205872497
76561199099326149,1,0.9792353510856628,5,0.9218344205872497
76561199076847462,0,0.011961210519075394,5,0.9218344205872497
76561198042319624,1,0.988223135471344,5,0.9218344205872497
76561199579052927,0,0.005779663100838661,5,0.9218344205872497
76561199114793247,0,0.010714318603277206,5,0.9218344205872497
76561199050875841,0,0.03680386766791344,5,0.9218344205872497
76561198162292473,0,0.003915481735020876,5,0.9218344205872497
76561198249885626,1,0.9699615836143494,5,0.9218344205872497
76561198082085225,0,0.4209621250629425,5,0.9218344205872497
76561197993029164,0,0.00405268045142293,5,0.9218344205872497
76561198417944012,0,0.4002251625061035,5,0.9218344205872497
76561199231659509,0,0.006517150439321995,5,0.9218344205872497
76561199235794203,0,0.4760249853134155,5,0.9218344205872497
76561199046974371,0,0.020813336595892906,5,0.9218344205872497
76561199075414415,0,0.014123323373496532,5,0.9218344205872497
76561198030790790,0,0.005116446875035763,5,0.9218344205872497
76561198970558103,0,0.038097817450761795,5,0.9218344205872497
76561198113106250,0,0.0066662621684372425,5,0.9218344205872497
76561199090429443,0,0.01771712861955166,5,0.9218344205872497
76561198039295267,0,0.01132675539702177,5,0.9218344205872497
76561198866391752,0,0.004852341953665018,5,0.9218344205872497
76561199787994047,0,0.011036046780645847,5,0.9218344205872497
76561197983918013,1,0.9389598369598389,5,0.9218344205872497
76561198115857235,1,0.9887475967407227,5,0.9218344205872497
76561198796669196,0,0.5261825323104858,5,0.9218344205872497
76561199098696051,0,0.004436518996953964,5,0.9218344205872497
76561198040591930,0,0.014428731054067612,5,0.9218344205872497
76561198013372681,0,0.021201005205512047,5,0.9218344205872497
76561197998516312,0,0.8975341320037842,5,0.9218344205872497
76561199222892248,0,0.014246311970055103,5,0.9218344205872497
76561198075859260,0,0.005147184710949659,5,0.9218344205872497
76561198025934681,0,0.1676255315542221,5,0.9218344205872497
76561198424533058,0,0.9602920413017273,5,0.9218344205872497
76561199020241926,0,0.004125143866986036,5,0.9218344205872497
76561199128561719,0,0.01562531664967537,5,0.9218344205872497
76561198049307005,0,0.007255808915942907,5,0.9218344205872497
76561199019478656,0,0.006216186098754406,5,0.9218344205872497
76561198051567867,0,0.31645458936691284,5,0.9218344205872497
76561198036415997,0,0.12219306081533432,5,0.9218344205872497
76561198118123216,0,0.00403998838737607,5,0.9218344205872497
76561198008030205,1,0.9697672724723816,5,0.9218344205872497
76561198043949496,0,0.6199758648872375,5,0.9218344205872497
76561198006256146,0,0.018959704786539078,5,0.9218344205872497
76561198865091746,0,0.010934367775917053,5,0.9218344205872497
76561199229248091,0,0.03874003142118454,5,0.9218344205872497
76561198252592010,0,0.2524048984050751,5,0.9218344205872497
76561199122456843,0,0.3334302008152008,5,0.9218344205872497
76561198139402859,0,0.008907350711524487,5,0.9218344205872497
76561199036782418,0,0.8124976754188538,5,0.9218344205872497
76561198275368646,0,0.12442279607057571,5,0.9218344205872497
76561198053281197,0,0.03513214737176895,5,0.9218344205872497
76561199495087692,0,0.003702048910781741,5,0.9218344205872497
76561198087812615,0,0.013494645245373249,5,0.9218344205872497
76561198424187506,1,0.9725304245948792,5,0.9218344205872497
76561198148355161,0,0.7708617448806763,5,0.9218344205872497
76561197964899841,0,0.2040000557899475,5,0.9218344205872497
76561198006415142,0,0.003531079273670912,5,0.9218344205872497
76561198117557285,0,0.007877515628933907,5,0.9218344205872497
76561198118167307,0,0.005088537000119686,5,0.9218344205872497
76561198199885261,0,0.012288621626794338,5,0.9218344205872497
76561198930986037,0,0.004631390329450369,5,0.9218344205872497
76561198329571102,0,0.003671914106234908,5,0.9218344205872497
76561198200154974,0,0.03895019739866257,5,0.9218344205872497
76561198931355264,0,0.006025340408086777,5,0.9218344205872497
76561198894303221,0,0.09511151909828186,5,0.9218344205872497
76561199003994755,0,0.007858475670218468,5,0.9218344205872497
76561197995191062,0,0.2889827787876129,5,0.9218344205872497
76561198868467793,0,0.7842680811882019,5,0.9218344205872497
76561198202749609,0,0.009309278801083565,5,0.9218344205872497
76561199122653521,0,0.0779217928647995,5,0.9218344205872497
76561198975097903,0,0.0036205879878252745,5,0.9218344205872497
76561199021894203,0,0.03013446368277073,5,0.9218344205872497
76561198044881311,0,0.004725069273263216,5,0.9218344205872497
76561198068386699,0,0.2716551125049591,5,0.9218344205872497
76561199074470069,0,0.00353828608058393,5,0.9218344205872497
76561198032708695,0,0.014508924447000027,5,0.9218344205872497
76561199368528826,0,0.0034143782686442137,5,0.9218344205872497
76561198984344054,0,0.012507632374763489,5,0.9218344205872497
76561198353133954,0,0.01294216513633728,5,0.9218344205872497
76561198088651845,0,0.004709783010184765,5,0.9218344205872497
76561198798827059,0,0.08886406570672989,5,0.9218344205872497
76561198136768232,0,0.02588164061307907,5,0.9218344205872497
76561198227503904,0,0.004162747412919998,5,0.9218344205872497
76561199143649120,0,0.006229930091649294,5,0.9218344205872497
76561199048097564,0,0.003459637053310871,5,0.9218344205872497
76561198024487944,0,0.004456559661775827,5,0.9218344205872497
76561198185567663,0,0.0038842239882797003,5,0.9218344205872497
76561198056889634,0,0.00529377581551671,5,0.9218344205872497
76561199234166089,0,0.30042335391044617,5,0.9218344205872497
76561199009882457,0,0.14600743353366852,5,0.9218344205872497
76561198070249125,0,0.03120291978120804,5,0.9218344205872497
76561197963353351,0,0.4753151535987854,5,0.9218344205872497
76561198804175610,0,0.03739060461521149,5,0.9218344205872497
76561199046430934,0,0.010130125097930431,5,0.9218344205872497
76561198308010503,0,0.028305338695645332,5,0.9218344205872497
76561198204117127,0,0.05407215654850006,5,0.9218344205872497
76561198846561401,0,0.08417950570583344,5,0.9218344205872497
76561198197669754,0,0.0047885701060295105,5,0.9218344205872497
76561198177227766,0,0.024960733950138092,5,0.9218344205872497
76561199524860400,0,0.0033930595964193344,5,0.9218344205872497
76561199012037505,0,0.003516077995300293,5,0.9218344205872497
76561198109933850,0,0.0059061842039227486,5,0.9218344205872497
76561198289884047,0,0.2438780516386032,5,0.9218344205872497
76561199189781121,0,0.00461945403367281,5,0.9218344205872497
76561198973833234,0,0.0038756190333515406,5,0.9218344205872497
76561198101506877,0,0.029008256271481514,5,0.9218344205872497
76561198292421601,0,0.011794676072895527,5,0.9218344205872497
76561199202922128,0,0.01139102317392826,5,0.9218344205872497
76561199110874874,0,0.0034659821540117264,5,0.9218344205872497
76561199588192700,0,0.013882266357541084,5,0.9218344205872497
76561198208702788,0,0.003736312733963132,5,0.9218344205872497
76561199082370447,0,0.008771568536758423,5,0.9218344205872497
76561198839821639,0,0.6869871616363525,5,0.9218344205872497
76561198080366414,0,0.029026461765170097,5,0.9218344205872497
76561198052096407,0,0.028733190149068832,5,0.9218344205872497
76561197970074685,0,0.8768820762634277,5,0.9218344205872497
76561199033538823,0,0.11888114362955093,5,0.9218344205872497
76561199126406683,0,0.1587388664484024,5,0.9218344205872497
76561199218569724,0,0.0037263454869389534,5,0.9218344205872497
76561198064989701,0,0.3841014504432678,5,0.9218344205872497
76561198840533701,0,0.1401854008436203,5,0.9218344205872497
76561198839496192,0,0.14204350113868713,5,0.9218344205872497
76561199566912301,0,0.004283450078219175,5,0.9218344205872497
76561198052823697,0,0.3591307997703552,5,0.9218344205872497
76561199082345474,0,0.02156161330640316,5,0.9218344205872497
76561199229932065,0,0.013085433281958103,5,0.9218344205872497
76561197998903529,0,0.007154525723308325,5,0.9218344205872497
76561198378367465,1,0.9615658521652222,5,0.9218344205872497
76561199498806433,0,0.0042808884754776955,5,0.9218344205872497
76561198447839867,0,0.005531024187803268,5,0.9218344205872497
76561197972944272,0,0.6251739859580994,5,0.9218344205872497
76561198117314262,0,0.49719876050949097,5,0.9218344205872497
76561198271706712,0,0.06446670740842819,5,0.9218344205872497
76561199063936961,0,0.004811158869415522,5,0.9218344205872497
76561198019265318,0,0.18392322957515717,5,0.9218344205872497
76561199221959487,0,0.0034143782686442137,5,0.9218344205872497
76561198979095020,0,0.38188982009887695,5,0.9218344205872497
76561198357480268,0,0.03396601602435112,5,0.9218344205872497
76561199563986793,0,0.004987342748790979,5,0.9218344205872497
76561199071014629,0,0.1779843121767044,5,0.9218344205872497
76561199067780658,0,0.012973597273230553,5,0.9218344205872497
76561199160176066,0,0.8029924631118774,5,0.9218344205872497
76561198353189172,0,0.00461945403367281,5,0.9218344205872497
76561198061457240,0,0.09028475731611252,5,0.9218344205872497
76561198031286777,0,0.00385539629496634,5,0.9218344205872497
76561198178627013,0,0.0050427550449967384,5,0.9218344205872497
76561198816278312,0,0.07524364441633224,5,0.9218344205872497
76561199713266706,0,0.7907008528709412,5,0.9218344205872497
76561198373832620,0,0.038649965077638626,5,0.9218344205872497
76561198211007332,0,0.016142304986715317,5,0.9218344205872497
76561198141332287,0,0.14180219173431396,5,0.9218344205872497
76561198852888918,0,0.004150837659835815,5,0.9218344205872497
76561198121358085,0,0.012050322256982327,5,0.9218344205872497
76561198339329579,0,0.11677525192499161,5,0.9218344205872497
76561198871801490,0,0.003904192941263318,5,0.9218344205872497
76561198065389952,0,0.006243593525141478,5,0.9218344205872497
76561198017808719,0,0.20795786380767822,5,0.9218344205872497
76561198904837845,0,0.00875463243573904,5,0.9218344205872497
76561199172495800,0,0.132239431142807,5,0.9218344205872497
76561199066089247,0,0.023447811603546143,5,0.9218344205872497
76561198861904255,0,0.005608461797237396,5,0.9218344205872497
76561199103154533,0,0.07319271564483643,5,0.9218344205872497
76561198121078013,0,0.004941175691783428,5,0.9218344205872497
76561199759647258,0,0.007473599165678024,5,0.9218344205872497
76561198030075396,0,0.008139259181916714,5,0.9218344205872497
76561198317839710,0,0.004079937469214201,5,0.9218344205872497
76561199027146398,0,0.110459104180336,5,0.9218344205872497
76561198199949914,0,0.028836235404014587,5,0.9218344205872497
76561198312806894,0,0.004904360510408878,5,0.9218344205872497
76561198803352697,0,0.012072327546775341,5,0.9218344205872497
76561198043094133,0,0.02177627570927143,5,0.9218344205872497
76561198130140328,1,0.9731485843658447,5,0.9218344205872497
76561198070839759,0,0.004649748560041189,5,0.9218344205872497
76561197980998122,0,0.010109446942806244,5,0.9218344205872497
76561199091232186,0,0.03294149413704872,5,0.9218344205872497
76561199337173612,0,0.00461945403367281,5,0.9218344205872497
76561197985952082,0,0.004957157652825117,5,0.9218344205872497
76561198271138677,0,0.004021265543997288,5,0.9218344205872497
76561199002046541,0,0.004161900840699673,5,0.9218344205872497
76561198802622161,0,0.009132401086390018,5,0.9218344205872497
76561198277162711,0,0.003695243038237095,5,0.9218344205872497
76561199233236266,0,0.0036280853673815727,5,0.9218344205872497
76561198036410253,0,0.07636172324419022,5,0.9218344205872497
76561199415497893,0,0.012932208366692066,5,0.9218344205872497
76561198941443587,0,0.003257791744545102,5,0.9218344205872497
76561198201804681,0,0.16927504539489746,5,0.9218344205872497
76561199415820873,0,0.007361747324466705,5,0.9218344205872497
76561197989167537,0,0.004975182935595512,5,0.9218344205872497
76561199521733968,0,0.022218720987439156,5,0.9218344205872497
76561198869677916,0,0.02274208702147007,5,0.9218344205872497
76561198430607673,0,0.043288420885801315,5,0.9218344205872497
76561198068601189,0,0.01008498203009367,5,0.9218344205872497
76561197991869508,0,0.009187901392579079,5,0.9218344205872497
76561199205188598,0,0.005130006466060877,5,0.9218344205872497
76561199041526238,0,0.0031415231060236692,5,0.9218344205872497
76561199122057674,1,0.9711841344833374,5,0.9218344205872497
76561198375199123,0,0.04623078554868698,5,0.9218344205872497
76561198352853512,0,0.03104439191520214,5,0.9218344205872497
76561198891794941,0,0.009508728049695492,5,0.9218344205872497
76561199480783831,0,0.1779843121767044,5,0.9218344205872497
76561198002573505,0,0.011287658475339413,5,0.9218344205872497
76561198956375082,0,0.007841953076422215,5,0.9218344205872497
76561198116049109,0,0.008907350711524487,5,0.9218344205872497
76561199030273313,0,0.9877585768699646,5,0.9218344205872497
76561198323567099,0,0.1763889491558075,5,0.9218344205872497
76561199485619875,0,0.00461945403367281,5,0.9218344205872497
76561198066732860,0,0.14740848541259766,5,0.9218344205872497
76561199446669702,0,0.010090844705700874,5,0.9218344205872497
76561197993030957,0,0.32747209072113037,5,0.9218344205872497
76561199262381171,0,0.008925899863243103,5,0.9218344205872497
76561198066962066,1,0.9729537963867188,5,0.9218344205872497
76561199199365480,0,0.08517967164516449,5,0.9218344205872497
76561198143757244,0,0.4771462082862854,5,0.9218344205872497
76561199792838071,0,0.004904360510408878,5,0.9218344205872497
76561199466078103,0,0.09049465507268906,5,0.9218344205872497
76561198045850462,0,0.1370602399110794,5,0.9218344205872497
76561198085137928,0,0.0902012437582016,5,0.9218344205872497
76561198445313149,0,0.018068527802824974,5,0.9218344205872497
76561197998175668,1,0.9246004819869995,5,0.9218344205872497
76561198023970385,0,0.006289940793067217,5,0.9218344205872497
76561198298621084,0,0.006105699576437473,5,0.9218344205872497
76561198067581888,0,0.004644563887268305,5,0.9218344205872497
76561198096715142,0,0.015114237554371357,5,0.9218344205872497
76561198289755661,0,0.36534202098846436,5,0.9218344205872497
76561198874571898,0,0.005550490692257881,5,0.9218344205872497
76561198040725514,0,0.7297582626342773,5,0.9218344205872497
76561198402117656,0,0.1595994532108307,5,0.9218344205872497
76561199529739723,0,0.05708124116063118,5,0.9218344205872497
76561198004745732,0,0.006506738252937794,5,0.9218344205872497
76561198446848438,0,0.003923850599676371,5,0.9218344205872497
76561198126078774,0,0.1813720315694809,5,0.9218344205872497
76561198977346974,1,0.9885290265083313,5,0.9218344205872497
76561198039366749,0,0.15387891232967377,5,0.9218344205872497
76561199127571008,0,0.18198126554489136,5,0.9218344205872497
76561199633457245,0,0.005086591467261314,5,0.9218344205872497
76561198141197136,0,0.0031415231060236692,5,0.9218344205872497
76561198354322904,0,0.003968583419919014,5,0.9218344205872497
76561199082845056,0,0.015496785752475262,5,0.9218344205872497
76561198030703838,0,0.008797476068139076,5,0.9218344205872497
76561198099531976,0,0.0052069611847400665,5,0.9218344205872497
76561199047115923,0,0.0031415231060236692,5,0.9218344205872497
76561198359049727,0,0.008907350711524487,5,0.9218344205872497
76561198047529016,0,0.003516077995300293,5,0.9218344205872497
76561198006903239,0,0.24156533181667328,5,0.9218344205872497
76561198093865212,0,0.3852567970752716,5,0.9218344205872497
76561198342822298,0,0.03281990811228752,5,0.9218344205872497
76561198228210400,0,0.026770075783133507,5,0.9218344205872497
76561199014675678,0,0.02771594561636448,5,0.9218344205872497
76561199403690054,0,0.020412128418684006,5,0.9218344205872497
76561198054838132,0,0.025110818445682526,5,0.9218344205872497
76561198199462595,0,0.003764251247048378,5,0.9218344205872497
76561199132137301,0,0.010818054899573326,5,0.9218344205872497
76561199394649695,0,0.04340444505214691,5,0.9218344205872497
76561199445761989,0,0.013991149142384529,5,0.9218344205872497
76561198045317338,0,0.004492889158427715,5,0.9218344205872497
76561199471515278,0,0.017793435603380203,5,0.9218344205872497
76561198200898575,1,0.9893245100975037,5,0.9218344205872497
76561198058341877,0,0.06108642742037773,5,0.9218344205872497
76561198278394814,0,0.13176380097866058,5,0.9218344205872497
76561198059162335,0,0.3169574737548828,5,0.9218344205872497
76561198253304190,1,0.9861857295036316,5,0.9218344205872497
76561199030190875,0,0.026722973212599754,5,0.9218344205872497
76561198065659900,0,0.08091415464878082,5,0.9218344205872497
76561198825054329,0,0.5859001278877258,5,0.9218344205872497
76561199434322639,0,0.011107087135314941,5,0.9218344205872497
76561199536182490,0,0.00931681040674448,5,0.9218344205872497
76561198278759849,0,0.2883274555206299,5,0.9218344205872497
76561199702111668,0,0.0046906122006475925,5,0.9218344205872497
76561198410947779,0,0.004010247532278299,5,0.9218344205872497
76561198139384745,0,0.0067170183174312115,5,0.9218344205872497
76561199087051161,0,0.0073455763049423695,5,0.9218344205872497
76561198146964175,0,0.057604290544986725,5,0.9218344205872497
76561198276175862,0,0.011550411581993103,5,0.9218344205872497
76561199067962293,0,0.0036863847635686398,5,0.9218344205872497
76561198892811553,0,0.007199177518486977,5,0.9218344205872497
76561198327529001,0,0.015922386199235916,5,0.9218344205872497
76561199187124280,0,0.00546356663107872,5,0.9218344205872497
76561198189651914,0,0.009128151461482048,5,0.9218344205872497
76561198432060752,0,0.5654516220092773,5,0.9218344205872497
76561198032417760,0,0.008100666105747223,5,0.9218344205872497
76561199090486777,0,0.10378077626228333,5,0.9218344205872497
76561199264359394,0,0.03102225251495838,5,0.9218344205872497
76561198833808462,0,0.10345374792814255,5,0.9218344205872497
76561198322127539,0,0.020313693210482597,5,0.9218344205872497
76561197971025991,0,0.018622495234012604,5,0.9218344205872497
76561198031977634,0,0.004484534729272127,5,0.9218344205872497
76561198263169243,0,0.006402131170034409,5,0.9218344205872497
76561198404684143,0,0.029242033138871193,5,0.9218344205872497
76561198129003439,0,0.06678542494773865,5,0.9218344205872497
76561199134408022,0,0.15884268283843994,5,0.9218344205872497
76561198286362906,0,0.006297733634710312,5,0.9218344205872497
76561198009530537,0,0.005349224898964167,5,0.9218344205872497
76561199625465876,0,0.05920138210058212,5,0.9218344205872497
76561198079172208,0,0.10759705305099487,5,0.9218344205872497
76561199487650863,0,0.01698814518749714,5,0.9218344205872497
76561198272085624,0,0.01709895208477974,5,0.9218344205872497
76561199021808452,0,0.007695311680436134,5,0.9218344205872497
76561198161083503,0,0.0074193174950778484,5,0.9218344205872497
76561199310263776,0,0.0044423360377550125,5,0.9218344205872497
76561198869762392,0,0.04361112788319588,5,0.9218344205872497
76561199019019764,0,0.005531024187803268,5,0.9218344205872497
76561198438282656,0,0.21899136900901794,5,0.9218344205872497
76561198334192122,0,0.035114169120788574,5,0.9218344205872497
76561198054294233,0,0.0037442303728312254,5,0.9218344205872497
76561198260105301,0,0.2549836337566376,5,0.9218344205872497
76561198978352131,1,0.9762796759605408,5,0.9218344205872497
76561198040690039,0,0.37541788816452026,5,0.9218344205872497
76561199365977653,1,0.9584570527076721,5,0.9218344205872497
76561199128178259,0,0.1318647861480713,5,0.9218344205872497
76561198124084965,1,0.5071266293525696,5,0.9218344205872497
76561198112326942,0,0.0031415231060236692,5,0.9218344205872497
76561198108252526,0,0.9179840683937073,5,0.9218344205872497
76561198206568848,0,0.017622722312808037,5,0.9218344205872497
76561199229304498,0,0.013110279105603695,5,0.9218344205872497
76561198849921418,1,0.4838281273841858,5,0.9218344205872497
76561198079290172,0,0.07381390035152435,5,0.9218344205872497
76561198838500175,0,0.5166034698486328,5,0.9218344205872497
76561198819611006,0,0.008154254406690598,5,0.9218344205872497
76561198059706392,0,0.0051660495810210705,5,0.9218344205872497
76561198312845957,0,0.03418207913637161,5,0.9218344205872497
76561198201545561,0,0.028874985873699188,5,0.9218344205872497
76561198861579279,0,0.018606798723340034,5,0.9218344205872497
76561199048458789,0,0.1882786899805069,5,0.9218344205872497
76561199211683112,0,0.005534285679459572,5,0.9218344205872497
76561199102347416,0,0.014901057817041874,5,0.9218344205872497
76561199086419461,0,0.008947540074586868,5,0.9218344205872497
76561199555242380,0,0.0038327823858708143,5,0.9218344205872497
76561198105964821,1,0.8794588446617126,5,0.9218344205872497
76561199026614167,0,0.05356164276599884,5,0.9218344205872497
76561198417655780,0,0.005655115004628897,5,0.9218344205872497
76561198983861368,0,0.5777378678321838,5,0.9218344205872497
76561198006007121,0,0.02451314404606819,5,0.9218344205872497
76561197980751309,0,0.013583894819021225,5,0.9218344205872497
76561199012751034,0,0.00879472866654396,5,0.9218344205872497
76561198432809879,0,0.11192165315151215,5,0.9218344205872497
76561198094852846,0,0.16972395777702332,5,0.9218344205872497
76561198000304652,0,0.07361165434122086,5,0.9218344205872497
76561199072315089,0,0.0074748694896698,5,0.9218344205872497
76561198989645399,0,0.00461945403367281,5,0.9218344205872497
76561198294312974,0,0.006745372898876667,5,0.9218344205872497
76561198272007634,0,0.011435656808316708,5,0.9218344205872497
76561198169712131,0,0.003510488662868738,5,0.9218344205872497
76561198838062982,0,0.16060687601566315,5,0.9218344205872497
76561198995726829,0,0.334244966506958,5,0.9218344205872497
76561199209527745,0,0.003923850599676371,5,0.9218344205872497
76561198133901637,0,0.0031415231060236692,5,0.9218344205872497
76561198119080943,0,0.004479893948882818,5,0.9218344205872497
76561198961315891,0,0.07304085046052933,5,0.9218344205872497
76561199738198441,0,0.003923850599676371,5,0.9218344205872497
76561199037461682,0,0.004535607993602753,5,0.9218344205872497
76561198399201998,0,0.003923850599676371,5,0.9218344205872497
76561198256830328,0,0.011337386444211006,5,0.9218344205872497
76561198975846549,0,0.14861854910850525,5,0.9218344205872497
76561198378710799,1,0.9755091667175293,5,0.9218344205872497
76561198072088261,0,0.5714391469955444,5,0.9218344205872497
76561199125790497,0,0.010320776142179966,5,0.9218344205872497
76561198873652380,0,0.48521363735198975,5,0.9218344205872497
76561198950636001,0,0.007267639972269535,5,0.9218344205872497
76561199416820336,0,0.003968583419919014,5,0.9218344205872497
76561198013783967,0,0.0383777841925621,5,0.9218344205872497
76561198006984431,0,0.08899796009063721,5,0.9218344205872497
76561198002768323,0,0.17826175689697266,5,0.9218344205872497
76561199131519653,0,0.01370187196880579,5,0.9218344205872497
76561198372198732,0,0.048570118844509125,5,0.9218344205872497
76561198104876746,0,0.009790266864001751,5,0.9218344205872497
76561198081759257,0,0.03340518847107887,5,0.9218344205872497
76561198046662602,0,0.004304036032408476,5,0.9218344205872497
76561198180775719,0,0.04415423423051834,5,0.9218344205872497
76561199240860087,0,0.011592427268624306,5,0.9218344205872497
76561198085041250,0,0.003925119526684284,5,0.9218344205872497
76561198120743632,0,0.0031415231060236692,5,0.9218344205872497
76561198118862352,0,0.005537377204746008,5,0.9218344205872497
76561198884000764,0,0.015645688399672508,5,0.9218344205872497
76561199375001207,0,0.023197611793875694,5,0.9218344205872497
76561198101502363,0,0.27763527631759644,5,0.9218344205872497
76561199126699655,0,0.016524551436305046,5,0.9218344205872497
76561197990193999,0,0.0036986717022955418,5,0.9218344205872497
76561199091196465,0,0.0067436061799526215,5,0.9218344205872497
76561199138752739,0,0.004165820777416229,5,0.9218344205872497
76561198194241317,0,0.003923850599676371,5,0.9218344205872497
76561198248542060,0,0.010002922266721725,5,0.9218344205872497
76561198015268510,0,0.041609298437833786,5,0.9218344205872497
76561199250219888,0,0.037869833409786224,5,0.9218344205872497
76561198128932516,0,0.004856647923588753,5,0.9218344205872497
76561198881200146,1,0.9648759365081787,5,0.9218344205872497
76561198969414086,0,0.0058386679738759995,5,0.9218344205872497
76561198038090291,0,0.009085780009627342,5,0.9218344205872497
76561197974341767,0,0.0033799470402300358,5,0.9218344205872497
76561198320151117,0,0.48289838433265686,5,0.9218344205872497
76561199084698756,0,0.005531024187803268,5,0.9218344205872497
76561199103092707,0,0.00875463243573904,5,0.9218344205872497
76561198829219258,0,0.5446595549583435,5,0.9218344205872497
76561198085497227,0,0.009123214520514011,5,0.9218344205872497
76561198148988618,0,0.646372377872467,5,0.9218344205872497
76561198044722100,0,0.0038449629209935665,5,0.9218344205872497
76561198248450476,0,0.0040262239053845406,5,0.9218344205872497
76561199040220739,0,0.004332754295319319,5,0.9218344205872497
76561198956350191,0,0.00395669462159276,5,0.9218344205872497
76561199114152031,0,0.008907350711524487,5,0.9218344205872497
76561198123067801,1,0.9910139441490173,5,0.9218344205872497
76561198110352236,0,0.004304036032408476,5,0.9218344205872497
76561199160203108,0,0.7968325614929199,5,0.9218344205872497
76561198844841833,0,0.06933113932609558,5,0.9218344205872497
76561198079879859,0,0.005531024187803268,5,0.9218344205872497
76561199315202449,0,0.003923850599676371,5,0.9218344205872497
76561198205521100,0,0.009908139705657959,5,0.9218344205872497
76561198101414696,0,0.10208700597286224,5,0.9218344205872497
76561198273357013,0,0.12378091365098953,5,0.9218344205872497
76561198113961833,0,0.004347332753241062,5,0.9218344205872497
76561198006805904,0,0.014970934018492699,5,0.9218344205872497
76561198045838705,0,0.005531024187803268,5,0.9218344205872497
76561198071785231,0,0.07289595156908035,5,0.9218344205872497
76561198337731086,0,0.8420220613479614,5,0.9218344205872497
76561199465942240,0,0.02021043375134468,5,0.9218344205872497
76561198127801088,0,0.2741325795650482,5,0.9218344205872497
76561199059311819,0,0.015647592023015022,5,0.9218344205872497
76561198296960984,0,0.025810645893216133,5,0.9218344205872497
76561198304772085,0,0.44142216444015503,5,0.9218344205872497
76561198040886009,1,0.6340579390525818,5,0.9218344205872497
76561198060440252,0,0.10391003638505936,5,0.9218344205872497
76561198353964171,0,0.06222352385520935,5,0.9218344205872497
76561198214683051,0,0.006549796089529991,5,0.9218344205872497
76561199156364853,0,0.010491792112588882,5,0.9218344205872497
76561197967563676,0,0.654874324798584,5,0.9218344205872497
76561199069558359,0,0.20471808314323425,5,0.9218344205872497
76561199509629841,0,0.03256071358919144,5,0.9218344205872497
76561198809301581,0,0.10191072523593903,5,0.9218344205872497
76561198064392356,0,0.19550518691539764,5,0.9218344205872497
76561199448680684,0,0.5493072867393494,5,0.9218344205872497
76561199529855101,0,0.0050850980915129185,5,0.9218344205872497
76561197971752002,1,0.9139106869697571,5,0.9218344205872497
76561198108562248,0,0.02556312270462513,5,0.9218344205872497
76561199121797144,0,0.24661707878112793,5,0.9218344205872497
76561197994291128,0,0.006467403843998909,5,0.9218344205872497
76561198073930524,0,0.02319183573126793,5,0.9218344205872497
76561198310389088,0,0.019843539223074913,5,0.9218344205872497
76561198323223565,0,0.10044573992490768,5,0.9218344205872497
76561197970825416,0,0.20223909616470337,5,0.9218344205872497
76561199748024502,0,0.00547619117423892,5,0.9218344205872497
76561197970395340,0,0.02087886445224285,5,0.9218344205872497
76561198086188777,0,0.4284599721431732,5,0.9218344205872497
76561199426527114,0,0.007138864137232304,5,0.9218344205872497
76561199041146175,0,0.01767011173069477,5,0.9218344205872497
76561198027390104,0,0.09540725499391556,5,0.9218344205872497
76561198057447476,0,0.023396823555231094,5,0.9218344205872497
76561199054483311,1,0.826162576675415,5,0.9218344205872497
76561198087398217,0,0.007816602475941181,5,0.9218344205872497
76561199156480981,0,0.027584385126829147,5,0.9218344205872497
76561198182389394,0,0.007121297065168619,5,0.9218344205872497
76561198163097573,1,0.25939425826072693,5,0.9218344205872497
76561198046743983,0,0.15932327508926392,5,0.9218344205872497
76561198262612751,0,0.20386788249015808,5,0.9218344205872497
76561199089598548,0,0.0077452100813388824,5,0.9218344205872497
76561198006595299,0,0.1815372258424759,5,0.9218344205872497
76561198212337747,0,0.003257791744545102,5,0.9218344205872497
76561199006096528,0,0.00322052463889122,5,0.9218344205872497
76561199069870380,0,0.007135414518415928,5,0.9218344205872497
76561198945673115,0,0.004904360510408878,5,0.9218344205872497
76561198383996637,0,0.1038135290145874,5,0.9218344205872497
76561198318299346,0,0.36084991693496704,5,0.9218344205872497
76561197971431012,0,0.004514745436608791,5,0.9218344205872497
76561199387110112,0,0.9600392580032349,5,0.9218344205872497
76561198152878606,0,0.05634498968720436,5,0.9218344205872497
76561198807230142,0,0.06193215772509575,5,0.9218344205872497
76561198339181056,0,0.005234169773757458,5,0.9218344205872497
76561199080437508,0,0.004562953021377325,5,0.9218344205872497
76561198356525408,0,0.011807377450168133,5,0.9218344205872497
76561199652310364,0,0.03980065509676933,5,0.9218344205872497
76561198096404931,0,0.005008887033909559,5,0.9218344205872497
76561198040397657,0,0.005544545594602823,5,0.9218344205872497
76561198365145725,0,0.005110232159495354,5,0.9218344205872497
76561199099338168,0,0.043832194060087204,5,0.9218344205872497
76561199445453188,0,0.0071565923281013966,5,0.9218344205872497
76561198047503507,0,0.05322365090250969,5,0.9218344205872497
76561198895954947,1,0.9502543807029724,5,0.9218344205872497
76561198238801184,0,0.08167307078838348,5,0.9218344205872497
76561198027180262,0,0.004251884762197733,5,0.9218344205872497
76561198387876278,0,0.007072375621646643,5,0.9218344205872497
76561199133995120,0,0.6726486682891846,5,0.9218344205872497
76561198807811336,0,0.03235718607902527,5,0.9218344205872497
76561198012452357,0,0.12725374102592468,5,0.9218344205872497
76561199563453330,0,0.014676944352686405,5,0.9218344205872497
76561198144623149,0,0.00642448291182518,5,0.9218344205872497
76561198103922196,0,0.0055723851546645164,5,0.9218344205872497
76561198114295928,0,0.004088521935045719,5,0.9218344205872497
76561198018835115,0,0.0049454765394330025,5,0.9218344205872497
76561198116343306,0,0.007153072860091925,5,0.9218344205872497
76561199188387062,0,0.0051959967240691185,5,0.9218344205872497
76561199472282956,0,0.015707189217209816,5,0.9218344205872497
76561199232553570,0,0.006787481717765331,5,0.9218344205872497
76561198111613152,0,0.007195654325187206,5,0.9218344205872497
76561199443809402,0,0.006666376255452633,5,0.9218344205872497
76561198841684815,0,0.014675289392471313,5,0.9218344205872497
76561198138364291,0,0.6911090612411499,5,0.9218344205872497
76561199006545337,0,0.004023138899356127,5,0.9218344205872497
76561198009356666,0,0.005851258058100939,5,0.9218344205872497
76561198073643280,0,0.0031415231060236692,5,0.9218344205872497
76561199123015760,0,0.008097792975604534,5,0.9218344205872497
76561198048202172,0,0.007261966355144978,5,0.9218344205872497
76561199549814964,0,0.015039896592497826,5,0.9218344205872497
76561199010582396,1,0.9629727602005005,5,0.9218344205872497
76561197993353249,0,0.008896218612790108,5,0.9218344205872497
76561198985755848,0,0.30380457639694214,5,0.9218344205872497
76561198077284300,0,0.005456067621707916,5,0.9218344205872497
76561198423471329,0,0.14647196233272552,5,0.9218344205872497
76561198864145955,0,0.0032968081068247557,5,0.9218344205872497
76561199257052479,0,0.003779432736337185,5,0.9218344205872497
76561198148224041,0,0.22913910448551178,5,0.9218344205872497
76561198403286280,0,0.003940549213439226,5,0.9218344205872497
76561199230353127,0,0.6484794616699219,5,0.9218344205872497
76561198128768603,0,0.13247746229171753,5,0.9218344205872497
76561198047907234,0,0.05386072397232056,5,0.9218344205872497
76561198061712022,0,0.00511170644313097,5,0.9218344205872497
76561198277346066,0,0.0689825564622879,5,0.9218344205872497
76561198990902228,0,0.012153695337474346,5,0.9218344205872497
76561197970674471,0,0.9642000794410706,5,0.9218344205872497
76561199501914149,1,0.9883173108100891,5,0.9218344205872497
76561198122055878,0,0.4800974726676941,5,0.9218344205872497
76561197971987068,0,0.0427628792822361,5,0.9218344205872497
76561199156617177,0,0.010107825510203838,5,0.9218344205872497
76561199013696184,0,0.512097954750061,5,0.9218344205872497
76561199239460660,0,0.022139860317111015,5,0.9218344205872497
76561198013088688,0,0.3813650608062744,5,0.9218344205872497
76561197993454933,0,0.15286868810653687,5,0.9218344205872497
76561198388923170,0,0.01645459607243538,5,0.9218344205872497
76561199503171187,0,0.11594345420598984,5,0.9218344205872497
76561198061621771,0,0.004662968683987856,5,0.9218344205872497
76561198271757746,0,0.005158105865120888,5,0.9218344205872497
76561198176652517,0,0.6573947668075562,5,0.9218344205872497
76561198055289967,0,0.9056901335716248,5,0.9218344205872497
76561198071908489,0,0.005076413508504629,5,0.9218344205872497
76561197999778757,0,0.02332719974219799,5,0.9218344205872497
76561199261691115,1,0.9765763282775879,5,0.9218344205872497
76561198026448389,0,0.014157211408019066,5,0.9218344205872497
76561198876599870,0,0.7030912637710571,5,0.9218344205872497
76561199087606500,0,0.46635034680366516,5,0.9218344205872497
76561199055025840,0,0.8571728467941284,5,0.9218344205872497
76561198035022349,0,0.009995335713028908,5,0.9218344205872497
76561198058254620,0,0.3384394645690918,5,0.9218344205872497
76561198032941921,0,0.00536890234798193,5,0.9218344205872497
76561198002302769,0,0.003395815147086978,5,0.9218344205872497
76561199013082041,0,0.0045529012568295,5,0.9218344205872497
76561198979768285,0,0.215760737657547,5,0.9218344205872497
76561198018591509,0,0.2848363518714905,5,0.9218344205872497
76561198072262651,0,0.008295324631035328,5,0.9218344205872497
76561198003208497,0,0.006582802627235651,5,0.9218344205872497
76561199013390295,0,0.00897762831300497,5,0.9218344205872497
76561198041298108,0,0.9533177614212036,5,0.9218344205872497
76561198027482491,1,0.6239543557167053,5,0.9218344205872497
76561198858312689,0,0.003988578449934721,5,0.9218344205872497
76561198055345696,0,0.8761916756629944,5,0.9218344205872497
76561198043602065,0,0.5154604315757751,5,0.9218344205872497
76561198392934866,0,0.6273718476295471,5,0.9218344205872497
76561198078206407,0,0.011076468974351883,5,0.9218344205872497
76561198371395320,0,0.004725069273263216,5,0.9218344205872497
76561199173440935,1,0.9913203120231628,5,0.9218344205872497
76561198926821122,0,0.004064889624714851,5,0.9218344205872497
76561199094127148,0,0.0409272275865078,5,0.9218344205872497
76561199490924821,0,0.4929891526699066,5,0.9218344205872497
76561198114762512,0,0.0048114946112036705,5,0.9218344205872497
76561198121354771,0,0.012046417221426964,5,0.9218344205872497
76561199385138289,0,0.009145424701273441,5,0.9218344205872497
76561198114893185,0,0.15707847476005554,5,0.9218344205872497
76561198093813075,0,0.008278832770884037,5,0.9218344205872497
76561199076045318,0,0.00399022176861763,5,0.9218344205872497
76561197989202311,0,0.09649020433425903,5,0.9218344205872497
76561197972865251,0,0.4101838171482086,5,0.9218344205872497
76561198089075554,0,0.005284230690449476,5,0.9218344205872497
76561198059060138,0,0.04452171176671982,5,0.9218344205872497
76561198222226792,0,0.17996588349342346,5,0.9218344205872497
76561199251703602,0,0.03894565626978874,5,0.9218344205872497
76561198054106709,0,0.016218286007642746,5,0.9218344205872497
76561199029061562,0,0.00602368451654911,5,0.9218344205872497
76561199055426355,0,0.08953099697828293,5,0.9218344205872497
76561198089599837,0,0.014332332648336887,5,0.9218344205872497
76561199039366286,0,0.9701456427574158,5,0.9218344205872497
76561198162304047,0,0.004765854682773352,5,0.9218344205872497
76561197970883007,0,0.004495293367654085,5,0.9218344205872497
76561199086494067,0,0.050650373101234436,5,0.9218344205872497
76561198245741254,0,0.7983092665672302,5,0.9218344205872497
76561199085822699,0,0.010340101085603237,5,0.9218344205872497
76561198194076091,0,0.9078013300895691,5,0.9218344205872497
76561197977743480,0,0.0039993529208004475,5,0.9218344205872497
76561198164907224,0,0.0380590558052063,5,0.9218344205872497
76561198092662872,0,0.0600668340921402,5,0.9218344205872497
76561198047401465,0,0.06735566258430481,5,0.9218344205872497
76561199138997430,0,0.010422365739941597,5,0.9218344205872497
76561198160714318,0,0.007361747324466705,5,0.9218344205872497
76561199180095804,0,0.02610771171748638,5,0.9218344205872497
76561198086978445,0,0.0049167172983288765,5,0.9218344205872497
76561199229983816,0,0.020232444629073143,5,0.9218344205872497
76561198247025510,0,0.028222111985087395,5,0.9218344205872497
76561199088705367,0,0.003464361885562539,5,0.9218344205872497
76561199055889704,0,0.003727709176018834,5,0.9218344205872497
76561197973921972,0,0.013241158798336983,5,0.9218344205872497
76561198154936394,0,0.27181151509284973,5,0.9218344205872497
76561198035539381,0,0.003998992033302784,5,0.9218344205872497
76561199127844569,0,0.00924273207783699,5,0.9218344205872497
76561197993346196,0,0.017142627388238907,5,0.9218344205872497
76561198443746774,0,0.003923850599676371,5,0.9218344205872497
76561199144057834,0,0.003788317320868373,5,0.9218344205872497
76561198212841527,0,0.0034717118833214045,5,0.9218344205872497
76561198020704216,0,0.017984425649046898,5,0.9218344205872497
76561198300317053,0,0.003908682614564896,5,0.9218344205872497
76561198162977819,0,0.0031415231060236692,5,0.9218344205872497
76561198142212641,0,0.003950339742004871,5,0.9218344205872497
76561197997122323,0,0.04036519676446915,5,0.9218344205872497
76561198019735063,0,0.2589176297187805,5,0.9218344205872497
76561198069014297,0,0.2303239405155182,5,0.9218344205872497
76561198861080372,0,0.004254421219229698,5,0.9218344205872497
76561198040294499,0,0.6286216974258423,5,0.9218344205872497
76561198059605465,0,0.1715383231639862,5,0.9218344205872497
76561198817507952,0,0.16056308150291443,5,0.9218344205872497
76561198278802605,0,0.0044748797081410885,5,0.9218344205872497
76561199195278295,0,0.18982762098312378,5,0.9218344205872497
76561198052670145,1,0.9717119932174683,5,0.9218344205872497
76561198102240108,0,0.36581575870513916,5,0.9218344205872497
76561198026191647,0,0.24600379168987274,5,0.9218344205872497
76561198329379571,0,0.006696217693388462,5,0.9218344205872497
76561197961021627,0,0.0059105027467012405,5,0.9218344205872497
76561198014961537,0,0.07044437527656555,5,0.9218344205872497
76561198321310221,0,0.027641281485557556,5,0.9218344205872497
76561199495365108,0,0.006616602186113596,5,0.9218344205872497
76561198015963681,1,0.9825332164764404,5,0.9218344205872497
76561198004466918,0,0.04098670929670334,5,0.9218344205872497
76561198116137803,0,0.04207892715930939,5,0.9218344205872497
76561199226540144,0,0.8399139046669006,5,0.9218344205872497
76561198268847311,0,0.033046189695596695,5,0.9218344205872497
76561198091104719,0,0.004072736483067274,5,0.9218344205872497
76561198358880025,0,0.018747922033071518,5,0.9218344205872497
76561198082090570,0,0.0061211418360471725,5,0.9218344205872497
76561198141509670,0,0.4365224242210388,5,0.9218344205872497
76561199122612831,0,0.13074256479740143,5,0.9218344205872497
76561197980216599,0,0.17010444402694702,5,0.9218344205872497
76561198078040309,0,0.06433912366628647,5,0.9218344205872497
76561198937622407,0,0.4884277284145355,5,0.9218344205872497
76561198839752593,0,0.003910850267857313,5,0.9218344205872497
76561198112467727,0,0.2630237340927124,5,0.9218344205872497
76561198084050707,0,0.3580053746700287,5,0.9218344205872497
76561198043654061,0,0.012452426366508007,5,0.9218344205872497
76561199013487999,0,0.0674566701054573,5,0.9218344205872497
76561197972574355,0,0.23653344810009003,5,0.9218344205872497
76561198889574895,0,0.3370729684829712,5,0.9218344205872497
76561199103111301,0,0.003312507178634405,5,0.9218344205872497
76561198179386331,0,0.2471107691526413,5,0.9218344205872497
76561199042130103,0,0.08054012060165405,5,0.9218344205872497
76561198835230413,0,0.036072250455617905,5,0.9218344205872497
76561198880287954,0,0.0052573299035429955,5,0.9218344205872497
76561198930714781,0,0.0035080842208117247,5,0.9218344205872497
76561198310058196,0,0.016313517466187477,5,0.9218344205872497
76561198979855728,0,0.17150205373764038,5,0.9218344205872497
76561199036954120,0,0.008150456473231316,5,0.9218344205872497
76561199024259026,0,0.12301718443632126,5,0.9218344205872497
76561199242280986,0,0.9680458307266235,5,0.9218344205872497
76561198070370136,0,0.08996716141700745,5,0.9218344205872497
76561199201407236,0,0.0074155861511826515,5,0.9218344205872497
76561199136971736,0,0.012090271338820457,5,0.9218344205872497
76561198178126750,0,0.009864791296422482,5,0.9218344205872497
76561199089495138,0,0.0137960659340024,5,0.9218344205872497
76561198344882359,0,0.1729767620563507,5,0.9218344205872497
76561198969934258,0,0.004227105528116226,5,0.9218344205872497
76561199198695810,0,0.03845832124352455,5,0.9218344205872497
76561199204867011,0,0.015196027234196663,5,0.9218344205872497
76561199157128444,0,0.058593038469552994,5,0.9218344205872497
76561198082985805,0,0.03903809189796448,5,0.9218344205872497
76561199064435242,0,0.025736050680279732,5,0.9218344205872497
76561199227536769,0,0.0034814646933227777,5,0.9218344205872497
76561198361711598,0,0.0784224346280098,5,0.9218344205872497
76561199229278858,0,0.032797589898109436,5,0.9218344205872497
76561198012796100,0,0.12862348556518555,5,0.9218344205872497
76561197999274799,0,0.003480949206277728,5,0.9218344205872497
76561199416305681,0,0.008031007833778858,5,0.9218344205872497
76561198446082505,0,0.0031405105255544186,5,0.9218344205872497
76561198303541854,0,0.00804931204766035,5,0.9218344205872497
76561198116594435,0,0.003923850599676371,5,0.9218344205872497
76561198388475130,0,0.006801208946853876,5,0.9218344205872497
76561198972596127,0,0.009912140667438507,5,0.9218344205872497
76561199054321550,0,0.4142339825630188,5,0.9218344205872497
76561199277729098,0,0.0031415231060236692,5,0.9218344205872497
76561198127121043,0,0.16930747032165527,5,0.9218344205872497
76561197971596534,0,0.05755043402314186,5,0.9218344205872497
76561198432442337,0,0.022762035951018333,5,0.9218344205872497
76561198406199461,0,0.012651797384023666,5,0.9218344205872497
76561199720584792,0,0.007911856286227703,5,0.9218344205872497
76561198048581391,0,0.8647347092628479,5,0.9218344205872497
76561198128378428,0,0.0757378414273262,5,0.9218344205872497
76561198284787518,0,0.005151840392500162,5,0.9218344205872497
76561197993261039,0,0.014274323359131813,5,0.9218344205872497
76561198108766932,0,0.0071268584579229355,5,0.9218344205872497
76561199476404926,0,0.1555698961019516,5,0.9218344205872497
76561197990132995,0,0.020784683525562286,5,0.9218344205872497
76561197985942242,0,0.7783854007720947,5,0.9218344205872497
76561199012851800,0,0.05875643342733383,5,0.9218344205872497
76561198065772357,0,0.004256033338606358,5,0.9218344205872497
76561198411538802,0,0.003708961419761181,5,0.9218344205872497
76561198012569475,0,0.005863548722118139,5,0.9218344205872497
76561198184333819,0,0.016892701387405396,5,0.9218344205872497
76561199109844385,0,0.11724355816841125,5,0.9218344205872497
76561199122702787,0,0.005146529991179705,5,0.9218344205872497
76561199184813631,0,0.004107984248548746,5,0.9218344205872497
76561199580026540,0,0.012089086696505547,5,0.9218344205872497
76561198053407039,0,0.9558289051055908,5,0.9218344205872497
76561199090735967,0,0.00461945403367281,5,0.9218344205872497
76561198797016763,0,0.04646633565425873,5,0.9218344205872497
76561198385513620,0,0.004316974896937609,5,0.9218344205872497
76561198201264841,0,0.00803145207464695,5,0.9218344205872497
76561198119098539,0,0.008228023536503315,5,0.9218344205872497
76561198201407065,0,0.01176811195909977,5,0.9218344205872497
76561198925619745,0,0.05529927834868431,5,0.9218344205872497
76561198170154147,0,0.15746863186359406,5,0.9218344205872497
76561198286571985,1,0.9813762903213501,5,0.9218344205872497
76561198123539543,0,0.7676575183868408,5,0.9218344205872497
76561197995209739,0,0.04351041838526726,5,0.9218344205872497
76561198842904264,0,0.0031459343153983355,5,0.9218344205872497
76561198067461670,0,0.8500340580940247,5,0.9218344205872497
76561199002738616,0,0.006401154678314924,5,0.9218344205872497
76561198174009111,0,0.0331866592168808,5,0.9218344205872497
76561199446952276,0,0.0038336163852363825,5,0.9218344205872497
76561199138958127,0,0.11400501430034637,5,0.9218344205872497
76561199086322175,0,0.00461417343467474,5,0.9218344205872497
76561197999538921,0,0.009513023309409618,5,0.9218344205872497
76561199090657457,0,0.007319171447306871,5,0.9218344205872497
76561198988524868,0,0.312487930059433,5,0.9218344205872497
76561198416390025,0,0.24595898389816284,5,0.9218344205872497
76561199165284599,0,0.08132585138082504,5,0.9218344205872497
76561198284839957,0,0.19132815301418304,5,0.9218344205872497
76561198088550107,0,0.005435314029455185,5,0.9218344205872497
76561198218629093,0,0.0067055681720376015,5,0.9218344205872497
76561199217796998,0,0.006172399036586285,5,0.9218344205872497
76561198044412010,0,0.04611001908779144,5,0.9218344205872497
76561198268779854,0,0.13780446350574493,5,0.9218344205872497
76561198358939103,0,0.009838324971497059,5,0.9218344205872497
76561199150844998,0,0.025236397981643677,5,0.9218344205872497
76561199083664610,0,0.005286406725645065,5,0.9218344205872497
76561199639199844,0,0.01056509930640459,5,0.9218344205872497
76561199155327659,0,0.0068226042203605175,5,0.9218344205872497
76561198054874937,0,0.02769213356077671,5,0.9218344205872497
76561198133645025,1,0.964567244052887,5,0.9218344205872497
76561198261105277,0,0.17007747292518616,5,0.9218344205872497
76561198010159501,0,0.012191456742584705,5,0.9218344205872497
76561197969752978,0,0.4338160455226898,5,0.9218344205872497
76561198009454168,0,0.8016997575759888,5,0.9218344205872497
76561198831154990,0,0.01062640082091093,5,0.9218344205872497
76561198165696080,0,0.004221651237457991,5,0.9218344205872497
76561198215475183,0,0.0035294992849230766,5,0.9218344205872497
76561198054836411,0,0.07963815331459045,5,0.9218344205872497
76561198967487053,0,0.018825270235538483,5,0.9218344205872497
76561199041438829,0,0.013085433281958103,5,0.9218344205872497
76561198029948395,0,0.00995664857327938,5,0.9218344205872497
76561198969034029,0,0.006779887247830629,5,0.9218344205872497
76561199380232410,0,0.5930752158164978,5,0.9218344205872497
76561199082050367,0,0.010519294999539852,5,0.9218344205872497
76561197999428615,0,0.04792036488652229,5,0.9218344205872497
76561198216544065,0,0.0054627577774226665,5,0.9218344205872497
76561199624672923,0,0.13931316137313843,5,0.9218344205872497
76561198010018078,0,0.006336537655442953,5,0.9218344205872497
76561199100736939,0,0.014600255526602268,5,0.9218344205872497
76561198041208403,0,0.005242304876446724,5,0.9218344205872497
76561197998960469,0,0.13195224106311798,5,0.9218344205872497
76561199581928334,0,0.022891484200954437,5,0.9218344205872497
76561198851399260,0,0.007588788866996765,5,0.9218344205872497
76561198390580050,0,0.004725069273263216,5,0.9218344205872497
76561198035444867,0,0.004389565903693438,5,0.9218344205872497
76561199390026518,0,0.009282700717449188,5,0.9218344205872497
76561198395219844,0,0.028457684442400932,5,0.9218344205872497
76561198895460207,0,0.021377813071012497,5,0.9218344205872497
76561199321943288,0,0.049246497452259064,5,0.9218344205872497
76561199080348965,0,0.010171756148338318,5,0.9218344205872497
76561197979280597,0,0.021231839433312416,5,0.9218344205872497
76561198902628016,0,0.6307550668716431,5,0.9218344205872497
76561199427123477,1,0.3682614266872406,5,0.9218344205872497
76561199176758927,0,0.2222616970539093,5,0.9218344205872497
76561198979134169,0,0.06858527660369873,5,0.9218344205872497
76561198925498790,0,0.00574885867536068,5,0.9218344205872497
76561198070315324,0,0.18842464685440063,5,0.9218344205872497
76561199379520282,0,0.0036511351354420185,5,0.9218344205872497
76561199406140233,0,0.03833041712641716,5,0.9218344205872497
76561199383761785,0,0.0038336163852363825,5,0.9218344205872497
76561198026984592,0,0.006050231400877237,5,0.9218344205872497
76561198046277111,0,0.04033487290143967,5,0.9218344205872497
76561199105156104,0,0.04103464633226395,5,0.9218344205872497
76561198165487227,0,0.0051263985224068165,5,0.9218344205872497
76561198088020735,0,0.003456027014181018,5,0.9218344205872497
76561197976367553,0,0.06290753185749054,5,0.9218344205872497
76561198411725279,0,0.08572560548782349,5,0.9218344205872497
76561198843465355,0,0.003510221838951111,5,0.9218344205872497
76561199539791672,0,0.004158401396125555,5,0.9218344205872497
76561199367448987,0,0.011168643832206726,5,0.9218344205872497
76561197984357893,0,0.0773375928401947,5,0.9218344205872497
76561199039322867,0,0.006501919124275446,5,0.9218344205872497
76561198252391688,0,0.005471565295010805,5,0.9218344205872497
76561198285783618,0,0.04875979945063591,5,0.9218344205872497
76561199248215601,0,0.0887683629989624,5,0.9218344205872497
76561198337708947,0,0.005921835079789162,5,0.9218344205872497
76561198034741362,0,0.40586766600608826,5,0.9218344205872497
76561198048186188,0,0.004465517587959766,5,0.9218344205872497
76561198055878577,1,0.9417914748191833,5,0.9218344205872497
76561198318004966,0,0.024338046088814735,5,0.9218344205872497
76561199445030112,0,0.0056256516836583614,5,0.9218344205872497
76561198282097803,0,0.04400701820850372,5,0.9218344205872497
76561199226160976,0,0.13013474643230438,5,0.9218344205872497
76561199195900926,0,0.0932389423251152,5,0.9218344205872497
76561198198483401,0,0.030601665377616882,5,0.9218344205872497
76561198078106957,0,0.12129432708024979,5,0.9218344205872497
76561198131850061,0,0.004904360510408878,5,0.9218344205872497
76561198031758415,0,0.12398215383291245,5,0.9218344205872497
76561199184507927,0,0.02273530699312687,5,0.9218344205872497
76561198800640757,0,0.3137640357017517,5,0.9218344205872497
76561199149107104,0,0.00620241230353713,5,0.9218344205872497
76561199679183985,0,0.0202907957136631,5,0.9218344205872497
76561198188769898,0,0.0036927021574229,5,0.9218344205872497
76561199183644618,0,0.10433945059776306,5,0.9218344205872497
76561198335939439,0,0.0038816253654658794,5,0.9218344205872497
76561198185389030,1,0.981014609336853,5,0.9218344205872497
76561198012009062,1,0.3328644633293152,5,0.9218344205872497
76561198048356900,0,0.0038297956343740225,5,0.9218344205872497
76561198117852996,0,0.04311308264732361,5,0.9218344205872497
76561198048756068,0,0.0077452100813388824,5,0.9218344205872497
76561198058858523,0,0.004897145554423332,5,0.9218344205872497
76561198031829855,0,0.005938354879617691,5,0.9218344205872497
76561198156054585,0,0.02962387166917324,5,0.9218344205872497
76561198089525128,0,0.33528032898902893,5,0.9218344205872497
76561199127817868,0,0.01595836691558361,5,0.9218344205872497
76561198152522218,0,0.005531024187803268,5,0.9218344205872497
76561199227126514,0,0.004263861104846001,5,0.9218344205872497
76561198321783434,0,0.020819680765271187,5,0.9218344205872497
76561199047781312,0,0.0066912975162267685,5,0.9218344205872497
76561198063183803,0,0.012311305850744247,5,0.9218344205872497
76561198303631241,0,0.004498388152569532,5,0.9218344205872497
76561198992645983,0,0.014989776536822319,5,0.9218344205872497
76561198230747868,0,0.004396101459860802,5,0.9218344205872497
76561199522871985,0,0.005251732654869556,5,0.9218344205872497
76561198049393021,0,0.004368805326521397,5,0.9218344205872497
76561198821420147,0,0.051998451352119446,5,0.9218344205872497
76561198970788334,0,0.007409246638417244,5,0.9218344205872497
76561198080338152,0,0.011451441794633865,5,0.9218344205872497
76561199197287321,0,0.06427869200706482,5,0.9218344205872497
76561198321898226,0,0.01144497562199831,5,0.9218344205872497
76561198416092865,0,0.924473226070404,5,0.9218344205872497
76561199690531733,0,0.2178933471441269,5,0.9218344205872497
76561198068275152,0,0.010372844524681568,5,0.9218344205872497
76561197979372999,0,0.23239031434059143,5,0.9218344205872497
76561198355327567,0,0.005730833392590284,5,0.9218344205872497
76561198072667015,0,0.005885636433959007,5,0.9218344205872497
76561199781368399,0,0.1053527444601059,5,0.9218344205872497
76561198225105348,0,0.0031415231060236692,5,0.9218344205872497
76561198385485462,0,0.006295967381447554,5,0.9218344205872497
76561198881851999,0,0.0038087978027760983,5,0.9218344205872497
76561199127177181,0,0.026609478518366814,5,0.9218344205872497
76561198050995289,0,0.0043831211514770985,5,0.9218344205872497
76561198135509529,0,0.008286651223897934,5,0.9218344205872497
76561199113771451,0,0.003923850599676371,5,0.9218344205872497
76561198828123589,0,0.08878175169229507,5,0.9218344205872497
76561198377325401,0,0.003473261371254921,5,0.9218344205872497
76561198104954203,0,0.004410649184137583,5,0.9218344205872497
76561198295536670,0,0.011520757339894772,5,0.9218344205872497
76561198027862469,1,0.9604710340499878,5,0.9218344205872497
76561198087379147,0,0.9789307117462158,5,0.9218344205872497
76561199176930175,0,0.0034393882378935814,5,0.9218344205872497
76561198008558345,0,0.005017329938709736,5,0.9218344205872497
76561198047580196,0,0.19963735342025757,5,0.9218344205872497
76561198309845681,0,0.085501529276371,5,0.9218344205872497
76561199085520463,0,0.0038095181807875633,5,0.9218344205872497
76561198140039543,0,0.6779376864433289,5,0.9218344205872497
76561198044668997,0,0.01865384541451931,5,0.9218344205872497
76561198053123495,0,0.36930251121520996,5,0.9218344205872497
76561198403057783,0,0.0031768297776579857,5,0.9218344205872497
76561198062870304,0,0.0035702306777238846,5,0.9218344205872497
76561198006931878,0,0.02092384360730648,5,0.9218344205872497
76561198105400195,0,0.018161168321967125,5,0.9218344205872497
76561197992618914,0,0.00461945403367281,5,0.9218344205872497
76561198038925431,0,0.03728840500116348,5,0.9218344205872497
76561198026144204,0,0.07513447850942612,5,0.9218344205872497
76561198412962049,0,0.004931097384542227,5,0.9218344205872497
76561198229273756,0,0.005179137457162142,5,0.9218344205872497
76561199095890769,0,0.004215279594063759,5,0.9218344205872497
76561198283475303,0,0.04277492314577103,5,0.9218344205872497
76561198057113065,0,0.2577621638774872,5,0.9218344205872497
76561198001441703,0,0.007243999745696783,5,0.9218344205872497
76561198008630286,0,0.4877159595489502,5,0.9218344205872497
76561198396155279,0,0.051896847784519196,5,0.9218344205872497
76561198036591100,0,0.10435767471790314,5,0.9218344205872497
76561198430079000,0,0.02921186201274395,5,0.9218344205872497
76561198409980582,0,0.031872790306806564,5,0.9218344205872497
76561198056908495,0,0.007565503474324942,5,0.9218344205872497
76561198063984197,0,0.01033500675112009,5,0.9218344205872497
76561199384699995,0,0.03822266682982445,5,0.9218344205872497
76561198044040742,0,0.5089581608772278,5,0.9218344205872497
76561198014228105,0,0.009392524138092995,5,0.9218344205872497
76561198007857781,0,0.14578792452812195,5,0.9218344205872497
76561198438007382,0,0.004847405944019556,5,0.9218344205872497
76561198107150322,0,0.24093854427337646,5,0.9218344205872497
76561197971738796,1,0.8194514513015747,5,0.9218344205872497
76561198137523875,0,0.09070779383182526,5,0.9218344205872497
76561198217432636,0,0.039735738188028336,5,0.9218344205872497
76561198449226047,0,0.027031367644667625,5,0.9218344205872497
76561198052623241,0,0.27222684025764465,5,0.9218344205872497
76561197986037700,0,0.004243549425154924,5,0.9218344205872497
76561198102440324,0,0.006187311373651028,5,0.9218344205872497
76561197988729610,0,0.013642577454447746,5,0.9218344205872497
76561198394458162,0,0.960882842540741,5,0.9218344205872497
76561198053922050,0,0.1065368801355362,5,0.9218344205872497
76561198064530526,0,0.003280548145994544,5,0.9218344205872497
76561198052015564,0,0.01945367455482483,5,0.9218344205872497
76561198167240199,0,0.07375013083219528,5,0.9218344205872497
76561198063457415,0,0.051914069801568985,5,0.9218344205872497
76561198229984196,0,0.0072874282486736774,5,0.9218344205872497
76561199230226294,0,0.892841637134552,5,0.9218344205872497
76561199056540355,0,0.004693519789725542,5,0.9218344205872497
76561198411312917,0,0.008482844568789005,5,0.9218344205872497
76561199447437284,0,0.025110453367233276,5,0.9218344205872497
76561198330144258,0,0.02013302966952324,5,0.9218344205872497
76561198407354744,0,0.46356233954429626,5,0.9218344205872497
76561198849146945,1,0.7554234266281128,5,0.9218344205872497
76561198820299428,0,0.07259786874055862,5,0.9218344205872497
76561198048080459,0,0.27277687191963196,5,0.9218344205872497
76561199200537938,0,0.003888447070494294,5,0.9218344205872497
76561198112950636,0,0.08159764856100082,5,0.9218344205872497
76561199473060252,0,0.04417244717478752,5,0.9218344205872497
76561199152420691,0,0.07716353237628937,5,0.9218344205872497
76561199099969454,0,0.003590827342122793,5,0.9218344205872497
76561198326104476,0,0.01809834875166416,5,0.9218344205872497
76561198976241903,0,0.03686052933335304,5,0.9218344205872497
76561199521850140,0,0.01607397384941578,5,0.9218344205872497
76561198246007866,0,0.010833557695150375,5,0.9218344205872497
76561198248950246,0,0.005142830777913332,5,0.9218344205872497
76561198012737373,0,0.02271607331931591,5,0.9218344205872497
76561198995224049,0,0.04251920059323311,5,0.9218344205872497
76561198201332766,0,0.006289974320679903,5,0.9218344205872497
76561199122387879,0,0.8175105452537537,5,0.9218344205872497
76561198952432950,0,0.004946410655975342,5,0.9218344205872497
76561198080728600,0,0.011029522866010666,5,0.9218344205872497
76561199473662828,0,0.004466647747904062,5,0.9218344205872497
76561198043655700,0,0.03780687600374222,5,0.9218344205872497
76561198020155626,0,0.00415808567777276,5,0.9218344205872497
76561198375218160,0,0.06517403572797775,5,0.9218344205872497
76561199088042386,1,0.834995448589325,5,0.9218344205872497
76561198068649443,0,0.89111328125,5,0.9218344205872497
76561198846067802,0,0.007318907883018255,5,0.9218344205872497
76561198083747732,0,0.194700688123703,5,0.9218344205872497
76561199049988117,0,0.0431591160595417,5,0.9218344205872497
76561199526754080,0,0.005641571246087551,5,0.9218344205872497
76561198343670343,0,0.010392026044428349,5,0.9218344205872497
76561198884215805,0,0.003924659453332424,5,0.9218344205872497
76561199489887133,0,0.003923850599676371,5,0.9218344205872497
76561198062288792,0,0.02137688733637333,5,0.9218344205872497
76561197972499706,0,0.4446152150630951,5,0.9218344205872497
76561197962754873,0,0.009616316296160221,5,0.9218344205872497
76561198036940762,0,0.005100858863443136,5,0.9218344205872497
76561198025861524,0,0.08275853097438812,5,0.9218344205872497
76561198094785107,0,0.007645255420356989,5,0.9218344205872497
76561198052291384,0,0.004389799199998379,5,0.9218344205872497
76561199171585985,0,0.0051488084718585014,5,0.9218344205872497
76561199264757455,0,0.04474054276943207,5,0.9218344205872497
76561199088339227,0,0.003832554677501321,5,0.9218344205872497
76561198078424586,0,0.007197483442723751,5,0.9218344205872497
76561198866042521,0,0.005662562791258097,5,0.9218344205872497
76561199054930604,0,0.0062645901925861835,5,0.9218344205872497
76561198096140037,0,0.00575479818508029,5,0.9218344205872497
76561198038553124,0,0.2054927796125412,5,0.9218344205872497
76561198823142813,0,0.0065696993842720985,5,0.9218344205872497
76561198174581246,0,0.003529334906488657,5,0.9218344205872497
76561198273982772,0,0.01551132183521986,5,0.9218344205872497
76561199506499921,0,0.04394087195396423,5,0.9218344205872497
76561198037733365,0,0.013861067593097687,5,0.9218344205872497
76561198060857179,0,0.01018559094518423,5,0.9218344205872497
76561199008711038,0,0.010213016532361507,5,0.9218344205872497
76561198095871626,0,0.0033064333256334066,5,0.9218344205872497
76561197962854595,0,0.004780863877385855,5,0.9218344205872497
76561198053854891,0,0.005634096916764975,5,0.9218344205872497
76561199077537722,0,0.01784529536962509,5,0.9218344205872497
76561198186635727,0,0.0071244267746806145,5,0.9218344205872497
76561199056295985,0,0.09686265140771866,5,0.9218344205872497
76561198820805521,0,0.015860149636864662,5,0.9218344205872497
76561198383325994,0,0.005407659336924553,5,0.9218344205872497
76561198078884408,0,0.008112640120089054,5,0.9218344205872497
76561198104497196,0,0.979802668094635,5,0.9218344205872497
76561197977308969,0,0.14893567562103271,5,0.9218344205872497
76561198451299806,0,0.009789773263037205,5,0.9218344205872497
76561198014944024,0,0.294081449508667,5,0.9218344205872497
76561198119104516,0,0.39563819766044617,5,0.9218344205872497
76561198208205455,0,0.0037526532541960478,5,0.9218344205872497
76561198991245948,0,0.9695852398872375,5,0.9218344205872497
76561198009096655,0,0.1081380769610405,5,0.9218344205872497
76561199014062330,1,0.6420986652374268,5,0.9218344205872497
76561198074135396,0,0.2223830670118332,5,0.9218344205872497
76561199400419190,1,0.9881425499916077,5,0.9218344205872497
76561198945253557,0,0.033957336097955704,5,0.9218344205872497
76561197981648775,0,0.0034173030871897936,5,0.9218344205872497
76561198134078794,0,0.014342389069497585,5,0.9218344205872497
76561199400831888,0,0.007360406219959259,5,0.9218344205872497
76561198084955187,0,0.008049478754401207,5,0.9218344205872497
76561197998440886,0,0.2082320749759674,5,0.9218344205872497
76561198054966164,0,0.004479857161641121,5,0.9218344205872497
76561198042112401,0,0.26456353068351746,5,0.9218344205872497
76561199153913430,0,0.031159458681941032,5,0.9218344205872497
76561199032408987,0,0.22714358568191528,5,0.9218344205872497
76561198019035001,0,0.21502918004989624,5,0.9218344205872497
76561198835315706,0,0.005204544402658939,5,0.9218344205872497
76561198054814661,0,0.31503403186798096,5,0.9218344205872497
76561199215953627,0,0.011613951064646244,5,0.9218344205872497
76561199270280803,0,0.11383678019046783,5,0.9218344205872497
76561198071306955,0,0.04160260409116745,5,0.9218344205872497
76561198076831215,0,0.060267120599746704,5,0.9218344205872497
76561198009302106,1,0.9728348255157471,5,0.9218344205872497
76561198984735553,0,0.9473395347595215,5,0.9218344205872497
76561198835367633,0,0.43853914737701416,5,0.9218344205872497
76561199149575277,0,0.00882512517273426,5,0.9218344205872497
76561198396252511,0,0.05036983639001846,5,0.9218344205872497
76561197971139893,0,0.49604660272598267,5,0.9218344205872497
76561198256089229,0,0.004567624535411596,5,0.9218344205872497
76561199466618160,0,0.04096441715955734,5,0.9218344205872497
76561198123841076,0,0.009579569101333618,5,0.9218344205872497
76561198187414481,0,0.005974447820335627,5,0.9218344205872497
76561199092209328,0,0.7599219083786011,5,0.9218344205872497
76561199057545506,0,0.009481494314968586,5,0.9218344205872497
76561199132319048,0,0.006300294306129217,5,0.9218344205872497
76561198894809432,0,0.0036913903895765543,5,0.9218344205872497
76561198237966704,0,0.008345338515937328,5,0.9218344205872497
76561197979906639,0,0.0034722890704870224,5,0.9218344205872497
76561198301558562,0,0.018902132287621498,5,0.9218344205872497
76561198805041784,0,0.03387675806879997,5,0.9218344205872497
76561199001729006,0,0.9371873140335083,5,0.9218344205872497
76561199112727501,0,0.629330575466156,5,0.9218344205872497
76561199147794368,0,0.0487176813185215,5,0.9218344205872497
76561198274677448,0,0.5520368814468384,5,0.9218344205872497
76561199193919152,0,0.6021406650543213,5,0.9218344205872497
76561198271748700,0,0.4960497319698334,5,0.9218344205872497
76561199202791937,0,0.023775767534971237,5,0.9218344205872497
76561199250360086,1,0.9838190674781799,5,0.9218344205872497
76561198868003836,0,0.007154830731451511,5,0.9218344205872497
76561199030340942,0,0.014293028973042965,5,0.9218344205872497
76561198259544747,0,0.0037719286046922207,5,0.9218344205872497
76561198300243648,0,0.003107883967459202,5,0.9218344205872497
76561199137838073,0,0.014418739825487137,5,0.9218344205872497
76561199219137249,0,0.6957104802131653,5,0.9218344205872497
76561198967929367,0,0.005073220934718847,5,0.9218344205872497
76561198358656695,0,0.2982930541038513,5,0.9218344205872497
76561199100982437,0,0.01301770843565464,5,0.9218344205872497
76561199053157333,0,0.02644830383360386,5,0.9218344205872497
76561199022547005,0,0.07703837007284164,5,0.9218344205872497
76561199562234634,0,0.00891903042793274,5,0.9218344205872497
76561198094514740,0,0.014073085971176624,5,0.9218344205872497
76561198128704866,0,0.003637045854702592,5,0.9218344205872497
76561199036439004,0,0.00461945403367281,5,0.9218344205872497
76561199128707906,0,0.04013686999678612,5,0.9218344205872497
76561198430310508,0,0.006626193877309561,5,0.9218344205872497
76561199651292955,0,0.003923850599676371,5,0.9218344205872497
76561199448104358,0,0.021215781569480896,5,0.9218344205872497
76561198361750037,0,0.0036839270032942295,5,0.9218344205872497
76561197963699205,0,0.008907350711524487,5,0.9218344205872497
76561198053364330,0,0.006675703916698694,5,0.9218344205872497
76561198161452939,0,0.003954548388719559,5,0.9218344205872497
76561198076321637,0,0.012839701026678085,5,0.9218344205872497
76561198401489278,0,0.00461945403367281,5,0.9218344205872497
76561197992722814,0,0.010000118054449558,5,0.9218344205872497
76561198395203052,0,0.04421728104352951,5,0.9218344205872497
76561198112527797,0,0.00420680595561862,5,0.9218344205872497
76561197992440283,0,0.1524924784898758,5,0.9218344205872497
76561199090864237,0,0.02610771171748638,5,0.9218344205872497
76561199233373835,0,0.008080938830971718,5,0.9218344205872497
76561198255048443,0,0.02193119004368782,5,0.9218344205872497
76561198272610411,0,0.005248924717307091,5,0.9218344205872497
76561198272483563,0,0.21805137395858765,5,0.9218344205872497
76561198140502697,0,0.004070969298481941,5,0.9218344205872497
76561198412171422,0,0.011384543962776661,5,0.9218344205872497
76561198078024938,0,0.007268858607858419,5,0.9218344205872497
76561198271689245,0,0.004408486653119326,5,0.9218344205872497
76561198284108326,0,0.007633435074239969,5,0.9218344205872497
76561198019969488,0,0.14722740650177002,5,0.9218344205872497
76561199208380477,0,0.004341309890151024,5,0.9218344205872497
76561199041297682,0,0.04907820001244545,5,0.9218344205872497
76561198106685467,0,0.036481332033872604,5,0.9218344205872497
76561197968363397,0,0.010903874412178993,5,0.9218344205872497
76561199105235152,0,0.0037053318228572607,5,0.9218344205872497
76561198160698730,0,0.76849365234375,5,0.9218344205872497
76561199519084048,0,0.00875463243573904,5,0.9218344205872497
76561198019044165,0,0.004963737912476063,5,0.9218344205872497
76561199096531479,0,0.004304036032408476,5,0.9218344205872497
76561198024327278,1,0.19815170764923096,5,0.9218344205872497
76561199001854789,0,0.28806111216545105,5,0.9218344205872497
76561198399466267,0,0.644195020198822,5,0.9218344205872497
76561199200008667,0,0.003923850599676371,5,0.9218344205872497
76561198965844887,0,0.015987448394298553,5,0.9218344205872497
76561198355709974,0,0.005607443396002054,5,0.9218344205872497
76561199014257365,0,0.1793024241924286,5,0.9218344205872497
76561198428736497,0,0.03817954659461975,5,0.9218344205872497
76561198114598720,0,0.00648768525570631,5,0.9218344205872497
76561199079426938,0,0.013585759326815605,5,0.9218344205872497
76561199157869481,0,0.0051568238995969296,5,0.9218344205872497
76561198153488169,0,0.03908255696296692,5,0.9218344205872497
76561198846872833,0,0.17698213458061218,5,0.9218344205872497
76561197974654547,0,0.06896290928125381,5,0.9218344205872497
76561199151318011,0,0.004781476221978664,5,0.9218344205872497
76561198000647400,0,0.009608736261725426,5,0.9218344205872497
76561198980125875,0,0.4504850506782532,5,0.9218344205872497
76561198216487616,0,0.17631521821022034,5,0.9218344205872497
76561197960685057,0,0.049421895295381546,5,0.9218344205872497
76561198001027492,0,0.0059072766453027725,5,0.9218344205872497
76561199119048193,1,0.986895740032196,5,0.9218344205872497
76561198190707983,0,0.31532350182533264,5,0.9218344205872497
76561198053613641,0,0.005770651623606682,5,0.9218344205872497
76561199163058747,0,0.004282563924789429,5,0.9218344205872497
76561197970815766,0,0.030747242271900177,5,0.9218344205872497
76561198000705662,0,0.06641457229852676,5,0.9218344205872497
76561198006194970,0,0.003813531482592225,5,0.9218344205872497
76561198437341474,0,0.01117231510579586,5,0.9218344205872497
76561198080214603,0,0.011410336941480637,5,0.9218344205872497
76561198947461654,0,0.07766822725534439,5,0.9218344205872497
76561198261227409,0,0.43186700344085693,5,0.9218344205872497
76561199181469355,0,0.007251832168549299,5,0.9218344205872497
76561198860628027,0,0.0038013977464288473,5,0.9218344205872497
76561198123792625,0,0.18812435865402222,5,0.9218344205872497
76561199525720349,0,0.011535562574863434,5,0.9218344205872497
76561198970783673,0,0.049955517053604126,5,0.9218344205872497
76561199222647507,0,0.0805654376745224,5,0.9218344205872497
76561198717263787,0,0.004582809284329414,5,0.9218344205872497
76561198295436018,0,0.09890346229076385,5,0.9218344205872497
76561199030163981,0,0.008907350711524487,5,0.9218344205872497
76561198258852606,0,0.425363153219223,5,0.9218344205872497
76561198257667062,0,0.36875471472740173,5,0.9218344205872497
76561198296287926,0,0.8748981356620789,5,0.9218344205872497
76561198807231405,0,0.2415095567703247,5,0.9218344205872497
76561199496612142,0,0.006041801068931818,5,0.9218344205872497
76561197975993674,0,0.03963620588183403,5,0.9218344205872497
76561198039980432,1,0.9884775280952454,5,0.9218344205872497
76561198416377236,0,0.006954282522201538,5,0.9218344205872497
76561198299898409,0,0.005606555379927158,5,0.9218344205872497
76561198955579528,0,0.0037134254816919565,5,0.9218344205872497
76561198004330196,0,0.049254368990659714,5,0.9218344205872497
76561198100767290,1,0.9903826117515564,5,0.9218344205872497
76561198183661255,0,0.5692517757415771,5,0.9218344205872497
76561198826607927,0,0.011103363707661629,5,0.9218344205872497
76561198121235462,0,0.030228955671191216,5,0.9218344205872497
76561198032940675,0,0.08832923322916031,5,0.9218344205872497
76561198249241744,0,0.8850148320198059,5,0.9218344205872497
76561199506639174,0,0.19268669188022614,5,0.9218344205872497
76561199186006942,0,0.010855005122721195,5,0.9218344205872497
76561198040537798,0,0.006974966265261173,5,0.9218344205872497
76561199220170765,0,0.038801126182079315,5,0.9218344205872497
76561198041291964,0,0.9594494700431824,5,0.9218344205872497
76561197994788811,0,0.1487797647714615,5,0.9218344205872497
76561198035385218,1,0.9893906712532043,5,0.9218344205872497
76561198059978450,0,0.004972377326339483,5,0.9218344205872497
76561198800700910,0,0.18897570669651031,5,0.9218344205872497
76561198164358597,0,0.018998803570866585,5,0.9218344205872497
76561198982937292,0,0.0033458375837653875,5,0.9218344205872497
76561199124025265,0,0.02514972724020481,5,0.9218344205872497
76561198820832795,0,0.007898793555796146,5,0.9218344205872497
76561199170338084,0,0.011803511530160904,5,0.9218344205872497
76561198981148256,0,0.0038608391769230366,5,0.9218344205872497
76561198170361978,1,0.9719854593276978,5,0.9218344205872497
76561198408942873,0,0.0035321128088980913,5,0.9218344205872497
76561198271355935,0,0.30607783794403076,5,0.9218344205872497
76561198354665349,0,0.010941842570900917,5,0.9218344205872497
76561198091367204,0,0.003924940712749958,5,0.9218344205872497
76561198004472341,0,0.003870477434247732,5,0.9218344205872497
76561199524045815,0,0.017245281487703323,5,0.9218344205872497
76561198995423048,0,0.03256122022867203,5,0.9218344205872497
76561198453500913,0,0.02949676848948002,5,0.9218344205872497
76561198329979247,0,0.005551001522690058,5,0.9218344205872497
76561198272566137,0,0.07815412431955338,5,0.9218344205872497
76561198127418393,0,0.004621491767466068,5,0.9218344205872497
76561199163271145,0,0.014736795797944069,5,0.9218344205872497
76561198060699736,0,0.0040255202911794186,5,0.9218344205872497
76561199232563803,0,0.005903648678213358,5,0.9218344205872497
76561198145745964,0,0.0065454477444291115,5,0.9218344205872497
76561198073950791,0,0.005255288444459438,5,0.9218344205872497
76561199503205926,0,0.003923850599676371,5,0.9218344205872497
76561199447033344,0,0.005054444074630737,5,0.9218344205872497
76561199218234680,0,0.009128151461482048,5,0.9218344205872497
76561198399989584,0,0.009864791296422482,5,0.9218344205872497
76561198273389630,0,0.0054854885675013065,5,0.9218344205872497
76561198989690296,0,0.003918197937309742,5,0.9218344205872497
76561198161378489,0,0.004048669710755348,5,0.9218344205872497
76561199171651539,0,0.0038015260361135006,5,0.9218344205872497
76561198107525999,0,0.0049722217954695225,5,0.9218344205872497
76561199085395620,0,0.006564436014741659,5,0.9218344205872497
76561198062339515,0,0.8105213046073914,5,0.9218344205872497
76561198023570898,0,0.029776616021990776,5,0.9218344205872497
76561198883192311,1,0.9907867312431335,5,0.9218344205872497
76561199121789726,0,0.004147705156356096,5,0.9218344205872497
76561198041101681,0,0.28807687759399414,5,0.9218344205872497
76561199176300581,0,0.11766675114631653,5,0.9218344205872497
76561198239839142,0,0.10118923336267471,5,0.9218344205872497
76561198287652461,0,0.32450342178344727,5,0.9218344205872497
76561198200450822,0,0.01459143403917551,5,0.9218344205872497
76561198341128762,0,0.5165891051292419,5,0.9218344205872497
76561198418626584,0,0.1523463875055313,5,0.9218344205872497
76561199518560473,0,0.06335859000682831,5,0.9218344205872497
76561198194569057,0,0.45084255933761597,5,0.9218344205872497
76561198097081952,0,0.27320700883865356,5,0.9218344205872497
76561198405951765,0,0.9809946417808533,5,0.9218344205872497
76561198801981809,0,0.06885042041540146,5,0.9218344205872497
76561198060131020,0,0.006805239245295525,5,0.9218344205872497
76561198042558791,0,0.007220458704978228,5,0.9218344205872497
76561198054768660,0,0.15801352262496948,5,0.9218344205872497
76561197972847320,0,0.28343722224235535,5,0.9218344205872497
76561198094561098,0,0.00990018155425787,5,0.9218344205872497
76561198169348614,0,0.003981436137109995,5,0.9218344205872497
76561198984183890,0,0.3151814341545105,5,0.9218344205872497
76561198259991502,0,0.24723903834819794,5,0.9218344205872497
76561198862308126,0,0.004358159378170967,5,0.9218344205872497
76561198006295272,0,0.007359844632446766,5,0.9218344205872497
76561198106565380,0,0.012314054183661938,5,0.9218344205872497
76561197996933744,0,0.6771053671836853,5,0.9218344205872497
76561198847137730,0,0.028758002445101738,5,0.9218344205872497
76561199077603231,0,0.039749037474393845,5,0.9218344205872497
76561198042724665,0,0.13088536262512207,5,0.9218344205872497
76561199047926096,0,0.9899381399154663,5,0.9218344205872497
76561198388572147,0,0.007937663234770298,5,0.9218344205872497
76561198368218731,0,0.004238796886056662,5,0.9218344205872497
76561198068523814,0,0.004575936123728752,5,0.9218344205872497
76561199057993694,0,0.022432873025536537,5,0.9218344205872497
76561198313063407,0,0.004309489857405424,5,0.9218344205872497
76561198326955652,0,0.010301433503627777,5,0.9218344205872497
76561198257644561,0,0.004510704893618822,5,0.9218344205872497
76561198035455916,0,0.0082153445109725,5,0.9218344205872497
76561198306906045,0,0.003942248411476612,5,0.9218344205872497
76561199016642890,0,0.004304036032408476,5,0.9218344205872497
76561199080083600,0,0.005347601603716612,5,0.9218344205872497
76561198073465875,0,0.07223515957593918,5,0.9218344205872497
76561198425345791,0,0.003923850599676371,5,0.9218344205872497
76561199043196093,0,0.004548878874629736,5,0.9218344205872497
76561199054259879,0,0.026456279680132866,5,0.9218344205872497
76561198998577839,0,0.010118799284100533,5,0.9218344205872497
76561199099444325,0,0.009721742942929268,5,0.9218344205872497
76561198983877907,0,0.0034411554224789143,5,0.9218344205872497
76561198881607919,0,0.1323707103729248,5,0.9218344205872497
76561198817515479,0,0.03016841784119606,5,0.9218344205872497
76561198881644039,0,0.010400209575891495,5,0.9218344205872497
76561198052687599,0,0.038420118391513824,5,0.9218344205872497
76561198152004316,0,0.5533719658851624,5,0.9218344205872497
76561198069745589,0,0.02310296520590782,5,0.9218344205872497
76561198051635739,0,0.023911233991384506,5,0.9218344205872497
76561198874266321,0,0.011470586061477661,5,0.9218344205872497
76561199013094437,0,0.010357573628425598,5,0.9218344205872497
76561199204281072,0,0.005690837278962135,5,0.9218344205872497
76561198331133521,0,0.11498831957578659,5,0.9218344205872497
76561199428378259,0,0.0034684629645198584,5,0.9218344205872497
76561198816375816,0,0.03703475371003151,5,0.9218344205872497
76561198300309202,0,0.16279834508895874,5,0.9218344205872497
76561199626006933,0,0.0084097720682621,5,0.9218344205872497
76561198125894760,0,0.04531886801123619,5,0.9218344205872497
76561199134937717,0,0.0057907626032829285,5,0.9218344205872497
76561199467179130,0,0.012233459390699863,5,0.9218344205872497
76561198117609071,0,0.09608229249715805,5,0.9218344205872497
76561199221796921,0,0.04962609335780144,5,0.9218344205872497
76561199570271878,0,0.0077354032546281815,5,0.9218344205872497
76561199403845273,0,0.07947127521038055,5,0.9218344205872497
76561199140044856,0,0.05236424133181572,5,0.9218344205872497
76561198329749831,0,0.2992563843727112,5,0.9218344205872497
76561199365044023,0,0.051998451352119446,5,0.9218344205872497
76561198869034775,0,0.5407575368881226,5,0.9218344205872497
76561199251951835,0,0.08554591983556747,5,0.9218344205872497
76561198155188617,0,0.004386024549603462,5,0.9218344205872497
76561199234882331,0,0.005829878617078066,5,0.9218344205872497
76561198069376837,0,0.003521234029904008,5,0.9218344205872497
76561199634484419,0,0.03912227600812912,5,0.9218344205872497
76561199106096588,0,0.003519152058288455,5,0.9218344205872497
76561197972078679,0,0.6576853394508362,5,0.9218344205872497
76561198006759962,0,0.0033499442506581545,5,0.9218344205872497
76561198210987647,0,0.03606991097331047,5,0.9218344205872497
76561199250923667,0,0.014514237642288208,5,0.9218344205872497
76561199231014830,0,0.006105655804276466,5,0.9218344205872497
76561198213645575,0,0.00431643333286047,5,0.9218344205872497
76561198257320951,0,0.0034143782686442137,5,0.9218344205872497
76561197969891318,0,0.004016377031803131,5,0.9218344205872497
76561199223689783,0,0.005310371518135071,5,0.9218344205872497
76561197960461011,0,0.012849804945290089,5,0.9218344205872497
76561199448197385,0,0.011766592971980572,5,0.9218344205872497
76561198083320325,0,0.11099373549222946,5,0.9218344205872497
76561198129830879,0,0.0036925142630934715,5,0.9218344205872497
76561199804691304,0,0.025489289313554764,5,0.9218344205872497
76561197991828505,0,0.17478936910629272,5,0.9218344205872497
76561198071448932,0,0.31436094641685486,5,0.9218344205872497
76561198027014914,0,0.00623731454834342,5,0.9218344205872497
76561199240490734,0,0.11729435622692108,5,0.9218344205872497
76561197999921221,0,0.006208264268934727,5,0.9218344205872497
76561198376055810,0,0.010103851556777954,5,0.9218344205872497
76561198983938996,0,0.013085433281958103,5,0.9218344205872497
76561198123286890,0,0.3533856272697449,5,0.9218344205872497
76561198035981230,0,0.025312457233667374,5,0.9218344205872497
76561199149430114,0,0.03394163399934769,5,0.9218344205872497
76561198227653356,0,0.005192096345126629,5,0.9218344205872497
76561198984535690,0,0.004183344077318907,5,0.9218344205872497
76561199575332091,0,0.007473479490727186,5,0.9218344205872497
76561198174061489,0,0.06463952362537384,5,0.9218344205872497
76561198028434765,0,0.04075664281845093,5,0.9218344205872497
76561198026561074,0,0.36396822333335876,5,0.9218344205872497
76561198288938927,0,0.7570419907569885,5,0.9218344205872497
76561198033903084,0,0.10077796131372452,5,0.9218344205872497
76561199122633839,0,0.015084299258887768,5,0.9218344205872497
76561199230208472,0,0.055333033204078674,5,0.9218344205872497
76561198087048117,0,0.35852107405662537,5,0.9218344205872497
76561199460788485,0,0.00875463243573904,5,0.9218344205872497
76561197970585413,0,0.09900693595409393,5,0.9218344205872497
76561198071853152,0,0.004972875118255615,5,0.9218344205872497
76561199211476105,0,0.003629940329119563,5,0.9218344205872497
76561197993574352,0,0.0038396865129470825,5,0.9218344205872497
76561198057886389,0,0.1593521684408188,5,0.9218344205872497
76561199034620069,0,0.09576107561588287,5,0.9218344205872497
76561198362439497,0,0.008899061009287834,5,0.9218344205872497
76561199052397719,1,0.9547247886657715,5,0.9218344205872497
76561197988505331,0,0.006920758169144392,5,0.9218344205872497
76561198339996891,0,0.009648239240050316,5,0.9218344205872497
76561198868982036,0,0.4332600235939026,5,0.9218344205872497
76561198175537734,0,0.006579217035323381,5,0.9218344205872497
76561199464028743,0,0.07808073610067368,5,0.9218344205872497
76561198163335727,0,0.014907400123775005,5,0.9218344205872497
76561198412012845,0,0.02211695909500122,5,0.9218344205872497
76561198042064690,0,0.005175664555281401,5,0.9218344205872497
76561198038710615,0,0.0032698262948542833,5,0.9218344205872497
76561198041263523,0,0.17118419706821442,5,0.9218344205872497
76561197993704643,0,0.015124456025660038,5,0.9218344205872497
76561198095552448,0,0.007645176257938147,5,0.9218344205872497
76561198094898044,0,0.003867104882374406,5,0.9218344205872497
76561198203382484,0,0.21007812023162842,5,0.9218344205872497
76561198821027894,0,0.003751223674044013,5,0.9218344205872497
76561198995162000,0,0.8653621673583984,5,0.9218344205872497
76561199094967176,1,0.9763244390487671,5,0.9218344205872497
76561198286531340,0,0.034678567200899124,5,0.9218344205872497
76561199090494793,0,0.004771883599460125,5,0.9218344205872497
76561198078924347,0,0.028490619733929634,5,0.9218344205872497
76561198017916981,0,0.04720785468816757,5,0.9218344205872497
76561198313149394,0,0.009361110627651215,5,0.9218344205872497
76561199066811520,0,0.00461945403367281,5,0.9218344205872497
76561199091221886,0,0.05346135422587395,5,0.9218344205872497
76561199095481670,0,0.5554200410842896,5,0.9218344205872497
76561199129585514,0,0.0945228636264801,5,0.9218344205872497
76561198180485839,0,0.041712768375873566,5,0.9218344205872497
76561199044406763,0,0.006230851635336876,5,0.9218344205872497
76561199493120162,0,0.004470089916139841,5,0.9218344205872497
76561198987521160,0,0.011550411581993103,5,0.9218344205872497
76561198149059858,0,0.003363837720826268,5,0.9218344205872497
76561199168963070,1,0.9731019735336304,5,0.9218344205872497
76561198124353339,0,0.6891663074493408,5,0.9218344205872497
76561198010346410,0,0.0076362560503184795,5,0.9218344205872497
76561198151015545,0,0.00970030203461647,5,0.9218344205872497
76561199134791217,0,0.011212287470698357,5,0.9218344205872497
76561198080736780,0,0.004240714944899082,5,0.9218344205872497
76561199207043057,0,0.0042808884754776955,5,0.9218344205872497
76561198994633074,0,0.038736216723918915,5,0.9218344205872497
76561198028613458,0,0.006168252322822809,5,0.9218344205872497
76561198103130484,0,0.005158105865120888,5,0.9218344205872497
76561198052318247,0,0.0227410476654768,5,0.9218344205872497
76561198452222062,0,0.006779887247830629,5,0.9218344205872497
76561199489323372,0,0.11076193302869797,5,0.9218344205872497
76561199238547674,0,0.8180452585220337,5,0.9218344205872497
76561198065487083,0,0.0063257678411901,5,0.9218344205872497
76561198038410780,0,0.045367322862148285,5,0.9218344205872497
76561198144377014,0,0.004707159474492073,5,0.9218344205872497
76561198046874692,0,0.1082874983549118,5,0.9218344205872497
76561197989056267,0,0.06085982173681259,5,0.9218344205872497
76561198031028380,0,0.005081208422780037,5,0.9218344205872497
76561199206460710,0,0.010664386674761772,5,0.9218344205872497
76561198028721954,0,0.007340540178120136,5,0.9218344205872497
76561198009274797,0,0.036990657448768616,5,0.9218344205872497
76561198810454874,0,0.02586468495428562,5,0.9218344205872497
76561199375818608,0,0.00386797939427197,5,0.9218344205872497
76561198358653534,0,0.007748611271381378,5,0.9218344205872497
76561198166360292,0,0.004615420009940863,5,0.9218344205872497
76561198033214408,0,0.014736795797944069,5,0.9218344205872497
76561199384054006,0,0.007122162729501724,5,0.9218344205872497
76561198080377470,0,0.014557015150785446,5,0.9218344205872497
76561198039978742,0,0.004725069273263216,5,0.9218344205872497
76561198351454302,0,0.005249974317848682,5,0.9218344205872497
76561198062039719,0,0.008490286767482758,5,0.9218344205872497
76561198307350618,0,0.00783625990152359,5,0.9218344205872497
76561198060236204,0,0.02232060208916664,5,0.9218344205872497
76561199187286826,0,0.013487664051353931,5,0.9218344205872497
76561197995064678,0,0.004459649324417114,5,0.9218344205872497
76561198970971315,0,0.794156551361084,5,0.9218344205872497
76561198273798759,0,0.8699656128883362,5,0.9218344205872497
76561198015826784,0,0.005002422258257866,5,0.9218344205872497
76561199240364872,0,0.04457087814807892,5,0.9218344205872497
76561197989926349,0,0.016970522701740265,5,0.9218344205872497
76561198045557911,0,0.2932244837284088,5,0.9218344205872497
76561199515924032,0,0.4269965589046478,5,0.9218344205872497
76561198115199028,0,0.1549168974161148,5,0.9218344205872497
76561198161868872,0,0.26152822375297546,5,0.9218344205872497
76561198040534082,0,0.008907350711524487,5,0.9218344205872497
76561199438227076,0,0.25861257314682007,5,0.9218344205872497
76561198436360970,1,0.9679957032203674,5,0.9218344205872497
76561198087083583,0,0.4182046055793762,5,0.9218344205872497
76561198968535600,0,0.019798897206783295,5,0.9218344205872497
76561198972320116,0,0.00461945403367281,5,0.9218344205872497
76561198119272566,0,0.00402698153629899,5,0.9218344205872497
76561198371676616,0,0.00875463243573904,5,0.9218344205872497
76561198101320124,0,0.03721846267580986,5,0.9218344205872497
76561198355199569,0,0.1151437908411026,5,0.9218344205872497
76561199091324752,0,0.0967346653342247,5,0.9218344205872497
76561198031316335,0,0.17182710766792297,5,0.9218344205872497
76561199073698262,0,0.003923850599676371,5,0.9218344205872497
76561198216667065,0,0.22864510118961334,5,0.9218344205872497
76561199634111011,0,0.004850751720368862,5,0.9218344205872497
76561198344737569,0,0.052598241716623306,5,0.9218344205872497
76561198236818446,0,0.005011138040572405,5,0.9218344205872497
76561199387459353,0,0.1885305792093277,5,0.9218344205872497
76561198825381634,0,0.004615314304828644,5,0.9218344205872497
76561198216929219,0,0.019344352185726166,5,0.9218344205872497
76561198327200569,0,0.14147979021072388,5,0.9218344205872497
76561199085987773,0,0.006806584075093269,5,0.9218344205872497
76561199570709595,0,0.0034143782686442137,5,0.9218344205872497
76561198972966809,0,0.005622013472020626,5,0.9218344205872497
76561199624085356,0,0.003661403199657798,5,0.9218344205872497
76561199247247455,0,0.003455680562183261,5,0.9218344205872497
76561198043274332,0,0.27605941891670227,5,0.9218344205872497
76561198821341839,0,0.007361747324466705,5,0.9218344205872497
76561198038884124,0,0.03610506281256676,5,0.9218344205872497
76561198397450136,0,0.021394601091742516,5,0.9218344205872497
76561199590524171,0,0.007560298778116703,5,0.9218344205872497
76561198079856908,0,0.09669900685548782,5,0.9218344205872497
76561198269894873,0,0.04334082081913948,5,0.9218344205872497
76561199231411203,0,0.047486722469329834,5,0.9218344205872497
76561198882268859,0,0.04360678419470787,5,0.9218344205872497
76561198008747596,0,0.0077452100813388824,5,0.9218344205872497
76561199171298385,0,0.0031415231060236692,5,0.9218344205872497
76561198857716222,0,0.007521996274590492,5,0.9218344205872497
76561198081642159,0,0.00578687060624361,5,0.9218344205872497
76561198080560197,0,0.004924978129565716,5,0.9218344205872497
76561198956409588,0,0.008150456473231316,5,0.9218344205872497
76561198294735792,0,0.09155494719743729,5,0.9218344205872497
76561198139206810,0,0.010183606296777725,5,0.9218344205872497
76561198026733998,0,0.961890459060669,5,0.9218344205872497
76561198053852642,0,0.003464361885562539,5,0.9218344205872497
76561199069569473,0,0.0034693351481109858,5,0.9218344205872497
76561198031253451,0,0.012096555903553963,5,0.9218344205872497
76561198964109904,0,0.04438493028283119,5,0.9218344205872497
76561198072148468,0,0.005911416839808226,5,0.9218344205872497
76561198400427687,0,0.18213088810443878,5,0.9218344205872497
76561198152373348,0,0.013244871981441975,5,0.9218344205872497
76561199121103228,0,0.00626056594774127,5,0.9218344205872497
76561199801099048,0,0.011091997846961021,5,0.9218344205872497
76561199091862125,0,0.0045471820048987865,5,0.9218344205872497
76561198148298092,0,0.014962012879550457,5,0.9218344205872497
76561197990316664,0,0.01295518409460783,5,0.9218344205872497
76561199068808668,0,0.0055048298090696335,5,0.9218344205872497
76561198970438332,0,0.9595779180526733,5,0.9218344205872497
76561199560406348,0,0.005051902960985899,5,0.9218344205872497
76561198432217545,0,0.003923850599676371,5,0.9218344205872497
76561197998244242,0,0.0036839270032942295,5,0.9218344205872497
76561198801401513,0,0.005531024187803268,5,0.9218344205872497
76561198042895171,0,0.003477671882137656,5,0.9218344205872497
76561199221176276,0,0.19323796033859253,5,0.9218344205872497
76561199401626418,0,0.11095640063285828,5,0.9218344205872497
76561199091412448,0,0.24684903025627136,5,0.9218344205872497
76561198127315516,0,0.0038756190333515406,5,0.9218344205872497
76561198081926465,0,0.30298978090286255,5,0.9218344205872497
76561199251429589,0,0.12392361462116241,5,0.9218344205872497
76561199013631649,0,0.005531024187803268,5,0.9218344205872497
76561198016068653,0,0.009168040938675404,5,0.9218344205872497
76561198027228709,0,0.9574609994888306,5,0.9218344205872497
76561198049808741,1,0.712881326675415,5,0.9218344205872497
76561198829300170,0,0.003576869610697031,5,0.9218344205872497
76561199467869539,0,0.602949321269989,5,0.9218344205872497
76561198859093239,0,0.017967211082577705,5,0.9218344205872497
76561198258969906,0,0.16813574731349945,5,0.9218344205872497
76561198001000213,0,0.1825913041830063,5,0.9218344205872497
76561199195134883,0,0.011106590740382671,5,0.9218344205872497
76561199401136383,0,0.006834805477410555,5,0.9218344205872497
76561198870741155,0,0.0036143797915428877,5,0.9218344205872497
76561198005763532,0,0.01153613068163395,5,0.9218344205872497
76561198039808320,0,0.3932937979698181,5,0.9218344205872497
76561198034837986,0,0.02407684177160263,5,0.9218344205872497
76561198253605114,0,0.13911955058574677,5,0.9218344205872497
76561198079124794,0,0.004366505425423384,5,0.9218344205872497
76561198381284689,0,0.08272187411785126,5,0.9218344205872497
76561198158713990,0,0.017443008720874786,5,0.9218344205872497
76561198151978694,0,0.2993106544017792,5,0.9218344205872497
76561198071838007,0,0.08382736146450043,5,0.9218344205872497
76561198083023708,0,0.033555082976818085,5,0.9218344205872497
76561198201216266,0,0.16033145785331726,5,0.9218344205872497
76561199722867461,0,0.004838636144995689,5,0.9218344205872497
76561199111383637,0,0.009570349007844925,5,0.9218344205872497
76561199202966623,0,0.37435200810432434,5,0.9218344205872497
76561198280712498,0,0.02298295870423317,5,0.9218344205872497
76561198036631457,0,0.06422442942857742,5,0.9218344205872497
76561198065529840,0,0.9659843444824219,5,0.9218344205872497
76561198094717791,0,0.08848711848258972,5,0.9218344205872497
76561198064320660,0,0.02515910379588604,5,0.9218344205872497
76561198295889783,0,0.02610771171748638,5,0.9218344205872497
76561198248597652,0,0.30906060338020325,5,0.9218344205872497
76561199202933547,0,0.014170580543577671,5,0.9218344205872497
76561198157507853,0,0.03576817363500595,5,0.9218344205872497
76561198050906243,0,0.8855286836624146,5,0.9218344205872497
76561198069150475,0,0.5796165466308594,5,0.9218344205872497
76561198979723675,1,0.8083241581916809,5,0.9218344205872497
76561198398563078,0,0.02192867174744606,5,0.9218344205872497
76561199038872314,0,0.04187632352113724,5,0.9218344205872497
76561198113602973,0,0.003546643303707242,5,0.9218344205872497
76561198043880961,0,0.004798984155058861,5,0.9218344205872497
76561198131045666,0,0.012317117303609848,5,0.9218344205872497
76561198206573539,0,0.007015843875706196,5,0.9218344205872497
76561199054872487,0,0.003923850599676371,5,0.9218344205872497
76561199375708338,0,0.0031415231060236692,5,0.9218344205872497
76561199122427143,0,0.08531805127859116,5,0.9218344205872497
76561198119865175,0,0.9040976166725159,5,0.9218344205872497
76561197972371889,0,0.01149928942322731,5,0.9218344205872497
76561199221488527,0,0.005637017544358969,5,0.9218344205872497
76561199230971785,0,0.022530408576130867,5,0.9218344205872497
76561198952925315,0,0.003379890462383628,5,0.9218344205872497
76561198122780414,0,0.31226593255996704,5,0.9218344205872497
76561199086528357,0,0.004678201861679554,5,0.9218344205872497
76561199130965576,1,0.0495329350233078,5,0.9218344205872497
76561198973514951,0,0.005393413361161947,5,0.9218344205872497
76561198130695750,0,0.17996588349342346,5,0.9218344205872497
76561198812072130,0,0.008907350711524487,5,0.9218344205872497
76561199202833662,0,0.05941038951277733,5,0.9218344205872497
76561198813947170,0,0.003094911575317383,5,0.9218344205872497
76561198057018492,0,0.003231734735891223,5,0.9218344205872497
76561198204195727,0,0.17831064760684967,5,0.9218344205872497
76561198140317603,0,0.5924230813980103,5,0.9218344205872497
76561198039913704,0,0.014386439695954323,5,0.9218344205872497
76561198032125451,0,0.01478489302098751,5,0.9218344205872497
76561198049830078,0,0.00399738596752286,5,0.9218344205872497
76561199574635702,0,0.05227452889084816,5,0.9218344205872497
76561199132313793,0,0.2810356318950653,5,0.9218344205872497
76561198405822745,0,0.0038336163852363825,5,0.9218344205872497
76561198172065950,0,0.11673856526613235,5,0.9218344205872497
76561198027858836,0,0.16079336404800415,5,0.9218344205872497
76561198043428550,0,0.004010637756437063,5,0.9218344205872497
76561199144152809,0,0.003964732401072979,5,0.9218344205872497
76561198335913386,0,0.009329388849437237,5,0.9218344205872497
76561198957596696,0,0.005430325865745544,5,0.9218344205872497
76561199070090454,0,0.04966609552502632,5,0.9218344205872497
76561198057587195,0,0.003950353246182203,5,0.9218344205872497
76561198015911653,0,0.003923850599676371,5,0.9218344205872497
76561198106434895,0,0.0035060180816799402,5,0.9218344205872497
76561199019083789,0,0.0037497945595532656,5,0.9218344205872497
76561198930183825,0,0.005349296610802412,5,0.9218344205872497
76561198949828739,0,0.01128701027482748,5,0.9218344205872497
76561199000188076,0,0.003467724658548832,5,0.9218344205872497
76561198084518360,0,0.30231860280036926,5,0.9218344205872497
76561198119621368,0,0.004970688838511705,5,0.9218344205872497
76561198946894309,0,0.008907350711524487,5,0.9218344205872497
76561198359204968,1,0.936421811580658,5,0.9218344205872497
76561198870338114,0,0.003917758818715811,5,0.9218344205872497
76561199135251173,0,0.011564742773771286,5,0.9218344205872497
76561198202038040,0,0.008386109955608845,5,0.9218344205872497
76561198815052634,0,0.004865155089646578,5,0.9218344205872497
76561199403434411,0,0.004574454855173826,5,0.9218344205872497
76561198849147956,0,0.006308171432465315,5,0.9218344205872497
76561199090414541,0,0.005267923232167959,5,0.9218344205872497
76561198187797631,0,0.008640884421765804,5,0.9218344205872497
76561198202295250,0,0.005086449906229973,5,0.9218344205872497
76561198867922135,0,0.009367897175252438,5,0.9218344205872497
76561198084274195,1,0.44121888279914856,5,0.9218344205872497
76561198871872046,0,0.6039589643478394,5,0.9218344205872497
76561199548121161,0,0.07407583296298981,5,0.9218344205872497
76561199094708136,0,0.5496394634246826,5,0.9218344205872497
76561198811225374,0,0.888130247592926,5,0.9218344205872497
76561199009740589,0,0.003923850599676371,5,0.9218344205872497
76561198035943985,0,0.00710253557190299,5,0.9218344205872497
76561199376617943,0,0.018884727731347084,5,0.9218344205872497
76561199384116507,0,0.05396399274468422,5,0.9218344205872497
76561199256149678,0,0.03102225251495838,5,0.9218344205872497
76561198828706114,0,0.023843063041567802,5,0.9218344205872497
76561198200446573,1,0.9391857385635376,5,0.9218344205872497
76561199216541231,0,0.0036639089230448008,5,0.9218344205872497
76561198399055713,0,0.023220133036375046,5,0.9218344205872497
76561197975744801,0,0.1867302507162094,5,0.9218344205872497
76561198969576299,0,0.24836917221546173,5,0.9218344205872497
76561198122967951,1,0.6807730197906494,5,0.9218344205872497
76561197995541415,0,0.3402833044528961,5,0.9218344205872497
76561199204047535,0,0.09571351855993271,5,0.9218344205872497
76561198142587237,0,0.005658773705363274,5,0.9218344205872497
76561197998832178,0,0.38673943281173706,5,0.9218344205872497
76561198046373474,0,0.16651049256324768,5,0.9218344205872497
76561199100578330,0,0.022232139483094215,5,0.9218344205872497
76561198124284330,0,0.014574427157640457,5,0.9218344205872497
76561198167314478,0,0.9094042778015137,5,0.9218344205872497
76561199590196039,0,0.003923850599676371,5,0.9218344205872497
76561198207566488,0,0.003923850599676371,5,0.9218344205872497
76561199128160391,0,0.06903543323278427,5,0.9218344205872497
76561199060561825,0,0.19693413376808167,5,0.9218344205872497
76561198043384100,0,0.018519327044487,5,0.9218344205872497
76561199540179709,0,0.8289182782173157,5,0.9218344205872497
76561198878970666,0,0.003636601846665144,5,0.9218344205872497
76561198133170636,0,0.4518260359764099,5,0.9218344205872497
76561199084153296,0,0.010332169942557812,5,0.9218344205872497
76561199079951422,0,0.00894863996654749,5,0.9218344205872497
76561199156936272,0,0.004271593876183033,5,0.9218344205872497
76561198026732778,0,0.07674462348222733,5,0.9218344205872497
76561198334524306,0,0.04553375393152237,5,0.9218344205872497
76561198043246175,0,0.03475138545036316,5,0.9218344205872497
76561198448759134,0,0.003923850599676371,5,0.9218344205872497
76561198017123364,0,0.018678614869713783,5,0.9218344205872497
76561199477174626,0,0.051998451352119446,5,0.9218344205872497
76561198796209269,0,0.003817346878349781,5,0.9218344205872497
76561198039031916,0,0.0037507086526602507,5,0.9218344205872497
76561199171262076,0,0.28015047311782837,5,0.9218344205872497
76561199217076755,1,0.5933806300163269,5,0.9218344205872497
76561198333819028,0,0.0035786123480647802,5,0.9218344205872497
76561198935653605,0,0.20118801295757294,5,0.9218344205872497
76561199053452752,0,0.9503656625747681,5,0.9218344205872497
76561199479862609,0,0.003800130682066083,5,0.9218344205872497
76561197971073939,0,0.011826666072010994,5,0.9218344205872497
76561197985559567,0,0.009439169429242611,5,0.9218344205872497
76561198377282622,0,0.37929967045783997,5,0.9218344205872497
76561198096956850,0,0.02727937325835228,5,0.9218344205872497
76561199078690668,0,0.006559408735483885,5,0.9218344205872497
76561199078430327,0,0.6037159562110901,5,0.9218344205872497
76561199122847619,0,0.8423261046409607,5,0.9218344205872497
76561198389550911,0,0.005475661717355251,5,0.9218344205872497
76561198052368262,0,0.017378466203808784,5,0.9218344205872497
76561198253465500,0,0.005250805988907814,5,0.9218344205872497
76561197963798696,0,0.003935057669878006,5,0.9218344205872497
76561198098247389,0,0.004151531495153904,5,0.9218344205872497
76561198071296053,0,0.005356767680495977,5,0.9218344205872497
76561198050053232,0,0.009921353310346603,5,0.9218344205872497
76561198067883875,0,0.006051246542483568,5,0.9218344205872497
76561199367013240,0,0.0036505665630102158,5,0.9218344205872497
76561197993303299,0,0.01276717334985733,5,0.9218344205872497
76561198827480091,0,0.0040192087180912495,5,0.9218344205872497
76561199125445973,0,0.0057813976891338825,5,0.9218344205872497
76561198050015427,0,0.09205242991447449,5,0.9218344205872497
76561198177337265,0,0.0033877671230584383,5,0.9218344205872497
76561198106476181,0,0.2670716941356659,5,0.9218344205872497
76561197994799608,0,0.055126115679740906,5,0.9218344205872497
76561198888812136,0,0.0073506953194737434,5,0.9218344205872497
76561198318577931,0,0.00496520334854722,5,0.9218344205872497
76561198088958008,0,0.005531024187803268,5,0.9218344205872497
76561198085889584,0,0.005217036698013544,5,0.9218344205872497
76561198149296190,0,0.006514189764857292,5,0.9218344205872497
76561198852051262,0,0.7822906970977783,5,0.9218344205872497
76561199196373655,0,0.10720361024141312,5,0.9218344205872497
76561198863960019,0,0.00461945403367281,5,0.9218344205872497
76561198922706478,0,0.004108721390366554,5,0.9218344205872497
76561199063440068,0,0.004282563924789429,5,0.9218344205872497
76561198066552792,0,0.004017296712845564,5,0.9218344205872497
76561199139037317,0,0.12571227550506592,5,0.9218344205872497
76561198447007248,0,0.012989416718482971,5,0.9218344205872497
76561198047179623,0,0.0035984052810817957,5,0.9218344205872497
76561198339033111,0,0.14315344393253326,5,0.9218344205872497
76561198154788566,0,0.005663515999913216,5,0.9218344205872497
76561198281555230,0,0.1585662066936493,5,0.9218344205872497
76561199674726633,0,0.008929012343287468,5,0.9218344205872497
76561199131982617,0,0.005357115995138884,5,0.9218344205872497
76561198001491356,0,0.003634875873103738,5,0.9218344205872497
76561198058584649,0,0.005919093266129494,5,0.9218344205872497
76561199091125942,0,0.006419431883841753,5,0.9218344205872497
76561199305413463,1,0.9827438592910767,5,0.9218344205872497
76561198992312150,0,0.0032357601448893547,5,0.9218344205872497
76561198058186811,0,0.017403896898031235,5,0.9218344205872497
76561198049508940,0,0.12903781235218048,5,0.9218344205872497
76561199227239177,0,0.2570452392101288,5,0.9218344205872497
76561198168033424,0,0.4181821048259735,5,0.9218344205872497
76561198230105900,0,0.037738487124443054,5,0.9218344205872497
76561198110296663,0,0.28978976607322693,5,0.9218344205872497
76561199003919464,0,0.008535489439964294,5,0.9218344205872497
76561197968732805,0,0.20893776416778564,5,0.9218344205872497
76561199693823515,0,0.01585177332162857,5,0.9218344205872497
76561199155702817,0,0.012551041319966316,5,0.9218344205872497
76561197992313256,0,0.869839608669281,5,0.9218344205872497
76561199173063379,0,0.021864429116249084,5,0.9218344205872497
76561198123158340,0,0.0036099606659263372,5,0.9218344205872497
76561198153070745,0,0.5427491664886475,5,0.9218344205872497
76561198041181720,1,0.9899889230728149,5,0.9218344205872497
76561199040986156,0,0.01523518841713667,5,0.9218344205872497
76561198020895740,0,0.014416918158531189,5,0.9218344205872497
76561198198684349,0,0.9746228456497192,5,0.9218344205872497
76561198133957435,0,0.0075570507906377316,5,0.9218344205872497
76561198045358014,0,0.1123986542224884,5,0.9218344205872497
76561199137304306,0,0.004904360510408878,5,0.9218344205872497
76561198074528576,0,0.4521164000034332,5,0.9218344205872497
76561198025298111,0,0.02913116291165352,5,0.9218344205872497
76561198125067516,0,0.005688820034265518,5,0.9218344205872497
76561198084490291,0,0.005655115004628897,5,0.9218344205872497
76561198990063871,0,0.08706960827112198,5,0.9218344205872497
76561198088362458,0,0.007995006628334522,5,0.9218344205872497
76561198364070019,0,0.004855727776885033,5,0.9218344205872497
76561198366689108,0,0.0931125283241272,5,0.9218344205872497
76561199295217289,0,0.03931216523051262,5,0.9218344205872497
76561198076148953,0,0.00604229886084795,5,0.9218344205872497
76561199219394079,0,0.006629345007240772,5,0.9218344205872497
76561198424875536,0,0.03287283703684807,5,0.9218344205872497
76561198366068944,0,0.023338599130511284,5,0.9218344205872497
76561198183527490,0,0.004348946735262871,5,0.9218344205872497
76561198116968725,0,0.1842668205499649,5,0.9218344205872497
76561197999779090,0,0.1212036982178688,5,0.9218344205872497
76561198333294219,0,0.2751319408416748,5,0.9218344205872497
76561198861340122,0,0.00461945403367281,5,0.9218344205872497
76561198367131336,0,0.0044554597698152065,5,0.9218344205872497
76561198011266996,0,0.01190859079360962,5,0.9218344205872497
76561198196774995,0,0.009423622861504555,5,0.9218344205872497
76561198381685304,0,0.005123762413859367,5,0.9218344205872497
76561198986686242,0,0.008767771534621716,5,0.9218344205872497
76561199116598168,0,0.4152355194091797,5,0.9218344205872497
76561198202659091,0,0.011820249259471893,5,0.9218344205872497
76561197971325454,0,0.4402688145637512,5,0.9218344205872497
76561199441668039,1,0.9804759621620178,5,0.9218344205872497
76561199021110319,0,0.005531024187803268,5,0.9218344205872497
76561198037868624,0,0.004304036032408476,5,0.9218344205872497
76561198075669136,0,0.07123518735170364,5,0.9218344205872497
76561199222641962,0,0.019511796534061432,5,0.9218344205872497
76561198006733397,0,0.009795035235583782,5,0.9218344205872497
76561199161631030,0,0.008965528570115566,5,0.9218344205872497
76561199239658367,0,0.004537785425782204,5,0.9218344205872497
76561198116246940,0,0.008648314513266087,5,0.9218344205872497
76561199073521171,0,0.1590663641691208,5,0.9218344205872497
76561198829806825,0,0.005465974099934101,5,0.9218344205872497
76561198280095698,0,0.0040869382210075855,5,0.9218344205872497
76561199013457666,0,0.01931191049516201,5,0.9218344205872497
76561199048267747,0,0.981340229511261,5,0.9218344205872497
76561198175564791,0,0.0429135337471962,5,0.9218344205872497
76561199444641329,0,0.005257963668555021,5,0.9218344205872497
76561198851190245,0,0.003637045854702592,5,0.9218344205872497
76561198219932004,0,0.01367107592523098,5,0.9218344205872497
76561199520142384,0,0.011056387796998024,5,0.9218344205872497
76561198116552405,0,0.004494375549256802,5,0.9218344205872497
76561198379929313,0,0.003645520657300949,5,0.9218344205872497
76561199096215750,0,0.003510488662868738,5,0.9218344205872497
76561198838364359,0,0.01147167943418026,5,0.9218344205872497
76561198081075731,0,0.0077452100813388824,5,0.9218344205872497
76561199198548574,0,0.004353736061602831,5,0.9218344205872497
76561198253175053,0,0.005158105865120888,5,0.9218344205872497
76561198080171566,0,0.03866850212216377,5,0.9218344205872497
76561198218720755,0,0.03272109478712082,5,0.9218344205872497
76561199151598718,0,0.003923850599676371,5,0.9218344205872497
76561198367716374,0,0.23041842877864838,5,0.9218344205872497
76561198074114100,0,0.02004236914217472,5,0.9218344205872497
76561198877259128,0,0.11203665286302567,5,0.9218344205872497
76561197971340826,0,0.008907350711524487,5,0.9218344205872497
76561198359533926,0,0.030515719205141068,5,0.9218344205872497
76561198019154323,0,0.2512851059436798,5,0.9218344205872497
76561198067906343,0,0.2468547821044922,5,0.9218344205872497
76561198253019140,0,0.007015876937657595,5,0.9218344205872497
76561199121234180,0,0.0049026645720005035,5,0.9218344205872497
76561199109109593,1,0.9012589454650879,5,0.9218344205872497
76561198158783252,0,0.0038225073367357254,5,0.9218344205872497
76561198031694382,1,0.8568273782730103,5,0.9218344205872497
76561199148440732,0,0.026118751615285873,5,0.9218344205872497
76561198131519672,0,0.005368765443563461,5,0.9218344205872497
76561199011685099,0,0.016091257333755493,5,0.9218344205872497
76561198947561149,0,0.02173995040357113,5,0.9218344205872497
76561198980610335,0,0.53821861743927,5,0.9218344205872497
76561199472726310,0,0.22570686042308807,5,0.9218344205872497
76561197968766369,0,0.49592894315719604,5,0.9218344205872497
76561198438711033,0,0.01943623274564743,5,0.9218344205872497
76561197973111149,0,0.4949410855770111,5,0.9218344205872497
76561198168310689,0,0.00356220081448555,5,0.9218344205872497
76561199083933084,0,0.034082233905792236,5,0.9218344205872497
76561198855556686,0,0.016124049201607704,5,0.9218344205872497
76561198854175322,0,0.20388562977313995,5,0.9218344205872497
76561198017650928,0,0.3313903212547302,5,0.9218344205872497
76561197996846619,0,0.013522299937903881,5,0.9218344205872497
76561199383237161,0,0.4142298102378845,5,0.9218344205872497
76561198799453472,0,0.23783352971076965,5,0.9218344205872497
76561199105810360,0,0.054248664528131485,5,0.9218344205872497
76561199218097539,0,0.012334868311882019,5,0.9218344205872497
76561198062592211,0,0.011402713134884834,5,0.9218344205872497
76561198308808957,0,0.20034855604171753,5,0.9218344205872497
76561198057361054,0,0.06163766607642174,5,0.9218344205872497
76561198010072483,0,0.005158751737326384,5,0.9218344205872497
76561197960294193,0,0.00757397897541523,5,0.9218344205872497
76561198822307260,0,0.029709219932556152,5,0.9218344205872497
76561198952483206,0,0.03818098455667496,5,0.9218344205872497
76561198130216985,0,0.45898354053497314,5,0.9218344205872497
76561198963754763,0,0.00917088333517313,5,0.9218344205872497
76561198023782261,0,0.00733249681070447,5,0.9218344205872497
76561198444647728,0,0.3543359935283661,5,0.9218344205872497
76561197960710743,0,0.003923850599676371,5,0.9218344205872497
76561197996850774,0,0.0049801901914179325,5,0.9218344205872497
76561198213740085,0,0.13323767483234406,5,0.9218344205872497
76561198024998572,0,0.006465743761509657,5,0.9218344205872497
76561198326395272,0,0.007190397009253502,5,0.9218344205872497
76561198003301266,0,0.01268042717128992,5,0.9218344205872497
76561199259121724,0,0.0374540239572525,5,0.9218344205872497
76561198449676964,0,0.012544644065201283,5,0.9218344205872497
76561198290949708,0,0.009128151461482048,5,0.9218344205872497
76561199037481972,0,0.0050670490600168705,5,0.9218344205872497
76561198031365925,0,0.005921332165598869,5,0.9218344205872497
76561198413058252,0,0.014474956318736076,5,0.9218344205872497
76561197970483020,0,0.05480615049600601,5,0.9218344205872497
76561198326025804,0,0.01876814290881157,5,0.9218344205872497
76561198103934953,0,0.007381618022918701,5,0.9218344205872497
76561198966809989,0,0.3404650390148163,5,0.9218344205872497
76561198050123080,0,0.009022709913551807,5,0.9218344205872497
76561198005635680,0,0.01991613395512104,5,0.9218344205872497
76561199194571887,0,0.007060972973704338,5,0.9218344205872497
76561197985995718,0,0.009209230542182922,5,0.9218344205872497
76561198001771160,0,0.0036262080539017916,5,0.9218344205872497
76561198312436385,1,0.9890369772911072,5,0.9218344205872497
76561198134831286,1,0.98294997215271,5,0.9218344205872497
76561198840099558,0,0.029000278562307358,5,0.9218344205872497
76561198861743830,0,0.004403675906360149,5,0.9218344205872497
76561198436407251,0,0.021377813071012497,5,0.9218344205872497
76561198125883201,0,0.3750317096710205,5,0.9218344205872497
76561198223867076,0,0.034422311931848526,5,0.9218344205872497
76561198876181480,0,0.005806703120470047,5,0.9218344205872497
76561198079417290,0,0.009514249861240387,5,0.9218344205872497
76561198080142037,0,0.013750238344073296,5,0.9218344205872497
76561198080329519,0,0.019344352185726166,5,0.9218344205872497
76561199127999615,0,0.908237636089325,5,0.9218344205872497
76561198193493373,0,0.12781643867492676,5,0.9218344205872497
76561198058736898,0,0.0037639900110661983,5,0.9218344205872497
76561198821718878,0,0.007361747324466705,5,0.9218344205872497
76561199027622062,0,0.007850334979593754,5,0.9218344205872497
76561198088848504,0,0.052327901124954224,5,0.9218344205872497
76561199109220790,0,0.034234363585710526,5,0.9218344205872497
76561199385830115,1,0.9209601879119873,5,0.9218344205872497
76561199389769596,0,0.003923850599676371,5,0.9218344205872497
76561199233130122,0,0.041577957570552826,5,0.9218344205872497
76561199118400207,0,0.8323151469230652,5,0.9218344205872497
76561198979952869,0,0.3155275881290436,5,0.9218344205872497
76561198409529219,0,0.4996851086616516,5,0.9218344205872497
76561199235246721,0,0.01283215545117855,5,0.9218344205872497
76561198966518222,0,0.019862040877342224,5,0.9218344205872497
76561198116891071,0,0.017786644399166107,5,0.9218344205872497
76561198105238409,0,0.07822179049253464,5,0.9218344205872497
76561198336668148,0,0.8742533922195435,5,0.9218344205872497
76561199389137638,0,0.004405168816447258,5,0.9218344205872497
76561198373259624,0,0.0035617302637547255,5,0.9218344205872497
76561198302274111,0,0.05996669828891754,5,0.9218344205872497
76561198280891504,0,0.16570092737674713,5,0.9218344205872497
76561199094695339,0,0.07747551798820496,5,0.9218344205872497
76561198155604052,0,0.2606043219566345,5,0.9218344205872497
76561197985803479,0,0.003718941006809473,5,0.9218344205872497
76561198297077060,0,0.003554315771907568,5,0.9218344205872497
76561199125194851,0,0.9101912379264832,5,0.9218344205872497
76561199061685199,1,0.9483025074005127,5,0.9218344205872497
76561199453521429,0,0.1040642037987709,5,0.9218344205872497
76561198111995330,0,0.07316038012504578,5,0.9218344205872497
76561198876277691,1,0.9888318777084351,5,0.9218344205872497
76561197961292249,0,0.29628950357437134,5,0.9218344205872497
76561198215224835,0,0.0032229775097221136,5,0.9218344205872497
76561198049918876,0,0.31405943632125854,5,0.9218344205872497
76561198148981447,0,0.014240293763577938,5,0.9218344205872497
76561199093646368,0,0.007415379863232374,5,0.9218344205872497
76561198067383513,0,0.012181469239294529,5,0.9218344205872497
76561198356158794,0,0.07131937146186829,5,0.9218344205872497
76561197987562568,0,0.563383936882019,5,0.9218344205872497
76561198377150447,0,0.296101838350296,5,0.9218344205872497
76561198146559679,0,0.004311286844313145,5,0.9218344205872497
76561198889497585,0,0.019063280895352364,5,0.9218344205872497
76561197994421296,0,0.06995176523923874,5,0.9218344205872497
76561198053408805,0,0.028686251491308212,5,0.9218344205872497
76561198280691207,0,0.01409665122628212,5,0.9218344205872497
76561198156487130,0,0.005671781953424215,5,0.9218344205872497
76561198055070974,0,0.08558660745620728,5,0.9218344205872497
76561199792069183,0,0.015294793993234634,5,0.9218344205872497
76561198400541428,0,0.011333093978464603,5,0.9218344205872497
76561197984548417,0,0.13226793706417084,5,0.9218344205872497
76561198209664323,0,0.004852341953665018,5,0.9218344205872497
76561198169293586,0,0.0042302776128053665,5,0.9218344205872497
76561198392841592,0,0.055206794291734695,5,0.9218344205872497
76561199804391788,0,0.004725069273263216,5,0.9218344205872497
76561198028181969,0,0.009510889649391174,5,0.9218344205872497
76561198158844484,0,0.003257791744545102,5,0.9218344205872497
76561199568646963,0,0.05859653651714325,5,0.9218344205872497
76561198373670772,0,0.36754468083381653,5,0.9218344205872497
76561199227638992,0,0.01021447591483593,5,0.9218344205872497
76561198088007371,0,0.12398342043161392,5,0.9218344205872497
76561199074648014,0,0.004276736173778772,5,0.9218344205872497
76561198017436103,0,0.969356119632721,5,0.9218344205872497
76561198053223931,0,0.00393042154610157,5,0.9218344205872497
76561198047779764,0,0.008858626708388329,5,0.9218344205872497
76561198856810416,0,0.004821395967155695,5,0.9218344205872497
76561198025315341,0,0.003522922983393073,5,0.9218344205872497
76561198024375740,0,0.0036796608474105597,5,0.9218344205872497
76561198046795760,0,0.005028690677136183,5,0.9218344205872497
76561198254167464,0,0.0041734082624316216,5,0.9218344205872497
76561199112373067,0,0.2212921679019928,5,0.9218344205872497
76561198149941283,0,0.011538402177393436,5,0.9218344205872497
76561198059350317,0,0.045535117387771606,5,0.9218344205872497
76561198055151330,0,0.00820773746818304,5,0.9218344205872497
76561198847057235,0,0.00614583445712924,5,0.9218344205872497
76561198181094627,0,0.003703501308336854,5,0.9218344205872497
76561198148916922,0,0.0031415231060236692,5,0.9218344205872497
76561198051359250,0,0.004358723759651184,5,0.9218344205872497
76561197978975173,0,0.03144024312496185,5,0.9218344205872497
76561199082345802,0,0.9275768399238586,5,0.9218344205872497
76561198119187552,0,0.005158105865120888,5,0.9218344205872497
76561198010618006,0,0.0036146044731140137,5,0.9218344205872497
76561198358595815,0,0.047109972685575485,5,0.9218344205872497
76561199365914476,0,0.17355141043663025,5,0.9218344205872497
76561199010152767,0,0.00875463243573904,5,0.9218344205872497
76561199142832799,0,0.004742921330034733,5,0.9218344205872497
76561198128214884,0,0.007578349206596613,5,0.9218344205872497
76561199176329021,0,0.004256591200828552,5,0.9218344205872497
76561199602192345,0,0.05291745066642761,5,0.9218344205872497
76561198271875474,0,0.045003943145275116,5,0.9218344205872497
76561198804233131,0,0.3477844297885895,5,0.9218344205872497
76561199017150587,1,0.9780201315879822,5,0.9218344205872497
76561198099765116,0,0.006899478379637003,5,0.9218344205872497
76561198119034944,0,0.020486539229750633,5,0.9218344205872497
76561198364259368,0,0.003923850599676371,5,0.9218344205872497
76561198799761861,0,0.12022324651479721,5,0.9218344205872497
76561199157151967,0,0.04898948222398758,5,0.9218344205872497
76561197960324849,0,0.09109161049127579,5,0.9218344205872497
76561198351425761,0,0.003977554384618998,5,0.9218344205872497
76561198841390134,0,0.9334290027618408,5,0.9218344205872497
76561198172168083,1,0.8600690960884094,5,0.9218344205872497
76561199215774801,0,0.7790173292160034,5,0.9218344205872497
76561198876670157,0,0.1689884215593338,5,0.9218344205872497
76561198440873411,0,0.005072094965726137,5,0.9218344205872497
76561198277834555,0,0.051223959773778915,5,0.9218344205872497
76561199225969292,0,0.09624139219522476,5,0.9218344205872497
76561198927715918,0,0.004257216118276119,5,0.9218344205872497
76561199103651916,0,0.33197906613349915,5,0.9218344205872497
76561198354571576,0,0.004985130857676268,5,0.9218344205872497
76561198033743377,0,0.10446926951408386,5,0.9218344205872497
76561198824327363,0,0.00435814680531621,5,0.9218344205872497
76561199234990738,0,0.009657949209213257,5,0.9218344205872497
76561198131259965,0,0.20586904883384705,5,0.9218344205872497
76561197995537944,0,0.3800545334815979,5,0.9218344205872497
76561198054260563,0,0.009654981084167957,5,0.9218344205872497
76561198212544087,0,0.09584252536296844,5,0.9218344205872497
76561199104750048,0,0.0081141022965312,5,0.9218344205872497
76561199121634648,0,0.0058794631622731686,5,0.9218344205872497
76561197968350681,0,0.3250758945941925,5,0.9218344205872497
76561198342958471,0,0.32900235056877136,5,0.9218344205872497
76561198452249125,0,0.028807850554585457,5,0.9218344205872497
76561199119046232,0,0.007745005190372467,5,0.9218344205872497
76561198077309502,0,0.025959055870771408,5,0.9218344205872497
76561198197020778,0,0.03576688468456268,5,0.9218344205872497
76561198086570049,0,0.006783966440707445,5,0.9218344205872497
76561198111027126,0,0.06858770549297333,5,0.9218344205872497
76561198867682168,0,0.0852949321269989,5,0.9218344205872497
76561199066053536,0,0.004567028488963842,5,0.9218344205872497
76561199027518616,0,0.0747516080737114,5,0.9218344205872497
76561198028192513,0,0.008016099222004414,5,0.9218344205872497
76561199482921730,1,0.6532925367355347,5,0.9218344205872497
76561198866467196,1,0.9803043007850647,5,0.9218344205872497
76561198344738630,0,0.005830500274896622,5,0.9218344205872497
76561198081212671,0,0.5122805833816528,5,0.9218344205872497
76561198042954978,0,0.0059348042123019695,5,0.9218344205872497
76561199053044421,0,0.011789419688284397,5,0.9218344205872497
76561198022858436,0,0.005633805878460407,5,0.9218344205872497
76561197987370395,0,0.9657934904098511,5,0.9218344205872497
76561198094089593,0,0.014222941361367702,5,0.9218344205872497
76561198041311882,0,0.9568043351173401,5,0.9218344205872497
76561198029403735,0,0.0048964847810566425,5,0.9218344205872497
76561198047322261,0,0.4300854504108429,5,0.9218344205872497
76561198114916015,0,0.03598921000957489,5,0.9218344205872497
76561198066263076,0,0.011144517920911312,5,0.9218344205872497
76561198285958960,0,0.003510488662868738,5,0.9218344205872497
76561198309490750,0,0.03804071247577667,5,0.9218344205872497
76561199198046380,0,0.8275464177131653,5,0.9218344205872497
76561198882691676,0,0.3109776973724365,5,0.9218344205872497
76561199587081878,0,0.003923850599676371,5,0.9218344205872497
76561198006642425,0,0.04626962170004845,5,0.9218344205872497
76561199070066686,0,0.3405894637107849,5,0.9218344205872497
76561198182274766,0,0.24968886375427246,5,0.9218344205872497
76561198339986695,0,0.5433933138847351,5,0.9218344205872497
76561198212566053,0,0.9868450164794922,5,0.9218344205872497
76561198058956716,0,0.007619648706167936,5,0.9218344205872497
76561199193867712,0,0.01647345721721649,5,0.9218344205872497
76561198340742456,0,0.005745551083236933,5,0.9218344205872497
76561199126840524,0,0.003438453422859311,5,0.9218344205872497
76561199072342811,0,0.01350497081875801,5,0.9218344205872497
76561198162215421,0,0.0361524261534214,5,0.9218344205872497
76561198106322170,0,0.004775929264724255,5,0.9218344205872497
76561198230676560,0,0.18157291412353516,5,0.9218344205872497
76561198044033036,0,0.01631024107336998,5,0.9218344205872497
76561198112308003,0,0.0035140502732247114,5,0.9218344205872497
76561199251552499,0,0.05607088282704353,5,0.9218344205872497
76561198150218642,0,0.12561176717281342,5,0.9218344205872497
76561198088361755,0,0.01911078579723835,5,0.9218344205872497
76561197990744178,0,0.12775452435016632,5,0.9218344205872497
76561198271615877,0,0.35808539390563965,5,0.9218344205872497
76561198842310794,0,0.0035614073276519775,5,0.9218344205872497
76561198811832386,0,0.006065957248210907,5,0.9218344205872497
76561198990314485,0,0.024721385911107063,5,0.9218344205872497
76561199057579927,0,0.01371070183813572,5,0.9218344205872497
76561198026818187,0,0.004379736725240946,5,0.9218344205872497
76561199117384222,0,0.007458786480128765,5,0.9218344205872497
76561198247478830,0,0.1821327656507492,5,0.9218344205872497
76561199229531279,0,0.01563922129571438,5,0.9218344205872497
76561199437622693,0,0.004492208827286959,5,0.9218344205872497
76561199039958167,0,0.01092949602752924,5,0.9218344205872497
76561198348013519,0,0.13553279638290405,5,0.9218344205872497
76561197978740381,0,0.012822531163692474,5,0.9218344205872497
76561199040152571,0,0.008678929880261421,5,0.9218344205872497
76561198023344595,0,0.8376652598381042,5,0.9218344205872497
76561199045129971,0,0.005561423487961292,5,0.9218344205872497
76561198420092788,0,0.8776615262031555,5,0.9218344205872497
76561198016540495,0,0.006990840192884207,5,0.9218344205872497
76561198984050536,0,0.003986670169979334,5,0.9218344205872497
76561198129543160,0,0.003681349568068981,5,0.9218344205872497
76561199198925343,0,0.20824523270130157,5,0.9218344205872497
76561198982084407,0,0.004059682600200176,5,0.9218344205872497
76561198330916429,0,0.021684328094124794,5,0.9218344205872497
76561198184997835,0,0.005386797711253166,5,0.9218344205872497
76561198218883233,0,0.006246768403798342,5,0.9218344205872497
76561198262094012,0,0.05083335563540459,5,0.9218344205872497
76561199065403820,0,0.2350858747959137,5,0.9218344205872497
76561198379838408,0,0.9015681147575378,5,0.9218344205872497
76561198055640787,0,0.3194545805454254,5,0.9218344205872497
76561199074178728,0,0.3568742573261261,5,0.9218344205872497
76561198850174173,0,0.009859910234808922,5,0.9218344205872497
76561199354126254,0,0.3708581030368805,5,0.9218344205872497
76561198007947433,0,0.5742829442024231,5,0.9218344205872497
76561199082264516,0,0.02684529684484005,5,0.9218344205872497
76561198053839671,0,0.029613757506012917,5,0.9218344205872497
76561198088967716,0,0.4833151698112488,5,0.9218344205872497
76561199108708167,0,0.005208550486713648,5,0.9218344205872497
76561199434098367,1,0.8380587697029114,5,0.9218344205872497
76561198963086058,0,0.3140067160129547,5,0.9218344205872497
76561199477830239,0,0.05334080755710602,5,0.9218344205872497
76561198157739590,0,0.003894626395776868,5,0.9218344205872497
76561198070619887,0,0.020446069538593292,5,0.9218344205872497
76561198118462860,1,0.9769858717918396,5,0.9218344205872497
76561199033302312,1,0.9279574155807495,5,0.9218344205872497
76561197964370301,0,0.004904360510408878,5,0.9218344205872497
76561199008057487,0,0.006255702115595341,5,0.9218344205872497
76561197999338469,0,0.005320940166711807,5,0.9218344205872497
76561198002622608,0,0.48628437519073486,5,0.9218344205872497
76561198371185843,0,0.013980009593069553,5,0.9218344205872497
76561199376465271,0,0.014761075377464294,5,0.9218344205872497
76561198318399363,0,0.22087273001670837,5,0.9218344205872497
76561199575895241,0,0.031084349378943443,5,0.9218344205872497
76561198053162795,0,0.0069527896121144295,5,0.9218344205872497
76561198058301307,0,0.08014874905347824,5,0.9218344205872497
76561198126469504,0,0.22968116402626038,5,0.9218344205872497
76561198856128145,0,0.3275793194770813,5,0.9218344205872497
76561199072822775,0,0.003297071671113372,5,0.9218344205872497
76561199000773416,0,0.018296029418706894,5,0.9218344205872497
76561198395551272,0,0.03943117707967758,5,0.9218344205872497
76561199033919364,0,0.10766388475894928,5,0.9218344205872497
76561198031561794,0,0.005479675251990557,5,0.9218344205872497
76561198120639387,0,0.00424382695928216,5,0.9218344205872497
76561199141685684,0,0.003907985053956509,5,0.9218344205872497
76561198967365915,0,0.016839465126395226,5,0.9218344205872497
76561198212887189,0,0.008138500154018402,5,0.9218344205872497
76561198011577286,0,0.14395104348659515,5,0.9218344205872497
76561199209326550,0,0.02422860451042652,5,0.9218344205872497
76561197996254674,0,0.5042812824249268,5,0.9218344205872497
76561198122648454,0,0.008230825886130333,5,0.9218344205872497
76561198156141129,0,0.1504155844449997,5,0.9218344205872497
76561199145564672,0,0.0038535252679139376,5,0.9218344205872497
76561198069076906,0,0.037313707172870636,5,0.9218344205872497
76561199752324263,0,0.005644910503178835,5,0.9218344205872497
76561198049281780,0,0.005125270690768957,5,0.9218344205872497
76561199088190337,0,0.00402407580986619,5,0.9218344205872497
76561199132692883,0,0.008668040856719017,5,0.9218344205872497
76561198106262452,0,0.004457380156964064,5,0.9218344205872497
76561199014152663,0,0.003923850599676371,5,0.9218344205872497
76561199123244353,0,0.10014213621616364,5,0.9218344205872497
76561198018633659,0,0.012932208366692066,5,0.9218344205872497
76561198167723723,0,0.8760654330253601,5,0.9218344205872497
76561198323240711,0,0.12110640108585358,5,0.9218344205872497
76561199238071237,1,0.9569083452224731,5,0.9218344205872497
76561199229780460,0,0.07648397237062454,5,0.9218344205872497
76561198216558745,0,0.005800111684948206,5,0.9218344205872497
76561198978162267,0,0.006466408725827932,5,0.9218344205872497
76561199208555379,0,0.06202905625104904,5,0.9218344205872497
76561198308069535,0,0.006676991004496813,5,0.9218344205872497
76561199170160636,0,0.008155720308423042,5,0.9218344205872497
76561198817939478,0,0.010957608930766582,5,0.9218344205872497
76561198084463249,0,0.9839655160903931,5,0.9218344205872497
76561198168339898,0,0.003897050628438592,5,0.9218344205872497
76561198047775854,0,0.007195654325187206,5,0.9218344205872497
76561199127836961,0,0.0179140642285347,5,0.9218344205872497
76561198917551494,0,0.010064894333481789,5,0.9218344205872497
76561199003940162,0,0.008907350711524487,5,0.9218344205872497
76561199201595812,0,0.06166338920593262,5,0.9218344205872497
76561198031906373,0,0.13832126557826996,5,0.9218344205872497
76561199111687687,1,0.9817564487457275,5,0.9218344205872497
76561198978784531,0,0.9508833289146423,5,0.9218344205872497
76561199791835643,0,0.004593845922499895,5,0.9218344205872497
76561198086015790,0,0.00402696430683136,5,0.9218344205872497
76561198079649965,0,0.004273491911590099,5,0.9218344205872497
76561198102023235,0,0.00339619442820549,5,0.9218344205872497
76561198448103502,0,0.01493720430880785,5,0.9218344205872497
76561198443096285,0,0.0171935074031353,5,0.9218344205872497
76561198052496618,0,0.003932621330022812,5,0.9218344205872497
76561198107812955,0,0.007077112328261137,5,0.9218344205872497
76561198199111711,0,0.0046320524998009205,5,0.9218344205872497
76561199190785779,0,0.013969075866043568,5,0.9218344205872497
76561198292674639,0,0.005987070966511965,5,0.9218344205872497
76561198039467108,0,0.011922390200197697,5,0.9218344205872497
76561198260319844,0,0.495158314704895,5,0.9218344205872497
76561198832532007,0,0.04789730906486511,5,0.9218344205872497
76561198052824349,0,0.007535161450505257,5,0.9218344205872497
76561198974435463,0,0.0037704005371779203,5,0.9218344205872497
76561198154963704,0,0.06417979300022125,5,0.9218344205872497
76561198979708434,0,0.023220133036375046,5,0.9218344205872497
76561198040936790,0,0.8131074905395508,5,0.9218344205872497
76561199380335591,0,0.024473952129483223,5,0.9218344205872497
76561197994381442,0,0.03535645827651024,5,0.9218344205872497
76561198926892376,0,0.004242749884724617,5,0.9218344205872497
76561197971716114,0,0.2944119870662689,5,0.9218344205872497
76561198178088793,0,0.0662827119231224,5,0.9218344205872497
76561198859755728,0,0.005531024187803268,5,0.9218344205872497
76561199063853459,0,0.01235473994165659,5,0.9218344205872497
76561199100300242,0,0.05954855680465698,5,0.9218344205872497
76561198314482424,0,0.3249282240867615,5,0.9218344205872497
76561198063009816,0,0.008164793252944946,5,0.9218344205872497
76561198242398716,0,0.004841943271458149,5,0.9218344205872497
76561198802971552,0,0.29899394512176514,5,0.9218344205872497
76561198409778032,0,0.005224906839430332,5,0.9218344205872497
76561198008345120,0,0.0035824126098304987,5,0.9218344205872497
76561198157472158,0,0.0070451898500323296,5,0.9218344205872497
76561198120479181,1,0.9667525887489319,5,0.9218344205872497
76561198035268396,0,0.8491522073745728,5,0.9218344205872497
76561198165028748,0,0.005457579158246517,5,0.9218344205872497
76561198015321787,0,0.024069318547844887,5,0.9218344205872497
76561198798207051,0,0.006336456164717674,5,0.9218344205872497
76561198114653720,0,0.7210693359375,5,0.9218344205872497
76561198143877829,0,0.06769055128097534,5,0.9218344205872497
76561198101304783,0,0.0076768589206039906,5,0.9218344205872497
76561199214242579,0,0.9895680546760559,5,0.9218344205872497
76561198007691053,0,0.5041022300720215,5,0.9218344205872497
76561198869916267,0,0.08900303393602371,5,0.9218344205872497
76561199380032601,0,0.003927277401089668,5,0.9218344205872497
76561198067171097,0,0.0060242414474487305,5,0.9218344205872497
76561198018588043,0,0.010510442778468132,5,0.9218344205872497
76561198149603743,1,0.9819611310958862,5,0.9218344205872497
76561198140404224,0,0.008653270080685616,5,0.9218344205872497
76561198001398831,0,0.8813055157661438,5,0.9218344205872497
76561198316090016,0,0.00486064562574029,5,0.9218344205872497
76561198304213452,0,0.0059288376942276955,5,0.9218344205872497
76561199212830746,0,0.0037801996804773808,5,0.9218344205872497
76561199248026398,0,0.027992503717541695,5,0.9218344205872497
76561199121419920,0,0.0034949518740177155,5,0.9218344205872497
76561198375554265,0,0.025735756382346153,5,0.9218344205872497
76561199181794230,0,0.026372451335191727,5,0.9218344205872497
76561199086177202,0,0.010357573628425598,5,0.9218344205872497
76561198420218716,0,0.24218809604644775,5,0.9218344205872497
76561198024978444,0,0.5870488286018372,5,0.9218344205872497
76561198053745111,0,0.6885572671890259,5,0.9218344205872497
76561198143713100,0,0.026980433613061905,5,0.9218344205872497
76561199056658970,0,0.7429795861244202,5,0.9218344205872497
76561198309464441,0,0.11173945665359497,5,0.9218344205872497
76561199062105974,0,0.007124463561922312,5,0.9218344205872497
76561198969065620,0,0.02219546027481556,5,0.9218344205872497
76561199084928556,0,0.012579374015331268,5,0.9218344205872497
76561198056146256,0,0.09100493043661118,5,0.9218344205872497
76561199059568352,0,0.003547497559338808,5,0.9218344205872497
76561198416368037,0,0.022764407098293304,5,0.9218344205872497
76561198401268391,0,0.009726661257445812,5,0.9218344205872497
76561198333812719,0,0.09641629457473755,5,0.9218344205872497
76561197995712011,0,0.11360704898834229,5,0.9218344205872497
76561199249307445,0,0.04899245873093605,5,0.9218344205872497
76561198261702669,0,0.004621462896466255,5,0.9218344205872497
76561199172518496,0,0.015424435958266258,5,0.9218344205872497
76561198066510774,0,0.00600953446701169,5,0.9218344205872497
76561199014361192,0,0.003346402198076248,5,0.9218344205872497
76561199348674250,0,0.0041666473262012005,5,0.9218344205872497
76561198864364698,0,0.012877015396952629,5,0.9218344205872497
76561199070791802,0,0.008897565305233002,5,0.9218344205872497
76561198343824642,1,0.37260890007019043,5,0.9218344205872497
76561198825203098,0,0.011779719032347202,5,0.9218344205872497
76561198325741382,0,0.01542723085731268,5,0.9218344205872497
76561198170440905,0,0.004595913924276829,5,0.9218344205872497
76561199124170061,0,0.9375947713851929,5,0.9218344205872497
76561198009909710,0,0.00697396881878376,5,0.9218344205872497
76561199385020241,0,0.003777359612286091,5,0.9218344205872497
76561198097507123,0,0.10257923603057861,5,0.9218344205872497
76561198035529144,0,0.006170310545712709,5,0.9218344205872497
76561198141270575,0,0.003923850599676371,5,0.9218344205872497
76561198966506485,0,0.3320014178752899,5,0.9218344205872497
76561198209445885,0,0.023951031267642975,5,0.9218344205872497
76561198984767398,0,0.026660971343517303,5,0.9218344205872497
76561198243294112,0,0.00670081190764904,5,0.9218344205872497
76561199227385939,0,0.0083875497803092,5,0.9218344205872497
76561198433271508,0,0.06455966085195541,5,0.9218344205872497
76561198190526054,0,0.0035919758956879377,5,0.9218344205872497
76561199812329728,0,0.023822305724024773,5,0.9218344205872497
76561198123561201,0,0.029661642387509346,5,0.9218344205872497
76561199242858662,0,0.004694669507443905,5,0.9218344205872497
76561199688636770,0,0.0077354032546281815,5,0.9218344205872497
76561199230658860,0,0.004908959846943617,5,0.9218344205872497
76561199015013304,0,0.014650922268629074,5,0.9218344205872497
76561199105661939,0,0.05219496414065361,5,0.9218344205872497
76561198268680076,0,0.01267383061349392,5,0.9218344205872497
76561198004984390,0,0.12161241471767426,5,0.9218344205872497
76561198058246694,0,0.011285839602351189,5,0.9218344205872497
76561197970986216,0,0.34056204557418823,5,0.9218344205872497
76561199173527842,0,0.007622832898050547,5,0.9218344205872497
76561198154885591,0,0.006342827342450619,5,0.9218344205872497
76561198349690185,0,0.48252174258232117,5,0.9218344205872497
76561199302491464,0,0.079156294465065,5,0.9218344205872497
76561198313264628,0,0.5730758905410767,5,0.9218344205872497
76561198014017416,0,0.016568591818213463,5,0.9218344205872497
76561199076705536,0,0.004839490167796612,5,0.9218344205872497
76561198077041202,0,0.027467863634228706,5,0.9218344205872497
76561199162721121,0,0.004120392259210348,5,0.9218344205872497
76561199162484829,0,0.021082233637571335,5,0.9218344205872497
76561199363407442,0,0.018955660983920097,5,0.9218344205872497
76561198277305846,0,0.003779606893658638,5,0.9218344205872497
76561198205540340,0,0.01187713909894228,5,0.9218344205872497
76561199072779279,0,0.05851345136761665,5,0.9218344205872497
76561198025738264,0,0.706032395362854,5,0.9218344205872497
76561199053643641,0,0.09055828303098679,5,0.9218344205872497
76561198043820242,1,0.8068390488624573,5,0.9218344205872497
76561198093494325,0,0.00455856928601861,5,0.9218344205872497
76561198092046193,0,0.8608007431030273,5,0.9218344205872497
76561198505150814,0,0.0240364670753479,5,0.9218344205872497
76561198077991625,0,0.8506574630737305,5,0.9218344205872497
76561198279613007,0,0.007361747324466705,5,0.9218344205872497
76561198291377036,0,0.2580362558364868,5,0.9218344205872497
76561198097303984,0,0.394438236951828,5,0.9218344205872497
76561198967705333,0,0.01096863579005003,5,0.9218344205872497
76561198340916383,0,0.176315575838089,5,0.9218344205872497
76561198305210849,1,0.9172252416610718,5,0.9218344205872497
76561198094480887,0,0.05089245364069939,5,0.9218344205872497
76561198445403382,0,0.30183306336402893,5,0.9218344205872497
76561198961532505,0,0.0054616546258330345,5,0.9218344205872497
76561199210710822,0,0.004304036032408476,5,0.9218344205872497
76561199121517293,0,0.0699000433087349,5,0.9218344205872497
76561198129188461,0,0.023221950978040695,5,0.9218344205872497
76561198043240721,0,0.004216240253299475,5,0.9218344205872497
76561199027105642,0,0.0032336863223463297,5,0.9218344205872497
76561198957655907,0,0.008978578262031078,5,0.9218344205872497
76561198066519644,0,0.0036925142630934715,5,0.9218344205872497
76561198007278167,0,0.08296189457178116,5,0.9218344205872497
76561198026268036,0,0.18086138367652893,5,0.9218344205872497
76561199235846548,0,0.11393526196479797,5,0.9218344205872497
76561199072893656,0,0.0031415231060236692,5,0.9218344205872497
76561199028025059,0,0.004904360510408878,5,0.9218344205872497
76561198301694428,0,0.05558082088828087,5,0.9218344205872497
76561198139365401,0,0.004365985281765461,5,0.9218344205872497
76561199283158360,0,0.014588617719709873,5,0.9218344205872497
76561198119318891,0,0.004683749284595251,5,0.9218344205872497
76561199612801932,0,0.004899338819086552,5,0.9218344205872497
76561198380532931,0,0.004651766270399094,5,0.9218344205872497
76561198271766702,0,0.008822926320135593,5,0.9218344205872497
76561198171499122,0,0.14472725987434387,5,0.9218344205872497
76561198255416679,0,0.005034303292632103,5,0.9218344205872497
76561198004815777,0,0.5765575766563416,5,0.9218344205872497
76561199076809189,0,0.003270878689363599,5,0.9218344205872497
76561199147307879,0,0.006425335071980953,5,0.9218344205872497
76561199185880082,0,0.007806864101439714,5,0.9218344205872497
76561198081890160,0,0.32722926139831543,5,0.9218344205872497
76561198968711577,0,0.005999715533107519,5,0.9218344205872497
76561198056488142,0,0.10407450795173645,5,0.9218344205872497
76561198404724222,0,0.04593539237976074,5,0.9218344205872497
76561199100531534,1,0.9092462062835693,5,0.9218344205872497
76561198008836989,0,0.0053948815912008286,5,0.9218344205872497
76561199091334198,0,0.0730261355638504,5,0.9218344205872497
76561198198421173,0,0.02308112382888794,5,0.9218344205872497
76561199441652044,0,0.0050427550449967384,5,0.9218344205872497
76561198096855988,0,0.008653711527585983,5,0.9218344205872497
76561199086055377,0,0.00461945403367281,5,0.9218344205872497
76561198125079289,0,0.02126767858862877,5,0.9218344205872497
76561198025126815,0,0.004922693129628897,5,0.9218344205872497
76561198058387606,0,0.023135246708989143,5,0.9218344205872497
76561198862717481,0,0.03985869884490967,5,0.9218344205872497
76561198219975633,0,0.013847867026925087,5,0.9218344205872497
76561198967285809,0,0.2966287434101105,5,0.9218344205872497
76561198882287082,0,0.029830249026417732,5,0.9218344205872497
76561198979787531,0,0.004299347288906574,5,0.9218344205872497
76561199699620394,0,0.01588274911046028,5,0.9218344205872497
76561198156439609,0,0.004671453032642603,5,0.9218344205872497
76561199084347774,0,0.004947013687342405,5,0.9218344205872497
76561198126139878,0,0.004806033801287413,5,0.9218344205872497
76561199527147450,0,0.00875463243573904,5,0.9218344205872497
76561198002929439,0,0.004470747895538807,5,0.9218344205872497
76561199245525668,0,0.003547527827322483,5,0.9218344205872497
76561198044452992,0,0.006700172089040279,5,0.9218344205872497
76561198880750943,0,0.7132766246795654,5,0.9218344205872497
76561198809483878,0,0.0038558398373425007,5,0.9218344205872497
76561198935315621,0,0.042795781046152115,5,0.9218344205872497
76561198826017401,0,0.9609562754631042,5,0.9218344205872497
76561198990537508,0,0.004385843873023987,5,0.9218344205872497
76561198438891820,0,0.05646558105945587,5,0.9218344205872497
76561198063563329,0,0.008385428227484226,5,0.9218344205872497
76561198023575709,0,0.004498388152569532,5,0.9218344205872497
76561198840169991,0,0.3326461613178253,5,0.9218344205872497
76561198373263369,0,0.008040832355618477,5,0.9218344205872497
76561198250533624,0,0.0057212719693779945,5,0.9218344205872497
76561198809128843,0,0.00588104035705328,5,0.9218344205872497
76561198000988199,0,0.08995862305164337,5,0.9218344205872497
76561199047566338,0,0.01601230911910534,5,0.9218344205872497
76561197983371171,0,0.13458944857120514,5,0.9218344205872497
76561198074862571,0,0.019808564335107803,5,0.9218344205872497
76561199433170633,0,0.017050279304385185,5,0.9218344205872497
76561198139073212,0,0.0031415231060236692,5,0.9218344205872497
76561198218715347,0,0.01131315529346466,5,0.9218344205872497
76561198353797181,0,0.8169543147087097,5,0.9218344205872497
76561198040859640,0,0.4552079737186432,5,0.9218344205872497
76561198348245026,0,0.0037465437781065702,5,0.9218344205872497
76561199261511513,0,0.0042713056318461895,5,0.9218344205872497
76561198064901589,0,0.21422316133975983,5,0.9218344205872497
76561198088589834,0,0.008898522704839706,5,0.9218344205872497
76561198153238279,0,0.08170467615127563,5,0.9218344205872497
76561198439777954,0,0.0037642940878868103,5,0.9218344205872497
76561198133876973,0,0.028272666037082672,5,0.9218344205872497
76561198316622737,0,0.9373331665992737,5,0.9218344205872497
76561198975687330,0,0.006936955731362104,5,0.9218344205872497
76561198994212929,0,0.7040724158287048,5,0.9218344205872497
76561198048210393,0,0.6466823220252991,5,0.9218344205872497
76561198037110393,1,0.98954176902771,5,0.9218344205872497
76561199436411286,1,0.970268189907074,5,0.9218344205872497
76561199103671393,1,0.9459492564201355,5,0.9218344205872497
76561199057962473,0,0.4560617208480835,5,0.9218344205872497
76561199117636497,0,0.0350615531206131,5,0.9218344205872497
76561198093299814,0,0.014168070629239082,5,0.9218344205872497
76561199117435965,0,0.07815820723772049,5,0.9218344205872497
76561199105601268,0,0.01947331614792347,5,0.9218344205872497
76561198199508562,0,0.006217405200004578,5,0.9218344205872497
76561198066985258,0,0.006576992105692625,5,0.9218344205872497
76561198165302634,0,0.007522959727793932,5,0.9218344205872497
76561199013926398,0,0.0238468237221241,5,0.9218344205872497
76561198128072600,0,0.01569020375609398,5,0.9218344205872497
76561198013873253,0,0.004049443174153566,5,0.9218344205872497
76561198055455902,0,0.04267079383134842,5,0.9218344205872497
76561198177895553,0,0.008508515544235706,5,0.9218344205872497
76561198163854265,0,0.9238395094871521,5,0.9218344205872497
76561199034090085,0,0.004304036032408476,5,0.9218344205872497
76561199143351056,0,0.10108888149261475,5,0.9218344205872497
76561199262777093,0,0.017262818291783333,5,0.9218344205872497
76561197998336013,0,0.07669994235038757,5,0.9218344205872497
76561198217506588,0,0.004628848284482956,5,0.9218344205872497
76561198875139141,0,0.003172945464029908,5,0.9218344205872497
76561198114723815,0,0.022849561646580696,5,0.9218344205872497
76561198323496455,0,0.051591891795396805,5,0.9218344205872497
76561198003300459,0,0.010052249766886234,5,0.9218344205872497
76561199203663937,0,0.0047873929142951965,5,0.9218344205872497
76561199133100843,0,0.004865557886660099,5,0.9218344205872497
76561198262950944,0,0.004299395717680454,5,0.9218344205872497
76561199181385427,0,0.012781358323991299,5,0.9218344205872497
76561199238149667,0,0.003923850599676371,5,0.9218344205872497
76561199545786224,0,0.7734962105751038,5,0.9218344205872497
76561199758345424,0,0.0038535252679139376,5,0.9218344205872497
76561198057235917,0,0.0034689181484282017,5,0.9218344205872497
76561198913828344,0,0.00421525165438652,5,0.9218344205872497
76561198837486197,0,0.01653909496963024,5,0.9218344205872497
76561199086889834,0,0.003965342883020639,5,0.9218344205872497
76561198008128842,0,0.13148286938667297,5,0.9218344205872497
76561198805223463,0,0.026456279680132866,5,0.9218344205872497
76561198337727948,0,0.006927968468517065,5,0.9218344205872497
76561198142930579,0,0.0077452100813388824,5,0.9218344205872497
76561199639564382,0,0.0033352437894791365,5,0.9218344205872497
76561198095949889,0,0.020971549674868584,5,0.9218344205872497
76561198026353729,0,0.003516077995300293,5,0.9218344205872497
76561199636778963,0,0.005104964133352041,5,0.9218344205872497
76561197984295963,0,0.00837860256433487,5,0.9218344205872497
76561198974487718,0,0.00461945403367281,5,0.9218344205872497
76561198030077825,0,0.010839011520147324,5,0.9218344205872497
76561198051943298,0,0.11604379862546921,5,0.9218344205872497
76561199375600659,0,0.11216803640127182,5,0.9218344205872497
76561198088439693,0,0.009267093613743782,5,0.9218344205872497
76561198294173152,0,0.011550411581993103,5,0.9218344205872497
76561198286093361,0,0.00461945403367281,5,0.9218344205872497
76561198012820443,0,0.01476149819791317,5,0.9218344205872497
76561199271084198,0,0.005180272739380598,5,0.9218344205872497
76561198939422672,0,0.7650023698806763,5,0.9218344205872497
76561199204573562,0,0.017108788713812828,5,0.9218344205872497
76561199087293016,1,0.6822191476821899,5,0.9218344205872497
76561198060287531,0,0.1286885291337967,5,0.9218344205872497
76561198380013762,0,0.016633829101920128,5,0.9218344205872497
76561198865204491,0,0.004524838645011187,5,0.9218344205872497
76561198081841692,0,0.27535194158554077,5,0.9218344205872497
76561198023765508,0,0.005443977192044258,5,0.9218344205872497
76561198205526983,0,0.041154827922582626,5,0.9218344205872497
76561199258699790,0,0.003569734049960971,5,0.9218344205872497
76561198067576025,1,0.3596186339855194,5,0.9218344205872497
76561199171817098,1,0.8489007353782654,5,0.9218344205872497
76561198124851200,0,0.2554219961166382,5,0.9218344205872497
76561198181535731,0,0.006193360313773155,5,0.9218344205872497
76561198388811825,0,0.00743629178032279,5,0.9218344205872497
76561198841593873,0,0.004007996991276741,5,0.9218344205872497
76561199572530494,0,0.01659506745636463,5,0.9218344205872497
76561198179985641,0,0.04143155738711357,5,0.9218344205872497
76561199091507532,0,0.11930077522993088,5,0.9218344205872497
76561198815969120,0,0.041084807366132736,5,0.9218344205872497
76561199358843376,0,0.003955218940973282,5,0.9218344205872497
76561198850062869,0,0.0134886484593153,5,0.9218344205872497
76561199101090100,0,0.020244067534804344,5,0.9218344205872497
76561197996993418,0,0.12840981781482697,5,0.9218344205872497
76561198153246619,1,0.9897760152816772,5,0.9218344205872497
76561199083576667,0,0.012392295524477959,5,0.9218344205872497
76561198071434938,1,0.23707148432731628,5,0.9218344205872497
76561198047297509,0,0.31028181314468384,5,0.9218344205872497
76561198077198849,0,0.009611989371478558,5,0.9218344205872497
76561199081157654,0,0.05699613317847252,5,0.9218344205872497
76561198122700263,0,0.0855441465973854,5,0.9218344205872497
76561198408162930,1,0.9864357113838196,5,0.9218344205872497
76561198007872585,0,0.01257769949734211,5,0.9218344205872497
76561198849463914,0,0.03952779993414879,5,0.9218344205872497
76561198185060841,0,0.006187648046761751,5,0.9218344205872497
76561198079192330,0,0.005347337573766708,5,0.9218344205872497
76561198842004539,0,0.02846720814704895,5,0.9218344205872497
76561197964561540,0,0.542074978351593,5,0.9218344205872497
76561198089322884,0,0.052181195467710495,5,0.9218344205872497
76561199188536413,0,0.004751216620206833,5,0.9218344205872497
76561198305466040,0,0.38774290680885315,5,0.9218344205872497
76561198868649070,0,0.005725347902625799,5,0.9218344205872497
76561198431584230,0,0.004305974580347538,5,0.9218344205872497
76561198019415293,0,0.005130006466060877,5,0.9218344205872497
76561199429777188,0,0.011209909804165363,5,0.9218344205872497
76561197977783592,0,0.004449807107448578,5,0.9218344205872497
76561198179046095,0,0.07569458335638046,5,0.9218344205872497
76561199498425057,0,0.0044016423635184765,5,0.9218344205872497
76561198030847328,0,0.006496379617601633,5,0.9218344205872497
76561198055244471,0,0.020589925348758698,5,0.9218344205872497
76561199486327445,0,0.005381083115935326,5,0.9218344205872497
76561198030522567,0,0.11030580848455429,5,0.9218344205872497
76561199135782478,0,0.007860371842980385,5,0.9218344205872497
76561198111123409,0,0.028091637417674065,5,0.9218344205872497
76561197987369583,0,0.0038269623182713985,5,0.9218344205872497
76561199070063099,0,0.003923850599676371,5,0.9218344205872497
76561198169917219,0,0.003394103143364191,5,0.9218344205872497
76561197975123614,0,0.004177502356469631,5,0.9218344205872497
76561198967066373,0,0.9241352677345276,5,0.9218344205872497
76561199191402311,0,0.010699777863919735,5,0.9218344205872497
76561197963224869,0,0.010723218321800232,5,0.9218344205872497
76561198174568685,0,0.025828739628195763,5,0.9218344205872497
76561198028803129,0,0.004611375741660595,5,0.9218344205872497
76561198360548655,0,0.003621380776166916,5,0.9218344205872497
76561198247011498,0,0.10215304046869278,5,0.9218344205872497
76561197969005901,0,0.005826220382004976,5,0.9218344205872497
76561198796223953,0,0.0819527730345726,5,0.9218344205872497
76561198199249081,0,0.003817820455878973,5,0.9218344205872497
76561198119301884,0,0.11162177473306656,5,0.9218344205872497
76561198065768971,0,0.006304746959358454,5,0.9218344205872497
76561198071420532,0,0.036218348890542984,5,0.9218344205872497
76561198069767636,0,0.021163493394851685,5,0.9218344205872497
76561199210954588,0,0.00381245044991374,5,0.9218344205872497
76561198050064570,0,0.00656861299648881,5,0.9218344205872497
76561198392421722,0,0.022060424089431763,5,0.9218344205872497
76561199477934371,0,0.013609904795885086,5,0.9218344205872497
76561199074950580,0,0.0041947998106479645,5,0.9218344205872497
76561198141992455,0,0.7414969205856323,5,0.9218344205872497
76561198873644609,0,0.0643087774515152,5,0.9218344205872497
76561198099786325,0,0.009274626150727272,5,0.9218344205872497
76561198071911373,0,0.004639004822820425,5,0.9218344205872497
76561198260115990,0,0.00461945403367281,5,0.9218344205872497
76561198064597100,0,0.31206339597702026,5,0.9218344205872497
76561198846077388,0,0.00875463243573904,5,0.9218344205872497
76561198179050927,0,0.011652439832687378,5,0.9218344205872497
76561198979233168,0,0.003923850599676371,5,0.9218344205872497
76561199087475556,0,0.005365665070712566,5,0.9218344205872497
76561198842271157,0,0.009857341647148132,5,0.9218344205872497
76561198383452749,0,0.008314661681652069,5,0.9218344205872497
76561198379522089,0,0.13569554686546326,5,0.9218344205872497
76561199588421040,0,0.05875429883599281,5,0.9218344205872497
76561198059757567,0,0.004297852981835604,5,0.9218344205872497
76561198028841639,0,0.06329663842916489,5,0.9218344205872497
76561199046464382,0,0.00628930376842618,5,0.9218344205872497
76561198425032738,0,0.005949827376753092,5,0.9218344205872497
76561198121118525,0,0.007003725506365299,5,0.9218344205872497
76561198129356842,0,0.00885139498859644,5,0.9218344205872497
76561199453912549,0,0.004772010259330273,5,0.9218344205872497
76561198259302809,1,0.5623648762702942,5,0.9218344205872497
76561198338033539,1,0.9260557889938354,5,0.9218344205872497
76561199616299126,0,0.18331614136695862,5,0.9218344205872497
76561198978835799,0,0.15874268114566803,5,0.9218344205872497
76561199301565649,0,0.0032698262948542833,5,0.9218344205872497
76561198951876477,0,0.17419515550136566,5,0.9218344205872497
76561198990945973,0,0.004076966550201178,5,0.9218344205872497
76561198854567032,0,0.03975808620452881,5,0.9218344205872497
76561199485898768,1,0.9803043007850647,5,0.9218344205872497
76561197969574475,0,0.28537577390670776,5,0.9218344205872497
76561198118976690,0,0.4629569947719574,5,0.9218344205872497
76561198883947199,0,0.00936739332973957,5,0.9218344205872497
76561199032763320,1,0.9273133277893066,5,0.9218344205872497
76561198163435870,0,0.0755445808172226,5,0.9218344205872497
76561198045296545,1,0.7768918871879578,5,0.9218344205872497
76561197993260029,0,0.07740800827741623,5,0.9218344205872497
76561198006877841,0,0.005117782391607761,5,0.9218344205872497
76561197997465056,1,0.9886991381645203,5,0.9218344205872497
76561198813052579,1,0.983224630355835,5,0.9218344205872497
76561198019196099,0,0.006726534105837345,5,0.9218344205872497
76561198040426304,1,0.316873699426651,5,0.9218344205872497
76561198080936755,1,0.9680711030960083,5,0.9218344205872497
76561199242535411,0,0.003968583419919014,5,0.9218344205872497
76561198007210129,0,0.018229342997074127,5,0.9218344205872497
76561198419994382,0,0.06251982599496841,5,0.9218344205872497
76561198277964916,0,0.053531862795352936,5,0.9218344205872497
76561199099518465,0,0.011557506397366524,5,0.9218344205872497
76561198128295478,0,0.0033941178116947412,5,0.9218344205872497
76561198070961620,0,0.24913163483142853,5,0.9218344205872497
76561198273324299,0,0.27265602350234985,5,0.9218344205872497
76561197977230362,0,0.20720812678337097,5,0.9218344205872497
76561197985742679,0,0.007302507758140564,5,0.9218344205872497
76561198819574175,0,0.033225979655981064,5,0.9218344205872497
76561198170366079,0,0.004199329763650894,5,0.9218344205872497
76561199129776957,0,0.21468029916286469,5,0.9218344205872497
76561199089816127,0,0.051150187849998474,5,0.9218344205872497
76561198067922032,0,0.003873164299875498,5,0.9218344205872497
76561198448920053,0,0.005205279216170311,5,0.9218344205872497
76561198436832190,0,0.0037922877818346024,5,0.9218344205872497
76561199007154424,0,0.014405802823603153,5,0.9218344205872497
76561199179450689,0,0.03078298829495907,5,0.9218344205872497
76561198252284738,0,0.9314485788345337,5,0.9218344205872497
76561198038827760,0,0.2053217738866806,5,0.9218344205872497
76561198363342141,0,0.010340101085603237,5,0.9218344205872497
76561198087513965,0,0.003910501021891832,5,0.9218344205872497
76561198018757637,0,0.305461585521698,5,0.9218344205872497
76561199116087838,0,0.9890148043632507,5,0.9218344205872497
76561198078583657,0,0.1336125284433365,5,0.9218344205872497
76561198147669350,0,0.0068798307329416275,5,0.9218344205872497
76561199006615893,0,0.012072327546775341,5,0.9218344205872497
76561199474096720,0,0.021377813071012497,5,0.9218344205872497
76561198084052484,0,0.7460097670555115,5,0.9218344205872497
76561198300466573,0,0.10133228451013565,5,0.9218344205872497
76561199242523939,0,0.036990936845541,5,0.9218344205872497
76561199131955591,0,0.44503048062324524,5,0.9218344205872497
76561198023182704,0,0.004933532793074846,5,0.9218344205872497
76561198325754794,0,0.02250216342508793,5,0.9218344205872497
76561197980751939,0,0.006401027087122202,5,0.9218344205872497
76561198056488489,0,0.021522803232073784,5,0.9218344205872497
76561198053866860,0,0.006648635026067495,5,0.9218344205872497
76561199134599637,0,0.03073825128376484,5,0.9218344205872497
76561199055303422,0,0.024184979498386383,5,0.9218344205872497
76561198117489723,0,0.009608358144760132,5,0.9218344205872497
76561199221130803,0,0.35205787420272827,5,0.9218344205872497
76561199529075199,0,0.003923850599676371,5,0.9218344205872497
76561199058728376,0,0.05407215654850006,5,0.9218344205872497
76561199480772656,0,0.016625873744487762,5,0.9218344205872497
76561198390429261,0,0.04466906934976578,5,0.9218344205872497
76561199749581412,0,0.012179724872112274,5,0.9218344205872497
76561198034552818,0,0.9578495621681213,5,0.9218344205872497
76561198095192343,0,0.11259761452674866,5,0.9218344205872497
76561199064625666,0,0.0035498093347996473,5,0.9218344205872497
76561197986025363,0,0.041975293308496475,5,0.9218344205872497
76561199075539099,0,0.008512606844305992,5,0.9218344205872497
76561198075617994,0,0.007941859774291515,5,0.9218344205872497
76561198202143094,0,0.01784372515976429,5,0.9218344205872497
76561197992131404,0,0.010833379812538624,5,0.9218344205872497
76561198969693532,0,0.007848243229091167,5,0.9218344205872497
76561198026833228,0,0.25345802307128906,5,0.9218344205872497
76561198013448987,0,0.0059857857413589954,5,0.9218344205872497
76561198339173840,0,0.013123284094035625,5,0.9218344205872497
76561199305698180,0,0.018129602074623108,5,0.9218344205872497
76561199453838359,1,0.9336931109428406,5,0.9218344205872497
76561198345939707,0,0.0157991461455822,5,0.9218344205872497
76561198880611712,0,0.003923850599676371,5,0.9218344205872497
76561199159210499,0,0.003592924913391471,5,0.9218344205872497
76561199377856683,0,0.006152093876153231,5,0.9218344205872497
76561198165508058,0,0.02878394164144993,5,0.9218344205872497
76561198166730885,0,0.014874615706503391,5,0.9218344205872497
76561199519026216,0,0.016548652201890945,5,0.9218344205872497
76561199383940330,0,0.012446599081158638,5,0.9218344205872497
76561198055720616,0,0.004566857125610113,5,0.9218344205872497
76561198044685690,0,0.010406311601400375,5,0.9218344205872497
76561199104468549,0,0.02302592806518078,5,0.9218344205872497
76561199043611490,0,0.24088111519813538,5,0.9218344205872497
76561199256070833,0,0.005672701168805361,5,0.9218344205872497
76561198042460759,0,0.31774067878723145,5,0.9218344205872497
76561198069405943,1,0.7126889824867249,5,0.9218344205872497
76561199061476628,0,0.0054192813113331795,5,0.9218344205872497
76561198172467379,0,0.004097673576325178,5,0.9218344205872497
76561199080310700,0,0.023220133036375046,5,0.9218344205872497
76561198334960873,0,0.011972171254456043,5,0.9218344205872497
76561198006804808,0,0.7219973802566528,5,0.9218344205872497
76561199200095662,0,0.0033298225607722998,5,0.9218344205872497
76561199390990775,0,0.24369153380393982,5,0.9218344205872497
76561199184579019,0,0.7418829798698425,5,0.9218344205872497
76561198364713158,0,0.026660971343517303,5,0.9218344205872497
76561198222155544,0,0.5103438496589661,5,0.9218344205872497
76561198370569499,0,0.13763591647148132,5,0.9218344205872497
76561198938339959,0,0.0031415231060236692,5,0.9218344205872497
76561198183859651,0,0.003996166866272688,5,0.9218344205872497
76561198102390690,0,0.006923255510628223,5,0.9218344205872497
76561198188333938,0,0.9774467349052429,5,0.9218344205872497
76561198026666581,0,0.07419946044683456,5,0.9218344205872497
76561199284134431,0,0.01451210305094719,5,0.9218344205872497
76561198128092718,0,0.013915111310780048,5,0.9218344205872497
76561199233083712,0,0.01616397686302662,5,0.9218344205872497
76561199100689036,0,0.03377019241452217,5,0.9218344205872497
76561198140126670,0,0.0063257678411901,5,0.9218344205872497
76561198027277648,0,0.006813498213887215,5,0.9218344205872497
76561198413137157,0,0.018776478245854378,5,0.9218344205872497
76561198801328312,0,0.027288567274808884,5,0.9218344205872497
76561199085016460,0,0.010084467940032482,5,0.9218344205872497
76561199210530303,0,0.031088197603821754,5,0.9218344205872497
76561198059360253,0,0.02597733959555626,5,0.9218344205872497
76561198143630891,0,0.9020814895629883,5,0.9218344205872497
76561198838739960,0,0.005709265358746052,5,0.9218344205872497
76561199021904962,0,0.8228762745857239,5,0.9218344205872497
76561198066217228,0,0.014078452251851559,5,0.9218344205872497
76561198013410830,1,0.9755066633224487,5,0.9218344205872497
76561198349261716,0,0.004518828820437193,5,0.9218344205872497
76561198295364937,0,0.10002076625823975,5,0.9218344205872497
76561198943053545,0,0.003128190990537405,5,0.9218344205872497
76561198002996261,0,0.475344181060791,5,0.9218344205872497
76561198275105655,0,0.0070310840383172035,5,0.9218344205872497
76561198986486515,0,0.003346123732626438,5,0.9218344205872497
76561199234316131,0,0.021742410957813263,5,0.9218344205872497
76561198998927169,0,0.01536491047590971,5,0.9218344205872497
76561198091057369,0,0.01228578481823206,5,0.9218344205872497
76561198135610043,0,0.9819179773330688,5,0.9218344205872497
76561199122091770,0,0.006294768303632736,5,0.9218344205872497
76561198962165621,0,0.005531024187803268,5,0.9218344205872497
76561198044124102,0,0.022591697052121162,5,0.9218344205872497
76561198293799517,0,0.04103442281484604,5,0.9218344205872497
76561198242687976,0,0.0031415231060236692,5,0.9218344205872497
76561198003016964,1,0.975977897644043,5,0.9218344205872497
76561198984916690,0,0.011445483192801476,5,0.9218344205872497
76561198039826148,0,0.008989803493022919,5,0.9218344205872497
76561198324927324,0,0.004389847628772259,5,0.9218344205872497
76561199352845125,0,0.004247669596225023,5,0.9218344205872497
76561198351824438,0,0.007154085673391819,5,0.9218344205872497
76561198153084005,0,0.056076135486364365,5,0.9218344205872497
76561197960616974,0,0.011179623194038868,5,0.9218344205872497
76561198870200831,0,0.003584363730624318,5,0.9218344205872497
76561198045868895,0,0.004304036032408476,5,0.9218344205872497
76561198104525395,0,0.004106061067432165,5,0.9218344205872497
76561199242623430,0,0.026769010350108147,5,0.9218344205872497
76561199624354781,0,0.018817011266946793,5,0.9218344205872497
76561198048089711,0,0.021390151232481003,5,0.9218344205872497
76561199390226127,0,0.003923850599676371,5,0.9218344205872497
76561199140883936,0,0.0034750602208077908,5,0.9218344205872497
76561199515627519,0,0.003923850599676371,5,0.9218344205872497
76561198068801462,0,0.012848093174397945,5,0.9218344205872497
76561199061977263,0,0.0036210936959832907,5,0.9218344205872497
76561198868652147,0,0.9409408569335938,5,0.9218344205872497
76561198157814822,0,0.01090527419000864,5,0.9218344205872497
76561197975561134,0,0.006628597620874643,5,0.9218344205872497
76561198037363582,0,0.005271477624773979,5,0.9218344205872497
76561198983835783,0,0.003874776419252157,5,0.9218344205872497
76561197998133948,0,0.08580487221479416,5,0.9218344205872497
76561198117257621,0,0.21950560808181763,5,0.9218344205872497
76561199333333616,0,0.07604053616523743,5,0.9218344205872497
76561199073743883,0,0.013630308210849762,5,0.9218344205872497
76561198881554252,0,0.09532355517148972,5,0.9218344205872497
76561198148884870,0,0.032232366502285004,5,0.9218344205872497
76561198330863232,0,0.08497130870819092,5,0.9218344205872497
76561198448134101,0,0.0032145297154784203,5,0.9218344205872497
76561198009695790,0,0.1380070298910141,5,0.9218344205872497
76561199203805511,0,0.005646972451359034,5,0.9218344205872497
76561199195529697,0,0.12458371371030807,5,0.9218344205872497
76561199350521431,0,0.15082387626171112,5,0.9218344205872497
76561198056250004,0,0.06403712183237076,5,0.9218344205872497
76561199047470212,0,0.004704930353909731,5,0.9218344205872497
76561199014120733,0,0.2385910600423813,5,0.9218344205872497
76561198058840165,0,0.013329362496733665,5,0.9218344205872497
76561198388746469,0,0.009890682995319366,5,0.9218344205872497
76561199019392934,1,0.9159780144691467,5,0.9218344205872497
76561197990822578,0,0.009780919179320335,5,0.9218344205872497
76561198963393211,0,0.005661413539201021,5,0.9218344205872497
76561198044296337,0,0.0035526035353541374,5,0.9218344205872497
76561198029711717,0,0.7932215929031372,5,0.9218344205872497
76561198008929977,1,0.9742968082427979,5,0.9218344205872497
76561198051097576,0,0.17127199470996857,5,0.9218344205872497
76561198966731950,0,0.11518365889787674,5,0.9218344205872497
76561198858189317,0,0.6153510212898254,5,0.9218344205872497
76561199095886228,0,0.0055005475878715515,5,0.9218344205872497
76561198035364275,0,0.8169272541999817,5,0.9218344205872497
76561198026893729,0,0.09840831905603409,5,0.9218344205872497
76561199026598535,0,0.0032883048988878727,5,0.9218344205872497
76561199084692068,0,0.04602431133389473,5,0.9218344205872497
76561198099457120,0,0.41034263372421265,5,0.9218344205872497
76561198084577427,0,0.0340699702501297,5,0.9218344205872497
76561199246650441,0,0.07444792985916138,5,0.9218344205872497
76561198263402481,0,0.19798755645751953,5,0.9218344205872497
76561198353146787,1,0.9681776762008667,5,0.9218344205872497
76561198116464795,0,0.7867931723594666,5,0.9218344205872497
76561198342850901,0,0.007693018764257431,5,0.9218344205872497
76561198843088132,0,0.06928707659244537,5,0.9218344205872497
76561198222270844,0,0.007096670102328062,5,0.9218344205872497
76561199075475297,0,0.09663121402263641,5,0.9218344205872497
76561198108376210,0,0.22905312478542328,5,0.9218344205872497
76561198386430985,0,0.03980930894613266,5,0.9218344205872497
76561198997752368,0,0.004277207423001528,5,0.9218344205872497
76561198213591445,0,0.565682590007782,5,0.9218344205872497
76561197970879370,0,0.08478496968746185,5,0.9218344205872497
76561198428175584,0,0.09730540215969086,5,0.9218344205872497
76561197986530947,1,0.9281371235847473,5,0.9218344205872497
76561198930040474,0,0.006878846790641546,5,0.9218344205872497
76561198290861718,0,0.005655115004628897,5,0.9218344205872497
76561198014449732,0,0.005300728138536215,5,0.9218344205872497
76561199070624808,0,0.007629657629877329,5,0.9218344205872497
76561199021154785,0,0.019649235531687737,5,0.9218344205872497
76561199152798359,0,0.006173720583319664,5,0.9218344205872497
76561198074357634,0,0.043755996972322464,5,0.9218344205872497
76561198154207154,0,0.005642309319227934,5,0.9218344205872497
76561199584125199,0,0.0063002766110002995,5,0.9218344205872497
76561198262326759,0,0.048685118556022644,5,0.9218344205872497
76561198836311956,0,0.0057064262218773365,5,0.9218344205872497
76561198209186892,0,0.01942254975438118,5,0.9218344205872497
76561198040562295,0,0.16912010312080383,5,0.9218344205872497
76561199189684583,0,0.006058787927031517,5,0.9218344205872497
76561199165767658,0,0.012339006178081036,5,0.9218344205872497
76561199077808650,0,0.0048441654071211815,5,0.9218344205872497
76561198134440200,0,0.0737183466553688,5,0.9218344205872497
76561199077551833,0,0.004282563924789429,5,0.9218344205872497
76561198065966614,0,0.4187833070755005,5,0.9218344205872497
76561199124177920,0,0.01692422479391098,5,0.9218344205872497
76561198317463820,0,0.029408888891339302,5,0.9218344205872497
76561199229498325,0,0.006140073295682669,5,0.9218344205872497
76561199071457868,0,0.008866505697369576,5,0.9218344205872497
76561198079863287,0,0.008100033737719059,5,0.9218344205872497
76561198177012943,0,0.012708227150142193,5,0.9218344205872497
76561199007002171,0,0.0070362333208322525,5,0.9218344205872497
76561199111578817,0,0.012563181109726429,5,0.9218344205872497
76561199471249536,0,0.0087022315710783,5,0.9218344205872497
76561198043695003,0,0.05641626566648483,5,0.9218344205872497
76561199051615810,0,0.003436991246417165,5,0.9218344205872497
76561199156167409,0,0.023057837039232254,5,0.9218344205872497
76561198377089527,0,0.1473732590675354,5,0.9218344205872497
76561198080519655,0,0.004469720646739006,5,0.9218344205872497
76561199542153823,0,0.0034674350172281265,5,0.9218344205872497
76561198415495087,0,0.047065988183021545,5,0.9218344205872497
76561198861093334,0,0.00461945403367281,5,0.9218344205872497
76561197993951212,0,0.004404731560498476,5,0.9218344205872497
76561199152195842,0,0.0050427550449967384,5,0.9218344205872497
76561199185039643,0,0.003923850599676371,5,0.9218344205872497
76561199257458817,0,0.00447147386148572,5,0.9218344205872497
76561197970339602,0,0.014847641810774803,5,0.9218344205872497
76561199099827779,0,0.11987295001745224,5,0.9218344205872497
76561198094299584,0,0.03744886815547943,5,0.9218344205872497
76561198289513786,0,0.003981634508818388,5,0.9218344205872497
76561199115328608,0,0.004016407765448093,5,0.9218344205872497
76561198348917311,0,0.004024881403893232,5,0.9218344205872497
76561198396144552,0,0.0031415231060236692,5,0.9218344205872497
76561199113899639,0,0.0037931546103209257,5,0.9218344205872497
76561198447383940,0,0.010545204393565655,5,0.9218344205872497
76561197970768309,0,0.0471704825758934,5,0.9218344205872497
76561198268094183,0,0.007338448893278837,5,0.9218344205872497
76561199055733823,0,0.004665257874876261,5,0.9218344205872497
76561199176588104,0,0.030291488394141197,5,0.9218344205872497
76561198136777731,0,0.97060227394104,5,0.9218344205872497
76561198299534343,0,0.0076176985166966915,5,0.9218344205872497
76561198214105063,0,0.031972743570804596,5,0.9218344205872497
76561198291761192,0,0.004048438742756844,5,0.9218344205872497
76561198146957406,0,0.004373364150524139,5,0.9218344205872497
76561198261143922,0,0.013517554849386215,5,0.9218344205872497
76561197993407392,0,0.035823628306388855,5,0.9218344205872497
76561199000630732,0,0.3000825345516205,5,0.9218344205872497
76561199156925340,0,0.011834777891635895,5,0.9218344205872497
76561198384756068,0,0.8907642960548401,5,0.9218344205872497
76561198319399869,0,0.3588244915008545,5,0.9218344205872497
76561197968322176,0,0.005116757471114397,5,0.9218344205872497
76561199162087552,0,0.004621462896466255,5,0.9218344205872497
76561198116208768,0,0.6719275116920471,5,0.9218344205872497
76561199495784247,0,0.005025187507271767,5,0.9218344205872497
76561199111344930,0,0.1081380769610405,5,0.9218344205872497
76561199040490152,0,0.004412932321429253,5,0.9218344205872497
76561199012552907,0,0.027928458526730537,5,0.9218344205872497
76561199467173327,0,0.006218751892447472,5,0.9218344205872497
76561199588282468,0,0.009909724816679955,5,0.9218344205872497
76561198041214148,0,0.9399745464324951,5,0.9218344205872497
76561198271014623,0,0.05407215654850006,5,0.9218344205872497
76561198849493219,0,0.7570545673370361,5,0.9218344205872497
76561198055530742,0,0.03209705278277397,5,0.9218344205872497
76561198884988867,0,0.0137960659340024,5,0.9218344205872497
76561198022201570,0,0.3173854947090149,5,0.9218344205872497
76561199680614998,0,0.005293120630085468,5,0.9218344205872497
76561198003028011,0,0.9144670963287354,5,0.9218344205872497
76561199013178464,0,0.005973375402390957,5,0.9218344205872497
76561198316308194,0,0.026119496673345566,5,0.9218344205872497
76561198007432646,0,0.018573593348264694,5,0.9218344205872497
76561198426684858,0,0.3208165466785431,5,0.9218344205872497
76561199144367284,0,0.06267865002155304,5,0.9218344205872497
76561199539766906,0,0.1951937973499298,5,0.9218344205872497
76561198028250210,0,0.009290448389947414,5,0.9218344205872497
76561197978232593,0,0.005925083998590708,5,0.9218344205872497
76561198181079211,0,0.025427037850022316,5,0.9218344205872497
76561199088786600,0,0.2437225729227066,5,0.9218344205872497
76561199219513459,0,0.12269911170005798,5,0.9218344205872497
76561199071677305,0,0.0035807108506560326,5,0.9218344205872497
76561198071218566,0,0.007833161391317844,5,0.9218344205872497
76561199466138341,0,0.004342991858720779,5,0.9218344205872497
76561198373732070,0,0.005003891419619322,5,0.9218344205872497
76561198066155387,0,0.0031415231060236692,5,0.9218344205872497
76561198392415606,0,0.17218118906021118,5,0.9218344205872497
76561197981309475,0,0.005734945181757212,5,0.9218344205872497
76561198873116204,0,0.0034630680456757545,5,0.9218344205872497
76561199175929733,0,0.003324958262965083,5,0.9218344205872497
76561199578733412,0,0.003711824072524905,5,0.9218344205872497
76561198878228753,0,0.005166322458535433,5,0.9218344205872497
76561198319258363,0,0.005559652112424374,5,0.9218344205872497
76561198006815692,0,0.36079350113868713,5,0.9218344205872497
76561199230265597,0,0.02903716079890728,5,0.9218344205872497
76561199232897763,0,0.12116704136133194,5,0.9218344205872497
76561197999875969,0,0.007431323174387217,5,0.9218344205872497
76561198026203414,0,0.028347119688987732,5,0.9218344205872497
76561199649427019,0,0.02074010670185089,5,0.9218344205872497
76561198055066479,0,0.005146910902112722,5,0.9218344205872497
76561198172885615,0,0.0040540993213653564,5,0.9218344205872497
76561198144792247,0,0.38350528478622437,5,0.9218344205872497
76561199111610049,0,0.007728784345090389,5,0.9218344205872497
76561198144167281,1,0.987246036529541,5,0.9218344205872497
76561198106490225,0,0.5834139585494995,5,0.9218344205872497
76561199021594503,0,0.22473424673080444,5,0.9218344205872497
76561199566871489,0,0.030153648927807808,5,0.9218344205872497
76561198064496898,0,0.0035950778983533382,5,0.9218344205872497
76561198013187089,0,0.14542730152606964,5,0.9218344205872497
76561199063090440,0,0.003544557373970747,5,0.9218344205872497
76561198047354473,0,0.005044033285230398,5,0.9218344205872497
76561198141831340,0,0.15215301513671875,5,0.9218344205872497
76561198320087941,0,0.029868097975850105,5,0.9218344205872497
76561199059003383,0,0.007439367473125458,5,0.9218344205872497
76561198273491690,0,0.00711259339004755,5,0.9218344205872497
76561197982526737,0,0.005951051600277424,5,0.9218344205872497
76561198283315386,0,0.16106311976909637,5,0.9218344205872497
76561198868205249,0,0.062490835785865784,5,0.9218344205872497
76561198101514933,0,0.7943031787872314,5,0.9218344205872497
76561198400885139,0,0.008688881993293762,5,0.9218344205872497
76561199467337873,0,0.0165819451212883,5,0.9218344205872497
76561198050241352,0,0.7501652836799622,5,0.9218344205872497
76561199012784401,0,0.004616664256900549,5,0.9218344205872497
76561198065160993,0,0.028573734685778618,5,0.9218344205872497
76561199195598288,0,0.0046823760494589806,5,0.9218344205872497
76561198854765909,0,0.04066910222172737,5,0.9218344205872497
76561199232366493,0,0.0058288173750042915,5,0.9218344205872497
76561199097735822,0,0.004854799248278141,5,0.9218344205872497
76561199070154825,0,0.10513186454772949,5,0.9218344205872497
76561198004201636,0,0.0031415231060236692,5,0.9218344205872497
76561199276863970,0,0.021437304094433784,5,0.9218344205872497
76561198452211490,0,0.03525253385305405,5,0.9218344205872497
76561198174067606,0,0.003358218353241682,5,0.9218344205872497
76561199132287042,1,0.025064188987016678,5,0.9218344205872497
76561198812785975,0,0.06192084401845932,5,0.9218344205872497
76561197997516533,0,0.023059586063027382,5,0.9218344205872497
76561198025101569,0,0.01260230503976345,5,0.9218344205872497
76561197979132226,0,0.0032939892262220383,5,0.9218344205872497
76561199089956908,0,0.009298351593315601,5,0.9218344205872497
76561198854773768,0,0.03198825567960739,5,0.9218344205872497
76561199528263858,0,0.00367394695058465,5,0.9218344205872497
76561198393550178,0,0.7453164458274841,5,0.9218344205872497
76561198048906624,1,0.6585500836372375,5,0.9218344205872497
76561198297371982,0,0.5884058475494385,5,0.9218344205872497
76561199180195972,0,0.45500025153160095,5,0.9218344205872497
76561199175648616,0,0.003598191309720278,5,0.9218344205872497
76561198399761763,0,0.005531024187803268,5,0.9218344205872497
76561198384858523,0,0.017099512740969658,5,0.9218344205872497
76561198056527652,0,0.005900268442928791,5,0.9218344205872497
76561198091885613,0,0.29340022802352905,5,0.9218344205872497
76561199231902629,0,0.011087996885180473,5,0.9218344205872497
76561198368101446,0,0.26591941714286804,5,0.9218344205872497
76561199081083563,0,0.004097725730389357,5,0.9218344205872497
76561198257864731,0,0.21825194358825684,5,0.9218344205872497
76561198358340246,0,0.033330369740724564,5,0.9218344205872497
76561198376445511,1,0.9330629110336304,5,0.9218344205872497
76561199397287389,0,0.16288432478904724,5,0.9218344205872497
76561198096868241,0,0.10278370976448059,5,0.9218344205872497
76561198961190230,0,0.05346135422587395,5,0.9218344205872497
76561198148199735,0,0.018968168646097183,5,0.9218344205872497
76561199455117980,0,0.0058815255761146545,5,0.9218344205872497
76561198329900024,0,0.10593179613351822,5,0.9218344205872497
76561199202144852,0,0.4337445795536041,5,0.9218344205872497
76561198216944164,0,0.09973368048667908,5,0.9218344205872497
76561197998305256,0,0.24852852523326874,5,0.9218344205872497
76561199044815083,0,0.03539730980992317,5,0.9218344205872497
76561199012603464,0,0.003928741440176964,5,0.9218344205872497
76561199227224124,0,0.005949038080871105,5,0.9218344205872497
76561198399607497,0,0.003923850599676371,5,0.9218344205872497
76561198385978642,0,0.2043323665857315,5,0.9218344205872497
76561198046166855,0,0.07977662235498428,5,0.9218344205872497
76561198801185699,0,0.014389989897608757,5,0.9218344205872497
76561198236439482,0,0.5410699844360352,5,0.9218344205872497
76561198012073329,0,0.3673763573169708,5,0.9218344205872497
76561198137304314,1,0.9344862103462219,5,0.9218344205872497
76561199016512189,0,0.11653997004032135,5,0.9218344205872497
76561198012944134,0,0.004264806397259235,5,0.9218344205872497
76561199480962910,0,0.006669793277978897,5,0.9218344205872497
76561198392798586,0,0.16036507487297058,5,0.9218344205872497
76561198081984488,0,0.008349601179361343,5,0.9218344205872497
76561199185452071,0,0.02703542821109295,5,0.9218344205872497
76561198437252981,0,0.026551833376288414,5,0.9218344205872497
76561198970278113,0,0.0313042514026165,5,0.9218344205872497
76561198018896585,0,0.0038185729645192623,5,0.9218344205872497
76561199070663467,0,0.05498519912362099,5,0.9218344205872497
76561198000401068,0,0.004234250634908676,5,0.9218344205872497
76561197999371906,0,0.00495593948289752,5,0.9218344205872497
76561199042240411,0,0.14403091371059418,5,0.9218344205872497
76561198092042783,0,0.007875737734138966,5,0.9218344205872497
76561198389419827,0,0.12521249055862427,5,0.9218344205872497
76561199742447718,0,0.04367130622267723,5,0.9218344205872497
76561198440178992,0,0.023173648864030838,5,0.9218344205872497
76561198071955625,0,0.003923850599676371,5,0.9218344205872497
76561199099137045,0,0.2843528687953949,5,0.9218344205872497
76561198091317434,0,0.21170426905155182,5,0.9218344205872497
76561198210586015,0,0.12163480371236801,5,0.9218344205872497
76561198802737388,0,0.0043950751423835754,5,0.9218344205872497
76561199024578965,0,0.24324113130569458,5,0.9218344205872497
76561198150071293,0,0.033654436469078064,5,0.9218344205872497
76561199010340701,0,0.004121327772736549,5,0.9218344205872497
76561199227242560,0,0.007299131713807583,5,0.9218344205872497
76561199807647567,0,0.012342708185315132,5,0.9218344205872497
76561198806120392,0,0.13092555105686188,5,0.9218344205872497
76561199283380428,0,0.003923850599676371,5,0.9218344205872497
76561198324517972,0,0.003839354496449232,5,0.9218344205872497
76561198398050203,0,0.0058618225157260895,5,0.9218344205872497
76561198044656966,0,0.22313393652439117,5,0.9218344205872497
76561199135662897,0,0.005001245532184839,5,0.9218344205872497
76561199321429920,0,0.007213246077299118,5,0.9218344205872497
76561198008970772,0,0.07500337064266205,5,0.9218344205872497
76561199193711940,0,0.020693019032478333,5,0.9218344205872497
76561199680194333,0,0.011550411581993103,5,0.9218344205872497
76561198065984766,0,0.005300658289343119,5,0.9218344205872497
76561199231403820,0,0.0070519521832466125,5,0.9218344205872497
76561198195234314,0,0.01968374475836754,5,0.9218344205872497
76561198047292926,0,0.08684387058019638,5,0.9218344205872497
76561198088892122,0,0.022530408576130867,5,0.9218344205872497
76561198872962190,0,0.004038135055452585,5,0.9218344205872497
76561198812771768,0,0.003510488662868738,5,0.9218344205872497
76561198037247881,0,0.004137361887842417,5,0.9218344205872497
76561197970318904,0,0.8377022743225098,5,0.9218344205872497
76561198416916060,0,0.18577051162719727,5,0.9218344205872497
76561197969428597,0,0.011647098697721958,5,0.9218344205872497
76561198155614819,0,0.32705557346343994,5,0.9218344205872497
76561198060517900,0,0.011201857589185238,5,0.9218344205872497
76561199047059140,0,0.015496785752475262,5,0.9218344205872497
76561199000050538,0,0.06234157457947731,5,0.9218344205872497
76561198259777062,0,0.007558474782854319,5,0.9218344205872497
76561198083367986,0,0.007250191643834114,5,0.9218344205872497
76561199170966581,0,0.00918318796902895,5,0.9218344205872497
76561198127104637,0,0.004862878937274218,5,0.9218344205872497
76561198839036780,0,0.202098086476326,5,0.9218344205872497
76561198882652434,0,0.11930038034915924,5,0.9218344205872497
76561198105609489,0,0.0035063279792666435,5,0.9218344205872497
76561198997370872,0,0.3122011125087738,5,0.9218344205872497
76561198133275148,0,0.007566735148429871,5,0.9218344205872497
76561198254913758,0,0.010863211005926132,5,0.9218344205872497
76561198383236248,0,0.3918425440788269,5,0.9218344205872497
76561197972608989,0,0.155948206782341,5,0.9218344205872497
76561199043995132,0,0.007597296964377165,5,0.9218344205872497
76561198271984579,0,0.05047005042433739,5,0.9218344205872497
76561198399067345,0,0.5461540818214417,5,0.9218344205872497
76561198038419624,0,0.005047032609581947,5,0.9218344205872497
76561198071899702,0,0.038504570722579956,5,0.9218344205872497
76561198115503602,0,0.16350464522838593,5,0.9218344205872497
76561198059971876,0,0.006979042664170265,5,0.9218344205872497
76561198271592829,0,0.031435973942279816,5,0.9218344205872497
76561198080741486,0,0.0421835295855999,5,0.9218344205872497
76561199006216050,0,0.12556539475917816,5,0.9218344205872497
76561197970435308,0,0.36487022042274475,5,0.9218344205872497
76561198016137823,0,0.37268325686454773,5,0.9218344205872497
76561198985991608,0,0.18010176718235016,5,0.9218344205872497
76561198325351815,0,0.00397145701572299,5,0.9218344205872497
76561198237862684,0,0.004059068858623505,5,0.9218344205872497
76561198083336708,0,0.010912271216511726,5,0.9218344205872497
76561198006024561,0,0.018247732892632484,5,0.9218344205872497
76561198196348199,0,0.2219172865152359,5,0.9218344205872497
76561198276732031,0,0.02964336797595024,5,0.9218344205872497
76561198074339958,0,0.7481133341789246,5,0.9218344205872497
76561197998998466,0,0.0032929310109466314,5,0.9218344205872497
76561198420467477,0,0.007801222614943981,5,0.9218344205872497
76561198083077664,0,0.009864791296422482,5,0.9218344205872497
76561198214907799,0,0.0035807888489216566,5,0.9218344205872497
76561198359609326,0,0.6615138649940491,5,0.9218344205872497
76561198082238159,0,0.011559336446225643,5,0.9218344205872497
76561199211621222,1,0.8734261989593506,5,0.9218344205872497
76561198175469822,0,0.2913605868816376,5,0.9218344205872497
76561198010717165,0,0.012204115279018879,5,0.9218344205872497
76561199468025125,0,0.0122133893892169,5,0.9218344205872497
76561198027178630,0,0.004698231816291809,5,0.9218344205872497
76561198098251324,0,0.014818139374256134,5,0.9218344205872497
76561198014820671,0,0.004991050343960524,5,0.9218344205872497
76561198011536657,0,0.07365338504314423,5,0.9218344205872497
76561199122024388,0,0.0031415231060236692,5,0.9218344205872497
76561198994500798,0,0.13074533641338348,5,0.9218344205872497
76561198263991538,0,0.030916543677449226,5,0.9218344205872497
76561199058529958,0,0.016927571967244148,5,0.9218344205872497
76561199219874776,0,0.017082946375012398,5,0.9218344205872497
76561199192727625,1,0.9680560231208801,5,0.9218344205872497
76561199047899894,0,0.005158105865120888,5,0.9218344205872497
76561199487393352,0,0.005998498760163784,5,0.9218344205872497
76561197970915581,0,0.008390274830162525,5,0.9218344205872497
76561198127727719,0,0.003923850599676371,5,0.9218344205872497
76561198171496459,0,0.04821763187646866,5,0.9218344205872497
76561199313197177,0,0.0046667857095599174,5,0.9218344205872497
76561198924693736,0,0.046774037182331085,5,0.9218344205872497
76561199129687154,0,0.003968583419919014,5,0.9218344205872497
76561198040020995,0,0.00595258129760623,5,0.9218344205872497
76561198041529157,0,0.004276440013200045,5,0.9218344205872497
76561199007528144,0,0.005016773473471403,5,0.9218344205872497
76561199154360680,0,0.005158105865120888,5,0.9218344205872497
76561199405430462,0,0.010213016532361507,5,0.9218344205872497
76561198097847496,0,0.07543619722127914,5,0.9218344205872497
76561198120576099,0,0.008086969144642353,5,0.9218344205872497
76561198039854022,0,0.08324969559907913,5,0.9218344205872497
76561198259969898,0,0.0038364960346370935,5,0.9218344205872497
76561198252534058,0,0.004142103251069784,5,0.9218344205872497
76561198129283604,0,0.013811806216835976,5,0.9218344205872497
76561199043013879,0,0.007272220682352781,5,0.9218344205872497
76561199128201688,0,0.003672800725325942,5,0.9218344205872497
76561198087235138,0,0.34173452854156494,5,0.9218344205872497
76561199365901426,0,0.9245219230651855,5,0.9218344205872497
76561197961547309,0,0.007742373738437891,5,0.9218344205872497
76561199581735174,0,0.0034471063409000635,5,0.9218344205872497
76561199181384367,0,0.004304036032408476,5,0.9218344205872497
76561198059703150,0,0.009956116788089275,5,0.9218344205872497
76561198092102989,0,0.9105790853500366,5,0.9218344205872497
76561198262870013,0,0.008806304074823856,5,0.9218344205872497
76561199091570322,0,0.004133426118642092,5,0.9218344205872497
76561199433045753,0,0.2519162595272064,5,0.9218344205872497
76561197993814971,0,0.003336142748594284,5,0.9218344205872497
76561199403418055,0,0.01320871151983738,5,0.9218344205872497
76561199074824622,1,0.9888457655906677,5,0.9218344205872497
76561199039861373,0,0.005480942782014608,5,0.9218344205872497
76561199228915321,0,0.0044539980590343475,5,0.9218344205872497
76561198050349464,0,0.018936654552817345,5,0.9218344205872497
76561198090690342,0,0.4636693298816681,5,0.9218344205872497
76561198222818384,0,0.003682520240545273,5,0.9218344205872497
76561199111481163,0,0.014824829995632172,5,0.9218344205872497
76561198846077903,0,0.184818834066391,5,0.9218344205872497
76561199088584638,0,0.06349311023950577,5,0.9218344205872497
76561199365844634,0,0.003572659334167838,5,0.9218344205872497
76561198012440706,0,0.2529121935367584,5,0.9218344205872497
76561198091403080,0,0.5524274110794067,5,0.9218344205872497
76561199065470057,0,0.0038336163852363825,5,0.9218344205872497
76561198202103032,0,0.2852329909801483,5,0.9218344205872497
76561199140435082,0,0.09211106598377228,5,0.9218344205872497
76561198997067838,0,0.9080625176429749,5,0.9218344205872497
76561199148849210,0,0.012044607661664486,5,0.9218344205872497
76561198016366992,0,0.01725781336426735,5,0.9218344205872497
76561197988463910,0,0.00829897727817297,5,0.9218344205872497
76561198316122386,0,0.036248818039894104,5,0.9218344205872497
76561198060663251,0,0.014204995706677437,5,0.9218344205872497
76561198275376292,0,0.003460756503045559,5,0.9218344205872497
76561198866165602,0,0.2969460189342499,5,0.9218344205872497
76561199619734633,0,0.003257791744545102,5,0.9218344205872497
76561199473547028,1,0.9911220073699951,5,0.9218344205872497
76561199493841701,0,0.05065101012587547,5,0.9218344205872497
76561198357778257,0,0.3182354271411896,5,0.9218344205872497
76561198823342401,0,0.003677397733554244,5,0.9218344205872497
76561198010898814,0,0.01316146645694971,5,0.9218344205872497
76561198813588610,0,0.007758002262562513,5,0.9218344205872497
76561198166005240,0,0.364287406206131,5,0.9218344205872497
76561198154827293,0,0.014906111173331738,5,0.9218344205872497
76561198851090510,0,0.004348855931311846,5,0.9218344205872497
76561199082702836,0,0.01219566073268652,5,0.9218344205872497
76561198302006052,0,0.13399669528007507,5,0.9218344205872497
76561198984974632,0,0.025850092992186546,5,0.9218344205872497
76561198424534581,0,0.0038700085133314133,5,0.9218344205872497
76561198847468525,0,0.004979232791811228,5,0.9218344205872497
76561199096633710,0,0.5185315012931824,5,0.9218344205872497
76561198805209493,0,0.2132255584001541,5,0.9218344205872497
76561197992202028,0,0.2263961136341095,5,0.9218344205872497
76561199069347665,0,0.0037437360733747482,5,0.9218344205872497
76561198213695851,0,0.0034143782686442137,5,0.9218344205872497
76561198868572697,0,0.0038336163852363825,5,0.9218344205872497
76561198047626773,0,0.005531024187803268,5,0.9218344205872497
76561198209963417,0,0.004685437306761742,5,0.9218344205872497
76561199513726547,0,0.11942299455404282,5,0.9218344205872497
76561198163248006,0,0.00422998471185565,5,0.9218344205872497
76561199128299028,0,0.81217360496521,5,0.9218344205872497
76561198157308438,0,0.013284910470247269,5,0.9218344205872497
76561198025182189,0,0.27089574933052063,5,0.9218344205872497
76561198061716085,0,0.005187251605093479,5,0.9218344205872497
76561198347806216,0,0.22915661334991455,5,0.9218344205872497
76561198202702389,0,0.003504699096083641,5,0.9218344205872497
76561198883392127,0,0.0157114639878273,5,0.9218344205872497
76561198058016763,0,0.20217035710811615,5,0.9218344205872497
76561198300967211,0,0.8611948490142822,5,0.9218344205872497
76561198093712137,0,0.0041666473262012005,5,0.9218344205872497
76561197969237591,0,0.009127762168645859,5,0.9218344205872497
76561199045120616,0,0.006252767983824015,5,0.9218344205872497
76561198042589607,0,0.006953093223273754,5,0.9218344205872497
76561198202818059,0,0.3459685444831848,5,0.9218344205872497
76561198068718330,0,0.007917697541415691,5,0.9218344205872497
76561199057431926,0,0.15812095999717712,5,0.9218344205872497
76561198030377974,0,0.00460251048207283,5,0.9218344205872497
76561198770958722,0,0.9672166109085083,5,0.9218344205872497
76561199145685805,0,0.016171669587492943,5,0.9218344205872497
76561199452075416,0,0.018520889803767204,5,0.9218344205872497
76561199525891383,0,0.11166909337043762,5,0.9218344205872497
76561199125682988,0,0.5352187156677246,5,0.9218344205872497
76561198298830004,0,0.003923850599676371,5,0.9218344205872497
76561198119876864,0,0.003923850599676371,5,0.9218344205872497
76561198271898710,0,0.0034524372313171625,5,0.9218344205872497
76561198208649452,0,0.005329348612576723,5,0.9218344205872497
76561199491926974,0,0.012187965214252472,5,0.9218344205872497
76561198338108400,0,0.004484580829739571,5,0.9218344205872497
76561198377166799,0,0.1242203488945961,5,0.9218344205872497
76561197971230760,0,0.005395482759922743,5,0.9218344205872497
76561198086727616,0,0.004518882837146521,5,0.9218344205872497
76561198812988506,0,0.00713694142177701,5,0.9218344205872497
76561197965832836,0,0.0964018702507019,5,0.9218344205872497
76561199488307239,0,0.043659988790750504,5,0.9218344205872497
76561198124099676,0,0.003940872848033905,5,0.9218344205872497
76561199186217416,0,0.003473493969067931,5,0.9218344205872497
76561199214760253,0,0.12532559037208557,5,0.9218344205872497
76561198038139173,0,0.0034031993709504604,5,0.9218344205872497
76561198007644388,0,0.06166554614901543,5,0.9218344205872497
76561198190830047,0,0.005324120633304119,5,0.9218344205872497
76561198417974151,0,0.005194148514419794,5,0.9218344205872497
76561198061726737,0,0.34597721695899963,5,0.9218344205872497
76561198064368426,0,0.007374302018433809,5,0.9218344205872497
76561199047261365,0,0.005050028674304485,5,0.9218344205872497
76561198057236840,0,0.017949838191270828,5,0.9218344205872497
76561198127786620,0,0.005607855971902609,5,0.9218344205872497
76561199005648045,0,0.03295077756047249,5,0.9218344205872497
76561198171588446,0,0.08154462277889252,5,0.9218344205872497
76561198292379499,0,0.006295438855886459,5,0.9218344205872497
76561198147722037,0,0.005363441538065672,5,0.9218344205872497
76561198211824464,0,0.004857864696532488,5,0.9218344205872497
76561198877159673,0,0.008907350711524487,5,0.9218344205872497
76561197982919251,0,0.0056282286532223225,5,0.9218344205872497
76561198994021885,0,0.006098209880292416,5,0.9218344205872497
76561199090166473,0,0.007074509281665087,5,0.9218344205872497
76561198378486534,0,0.003985378425568342,5,0.9218344205872497
76561198119245226,0,0.007904752157628536,5,0.9218344205872497
76561199094054177,0,0.3102836608886719,5,0.9218344205872497
76561198824403841,0,0.004590157885104418,5,0.9218344205872497
76561198856759009,0,0.0773296132683754,5,0.9218344205872497
76561198860407361,0,0.07116177678108215,5,0.9218344205872497
76561198069605991,0,0.023593692108988762,5,0.9218344205872497
76561199565273923,0,0.008907350711524487,5,0.9218344205872497
76561198004466756,0,0.005994349718093872,5,0.9218344205872497
76561198284223418,0,0.022459818050265312,5,0.9218344205872497
76561199205892287,0,0.11667473614215851,5,0.9218344205872497
76561198033934229,0,0.2761179208755493,5,0.9218344205872497
76561199066076413,0,0.23265627026557922,5,0.9218344205872497
76561198202911453,0,0.034814316779375076,5,0.9218344205872497
76561198335996941,0,0.07037971168756485,5,0.9218344205872497
76561198415904197,0,0.5775883793830872,5,0.9218344205872497
76561198140687887,0,0.26805710792541504,5,0.9218344205872497
76561199462484810,0,0.018384084105491638,5,0.9218344205872497
76561198336022829,0,0.926987886428833,5,0.9218344205872497
76561198023965138,0,0.17765593528747559,5,0.9218344205872497
76561198865737547,0,0.011571962386369705,5,0.9218344205872497
76561198107300421,0,0.00407274067401886,5,0.9218344205872497
76561198136663664,0,0.048547692596912384,5,0.9218344205872497
76561198196497443,0,0.5378508567810059,5,0.9218344205872497
76561199471723862,0,0.004811049439013004,5,0.9218344205872497
76561198118105235,0,0.13100406527519226,5,0.9218344205872497
76561198415256702,0,0.0034972294233739376,5,0.9218344205872497
76561198045380160,0,0.5831586122512817,5,0.9218344205872497
76561199074473827,0,0.00854074489325285,5,0.9218344205872497
76561198393880439,0,0.05846673995256424,5,0.9218344205872497
76561199121018681,0,0.5437934398651123,5,0.9218344205872497
76561198071651546,0,0.006368896923959255,5,0.9218344205872497
76561198982229616,0,0.03835194557905197,5,0.9218344205872497
76561198012589207,0,0.00927924644201994,5,0.9218344205872497
76561198077419605,0,0.2160983383655548,5,0.9218344205872497
76561198048320386,0,0.007916735485196114,5,0.9218344205872497
76561198080308866,0,0.00517610926181078,5,0.9218344205872497
76561198278429433,0,0.0570751391351223,5,0.9218344205872497
76561199168398491,0,0.0163644477725029,5,0.9218344205872497
76561199039669925,1,0.5698974132537842,5,0.9218344205872497
76561198990687328,0,0.06002548336982727,5,0.9218344205872497
76561198232848536,0,0.0052324989810585976,5,0.9218344205872497
76561199082413269,0,0.005762240383774042,5,0.9218344205872497
76561198146844860,0,0.906050980091095,5,0.9218344205872497
76561199447100888,0,0.31527334451675415,5,0.9218344205872497
76561198006319342,0,0.013823912478983402,5,0.9218344205872497
76561198960014980,0,0.0031415231060236692,5,0.9218344205872497
76561198208968793,0,0.004799353424459696,5,0.9218344205872497
76561198987204738,0,0.014886029995977879,5,0.9218344205872497
76561198097298477,0,0.005860080011188984,5,0.9218344205872497
76561198366690330,0,0.005158105865120888,5,0.9218344205872497
76561199000137704,1,0.8080493211746216,5,0.9218344205872497
76561199534587309,0,0.3730047345161438,5,0.9218344205872497
76561198444159944,0,0.3107353746891022,5,0.9218344205872497
76561198835418784,0,0.051938917487859726,5,0.9218344205872497
76561198141722105,0,0.016576550900936127,5,0.9218344205872497
76561198357355611,0,0.016102442517876625,5,0.9218344205872497
76561198256555352,0,0.026791168376803398,5,0.9218344205872497
76561199385359652,0,0.05688917636871338,5,0.9218344205872497
76561199081143218,0,0.008806795813143253,5,0.9218344205872497
76561198128075220,1,0.9890081882476807,5,0.9218344205872497
76561198259804515,0,0.24335837364196777,5,0.9218344205872497
76561198234525456,0,0.01280156709253788,5,0.9218344205872497
76561199648592351,0,0.004178553819656372,5,0.9218344205872497
76561198974200123,0,0.005189112853258848,5,0.9218344205872497
76561199202272340,0,0.0033696952741593122,5,0.9218344205872497
76561198117253253,0,0.0061448416672647,5,0.9218344205872497
76561198052331390,0,0.010019485838711262,5,0.9218344205872497
76561197977434077,0,0.016867561265826225,5,0.9218344205872497
76561198209023695,0,0.01102210208773613,5,0.9218344205872497
76561198037099702,0,0.034064602106809616,5,0.9218344205872497
76561199220793222,0,0.11238136887550354,5,0.9218344205872497
76561198276512428,0,0.009375122375786304,5,0.9218344205872497
76561199204583416,0,0.015960169956088066,5,0.9218344205872497
76561198017767107,0,0.026538703590631485,5,0.9218344205872497
76561198364120602,0,0.020706217736005783,5,0.9218344205872497
76561199078136819,0,0.011524205096065998,5,0.9218344205872497
76561199229609911,0,0.003586609149351716,5,0.9218344205872497
76561198007434037,0,0.17325754463672638,5,0.9218344205872497
76561198033792016,0,0.004493821412324905,5,0.9218344205872497
76561199485918933,0,0.08988074958324432,5,0.9218344205872497
76561198453117112,0,0.007527255453169346,5,0.9218344205872497
76561199042672526,0,0.013207152485847473,5,0.9218344205872497
76561198391723763,0,0.008907350711524487,5,0.9218344205872497
76561198795849929,0,0.015314175747334957,5,0.9218344205872497
76561198440782572,0,0.017438797280192375,5,0.9218344205872497
76561198090245345,0,0.18992730975151062,5,0.9218344205872497
76561198272712243,0,0.010244050994515419,5,0.9218344205872497
76561199548386492,0,0.005481405649334192,5,0.9218344205872497
76561198338811612,0,0.012320452369749546,5,0.9218344205872497
76561199522989148,0,0.003923850599676371,5,0.9218344205872497
76561199036300904,0,0.004088605288416147,5,0.9218344205872497
76561198301330419,0,0.9595779180526733,5,0.9218344205872497
76561198179531402,0,0.022530408576130867,5,0.9218344205872497
76561198069596530,0,0.005936798639595509,5,0.9218344205872497
76561198100853807,0,0.9814227819442749,5,0.9218344205872497
76561198871617807,0,0.004011862445622683,5,0.9218344205872497
76561198057537742,0,0.006728334352374077,5,0.9218344205872497
76561198877672844,0,0.014736795797944069,5,0.9218344205872497
76561199093688533,0,0.01664302684366703,5,0.9218344205872497
76561198122466197,0,0.026372576132416725,5,0.9218344205872497
76561199005720582,0,0.010033519938588142,5,0.9218344205872497
76561199593028095,0,0.6736302971839905,5,0.9218344205872497
76561199113620081,0,0.011687698774039745,5,0.9218344205872497
76561198800638641,0,0.1785079389810562,5,0.9218344205872497
76561199123700357,0,0.006544297561049461,5,0.9218344205872497
76561198135492542,0,0.013085433281958103,5,0.9218344205872497
76561199239247720,0,0.01704801805317402,5,0.9218344205872497
76561198188071994,0,0.005991099402308464,5,0.9218344205872497
76561198159811054,0,0.09232676774263382,5,0.9218344205872497
76561198412832226,0,0.005256501957774162,5,0.9218344205872497
76561198215736984,0,0.08502387255430222,5,0.9218344205872497
76561198393269092,0,0.9529310464859009,5,0.9218344205872497
76561199099958385,0,0.07182379812002182,5,0.9218344205872497
76561198189376690,0,0.004498388152569532,5,0.9218344205872497
76561199144363731,0,0.026403134688735008,5,0.9218344205872497
76561198999755413,0,0.6144080758094788,5,0.9218344205872497
76561198989410370,0,0.06397934257984161,5,0.9218344205872497
76561199065019048,0,0.006915067322552204,5,0.9218344205872497
76561199067085095,0,0.05551326274871826,5,0.9218344205872497
76561199016191608,0,0.39510852098464966,5,0.9218344205872497
76561198013588125,0,0.009108970873057842,5,0.9218344205872497
76561199592497504,0,0.00401208596304059,5,0.9218344205872497
76561198193473954,0,0.0042680054903030396,5,0.9218344205872497
76561199356173070,0,0.00973706878721714,5,0.9218344205872497
76561198090548406,0,0.004054427146911621,5,0.9218344205872497
76561198960783553,0,0.0974913164973259,5,0.9218344205872497
76561198172469138,0,0.2879199981689453,5,0.9218344205872497
76561198357206659,0,0.029393091797828674,5,0.9218344205872497
76561198222646100,1,0.9825628995895386,5,0.9218344205872497
76561198247853024,0,0.003898674389347434,5,0.9218344205872497
76561198286759944,0,0.15686377882957458,5,0.9218344205872497
76561198197458482,0,0.06334042549133301,5,0.9218344205872497
76561199382902303,0,0.0871984139084816,5,0.9218344205872497
76561198314683244,0,0.7731738090515137,5,0.9218344205872497
76561198863677153,0,0.26498088240623474,5,0.9218344205872497
76561198098158539,1,0.9777979850769043,5,0.9218344205872497
76561198083417456,0,0.09104672074317932,5,0.9218344205872497
76561197995809986,0,0.003472257638350129,5,0.9218344205872497
76561198102428801,0,0.15700601041316986,5,0.9218344205872497
76561198366718501,0,0.25328412652015686,5,0.9218344205872497
76561198309250101,0,0.02090955339372158,5,0.9218344205872497
76561198340026946,0,0.09463342279195786,5,0.9218344205872497
76561198795590704,0,0.02680223621428013,5,0.9218344205872497
76561198023554070,0,0.006173510104417801,5,0.9218344205872497
76561198121502489,0,0.014048071578145027,5,0.9218344205872497
76561199208007929,0,0.0031415231060236692,5,0.9218344205872497
76561197999466157,0,0.004812521860003471,5,0.9218344205872497
76561198080159039,0,0.004388449713587761,5,0.9218344205872497
76561198804826140,0,0.03394163399934769,5,0.9218344205872497
76561199510379685,0,0.01698814518749714,5,0.9218344205872497
76561199040188736,0,0.0840134471654892,5,0.9218344205872497
76561198061551254,0,0.026456279680132866,5,0.9218344205872497
76561199472118476,0,0.22413970530033112,5,0.9218344205872497
76561199237211004,0,0.003715694881975651,5,0.9218344205872497
76561199389224412,0,0.025877341628074646,5,0.9218344205872497
76561199177906876,0,0.1922021061182022,5,0.9218344205872497
76561198099724616,0,0.9609944224357605,5,0.9218344205872497
76561198253023417,0,0.017753154039382935,5,0.9218344205872497
76561198157452849,0,0.011385107412934303,5,0.9218344205872497
76561198355361616,0,0.0035580971743911505,5,0.9218344205872497
76561198200653328,0,0.0038646168541163206,5,0.9218344205872497
76561198074847035,0,0.007361747324466705,5,0.9218344205872497
76561198064937079,0,0.027730870991945267,5,0.9218344205872497
76561198329341770,0,0.016202552244067192,5,0.9218344205872497
76561198294795846,0,0.129632368683815,5,0.9218344205872497
76561199785480595,0,0.005052190274000168,5,0.9218344205872497
76561199099434191,0,0.983339786529541,5,0.9218344205872497
76561198099996051,0,0.008342371322214603,5,0.9218344205872497
76561198326869415,0,0.015163825824856758,5,0.9218344205872497
76561198987539794,0,0.006408996880054474,5,0.9218344205872497
76561199016577927,0,0.03799827769398689,5,0.9218344205872497
76561199577128764,0,0.007441621273756027,5,0.9218344205872497
76561199587283752,0,0.003285718150436878,5,0.9218344205872497
76561198062871743,0,0.051962584257125854,5,0.9218344205872497
76561198019641438,0,0.1266765594482422,5,0.9218344205872497
76561198374000233,0,0.014095677062869072,5,0.9218344205872497
76561199057962357,0,0.02083776704967022,5,0.9218344205872497
76561199080572477,0,0.03514985367655754,5,0.9218344205872497
76561198364137938,0,0.006779887247830629,5,0.9218344205872497
76561198190831230,0,0.2506171464920044,5,0.9218344205872497
76561198356576305,1,0.4898732900619507,5,0.9218344205872497
76561199176950620,0,0.004710023757070303,5,0.9218344205872497
76561198207058536,0,0.006579448003321886,5,0.9218344205872497
76561198058489845,0,0.008493374101817608,5,0.9218344205872497
76561198041985423,0,0.12661562860012054,5,0.9218344205872497
76561198919252330,0,0.006218751892447472,5,0.9218344205872497
76561198880154493,1,0.9883506298065186,5,0.9218344205872497
76561198064512066,1,0.9889135956764221,5,0.9218344205872497
76561198889643190,0,0.015857413411140442,5,0.9218344205872497
76561198817689183,0,0.010493194684386253,5,0.9218344205872497
76561198875701182,1,0.9828770756721497,5,0.9218344205872497
76561198017455155,0,0.008907350711524487,5,0.9218344205872497
76561198343373512,0,0.6960538625717163,5,0.9218344205872497
76561199133533807,0,0.2390075922012329,5,0.9218344205872497
76561197990227064,0,0.00977968331426382,5,0.9218344205872497
76561197964538374,0,0.016916627064347267,5,0.9218344205872497
76561199028291824,0,0.016887634992599487,5,0.9218344205872497
76561198042626000,0,0.014098189771175385,5,0.9218344205872497
76561199207137899,0,0.08528559654951096,5,0.9218344205872497
76561198096520963,0,0.009817137382924557,5,0.9218344205872497
76561198192981237,0,0.0042249602265655994,5,0.9218344205872497
76561198056328866,0,0.006094084121286869,5,0.9218344205872497
76561199488138152,0,0.006054511293768883,5,0.9218344205872497
76561198131325059,0,0.9726473689079285,5,0.9218344205872497
76561197986630213,0,0.016974611207842827,5,0.9218344205872497
76561198349254798,1,0.6612444519996643,5,0.9218344205872497
76561198125084057,0,0.04881452023983002,5,0.9218344205872497
76561198447215834,0,0.007206893526017666,5,0.9218344205872497
76561199420265163,0,0.006478662136942148,5,0.9218344205872497
76561198103318208,0,0.006661717314273119,5,0.9218344205872497
76561198284892908,0,0.9849039316177368,5,0.9218344205872497
76561198114739805,0,0.8769423961639404,5,0.9218344205872497
76561198263119032,0,0.005034353118389845,5,0.9218344205872497
76561198837693740,0,0.019652996212244034,5,0.9218344205872497
76561198083536833,0,0.037851665169000626,5,0.9218344205872497
76561198333958723,0,0.00425184890627861,5,0.9218344205872497
76561199022255294,0,0.06454946845769882,5,0.9218344205872497
76561197963120798,0,0.0038882733788341284,5,0.9218344205872497
76561198136111493,0,0.005877716466784477,5,0.9218344205872497
76561198998221496,0,0.04682767018675804,5,0.9218344205872497
76561198816010594,0,0.5821848511695862,5,0.9218344205872497
76561198874857301,0,0.005027176346629858,5,0.9218344205872497
76561198052669775,1,0.9901081323623657,5,0.9218344205872497
76561198165941799,0,0.006407981738448143,5,0.9218344205872497
76561199100464465,0,0.011032050475478172,5,0.9218344205872497
76561198367510406,0,0.006806712597608566,5,0.9218344205872497
76561199065224964,0,0.009354555048048496,5,0.9218344205872497
76561199110397978,0,0.004008286166936159,5,0.9218344205872497
76561198439122509,0,0.004327105358242989,5,0.9218344205872497
76561199225841007,0,0.08665335178375244,5,0.9218344205872497
76561199179941792,0,0.0060232216492295265,5,0.9218344205872497
76561199082933940,0,0.004401435609906912,5,0.9218344205872497
76561199056960352,0,0.07694108784198761,5,0.9218344205872497
76561198985079560,0,0.0077452100813388824,5,0.9218344205872497
76561199090018815,0,0.0031415231060236692,5,0.9218344205872497
76561198001929486,0,0.03366783633828163,5,0.9218344205872497
76561198071825348,0,0.003476689336821437,5,0.9218344205872497
76561198183693053,0,0.004852341953665018,5,0.9218344205872497
76561198030422732,0,0.0077452100813388824,5,0.9218344205872497
76561199035390407,0,0.4619864225387573,5,0.9218344205872497
76561198130536826,0,0.006347205024212599,5,0.9218344205872497
76561198436601409,0,0.004904360510408878,5,0.9218344205872497
76561198337730941,0,0.00709603913128376,5,0.9218344205872497
76561198374589344,0,0.3097951412200928,5,0.9218344205872497
76561198930259419,0,0.005241866689175367,5,0.9218344205872497
76561198307225029,0,0.06485897302627563,5,0.9218344205872497
76561198375008766,0,0.005650244653224945,5,0.9218344205872497
76561199076359496,0,0.008227336220443249,5,0.9218344205872497
76561198066981150,0,0.00330149638466537,5,0.9218344205872497
76561198059247244,0,0.008259883150458336,5,0.9218344205872497
