user_key,y,score,fold,threshold
76561198147973517,0,0.004048723261803389,3,0.9857762037051383
76561198062486226,0,0.005583826452493668,3,0.9857762037051383
76561199133493043,0,0.004620471969246864,3,0.9857762037051383
76561198007414982,0,0.4182184636592865,3,0.9857762037051383
76561198020431728,1,0.9931841492652893,3,0.9857762037051383
76561197991926510,0,0.2603342533111572,3,0.9857762037051383
76561198073034619,0,0.007853897288441658,3,0.9857762037051383
76561198081107979,0,0.015441332943737507,3,0.9857762037051383
76561198133268978,0,0.0490904301404953,3,0.9857762037051383
76561199429788257,0,0.005178346764296293,3,0.9857762037051383
76561198006403421,0,0.2994456887245178,3,0.9857762037051383
76561198292601610,0,0.004241955932229757,3,0.9857762037051383
76561198010548056,0,0.9956152439117432,3,0.9857762037051383
76561198861298544,0,0.9602816700935364,3,0.9857762037051383
76561198015488283,0,0.005304480902850628,3,0.9857762037051383
76561198402154728,0,0.004180383402854204,3,0.9857762037051383
76561198814819582,0,0.003927320241928101,3,0.9857762037051383
76561198111278327,0,0.47688180208206177,3,0.9857762037051383
76561198363576885,0,0.0033493952360004187,3,0.9857762037051383
76561198078269637,0,0.01092430017888546,3,0.9857762037051383
76561199355720703,0,0.3024637699127197,3,0.9857762037051383
76561198350332694,0,0.004510647151619196,3,0.9857762037051383
76561198119806486,0,0.026316139847040176,3,0.9857762037051383
76561198984658601,0,0.004991883412003517,3,0.9857762037051383
76561198019378409,0,0.009751047939062119,3,0.9857762037051383
76561198292405465,0,0.004976415541023016,3,0.9857762037051383
76561198263412937,0,0.22033224999904633,3,0.9857762037051383
76561198122364903,0,0.0049194940365850925,3,0.9857762037051383
76561197994099826,0,0.004807527642697096,3,0.9857762037051383
76561198150757349,1,0.9938464760780334,3,0.9857762037051383
76561198988372338,0,0.006287321448326111,3,0.9857762037051383
76561197971256475,0,0.637923538684845,3,0.9857762037051383
76561198267727358,0,0.003164787543937564,3,0.9857762037051383
76561198943869739,0,0.00386345898732543,3,0.9857762037051383
76561199212124831,0,0.22160351276397705,3,0.9857762037051383
76561198153921377,0,0.03171778842806816,3,0.9857762037051383
76561199014496257,0,0.9920161962509155,3,0.9857762037051383
76561198144557549,0,0.08116848766803741,3,0.9857762037051383
76561199441979478,0,0.004408582579344511,3,0.9857762037051383
76561197999707640,0,0.10695861279964447,3,0.9857762037051383
76561198281135964,0,0.9642015099525452,3,0.9857762037051383
76561198019360648,0,0.7354804277420044,3,0.9857762037051383
76561198065815268,0,0.004736980423331261,3,0.9857762037051383
76561198978520186,0,0.01500297524034977,3,0.9857762037051383
76561198799338206,0,0.04114255681633949,3,0.9857762037051383
76561199619758034,0,0.003545129904523492,3,0.9857762037051383
76561198052397318,0,0.6645445227622986,3,0.9857762037051383
76561198071492500,0,0.004514041822403669,3,0.9857762037051383
76561198168408404,0,0.7810962200164795,3,0.9857762037051383
76561198045768606,0,0.9852489829063416,3,0.9857762037051383
76561198272007107,0,0.015555568039417267,3,0.9857762037051383
76561198436142362,0,0.005945881363004446,3,0.9857762037051383
76561198175694013,0,0.003548522712662816,3,0.9857762037051383
76561199736282954,0,0.00402819411829114,3,0.9857762037051383
76561198054861759,0,0.008693992160260677,3,0.9857762037051383
76561199169067781,0,0.004725658800452948,3,0.9857762037051383
76561198871327515,0,0.004372770432382822,3,0.9857762037051383
76561198099896333,0,0.7650887966156006,3,0.9857762037051383
76561199494616597,0,0.003469930263236165,3,0.9857762037051383
76561198106474117,0,0.9155862927436829,3,0.9857762037051383
76561199156968412,0,0.0034907080698758364,3,0.9857762037051383
76561198170794095,0,0.0065375580452382565,3,0.9857762037051383
76561198946697808,0,0.004040567670017481,3,0.9857762037051383
76561198138991017,0,0.9933322072029114,3,0.9857762037051383
76561199239192050,0,0.016896376386284828,3,0.9857762037051383
76561198043261861,0,0.014622092247009277,3,0.9857762037051383
76561198001408800,0,0.006027719937264919,3,0.9857762037051383
76561198256430954,0,0.0036056600511074066,3,0.9857762037051383
76561198081763212,0,0.9782949090003967,3,0.9857762037051383
76561198030655930,0,0.005993266589939594,3,0.9857762037051383
76561198802151112,0,0.0034763305447995663,3,0.9857762037051383
76561199674797602,0,0.004856601823121309,3,0.9857762037051383
76561198282667321,0,0.0033011012710630894,3,0.9857762037051383
76561198103910735,0,0.0075809890404343605,3,0.9857762037051383
76561198104350097,0,0.006569163408130407,3,0.9857762037051383
76561199128275944,0,0.003870981279760599,3,0.9857762037051383
76561198117395874,0,0.11299017816781998,3,0.9857762037051383
76561198793574824,0,0.32588672637939453,3,0.9857762037051383
76561198002583466,0,0.0035188724286854267,3,0.9857762037051383
76561199202936841,0,0.539588451385498,3,0.9857762037051383
76561199104547539,0,0.0596299022436142,3,0.9857762037051383
76561198278126131,0,0.02468108758330345,3,0.9857762037051383
76561198014574999,0,0.005534584634006023,3,0.9857762037051383
76561198002191771,0,0.21568810939788818,3,0.9857762037051383
76561198976732273,0,0.0075356666930019855,3,0.9857762037051383
76561199672616187,0,0.004479232244193554,3,0.9857762037051383
76561198155106340,0,0.019327832385897636,3,0.9857762037051383
76561199149936568,0,0.24506208300590515,3,0.9857762037051383
76561198023079770,0,0.09785658121109009,3,0.9857762037051383
76561198080919343,0,0.01915760710835457,3,0.9857762037051383
76561197995437206,0,0.9642212390899658,3,0.9857762037051383
76561198025806148,0,0.007138860411942005,3,0.9857762037051383
76561199042100946,0,0.012447327375411987,3,0.9857762037051383
76561198019494385,0,0.0033011012710630894,3,0.9857762037051383
76561198365237640,0,0.004906693007797003,3,0.9857762037051383
76561198006367473,0,0.00602120952680707,3,0.9857762037051383
76561198039825962,0,0.006291666999459267,3,0.9857762037051383
76561198001811060,0,0.8469142913818359,3,0.9857762037051383
76561198041873118,0,0.45824041962623596,3,0.9857762037051383
76561199266365718,1,0.9921879768371582,3,0.9857762037051383
76561199061901694,0,0.4020763337612152,3,0.9857762037051383
76561197974193304,0,0.8570136427879333,3,0.9857762037051383
76561199028842239,0,0.003805181011557579,3,0.9857762037051383
76561199496794648,0,0.004684623330831528,3,0.9857762037051383
76561198452125832,0,0.245818629860878,3,0.9857762037051383
76561199387695635,0,0.19625863432884216,3,0.9857762037051383
76561198073015526,0,0.0048872740007936954,3,0.9857762037051383
76561199006649204,0,0.003985761199146509,3,0.9857762037051383
76561198129061991,0,0.7571555972099304,3,0.9857762037051383
76561198027707505,0,0.037215057760477066,3,0.9857762037051383
76561199142277083,0,0.004887501709163189,3,0.9857762037051383
76561197970265843,0,0.17284661531448364,3,0.9857762037051383
76561199031517384,1,0.9959089756011963,3,0.9857762037051383
76561198319490503,0,0.012580659240484238,3,0.9857762037051383
76561198025514595,1,0.7972548007965088,3,0.9857762037051383
76561198029603557,0,0.4794008433818817,3,0.9857762037051383
76561198105369637,0,0.585662841796875,3,0.9857762037051383
76561198149059783,0,0.015432202257215977,3,0.9857762037051383
76561199073726515,1,0.9940005540847778,3,0.9857762037051383
76561198046696530,0,0.45048704743385315,3,0.9857762037051383
76561198055008888,1,0.9915025234222412,3,0.9857762037051383
76561199079470608,0,0.753159761428833,3,0.9857762037051383
76561197962373715,0,0.16460098326206207,3,0.9857762037051383
76561197989957986,0,0.004833406303077936,3,0.9857762037051383
76561197994692787,0,0.003476492129266262,3,0.9857762037051383
76561198925240049,0,0.006392213981598616,3,0.9857762037051383
76561198072515158,0,0.007452100049704313,3,0.9857762037051383
76561198996702285,0,0.006531853694468737,3,0.9857762037051383
76561198890209304,0,0.0037846288178116083,3,0.9857762037051383
76561198009389365,0,0.9640347361564636,3,0.9857762037051383
76561199080324267,0,0.017349550500512123,3,0.9857762037051383
76561198151347292,0,0.10368958115577698,3,0.9857762037051383
76561198853128719,0,0.652890145778656,3,0.9857762037051383
76561198313278538,0,0.004002518951892853,3,0.9857762037051383
76561198353512866,0,0.1400498002767563,3,0.9857762037051383
76561198985012529,0,0.004909508861601353,3,0.9857762037051383
76561198412701508,0,0.9947715401649475,3,0.9857762037051383
76561198871436347,0,0.0034763305447995663,3,0.9857762037051383
76561198089378486,0,0.006649884860962629,3,0.9857762037051383
76561199249328566,0,0.0046512410044670105,3,0.9857762037051383
76561199059522868,0,0.009847428649663925,3,0.9857762037051383
76561198981112236,0,0.010846186429262161,3,0.9857762037051383
76561198202376182,0,0.006570875644683838,3,0.9857762037051383
76561198113876306,0,0.01053658127784729,3,0.9857762037051383
76561199184568972,0,0.011202935129404068,3,0.9857762037051383
76561198121819711,0,0.020630018785595894,3,0.9857762037051383
76561197972898111,0,0.005911402404308319,3,0.9857762037051383
76561198192296025,0,0.05076197162270546,3,0.9857762037051383
76561199439260149,0,0.012384602800011635,3,0.9857762037051383
76561199440147881,0,0.026909133419394493,3,0.9857762037051383
76561199104865665,0,0.06408455967903137,3,0.9857762037051383
76561198086147149,0,0.007913106121122837,3,0.9857762037051383
76561199691095547,0,0.17334197461605072,3,0.9857762037051383
76561199105549721,0,0.00702135032042861,3,0.9857762037051383
76561198835443157,0,0.8260340690612793,3,0.9857762037051383
76561199174793963,0,0.013842802494764328,3,0.9857762037051383
76561198842254824,0,0.9637036919593811,3,0.9857762037051383
76561198085773089,0,0.11111550033092499,3,0.9857762037051383
76561198206712061,0,0.007207047659903765,3,0.9857762037051383
76561199216675530,0,0.0157439224421978,3,0.9857762037051383
76561198846768084,0,0.015280503779649734,3,0.9857762037051383
76561198231091652,0,0.004868803545832634,3,0.9857762037051383
76561199589246527,0,0.003694820450618863,3,0.9857762037051383
76561198366302706,0,0.00495990552008152,3,0.9857762037051383
76561199557618588,0,0.004345685709267855,3,0.9857762037051383
76561199182346866,0,0.007262577768415213,3,0.9857762037051383
76561199379652280,0,0.11754829436540604,3,0.9857762037051383
76561198363606721,0,0.004036931321024895,3,0.9857762037051383
76561199367411703,0,0.005495814606547356,3,0.9857762037051383
76561198853933259,0,0.03327891603112221,3,0.9857762037051383
76561199098667423,0,0.0034763305447995663,3,0.9857762037051383
76561197993994957,0,0.005469690077006817,3,0.9857762037051383
76561198817067025,0,0.010448487475514412,3,0.9857762037051383
76561199197002658,0,0.0034763305447995663,3,0.9857762037051383
76561198315651484,0,0.4392241835594177,3,0.9857762037051383
76561198011175904,0,0.004081216640770435,3,0.9857762037051383
76561199270271451,0,0.005489982198923826,3,0.9857762037051383
76561198057063815,0,0.012639924883842468,3,0.9857762037051383
76561198824478866,0,0.02932720072567463,3,0.9857762037051383
76561199072404963,0,0.003993453457951546,3,0.9857762037051383
76561198293724326,0,0.2573140263557434,3,0.9857762037051383
76561199494728452,0,0.0038950778543949127,3,0.9857762037051383
76561199806621812,0,0.011220855638384819,3,0.9857762037051383
76561199009696676,0,0.0037567985709756613,3,0.9857762037051383
76561198451510801,0,0.003998578060418367,3,0.9857762037051383
76561199377127854,0,0.08784697204828262,3,0.9857762037051383
76561199151942187,0,0.006099319085478783,3,0.9857762037051383
76561198391547474,0,0.004296330735087395,3,0.9857762037051383
76561198294448537,0,0.04192065820097923,3,0.9857762037051383
76561199426647551,0,0.004729872569441795,3,0.9857762037051383
76561198020506980,0,0.1373123675584793,3,0.9857762037051383
76561198072403170,0,0.3276410400867462,3,0.9857762037051383
76561198105821457,0,0.6177563071250916,3,0.9857762037051383
76561198066212247,0,0.5132583975791931,3,0.9857762037051383
76561198858531493,0,0.010517020709812641,3,0.9857762037051383
76561198052970544,0,0.2290419191122055,3,0.9857762037051383
76561198847440559,0,0.6483225226402283,3,0.9857762037051383
76561198165306032,1,0.9865705370903015,3,0.9857762037051383
76561198302976880,0,0.6165500283241272,3,0.9857762037051383
76561198136686619,0,0.010412706062197685,3,0.9857762037051383
76561199672417769,0,0.08639134466648102,3,0.9857762037051383
76561198058995642,0,0.4377986490726471,3,0.9857762037051383
76561198422338196,0,0.004523344337940216,3,0.9857762037051383
76561197969061975,0,0.5274398922920227,3,0.9857762037051383
76561199091951955,0,0.0050412435084581375,3,0.9857762037051383
76561198019939545,0,0.02449268102645874,3,0.9857762037051383
76561198999574464,0,0.9903062582015991,3,0.9857762037051383
76561198834060692,0,0.003951482940465212,3,0.9857762037051383
76561197978833513,0,0.12065541744232178,3,0.9857762037051383
76561198057876907,0,0.00972316600382328,3,0.9857762037051383
76561198013734740,0,0.004354765173047781,3,0.9857762037051383
76561198352485909,0,0.003452919190749526,3,0.9857762037051383
76561198385244368,0,0.0042732893489301205,3,0.9857762037051383
76561199236728427,1,0.9727675914764404,3,0.9857762037051383
76561199471243488,0,0.007107819430530071,3,0.9857762037051383
76561198052176254,0,0.02567869797348976,3,0.9857762037051383
76561197970674317,0,0.8888435959815979,3,0.9857762037051383
76561199407331874,1,0.9870228171348572,3,0.9857762037051383
76561198188305295,0,0.010100636631250381,3,0.9857762037051383
76561199517517278,0,0.6079865097999573,3,0.9857762037051383
76561198007982404,0,0.004180361516773701,3,0.9857762037051383
76561198244659188,0,0.016143327578902245,3,0.9857762037051383
76561198217045185,0,0.00335795059800148,3,0.9857762037051383
76561198273789179,0,0.005584028549492359,3,0.9857762037051383
76561198373457319,0,0.2750042676925659,3,0.9857762037051383
76561199107085471,0,0.2728317975997925,3,0.9857762037051383
76561198105687782,0,0.004276440013200045,3,0.9857762037051383
76561198052315496,0,0.0552326962351799,3,0.9857762037051383
76561198015897434,0,0.00376358930952847,3,0.9857762037051383
76561198332873219,0,0.6170136332511902,3,0.9857762037051383
76561199672532738,0,0.008660047315061092,3,0.9857762037051383
76561197974647680,0,0.005442236550152302,3,0.9857762037051383
76561199224609799,0,0.021350476890802383,3,0.9857762037051383
76561198999713209,0,0.10711345821619034,3,0.9857762037051383
76561199091136267,1,0.9478795528411865,3,0.9857762037051383
76561199412136039,0,0.004497081506997347,3,0.9857762037051383
76561198121689504,0,0.58439701795578,3,0.9857762037051383
76561198381948785,0,0.0052073076367378235,3,0.9857762037051383
76561199647233653,0,0.004961640108376741,3,0.9857762037051383
76561198039930066,0,0.003781708190217614,3,0.9857762037051383
76561198392649027,0,0.0351579375565052,3,0.9857762037051383
76561198184950189,0,0.015468460507690907,3,0.9857762037051383
76561198430521475,0,0.022759201005101204,3,0.9857762037051383
76561198170115142,0,0.8098335862159729,3,0.9857762037051383
76561198151530615,0,0.7977352142333984,3,0.9857762037051383
76561199120405175,0,0.004621325526386499,3,0.9857762037051383
76561198806778032,0,0.005572210066020489,3,0.9857762037051383
76561198991716120,0,0.00438728928565979,3,0.9857762037051383
76561198033800238,0,0.013678872026503086,3,0.9857762037051383
76561199088859119,0,0.0041716923005878925,3,0.9857762037051383
76561199222291252,0,0.004234533756971359,3,0.9857762037051383
76561198022922717,0,0.004850525874644518,3,0.9857762037051383
76561199056634144,0,0.014813439920544624,3,0.9857762037051383
76561199122344509,0,0.005169937387108803,3,0.9857762037051383
76561198327624970,0,0.09561403840780258,3,0.9857762037051383
76561198076200507,0,0.9926016926765442,3,0.9857762037051383
76561198025854645,1,0.9954719543457031,3,0.9857762037051383
76561198201259462,0,0.007005954161286354,3,0.9857762037051383
76561198188832902,0,0.014355195686221123,3,0.9857762037051383
76561198959424963,0,0.0033277312759310007,3,0.9857762037051383
76561198843107947,0,0.017560916021466255,3,0.9857762037051383
76561198089557870,0,0.06425051391124725,3,0.9857762037051383
76561198985347265,0,0.004561274312436581,3,0.9857762037051383
76561199248295399,0,0.003680222202092409,3,0.9857762037051383
76561198034318232,0,0.08986075967550278,3,0.9857762037051383
76561198817171096,0,0.005723734851926565,3,0.9857762037051383
76561198435096402,0,0.2257504016160965,3,0.9857762037051383
76561198809584057,0,0.29513415694236755,3,0.9857762037051383
76561199216147866,0,0.8502216935157776,3,0.9857762037051383
76561199057394078,0,0.003433388425037265,3,0.9857762037051383
76561198245568998,0,0.08203388750553131,3,0.9857762037051383
76561198148001448,0,0.010609888471662998,3,0.9857762037051383
76561199765292094,0,0.004311301279813051,3,0.9857762037051383
76561198186202854,0,0.0044236863031983376,3,0.9857762037051383
76561199232794702,0,0.004386682994663715,3,0.9857762037051383
76561199628555946,0,0.8162874579429626,3,0.9857762037051383
76561198057744455,0,0.0037779556587338448,3,0.9857762037051383
76561199265435945,0,0.003452919190749526,3,0.9857762037051383
76561198968738077,0,0.004510647151619196,3,0.9857762037051383
76561198971115704,0,0.03480438515543938,3,0.9857762037051383
76561198194379497,0,0.003642121097072959,3,0.9857762037051383
76561199028485064,0,0.005390406120568514,3,0.9857762037051383
76561197976936525,0,0.9850978851318359,3,0.9857762037051383
76561198037362945,0,0.28552690148353577,3,0.9857762037051383
76561199157202772,0,0.004096906632184982,3,0.9857762037051383
76561198016127365,0,0.6613983511924744,3,0.9857762037051383
76561198131555317,0,0.25552770495414734,3,0.9857762037051383
76561198349051716,0,0.9731427431106567,3,0.9857762037051383
76561198079789940,0,0.9884169697761536,3,0.9857762037051383
76561198854335971,0,0.004175791051238775,3,0.9857762037051383
76561199210389966,0,0.003999512642621994,3,0.9857762037051383
76561198956041250,0,0.003828691318631172,3,0.9857762037051383
76561198046151456,0,0.4266589879989624,3,0.9857762037051383
76561199134482085,0,0.9402399063110352,3,0.9857762037051383
76561198215745627,0,0.5723857879638672,3,0.9857762037051383
76561198044750837,0,0.03660345822572708,3,0.9857762037051383
76561198880472573,0,0.003452919190749526,3,0.9857762037051383
76561199470492060,0,0.058737486600875854,3,0.9857762037051383
76561199097935226,0,0.9944116473197937,3,0.9857762037051383
76561198027519111,0,0.9135032296180725,3,0.9857762037051383
76561199259282778,0,0.13864268362522125,3,0.9857762037051383
76561199442661699,0,0.0034763305447995663,3,0.9857762037051383
76561198057534111,0,0.004016623366624117,3,0.9857762037051383
76561198077308087,0,0.027691511437296867,3,0.9857762037051383
76561197999116825,0,0.005016968585550785,3,0.9857762037051383
76561199228880644,0,0.027850141748785973,3,0.9857762037051383
76561198046234634,0,0.0056089782156050205,3,0.9857762037051383
76561198162138023,0,0.0032712887041270733,3,0.9857762037051383
76561198102475827,0,0.004010161850601435,3,0.9857762037051383
76561198957279704,0,0.004077225923538208,3,0.9857762037051383
76561198053000084,0,0.009445940144360065,3,0.9857762037051383
76561199143599665,0,0.01089425291866064,3,0.9857762037051383
76561198047224536,0,0.6067948937416077,3,0.9857762037051383
76561199015781438,0,0.007165874820202589,3,0.9857762037051383
76561198030815027,0,0.4355755150318146,3,0.9857762037051383
76561198217569195,0,0.9937469959259033,3,0.9857762037051383
76561198886154759,0,0.004260169807821512,3,0.9857762037051383
76561199050760108,1,0.9863725304603577,3,0.9857762037051383
76561198416937110,0,0.07390669733285904,3,0.9857762037051383
76561198043789532,1,0.9867962598800659,3,0.9857762037051383
76561198126460226,0,0.010517020709812641,3,0.9857762037051383
76561198956734324,0,0.058393459767103195,3,0.9857762037051383
76561198060726395,0,0.97412109375,3,0.9857762037051383
76561199386621610,0,0.0253196582198143,3,0.9857762037051383
76561199235716057,0,0.415967732667923,3,0.9857762037051383
76561198130704334,0,0.005515814293175936,3,0.9857762037051383
76561198893945816,0,0.003760226536542177,3,0.9857762037051383
76561198257714350,0,0.03757433593273163,3,0.9857762037051383
76561198971968204,0,0.00387809076346457,3,0.9857762037051383
76561198058086563,0,0.08333000540733337,3,0.9857762037051383
76561198077872676,0,0.04659641161561012,3,0.9857762037051383
76561199478383375,0,0.0446971170604229,3,0.9857762037051383
76561198199037981,0,0.12623241543769836,3,0.9857762037051383
76561198081808884,0,0.005737751722335815,3,0.9857762037051383
76561199483827451,0,0.160915344953537,3,0.9857762037051383
76561198003146645,0,0.003840325167402625,3,0.9857762037051383
76561198801676325,0,0.007377220317721367,3,0.9857762037051383
76561197986077942,0,0.006105879321694374,3,0.9857762037051383
76561198060354706,0,0.06529765576124191,3,0.9857762037051383
76561198311317470,0,0.8336251974105835,3,0.9857762037051383
76561198868106380,0,0.01136600598692894,3,0.9857762037051383
76561198284694835,0,0.0691734179854393,3,0.9857762037051383
76561198046768679,0,0.004510647151619196,3,0.9857762037051383
76561198856217829,0,0.01586690917611122,3,0.9857762037051383
76561198356279349,0,0.009384452365338802,3,0.9857762037051383
76561198139791862,0,0.004071441013365984,3,0.9857762037051383
76561198052687849,0,0.004144090693444014,3,0.9857762037051383
76561198250121034,0,0.019391700625419617,3,0.9857762037051383
76561198975240842,0,0.5068604350090027,3,0.9857762037051383
76561199148072514,0,0.00601948332041502,3,0.9857762037051383
76561198008753912,0,0.0247062835842371,3,0.9857762037051383
76561199226845555,0,0.004846789408475161,3,0.9857762037051383
76561197977316707,0,0.010215860791504383,3,0.9857762037051383
76561199477890694,0,0.01481403224170208,3,0.9857762037051383
76561197990145241,0,0.004626109264791012,3,0.9857762037051383
76561198156181984,0,0.01665240153670311,3,0.9857762037051383
76561198074162823,0,0.033397529274225235,3,0.9857762037051383
76561199233789515,0,0.014124225825071335,3,0.9857762037051383
76561198849542735,0,0.006517949979752302,3,0.9857762037051383
76561199086859812,0,0.010517020709812641,3,0.9857762037051383
76561199143054560,0,0.11666877567768097,3,0.9857762037051383
76561198056058878,0,0.014672222547233105,3,0.9857762037051383
76561198436705923,0,0.21259155869483948,3,0.9857762037051383
76561199158985123,0,0.008573868311941624,3,0.9857762037051383
76561199635504900,0,0.06898070126771927,3,0.9857762037051383
76561198163474414,0,0.004214306827634573,3,0.9857762037051383
76561198033507371,0,0.004684440791606903,3,0.9857762037051383
76561199076200956,0,0.0037243154365569353,3,0.9857762037051383
76561199006571742,0,0.004491713829338551,3,0.9857762037051383
76561199793127154,0,0.0058428323827683926,3,0.9857762037051383
76561198096462139,0,0.2980744242668152,3,0.9857762037051383
76561199055516555,0,0.007822570390999317,3,0.9857762037051383
76561198048135508,0,0.005408263765275478,3,0.9857762037051383
76561199144530275,0,0.011397028341889381,3,0.9857762037051383
76561198336808770,0,0.0033011012710630894,3,0.9857762037051383
76561198413678239,0,0.9888008832931519,3,0.9857762037051383
76561199078666571,0,0.0035020499490201473,3,0.9857762037051383
76561198035453358,0,0.004301027860492468,3,0.9857762037051383
76561198075135114,1,0.9898989796638489,3,0.9857762037051383
76561198321995015,0,0.041720904409885406,3,0.9857762037051383
76561199065586549,0,0.007409846410155296,3,0.9857762037051383
76561198169162615,0,0.0031770742498338223,3,0.9857762037051383
76561198390259971,0,0.004048723261803389,3,0.9857762037051383
76561198346888574,0,0.006635905243456364,3,0.9857762037051383
76561198094163912,0,0.17039275169372559,3,0.9857762037051383
76561198412381112,0,0.8385412096977234,3,0.9857762037051383
76561198381834503,0,0.9352774024009705,3,0.9857762037051383
76561198055582852,0,0.9666863083839417,3,0.9857762037051383
76561198119553746,1,0.9956457018852234,3,0.9857762037051383
76561199081543300,0,0.031664010137319565,3,0.9857762037051383
76561198250673952,0,0.005425080191344023,3,0.9857762037051383
76561198064437851,0,0.5659504532814026,3,0.9857762037051383
76561199533557107,0,0.06829900294542313,3,0.9857762037051383
76561199188548305,0,0.12150361388921738,3,0.9857762037051383
76561198869230881,0,0.05603331699967384,3,0.9857762037051383
76561198145408885,0,0.004432999528944492,3,0.9857762037051383
76561198304538159,0,0.17921136319637299,3,0.9857762037051383
76561199005831622,0,0.7664240002632141,3,0.9857762037051383
76561198070262791,0,0.0034763305447995663,3,0.9857762037051383
76561198871914902,1,0.9700438976287842,3,0.9857762037051383
76561198019591897,0,0.004966805223375559,3,0.9857762037051383
76561199558043377,0,0.004225725308060646,3,0.9857762037051383
76561198055354595,0,0.021955134347081184,3,0.9857762037051383
76561198965220723,0,0.004165864549577236,3,0.9857762037051383
76561198003101976,0,0.005448437761515379,3,0.9857762037051383
76561198322272218,0,0.004020066000521183,3,0.9857762037051383
76561198405221145,0,0.0944322869181633,3,0.9857762037051383
76561198055339289,0,0.004375109449028969,3,0.9857762037051383
76561198355843507,0,0.00681360112503171,3,0.9857762037051383
76561198116124222,0,0.0037579264026135206,3,0.9857762037051383
76561199476409658,0,0.5065596103668213,3,0.9857762037051383
76561198145294226,0,0.019256796687841415,3,0.9857762037051383
76561198953929010,0,0.003375495783984661,3,0.9857762037051383
76561198007036092,0,0.006029186304658651,3,0.9857762037051383
76561198255265988,0,0.004772915970534086,3,0.9857762037051383
76561198087826965,0,0.04313692823052406,3,0.9857762037051383
76561198207428177,0,0.008942661806941032,3,0.9857762037051383
76561199481063302,0,0.005088252015411854,3,0.9857762037051383
76561198022179652,0,0.02286469377577305,3,0.9857762037051383
76561198880338449,0,0.9087383151054382,3,0.9857762037051383
76561198174043010,0,0.01692849211394787,3,0.9857762037051383
76561198156418673,0,0.0051856255158782005,3,0.9857762037051383
76561199223536316,0,0.0037998671177774668,3,0.9857762037051383
76561198415668211,0,0.0265517421066761,3,0.9857762037051383
76561198981978067,0,0.9863648414611816,3,0.9857762037051383
76561198082858850,0,0.004453979432582855,3,0.9857762037051383
76561198145308546,0,0.9262582659721375,3,0.9857762037051383
76561198410588798,0,0.014836122281849384,3,0.9857762037051383
76561199467789545,0,0.00984253454953432,3,0.9857762037051383
76561198118080249,0,0.006458132527768612,3,0.9857762037051383
76561199070489046,0,0.004393877927213907,3,0.9857762037051383
76561199186835781,0,0.008135952055454254,3,0.9857762037051383
76561199246966109,0,0.004815765656530857,3,0.9857762037051383
76561198102191818,0,0.005293602589517832,3,0.9857762037051383
76561199121508929,0,0.21245059370994568,3,0.9857762037051383
76561199059647595,0,0.005430903285741806,3,0.9857762037051383
76561198068074639,0,0.004357822239398956,3,0.9857762037051383
76561198017275512,0,0.011594084091484547,3,0.9857762037051383
76561198982589836,0,0.9900137186050415,3,0.9857762037051383
76561198272601718,0,0.0321396142244339,3,0.9857762037051383
76561199050590018,0,0.010805219411849976,3,0.9857762037051383
76561198139485963,0,0.004826251417398453,3,0.9857762037051383
76561197999177501,0,0.019064081832766533,3,0.9857762037051383
76561198076296827,0,0.11016932129859924,3,0.9857762037051383
76561197984957736,0,0.037215057760477066,3,0.9857762037051383
76561199060323007,0,0.004053425509482622,3,0.9857762037051383
76561199050596557,0,0.006256046239286661,3,0.9857762037051383
76561198092611902,0,0.06351334601640701,3,0.9857762037051383
76561198849684685,0,0.021907970309257507,3,0.9857762037051383
76561198433975384,0,0.004524793941527605,3,0.9857762037051383
76561198804025323,0,0.0033572977408766747,3,0.9857762037051383
76561199287155217,0,0.0034973423462361097,3,0.9857762037051383
76561198097238865,0,0.006514054257422686,3,0.9857762037051383
76561198370901977,0,0.020526975393295288,3,0.9857762037051383
76561198242807678,0,0.007946530357003212,3,0.9857762037051383
76561197972646206,0,0.012121295556426048,3,0.9857762037051383
76561199093684154,0,0.060857467353343964,3,0.9857762037051383
76561198056790830,0,0.00400786567479372,3,0.9857762037051383
76561198005851233,0,0.011743460781872272,3,0.9857762037051383
76561198013185739,0,0.004156652372330427,3,0.9857762037051383
76561199145456931,0,0.004215688444674015,3,0.9857762037051383
76561199168540613,0,0.004510647151619196,3,0.9857762037051383
76561198084851669,0,0.0036523498129099607,3,0.9857762037051383
76561199122056802,1,0.9959814548492432,3,0.9857762037051383
76561198842007569,0,0.004469538107514381,3,0.9857762037051383
76561198809500704,0,0.24658039212226868,3,0.9857762037051383
76561198868784646,0,0.1559819132089615,3,0.9857762037051383
76561198163715111,0,0.003801717422902584,3,0.9857762037051383
76561198376995942,0,0.8154047131538391,3,0.9857762037051383
76561198008414212,0,0.2165999561548233,3,0.9857762037051383
76561198226258696,0,0.008209014311432838,3,0.9857762037051383
76561198303229026,0,0.009443726390600204,3,0.9857762037051383
76561199154835905,0,0.035367973148822784,3,0.9857762037051383
76561198065255167,0,0.8015300035476685,3,0.9857762037051383
76561199020930754,0,0.9702224135398865,3,0.9857762037051383
76561198352806331,0,0.9858141541481018,3,0.9857762037051383
76561198084917020,0,0.9888260364532471,3,0.9857762037051383
76561199079086251,0,0.19070005416870117,3,0.9857762037051383
76561198809340532,0,0.006889089476317167,3,0.9857762037051383
76561199204354073,0,0.004844853188842535,3,0.9857762037051383
76561198049655874,0,0.5248512029647827,3,0.9857762037051383
76561198407258474,0,0.7548356652259827,3,0.9857762037051383
76561197997419259,0,0.8682724237442017,3,0.9857762037051383
76561199092134762,0,0.019271327182650566,3,0.9857762037051383
76561198051514594,0,0.9809495806694031,3,0.9857762037051383
76561198027926702,0,0.7037159204483032,3,0.9857762037051383
76561198182485589,0,0.7014004588127136,3,0.9857762037051383
76561199143319076,0,0.03847599774599075,3,0.9857762037051383
76561199699806861,1,0.972216784954071,3,0.9857762037051383
76561198877285583,1,0.9954219460487366,3,0.9857762037051383
76561198365283893,0,0.00501143978908658,3,0.9857762037051383
76561198187189751,0,0.004184922203421593,3,0.9857762037051383
76561198018483416,0,0.03927510604262352,3,0.9857762037051383
76561198271814546,0,0.17577365040779114,3,0.9857762037051383
76561199097536588,0,0.010590845718979836,3,0.9857762037051383
76561199483383972,0,0.017648819833993912,3,0.9857762037051383
76561198145165505,0,0.005721277091652155,3,0.9857762037051383
76561199064167705,0,0.1761486679315567,3,0.9857762037051383
76561198830958637,0,0.012020684778690338,3,0.9857762037051383
76561198069091063,0,0.005999126937240362,3,0.9857762037051383
76561198088372310,0,0.004057911224663258,3,0.9857762037051383
76561198431538887,0,0.05768050625920296,3,0.9857762037051383
76561198204244667,0,0.02771877311170101,3,0.9857762037051383
76561198001787295,0,0.0048275538720190525,3,0.9857762037051383
76561198078808857,0,0.014192205853760242,3,0.9857762037051383
76561198029011173,0,0.005293665453791618,3,0.9857762037051383
76561198323478166,0,0.0037055944558233023,3,0.9857762037051383
76561199083252190,0,0.22175586223602295,3,0.9857762037051383
76561198440796975,0,0.005050023552030325,3,0.9857762037051383
76561199525862928,0,0.013909474015235901,3,0.9857762037051383
76561199140501874,0,0.08001834899187088,3,0.9857762037051383
76561198879861452,0,0.990875244140625,3,0.9857762037051383
76561199050149465,0,0.003939188551157713,3,0.9857762037051383
76561199131792556,1,0.9952104687690735,3,0.9857762037051383
76561198308717458,0,0.36603015661239624,3,0.9857762037051383
76561198008178443,0,0.029109615832567215,3,0.9857762037051383
76561198147152496,0,0.0038402846548706293,3,0.9857762037051383
76561198133590668,0,0.009251722134649754,3,0.9857762037051383
76561199724798265,0,0.003452919190749526,3,0.9857762037051383
76561198272934600,0,0.19501957297325134,3,0.9857762037051383
76561198112319034,0,0.00408237986266613,3,0.9857762037051383
76561198205234739,0,0.005744069814682007,3,0.9857762037051383
76561199699963472,0,0.008099895901978016,3,0.9857762037051383
76561199231392404,0,0.01232189778238535,3,0.9857762037051383
76561199096678626,0,0.006056526210159063,3,0.9857762037051383
76561198142650584,0,0.003898963099345565,3,0.9857762037051383
76561198167414553,0,0.007877477444708347,3,0.9857762037051383
76561198335036459,0,0.004105845000594854,3,0.9857762037051383
76561199160551508,0,0.0034715747460722923,3,0.9857762037051383
76561198952329646,0,0.11299143731594086,3,0.9857762037051383
76561199069022198,0,0.006256550550460815,3,0.9857762037051383
76561198063136334,0,0.0071067167446017265,3,0.9857762037051383
76561199050732693,0,0.010950019583106041,3,0.9857762037051383
76561198358927275,0,0.04567321389913559,3,0.9857762037051383
76561198111931943,0,0.01093314029276371,3,0.9857762037051383
76561198372608825,0,0.004048723261803389,3,0.9857762037051383
76561198257094033,0,0.004134897142648697,3,0.9857762037051383
76561198880572108,0,0.016371658071875572,3,0.9857762037051383
76561199386796235,1,0.9954389929771423,3,0.9857762037051383
76561198145735354,0,0.0036003876011818647,3,0.9857762037051383
76561199108737668,0,0.007409846410155296,3,0.9857762037051383
76561199011401720,1,0.9926881790161133,3,0.9857762037051383
76561199070480830,0,0.007307598367333412,3,0.9857762037051383
76561198107656619,0,0.005217952188104391,3,0.9857762037051383
76561198989960424,0,0.0034763305447995663,3,0.9857762037051383
76561198118038352,0,0.0059686629101634026,3,0.9857762037051383
76561199654321149,0,0.0037350845523178577,3,0.9857762037051383
76561199066788263,0,0.010667284950613976,3,0.9857762037051383
76561198291422765,0,0.0041716923005878925,3,0.9857762037051383
76561198079360897,0,0.912461519241333,3,0.9857762037051383
76561197974755000,0,0.4075234830379486,3,0.9857762037051383
76561198038197225,0,0.44859424233436584,3,0.9857762037051383
76561199564106494,0,0.003722917987033725,3,0.9857762037051383
76561198090264143,0,0.02559722773730755,3,0.9857762037051383
76561198000444619,0,0.9366340637207031,3,0.9857762037051383
76561199227037197,0,0.0056237149983644485,3,0.9857762037051383
76561199052694673,0,0.003452919190749526,3,0.9857762037051383
76561199130499076,0,0.007000993471592665,3,0.9857762037051383
76561199093955453,0,0.9573115706443787,3,0.9857762037051383
76561197971235741,0,0.06656970828771591,3,0.9857762037051383
76561198999632034,0,0.00836836826056242,3,0.9857762037051383
76561198850566216,0,0.9343379735946655,3,0.9857762037051383
76561198176403817,0,0.02040420100092888,3,0.9857762037051383
76561198163428534,0,0.0035273500252515078,3,0.9857762037051383
76561198037609563,0,0.9937374591827393,3,0.9857762037051383
76561199091448598,1,0.9736990332603455,3,0.9857762037051383
76561198142473451,0,0.06414149701595306,3,0.9857762037051383
76561199247002493,0,0.014424019493162632,3,0.9857762037051383
76561198015033734,0,0.10867782682180405,3,0.9857762037051383
76561198360856476,0,0.9857747554779053,3,0.9857762037051383
76561198129221235,0,0.0037820248398929834,3,0.9857762037051383
76561198831278507,0,0.2823520004749298,3,0.9857762037051383
76561198028445265,0,0.5680662989616394,3,0.9857762037051383
76561198078142223,0,0.005046599078923464,3,0.9857762037051383
76561199192020356,0,0.0036060453858226538,3,0.9857762037051383
76561198031953337,0,0.9804256558418274,3,0.9857762037051383
76561199133853953,0,0.010345615446567535,3,0.9857762037051383
76561198993905216,0,0.006149266846477985,3,0.9857762037051383
76561198092558109,0,0.8842241764068604,3,0.9857762037051383
76561198057889804,0,0.0054211243987083435,3,0.9857762037051383
76561198167653310,0,0.18090462684631348,3,0.9857762037051383
76561198097900747,0,0.004738297779113054,3,0.9857762037051383
76561199513284460,0,0.845206081867218,3,0.9857762037051383
76561199154580435,0,0.02155832014977932,3,0.9857762037051383
76561198367097476,0,0.005381041672080755,3,0.9857762037051383
76561198033665193,0,0.0036306544207036495,3,0.9857762037051383
76561199122063935,0,0.019389642402529716,3,0.9857762037051383
76561198037578259,0,0.01998579502105713,3,0.9857762037051383
76561198290562746,0,0.016056932508945465,3,0.9857762037051383
76561197990864937,0,0.005177976097911596,3,0.9857762037051383
76561198323561790,0,0.0065375580452382565,3,0.9857762037051383
76561199630392171,0,0.0091776791960001,3,0.9857762037051383
76561198023149911,0,0.17893357574939728,3,0.9857762037051383
76561198948507058,0,0.0034763305447995663,3,0.9857762037051383
76561197970411794,0,0.03577250614762306,3,0.9857762037051383
76561198061969269,0,0.019800424575805664,3,0.9857762037051383
76561198880437020,0,0.008356094360351562,3,0.9857762037051383
76561199174566381,0,0.01951291598379612,3,0.9857762037051383
76561198031581937,0,0.013239431194961071,3,0.9857762037051383
76561199588309260,0,0.007405607495456934,3,0.9857762037051383
76561198028123870,0,0.007326241582632065,3,0.9857762037051383
76561198079208949,0,0.0037295103538781404,3,0.9857762037051383
76561198313876868,0,0.0034763305447995663,3,0.9857762037051383
76561199064919417,0,0.005757846403867006,3,0.9857762037051383
76561198008683238,0,0.989818274974823,3,0.9857762037051383
76561198214918817,0,0.009361650794744492,3,0.9857762037051383
76561198879609710,0,0.9046552777290344,3,0.9857762037051383
76561198107213568,0,0.00429511396214366,3,0.9857762037051383
76561198169356690,0,0.003468679031357169,3,0.9857762037051383
76561198077112258,0,0.009050699882209301,3,0.9857762037051383
76561199231180853,0,0.01021498255431652,3,0.9857762037051383
76561198029747206,0,0.989922821521759,3,0.9857762037051383
76561198868048628,0,0.0038631653878837824,3,0.9857762037051383
76561198869819747,0,0.003623785451054573,3,0.9857762037051383
76561198089632439,0,0.005645330995321274,3,0.9857762037051383
76561198142354043,0,0.010543945245444775,3,0.9857762037051383
76561198886381171,0,0.08106115460395813,3,0.9857762037051383
76561198375949117,0,0.04181791469454765,3,0.9857762037051383
76561198417412417,0,0.013237209059298038,3,0.9857762037051383
76561199613065374,0,0.0037226213607937098,3,0.9857762037051383
76561199543166962,0,0.005251498427242041,3,0.9857762037051383
76561199231022919,0,0.007409846410155296,3,0.9857762037051383
76561199167124934,0,0.015443820506334305,3,0.9857762037051383
76561198269209666,0,0.010243814438581467,3,0.9857762037051383
76561198795436633,0,0.14298690855503082,3,0.9857762037051383
76561198867372536,0,0.005386475473642349,3,0.9857762037051383
76561198056223187,0,0.0079822838306427,3,0.9857762037051383
76561199116825175,0,0.01925799809396267,3,0.9857762037051383
76561199088360519,0,0.013602281920611858,3,0.9857762037051383
76561198077323475,0,0.003962792921811342,3,0.9857762037051383
76561198443940037,0,0.007409846410155296,3,0.9857762037051383
76561198039417543,0,0.003900722833350301,3,0.9857762037051383
76561198390745565,0,0.010517020709812641,3,0.9857762037051383
76561198007250415,0,0.7417553663253784,3,0.9857762037051383
76561198183038630,0,0.004527733661234379,3,0.9857762037051383
76561199089420727,0,0.9957281947135925,3,0.9857762037051383
76561199130417335,1,0.9960269927978516,3,0.9857762037051383
76561199251394654,1,0.8726447820663452,3,0.9857762037051383
76561199241994908,0,0.0038308673538267612,3,0.9857762037051383
76561199043198565,0,0.4824924170970917,3,0.9857762037051383
76561197998410323,0,0.5466994047164917,3,0.9857762037051383
76561197976601438,0,0.055251456797122955,3,0.9857762037051383
76561198094956788,1,0.9958425164222717,3,0.9857762037051383
76561198976823165,0,0.004011024720966816,3,0.9857762037051383
76561199521618561,0,0.10092652589082718,3,0.9857762037051383
76561198865393210,0,0.004633261822164059,3,0.9857762037051383
76561198041141181,0,0.24372725188732147,3,0.9857762037051383
76561197999939431,1,0.017639026045799255,3,0.9857762037051383
76561199461872494,0,0.017048433423042297,3,0.9857762037051383
76561197968077407,0,0.5383561253547668,3,0.9857762037051383
76561198123039195,0,0.1585509479045868,3,0.9857762037051383
76561198079520488,0,0.9019508361816406,3,0.9857762037051383
76561198097389094,0,0.15278078615665436,3,0.9857762037051383
76561198173506897,0,0.5148796439170837,3,0.9857762037051383
76561198969268138,0,0.016644859686493874,3,0.9857762037051383
76561199355919125,0,0.7918907403945923,3,0.9857762037051383
76561199213808525,0,0.01878097467124462,3,0.9857762037051383
76561199001282440,0,0.004834427032619715,3,0.9857762037051383
76561198022691830,0,0.003913972061127424,3,0.9857762037051383
76561197983719425,0,0.02100549265742302,3,0.9857762037051383
76561199121119194,0,0.013964414596557617,3,0.9857762037051383
76561199066341802,1,0.9956438541412354,3,0.9857762037051383
76561199243598366,0,0.018033375963568687,3,0.9857762037051383
76561199051614610,0,0.9677625298500061,3,0.9857762037051383
76561198009740917,0,0.18881456553936005,3,0.9857762037051383
76561198002749578,0,0.9880247712135315,3,0.9857762037051383
76561198978183193,1,0.9895022511482239,3,0.9857762037051383
76561198252208598,0,0.004916658625006676,3,0.9857762037051383
76561199487395484,0,0.005055333953350782,3,0.9857762037051383
76561198338102632,0,0.2661028802394867,3,0.9857762037051383
76561198979080341,0,0.04032258689403534,3,0.9857762037051383
76561198084337681,0,0.5431374907493591,3,0.9857762037051383
76561198149041082,0,0.9795152544975281,3,0.9857762037051383
76561199628855132,0,0.004884557332843542,3,0.9857762037051383
76561199066180955,0,0.008735877461731434,3,0.9857762037051383
76561198056287434,0,0.06407421827316284,3,0.9857762037051383
76561198076175257,0,0.030996087938547134,3,0.9857762037051383
76561199188759688,0,0.8108901381492615,3,0.9857762037051383
76561198041415933,0,0.017170390114188194,3,0.9857762037051383
76561199082419641,0,0.004263994749635458,3,0.9857762037051383
76561198438774733,0,0.007328399457037449,3,0.9857762037051383
76561198881860574,0,0.013305144384503365,3,0.9857762037051383
76561198453172820,0,0.005006128456443548,3,0.9857762037051383
76561198260707646,0,0.7626737952232361,3,0.9857762037051383
76561199145162883,0,0.0033011012710630894,3,0.9857762037051383
76561198319658866,0,0.005275452975183725,3,0.9857762037051383
76561199229174803,0,0.007583253085613251,3,0.9857762037051383
76561199000671191,0,0.027563711628317833,3,0.9857762037051383
76561199430498731,0,0.23564188182353973,3,0.9857762037051383
76561199078867344,0,0.024631444364786148,3,0.9857762037051383
76561197962333205,0,0.005897668190300465,3,0.9857762037051383
76561199124327628,0,0.0036778731737285852,3,0.9857762037051383
76561198045056635,0,0.04345587641000748,3,0.9857762037051383
76561198841508596,0,0.03176780790090561,3,0.9857762037051383
76561198835398859,0,0.027850309386849403,3,0.9857762037051383
76561198289795849,0,0.04440530389547348,3,0.9857762037051383
76561199122694231,0,0.24993804097175598,3,0.9857762037051383
76561198057375737,0,0.004473906941711903,3,0.9857762037051383
76561197978847985,0,0.008595085702836514,3,0.9857762037051383
76561198080442689,0,0.004050396848469973,3,0.9857762037051383
76561198097420004,0,0.0036308979615569115,3,0.9857762037051383
76561199275755232,0,0.00586891220882535,3,0.9857762037051383
76561199151929276,0,0.009131550788879395,3,0.9857762037051383
76561199224352886,0,0.08877326548099518,3,0.9857762037051383
76561198957270550,0,0.12056271731853485,3,0.9857762037051383
76561198415584060,0,0.008165581151843071,3,0.9857762037051383
76561199051629407,0,0.014813439920544624,3,0.9857762037051383
76561199509298868,0,0.004239825066179037,3,0.9857762037051383
76561198000036240,1,0.9276403188705444,3,0.9857762037051383
76561198993228156,0,0.010316470637917519,3,0.9857762037051383
76561198034466321,0,0.004107266664505005,3,0.9857762037051383
76561198856551804,0,0.056395772844552994,3,0.9857762037051383
76561198068687949,0,0.01951218955218792,3,0.9857762037051383
76561199005482273,0,0.013857919722795486,3,0.9857762037051383
76561199250581272,0,0.0048158965073525906,3,0.9857762037051383
76561198075229487,0,0.0043471017852425575,3,0.9857762037051383
76561198427089064,0,0.01625720039010048,3,0.9857762037051383
76561198003224682,0,0.009042794816195965,3,0.9857762037051383
76561198823537967,0,0.0058145709335803986,3,0.9857762037051383
76561199013463902,0,0.006768548861145973,3,0.9857762037051383
76561199082087209,0,0.012384602800011635,3,0.9857762037051383
76561198034861908,0,0.006080997176468372,3,0.9857762037051383
76561198366673610,0,0.004510647151619196,3,0.9857762037051383
76561198218826373,0,0.021233830600976944,3,0.9857762037051383
76561198049511553,0,0.004621325526386499,3,0.9857762037051383
76561199384922443,0,0.4095108211040497,3,0.9857762037051383
76561198006601646,0,0.027551230043172836,3,0.9857762037051383
76561198861231658,0,0.006210532505065203,3,0.9857762037051383
76561198868040659,0,0.004001112189143896,3,0.9857762037051383
76561198336462570,0,0.003613507840782404,3,0.9857762037051383
76561198114204390,0,0.007367987651377916,3,0.9857762037051383
76561198054714912,0,0.0035686723422259092,3,0.9857762037051383
76561199049692204,0,0.0041716923005878925,3,0.9857762037051383
76561198047896960,0,0.3516799509525299,3,0.9857762037051383
76561198388756893,0,0.10151257365942001,3,0.9857762037051383
76561198185575858,0,0.25526338815689087,3,0.9857762037051383
76561197962775424,0,0.23001064360141754,3,0.9857762037051383
76561199466620481,0,0.0038438013289123774,3,0.9857762037051383
76561199524846815,0,0.0044105262495577335,3,0.9857762037051383
76561198358325465,0,0.0033011012710630894,3,0.9857762037051383
76561197990594167,0,0.00407425919547677,3,0.9857762037051383
76561199375779888,0,0.0038053723983466625,3,0.9857762037051383
76561199012422604,1,0.9920192360877991,3,0.9857762037051383
76561198081519978,0,0.13471178710460663,3,0.9857762037051383
76561199124560517,0,0.44423341751098633,3,0.9857762037051383
76561199698749879,0,0.006065657362341881,3,0.9857762037051383
76561199372528099,0,0.2789348363876343,3,0.9857762037051383
76561198933885609,0,0.00522753968834877,3,0.9857762037051383
76561198879758963,0,0.9889671206474304,3,0.9857762037051383
76561198008759552,0,0.03174698352813721,3,0.9857762037051383
76561198181925654,0,0.42855963110923767,3,0.9857762037051383
76561198193642634,0,0.023204617202281952,3,0.9857762037051383
76561198412004727,0,0.004048723261803389,3,0.9857762037051383
76561198101785507,0,0.006019934080541134,3,0.9857762037051383
76561199104545909,0,0.5827882885932922,3,0.9857762037051383
76561198127461757,1,0.9951227307319641,3,0.9857762037051383
76561198321981961,0,0.004491530358791351,3,0.9857762037051383
76561198057590615,0,0.0048189181834459305,3,0.9857762037051383
76561198837977520,0,0.033202771097421646,3,0.9857762037051383
76561198106389577,0,0.008385732769966125,3,0.9857762037051383
76561198171113454,0,0.9585109353065491,3,0.9857762037051383
76561198847561848,0,0.941071093082428,3,0.9857762037051383
76561198892787649,0,0.08045199513435364,3,0.9857762037051383
76561198360301874,0,0.05337541922926903,3,0.9857762037051383
76561197972352411,0,0.5900917053222656,3,0.9857762037051383
76561198342439600,0,0.004038810729980469,3,0.9857762037051383
76561198282013017,0,0.09869278222322464,3,0.9857762037051383
76561199177497061,0,0.004133198410272598,3,0.9857762037051383
76561198040559092,1,0.9826951622962952,3,0.9857762037051383
76561198855844474,0,0.01955578103661537,3,0.9857762037051383
76561198073223183,0,0.004087998066097498,3,0.9857762037051383
76561198024651533,0,0.103244848549366,3,0.9857762037051383
76561198441004416,1,0.9946995973587036,3,0.9857762037051383
76561199058268737,0,0.004495741333812475,3,0.9857762037051383
76561199071303197,0,0.2583334743976593,3,0.9857762037051383
76561198304754564,0,0.005282088182866573,3,0.9857762037051383
76561198357791378,0,0.28556230664253235,3,0.9857762037051383
76561198165221720,0,0.03872212767601013,3,0.9857762037051383
76561198035536114,0,0.0042112707160413265,3,0.9857762037051383
76561199234404673,0,0.056434810161590576,3,0.9857762037051383
76561199095336930,0,0.004412889946252108,3,0.9857762037051383
76561198997551528,1,0.9939860105514526,3,0.9857762037051383
76561198817232314,0,0.003594005713239312,3,0.9857762037051383
76561198881738494,0,0.1022631973028183,3,0.9857762037051383
76561198066214801,0,0.34712517261505127,3,0.9857762037051383
76561199039035117,0,0.004225427750498056,3,0.9857762037051383
76561199380226935,0,0.028320133686065674,3,0.9857762037051383
76561199216015163,0,0.04356490075588226,3,0.9857762037051383
76561199137079797,0,0.06362659484148026,3,0.9857762037051383
76561199402660605,0,0.011497214436531067,3,0.9857762037051383
76561198193158203,0,0.007740121800452471,3,0.9857762037051383
76561198073794390,0,0.01064995862543583,3,0.9857762037051383
76561197964133848,0,0.003789400914683938,3,0.9857762037051383
76561197970979915,0,0.03403349965810776,3,0.9857762037051383
76561199441546557,0,0.004930519498884678,3,0.9857762037051383
76561198380275249,0,0.6752480864524841,3,0.9857762037051383
76561199502635776,0,0.01869317516684532,3,0.9857762037051383
76561198988865038,0,0.010829905979335308,3,0.9857762037051383
76561198398806902,0,0.017655303701758385,3,0.9857762037051383
76561199061501483,0,0.011738104745745659,3,0.9857762037051383
76561198300669601,0,0.005033457651734352,3,0.9857762037051383
76561199145736211,0,0.01925799809396267,3,0.9857762037051383
76561198128107293,0,0.009014178067445755,3,0.9857762037051383
76561198869678156,0,0.0034125971142202616,3,0.9857762037051383
76561198107201519,0,0.007977512665092945,3,0.9857762037051383
76561198330285784,0,0.0036263945512473583,3,0.9857762037051383
76561198198287610,0,0.3480165898799896,3,0.9857762037051383
76561198140805852,0,0.005701104644685984,3,0.9857762037051383
76561198432782814,0,0.006287321448326111,3,0.9857762037051383
76561199163979680,0,0.018420910462737083,3,0.9857762037051383
76561199199057649,0,0.010197799652814865,3,0.9857762037051383
76561198036859640,0,0.21717330813407898,3,0.9857762037051383
76561198162864954,0,0.9950167536735535,3,0.9857762037051383
76561198068676034,0,0.6130174398422241,3,0.9857762037051383
76561198884379427,0,0.0037306479644030333,3,0.9857762037051383
76561198322573914,0,0.0033011012710630894,3,0.9857762037051383
76561199801132089,0,0.006356687750667334,3,0.9857762037051383
76561198984747450,0,0.014590763486921787,3,0.9857762037051383
76561198194648369,0,0.01997797004878521,3,0.9857762037051383
76561198860857621,0,0.0038709240034222603,3,0.9857762037051383
76561198120624972,0,0.031159862875938416,3,0.9857762037051383
76561199275923130,0,0.08857712894678116,3,0.9857762037051383
76561198304772497,0,0.004037970211356878,3,0.9857762037051383
76561199227173468,0,0.09935136139392853,3,0.9857762037051383
76561198963203522,0,0.005713752470910549,3,0.9857762037051383
76561199335628347,0,0.009274912066757679,3,0.9857762037051383
76561198849472643,0,0.6418688297271729,3,0.9857762037051383
76561198330813287,0,0.0202906783670187,3,0.9857762037051383
76561199446172877,0,0.30703744292259216,3,0.9857762037051383
76561198801629664,0,0.9895080327987671,3,0.9857762037051383
76561198071419613,1,0.9308627843856812,3,0.9857762037051383
76561198038179987,0,0.006659760605543852,3,0.9857762037051383
76561198011748698,0,0.006767516490072012,3,0.9857762037051383
76561198006575846,0,0.04524073004722595,3,0.9857762037051383
76561198074206217,0,0.010833287611603737,3,0.9857762037051383
76561199341815757,1,0.9941674470901489,3,0.9857762037051383
76561198017984108,0,0.2661123275756836,3,0.9857762037051383
76561198066398669,1,0.37014174461364746,3,0.9857762037051383
76561199187797797,1,0.9877328872680664,3,0.9857762037051383
76561198030005287,1,0.9855703115463257,3,0.9857762037051383
76561199083783105,0,0.0035604475997388363,3,0.9857762037051383
76561198133972282,1,0.9950312376022339,3,0.9857762037051383
76561198796340696,0,0.11828608810901642,3,0.9857762037051383
76561198419655169,0,0.004678965546190739,3,0.9857762037051383
76561198154528521,0,0.02089199796319008,3,0.9857762037051383
76561199014156874,0,0.04189625754952431,3,0.9857762037051383
76561199136321568,0,0.28108465671539307,3,0.9857762037051383
76561198351597864,0,0.010424111038446426,3,0.9857762037051383
76561199478074181,0,0.004110198467969894,3,0.9857762037051383
76561198144307309,0,0.5921939611434937,3,0.9857762037051383
76561198016867976,0,0.8699072599411011,3,0.9857762037051383
76561198306183500,0,0.0045738122425973415,3,0.9857762037051383
76561199794045365,0,0.0033011012710630894,3,0.9857762037051383
76561198395438512,0,0.0038692953530699015,3,0.9857762037051383
76561198116333329,0,0.006328534800559282,3,0.9857762037051383
76561199188315493,0,0.003721961285918951,3,0.9857762037051383
76561199427080659,0,0.10073846578598022,3,0.9857762037051383
76561199498236264,0,0.004831032827496529,3,0.9857762037051383
76561198071850694,0,0.016402941197156906,3,0.9857762037051383
76561198340863938,0,0.0033999113366007805,3,0.9857762037051383
76561198980448289,0,0.019765332341194153,3,0.9857762037051383
76561199388078373,0,0.3417474925518036,3,0.9857762037051383
76561199001269202,0,0.0036739942152053118,3,0.9857762037051383
76561197972693746,0,0.36350202560424805,3,0.9857762037051383
76561198127745191,0,0.005618310067802668,3,0.9857762037051383
76561199205468424,0,0.06352689862251282,3,0.9857762037051383
76561199160006726,0,0.0041763815097510815,3,0.9857762037051383
76561198013794685,0,0.5552327632904053,3,0.9857762037051383
76561198098120109,0,0.003781840903684497,3,0.9857762037051383
76561198019000590,0,0.697485625743866,3,0.9857762037051383
76561198150627627,0,0.006344317924231291,3,0.9857762037051383
76561198144334665,0,0.2507871389389038,3,0.9857762037051383
76561198062445941,0,0.06957070529460907,3,0.9857762037051383
76561198045892058,0,0.015820961445569992,3,0.9857762037051383
76561198194607519,0,0.6034737825393677,3,0.9857762037051383
76561198075884617,1,0.9903807044029236,3,0.9857762037051383
76561199174333613,0,0.020227862522006035,3,0.9857762037051383
76561198114283803,0,0.004048723261803389,3,0.9857762037051383
76561198070327109,0,0.004001648165285587,3,0.9857762037051383
76561198092263494,0,0.017711568623781204,3,0.9857762037051383
76561198389324260,0,0.011935495771467686,3,0.9857762037051383
76561198817165483,0,0.006069289520382881,3,0.9857762037051383
76561198823720090,0,0.008754363283514977,3,0.9857762037051383
76561198136484478,0,0.0204323697835207,3,0.9857762037051383
76561198944756800,0,0.008059070445597172,3,0.9857762037051383
76561199231630036,0,0.5079959034919739,3,0.9857762037051383
76561198085245355,0,0.005486239679157734,3,0.9857762037051383
76561199064510700,0,0.005865991581231356,3,0.9857762037051383
76561199391933766,0,0.007107819430530071,3,0.9857762037051383
76561199082747270,0,0.006585209630429745,3,0.9857762037051383
76561199137698026,0,0.9691655039787292,3,0.9857762037051383
76561199551076011,0,0.5546916127204895,3,0.9857762037051383
76561198867935091,0,0.03075949288904667,3,0.9857762037051383
76561199023751871,0,0.009367822669446468,3,0.9857762037051383
76561198023799298,0,0.2697133421897888,3,0.9857762037051383
76561198306123453,0,0.05434618517756462,3,0.9857762037051383
76561199015116981,0,0.003574666101485491,3,0.9857762037051383
76561199417461112,0,0.08030898869037628,3,0.9857762037051383
76561198369967737,0,0.027327384799718857,3,0.9857762037051383
76561199190446797,0,0.0034522635396569967,3,0.9857762037051383
76561198018128342,0,0.8365562558174133,3,0.9857762037051383
76561198362376640,0,0.004746454302221537,3,0.9857762037051383
76561199084402578,0,0.5073150992393494,3,0.9857762037051383
76561199058458399,0,0.01153696607798338,3,0.9857762037051383
76561198022802333,0,0.0039284247905015945,3,0.9857762037051383
76561199100655403,0,0.004264796618372202,3,0.9857762037051383
76561199479658294,0,0.0077186645939946175,3,0.9857762037051383
76561199222414813,0,0.06200101971626282,3,0.9857762037051383
76561199567150705,0,0.0688372552394867,3,0.9857762037051383
76561198023119197,0,0.005418885499238968,3,0.9857762037051383
76561199682380163,0,0.005362393334507942,3,0.9857762037051383
76561198346379231,0,0.7809298634529114,3,0.9857762037051383
76561198044494167,0,0.08616046607494354,3,0.9857762037051383
76561198117582782,0,0.007750988006591797,3,0.9857762037051383
76561199293391496,0,0.0042670853435993195,3,0.9857762037051383
76561199198514744,0,0.003961788956075907,3,0.9857762037051383
76561198125500221,0,0.07717722654342651,3,0.9857762037051383
76561199096599711,0,0.003452919190749526,3,0.9857762037051383
76561199453929280,0,0.008589666336774826,3,0.9857762037051383
76561198829626102,0,0.00391055503860116,3,0.9857762037051383
76561198151854225,0,0.9867652654647827,3,0.9857762037051383
76561198057107497,0,0.003498592646792531,3,0.9857762037051383
76561198133610521,0,0.007259258534759283,3,0.9857762037051383
76561199469688309,0,0.08264346420764923,3,0.9857762037051383
76561198085407560,0,0.3888038992881775,3,0.9857762037051383
76561198337801545,0,0.014449727721512318,3,0.9857762037051383
76561199005591931,0,0.9933019876480103,3,0.9857762037051383
76561199775379968,0,0.0035426581744104624,3,0.9857762037051383
76561198065058247,0,0.6912717223167419,3,0.9857762037051383
76561198406036952,0,0.0034693891648203135,3,0.9857762037051383
76561198083941704,0,0.026475491002202034,3,0.9857762037051383
76561198128418627,0,0.003309528576210141,3,0.9857762037051383
76561198284618798,0,0.0053768763318657875,3,0.9857762037051383
76561199169622239,0,0.0034763305447995663,3,0.9857762037051383
76561199542325377,0,0.023011114448308945,3,0.9857762037051383
76561198092664151,0,0.0033494173549115658,3,0.9857762037051383
76561198289043288,0,0.005276864394545555,3,0.9857762037051383
76561199258158797,0,0.005175635684281588,3,0.9857762037051383
76561198055956397,0,0.006450461223721504,3,0.9857762037051383
76561198127840591,0,0.9853840470314026,3,0.9857762037051383
76561198873476640,0,0.00632409006357193,3,0.9857762037051383
76561198931143813,0,0.006104774307459593,3,0.9857762037051383
76561198010632193,0,0.003608350409194827,3,0.9857762037051383
76561199053463297,0,0.048782069236040115,3,0.9857762037051383
76561198256820850,0,0.009330177679657936,3,0.9857762037051383
76561198891914654,0,0.0099132489413023,3,0.9857762037051383
76561198981667941,0,0.9475089907646179,3,0.9857762037051383
76561197973239151,0,0.008068988099694252,3,0.9857762037051383
76561198013713519,0,0.005846121348440647,3,0.9857762037051383
76561199053807856,0,0.8043009042739868,3,0.9857762037051383
76561198362343846,0,0.014813439920544624,3,0.9857762037051383
76561199485996209,0,0.027049532160162926,3,0.9857762037051383
76561199454906246,1,0.9668606519699097,3,0.9857762037051383
76561198334069897,0,0.009988977573812008,3,0.9857762037051383
76561199086221706,0,0.20936210453510284,3,0.9857762037051383
76561199124236454,0,0.6790710091590881,3,0.9857762037051383
76561199196568282,0,0.007626877166330814,3,0.9857762037051383
76561198357878029,0,0.15388400852680206,3,0.9857762037051383
76561198321731430,0,0.7339789867401123,3,0.9857762037051383
76561199325286508,0,0.057590506970882416,3,0.9857762037051383
76561198116760217,0,0.0034880253951996565,3,0.9857762037051383
76561199103615552,0,0.0131954001262784,3,0.9857762037051383
76561199056540443,0,0.014474532566964626,3,0.9857762037051383
76561197972331546,0,0.9737686514854431,3,0.9857762037051383
76561198200564370,0,0.08744983375072479,3,0.9857762037051383
76561197973955444,0,0.7465642094612122,3,0.9857762037051383
76561198330159842,0,0.013356845825910568,3,0.9857762037051383
76561198057160746,0,0.42687535285949707,3,0.9857762037051383
76561198044575498,0,0.006188730709254742,3,0.9857762037051383
76561198434441916,1,0.9896262884140015,3,0.9857762037051383
76561198037174543,0,0.009037883020937443,3,0.9857762037051383
76561199711585386,0,0.01602388359606266,3,0.9857762037051383
76561199131102147,0,0.004246899392455816,3,0.9857762037051383
76561198274097667,0,0.003910059109330177,3,0.9857762037051383
76561199319031024,0,0.0038178039249032736,3,0.9857762037051383
76561198030846050,0,0.14380358159542084,3,0.9857762037051383
76561198301827588,0,0.003984979819506407,3,0.9857762037051383
76561198799964375,0,0.9849361777305603,3,0.9857762037051383
76561199497148118,0,0.004094977397471666,3,0.9857762037051383
76561199180834994,0,0.01214912161231041,3,0.9857762037051383
76561198434220662,0,0.553678572177887,3,0.9857762037051383
76561198856488692,0,0.003914630506187677,3,0.9857762037051383
76561198090920831,0,0.0034763305447995663,3,0.9857762037051383
76561199245706853,0,0.4126722514629364,3,0.9857762037051383
76561198059694047,0,0.1654520332813263,3,0.9857762037051383
76561198396284231,1,0.9945189356803894,3,0.9857762037051383
76561198025595480,0,0.004143346566706896,3,0.9857762037051383
76561198839367039,0,0.013497775420546532,3,0.9857762037051383
76561199099128644,0,0.7222403883934021,3,0.9857762037051383
76561199092270334,0,0.016899488866329193,3,0.9857762037051383
76561198123279608,0,0.003452919190749526,3,0.9857762037051383
76561198313098749,0,0.3414360582828522,3,0.9857762037051383
76561199093037205,0,0.05188551917672157,3,0.9857762037051383
76561198049212606,0,0.005231732036918402,3,0.9857762037051383
76561197961969441,0,0.003720482112839818,3,0.9857762037051383
76561199113988696,0,0.005176701582968235,3,0.9857762037051383
76561199084921532,0,0.0033011012710630894,3,0.9857762037051383
76561199755359757,0,0.00839346181601286,3,0.9857762037051383
76561199210583674,0,0.0042690555565059185,3,0.9857762037051383
76561198425433467,0,0.09550278633832932,3,0.9857762037051383
76561198321047936,0,0.057167451828718185,3,0.9857762037051383
76561198857151530,0,0.005110765807330608,3,0.9857762037051383
76561198212817676,0,0.2980380654335022,3,0.9857762037051383
76561198868061170,0,0.0037771265488117933,3,0.9857762037051383
76561199205947109,0,0.019337696954607964,3,0.9857762037051383
76561198058394486,0,0.0036801346577703953,3,0.9857762037051383
76561199559749217,0,0.004019854124635458,3,0.9857762037051383
76561198164496307,0,0.005359886214137077,3,0.9857762037051383
76561199629397149,0,0.0035903991665691137,3,0.9857762037051383
76561198847184161,0,0.004015383776277304,3,0.9857762037051383
76561199553194898,0,0.005400421563535929,3,0.9857762037051383
76561198176389831,0,0.0058734179474413395,3,0.9857762037051383
76561198450425884,0,0.0732860267162323,3,0.9857762037051383
76561197986634314,0,0.0676959753036499,3,0.9857762037051383
76561199229477572,0,0.011337545700371265,3,0.9857762037051383
76561199753283455,0,0.01602388359606266,3,0.9857762037051383
76561197991336544,0,0.003274901071563363,3,0.9857762037051383
76561198154950387,0,0.007490723393857479,3,0.9857762037051383
76561198400612355,0,0.0037119106855243444,3,0.9857762037051383
76561199099633156,0,0.004170535132288933,3,0.9857762037051383
76561199210500343,0,0.011803878471255302,3,0.9857762037051383
76561198817923940,0,0.06231255084276199,3,0.9857762037051383
76561199627115778,0,0.004709141328930855,3,0.9857762037051383
76561197978990226,0,0.7907795906066895,3,0.9857762037051383
76561197988338037,0,0.05073748528957367,3,0.9857762037051383
76561199402500781,0,0.007521248422563076,3,0.9857762037051383
76561198983523086,0,0.029229555279016495,3,0.9857762037051383
76561198021645595,0,0.5744228363037109,3,0.9857762037051383
76561198887544678,0,0.020805906504392624,3,0.9857762037051383
76561198407734547,0,0.004577250219881535,3,0.9857762037051383
76561198007429471,0,0.0046472870744764805,3,0.9857762037051383
76561198076828930,0,0.3709075152873993,3,0.9857762037051383
76561198156079845,0,0.9411364793777466,3,0.9857762037051383
76561199284415163,0,0.9359177350997925,3,0.9857762037051383
76561198011789417,0,0.005605199374258518,3,0.9857762037051383
76561198027888202,0,0.6092875003814697,3,0.9857762037051383
76561198094929720,0,0.7843972444534302,3,0.9857762037051383
76561199065714220,0,0.2918112576007843,3,0.9857762037051383
76561198044766036,1,0.9668049812316895,3,0.9857762037051383
76561198086008498,0,0.022981546819210052,3,0.9857762037051383
76561198181795987,0,0.2670796513557434,3,0.9857762037051383
76561198013673401,0,0.7563576102256775,3,0.9857762037051383
76561197993492300,0,0.07403914630413055,3,0.9857762037051383
76561198081546935,0,0.0037998671177774668,3,0.9857762037051383
76561198174081998,0,0.004425366409122944,3,0.9857762037051383
76561198382262284,0,0.9087677597999573,3,0.9857762037051383
76561197975246951,0,0.2627713084220886,3,0.9857762037051383
76561198074016624,0,0.03030412271618843,3,0.9857762037051383
76561198022367213,0,0.19541558623313904,3,0.9857762037051383
76561198076367813,0,0.009931260719895363,3,0.9857762037051383
76561198802384105,0,0.1613566279411316,3,0.9857762037051383
76561198852893961,0,0.9925716519355774,3,0.9857762037051383
76561198321491555,0,0.03284579515457153,3,0.9857762037051383
76561197973428905,0,0.19886989891529083,3,0.9857762037051383
76561198996892769,0,0.00402053352445364,3,0.9857762037051383
76561198394464262,0,0.9813355207443237,3,0.9857762037051383
76561199054168381,0,0.9942096471786499,3,0.9857762037051383
76561199226818174,0,0.005511709488928318,3,0.9857762037051383
76561198046432963,0,0.007131719030439854,3,0.9857762037051383
76561199086135395,0,0.012573565356433392,3,0.9857762037051383
76561198339538566,0,0.01063938345760107,3,0.9857762037051383
76561199437450227,0,0.013909474015235901,3,0.9857762037051383
76561198809054705,0,0.004529307130724192,3,0.9857762037051383
76561198909573239,0,0.04983505234122276,3,0.9857762037051383
76561199226346872,0,0.037215057760477066,3,0.9857762037051383
76561198030865390,0,0.610454797744751,3,0.9857762037051383
76561199327932518,0,0.003755182260647416,3,0.9857762037051383
76561198200889953,0,0.007922875694930553,3,0.9857762037051383
76561198263820497,0,0.007424882613122463,3,0.9857762037051383
76561198078562041,0,0.0046149007976055145,3,0.9857762037051383
76561198125872629,0,0.005950916558504105,3,0.9857762037051383
76561198013674680,0,0.0033011012710630894,3,0.9857762037051383
76561198976673504,0,0.003916594665497541,3,0.9857762037051383
76561197978294793,0,0.017077665776014328,3,0.9857762037051383
76561199095099913,0,0.014211619272828102,3,0.9857762037051383
76561199495829785,0,0.019940271973609924,3,0.9857762037051383
76561198313015171,0,0.004368079360574484,3,0.9857762037051383
76561199107823916,0,0.007375579793006182,3,0.9857762037051383
76561199062020060,0,0.7931867241859436,3,0.9857762037051383
76561199123179968,0,0.014376023784279823,3,0.9857762037051383
76561199016621856,0,0.20940753817558289,3,0.9857762037051383
76561198059670133,0,0.09258515387773514,3,0.9857762037051383
76561198161153685,0,0.003257517935708165,3,0.9857762037051383
76561199014932157,0,0.019049901515245438,3,0.9857762037051383
76561198006456709,0,0.005490776617079973,3,0.9857762037051383
76561199466904483,0,0.25314974784851074,3,0.9857762037051383
76561198241373246,0,0.0037860332522541285,3,0.9857762037051383
76561198070557995,0,0.005985366180539131,3,0.9857762037051383
76561199690049671,0,0.8660820126533508,3,0.9857762037051383
76561198073331749,0,0.026697929948568344,3,0.9857762037051383
76561198987136101,0,0.019130194559693336,3,0.9857762037051383
76561198165016576,0,0.01615137979388237,3,0.9857762037051383
76561199158979405,0,0.011944975703954697,3,0.9857762037051383
76561198112377607,0,0.0271610114723444,3,0.9857762037051383
76561198813478952,0,0.16902083158493042,3,0.9857762037051383
76561198318386021,0,0.039031732827425,3,0.9857762037051383
76561199025913208,0,0.006789018400013447,3,0.9857762037051383
76561199146906916,1,0.984218418598175,3,0.9857762037051383
76561198027065337,0,0.005139094311743975,3,0.9857762037051383
76561198049027858,0,0.00401382427662611,3,0.9857762037051383
76561198070368608,1,0.8575944304466248,3,0.9857762037051383
76561198070829616,0,0.0059371222741901875,3,0.9857762037051383
76561199497616364,0,0.0037102692294865847,3,0.9857762037051383
76561199362787091,0,0.005357543006539345,3,0.9857762037051383
76561198137571514,0,0.00850662775337696,3,0.9857762037051383
76561198360848218,0,0.019096143543720245,3,0.9857762037051383
76561197999159491,0,0.05411741882562637,3,0.9857762037051383
76561199563425350,0,0.0051810103468596935,3,0.9857762037051383
76561197970963669,0,0.007619943935424089,3,0.9857762037051383
76561199510766657,1,0.9950213432312012,3,0.9857762037051383
76561198150173710,0,0.0067260307259857655,3,0.9857762037051383
76561198028960809,0,0.030625522136688232,3,0.9857762037051383
76561198960062750,0,0.02427033707499504,3,0.9857762037051383
76561198836758061,0,0.009784962981939316,3,0.9857762037051383
76561198120531411,0,0.020366640761494637,3,0.9857762037051383
76561198902520152,0,0.0033011012710630894,3,0.9857762037051383
76561198035948739,0,0.013820136897265911,3,0.9857762037051383
76561198301449647,0,0.003637018147855997,3,0.9857762037051383
76561198193761582,0,0.004134447779506445,3,0.9857762037051383
76561198844172231,0,0.005290630739182234,3,0.9857762037051383
76561198357595847,0,0.011012927629053593,3,0.9857762037051383
76561198057799643,1,0.8736304044723511,3,0.9857762037051383
76561198047692342,0,0.00827876292169094,3,0.9857762037051383
76561198070133776,0,0.012473812326788902,3,0.9857762037051383
76561198263913293,0,0.2456102818250656,3,0.9857762037051383
76561199562889123,0,0.007572358939796686,3,0.9857762037051383
76561199073187363,0,0.0034693891648203135,3,0.9857762037051383
76561199393881219,0,0.3380318582057953,3,0.9857762037051383
76561199057114342,0,0.0037229927256703377,3,0.9857762037051383
76561199114596629,0,0.007591382134705782,3,0.9857762037051383
76561197970829211,0,0.830903172492981,3,0.9857762037051383
76561199085869087,0,0.8588680624961853,3,0.9857762037051383
76561198068466070,0,0.005407074466347694,3,0.9857762037051383
76561198126002708,0,0.006716493051499128,3,0.9857762037051383
76561198253272088,0,0.5901549458503723,3,0.9857762037051383
76561198099501596,0,0.022167937830090523,3,0.9857762037051383
76561199106152295,0,0.004002351313829422,3,0.9857762037051383
76561199040710232,0,0.9873372912406921,3,0.9857762037051383
76561198302336058,0,0.010595274157822132,3,0.9857762037051383
76561199515550708,0,0.006648191250860691,3,0.9857762037051383
76561197987360305,0,0.005044213030487299,3,0.9857762037051383
76561198153767314,0,0.0034711670596152544,3,0.9857762037051383
76561198288916206,0,0.010111861862242222,3,0.9857762037051383
76561197980280219,0,0.2797311246395111,3,0.9857762037051383
76561199571737146,0,0.21654100716114044,3,0.9857762037051383
76561198929011445,0,0.004833364859223366,3,0.9857762037051383
76561198137893301,0,0.9935932755470276,3,0.9857762037051383
76561198095708379,0,0.1360156536102295,3,0.9857762037051383
76561198012359454,0,0.011244910769164562,3,0.9857762037051383
76561198210175388,0,0.0133597981184721,3,0.9857762037051383
76561198979301241,0,0.6296388506889343,3,0.9857762037051383
76561198001719077,0,0.9587743282318115,3,0.9857762037051383
76561198051678347,0,0.0034711670596152544,3,0.9857762037051383
76561198849090921,0,0.009782799519598484,3,0.9857762037051383
76561198267683906,0,0.003973460290580988,3,0.9857762037051383
76561198113547809,0,0.988420844078064,3,0.9857762037051383
76561198295946040,0,0.9945841431617737,3,0.9857762037051383
76561198134193069,0,0.0034693891648203135,3,0.9857762037051383
76561198970188699,0,0.9647585153579712,3,0.9857762037051383
76561198414313154,0,0.87565678358078,3,0.9857762037051383
76561198076860776,0,0.041408173739910126,3,0.9857762037051383
76561198912522472,1,0.99587482213974,3,0.9857762037051383
76561198039771841,0,0.007195030804723501,3,0.9857762037051383
76561198330190184,0,0.02315503917634487,3,0.9857762037051383
76561198801859761,0,0.5963495969772339,3,0.9857762037051383
76561199074439062,0,0.010504627600312233,3,0.9857762037051383
76561199067120850,0,0.011473366059362888,3,0.9857762037051383
76561199070648497,0,0.006138775497674942,3,0.9857762037051383
76561198048761376,0,0.004661597311496735,3,0.9857762037051383
76561198990280716,0,0.8323872685432434,3,0.9857762037051383
76561199471699406,0,0.008178722113370895,3,0.9857762037051383
76561198047833708,0,0.9922266006469727,3,0.9857762037051383
76561198076606795,0,0.722352921962738,3,0.9857762037051383
76561199133029459,0,0.010005330666899681,3,0.9857762037051383
76561198025209304,0,0.41145560145378113,3,0.9857762037051383
76561198025134759,0,0.22526514530181885,3,0.9857762037051383
76561198407623283,0,0.006295701488852501,3,0.9857762037051383
76561197982053080,0,0.7638969421386719,3,0.9857762037051383
76561198022805106,0,0.8358489274978638,3,0.9857762037051383
76561198052684645,0,0.6135351061820984,3,0.9857762037051383
76561199445715454,0,0.014962623827159405,3,0.9857762037051383
76561198111514310,0,0.007644098252058029,3,0.9857762037051383
76561198007300694,0,0.12644550204277039,3,0.9857762037051383
76561198866481315,0,0.0081136804074049,3,0.9857762037051383
76561198123543647,0,0.03234967961907387,3,0.9857762037051383
76561198159464717,0,0.00923116784542799,3,0.9857762037051383
76561199078934201,0,0.39752161502838135,3,0.9857762037051383
76561199104464977,0,0.005493131000548601,3,0.9857762037051383
76561198747616094,0,0.010058600455522537,3,0.9857762037051383
76561199492872660,0,0.0034359069541096687,3,0.9857762037051383
76561199226775420,0,0.007480564061552286,3,0.9857762037051383
76561198241052046,0,0.003609125269576907,3,0.9857762037051383
76561198047944580,0,0.0037277252413332462,3,0.9857762037051383
76561199545419977,0,0.0045690075494349,3,0.9857762037051383
76561198022651296,0,0.005322969984263182,3,0.9857762037051383
76561198059877000,0,0.054526980966329575,3,0.9857762037051383
76561198338779757,0,0.005324726924300194,3,0.9857762037051383
76561198130624431,0,0.014598943293094635,3,0.9857762037051383
76561198030776509,0,0.9455786943435669,3,0.9857762037051383
76561198127790204,0,0.9771337509155273,3,0.9857762037051383
76561198072863876,0,0.0043272352777421474,3,0.9857762037051383
76561199569549675,0,0.00560288829728961,3,0.9857762037051383
76561198243028274,0,0.004344367887824774,3,0.9857762037051383
76561199102697841,0,0.8913605809211731,3,0.9857762037051383
76561199120091949,0,0.0033011012710630894,3,0.9857762037051383
76561199204655050,0,0.00448965048417449,3,0.9857762037051383
76561198253930030,0,0.004517137072980404,3,0.9857762037051383
76561198252105342,0,0.010232429951429367,3,0.9857762037051383
76561198350597134,0,0.007409846410155296,3,0.9857762037051383
76561198138577099,0,0.25494641065597534,3,0.9857762037051383
76561199571775292,0,0.004587995354086161,3,0.9857762037051383
76561198406771683,0,0.005568852182477713,3,0.9857762037051383
76561198839442987,0,0.006534653715789318,3,0.9857762037051383
76561199245978847,0,0.007145376410335302,3,0.9857762037051383
76561198152981249,0,0.004370738752186298,3,0.9857762037051383
76561198006921623,0,0.004069865215569735,3,0.9857762037051383
76561199072405148,0,0.027842164039611816,3,0.9857762037051383
76561199102556184,0,0.6822956204414368,3,0.9857762037051383
76561199529543752,0,0.8688477873802185,3,0.9857762037051383
76561198158728696,0,0.003515747142955661,3,0.9857762037051383
76561199095226295,0,0.0040388330817222595,3,0.9857762037051383
76561198984549756,0,0.034076936542987823,3,0.9857762037051383
76561199175655508,0,0.009695922955870628,3,0.9857762037051383
76561198077188892,0,0.9853116273880005,3,0.9857762037051383
76561199187853281,0,0.47485265135765076,3,0.9857762037051383
76561199262775331,0,0.004542988259345293,3,0.9857762037051383
76561198327957206,0,0.264080673456192,3,0.9857762037051383
76561198098087288,1,0.9955321550369263,3,0.9857762037051383
76561198189104486,0,0.0748470351099968,3,0.9857762037051383
76561198856610910,0,0.0037166080437600613,3,0.9857762037051383
76561199102048741,0,0.7065306901931763,3,0.9857762037051383
76561199519943537,0,0.005384841002523899,3,0.9857762037051383
76561198269055273,0,0.007755595725029707,3,0.9857762037051383
76561198153903594,0,0.0035475159529596567,3,0.9857762037051383
76561198967946717,0,0.00834215059876442,3,0.9857762037051383
76561198088432784,0,0.02092697285115719,3,0.9857762037051383
76561198086222105,0,0.9523487687110901,3,0.9857762037051383
76561199509502777,0,0.46885260939598083,3,0.9857762037051383
76561199027977274,0,0.6601938009262085,3,0.9857762037051383
76561198011588246,0,0.020586268976330757,3,0.9857762037051383
76561198116273924,0,0.006921638734638691,3,0.9857762037051383
76561198157773458,0,0.022758392617106438,3,0.9857762037051383
76561199569681751,0,0.0034711670596152544,3,0.9857762037051383
76561197984230894,0,0.1745763123035431,3,0.9857762037051383
76561198131770105,0,0.0233774334192276,3,0.9857762037051383
76561198173928435,0,0.5500735640525818,3,0.9857762037051383
76561198890086475,0,0.00577403511852026,3,0.9857762037051383
76561198195031053,0,0.01857783831655979,3,0.9857762037051383
76561198002778166,0,0.0053322454914450645,3,0.9857762037051383
76561198296728990,0,0.21357500553131104,3,0.9857762037051383
76561197963913932,0,0.004344056360423565,3,0.9857762037051383
76561198981309678,1,0.15670181810855865,3,0.9857762037051383
76561197982250644,0,0.5946667194366455,3,0.9857762037051383
76561199489898921,0,0.028405262157320976,3,0.9857762037051383
76561198066856364,0,0.006953985430300236,3,0.9857762037051383
76561199122165654,0,0.008366101421415806,3,0.9857762037051383
76561198916889903,0,0.04190414398908615,3,0.9857762037051383
76561199471019744,0,0.006099718157202005,3,0.9857762037051383
76561198884201231,0,0.1481427699327469,3,0.9857762037051383
76561199232320254,0,0.014651864767074585,3,0.9857762037051383
76561198969797234,0,0.0033011012710630894,3,0.9857762037051383
76561199014087466,0,0.013494035229086876,3,0.9857762037051383
76561199120791032,0,0.004101327620446682,3,0.9857762037051383
76561199089046297,0,0.006287321448326111,3,0.9857762037051383
76561199234296417,0,0.01138146873563528,3,0.9857762037051383
76561199791923759,0,0.007583238650113344,3,0.9857762037051383
76561198035523397,0,0.00762201426550746,3,0.9857762037051383
76561198380861050,0,0.1897004246711731,3,0.9857762037051383
76561198361418532,0,0.01911088451743126,3,0.9857762037051383
76561199393892288,0,0.9937317967414856,3,0.9857762037051383
76561198009730317,0,0.11970674991607666,3,0.9857762037051383
76561198879434386,0,0.0037961609195917845,3,0.9857762037051383
76561199128410083,0,0.004922304768115282,3,0.9857762037051383
76561199310353573,0,0.20404715836048126,3,0.9857762037051383
76561199103557826,0,0.032444413751363754,3,0.9857762037051383
76561199304134180,0,0.003972132224589586,3,0.9857762037051383
76561199021301866,0,0.8678185343742371,3,0.9857762037051383
76561198440660507,0,0.0041181365959346294,3,0.9857762037051383
76561199366320283,0,0.004503107629716396,3,0.9857762037051383
76561198331262715,0,0.02180783636868,3,0.9857762037051383
76561198353923234,0,0.003962366376072168,3,0.9857762037051383
76561198069492195,0,0.004934774246066809,3,0.9857762037051383
76561198115129255,0,0.03982355818152428,3,0.9857762037051383
76561198278034644,0,0.007752077654004097,3,0.9857762037051383
76561198452276566,0,0.004048723261803389,3,0.9857762037051383
76561198192249955,0,0.004694059491157532,3,0.9857762037051383
76561199812286859,0,0.003451964817941189,3,0.9857762037051383
76561198307903763,0,0.40517425537109375,3,0.9857762037051383
76561198815528510,0,0.006517751142382622,3,0.9857762037051383
76561198838280981,0,0.00657218974083662,3,0.9857762037051383
76561199210876960,0,0.9601097106933594,3,0.9857762037051383
76561198802502701,0,0.006419063545763493,3,0.9857762037051383
76561198180598373,0,0.004666805267333984,3,0.9857762037051383
76561199109803811,0,0.004117781296372414,3,0.9857762037051383
76561198107538071,0,0.7491300702095032,3,0.9857762037051383
76561198147233534,0,0.003939060959964991,3,0.9857762037051383
76561199077630382,0,0.013192661106586456,3,0.9857762037051383
76561198083202574,0,0.021342528983950615,3,0.9857762037051383
76561199040065487,0,0.0034693891648203135,3,0.9857762037051383
76561199283468785,0,0.003898302558809519,3,0.9857762037051383
76561198130964904,0,0.005541948601603508,3,0.9857762037051383
76561198164891018,0,0.07359999418258667,3,0.9857762037051383
76561197978901220,0,0.11468189209699631,3,0.9857762037051383
76561198034771275,0,0.10068304091691971,3,0.9857762037051383
76561198439936086,0,0.005260163452476263,3,0.9857762037051383
76561198167493375,0,0.006662060972303152,3,0.9857762037051383
76561198078149901,0,0.9950336217880249,3,0.9857762037051383
76561198005954586,0,0.713303804397583,3,0.9857762037051383
76561198193342753,0,0.00861484743654728,3,0.9857762037051383
76561199118363095,0,0.7594353556632996,3,0.9857762037051383
76561198158586527,0,0.8831378817558289,3,0.9857762037051383
76561199055799485,0,0.00428767828270793,3,0.9857762037051383
76561199445172438,0,0.003523600520566106,3,0.9857762037051383
76561199033468379,0,0.007060220465064049,3,0.9857762037051383
76561197997033740,0,0.17367468774318695,3,0.9857762037051383
76561199077212481,0,0.007003586273640394,3,0.9857762037051383
76561198271644036,0,0.0034711670596152544,3,0.9857762037051383
76561198979013875,1,0.9951767921447754,3,0.9857762037051383
76561197970402908,0,0.753333330154419,3,0.9857762037051383
76561198888192652,0,0.003350687911733985,3,0.9857762037051383
76561199013089510,0,0.8978472948074341,3,0.9857762037051383
76561198023765843,0,0.9920935034751892,3,0.9857762037051383
76561199102175769,0,0.03361303359270096,3,0.9857762037051383
76561198080313092,0,0.008089447394013405,3,0.9857762037051383
76561198349672098,0,0.35589519143104553,3,0.9857762037051383
76561197961417554,0,0.004769845865666866,3,0.9857762037051383
76561199022716385,0,0.006165954750031233,3,0.9857762037051383
76561199116331505,0,0.004994620103389025,3,0.9857762037051383
76561198234159808,0,0.3537747263908386,3,0.9857762037051383
76561199446434971,0,0.0036684218794107437,3,0.9857762037051383
76561198160416751,0,0.9837354421615601,3,0.9857762037051383
76561199239694788,0,0.004488580394536257,3,0.9857762037051383
76561198047406789,0,0.09372060000896454,3,0.9857762037051383
76561198024926319,0,0.007994341664016247,3,0.9857762037051383
76561198141716708,0,0.09544233232736588,3,0.9857762037051383
76561198037469305,0,0.170510396361351,3,0.9857762037051383
76561199378430398,0,0.15229925513267517,3,0.9857762037051383
76561199388956054,0,0.0081136804074049,3,0.9857762037051383
76561199187139031,0,0.005139654967933893,3,0.9857762037051383
76561198214652528,0,0.3487640917301178,3,0.9857762037051383
76561198116779918,0,0.06611056625843048,3,0.9857762037051383
76561199083743347,0,0.07696086913347244,3,0.9857762037051383
76561198091231350,0,0.004291395656764507,3,0.9857762037051383
76561198411163600,0,0.0038767647929489613,3,0.9857762037051383
76561199044765939,0,0.009085186757147312,3,0.9857762037051383
76561198030985312,0,0.9914701581001282,3,0.9857762037051383
76561199230116231,0,0.3295076787471771,3,0.9857762037051383
76561198091325582,0,0.05930255725979805,3,0.9857762037051383
76561198799284977,0,0.2806954085826874,3,0.9857762037051383
76561198023347998,0,0.006675178650766611,3,0.9857762037051383
76561198163395610,0,0.6547226905822754,3,0.9857762037051383
76561198005733074,0,0.0034735994413495064,3,0.9857762037051383
76561198845928080,0,0.07340861111879349,3,0.9857762037051383
76561199062533003,0,0.13778476417064667,3,0.9857762037051383
76561198279429797,0,0.010517020709812641,3,0.9857762037051383
76561198172681267,0,0.005152960307896137,3,0.9857762037051383
76561199087314553,0,0.023065121844410896,3,0.9857762037051383
76561197962447517,0,0.012052848003804684,3,0.9857762037051383
76561198444680720,0,0.005955609027296305,3,0.9857762037051383
76561199206343427,0,0.003681575646623969,3,0.9857762037051383
76561199799232882,0,0.004741775803267956,3,0.9857762037051383
76561198208153180,0,0.052969612181186676,3,0.9857762037051383
76561199228844348,0,0.3028763234615326,3,0.9857762037051383
76561198391172919,0,0.9905409216880798,3,0.9857762037051383
76561198052978910,0,0.26255854964256287,3,0.9857762037051383
76561198340952455,0,0.0067930263467133045,3,0.9857762037051383
76561198274978258,0,0.019846109673380852,3,0.9857762037051383
76561198130919695,0,0.004344493616372347,3,0.9857762037051383
76561198088182136,0,0.022276530042290688,3,0.9857762037051383
76561199474499312,0,0.0038124830462038517,3,0.9857762037051383
76561199410729844,0,0.013909474015235901,3,0.9857762037051383
76561198146941701,0,0.687386691570282,3,0.9857762037051383
76561199235561518,0,0.0034763305447995663,3,0.9857762037051383
76561198105534100,0,0.0036895349621772766,3,0.9857762037051383
76561199175950491,0,0.0070116291753947735,3,0.9857762037051383
76561198828474652,0,0.01971977949142456,3,0.9857762037051383
76561198246187090,0,0.0038776190485805273,3,0.9857762037051383
76561199130367093,0,0.18967857956886292,3,0.9857762037051383
76561198889274082,0,0.0048722513020038605,3,0.9857762037051383
76561199237547524,0,0.0034763305447995663,3,0.9857762037051383
76561198027807411,0,0.008704254403710365,3,0.9857762037051383
76561199097757035,0,0.03766162320971489,3,0.9857762037051383
76561198045706729,0,0.004221694078296423,3,0.9857762037051383
76561198034124993,0,0.011030822992324829,3,0.9857762037051383
76561198213982968,0,0.004227811470627785,3,0.9857762037051383
76561198041229520,0,0.01156998798251152,3,0.9857762037051383
76561199422162439,0,0.003685061354190111,3,0.9857762037051383
76561199282003012,0,0.0041236733086407185,3,0.9857762037051383
76561199042300106,0,0.006286260671913624,3,0.9857762037051383
76561198036911257,0,0.012056879699230194,3,0.9857762037051383
76561198813355291,0,0.0033011012710630894,3,0.9857762037051383
76561198086899730,0,0.006447250489145517,3,0.9857762037051383
76561199027100938,0,0.01106362696737051,3,0.9857762037051383
76561198058262857,0,0.004194498993456364,3,0.9857762037051383
76561198097971970,0,0.00428811414167285,3,0.9857762037051383
76561198080068522,0,0.5378390550613403,3,0.9857762037051383
76561198388862213,0,0.011532606557011604,3,0.9857762037051383
76561198143954879,0,0.6977214813232422,3,0.9857762037051383
76561198116470847,0,0.013084398582577705,3,0.9857762037051383
76561198354926803,0,0.004449697211384773,3,0.9857762037051383
76561198969026814,0,0.004383520223200321,3,0.9857762037051383
76561198031368208,1,0.933688223361969,3,0.9857762037051383
76561198007309681,0,0.54591965675354,3,0.9857762037051383
76561198054779363,0,0.005209200084209442,3,0.9857762037051383
76561199089246982,1,0.995557963848114,3,0.9857762037051383
76561198402742089,0,0.007178187370300293,3,0.9857762037051383
76561198036615853,0,0.0037374934181571007,3,0.9857762037051383
76561198388673749,0,0.004762490279972553,3,0.9857762037051383
76561197980505811,0,0.3668564558029175,3,0.9857762037051383
76561198063502374,0,0.3236050605773926,3,0.9857762037051383
76561198974344530,0,0.992905855178833,3,0.9857762037051383
76561198182542811,0,0.9812068343162537,3,0.9857762037051383
76561199487081933,0,0.02189757116138935,3,0.9857762037051383
76561198014292519,0,0.08888691663742065,3,0.9857762037051383
76561198269801984,1,0.9891948699951172,3,0.9857762037051383
76561198979839458,0,0.9827850461006165,3,0.9857762037051383
76561198053313404,0,0.04781237989664078,3,0.9857762037051383
76561198033326656,1,0.9924357533454895,3,0.9857762037051383
76561199367877079,0,0.004048723261803389,3,0.9857762037051383
76561198961317405,0,0.08254710584878922,3,0.9857762037051383
76561198276930285,0,0.9851881265640259,3,0.9857762037051383
76561199048201015,0,0.34586042165756226,3,0.9857762037051383
76561199081235447,0,0.005064968019723892,3,0.9857762037051383
76561198329043325,0,0.34680235385894775,3,0.9857762037051383
76561198042116495,0,0.5234079360961914,3,0.9857762037051383
76561198088227687,0,0.009459258057177067,3,0.9857762037051383
76561198046611225,0,0.008237695321440697,3,0.9857762037051383
76561199514194651,0,0.06303168833255768,3,0.9857762037051383
76561198356027080,0,0.017938854172825813,3,0.9857762037051383
76561199007939591,0,0.0037254695780575275,3,0.9857762037051383
76561198046423205,0,0.0404091440141201,3,0.9857762037051383
76561198090791171,0,0.0033011012710630894,3,0.9857762037051383
76561198842707036,0,0.053722139447927475,3,0.9857762037051383
76561197995735933,0,0.18512393534183502,3,0.9857762037051383
76561199078437870,0,0.009962553158402443,3,0.9857762037051383
76561198521680263,0,0.0035708111245185137,3,0.9857762037051383
76561198833635002,0,0.5045178532600403,3,0.9857762037051383
76561198321521526,0,0.657426118850708,3,0.9857762037051383
76561198034649947,0,0.0429408997297287,3,0.9857762037051383
76561199235296991,0,0.0055977338925004005,3,0.9857762037051383
76561198115870480,0,0.882619321346283,3,0.9857762037051383
76561198002367103,0,0.004077994730323553,3,0.9857762037051383
76561198084525629,0,0.003909190185368061,3,0.9857762037051383
76561198081641676,0,0.005199673119932413,3,0.9857762037051383
76561198302210146,0,0.0051562171429395676,3,0.9857762037051383
76561199091260230,0,0.009265031665563583,3,0.9857762037051383
76561198997229201,0,0.9468898773193359,3,0.9857762037051383
76561198219987023,0,0.13370776176452637,3,0.9857762037051383
76561198892945828,0,0.009966033510863781,3,0.9857762037051383
76561199214609332,0,0.9853072166442871,3,0.9857762037051383
76561198062210187,0,0.19383953511714935,3,0.9857762037051383
76561198805361693,0,0.053144242614507675,3,0.9857762037051383
76561199000773570,0,0.6564615964889526,3,0.9857762037051383
76561198065889243,0,0.8482360243797302,3,0.9857762037051383
76561199167942187,0,0.9656035900115967,3,0.9857762037051383
76561199137935721,0,0.003542109625414014,3,0.9857762037051383
76561198314625358,0,0.0039109583012759686,3,0.9857762037051383
76561199076240130,0,0.0033011012710630894,3,0.9857762037051383
76561198967462630,0,0.005999126937240362,3,0.9857762037051383
76561198262145316,0,0.003420734778046608,3,0.9857762037051383
76561198165385346,0,0.005601000040769577,3,0.9857762037051383
76561198041414253,0,0.009751011617481709,3,0.9857762037051383
76561198106263467,0,0.004231519531458616,3,0.9857762037051383
76561198010199381,0,0.015706686303019524,3,0.9857762037051383
76561198140722125,0,0.01430661790072918,3,0.9857762037051383
76561198318533779,0,0.009211516007781029,3,0.9857762037051383
76561198368777765,0,0.0034763305447995663,3,0.9857762037051383
76561198965471974,0,0.0586327388882637,3,0.9857762037051383
76561198148594579,0,0.006551388651132584,3,0.9857762037051383
76561199176510985,0,0.012758173979818821,3,0.9857762037051383
76561198830505808,0,0.0037850583903491497,3,0.9857762037051383
76561198444571416,0,0.0036960840225219727,3,0.9857762037051383
76561197968516552,0,0.023795276880264282,3,0.9857762037051383
76561198363761980,0,0.012205367907881737,3,0.9857762037051383
76561198065255248,0,0.14195425808429718,3,0.9857762037051383
76561199139031386,0,0.23209594190120697,3,0.9857762037051383
76561199202171139,0,0.006965183652937412,3,0.9857762037051383
76561198101063111,0,0.024236856028437614,3,0.9857762037051383
76561199218245186,0,0.03480438515543938,3,0.9857762037051383
76561199252137453,0,0.01140267588198185,3,0.9857762037051383
76561198854309007,0,0.005566980689764023,3,0.9857762037051383
76561198330352251,0,0.9778655767440796,3,0.9857762037051383
76561198031288807,0,0.004656986799091101,3,0.9857762037051383
76561198105302818,0,0.0037791510112583637,3,0.9857762037051383
76561198100896077,0,0.004854555707424879,3,0.9857762037051383
76561198261105356,0,0.3887648284435272,3,0.9857762037051383
76561198044347715,0,0.003655259031802416,3,0.9857762037051383
76561198069996884,0,0.00564058730378747,3,0.9857762037051383
76561198053818755,0,0.013588291592895985,3,0.9857762037051383
76561199136472687,0,0.004219396971166134,3,0.9857762037051383
76561198032082376,0,0.006789867766201496,3,0.9857762037051383
76561199015945257,0,0.42983385920524597,3,0.9857762037051383
76561199079785058,1,0.9956799745559692,3,0.9857762037051383
76561198003557462,0,0.006147629115730524,3,0.9857762037051383
76561198088780986,0,0.008798545226454735,3,0.9857762037051383
76561198165242682,0,0.004940003156661987,3,0.9857762037051383
76561199481585130,0,0.0038825946394354105,3,0.9857762037051383
76561198048687882,0,0.003976099658757448,3,0.9857762037051383
76561198826807479,0,0.037146180868148804,3,0.9857762037051383
76561198119666284,0,0.00629071332514286,3,0.9857762037051383
76561199348078788,0,0.04407643526792526,3,0.9857762037051383
76561198169365227,0,0.00850662775337696,3,0.9857762037051383
76561198014680684,0,0.5300199389457703,3,0.9857762037051383
76561199233093817,0,0.6928038597106934,3,0.9857762037051383
76561198073822914,1,0.8396211862564087,3,0.9857762037051383
76561198964427891,0,0.9953653812408447,3,0.9857762037051383
76561199033343520,0,0.8097191452980042,3,0.9857762037051383
76561199230364269,0,0.00444958359003067,3,0.9857762037051383
76561199088375494,0,0.015257416293025017,3,0.9857762037051383
76561199070484656,0,0.0054856701754033566,3,0.9857762037051383
76561198391847712,0,0.27826255559921265,3,0.9857762037051383
76561198132859000,0,0.00451117567718029,3,0.9857762037051383
76561199090912707,0,0.0033226078376173973,3,0.9857762037051383
76561198424511155,0,0.16565169394016266,3,0.9857762037051383
76561198259644005,0,0.20394986867904663,3,0.9857762037051383
76561199486490498,0,0.0034763305447995663,3,0.9857762037051383
76561198269376835,0,0.004018391948193312,3,0.9857762037051383
76561198181316378,0,0.418763130903244,3,0.9857762037051383
76561198083371224,0,0.004494721069931984,3,0.9857762037051383
76561199173533197,0,0.9870901703834534,3,0.9857762037051383
76561198001963579,0,0.01036220882087946,3,0.9857762037051383
76561198156618511,0,0.6301803588867188,3,0.9857762037051383
76561198298451777,0,0.03709275275468826,3,0.9857762037051383
76561199092525498,0,0.0035307437647134066,3,0.9857762037051383
76561198008807417,0,0.9897773861885071,3,0.9857762037051383
76561198067274010,0,0.007104822900146246,3,0.9857762037051383
76561198366060657,0,0.21350957453250885,3,0.9857762037051383
76561199274057849,0,0.006991654634475708,3,0.9857762037051383
76561198853173816,0,0.004286656621843576,3,0.9857762037051383
76561199074071407,0,0.004527052398771048,3,0.9857762037051383
76561199134842743,0,0.006889089476317167,3,0.9857762037051383
76561198036331534,0,0.22335273027420044,3,0.9857762037051383
76561198397219487,0,0.10084652900695801,3,0.9857762037051383
76561199121922792,0,0.003526562126353383,3,0.9857762037051383
76561198811135117,0,0.013040673919022083,3,0.9857762037051383
76561198058177382,0,0.05138363689184189,3,0.9857762037051383
76561199010174443,0,0.01973397471010685,3,0.9857762037051383
76561198142273279,0,0.20983298122882843,3,0.9857762037051383
76561198329002070,0,0.023126043379306793,3,0.9857762037051383
76561198087076240,0,0.9543845653533936,3,0.9857762037051383
76561198068571559,0,0.009248488582670689,3,0.9857762037051383
76561199216657872,0,0.544104814529419,3,0.9857762037051383
76561198323047761,0,0.004510647151619196,3,0.9857762037051383
76561199498596199,0,0.01138314325362444,3,0.9857762037051383
76561199073741835,0,0.00949497427791357,3,0.9857762037051383
76561199571609160,0,0.006889089476317167,3,0.9857762037051383
76561199121002093,0,0.008754363283514977,3,0.9857762037051383
76561199490258207,1,0.7291591167449951,3,0.9857762037051383
76561198992465356,0,0.0037417695857584476,3,0.9857762037051383
76561198391744075,0,0.005873384419828653,3,0.9857762037051383
76561199146665599,0,0.02306327223777771,3,0.9857762037051383
76561199321406074,0,0.0033011012710630894,3,0.9857762037051383
76561198352580182,0,0.6501086950302124,3,0.9857762037051383
76561199794922332,0,0.005286278668791056,3,0.9857762037051383
76561198231601344,0,0.0033011012710630894,3,0.9857762037051383
76561199553352766,0,0.007882477715611458,3,0.9857762037051383
76561198212297029,0,0.005210171453654766,3,0.9857762037051383
76561199042497431,0,0.01468961127102375,3,0.9857762037051383
76561198415058440,0,0.06496205925941467,3,0.9857762037051383
76561199577551648,0,0.005923977587372065,3,0.9857762037051383
76561198102308270,0,0.9632304310798645,3,0.9857762037051383
76561198052443507,0,0.00592022156342864,3,0.9857762037051383
76561199213469065,0,0.010937168262898922,3,0.9857762037051383
76561197995736632,0,0.3613859713077545,3,0.9857762037051383
76561199581899545,0,0.004584361799061298,3,0.9857762037051383
76561198145772881,0,0.0402856171131134,3,0.9857762037051383
76561199080403429,0,0.004708095919340849,3,0.9857762037051383
76561198126460019,0,0.03189212456345558,3,0.9857762037051383
76561199433150607,0,0.011532606557011604,3,0.9857762037051383
76561198328290027,0,0.0034763305447995663,3,0.9857762037051383
76561199505804260,0,0.007929861545562744,3,0.9857762037051383
76561198898081696,0,0.003902166849002242,3,0.9857762037051383
76561198060550343,0,0.00423790980130434,3,0.9857762037051383
76561199021215236,0,0.005944054573774338,3,0.9857762037051383
76561198333272851,0,0.0034711670596152544,3,0.9857762037051383
76561198144037306,0,0.0038523541297763586,3,0.9857762037051383
76561197982733226,0,0.003520687110722065,3,0.9857762037051383
76561198868469516,0,0.20964311063289642,3,0.9857762037051383
76561198013667514,0,0.004733279813081026,3,0.9857762037051383
76561198393024456,1,0.995499312877655,3,0.9857762037051383
76561198141958011,0,0.005329829175025225,3,0.9857762037051383
76561197991902509,0,0.005651453044265509,3,0.9857762037051383
76561199186521356,0,0.003909409046173096,3,0.9857762037051383
76561198106943935,0,0.005706919357180595,3,0.9857762037051383
76561198799343582,0,0.003826380707323551,3,0.9857762037051383
76561198797070304,0,0.0042209317907691,3,0.9857762037051383
76561198008533110,0,0.005128208547830582,3,0.9857762037051383
76561198133773120,0,0.3462541997432709,3,0.9857762037051383
76561198071440325,0,0.003645591903477907,3,0.9857762037051383
76561199369833695,0,0.01961604319512844,3,0.9857762037051383
76561199093499712,0,0.009278334677219391,3,0.9857762037051383
76561197971142752,0,0.0033064803574234247,3,0.9857762037051383
76561198091444996,0,0.21726851165294647,3,0.9857762037051383
76561198141293559,0,0.004115882329642773,3,0.9857762037051383
76561198894711282,0,0.004881619475781918,3,0.9857762037051383
76561198052089910,0,0.008125577121973038,3,0.9857762037051383
76561199013528863,0,0.29794734716415405,3,0.9857762037051383
76561198087739509,0,0.014315874315798283,3,0.9857762037051383
76561198990449638,0,0.9928626418113708,3,0.9857762037051383
76561198068534122,0,0.9598031044006348,3,0.9857762037051383
76561198123597159,0,0.31651416420936584,3,0.9857762037051383
76561198126869131,0,0.71122145652771,3,0.9857762037051383
76561198841249107,0,0.9949525594711304,3,0.9857762037051383
76561199367525585,0,0.003786219982430339,3,0.9857762037051383
76561198041707461,0,0.8494889140129089,3,0.9857762037051383
76561198277936692,0,0.4921518862247467,3,0.9857762037051383
76561198129602818,0,0.40660369396209717,3,0.9857762037051383
76561199050564619,0,0.003965673968195915,3,0.9857762037051383
76561198849310411,0,0.07391653209924698,3,0.9857762037051383
76561198054288692,0,0.0047187949530780315,3,0.9857762037051383
76561198372773774,0,0.3569425344467163,3,0.9857762037051383
76561198410794376,0,0.006037930492311716,3,0.9857762037051383
76561198343074092,0,0.4314621686935425,3,0.9857762037051383
76561198175659439,0,0.007047593127936125,3,0.9857762037051383
76561198821203642,0,0.009187466464936733,3,0.9857762037051383
76561198137114774,0,0.9404395818710327,3,0.9857762037051383
76561198287034547,0,0.0038490029983222485,3,0.9857762037051383
76561198304327530,0,0.028331497684121132,3,0.9857762037051383
76561198846559609,0,0.004016209859400988,3,0.9857762037051383
76561199274288902,0,0.010420029982924461,3,0.9857762037051383
76561199079713355,0,0.6567507982254028,3,0.9857762037051383
76561197960776211,0,0.8975776433944702,3,0.9857762037051383
76561198220330421,0,0.02752167545258999,3,0.9857762037051383
76561198265135519,0,0.1267206221818924,3,0.9857762037051383
76561199089190627,0,0.12847182154655457,3,0.9857762037051383
76561198955347875,0,0.3512502908706665,3,0.9857762037051383
76561198073406140,0,0.008259914815425873,3,0.9857762037051383
76561198097330928,0,0.015098444186151028,3,0.9857762037051383
76561198144683709,0,0.005139613524079323,3,0.9857762037051383
76561198176189387,0,0.0051227230578660965,3,0.9857762037051383
76561198799212934,1,0.99497389793396,3,0.9857762037051383
76561199045376848,0,0.23669059574604034,3,0.9857762037051383
76561199446928842,0,0.054097991436719894,3,0.9857762037051383
76561198035060630,0,0.7616995573043823,3,0.9857762037051383
76561198931133950,0,0.005175635684281588,3,0.9857762037051383
76561198144814940,0,0.08759379386901855,3,0.9857762037051383
76561199258686572,0,0.0034558791667222977,3,0.9857762037051383
76561199106682090,0,0.02586514875292778,3,0.9857762037051383
76561197983454880,0,0.9941291809082031,3,0.9857762037051383
76561198150339965,0,0.012511038221418858,3,0.9857762037051383
76561198069044829,0,0.006413695402443409,3,0.9857762037051383
76561198028126223,0,0.9942629933357239,3,0.9857762037051383
76561198992346407,0,0.007177018094807863,3,0.9857762037051383
76561198104942551,0,0.013437974266707897,3,0.9857762037051383
76561198019062646,0,0.004155389498919249,3,0.9857762037051383
76561198378941577,0,0.03369893878698349,3,0.9857762037051383
76561198013937926,0,0.0037508567329496145,3,0.9857762037051383
76561199150958981,0,0.07893673330545425,3,0.9857762037051383
76561199110105627,0,0.006195820402354002,3,0.9857762037051383
76561198990741937,0,0.01629023440182209,3,0.9857762037051383
76561199237262759,0,0.023947808891534805,3,0.9857762037051383
76561197980596948,0,0.004203008487820625,3,0.9857762037051383
76561198251900238,0,0.005167579278349876,3,0.9857762037051383
76561198101868127,0,0.05942308157682419,3,0.9857762037051383
76561198059026190,0,0.008889860473573208,3,0.9857762037051383
76561198208910112,0,0.04132214933633804,3,0.9857762037051383
76561198347879487,0,0.5398213863372803,3,0.9857762037051383
76561198127512590,0,0.011072788387537003,3,0.9857762037051383
76561198832712842,0,0.04250005632638931,3,0.9857762037051383
76561198107327524,0,0.005240404978394508,3,0.9857762037051383
76561198167372940,0,0.003492541378363967,3,0.9857762037051383
76561199165241310,0,0.004263954237103462,3,0.9857762037051383
76561198453407048,0,0.003904869547113776,3,0.9857762037051383
76561198378611566,0,0.0056034112349152565,3,0.9857762037051383
76561197996471770,0,0.008590856567025185,3,0.9857762037051383
76561199201861992,0,0.006889089476317167,3,0.9857762037051383
76561198972298641,0,0.004860604181885719,3,0.9857762037051383
76561198983519061,0,0.7457206845283508,3,0.9857762037051383
76561198041939728,0,0.08173573017120361,3,0.9857762037051383
76561198846811709,1,0.9942029118537903,3,0.9857762037051383
76561198979716829,0,0.00410453649237752,3,0.9857762037051383
76561198172929322,0,0.005995690356940031,3,0.9857762037051383
76561198383806230,0,0.003653276478871703,3,0.9857762037051383
76561199821024378,0,0.0049775210209190845,3,0.9857762037051383
76561198388084723,0,0.011041361838579178,3,0.9857762037051383
76561198977286814,0,0.047870900481939316,3,0.9857762037051383
76561198044465353,0,0.00696277292445302,3,0.9857762037051383
76561199149751342,0,0.012050049379467964,3,0.9857762037051383
76561199052813130,0,0.021244030445814133,3,0.9857762037051383
76561198357692130,0,0.45367011427879333,3,0.9857762037051383
76561199109996331,0,0.8535670042037964,3,0.9857762037051383
76561198029110766,0,0.765968918800354,3,0.9857762037051383
76561198131494607,0,0.9899534583091736,3,0.9857762037051383
76561198825040692,0,0.006625003647059202,3,0.9857762037051383
76561198082798668,0,0.007626112550497055,3,0.9857762037051383
76561198128989347,1,0.7964233160018921,3,0.9857762037051383
76561198286794913,1,0.9953842759132385,3,0.9857762037051383
76561199245729362,0,0.2934632897377014,3,0.9857762037051383
76561199529862564,0,0.005073504522442818,3,0.9857762037051383
76561197990892955,0,0.027179822325706482,3,0.9857762037051383
76561199429723284,1,0.9938640594482422,3,0.9857762037051383
76561198013901702,0,0.014255878515541553,3,0.9857762037051383
76561198047000622,0,0.6616361141204834,3,0.9857762037051383
76561198336123809,0,0.010414308868348598,3,0.9857762037051383
76561198129773506,0,0.0042415824718773365,3,0.9857762037051383
76561198122970484,0,0.8707940578460693,3,0.9857762037051383
76561197963533548,0,0.9694976210594177,3,0.9857762037051383
76561198063702722,0,0.2362755984067917,3,0.9857762037051383
76561198051089568,0,0.0040356311947107315,3,0.9857762037051383
76561198445871999,0,0.009907541796565056,3,0.9857762037051383
76561198237877160,0,0.004510647151619196,3,0.9857762037051383
76561199113733553,0,0.008481383323669434,3,0.9857762037051383
76561199182813923,1,0.9946035742759705,3,0.9857762037051383
76561197993160737,0,0.9922354817390442,3,0.9857762037051383
76561198288248249,0,0.0053542605601251125,3,0.9857762037051383
76561198044295259,0,0.004313115030527115,3,0.9857762037051383
76561198093584448,0,0.4656865894794464,3,0.9857762037051383
76561199582828276,0,0.0062595391646027565,3,0.9857762037051383
76561199168312891,0,0.019991643726825714,3,0.9857762037051383
76561198125748008,0,0.005880143027752638,3,0.9857762037051383
76561198150878086,0,0.6980599164962769,3,0.9857762037051383
76561198061661875,0,0.9728510975837708,3,0.9857762037051383
76561199128626871,0,0.7583526372909546,3,0.9857762037051383
76561199592424212,0,0.20701222121715546,3,0.9857762037051383
76561199140313831,0,0.2036842256784439,3,0.9857762037051383
76561198063482976,0,0.004104417748749256,3,0.9857762037051383
76561198428752075,0,0.9048722982406616,3,0.9857762037051383
76561198428798444,0,0.006914746481925249,3,0.9857762037051383
76561199277598378,0,0.0035214852541685104,3,0.9857762037051383
76561199383218432,0,0.0968547910451889,3,0.9857762037051383
76561198056376576,0,0.003833044320344925,3,0.9857762037051383
76561198082023944,0,0.016157018020749092,3,0.9857762037051383
76561199383955495,0,0.0061696614138782024,3,0.9857762037051383
76561199327835014,0,0.004065365996211767,3,0.9857762037051383
76561198065750405,0,0.994479775428772,3,0.9857762037051383
76561197979408515,0,0.00965342577546835,3,0.9857762037051383
76561199195978307,0,0.004048723261803389,3,0.9857762037051383
76561199086487328,0,0.006132849026471376,3,0.9857762037051383
76561198111222941,0,0.06597428023815155,3,0.9857762037051383
76561199192300620,0,0.8170447945594788,3,0.9857762037051383
76561198131771352,0,0.010893790982663631,3,0.9857762037051383
76561198059377456,0,0.006193647626787424,3,0.9857762037051383
76561198399261206,0,0.08941522240638733,3,0.9857762037051383
76561198078998103,0,0.0032567684538662434,3,0.9857762037051383
76561199402814246,0,0.006840432994067669,3,0.9857762037051383
76561198026310599,0,0.004233516752719879,3,0.9857762037051383
76561198107105216,0,0.003997292835265398,3,0.9857762037051383
76561199758533950,0,0.004048723261803389,3,0.9857762037051383
76561198968198232,0,0.005602444522082806,3,0.9857762037051383
76561198101163126,0,0.0035938159562647343,3,0.9857762037051383
76561198170571313,0,0.0038914866745471954,3,0.9857762037051383
76561199013291265,0,0.006938060279935598,3,0.9857762037051383
76561198995183299,0,0.0039422521367669106,3,0.9857762037051383
76561198084435531,0,0.0033638090826570988,3,0.9857762037051383
76561199572231179,0,0.035871222615242004,3,0.9857762037051383
76561198324473892,0,0.003650146769359708,3,0.9857762037051383
76561198079483439,0,0.009111105464398861,3,0.9857762037051383
76561199136564368,0,0.003786606714129448,3,0.9857762037051383
76561199008716941,0,0.778984010219574,3,0.9857762037051383
76561198394174768,0,0.003591984510421753,3,0.9857762037051383
76561198261210153,0,0.0034584307577461004,3,0.9857762037051383
76561199165818396,0,0.15848974883556366,3,0.9857762037051383
76561198443483029,0,0.003767564659938216,3,0.9857762037051383
76561199059434154,0,0.021951014176011086,3,0.9857762037051383
76561198323545407,1,0.9940699338912964,3,0.9857762037051383
76561198052067450,0,0.0044181267730891705,3,0.9857762037051383
76561198182302161,0,0.0049943020567297935,3,0.9857762037051383
76561198978495492,0,0.00960517767816782,3,0.9857762037051383
76561199181999018,0,0.003624766832217574,3,0.9857762037051383
76561198278590467,0,0.013249753043055534,3,0.9857762037051383
76561199210167177,0,0.539362907409668,3,0.9857762037051383
76561198185128995,0,0.004595416598021984,3,0.9857762037051383
76561198141581232,0,0.0581221878528595,3,0.9857762037051383
76561199069506653,0,0.6680676341056824,3,0.9857762037051383
76561198880560968,1,0.9956117272377014,3,0.9857762037051383
76561198039826994,0,0.008499737828969955,3,0.9857762037051383
76561198882957914,0,0.005244746804237366,3,0.9857762037051383
76561199094811285,0,0.004548144526779652,3,0.9857762037051383
76561198010364912,0,0.003906342666596174,3,0.9857762037051383
76561199240089722,1,0.5765170454978943,3,0.9857762037051383
76561198351741771,0,0.008366101421415806,3,0.9857762037051383
76561199385967053,0,0.0033011012710630894,3,0.9857762037051383
76561199111584686,0,0.005143408663570881,3,0.9857762037051383
76561198146326394,0,0.003452919190749526,3,0.9857762037051383
76561198145067937,0,0.06754089146852493,3,0.9857762037051383
76561198859580796,0,0.045405007898807526,3,0.9857762037051383
76561198948211054,0,0.009711145423352718,3,0.9857762037051383
76561198137842635,0,0.0859537124633789,3,0.9857762037051383
76561198439760543,0,0.008873578161001205,3,0.9857762037051383
76561199240616553,0,0.2987431585788727,3,0.9857762037051383
76561199113699157,0,0.00442117964848876,3,0.9857762037051383
76561199701068462,0,0.004812403116375208,3,0.9857762037051383
76561199058282743,0,0.8092154860496521,3,0.9857762037051383
76561198376548624,0,0.0320386067032814,3,0.9857762037051383
76561198046392594,0,0.39901962876319885,3,0.9857762037051383
76561198112915810,0,0.004183642100542784,3,0.9857762037051383
76561199387870358,0,0.007893889211118221,3,0.9857762037051383
76561198295769642,0,0.003995257895439863,3,0.9857762037051383
76561199062110593,0,0.9787375926971436,3,0.9857762037051383
76561199109338662,0,0.006153222173452377,3,0.9857762037051383
76561198059475740,0,0.13258448243141174,3,0.9857762037051383
76561197995495992,0,0.0038117263466119766,3,0.9857762037051383
76561198808926678,0,0.007059268653392792,3,0.9857762037051383
76561198014871571,0,0.7572751641273499,3,0.9857762037051383
76561197993206603,0,0.8120513558387756,3,0.9857762037051383
76561198056312995,0,0.1583201289176941,3,0.9857762037051383
76561198982499629,0,0.005031842738389969,3,0.9857762037051383
76561198367773586,0,0.015659334138035774,3,0.9857762037051383
76561198971444758,0,0.007628614082932472,3,0.9857762037051383
76561199222753879,0,0.4156259596347809,3,0.9857762037051383
76561198185507057,0,0.11783184856176376,3,0.9857762037051383
76561198066890452,1,0.9956722259521484,3,0.9857762037051383
76561198993697112,0,0.9473286271095276,3,0.9857762037051383
76561198071014415,0,0.013628358021378517,3,0.9857762037051383
76561198071274034,0,0.00704652164131403,3,0.9857762037051383
76561198848889150,0,0.9944592714309692,3,0.9857762037051383
76561198287377638,0,0.0032865938264876604,3,0.9857762037051383
76561198247574094,0,0.3848586976528168,3,0.9857762037051383
76561198370014552,0,0.06242795288562775,3,0.9857762037051383
76561199247975292,0,0.0033011012710630894,3,0.9857762037051383
76561198064780017,0,0.0074234772473573685,3,0.9857762037051383
76561198016891449,0,0.013518674299120903,3,0.9857762037051383
76561198269284126,1,0.9948930740356445,3,0.9857762037051383
76561198870998359,0,0.13753549754619598,3,0.9857762037051383
76561198130226411,0,0.004730766639113426,3,0.9857762037051383
76561198049920229,0,0.0033011012710630894,3,0.9857762037051383
76561198072404829,0,0.3760431110858917,3,0.9857762037051383
76561199009404706,0,0.02589752897620201,3,0.9857762037051383
76561198116336285,0,0.14013971388339996,3,0.9857762037051383
76561198346715590,0,0.018009090796113014,3,0.9857762037051383
76561199229727206,0,0.0043927268125116825,3,0.9857762037051383
76561199804752497,0,0.004134942311793566,3,0.9857762037051383
76561199235386879,0,0.014719268307089806,3,0.9857762037051383
76561198969814387,0,0.004718239419162273,3,0.9857762037051383
76561198123231838,1,0.9944625496864319,3,0.9857762037051383
76561199101135661,0,0.2168852537870407,3,0.9857762037051383
76561198969345413,0,0.004048723261803389,3,0.9857762037051383
76561199373221622,0,0.014653380028903484,3,0.9857762037051383
76561199021759713,0,0.01443834975361824,3,0.9857762037051383
76561198218674896,0,0.0077204471454024315,3,0.9857762037051383
76561198160793163,1,0.871864914894104,3,0.9857762037051383
76561198183961471,0,0.0065589649602770805,3,0.9857762037051383
76561198398094181,0,0.008789180777966976,3,0.9857762037051383
76561199149444063,0,0.6247984766960144,3,0.9857762037051383
76561199225496192,0,0.004584105685353279,3,0.9857762037051383
76561198971114261,0,0.003604502184316516,3,0.9857762037051383
76561198073363296,0,0.005969732999801636,3,0.9857762037051383
76561199361977164,0,0.004510647151619196,3,0.9857762037051383
76561198341649243,0,0.5540072917938232,3,0.9857762037051383
76561198855570404,0,0.00988931953907013,3,0.9857762037051383
76561198425597741,0,0.0074840122833848,3,0.9857762037051383
76561198025174147,0,0.003536136355251074,3,0.9857762037051383
76561198062309224,0,0.02523253671824932,3,0.9857762037051383
76561199436001837,0,0.007289350498467684,3,0.9857762037051383
76561198010320985,0,0.053842879831790924,3,0.9857762037051383
76561198047173978,0,0.9761333465576172,3,0.9857762037051383
76561199087389052,0,0.01602388359606266,3,0.9857762037051383
76561199212950430,0,0.005531976465135813,3,0.9857762037051383
76561199112333267,0,0.06334248930215836,3,0.9857762037051383
76561198855777728,0,0.01060254406183958,3,0.9857762037051383
76561198163374594,0,0.0033011012710630894,3,0.9857762037051383
76561199191965705,0,0.0045823827385902405,3,0.9857762037051383
76561198164224226,0,0.004510647151619196,3,0.9857762037051383
76561198129156082,0,0.007400418631732464,3,0.9857762037051383
76561198995216836,0,0.03249065577983856,3,0.9857762037051383
76561199081981172,0,0.01463306788355112,3,0.9857762037051383
76561199093697445,0,0.004408499225974083,3,0.9857762037051383
76561198027193035,0,0.009882799349725246,3,0.9857762037051383
76561198146398513,0,0.0075250044465065,3,0.9857762037051383
76561198066960303,0,0.007280536461621523,3,0.9857762037051383
76561198206695783,0,0.003808678360655904,3,0.9857762037051383
76561199069673347,0,0.005850035697221756,3,0.9857762037051383
76561198129881642,0,0.005998549982905388,3,0.9857762037051383
76561199007391548,0,0.005301919765770435,3,0.9857762037051383
76561199243883309,0,0.0036275230813771486,3,0.9857762037051383
76561198061773358,1,0.9944131970405579,3,0.9857762037051383
76561198304167262,0,0.8399201035499573,3,0.9857762037051383
76561199385597021,0,0.04025387391448021,3,0.9857762037051383
76561199644808244,0,0.09149173647165298,3,0.9857762037051383
76561198985882082,0,0.96831214427948,3,0.9857762037051383
76561198156723845,1,0.9937239289283752,3,0.9857762037051383
76561197972117932,0,0.009252370335161686,3,0.9857762037051383
76561198452279832,0,0.029626859351992607,3,0.9857762037051383
76561199212691802,0,0.003764274762943387,3,0.9857762037051383
76561199482272686,0,0.07208545506000519,3,0.9857762037051383
76561198119356606,0,0.2369287610054016,3,0.9857762037051383
76561198273926010,0,0.9782604575157166,3,0.9857762037051383
76561198996074972,0,0.47573935985565186,3,0.9857762037051383
76561198150109633,0,0.25028809905052185,3,0.9857762037051383
76561198842936952,0,0.0040324050933122635,3,0.9857762037051383
76561198140691913,0,0.9644615650177002,3,0.9857762037051383
76561198067927056,0,0.12829066812992096,3,0.9857762037051383
76561199148164001,0,0.007770478259772062,3,0.9857762037051383
76561199188773578,0,0.028752898797392845,3,0.9857762037051383
76561197998675485,0,0.004843301605433226,3,0.9857762037051383
76561198117266571,0,0.948920726776123,3,0.9857762037051383
76561198208670732,0,0.985022246837616,3,0.9857762037051383
76561199177472023,0,0.02151142992079258,3,0.9857762037051383
76561198366632825,0,0.9586108326911926,3,0.9857762037051383
76561198052961567,0,0.8314290642738342,3,0.9857762037051383
76561198198690430,0,0.006488011218607426,3,0.9857762037051383
76561198268432859,0,0.010334344580769539,3,0.9857762037051383
76561199154490189,0,0.15848974883556366,3,0.9857762037051383
76561199128062766,0,0.004510647151619196,3,0.9857762037051383
76561198264232886,0,0.006055974401533604,3,0.9857762037051383
76561199780370765,0,0.0048231082037091255,3,0.9857762037051383
76561198326869636,0,0.014813439920544624,3,0.9857762037051383
76561198354323663,0,0.05013702064752579,3,0.9857762037051383
76561198035811616,0,0.0035271889064460993,3,0.9857762037051383
76561198306874283,0,0.01712561957538128,3,0.9857762037051383
76561198085685933,0,0.00792792160063982,3,0.9857762037051383
76561198875395414,0,0.00895549263805151,3,0.9857762037051383
76561198294337474,0,0.005133823957294226,3,0.9857762037051383
76561199173192634,0,0.9944257736206055,3,0.9857762037051383
76561198048959401,0,0.9607629776000977,3,0.9857762037051383
76561198412670776,0,0.003452919190749526,3,0.9857762037051383
76561199075592473,0,0.006303011905401945,3,0.9857762037051383
76561197985574530,0,0.003961788956075907,3,0.9857762037051383
76561198111745327,0,0.01081379596143961,3,0.9857762037051383
76561198096668603,0,0.04581880196928978,3,0.9857762037051383
76561198968688951,0,0.02711160108447075,3,0.9857762037051383
76561199683239545,0,0.004404024686664343,3,0.9857762037051383
76561198417761106,0,0.004510647151619196,3,0.9857762037051383
76561198988726736,0,0.00839350838214159,3,0.9857762037051383
76561198990139890,0,0.9952945113182068,3,0.9857762037051383
76561199009687724,0,0.01624278724193573,3,0.9857762037051383
76561198435105941,0,0.004742082208395004,3,0.9857762037051383
76561199323268255,0,0.37709885835647583,3,0.9857762037051383
76561198117985846,0,0.01888037472963333,3,0.9857762037051383
76561198073252362,0,0.010237802751362324,3,0.9857762037051383
76561199179703055,0,0.0033011012710630894,3,0.9857762037051383
76561197994051809,1,0.9940485954284668,3,0.9857762037051383
76561198045967698,0,0.010517020709812641,3,0.9857762037051383
76561199366219333,0,0.0034763305447995663,3,0.9857762037051383
76561198241434488,0,0.023545006290078163,3,0.9857762037051383
76561198435372716,0,0.6164114475250244,3,0.9857762037051383
76561197973589184,1,0.9723864793777466,3,0.9857762037051383
76561199572598317,0,0.06233794987201691,3,0.9857762037051383
76561199188116579,0,0.004915377590805292,3,0.9857762037051383
76561199487937274,0,0.004388345405459404,3,0.9857762037051383
76561199447673879,0,0.0041716923005878925,3,0.9857762037051383
76561198057910726,0,0.7643686532974243,3,0.9857762037051383
76561198446730459,0,0.0033011012710630894,3,0.9857762037051383
76561199066536295,0,0.0034711670596152544,3,0.9857762037051383
76561198893734135,0,0.006544797215610743,3,0.9857762037051383
76561198254203194,0,0.005834534298628569,3,0.9857762037051383
76561199039734275,0,0.003348366590216756,3,0.9857762037051383
76561198059064172,0,0.12422148138284683,3,0.9857762037051383
76561199221179452,0,0.008932583965361118,3,0.9857762037051383
76561198859803376,0,0.004249791614711285,3,0.9857762037051383
76561198068933947,0,0.004980392754077911,3,0.9857762037051383
76561198029543367,0,0.00929930154234171,3,0.9857762037051383
76561198969665311,0,0.27519577741622925,3,0.9857762037051383
76561197989976349,0,0.0037277142982929945,3,0.9857762037051383
76561199231018713,0,0.017324009910225868,3,0.9857762037051383
76561198964565873,0,0.005483930464833975,3,0.9857762037051383
76561198870060612,0,0.004301834385842085,3,0.9857762037051383
76561198008751428,0,0.003842118661850691,3,0.9857762037051383
76561198162824253,0,0.14151425659656525,3,0.9857762037051383
76561198071822782,0,0.23072530329227448,3,0.9857762037051383
76561199125447516,0,0.054997485131025314,3,0.9857762037051383
76561199471691871,0,0.0038834470324218273,3,0.9857762037051383
76561199068902232,0,0.022268664091825485,3,0.9857762037051383
76561198060794411,0,0.005181366577744484,3,0.9857762037051383
76561199082394155,0,0.01637127436697483,3,0.9857762037051383
76561198258682240,0,0.01037128921598196,3,0.9857762037051383
76561198125506383,0,0.004495186265558004,3,0.9857762037051383
76561199764211631,0,0.005305667873471975,3,0.9857762037051383
76561198356195635,0,0.0037690000608563423,3,0.9857762037051383
76561198351801945,0,0.025062184780836105,3,0.9857762037051383
76561199054573275,0,0.024358203634619713,3,0.9857762037051383
76561198277356079,0,0.004581310320645571,3,0.9857762037051383
76561198007360411,0,0.928190290927887,3,0.9857762037051383
76561198162395406,0,0.0039422521367669106,3,0.9857762037051383
76561198181000945,0,0.3938539922237396,3,0.9857762037051383
76561198053110736,0,0.008768032304942608,3,0.9857762037051383
76561198250736630,0,0.6106699109077454,3,0.9857762037051383
76561199111029477,0,0.09560362994670868,3,0.9857762037051383
76561198355312333,0,0.4382801949977875,3,0.9857762037051383
76561198096050768,0,0.2565055787563324,3,0.9857762037051383
76561197995815597,0,0.07822202891111374,3,0.9857762037051383
76561198167555342,0,0.7240994572639465,3,0.9857762037051383
76561198354664526,0,0.32523825764656067,3,0.9857762037051383
76561198393404643,0,0.005141035187989473,3,0.9857762037051383
76561199672446307,0,0.0033011012710630894,3,0.9857762037051383
76561199095529194,0,0.004827343393117189,3,0.9857762037051383
76561198277829081,0,0.7825402617454529,3,0.9857762037051383
76561198992929625,0,0.00591297447681427,3,0.9857762037051383
76561198293278069,0,0.006083118729293346,3,0.9857762037051383
76561198042018311,0,0.8240642547607422,3,0.9857762037051383
76561198800191919,0,0.6577068567276001,3,0.9857762037051383
76561198105263185,0,0.003998095635324717,3,0.9857762037051383
76561199427187747,0,0.00342165376059711,3,0.9857762037051383
76561197999874668,1,0.988652765750885,3,0.9857762037051383
76561198098035188,0,0.02829970046877861,3,0.9857762037051383
76561198205454299,0,0.010494675487279892,3,0.9857762037051383
76561198052834572,0,0.014149313792586327,3,0.9857762037051383
76561197979709242,0,0.009790572337806225,3,0.9857762037051383
76561198418844358,0,0.24016548693180084,3,0.9857762037051383
76561199239909654,0,0.6670593619346619,3,0.9857762037051383
76561198211877123,0,0.2738286852836609,3,0.9857762037051383
76561199048647956,0,0.013552054762840271,3,0.9857762037051383
76561199544082415,0,0.03170565143227577,3,0.9857762037051383
76561198052985642,0,0.6037808656692505,3,0.9857762037051383
76561198836269337,0,0.0051742191426455975,3,0.9857762037051383
76561199571022217,0,0.004433771595358849,3,0.9857762037051383
76561198082915837,0,0.005678584799170494,3,0.9857762037051383
76561198823247014,0,0.005718779284507036,3,0.9857762037051383
76561199656590013,0,0.007610797882080078,3,0.9857762037051383
76561198009580872,0,0.004752819426357746,3,0.9857762037051383
76561198864446413,0,0.0033011012710630894,3,0.9857762037051383
76561198331125011,0,0.024464720860123634,3,0.9857762037051383
76561198412961619,0,0.010327772237360477,3,0.9857762037051383
76561199234861060,0,0.016332237049937248,3,0.9857762037051383
76561199529968341,0,0.045787565410137177,3,0.9857762037051383
76561198883843420,0,0.009971329011023045,3,0.9857762037051383
76561197987594877,0,0.26762887835502625,3,0.9857762037051383
76561198010795609,0,0.2114344835281372,3,0.9857762037051383
76561198027736032,0,0.8738746047019958,3,0.9857762037051383
76561198090160890,0,0.04522135481238365,3,0.9857762037051383
76561199114906444,0,0.016909029334783554,3,0.9857762037051383
76561198031394908,0,0.004008109215646982,3,0.9857762037051383
76561197969427047,0,0.006674138829112053,3,0.9857762037051383
76561198855955913,0,0.2360406368970871,3,0.9857762037051383
76561199134275813,0,0.0034160418435931206,3,0.9857762037051383
76561197985793842,0,0.1644318699836731,3,0.9857762037051383
76561199015204892,0,0.005961537826806307,3,0.9857762037051383
76561199206820056,0,0.9468947649002075,3,0.9857762037051383
76561198071541740,0,0.010412229225039482,3,0.9857762037051383
76561198798933442,0,0.07202411442995071,3,0.9857762037051383
76561198330210471,0,0.007617442402988672,3,0.9857762037051383
76561198290324169,0,0.19916969537734985,3,0.9857762037051383
76561198274023292,0,0.0067249503917992115,3,0.9857762037051383
76561199248801104,1,0.9947065711021423,3,0.9857762037051383
76561198066565192,0,0.0038761734031140804,3,0.9857762037051383
76561199037733935,0,0.985883891582489,3,0.9857762037051383
76561198099268633,0,0.003266714746132493,3,0.9857762037051383
76561199242935357,0,0.004272555001080036,3,0.9857762037051383
76561198450127792,0,0.1150367483496666,3,0.9857762037051383
76561198022396127,0,0.9767982959747314,3,0.9857762037051383
76561199384528176,0,0.003971073776483536,3,0.9857762037051383
76561198866712320,0,0.003530005691573024,3,0.9857762037051383
76561198084030513,0,0.0034763305447995663,3,0.9857762037051383
76561198859046191,0,0.0038864959497004747,3,0.9857762037051383
76561198155532272,0,0.7601234316825867,3,0.9857762037051383
76561198425965164,0,0.00757831335067749,3,0.9857762037051383
76561199001034219,0,0.0035297039430588484,3,0.9857762037051383
76561198021015777,0,0.005219180136919022,3,0.9857762037051383
76561198884328927,0,0.057801052927970886,3,0.9857762037051383
76561198190689890,0,0.009937596507370472,3,0.9857762037051383
76561198080939956,0,0.010239223018288612,3,0.9857762037051383
76561198447333939,0,0.01111301314085722,3,0.9857762037051383
76561198007383570,0,0.015667634084820747,3,0.9857762037051383
76561198347605693,0,0.012240353971719742,3,0.9857762037051383
76561199045069846,0,0.0035644574090838432,3,0.9857762037051383
76561199118327977,0,0.003760226536542177,3,0.9857762037051383
76561199185568203,0,0.008348997682332993,3,0.9857762037051383
76561198087429768,0,0.005932910833507776,3,0.9857762037051383
76561198035961758,0,0.009723744355142117,3,0.9857762037051383
76561198393014060,0,0.010412641800940037,3,0.9857762037051383
76561198297889396,0,0.565783679485321,3,0.9857762037051383
76561198358535606,0,0.6284639239311218,3,0.9857762037051383
76561199190653034,0,0.9901818633079529,3,0.9857762037051383
76561198204537844,0,0.003962429706007242,3,0.9857762037051383
76561198065289767,0,0.011339299380779266,3,0.9857762037051383
76561198026551554,0,0.053387969732284546,3,0.9857762037051383
76561198083859383,0,0.007005469873547554,3,0.9857762037051383
76561198121854739,0,0.005015155300498009,3,0.9857762037051383
76561198162876757,0,0.01579662412405014,3,0.9857762037051383
76561197991220572,0,0.015440288931131363,3,0.9857762037051383
76561199064855748,0,0.005865705665200949,3,0.9857762037051383
76561198094884429,0,0.5957919955253601,3,0.9857762037051383
76561198993664615,0,0.008352989330887794,3,0.9857762037051383
76561198865262832,0,0.03022151067852974,3,0.9857762037051383
76561198346193366,0,0.15694762766361237,3,0.9857762037051383
76561198050396930,0,0.7923399209976196,3,0.9857762037051383
76561199112645567,0,0.8428935408592224,3,0.9857762037051383
76561199225903861,0,0.02026289515197277,3,0.9857762037051383
76561198052791666,0,0.3760093152523041,3,0.9857762037051383
76561198008297196,1,0.9420976638793945,3,0.9857762037051383
76561199021415364,0,0.00406954251229763,3,0.9857762037051383
76561199252164097,0,0.9931498169898987,3,0.9857762037051383
76561199122983197,0,0.011502357199788094,3,0.9857762037051383
76561198272929891,0,0.16730034351348877,3,0.9857762037051383
76561199230227424,0,0.004991594236344099,3,0.9857762037051383
76561198344425850,0,0.004114882089197636,3,0.9857762037051383
76561198018084989,0,0.004660145845264196,3,0.9857762037051383
76561198256344781,0,0.003919564187526703,3,0.9857762037051383
76561198280636512,0,0.006262185517698526,3,0.9857762037051383
76561198080092447,0,0.02675580605864525,3,0.9857762037051383
76561198126545958,0,0.01898232474923134,3,0.9857762037051383
76561199081252506,0,0.007479890249669552,3,0.9857762037051383
76561198093608490,0,0.306835800409317,3,0.9857762037051383
76561199508390022,0,0.00585080636665225,3,0.9857762037051383
76561198331626525,0,0.010845107026398182,3,0.9857762037051383
76561198192090373,1,0.9944813251495361,3,0.9857762037051383
76561198851055880,0,0.9949122071266174,3,0.9857762037051383
76561199177900073,1,0.9954960346221924,3,0.9857762037051383
76561199101966064,0,0.7162001729011536,3,0.9857762037051383
76561198444421772,0,0.2926614284515381,3,0.9857762037051383
76561199344813216,0,0.006408218760043383,3,0.9857762037051383
76561199098688256,0,0.005541212856769562,3,0.9857762037051383
76561199573975237,0,0.47047165036201477,3,0.9857762037051383
76561197993386943,0,0.022351590916514397,3,0.9857762037051383
76561198876245483,0,0.7369014024734497,3,0.9857762037051383
76561198238464740,0,0.01594863459467888,3,0.9857762037051383
76561199473027078,0,0.003869170555844903,3,0.9857762037051383
76561198870578533,0,0.1985977292060852,3,0.9857762037051383
76561198035576982,0,0.06171359866857529,3,0.9857762037051383
76561199123846323,0,0.42170217633247375,3,0.9857762037051383
76561198068499587,0,0.004128875210881233,3,0.9857762037051383
76561198054258703,0,0.3965126872062683,3,0.9857762037051383
76561197968016248,0,0.008561337366700172,3,0.9857762037051383
76561199415395204,0,0.005494780372828245,3,0.9857762037051383
76561198971322505,0,0.0043794228695333,3,0.9857762037051383
76561199009508214,0,0.9750036001205444,3,0.9857762037051383
76561198157339798,0,0.0033667709212750196,3,0.9857762037051383
76561199811194447,0,0.012655145488679409,3,0.9857762037051383
76561198076732454,0,0.0065732235088944435,3,0.9857762037051383
76561199063460688,0,0.009950680658221245,3,0.9857762037051383
76561198326845650,0,0.013965773396193981,3,0.9857762037051383
76561199366963443,1,0.995733916759491,3,0.9857762037051383
76561197975090358,0,0.1490618884563446,3,0.9857762037051383
76561197985253545,0,0.888102650642395,3,0.9857762037051383
76561198180132053,0,0.004748804494738579,3,0.9857762037051383
76561199228741039,0,0.004757940303534269,3,0.9857762037051383
76561198192774806,0,0.026176458224654198,3,0.9857762037051383
76561199522951590,0,0.046264950186014175,3,0.9857762037051383
76561198126048352,0,0.0068377419374883175,3,0.9857762037051383
76561198043170526,0,0.016797423362731934,3,0.9857762037051383
76561198068258032,0,0.04468453302979469,3,0.9857762037051383
76561198966454630,0,0.037215057760477066,3,0.9857762037051383
76561198838215582,0,0.004330812953412533,3,0.9857762037051383
76561198043156285,0,0.004001112189143896,3,0.9857762037051383
76561197983850871,0,0.010575147345662117,3,0.9857762037051383
76561198272319271,0,0.01543179526925087,3,0.9857762037051383
76561198271971141,0,0.3184657692909241,3,0.9857762037051383
76561199049458153,0,0.29018455743789673,3,0.9857762037051383
76561198342446826,0,0.003656132845208049,3,0.9857762037051383
76561199235095493,0,0.0046011763624846935,3,0.9857762037051383
76561198055707798,0,0.004609400872141123,3,0.9857762037051383
76561198049705836,0,0.043177198618650436,3,0.9857762037051383
76561197979638481,0,0.009851200506091118,3,0.9857762037051383
76561199036851888,0,0.023277869448065758,3,0.9857762037051383
76561198326080881,0,0.003922122996300459,3,0.9857762037051383
76561198440764306,0,0.011739011853933334,3,0.9857762037051383
76561199588194493,0,0.05773617699742317,3,0.9857762037051383
76561199269210413,0,0.0033011012710630894,3,0.9857762037051383
76561198290879702,0,0.003713457379490137,3,0.9857762037051383
76561199585762398,0,0.005300210323184729,3,0.9857762037051383
76561199406078004,0,0.004973047412931919,3,0.9857762037051383
76561199073102812,0,0.004926127847284079,3,0.9857762037051383
76561198092200053,0,0.0038463969249278307,3,0.9857762037051383
76561199122060208,0,0.0038813690189272165,3,0.9857762037051383
76561199065517754,0,0.003371681785210967,3,0.9857762037051383
76561198830354522,0,0.01215741690248251,3,0.9857762037051383
76561198087430948,0,0.003574092173948884,3,0.9857762037051383
76561198006062918,0,0.005175635684281588,3,0.9857762037051383
76561198027024597,0,0.003987673204392195,3,0.9857762037051383
76561198057266741,0,0.003947453107684851,3,0.9857762037051383
76561198100353673,0,0.022369254380464554,3,0.9857762037051383
76561197966629758,0,0.7441712617874146,3,0.9857762037051383
76561198054242398,0,0.9885954260826111,3,0.9857762037051383
76561199186510072,0,0.006871553137898445,3,0.9857762037051383
76561197968961602,0,0.9562076330184937,3,0.9857762037051383
76561199053856688,0,0.09804511815309525,3,0.9857762037051383
76561198400805294,0,0.007471058983355761,3,0.9857762037051383
76561198128788801,0,0.00438486086204648,3,0.9857762037051383
76561199152078475,0,0.045419372618198395,3,0.9857762037051383
76561199246513447,0,0.006218074355274439,3,0.9857762037051383
76561199211048818,0,0.7348092198371887,3,0.9857762037051383
76561199099112011,0,0.9927088022232056,3,0.9857762037051383
76561199301344985,0,0.006388175766915083,3,0.9857762037051383
76561199247859307,0,0.004949570167809725,3,0.9857762037051383
76561198975460193,0,0.015094504691660404,3,0.9857762037051383
76561198084898166,0,0.9869675040245056,3,0.9857762037051383
76561198994846764,0,0.2203807532787323,3,0.9857762037051383
76561198031208543,0,0.1392277181148529,3,0.9857762037051383
76561198880253071,1,0.9956032037734985,3,0.9857762037051383
76561198041952197,1,0.8963766098022461,3,0.9857762037051383
76561198054490704,0,0.003727006260305643,3,0.9857762037051383
76561198842582257,0,0.9653396010398865,3,0.9857762037051383
76561199692926571,0,0.9784537553787231,3,0.9857762037051383
76561199269373743,0,0.6774739027023315,3,0.9857762037051383
76561198025120586,0,0.12016661465167999,3,0.9857762037051383
76561198162463280,0,0.5118974447250366,3,0.9857762037051383
76561198043326143,0,0.0035784607753157616,3,0.9857762037051383
76561199093869263,0,0.00860204454511404,3,0.9857762037051383
76561198829780499,1,0.9948315620422363,3,0.9857762037051383
76561198006660650,0,0.23778872191905975,3,0.9857762037051383
76561198044916029,0,0.21327251195907593,3,0.9857762037051383
76561198876547815,1,0.9945582151412964,3,0.9857762037051383
76561198005697500,0,0.008844813331961632,3,0.9857762037051383
76561199122829277,0,0.9095171689987183,3,0.9857762037051383
76561199042203210,1,0.9943186640739441,3,0.9857762037051383
76561199101966265,0,0.005524568259716034,3,0.9857762037051383
76561198453520887,0,0.013044736348092556,3,0.9857762037051383
76561199202495669,0,0.003846436971798539,3,0.9857762037051383
76561198342800559,0,0.006873128470033407,3,0.9857762037051383
76561198811799689,0,0.003984929993748665,3,0.9857762037051383
76561199094880367,0,0.004441488068550825,3,0.9857762037051383
76561198108164261,0,0.04068407788872719,3,0.9857762037051383
76561198289400569,0,0.005016668699681759,3,0.9857762037051383
76561198083880012,0,0.0037748899776488543,3,0.9857762037051383
76561198000902699,0,0.00557777751237154,3,0.9857762037051383
76561198826366105,0,0.0041716923005878925,3,0.9857762037051383
76561198035355812,0,0.009902841411530972,3,0.9857762037051383
76561198978928202,0,0.023811010643839836,3,0.9857762037051383
76561198094049945,0,0.026338910683989525,3,0.9857762037051383
76561198095472516,0,0.009778333827853203,3,0.9857762037051383
76561198013683997,0,0.005744462367147207,3,0.9857762037051383
76561198836079314,0,0.004287560470402241,3,0.9857762037051383
76561199561150618,0,0.44646790623664856,3,0.9857762037051383
76561199092894051,0,0.005744211375713348,3,0.9857762037051383
76561199102249718,0,0.9848047494888306,3,0.9857762037051383
76561198254331483,0,0.8135370016098022,3,0.9857762037051383
76561197966905209,0,0.9479832649230957,3,0.9857762037051383
76561199207127170,0,0.007196219637989998,3,0.9857762037051383
76561199438455694,0,0.011841081082820892,3,0.9857762037051383
76561199089075600,0,0.011571437120437622,3,0.9857762037051383
76561198036155638,0,0.0226062573492527,3,0.9857762037051383
76561199335242046,0,0.009669659659266472,3,0.9857762037051383
76561199138580826,0,0.014796219766139984,3,0.9857762037051383
76561199074043044,0,0.9284107685089111,3,0.9857762037051383
76561199585489211,0,0.19335177540779114,3,0.9857762037051383
76561198110035038,0,0.007368112914264202,3,0.9857762037051383
76561199229242192,0,0.0033011012710630894,3,0.9857762037051383
76561198344926122,0,0.004131160210818052,3,0.9857762037051383
76561199468555366,0,0.406192809343338,3,0.9857762037051383
76561198008684875,0,0.004387423861771822,3,0.9857762037051383
76561198276613474,0,0.0039869011379778385,3,0.9857762037051383
76561197961650304,0,0.011330877430737019,3,0.9857762037051383
76561198078380117,0,0.09283118695020676,3,0.9857762037051383
76561198061867173,0,0.00617997907102108,3,0.9857762037051383
76561199544725927,0,0.009288153611123562,3,0.9857762037051383
76561199288710644,0,0.004494561348110437,3,0.9857762037051383
76561198228044092,0,0.005044162273406982,3,0.9857762037051383
76561199090261237,0,0.01586690917611122,3,0.9857762037051383
76561199280323067,0,0.0034763305447995663,3,0.9857762037051383
76561198191199254,0,0.21038119494915009,3,0.9857762037051383
76561198881072900,0,0.0137073565274477,3,0.9857762037051383
76561199163370930,0,0.008246551267802715,3,0.9857762037051383
76561197983993686,0,0.004810704849660397,3,0.9857762037051383
76561198269271004,0,0.04594394192099571,3,0.9857762037051383
76561198064075694,0,0.0037086517550051212,3,0.9857762037051383
76561197987597377,0,0.1326030045747757,3,0.9857762037051383
76561198985113609,0,0.8896084427833557,3,0.9857762037051383
76561198029731826,1,0.9958378076553345,3,0.9857762037051383
76561198856900609,0,0.0038304217159748077,3,0.9857762037051383
76561198162734155,0,0.0036523498129099607,3,0.9857762037051383
76561199239505250,0,0.004511038772761822,3,0.9857762037051383
76561198251806728,0,0.0036072570364922285,3,0.9857762037051383
76561199061540170,0,0.0034763305447995663,3,0.9857762037051383
76561198851826850,0,0.028328122571110725,3,0.9857762037051383
76561197986725911,0,0.019676173105835915,3,0.9857762037051383
76561198011503136,0,0.9860265254974365,3,0.9857762037051383
76561198882244530,0,0.006981885526329279,3,0.9857762037051383
76561198328989162,0,0.004274527542293072,3,0.9857762037051383
76561198261495563,0,0.06630762666463852,3,0.9857762037051383
76561199580216449,0,0.462697833776474,3,0.9857762037051383
76561198410185305,0,0.0034763305447995663,3,0.9857762037051383
76561197986582736,0,0.03263388201594353,3,0.9857762037051383
76561198040756868,0,0.027891283854842186,3,0.9857762037051383
76561198084522346,0,0.032262202352285385,3,0.9857762037051383
76561198019905779,0,0.01234811544418335,3,0.9857762037051383
76561198043944604,0,0.006096949335187674,3,0.9857762037051383
76561197981862164,0,0.06067880615592003,3,0.9857762037051383
76561198053376199,0,0.004487311001867056,3,0.9857762037051383
76561199367266594,0,0.024594973772764206,3,0.9857762037051383
76561199134894191,0,0.005240462254732847,3,0.9857762037051383
76561199175707137,0,0.005045411642640829,3,0.9857762037051383
76561199012459341,0,0.005967115983366966,3,0.9857762037051383
76561198039087482,0,0.988721489906311,3,0.9857762037051383
76561199020689721,0,0.07822819799184799,3,0.9857762037051383
76561198010017318,0,0.03728637099266052,3,0.9857762037051383
76561199108268048,0,0.28529733419418335,3,0.9857762037051383
76561198013515891,0,0.0175534226000309,3,0.9857762037051383
76561198828947149,0,0.3950995206832886,3,0.9857762037051383
76561199101311300,0,0.39463621377944946,3,0.9857762037051383
76561199289346423,0,0.016137292608618736,3,0.9857762037051383
76561198913412454,0,0.01925799809396267,3,0.9857762037051383
76561198150274796,0,0.00628857035189867,3,0.9857762037051383
76561197989767090,0,0.020089298486709595,3,0.9857762037051383
76561198008544608,0,0.0034763305447995663,3,0.9857762037051383
76561198064973214,0,0.00375961372628808,3,0.9857762037051383
76561197974859568,0,0.4345882833003998,3,0.9857762037051383
76561198039984903,0,0.01544548012316227,3,0.9857762037051383
76561198299571557,0,0.540669858455658,3,0.9857762037051383
76561198126581865,0,0.8870711922645569,3,0.9857762037051383
76561198044042958,0,0.00451727444306016,3,0.9857762037051383
76561198057867155,0,0.0034944340586662292,3,0.9857762037051383
76561198053970900,0,0.5009114742279053,3,0.9857762037051383
76561198313109103,0,0.03435202315449715,3,0.9857762037051383
76561199028251589,0,0.005322898738086224,3,0.9857762037051383
76561198802094361,0,0.08160566538572311,3,0.9857762037051383
76561198824017230,0,0.004129864275455475,3,0.9857762037051383
76561198288459722,0,0.029696810990571976,3,0.9857762037051383
76561199057539205,0,0.0126993702724576,3,0.9857762037051383
76561198992511806,0,0.9866836667060852,3,0.9857762037051383
76561198977893294,0,0.017101526260375977,3,0.9857762037051383
76561197997559784,0,0.009345117025077343,3,0.9857762037051383
76561199326700574,0,0.0035142009146511555,3,0.9857762037051383
76561199013369181,0,0.2933639883995056,3,0.9857762037051383
76561198056366480,0,0.0037933310959488153,3,0.9857762037051383
76561199326115569,0,0.49993643164634705,3,0.9857762037051383
76561198022037713,0,0.00794192310422659,3,0.9857762037051383
76561198099035071,0,0.3167039155960083,3,0.9857762037051383
76561198045103918,0,0.011625725775957108,3,0.9857762037051383
76561198142433909,0,0.0048636444844305515,3,0.9857762037051383
76561198143066847,0,0.19234539568424225,3,0.9857762037051383
76561198009154727,0,0.004891710821539164,3,0.9857762037051383
76561198236459492,0,0.0032796738669276237,3,0.9857762037051383
76561198030369282,0,0.5952770113945007,3,0.9857762037051383
76561199223753507,1,0.9947823882102966,3,0.9857762037051383
76561198991361689,0,0.008500524796545506,3,0.9857762037051383
76561198078677826,0,0.07132615894079208,3,0.9857762037051383
76561199025974551,0,0.02137688174843788,3,0.9857762037051383
76561198954091217,0,0.08596815913915634,3,0.9857762037051383
76561199478017790,0,0.004605305381119251,3,0.9857762037051383
76561198136407892,0,0.006874144077301025,3,0.9857762037051383
76561198262493395,0,0.006468139588832855,3,0.9857762037051383
76561199023207285,0,0.004048723261803389,3,0.9857762037051383
76561198011240181,0,0.004647410474717617,3,0.9857762037051383
76561198188827269,0,0.00781857781112194,3,0.9857762037051383
76561198045031563,0,0.36736512184143066,3,0.9857762037051383
76561199384970828,0,0.004951374605298042,3,0.9857762037051383
76561198085353920,0,0.0037601443473249674,3,0.9857762037051383
76561198398013252,0,0.005471669137477875,3,0.9857762037051383
76561198838417400,0,0.004852063488215208,3,0.9857762037051383
76561198836069952,0,0.005656064487993717,3,0.9857762037051383
76561199514028548,0,0.003478936618193984,3,0.9857762037051383
76561199051465442,0,0.008596356958150864,3,0.9857762037051383
76561199103196797,0,0.9799486994743347,3,0.9857762037051383
76561199084793522,0,0.0033011012710630894,3,0.9857762037051383
76561198097590808,0,0.8784096240997314,3,0.9857762037051383
76561198147495166,0,0.004873491358011961,3,0.9857762037051383
76561198158453533,0,0.004338668659329414,3,0.9857762037051383
76561198280289478,0,0.005752457771450281,3,0.9857762037051383
76561199090273390,0,0.06744757294654846,3,0.9857762037051383
76561198281578008,0,0.01409052312374115,3,0.9857762037051383
76561198124304916,0,0.004240032751113176,3,0.9857762037051383
76561198346849905,0,0.003647289704531431,3,0.9857762037051383
76561198370521107,0,0.019067971035838127,3,0.9857762037051383
76561198374236066,0,0.08962276577949524,3,0.9857762037051383
76561199002620408,0,0.0033011012710630894,3,0.9857762037051383
76561198417216231,0,0.005365598481148481,3,0.9857762037051383
76561198062608649,0,0.008927330374717712,3,0.9857762037051383
76561199104102436,0,0.006702279206365347,3,0.9857762037051383
76561198041025613,0,0.008366101421415806,3,0.9857762037051383
76561199116455168,0,0.0033011012710630894,3,0.9857762037051383
76561199010963907,0,0.003694211132824421,3,0.9857762037051383
76561199067225407,0,0.0037216839846223593,3,0.9857762037051383
76561199284841748,0,0.0036327114794403315,3,0.9857762037051383
76561199493633271,0,0.007201754488050938,3,0.9857762037051383
76561198444467384,0,0.008995166048407555,3,0.9857762037051383
76561198143826608,0,0.9626290798187256,3,0.9857762037051383
76561198000479246,0,0.01148407906293869,3,0.9857762037051383
76561197985537714,0,0.04055509716272354,3,0.9857762037051383
76561198998964758,0,0.023065121844410896,3,0.9857762037051383
76561198035808714,0,0.016027463600039482,3,0.9857762037051383
76561198106639580,0,0.05751609802246094,3,0.9857762037051383
76561199219412519,0,0.008775250054895878,3,0.9857762037051383
76561198341263251,0,0.006319703999906778,3,0.9857762037051383
76561199589672256,0,0.003567978274077177,3,0.9857762037051383
76561198925708105,0,0.004554820712655783,3,0.9857762037051383
76561198022650015,0,0.00929825659841299,3,0.9857762037051383
76561198030691286,0,0.01941937394440174,3,0.9857762037051383
76561199011025521,0,0.9643798470497131,3,0.9857762037051383
76561198059592683,0,0.0034711670596152544,3,0.9857762037051383
76561199134113735,0,0.6080053448677063,3,0.9857762037051383
76561198038821679,0,0.9188179969787598,3,0.9857762037051383
76561199086855231,0,0.010246550664305687,3,0.9857762037051383
76561199030788921,0,0.006889089476317167,3,0.9857762037051383
76561199119087067,0,0.004309673793613911,3,0.9857762037051383
76561199168561910,0,0.0047412472777068615,3,0.9857762037051383
76561198799229321,1,0.9733614325523376,3,0.9857762037051383
76561198328827698,0,0.0038540270179510117,3,0.9857762037051383
76561199658027685,0,0.009123222902417183,3,0.9857762037051383
76561198312911663,1,0.9942732453346252,3,0.9857762037051383
76561198059191638,0,0.032496966421604156,3,0.9857762037051383
76561198051713402,0,0.021279845386743546,3,0.9857762037051383
76561198042470023,0,0.9861475825309753,3,0.9857762037051383
76561198440187830,0,0.08012045174837112,3,0.9857762037051383
76561198152578768,0,0.9824166297912598,3,0.9857762037051383
76561198067088974,0,0.6925637722015381,3,0.9857762037051383
76561198437186617,1,0.9955993890762329,3,0.9857762037051383
76561199202237960,0,0.004151274915784597,3,0.9857762037051383
76561199006993112,0,0.004541448783129454,3,0.9857762037051383
76561199087190232,0,0.2283550500869751,3,0.9857762037051383
76561198864740193,0,0.005690535064786673,3,0.9857762037051383
76561198378382600,0,0.5480154156684875,3,0.9857762037051383
76561199057775359,0,0.004761637654155493,3,0.9857762037051383
76561199064872857,0,0.6476925611495972,3,0.9857762037051383
76561198224529936,0,0.8754808306694031,3,0.9857762037051383
76561199384020672,0,0.004897368140518665,3,0.9857762037051383
76561198236622398,0,0.003687688149511814,3,0.9857762037051383
76561198208400349,1,0.9958659410476685,3,0.9857762037051383
76561198194060215,0,0.005230701994150877,3,0.9857762037051383
76561198846998094,0,0.06481698900461197,3,0.9857762037051383
76561198973948285,0,0.011163594201207161,3,0.9857762037051383
76561199080845724,0,0.01759474352002144,3,0.9857762037051383
76561198045420884,0,0.00728588318452239,3,0.9857762037051383
76561198080488841,0,0.005533031187951565,3,0.9857762037051383
76561198084423145,0,0.0042047565802931786,3,0.9857762037051383
76561198893552433,0,0.004368367604911327,3,0.9857762037051383
76561198178476495,0,0.0104344068095088,3,0.9857762037051383
76561198313259588,0,0.007409846410155296,3,0.9857762037051383
76561198128173900,1,0.9956374764442444,3,0.9857762037051383
76561199127921719,0,0.07331724464893341,3,0.9857762037051383
76561199141738083,0,0.029274417087435722,3,0.9857762037051383
76561198046952328,0,0.21945162117481232,3,0.9857762037051383
76561198043853062,0,0.02524184063076973,3,0.9857762037051383
76561198390885190,0,0.2059367299079895,3,0.9857762037051383
76561198146117218,0,0.004134392365813255,3,0.9857762037051383
76561199230122572,0,0.004510647151619196,3,0.9857762037051383
76561198302318860,0,0.9928606152534485,3,0.9857762037051383
76561198200214263,0,0.009972679428756237,3,0.9857762037051383
76561199262109916,0,0.020667584612965584,3,0.9857762037051383
76561198987738699,0,0.005807728040963411,3,0.9857762037051383
76561197971178904,0,0.10804834216833115,3,0.9857762037051383
76561198273964874,0,0.9892479777336121,3,0.9857762037051383
76561197971943859,1,0.8907549381256104,3,0.9857762037051383
76561199204842029,0,0.004533759783953428,3,0.9857762037051383
76561198255124412,0,0.011842452920973301,3,0.9857762037051383
76561198044197238,0,0.011973355896770954,3,0.9857762037051383
76561198293641264,0,0.004595787264406681,3,0.9857762037051383
76561198003714148,0,0.0050459434278309345,3,0.9857762037051383
76561199103948171,0,0.0041716923005878925,3,0.9857762037051383
76561198419694391,0,0.003452919190749526,3,0.9857762037051383
76561198012066120,0,0.00446415925398469,3,0.9857762037051383
76561199064412692,0,0.008580844849348068,3,0.9857762037051383
76561198100281643,0,0.016787143424153328,3,0.9857762037051383
76561199368961093,0,0.010445048101246357,3,0.9857762037051383
76561198029358469,0,0.011182253248989582,3,0.9857762037051383
76561199229025508,0,0.26508820056915283,3,0.9857762037051383
76561199046295907,1,0.9894168972969055,3,0.9857762037051383
76561197999838879,0,0.0038043279200792313,3,0.9857762037051383
76561198164225241,0,0.009419509209692478,3,0.9857762037051383
76561198309788840,0,0.04511546716094017,3,0.9857762037051383
76561199183696394,0,0.5217685699462891,3,0.9857762037051383
76561198350201072,0,0.004209283739328384,3,0.9857762037051383
76561198278956534,0,0.031654953956604004,3,0.9857762037051383
76561198169269977,0,0.004344242159277201,3,0.9857762037051383
76561199140851576,0,0.0038692953530699015,3,0.9857762037051383
76561198108407761,0,0.004521551541984081,3,0.9857762037051383
76561198953427737,0,0.0039790961891412735,3,0.9857762037051383
76561199043623621,0,0.004656462464481592,3,0.9857762037051383
76561198096448776,0,0.02555927447974682,3,0.9857762037051383
76561199108827362,0,0.03567500039935112,3,0.9857762037051383
76561198152007966,0,0.008800729177892208,3,0.9857762037051383
76561198126119688,0,0.9854399561882019,3,0.9857762037051383
76561199305596455,0,0.01126825250685215,3,0.9857762037051383
76561199268104576,0,0.13570956885814667,3,0.9857762037051383
76561198245052826,0,0.9943168759346008,3,0.9857762037051383
76561198883742898,0,0.9284796118736267,3,0.9857762037051383
76561197979947968,0,0.026564085856080055,3,0.9857762037051383
76561198830269775,0,0.006889089476317167,3,0.9857762037051383
76561199245433805,0,0.007108715828508139,3,0.9857762037051383
76561197981641518,0,0.013741817325353622,3,0.9857762037051383
76561198085215357,0,0.004132519941776991,3,0.9857762037051383
76561199129756149,1,0.942355751991272,3,0.9857762037051383
76561199230316131,0,0.838262140750885,3,0.9857762037051383
76561199277226648,0,0.9792357087135315,3,0.9857762037051383
76561198059263890,0,0.10616154968738556,3,0.9857762037051383
76561198810569110,0,0.41831645369529724,3,0.9857762037051383
76561198115682841,0,0.017283549532294273,3,0.9857762037051383
76561198025637878,1,0.9954230189323425,3,0.9857762037051383
76561198835462635,0,0.003858723444864154,3,0.9857762037051383
76561198014921590,0,0.020565880462527275,3,0.9857762037051383
76561198098816471,0,0.011371429078280926,3,0.9857762037051383
76561198031275207,0,0.01216251403093338,3,0.9857762037051383
76561198899881721,0,0.02442248910665512,3,0.9857762037051383
76561197961073307,0,0.0064336382783949375,3,0.9857762037051383
76561198100224742,0,0.01275553647428751,3,0.9857762037051383
76561198415741596,0,0.9875202178955078,3,0.9857762037051383
76561198168971795,1,0.975390613079071,3,0.9857762037051383
76561199009849415,0,0.06429463624954224,3,0.9857762037051383
76561198018794928,1,0.8860956430435181,3,0.9857762037051383
76561199002929270,0,0.9689921736717224,3,0.9857762037051383
76561198286354929,0,0.7803360819816589,3,0.9857762037051383
76561199136319788,0,0.04026978462934494,3,0.9857762037051383
76561198099269376,0,0.08517540991306305,3,0.9857762037051383
76561198100379449,0,0.5731869339942932,3,0.9857762037051383
76561198874339457,0,0.06854476779699326,3,0.9857762037051383
76561198009814958,0,0.7575574517250061,3,0.9857762037051383
76561198388285551,0,0.7769842743873596,3,0.9857762037051383
76561199350289103,0,0.011421347968280315,3,0.9857762037051383
76561199135990000,0,0.13240550458431244,3,0.9857762037051383
76561199381631286,0,0.2160577028989792,3,0.9857762037051383
76561199156993757,0,0.004602943081408739,3,0.9857762037051383
76561199110745755,0,0.011245355941355228,3,0.9857762037051383
76561198829005177,0,0.0048934235237538815,3,0.9857762037051383
76561198034017570,0,0.8476513028144836,3,0.9857762037051383
76561199086718362,0,0.0037713858764618635,3,0.9857762037051383
76561199151712201,0,0.0052292258478701115,3,0.9857762037051383
76561199038847656,0,0.029606476426124573,3,0.9857762037051383
76561199052078788,0,0.003968206234276295,3,0.9857762037051383
76561198799355944,0,0.2826865017414093,3,0.9857762037051383
76561199100871923,1,0.995698094367981,3,0.9857762037051383
76561198009478015,0,0.48104092478752136,3,0.9857762037051383
76561198105244257,0,0.0036889114417135715,3,0.9857762037051383
76561199503263339,0,0.06050363928079605,3,0.9857762037051383
76561198325775310,0,0.0038692953530699015,3,0.9857762037051383
76561198179775733,0,0.007845915853977203,3,0.9857762037051383
76561198141530512,0,0.0037154778838157654,3,0.9857762037051383
76561198214359276,0,0.3908713161945343,3,0.9857762037051383
76561198092333083,1,0.9908496141433716,3,0.9857762037051383
76561198167188503,0,0.010182433761656284,3,0.9857762037051383
76561198010902158,0,0.020457571372389793,3,0.9857762037051383
76561199083418796,0,0.8068058490753174,3,0.9857762037051383
76561199483545426,0,0.14586620032787323,3,0.9857762037051383
76561198348780250,0,0.0054650697857141495,3,0.9857762037051383
76561197970377978,0,0.9805600643157959,3,0.9857762037051383
76561199136622179,0,0.004721321631222963,3,0.9857762037051383
76561198106905077,0,0.035082388669252396,3,0.9857762037051383
76561199068500097,0,0.10152439773082733,3,0.9857762037051383
76561199081661026,0,0.12648466229438782,3,0.9857762037051383
76561199544333541,0,0.004048723261803389,3,0.9857762037051383
76561199213102827,0,0.003995229955762625,3,0.9857762037051383
76561198174388991,0,0.009281832724809647,3,0.9857762037051383
76561198821747012,0,0.0041716923005878925,3,0.9857762037051383
76561198102262755,0,0.008769902400672436,3,0.9857762037051383
76561199229584590,0,0.5469139218330383,3,0.9857762037051383
76561198945524652,0,0.006392153911292553,3,0.9857762037051383
76561198065142932,0,0.007658571936190128,3,0.9857762037051383
76561198106971275,1,0.994143545627594,3,0.9857762037051383
76561198052272784,0,0.009149499237537384,3,0.9857762037051383
76561197971893870,0,0.007468719035387039,3,0.9857762037051383
76561197979434516,0,0.004111729096621275,3,0.9857762037051383
76561198844119945,0,0.005664265714585781,3,0.9857762037051383
76561199786821603,0,0.01531427726149559,3,0.9857762037051383
76561198073106769,0,0.0033011012710630894,3,0.9857762037051383
76561199104139560,0,0.006287321448326111,3,0.9857762037051383
76561197971962517,0,0.017827052623033524,3,0.9857762037051383
76561198120398012,0,0.025448966771364212,3,0.9857762037051383
76561199123273270,0,0.00912658590823412,3,0.9857762037051383
76561199013177413,0,0.012039659544825554,3,0.9857762037051383
76561198309901805,0,0.08237747848033905,3,0.9857762037051383
76561198861033090,0,0.0034711670596152544,3,0.9857762037051383
76561198069444800,0,0.004312740173190832,3,0.9857762037051383
76561198021834206,0,0.003973645623773336,3,0.9857762037051383
76561199075291673,0,0.5756352543830872,3,0.9857762037051383
76561198389212446,0,0.004162580240517855,3,0.9857762037051383
76561198052158120,0,0.005203430540859699,3,0.9857762037051383
76561199820998313,0,0.00540035218000412,3,0.9857762037051383
76561198816014696,0,0.042135026305913925,3,0.9857762037051383
76561197981720052,0,0.0059446776285767555,3,0.9857762037051383
76561198307120171,0,0.003819153644144535,3,0.9857762037051383
76561199676353147,0,0.03446929529309273,3,0.9857762037051383
76561198990597899,0,0.008480141870677471,3,0.9857762037051383
76561199011963065,0,0.0062096877954900265,3,0.9857762037051383
76561198268041567,0,0.043418608605861664,3,0.9857762037051383
76561199225396236,0,0.012079539708793163,3,0.9857762037051383
76561198014574763,1,0.9694780707359314,3,0.9857762037051383
76561198049631404,0,0.7551003098487854,3,0.9857762037051383
76561199089274829,0,0.04816336929798126,3,0.9857762037051383
76561199069865276,0,0.04228032007813454,3,0.9857762037051383
76561198039558643,0,0.09830176085233688,3,0.9857762037051383
76561198835494602,0,0.392081618309021,3,0.9857762037051383
76561199156626206,0,0.9662282466888428,3,0.9857762037051383
76561199218188172,0,0.003965824842453003,3,0.9857762037051383
76561199198762943,0,0.4787892997264862,3,0.9857762037051383
76561199099084267,0,0.908653974533081,3,0.9857762037051383
76561198965896850,0,0.33720672130584717,3,0.9857762037051383
76561198172831847,0,0.28935807943344116,3,0.9857762037051383
76561198083183081,0,0.13871996104717255,3,0.9857762037051383
76561199690066900,0,0.029278645291924477,3,0.9857762037051383
76561199523369094,0,0.1412554681301117,3,0.9857762037051383
76561199101467760,0,0.0041716923005878925,3,0.9857762037051383
76561199643465741,0,0.015776347368955612,3,0.9857762037051383
76561198053196535,0,0.003819959005340934,3,0.9857762037051383
76561199062160643,0,0.9911166429519653,3,0.9857762037051383
76561197974616086,0,0.012689180672168732,3,0.9857762037051383
76561198041959042,0,0.015211392194032669,3,0.9857762037051383
76561198259296324,0,0.11774422973394394,3,0.9857762037051383
76561198280752115,1,0.995995044708252,3,0.9857762037051383
76561199005934665,0,0.5512060523033142,3,0.9857762037051383
76561198046195005,0,0.008628125302493572,3,0.9857762037051383
76561199155998862,0,0.018140826374292374,3,0.9857762037051383
76561198046392875,0,0.005405290052294731,3,0.9857762037051383
76561198115718708,0,0.48825037479400635,3,0.9857762037051383
76561199044842049,0,0.4841919243335724,3,0.9857762037051383
76561198076686285,0,0.9899150133132935,3,0.9857762037051383
76561197973999066,0,0.18760724365711212,3,0.9857762037051383
76561198025161758,0,0.010808889754116535,3,0.9857762037051383
76561198393183841,0,0.01034975703805685,3,0.9857762037051383
76561198981059855,0,0.944575309753418,3,0.9857762037051383
76561199131402074,0,0.9565935730934143,3,0.9857762037051383
76561198016100042,0,0.01166227925568819,3,0.9857762037051383
76561199194304786,0,0.5674509406089783,3,0.9857762037051383
76561198136273317,0,0.01965450495481491,3,0.9857762037051383
76561198080917954,0,0.010630727745592594,3,0.9857762037051383
76561198006233160,0,0.004335023928433657,3,0.9857762037051383
76561198117596414,0,0.004406854510307312,3,0.9857762037051383
76561199762532765,0,0.9921934008598328,3,0.9857762037051383
76561198147771137,0,0.9054853916168213,3,0.9857762037051383
76561197980523021,0,0.022151805460453033,3,0.9857762037051383
76561199684720021,0,0.010979194194078445,3,0.9857762037051383
76561197961012852,0,0.32631543278694153,3,0.9857762037051383
76561198407747734,0,0.0036834701895713806,3,0.9857762037051383
76561199208727461,0,0.009396064095199108,3,0.9857762037051383
76561199403852337,0,0.5083836913108826,3,0.9857762037051383
76561199095174513,0,0.006287321448326111,3,0.9857762037051383
76561199760586430,0,0.007367987651377916,3,0.9857762037051383
76561199216596804,0,0.6487820744514465,3,0.9857762037051383
76561199234040748,0,0.006287321448326111,3,0.9857762037051383
76561199169367599,0,0.022365162149071693,3,0.9857762037051383
76561199011521960,0,0.005106628872454166,3,0.9857762037051383
76561199204264663,0,0.006458132527768612,3,0.9857762037051383
76561199122544480,0,0.003932350780814886,3,0.9857762037051383
76561199063478043,0,0.26563653349876404,3,0.9857762037051383
76561198188324749,0,0.02449437789618969,3,0.9857762037051383
76561197995951213,0,0.15205822885036469,3,0.9857762037051383
76561198022147650,0,0.004295566119253635,3,0.9857762037051383
76561198137918663,0,0.006256982684135437,3,0.9857762037051383
76561198400405723,0,0.00459910836070776,3,0.9857762037051383
76561198351223198,0,0.006384777370840311,3,0.9857762037051383
76561199489978148,0,0.05132421478629112,3,0.9857762037051383
76561197990856045,0,0.08315149694681168,3,0.9857762037051383
76561199244595317,0,0.006695127580314875,3,0.9857762037051383
76561199105863525,1,0.9924972057342529,3,0.9857762037051383
76561197962970520,0,0.012318276800215244,3,0.9857762037051383
76561199071489908,0,0.004763215780258179,3,0.9857762037051383
76561198334240849,0,0.02642631158232689,3,0.9857762037051383
76561199032184778,0,0.0041459109634160995,3,0.9857762037051383
76561198105582106,0,0.3969345688819885,3,0.9857762037051383
76561198282640936,0,0.034494221210479736,3,0.9857762037051383
76561198016892349,0,0.01093866303563118,3,0.9857762037051383
76561199259994464,0,0.003518361132591963,3,0.9857762037051383
76561198343180168,0,0.07205281406641006,3,0.9857762037051383
76561199057214275,0,0.007815378718078136,3,0.9857762037051383
76561198095364502,0,0.09233961254358292,3,0.9857762037051383
76561198314013772,0,0.010142822749912739,3,0.9857762037051383
76561198262279120,0,0.004510647151619196,3,0.9857762037051383
76561199094064996,0,0.00440489687025547,3,0.9857762037051383
76561198020963095,0,0.004047485068440437,3,0.9857762037051383
76561198127979950,0,0.003832403337582946,3,0.9857762037051383
76561199014715639,0,0.026029162108898163,3,0.9857762037051383
76561199072734352,0,0.007409846410155296,3,0.9857762037051383
76561198286160154,0,0.0035142009146511555,3,0.9857762037051383
76561198994668053,0,0.0034711670596152544,3,0.9857762037051383
76561198374965845,0,0.006534458603709936,3,0.9857762037051383
76561198133022046,0,0.003365935990586877,3,0.9857762037051383
76561198111839404,0,0.004968172870576382,3,0.9857762037051383
76561198064501106,0,0.12036135047674179,3,0.9857762037051383
76561199002268584,0,0.009918355382978916,3,0.9857762037051383
76561198438885299,0,0.9717311263084412,3,0.9857762037051383
76561198993849826,0,0.006889089476317167,3,0.9857762037051383
76561198085032346,0,0.003466301364824176,3,0.9857762037051383
76561199052460306,0,0.003720482112839818,3,0.9857762037051383
76561198007930591,0,0.18906135857105255,3,0.9857762037051383
76561198087321912,0,0.030398426577448845,3,0.9857762037051383
76561198063239245,0,0.39003244042396545,3,0.9857762037051383
76561198070689957,0,0.004409306682646275,3,0.9857762037051383
76561197966676572,0,0.18082349002361298,3,0.9857762037051383
76561198166081111,0,0.004102339968085289,3,0.9857762037051383
76561198365031344,0,0.023196373134851456,3,0.9857762037051383
76561199186032843,0,0.012582756578922272,3,0.9857762037051383
76561198002599719,0,0.05816350877285004,3,0.9857762037051383
76561198417111069,0,0.8862395882606506,3,0.9857762037051383
76561198240411298,0,0.0041602859273552895,3,0.9857762037051383
76561199208785205,0,0.9787311553955078,3,0.9857762037051383
76561199073930175,1,0.9926404356956482,3,0.9857762037051383
76561199384581358,0,0.008556521497666836,3,0.9857762037051383
76561198431632877,0,0.014376023784279823,3,0.9857762037051383
76561197969784159,0,0.43765923380851746,3,0.9857762037051383
76561197994865490,0,0.9841798543930054,3,0.9857762037051383
76561198133207512,0,0.8020159602165222,3,0.9857762037051383
76561197988827562,0,0.0036115816328674555,3,0.9857762037051383
76561199177793574,0,0.15935149788856506,3,0.9857762037051383
76561198832921215,0,0.003912947606295347,3,0.9857762037051383
76561198037893898,0,0.7594248056411743,3,0.9857762037051383
76561198876115876,0,0.6768732666969299,3,0.9857762037051383
76561198818475403,0,0.015544094145298004,3,0.9857762037051383
76561198161662535,0,0.006466806400567293,3,0.9857762037051383
76561198889877474,0,0.9839639067649841,3,0.9857762037051383
76561198058226086,0,0.35328012704849243,3,0.9857762037051383
76561198234213612,0,0.00486132875084877,3,0.9857762037051383
76561198452192903,0,0.007637401577085257,3,0.9857762037051383
76561198030328630,0,0.015370551496744156,3,0.9857762037051383
76561198968962608,0,0.0038806223310530186,3,0.9857762037051383
76561198166973816,0,0.004476175643503666,3,0.9857762037051383
76561198851957093,0,0.009805390611290932,3,0.9857762037051383
76561198123832446,0,0.047916557639837265,3,0.9857762037051383
76561198372229529,0,0.004568556789308786,3,0.9857762037051383
76561199057241029,0,0.006820575799793005,3,0.9857762037051383
76561199482274924,0,0.022427614778280258,3,0.9857762037051383
76561199509828609,0,0.020663293078541756,3,0.9857762037051383
76561198902253624,0,0.004048723261803389,3,0.9857762037051383
76561198210222049,0,0.27950620651245117,3,0.9857762037051383
76561199088058547,0,0.9957395792007446,3,0.9857762037051383
76561199474036387,0,0.05417194962501526,3,0.9857762037051383
76561198204657073,0,0.8834514021873474,3,0.9857762037051383
76561198801770501,0,0.016295023262500763,3,0.9857762037051383
76561198152925623,0,0.004618073347955942,3,0.9857762037051383
76561198272090716,0,0.9861990213394165,3,0.9857762037051383
76561198067844200,0,0.012097308412194252,3,0.9857762037051383
76561198269176839,0,0.031023800373077393,3,0.9857762037051383
76561198272863781,0,0.004187450278550386,3,0.9857762037051383
76561198387648355,1,0.9954944849014282,3,0.9857762037051383
76561199237294211,0,0.993111252784729,3,0.9857762037051383
76561198883757196,0,0.010327372699975967,3,0.9857762037051383
76561198086305457,0,0.005781481973826885,3,0.9857762037051383
76561198428755113,0,0.3462776243686676,3,0.9857762037051383
76561198071984841,0,0.0034763305447995663,3,0.9857762037051383
76561198401781936,0,0.005548469722270966,3,0.9857762037051383
76561198340666722,0,0.004805087111890316,3,0.9857762037051383
76561198378302617,0,0.004122821148484945,3,0.9857762037051383
76561198236116830,0,0.004925482906401157,3,0.9857762037051383
76561199532480599,0,0.004873266909271479,3,0.9857762037051383
76561198171852451,0,0.010524974204599857,3,0.9857762037051383
76561198079509241,0,0.003788094501942396,3,0.9857762037051383
76561198438330205,0,0.019870322197675705,3,0.9857762037051383
76561199474104909,0,0.007103271782398224,3,0.9857762037051383
76561199066841119,0,0.02399471588432789,3,0.9857762037051383
76561198295802204,0,0.006308413576334715,3,0.9857762037051383
76561198202709359,0,0.0039316206239163876,3,0.9857762037051383
76561198846018972,0,0.9149869084358215,3,0.9857762037051383
76561198433234557,0,0.12860946357250214,3,0.9857762037051383
76561198193986302,0,0.7146456837654114,3,0.9857762037051383
76561198050598476,0,0.003907023463398218,3,0.9857762037051383
76561198956404922,0,0.9911795258522034,3,0.9857762037051383
76561198068383871,0,0.5123109221458435,3,0.9857762037051383
76561198281430684,0,0.0064848619513213634,3,0.9857762037051383
76561198048698694,0,0.01413184404373169,3,0.9857762037051383
76561198160377981,0,0.29708269238471985,3,0.9857762037051383
76561198433009673,0,0.0038115198258310556,3,0.9857762037051383
76561198140200510,0,0.004036436323076487,3,0.9857762037051383
76561198208646653,0,0.27081918716430664,3,0.9857762037051383
76561199220924273,0,0.00855415128171444,3,0.9857762037051383
76561198133875316,0,0.13144074380397797,3,0.9857762037051383
76561199169066986,0,0.00534879369661212,3,0.9857762037051383
76561197963936370,0,0.409570574760437,3,0.9857762037051383
76561198054285930,0,0.26691338419914246,3,0.9857762037051383
76561198799127800,0,0.0033011012710630894,3,0.9857762037051383
76561198845082524,0,0.0053544845432043076,3,0.9857762037051383
76561198995957040,0,0.03739180415868759,3,0.9857762037051383
76561198090090529,0,0.006659792270511389,3,0.9857762037051383
76561198337926946,0,0.005752845201641321,3,0.9857762037051383
76561199068366398,0,0.1428084522485733,3,0.9857762037051383
76561198852704729,0,0.5405877232551575,3,0.9857762037051383
76561198118799803,0,0.3054817318916321,3,0.9857762037051383
76561198404067640,0,0.12015331536531448,3,0.9857762037051383
76561198044266177,0,0.6829847097396851,3,0.9857762037051383
76561198183836270,0,0.09922927618026733,3,0.9857762037051383
76561198066579232,0,0.018300779163837433,3,0.9857762037051383
76561198023745319,0,0.6559547185897827,3,0.9857762037051383
76561199559754715,0,0.028662875294685364,3,0.9857762037051383
76561199119464992,1,0.9891406297683716,3,0.9857762037051383
76561199042133037,0,0.010595683008432388,3,0.9857762037051383
76561198061529549,0,0.9950816631317139,3,0.9857762037051383
76561198116434286,0,0.005049506668001413,3,0.9857762037051383
76561198154057247,0,0.005024400074034929,3,0.9857762037051383
76561199021935458,0,0.0034763305447995663,3,0.9857762037051383
76561197972235524,0,0.0037273496855050325,3,0.9857762037051383
76561198084043792,0,0.05498644337058067,3,0.9857762037051383
76561198331317433,0,0.08971501141786575,3,0.9857762037051383
76561198019241581,0,0.020575588569045067,3,0.9857762037051383
76561199118620397,0,0.05639668554067612,3,0.9857762037051383
76561198127706206,0,0.8445900678634644,3,0.9857762037051383
76561199137960009,0,0.007222588174045086,3,0.9857762037051383
76561198009388632,0,0.009111105464398861,3,0.9857762037051383
76561198286903671,0,0.004078986588865519,3,0.9857762037051383
76561198307721239,0,0.19634824991226196,3,0.9857762037051383
76561198059678742,0,0.03044762834906578,3,0.9857762037051383
76561198819762097,0,0.8645120859146118,3,0.9857762037051383
76561198111851516,0,0.005941108800470829,3,0.9857762037051383
76561198170829570,1,0.6312816143035889,3,0.9857762037051383
76561197985387475,0,0.02201209031045437,3,0.9857762037051383
76561199023894622,0,0.5620396137237549,3,0.9857762037051383
76561198043551669,0,0.01476495061069727,3,0.9857762037051383
76561198372680263,0,0.0033011012710630894,3,0.9857762037051383
76561199244923637,0,0.23466727137565613,3,0.9857762037051383
76561199007208435,0,0.8006986975669861,3,0.9857762037051383
76561198171719455,0,0.0038692899979650974,3,0.9857762037051383
76561198060089222,0,0.003995085135102272,3,0.9857762037051383
76561198272904827,0,0.01722971722483635,3,0.9857762037051383
76561198252064340,0,0.0311043169349432,3,0.9857762037051383
76561199104072372,0,0.006086890585720539,3,0.9857762037051383
76561198251775084,0,0.008200482465326786,3,0.9857762037051383
76561198431145201,0,0.6359397768974304,3,0.9857762037051383
76561199216080814,1,0.43755143880844116,3,0.9857762037051383
76561198992478346,0,0.1260364055633545,3,0.9857762037051383
76561199129426318,0,0.039132922887802124,3,0.9857762037051383
76561198805881858,0,0.07460770010948181,3,0.9857762037051383
76561198970868558,0,0.017560916021466255,3,0.9857762037051383
76561198979988466,0,0.006672131363302469,3,0.9857762037051383
76561199640647266,0,0.0033011012710630894,3,0.9857762037051383
76561198374655527,0,0.9795927405357361,3,0.9857762037051383
76561199047013646,0,0.21356293559074402,3,0.9857762037051383
76561197990581923,0,0.02869662456214428,3,0.9857762037051383
76561197994191796,0,0.005261663347482681,3,0.9857762037051383
76561199086213519,0,0.0033638090826570988,3,0.9857762037051383
76561198063866193,0,0.005135740619152784,3,0.9857762037051383
76561199208229258,0,0.005126135889440775,3,0.9857762037051383
76561199655740746,0,0.0038278207648545504,3,0.9857762037051383
76561198405568976,0,0.08518543839454651,3,0.9857762037051383
76561199077403403,0,0.9760615825653076,3,0.9857762037051383
76561198149753855,0,0.0037102692294865847,3,0.9857762037051383
76561199443690689,0,0.021197054535150528,3,0.9857762037051383
76561198198608382,0,0.003855462186038494,3,0.9857762037051383
76561199076524666,0,0.032935623079538345,3,0.9857762037051383
76561198954470490,0,0.003961788956075907,3,0.9857762037051383
76561199238063604,0,0.012384602800011635,3,0.9857762037051383
76561198133654721,0,0.0035513259936124086,3,0.9857762037051383
76561198823668642,0,0.00463655311614275,3,0.9857762037051383
76561198009626643,0,0.008833162486553192,3,0.9857762037051383
76561198095856597,0,0.004211378749459982,3,0.9857762037051383
76561198802766329,0,0.008853370323777199,3,0.9857762037051383
76561198261585272,0,0.0033011012710630894,3,0.9857762037051383
76561198275548790,0,0.017091302201151848,3,0.9857762037051383
76561198873596876,1,0.9927103519439697,3,0.9857762037051383
76561198067156942,0,0.01821340061724186,3,0.9857762037051383
76561198928588969,0,0.003741083899512887,3,0.9857762037051383
76561198083574757,0,0.0048395912162959576,3,0.9857762037051383
76561199405349248,0,0.4003525972366333,3,0.9857762037051383
76561198185535189,0,0.005620830692350864,3,0.9857762037051383
76561198870207948,0,0.14251162111759186,3,0.9857762037051383
76561197989341263,0,0.004630350973457098,3,0.9857762037051383
76561197999604455,0,0.0041949013248085976,3,0.9857762037051383
76561198257788149,0,0.42983385920524597,3,0.9857762037051383
76561198079529642,0,0.004510647151619196,3,0.9857762037051383
76561199111881565,0,0.020869383588433266,3,0.9857762037051383
76561198039411487,0,0.00484136026352644,3,0.9857762037051383
76561197979099756,0,0.987800121307373,3,0.9857762037051383
76561198007336425,0,0.6280521154403687,3,0.9857762037051383
76561198405421968,0,0.012861022725701332,3,0.9857762037051383
76561197969559843,0,0.17562910914421082,3,0.9857762037051383
76561198210612467,0,0.004070166498422623,3,0.9857762037051383
76561198020628577,0,0.5876708030700684,3,0.9857762037051383
76561199642741198,0,0.00719921849668026,3,0.9857762037051383
76561198097362998,0,0.01066373847424984,3,0.9857762037051383
76561199707005481,0,0.004276791121810675,3,0.9857762037051383
76561199645456569,0,0.0038768290542066097,3,0.9857762037051383
76561198353267710,0,0.009257904253900051,3,0.9857762037051383
76561197981447183,0,0.013814125210046768,3,0.9857762037051383
76561198812631929,0,0.12296560406684875,3,0.9857762037051383
76561198887645723,0,0.906868040561676,3,0.9857762037051383
76561199229137351,0,0.008185586892068386,3,0.9857762037051383
76561199569700509,0,0.008531821891665459,3,0.9857762037051383
76561198172551351,0,0.3846120834350586,3,0.9857762037051383
76561198048109808,0,0.014948420226573944,3,0.9857762037051383
76561198076911174,0,0.00688042351976037,3,0.9857762037051383
76561198171054206,0,0.8095648288726807,3,0.9857762037051383
76561198080773060,0,0.026413531973958015,3,0.9857762037051383
76561197967377658,0,0.08455114811658859,3,0.9857762037051383
76561198015983358,0,0.2830405533313751,3,0.9857762037051383
76561197991166401,0,0.9084322452545166,3,0.9857762037051383
76561198017331370,0,0.05704142153263092,3,0.9857762037051383
76561199059101987,0,0.05974395573139191,3,0.9857762037051383
76561198287376505,0,0.4182778000831604,3,0.9857762037051383
76561198008118769,0,0.7743160128593445,3,0.9857762037051383
76561198338473070,0,0.9913262724876404,3,0.9857762037051383
76561198146392283,0,0.020260408520698547,3,0.9857762037051383
76561198120837912,0,0.04253341630101204,3,0.9857762037051383
76561199115654312,0,0.012305272743105888,3,0.9857762037051383
76561198964147051,0,0.005952257197350264,3,0.9857762037051383
76561198311722149,0,0.9872534871101379,3,0.9857762037051383
76561198360239085,0,0.010320634581148624,3,0.9857762037051383
76561198122612955,0,0.7862880825996399,3,0.9857762037051383
76561198873676102,0,0.013010848313570023,3,0.9857762037051383
76561198020761860,0,0.04622117802500725,3,0.9857762037051383
76561198262018429,0,0.012413340620696545,3,0.9857762037051383
76561198839185547,0,0.006889089476317167,3,0.9857762037051383
76561198024994292,0,0.003757562255486846,3,0.9857762037051383
76561198045855600,0,0.007674636319279671,3,0.9857762037051383
76561198010700427,0,0.40768492221832275,3,0.9857762037051383
76561198076140712,0,0.004985327832400799,3,0.9857762037051383
76561198059710369,0,0.003926154691725969,3,0.9857762037051383
76561198315508698,0,0.004011196084320545,3,0.9857762037051383
76561198112603541,0,0.003479941748082638,3,0.9857762037051383
76561197998915446,0,0.024078095331788063,3,0.9857762037051383
76561198835665331,0,0.07339431345462799,3,0.9857762037051383
76561198042674696,0,0.960231602191925,3,0.9857762037051383
76561198119168991,0,0.0047461953945457935,3,0.9857762037051383
76561198057483239,0,0.18762840330600739,3,0.9857762037051383
76561198101358521,0,0.007600173819810152,3,0.9857762037051383
76561198204217517,0,0.05042809247970581,3,0.9857762037051383
76561198054350390,0,0.004572535399347544,3,0.9857762037051383
76561199667154092,0,0.0036066158208996058,3,0.9857762037051383
76561199396922967,0,0.003719163592904806,3,0.9857762037051383
76561198870317987,0,0.031185977160930634,3,0.9857762037051383
76561199092868807,0,0.04624796658754349,3,0.9857762037051383
76561198170094121,0,0.006075443234294653,3,0.9857762037051383
76561198372744229,0,0.006034165620803833,3,0.9857762037051383
76561198066593047,0,0.9948179125785828,3,0.9857762037051383
76561199139506292,0,0.8571168780326843,3,0.9857762037051383
76561197962043558,0,0.004885220434516668,3,0.9857762037051383
76561198801545886,0,0.017167581245303154,3,0.9857762037051383
76561199129620000,0,0.4413149952888489,3,0.9857762037051383
76561199152130281,0,0.009752364829182625,3,0.9857762037051383
76561198334976436,0,0.04201611503958702,3,0.9857762037051383
76561199174907942,0,0.06198998540639877,3,0.9857762037051383
76561198137199317,0,0.0039122700691223145,3,0.9857762037051383
76561198173702881,0,0.04474212974309921,3,0.9857762037051383
76561198079739863,0,0.00811953004449606,3,0.9857762037051383
76561198223597336,0,0.0041716923005878925,3,0.9857762037051383
76561198864256114,0,0.01162401121109724,3,0.9857762037051383
76561198070303362,0,0.03178393468260765,3,0.9857762037051383
76561198038587542,0,0.012561097741127014,3,0.9857762037051383
76561198071323837,0,0.0048331101424992085,3,0.9857762037051383
76561198201394390,0,0.9854723811149597,3,0.9857762037051383
76561199187247961,1,0.9942983984947205,3,0.9857762037051383
76561198059250073,0,0.012085466645658016,3,0.9857762037051383
76561198384287537,0,0.006361683364957571,3,0.9857762037051383
76561198090426688,0,0.004341371823102236,3,0.9857762037051383
76561198062131697,0,0.007574201561510563,3,0.9857762037051383
76561198071955174,0,0.003452919190749526,3,0.9857762037051383
76561199395173349,0,0.014284715056419373,3,0.9857762037051383
76561197996080091,0,0.006121046841144562,3,0.9857762037051383
76561199028851217,0,0.0416804701089859,3,0.9857762037051383
76561199540462678,0,0.013867652043700218,3,0.9857762037051383
76561198378156207,0,0.004501571413129568,3,0.9857762037051383
76561198317250304,0,0.018066467717289925,3,0.9857762037051383
76561198155357462,0,0.0038884824607521296,3,0.9857762037051383
76561198125938217,0,0.003452919190749526,3,0.9857762037051383
76561197987445881,0,0.01194534171372652,3,0.9857762037051383
76561198083314513,0,0.02790960855782032,3,0.9857762037051383
76561199084627826,0,0.004510647151619196,3,0.9857762037051383
76561199588889436,0,0.0037461125757545233,3,0.9857762037051383
76561199545699325,0,0.0033011012710630894,3,0.9857762037051383
76561198000684785,0,0.004228882025927305,3,0.9857762037051383
76561198254325029,0,0.9894688129425049,3,0.9857762037051383
76561199192310086,1,0.9954180717468262,3,0.9857762037051383
76561198807433015,0,0.0033011012710630894,3,0.9857762037051383
76561198163803818,0,0.195587158203125,3,0.9857762037051383
76561198859834499,0,0.015977028757333755,3,0.9857762037051383
76561199194799000,0,0.7690867781639099,3,0.9857762037051383
76561199224176191,0,0.003451029770076275,3,0.9857762037051383
76561198215884115,1,0.9625973105430603,3,0.9857762037051383
76561198052993264,0,0.4745936393737793,3,0.9857762037051383
76561199101453921,1,0.8750851154327393,3,0.9857762037051383
76561198056731648,0,0.5686790347099304,3,0.9857762037051383
76561199222700170,0,0.004864637274295092,3,0.9857762037051383
76561198273826039,0,0.6381950378417969,3,0.9857762037051383
76561198015751138,0,0.007081096991896629,3,0.9857762037051383
76561198165604013,0,0.039602864533662796,3,0.9857762037051383
76561199194001560,0,0.003511693561449647,3,0.9857762037051383
76561198023899327,0,0.9354070425033569,3,0.9857762037051383
76561199065557438,0,0.0856219232082367,3,0.9857762037051383
76561198211103279,1,0.9908161163330078,3,0.9857762037051383
76561198142331422,0,0.08249655365943909,3,0.9857762037051383
76561198797133082,0,0.007685654330998659,3,0.9857762037051383
76561199636321620,0,0.007871163077652454,3,0.9857762037051383
76561197988407195,0,0.9839019179344177,3,0.9857762037051383
76561198881095465,0,0.009005764499306679,3,0.9857762037051383
76561198121192167,0,0.0035201667342334986,3,0.9857762037051383
76561199231542021,0,0.3598509132862091,3,0.9857762037051383
76561199050870946,0,0.005338238086551428,3,0.9857762037051383
76561198291299504,0,0.005201893392950296,3,0.9857762037051383
76561198113020603,0,0.0055556646548211575,3,0.9857762037051383
76561198129362546,0,0.008473953232169151,3,0.9857762037051383
76561198997958036,1,0.9957329630851746,3,0.9857762037051383
76561198144741041,0,0.02747100219130516,3,0.9857762037051383
76561199004021174,0,0.004827458411455154,3,0.9857762037051383
76561199545146440,0,0.0036907484754920006,3,0.9857762037051383
76561198086527220,0,0.04354273900389671,3,0.9857762037051383
76561198092362282,0,0.8022721409797668,3,0.9857762037051383
76561199493631975,0,0.01975281722843647,3,0.9857762037051383
76561199060200720,0,0.0033011012710630894,3,0.9857762037051383
76561198133969071,0,0.007103271782398224,3,0.9857762037051383
76561198203745743,0,0.004100525286048651,3,0.9857762037051383
76561198846472210,0,0.004184051416814327,3,0.9857762037051383
76561198996353702,0,0.20352986454963684,3,0.9857762037051383
76561198821822868,0,0.025264762341976166,3,0.9857762037051383
76561198049918875,0,0.06792841851711273,3,0.9857762037051383
76561198337652226,0,0.598677933216095,3,0.9857762037051383
76561198395689386,0,0.003458811901509762,3,0.9857762037051383
76561198272094977,0,0.019956495612859726,3,0.9857762037051383
76561198025855744,0,0.672295331954956,3,0.9857762037051383
76561199076045155,0,0.003837419906631112,3,0.9857762037051383
76561199520451133,0,0.0037771265488117933,3,0.9857762037051383
76561198280673275,0,0.003776699770241976,3,0.9857762037051383
76561199145383182,0,0.0233860295265913,3,0.9857762037051383
76561199481429155,0,0.07827116549015045,3,0.9857762037051383
76561198313941584,0,0.33153027296066284,3,0.9857762037051383
76561199210915669,0,0.015497150830924511,3,0.9857762037051383
76561199069555454,0,0.04064207524061203,3,0.9857762037051383
76561198117885366,0,0.9276413917541504,3,0.9857762037051383
76561198097902324,0,0.005916927475482225,3,0.9857762037051383
76561197991500445,0,0.01544814184308052,3,0.9857762037051383
76561198097156337,0,0.004708258435130119,3,0.9857762037051383
76561199118350819,0,0.0034522635396569967,3,0.9857762037051383
76561199017473101,0,0.016625726595520973,3,0.9857762037051383
76561199000490137,0,0.016950273886322975,3,0.9857762037051383
76561199120153225,0,0.004048723261803389,3,0.9857762037051383
76561199488763329,0,0.020559372380375862,3,0.9857762037051383
76561198304940376,0,0.46801841259002686,3,0.9857762037051383
76561198351567570,0,0.0035879386123269796,3,0.9857762037051383
76561198106832111,0,0.008664444088935852,3,0.9857762037051383
76561198230292956,0,0.005806367844343185,3,0.9857762037051383
76561198329466854,0,0.12611088156700134,3,0.9857762037051383
76561198075806328,0,0.010215393267571926,3,0.9857762037051383
76561198159928084,0,0.008311311714351177,3,0.9857762037051383
76561199177170552,0,0.028279853984713554,3,0.9857762037051383
76561198118311625,0,0.9897021055221558,3,0.9857762037051383
76561198429497454,0,0.006614220328629017,3,0.9857762037051383
76561198825919310,0,0.004523660056293011,3,0.9857762037051383
76561199129090470,0,0.04756840690970421,3,0.9857762037051383
76561199123168744,0,0.004537178203463554,3,0.9857762037051383
76561199143184290,0,0.005717247724533081,3,0.9857762037051383
76561199194826826,0,0.008915023878216743,3,0.9857762037051383
76561199094489286,0,0.008898948319256306,3,0.9857762037051383
76561198078198580,0,0.004425233695656061,3,0.9857762037051383
76561199130907414,0,0.011532606557011604,3,0.9857762037051383
76561198291249319,0,0.0034711670596152544,3,0.9857762037051383
76561198833464735,0,0.00850662775337696,3,0.9857762037051383
76561198071120794,0,0.04436342045664787,3,0.9857762037051383
76561198927584698,0,0.21440118551254272,3,0.9857762037051383
76561199100908770,0,0.00401261355727911,3,0.9857762037051383
76561199731906102,0,0.026029162108898163,3,0.9857762037051383
76561198044001202,0,0.021377315744757652,3,0.9857762037051383
76561198021332228,0,0.012348680756986141,3,0.9857762037051383
76561199081207118,0,0.01353498175740242,3,0.9857762037051383
76561198881704973,0,0.00586652010679245,3,0.9857762037051383
76561198063154560,0,0.04390677809715271,3,0.9857762037051383
76561199543159600,0,0.004520491696894169,3,0.9857762037051383
76561198312152759,0,0.01880946010351181,3,0.9857762037051383
76561198075908692,0,0.008366101421415806,3,0.9857762037051383
76561199338445746,0,0.0033011012710630894,3,0.9857762037051383
76561199437608310,0,0.015114436857402325,3,0.9857762037051383
76561198814379108,0,0.019928347319364548,3,0.9857762037051383
76561198849107381,0,0.020474137738347054,3,0.9857762037051383
76561198066658379,0,0.14802025258541107,3,0.9857762037051383
76561198017336509,0,0.005290836561471224,3,0.9857762037051383
76561198995184133,0,0.004273139405995607,3,0.9857762037051383
76561198398329286,0,0.004048723261803389,3,0.9857762037051383
76561198137770372,0,0.050308600068092346,3,0.9857762037051383
76561198824521027,0,0.9878964424133301,3,0.9857762037051383
76561198869002776,0,0.26508286595344543,3,0.9857762037051383
76561199064231075,0,0.003476624609902501,3,0.9857762037051383
76561199104636414,0,0.9529117345809937,3,0.9857762037051383
76561198357167586,0,0.9337442517280579,3,0.9857762037051383
76561198120576918,0,0.95960932970047,3,0.9857762037051383
76561199068180591,0,0.0036056600511074066,3,0.9857762037051383
76561199044308820,0,0.9713993072509766,3,0.9857762037051383
76561198161589833,0,0.028697950765490532,3,0.9857762037051383
76561198010550700,1,0.9927327036857605,3,0.9857762037051383
76561198275454938,0,0.0037312114145606756,3,0.9857762037051383
76561199188838228,0,0.01432425994426012,3,0.9857762037051383
76561198034564955,0,0.011516722850501537,3,0.9857762037051383
76561199075656393,0,0.007174636237323284,3,0.9857762037051383
76561198106191319,0,0.006918929051607847,3,0.9857762037051383
76561198361938895,0,0.0044180783443152905,3,0.9857762037051383
76561198257874664,0,0.003263893537223339,3,0.9857762037051383
76561198067535958,0,0.0058352951891720295,3,0.9857762037051383
76561198149095394,1,0.1619918942451477,3,0.9857762037051383
76561198215240831,0,0.011605476960539818,3,0.9857762037051383
76561198063067403,0,0.005400001537054777,3,0.9857762037051383
76561198013009265,0,0.17504720389842987,3,0.9857762037051383
76561199099065823,0,0.11142587661743164,3,0.9857762037051383
76561199098781475,0,0.027889417484402657,3,0.9857762037051383
76561198035925742,0,0.006287321448326111,3,0.9857762037051383
76561199087862180,0,0.1491512954235077,3,0.9857762037051383
76561198383502334,0,0.007142437621951103,3,0.9857762037051383
76561199083910863,0,0.02029375545680523,3,0.9857762037051383
76561198243769196,0,0.010444121435284615,3,0.9857762037051383
76561198078722791,1,0.9942301511764526,3,0.9857762037051383
76561198040664066,0,0.05201282724738121,3,0.9857762037051383
76561199526547739,0,0.01187528669834137,3,0.9857762037051383
76561198303518040,0,0.004621325526386499,3,0.9857762037051383
76561198112311850,0,0.03387410566210747,3,0.9857762037051383
76561198059453061,0,0.016142070293426514,3,0.9857762037051383
76561198011898974,0,0.05998561158776283,3,0.9857762037051383
76561198890950183,0,0.0072685591876506805,3,0.9857762037051383
76561199632581342,0,0.004974763374775648,3,0.9857762037051383
76561199107475228,0,0.007397291250526905,3,0.9857762037051383
76561198060828519,0,0.005263093393296003,3,0.9857762037051383
76561198258240025,1,0.9924518465995789,3,0.9857762037051383
76561197970669574,0,0.9898109436035156,3,0.9857762037051383
76561198173107033,0,0.0041813924908638,3,0.9857762037051383
76561197996797750,0,0.004764866083860397,3,0.9857762037051383
76561198377218615,0,0.004415364935994148,3,0.9857762037051383
76561199135513876,0,0.9861388802528381,3,0.9857762037051383
76561199435643937,0,0.04944036900997162,3,0.9857762037051383
76561199095146115,0,0.006258269771933556,3,0.9857762037051383
76561198071284183,0,0.003589653642848134,3,0.9857762037051383
76561198322134295,0,0.004889909643679857,3,0.9857762037051383
76561199401292780,0,0.06277117133140564,3,0.9857762037051383
76561198396240131,0,0.0341266468167305,3,0.9857762037051383
76561199052541468,0,0.003837419906631112,3,0.9857762037051383
76561199756549268,0,0.014120076783001423,3,0.9857762037051383
76561198094172934,0,0.004039796069264412,3,0.9857762037051383
76561198873375687,0,0.3755597472190857,3,0.9857762037051383
76561199122006330,0,0.0034763305447995663,3,0.9857762037051383
76561198946998987,0,0.0041017052717506886,3,0.9857762037051383
76561199380827454,0,0.020675424486398697,3,0.9857762037051383
76561198058110326,0,0.005575759802013636,3,0.9857762037051383
76561199130653189,0,0.0042811548337340355,3,0.9857762037051383
76561199075970283,0,0.005769724957644939,3,0.9857762037051383
76561198035914750,0,0.0048913899809122086,3,0.9857762037051383
76561199025789849,0,0.005033989902585745,3,0.9857762037051383
76561198416149804,0,0.0041716923005878925,3,0.9857762037051383
76561199091681150,0,0.07518846541643143,3,0.9857762037051383
76561198052493979,0,0.008896554820239544,3,0.9857762037051383
76561198075547026,0,0.016575228422880173,3,0.9857762037051383
76561198849912824,0,0.6933764815330505,3,0.9857762037051383
76561199229984351,0,0.0041716923005878925,3,0.9857762037051383
76561199156722907,0,0.00907251425087452,3,0.9857762037051383
76561199401587486,0,0.017294015735387802,3,0.9857762037051383
76561198004049351,0,0.02645951136946678,3,0.9857762037051383
76561199145328827,0,0.009796783328056335,3,0.9857762037051383
76561198011858519,0,0.06746489554643631,3,0.9857762037051383
76561198078874021,0,0.003801065729930997,3,0.9857762037051383
76561199023118176,0,0.004510647151619196,3,0.9857762037051383
76561199650078933,0,0.025263763964176178,3,0.9857762037051383
76561198294840528,0,0.0033011012710630894,3,0.9857762037051383
76561198963897170,0,0.004487399943172932,3,0.9857762037051383
76561197974424995,0,0.003673116210848093,3,0.9857762037051383
76561198965236505,0,0.004305863752961159,3,0.9857762037051383
76561199058258756,0,0.01323712058365345,3,0.9857762037051383
76561198119772386,1,0.6064603328704834,3,0.9857762037051383
76561198959520283,0,0.003614005632698536,3,0.9857762037051383
76561198382742730,0,0.018754448741674423,3,0.9857762037051383
76561198278956126,1,0.9955559372901917,3,0.9857762037051383
76561198084030731,0,0.02302858792245388,3,0.9857762037051383
76561199465582050,0,0.0033011012710630894,3,0.9857762037051383
76561199367675035,0,0.03198644146323204,3,0.9857762037051383
76561198284578292,0,0.004543391056358814,3,0.9857762037051383
76561198860147524,0,0.018216174095869064,3,0.9857762037051383
76561197971360325,0,0.1851336508989334,3,0.9857762037051383
76561198042358322,0,0.006239739712327719,3,0.9857762037051383
76561198365434866,0,0.01721266284584999,3,0.9857762037051383
76561198734167241,0,0.9536915421485901,3,0.9857762037051383
76561198883452702,0,0.004114231560379267,3,0.9857762037051383
76561198325194693,0,0.0038403908256441355,3,0.9857762037051383
76561198845124718,0,0.015388126485049725,3,0.9857762037051383
76561197963733032,0,0.013168318197131157,3,0.9857762037051383
76561197968232475,0,0.010124053806066513,3,0.9857762037051383
76561198039727146,0,0.005457838531583548,3,0.9857762037051383
76561199215728687,0,0.00476575642824173,3,0.9857762037051383
76561198391619785,0,0.5136116743087769,3,0.9857762037051383
76561199186204557,0,0.8734967708587646,3,0.9857762037051383
76561199167863919,1,0.995030403137207,3,0.9857762037051383
76561198141960258,0,0.4335176646709442,3,0.9857762037051383
76561198018791032,0,0.008159791119396687,3,0.9857762037051383
76561199149959802,0,0.0042618513107299805,3,0.9857762037051383
76561198815366675,0,0.008228210732340813,3,0.9857762037051383
76561198381697248,0,0.11649671196937561,3,0.9857762037051383
76561198377718557,0,0.00408559525385499,3,0.9857762037051383
76561198062311273,0,0.005929491948336363,3,0.9857762037051383
76561198136226862,0,0.004777457099407911,3,0.9857762037051383
76561198230729328,0,0.004072152078151703,3,0.9857762037051383
76561197960269450,0,0.005203013774007559,3,0.9857762037051383
76561198848540518,0,0.06666669994592667,3,0.9857762037051383
76561199212978610,0,0.010320634581148624,3,0.9857762037051383
76561198145218784,0,0.004459414631128311,3,0.9857762037051383
76561198046236197,0,0.13001887500286102,3,0.9857762037051383
76561198131271972,0,0.0035217429976910353,3,0.9857762037051383
76561198217705508,0,0.04160841926932335,3,0.9857762037051383
76561199025131520,0,0.004151274915784597,3,0.9857762037051383
76561199387595915,0,0.0056311944499611855,3,0.9857762037051383
76561198239701628,0,0.03479688614606857,3,0.9857762037051383
76561197996054635,0,0.00970248132944107,3,0.9857762037051383
76561198888102832,0,0.10827412456274033,3,0.9857762037051383
76561198315991949,0,0.1342216581106186,3,0.9857762037051383
76561198042327174,0,0.01315081212669611,3,0.9857762037051383
76561198012654302,0,0.0033959299325942993,3,0.9857762037051383
76561199681837492,0,0.0044561405666172504,3,0.9857762037051383
76561198066275495,0,0.006768548861145973,3,0.9857762037051383
76561198441770777,0,0.004505722317844629,3,0.9857762037051383
76561198983480689,0,0.0041716923005878925,3,0.9857762037051383
76561199485621516,0,0.004900868982076645,3,0.9857762037051383
76561198275855680,0,0.0036378249060362577,3,0.9857762037051383
76561198043496621,0,0.061466608196496964,3,0.9857762037051383
76561198189232350,0,0.22674711048603058,3,0.9857762037051383
76561199199769411,0,0.004575173370540142,3,0.9857762037051383
76561198341135636,0,0.8397055268287659,3,0.9857762037051383
76561198140039746,0,0.9548388719558716,3,0.9857762037051383
76561199568428760,0,0.10296453535556793,3,0.9857762037051383
76561198025726004,0,0.3086116909980774,3,0.9857762037051383
76561198019638932,0,0.7435318827629089,3,0.9857762037051383
76561199559925151,0,0.11072376370429993,3,0.9857762037051383
76561199545675175,0,0.009113091044127941,3,0.9857762037051383
76561198416052855,0,0.9848883152008057,3,0.9857762037051383
76561198029598132,0,0.005324818193912506,3,0.9857762037051383
76561198254219815,0,0.24772261083126068,3,0.9857762037051383
76561197984842617,0,0.006273388862609863,3,0.9857762037051383
76561198063350331,0,0.006123091094195843,3,0.9857762037051383
76561199229796206,0,0.10336051136255264,3,0.9857762037051383
76561198030750918,0,0.6467340588569641,3,0.9857762037051383
76561198059801457,0,0.006390183232724667,3,0.9857762037051383
76561198878815230,0,0.8759680390357971,3,0.9857762037051383
76561198276981104,0,0.3818587064743042,3,0.9857762037051383
76561198959361741,0,0.004077896010130644,3,0.9857762037051383
76561199065279023,0,0.00705405930057168,3,0.9857762037051383
76561199121653292,0,0.327373206615448,3,0.9857762037051383
76561199205839686,0,0.0034763305447995663,3,0.9857762037051383
76561198896612979,0,0.07044953852891922,3,0.9857762037051383
76561198293820853,0,0.036815345287323,3,0.9857762037051383
76561198005547564,0,0.3504755198955536,3,0.9857762037051383
76561198799598725,0,0.0038598966784775257,3,0.9857762037051383
76561199452590036,0,0.011663432233035564,3,0.9857762037051383
76561199471985608,0,0.0048462143167853355,3,0.9857762037051383
76561198437977410,0,0.9952635765075684,3,0.9857762037051383
76561198024123724,0,0.048179417848587036,3,0.9857762037051383
76561199468317576,0,0.02197854220867157,3,0.9857762037051383
76561199219289772,0,0.004737731534987688,3,0.9857762037051383
76561198094900086,0,0.005284688901156187,3,0.9857762037051383
76561198328752554,1,0.9954402446746826,3,0.9857762037051383
76561198091111432,0,0.01290902029722929,3,0.9857762037051383
76561199075025194,0,0.2477729618549347,3,0.9857762037051383
76561199157375018,0,0.8309029936790466,3,0.9857762037051383
76561199122463144,0,0.014110162854194641,3,0.9857762037051383
76561199061311955,0,0.008233971893787384,3,0.9857762037051383
76561198102050586,0,0.1123356968164444,3,0.9857762037051383
76561198107962142,0,0.9522060751914978,3,0.9857762037051383
76561199076083852,0,0.9932588338851929,3,0.9857762037051383
76561199441290179,0,0.021411944180727005,3,0.9857762037051383
76561198042867554,0,0.0036404321435838938,3,0.9857762037051383
76561198156537567,0,0.8090860247612,3,0.9857762037051383
76561198424136654,0,0.00840841606259346,3,0.9857762037051383
76561198132033061,0,0.004484546836465597,3,0.9857762037051383
76561198801437582,0,0.010033965110778809,3,0.9857762037051383
76561199014032480,0,0.03480498120188713,3,0.9857762037051383
76561198057989337,0,0.990394651889801,3,0.9857762037051383
76561198997937737,0,0.006778105162084103,3,0.9857762037051383
76561198041982223,0,0.02173297293484211,3,0.9857762037051383
76561199606678105,0,0.003945020493119955,3,0.9857762037051383
76561198453822957,0,0.0034231627359986305,3,0.9857762037051383
76561199019666905,0,0.008460566401481628,3,0.9857762037051383
76561199479277192,0,0.003943188581615686,3,0.9857762037051383
76561198139254717,0,0.08473517745733261,3,0.9857762037051383
76561199093666377,0,0.026029162108898163,3,0.9857762037051383
76561199229602865,0,0.005319834686815739,3,0.9857762037051383
76561198131440767,0,0.01189866941422224,3,0.9857762037051383
76561198124931531,0,0.006126510910689831,3,0.9857762037051383
76561198418044381,0,0.38209229707717896,3,0.9857762037051383
76561198041533222,0,0.016558146104216576,3,0.9857762037051383
76561198938479282,0,0.007616793271154165,3,0.9857762037051383
76561198055467056,0,0.029765507206320763,3,0.9857762037051383
76561199013452523,0,0.005246732383966446,3,0.9857762037051383
76561198418788528,0,0.003716125851497054,3,0.9857762037051383
76561198428644185,0,0.007231312803924084,3,0.9857762037051383
76561198118887903,0,0.004137744661420584,3,0.9857762037051383
76561198871629517,0,0.0033011012710630894,3,0.9857762037051383
76561198111518341,0,0.12502528727054596,3,0.9857762037051383
76561199018036005,0,0.03486379608511925,3,0.9857762037051383
76561198968846529,0,0.0035560419782996178,3,0.9857762037051383
76561198027899613,0,0.008357936516404152,3,0.9857762037051383
76561199008734258,0,0.0035778486635535955,3,0.9857762037051383
76561198124283904,0,0.38914597034454346,3,0.9857762037051383
76561198949574457,0,0.004009670577943325,3,0.9857762037051383
76561199112490488,0,0.005117119289934635,3,0.9857762037051383
76561198907108212,0,0.006155292969197035,3,0.9857762037051383
76561198039000198,0,0.042536411434412,3,0.9857762037051383
76561199074588288,0,0.03618486598134041,3,0.9857762037051383
76561199053541835,0,0.0033362568356096745,3,0.9857762037051383
76561199010561852,0,0.004631493706256151,3,0.9857762037051383
76561198113651938,0,0.018185775727033615,3,0.9857762037051383
76561198045386364,0,0.005964885000139475,3,0.9857762037051383
76561199184396589,0,0.0059959860518574715,3,0.9857762037051383
76561199522134318,0,0.9693454504013062,3,0.9857762037051383
76561198303283330,0,0.009232433512806892,3,0.9857762037051383
76561197965041407,0,0.0037196213379502296,3,0.9857762037051383
76561199229234971,0,0.0033011012710630894,3,0.9857762037051383
76561198119315360,0,0.003873701673001051,3,0.9857762037051383
76561198068590516,0,0.008934695273637772,3,0.9857762037051383
76561199105828410,0,0.004225427750498056,3,0.9857762037051383
76561199070497034,0,0.9887731671333313,3,0.9857762037051383
76561198075541960,1,0.9725148677825928,3,0.9857762037051383
76561199387075284,0,0.875205934047699,3,0.9857762037051383
76561199353281828,0,0.011929243803024292,3,0.9857762037051383
76561198141199981,0,0.9715235829353333,3,0.9857762037051383
76561198145672244,0,0.005085409618914127,3,0.9857762037051383
76561198154512696,0,0.8096095323562622,3,0.9857762037051383
76561199023809131,0,0.005253232084214687,3,0.9857762037051383
76561198351226016,0,0.30550652742385864,3,0.9857762037051383
76561197980010724,1,0.985579252243042,3,0.9857762037051383
76561198888710410,0,0.004615566693246365,3,0.9857762037051383
76561198007664960,0,0.45742368698120117,3,0.9857762037051383
76561198274337847,0,0.004144900944083929,3,0.9857762037051383
76561198024382232,0,0.726763129234314,3,0.9857762037051383
76561199236196744,0,0.014643467962741852,3,0.9857762037051383
76561198293173154,0,0.0044163125567138195,3,0.9857762037051383
76561198155096186,0,0.006503902841359377,3,0.9857762037051383
76561198139906449,0,0.17502674460411072,3,0.9857762037051383
76561198099579478,0,0.00589158246293664,3,0.9857762037051383
76561198053927718,0,0.14810879528522491,3,0.9857762037051383
76561198182397279,0,0.006327423267066479,3,0.9857762037051383
76561198008892085,0,0.43940746784210205,3,0.9857762037051383
76561198428091084,0,0.9893268346786499,3,0.9857762037051383
76561198027423928,0,0.0038692953530699015,3,0.9857762037051383
76561199547055640,0,0.005822451319545507,3,0.9857762037051383
76561198965864805,0,0.0034763305447995663,3,0.9857762037051383
76561198208246376,0,0.8840828537940979,3,0.9857762037051383
76561199080219858,0,0.0057709915563464165,3,0.9857762037051383
76561199690666409,0,0.004117829259485006,3,0.9857762037051383
76561199508751789,0,0.07465428113937378,3,0.9857762037051383
76561198047817352,0,0.14460308849811554,3,0.9857762037051383
76561197988937731,0,0.1833779215812683,3,0.9857762037051383
76561198124522342,0,0.004848846234381199,3,0.9857762037051383
76561198134844079,0,0.10332898050546646,3,0.9857762037051383
76561199023820066,0,0.0033011012710630894,3,0.9857762037051383
76561198963670631,0,0.021795878186821938,3,0.9857762037051383
76561199092860460,0,0.0196081530302763,3,0.9857762037051383
76561198050092409,0,0.004544414114207029,3,0.9857762037051383
76561197970883141,0,0.004888144321739674,3,0.9857762037051383
76561197988795890,0,0.006557493004947901,3,0.9857762037051383
76561198071048202,0,0.0036069946363568306,3,0.9857762037051383
76561198109752923,0,0.9957142472267151,3,0.9857762037051383
76561198044165688,0,0.9021308422088623,3,0.9857762037051383
76561198159752638,0,0.6529539823532104,3,0.9857762037051383
76561198230898524,0,0.00965874269604683,3,0.9857762037051383
76561199089054215,0,0.021237993612885475,3,0.9857762037051383
76561198996092125,0,0.014696975238621235,3,0.9857762037051383
76561198363982157,0,0.014813439920544624,3,0.9857762037051383
76561199152899264,1,0.9925508499145508,3,0.9857762037051383
76561199236480244,0,0.017049303278326988,3,0.9857762037051383
76561199240793019,0,0.01602388359606266,3,0.9857762037051383
76561199187761063,0,0.00768379308283329,3,0.9857762037051383
76561198110930562,0,0.04788057133555412,3,0.9857762037051383
76561198004667402,0,0.016112178564071655,3,0.9857762037051383
76561198391351608,0,0.009251137264072895,3,0.9857762037051383
76561198061293869,0,0.004001112189143896,3,0.9857762037051383
76561198043306112,0,0.5596661567687988,3,0.9857762037051383
76561197994025073,0,0.30275365710258484,3,0.9857762037051383
76561199015081808,0,0.15020452439785004,3,0.9857762037051383
76561198063292080,0,0.011646154336631298,3,0.9857762037051383
76561199019678959,0,0.0033011012710630894,3,0.9857762037051383
76561198277295395,0,0.0050816042348742485,3,0.9857762037051383
76561199376387657,0,0.0033820937387645245,3,0.9857762037051383
76561199054909885,0,0.013308358378708363,3,0.9857762037051383
76561199143535654,0,0.005500695668160915,3,0.9857762037051383
76561199013156108,0,0.0035926979035139084,3,0.9857762037051383
76561198808404000,0,0.006663850974291563,3,0.9857762037051383
76561199180515539,0,0.003447348950430751,3,0.9857762037051383
76561198361383464,0,0.004514267202466726,3,0.9857762037051383
76561199141934318,0,0.06997071206569672,3,0.9857762037051383
76561199503592906,0,0.02138141728937626,3,0.9857762037051383
76561199376174852,0,0.8654894232749939,3,0.9857762037051383
76561198845823744,0,0.9868550300598145,3,0.9857762037051383
76561198311662556,1,0.989501416683197,3,0.9857762037051383
76561198060990626,0,0.015369893983006477,3,0.9857762037051383
76561198931260918,0,0.0033638090826570988,3,0.9857762037051383
76561198391258616,0,0.00339047284796834,3,0.9857762037051383
76561199070031627,0,0.005653820000588894,3,0.9857762037051383
76561199001959564,0,0.005454660393297672,3,0.9857762037051383
76561198120963466,0,0.003919980954378843,3,0.9857762037051383
76561198426429228,0,0.0037115952000021935,3,0.9857762037051383
76561197965917955,0,0.005298139061778784,3,0.9857762037051383
76561198127642678,0,0.028194060549139977,3,0.9857762037051383
76561199388362987,0,0.0038307197391986847,3,0.9857762037051383
76561198208761092,0,0.01335423719137907,3,0.9857762037051383
76561198234842052,0,0.003373904852196574,3,0.9857762037051383
76561198197968393,0,0.0033011012710630894,3,0.9857762037051383
76561199052219684,1,0.9949475526809692,3,0.9857762037051383
76561198063030226,0,0.3011409640312195,3,0.9857762037051383
76561199076594749,0,0.015222344547510147,3,0.9857762037051383
76561197962085440,0,0.646047055721283,3,0.9857762037051383
76561198330551532,0,0.9279376268386841,3,0.9857762037051383
76561198849888301,0,0.07550277560949326,3,0.9857762037051383
76561198281142807,0,0.03607417270541191,3,0.9857762037051383
76561198247544130,0,0.9433485269546509,3,0.9857762037051383
76561198031663320,0,0.10226427763700485,3,0.9857762037051383
76561199225964142,0,0.018643774092197418,3,0.9857762037051383
76561198013492689,0,0.010240045376121998,3,0.9857762037051383
76561198073832958,0,0.004896399099379778,3,0.9857762037051383
76561198083873418,0,0.7857196927070618,3,0.9857762037051383
76561199272316632,0,0.029676634818315506,3,0.9857762037051383
76561198146808629,0,0.006287321448326111,3,0.9857762037051383
76561199382918002,0,0.2729785442352295,3,0.9857762037051383
76561199283831609,1,0.6434932947158813,3,0.9857762037051383
76561199472445413,0,0.009927486069500446,3,0.9857762037051383
76561199091297007,0,0.061130866408348083,3,0.9857762037051383
76561198069602954,0,0.004005515947937965,3,0.9857762037051383
76561199363478649,0,0.3669763505458832,3,0.9857762037051383
76561198332059332,0,0.006069395691156387,3,0.9857762037051383
76561198883642342,0,0.6447030305862427,3,0.9857762037051383
76561198135494279,0,0.0037691437173634768,3,0.9857762037051383
76561198066852961,0,0.6692007184028625,3,0.9857762037051383
76561198071475441,1,0.9959406852722168,3,0.9857762037051383
76561198387208996,0,0.18313738703727722,3,0.9857762037051383
76561198028420669,1,0.9787641763687134,3,0.9857762037051383
76561198023007144,0,0.006412179674953222,3,0.9857762037051383
76561199138481596,0,0.005357731133699417,3,0.9857762037051383
76561199128412251,0,0.005658689886331558,3,0.9857762037051383
76561198841636251,0,0.9928606152534485,3,0.9857762037051383
76561198037925416,0,0.00765640614554286,3,0.9857762037051383
76561198014592653,0,0.004239825066179037,3,0.9857762037051383
76561198154148486,0,0.023015670478343964,3,0.9857762037051383
76561198224396484,0,0.956109881401062,3,0.9857762037051383
76561197972264901,0,0.029120054095983505,3,0.9857762037051383
76561197979466196,0,0.027930038049817085,3,0.9857762037051383
76561198337190109,0,0.04168083146214485,3,0.9857762037051383
76561198930901479,0,0.009950500912964344,3,0.9857762037051383
76561199098888496,0,0.003591718152165413,3,0.9857762037051383
76561199170422911,0,0.0036089313216507435,3,0.9857762037051383
76561198028077112,0,0.01602570340037346,3,0.9857762037051383
76561199194223280,0,0.007451765239238739,3,0.9857762037051383
76561198150729199,0,0.003497910685837269,3,0.9857762037051383
76561198072853274,0,0.014734040945768356,3,0.9857762037051383
76561198079638639,0,0.0494631864130497,3,0.9857762037051383
76561199058184221,0,0.03142724931240082,3,0.9857762037051383
76561199092575789,0,0.003594320034608245,3,0.9857762037051383
76561198845368156,0,0.013405531644821167,3,0.9857762037051383
76561198209836375,0,0.004148788284510374,3,0.9857762037051383
76561198108702566,0,0.003940591588616371,3,0.9857762037051383
76561198133331793,0,0.010540274903178215,3,0.9857762037051383
76561199045816041,0,0.005044162273406982,3,0.9857762037051383
76561199006038931,0,0.0041380771435797215,3,0.9857762037051383
76561198182200041,0,0.012094874866306782,3,0.9857762037051383
76561198257113413,0,0.004547078162431717,3,0.9857762037051383
76561198808942191,0,0.007688876707106829,3,0.9857762037051383
76561199764966593,0,0.004510647151619196,3,0.9857762037051383
76561198048555318,0,0.2530864477157593,3,0.9857762037051383
76561198032172784,0,0.009374306537210941,3,0.9857762037051383
76561198357523229,0,0.008087263442575932,3,0.9857762037051383
76561199016167320,0,0.006023569963872433,3,0.9857762037051383
76561199210084500,1,0.9949874877929688,3,0.9857762037051383
76561197964939835,0,0.005452221725136042,3,0.9857762037051383
76561198993273531,0,0.110276959836483,3,0.9857762037051383
76561198345859334,0,0.006889089476317167,3,0.9857762037051383
76561198243681232,0,0.00427361810579896,3,0.9857762037051383
76561199015961433,0,0.007703735027462244,3,0.9857762037051383
76561198074384044,0,0.004471380263566971,3,0.9857762037051383
76561198070883213,0,0.005064085591584444,3,0.9857762037051383
76561198028054309,0,0.006685348693281412,3,0.9857762037051383
76561198025164879,0,0.05515802279114723,3,0.9857762037051383
76561198452641295,0,0.00985470786690712,3,0.9857762037051383
76561198965649141,0,0.689612627029419,3,0.9857762037051383
76561198057974710,0,0.00491316057741642,3,0.9857762037051383
76561199006453642,0,0.024806609377264977,3,0.9857762037051383
76561198052910501,0,0.013763787224888802,3,0.9857762037051383
76561199090270103,0,0.01568431593477726,3,0.9857762037051383
76561199096682158,0,0.007409846410155296,3,0.9857762037051383
76561198279419433,0,0.03923441842198372,3,0.9857762037051383
76561198095963620,0,0.0046971929259598255,3,0.9857762037051383
76561198002866898,0,0.9669623374938965,3,0.9857762037051383
76561198385360833,0,0.003594320034608245,3,0.9857762037051383
76561198054515418,0,0.34296277165412903,3,0.9857762037051383
76561198080033648,0,0.2601926326751709,3,0.9857762037051383
76561198874310580,0,0.02011137641966343,3,0.9857762037051383
76561198098629910,0,0.07631707191467285,3,0.9857762037051383
76561197972366731,0,0.42776957154273987,3,0.9857762037051383
76561198025479192,0,0.003737161634489894,3,0.9857762037051383
76561198016771195,0,0.8600562810897827,3,0.9857762037051383
76561199013203433,0,0.0039422521367669106,3,0.9857762037051383
76561199453953972,0,0.01990397833287716,3,0.9857762037051383
76561197984445934,0,0.01432425994426012,3,0.9857762037051383
76561199071065048,0,0.9939634203910828,3,0.9857762037051383
76561198131883322,0,0.010320634581148624,3,0.9857762037051383
76561198091010740,0,0.02475624531507492,3,0.9857762037051383
76561199022895097,0,0.048909157514572144,3,0.9857762037051383
76561198174447659,1,0.9948887228965759,3,0.9857762037051383
76561199049771770,0,0.025402747094631195,3,0.9857762037051383
76561198180574846,0,0.01659282110631466,3,0.9857762037051383
76561198418022598,1,0.9934083223342896,3,0.9857762037051383
76561198168790357,0,0.005175635684281588,3,0.9857762037051383
76561198844226136,0,0.026288701221346855,3,0.9857762037051383
76561199251067027,0,0.0034763305447995663,3,0.9857762037051383
76561198142775720,0,0.8981372117996216,3,0.9857762037051383
76561197960802466,0,0.10609811544418335,3,0.9857762037051383
76561198328251693,0,0.004099858924746513,3,0.9857762037051383
76561199508419046,0,0.9890937805175781,3,0.9857762037051383
76561197978604590,0,0.6544710397720337,3,0.9857762037051383
76561198978562730,0,0.008265838027000427,3,0.9857762037051383
76561198125264199,1,0.9934993982315063,3,0.9857762037051383
76561198878716382,0,0.3932860791683197,3,0.9857762037051383
76561197974572038,0,0.7757356762886047,3,0.9857762037051383
76561199148282806,1,0.9950879216194153,3,0.9857762037051383
76561198261482350,0,0.005681643728166819,3,0.9857762037051383
76561198062553344,0,0.008243377320468426,3,0.9857762037051383
76561198062432371,0,0.011444155126810074,3,0.9857762037051383
76561198835045157,0,0.14191246032714844,3,0.9857762037051383
76561198347871549,0,0.006859601940959692,3,0.9857762037051383
76561199233304552,0,0.0037216839846223593,3,0.9857762037051383
76561198159312890,0,0.009825503453612328,3,0.9857762037051383
76561199089540284,0,0.0037088983226567507,3,0.9857762037051383
76561198039607325,0,0.0175014715641737,3,0.9857762037051383
76561198278669094,0,0.020892798900604248,3,0.9857762037051383
76561198430197600,0,0.3093518018722534,3,0.9857762037051383
76561199003568293,0,0.14190608263015747,3,0.9857762037051383
76561198002036835,0,0.010125654749572277,3,0.9857762037051383
76561197998628988,0,0.005153666716068983,3,0.9857762037051383
76561198171008701,0,0.9835895895957947,3,0.9857762037051383
76561199191132177,1,0.9600676894187927,3,0.9857762037051383
76561198864376979,0,0.12360350042581558,3,0.9857762037051383
76561198049477561,0,0.24230235815048218,3,0.9857762037051383
76561198854794487,0,0.02195461094379425,3,0.9857762037051383
76561198165432364,0,0.0071435123682022095,3,0.9857762037051383
76561199387529045,0,0.9947629570960999,3,0.9857762037051383
76561199149691656,0,0.6836386322975159,3,0.9857762037051383
76561198984517129,0,0.004194825422018766,3,0.9857762037051383
76561199084727869,0,0.8427112102508545,3,0.9857762037051383
76561198065755411,0,0.01340534444898367,3,0.9857762037051383
76561199522246962,0,0.017589181661605835,3,0.9857762037051383
76561198974320558,0,0.010460050776600838,3,0.9857762037051383
76561199021393560,0,0.0036988910287618637,3,0.9857762037051383
76561199402962502,0,0.0070894630625844,3,0.9857762037051383
76561199192233320,0,0.004021005239337683,3,0.9857762037051383
76561198095012468,0,0.09423204511404037,3,0.9857762037051383
76561198044368012,0,0.0039022224955260754,3,0.9857762037051383
76561198054522785,0,0.01596822217106819,3,0.9857762037051383
76561198030982501,0,0.026174288243055344,3,0.9857762037051383
76561198264151495,0,0.00737879890948534,3,0.9857762037051383
76561198220450468,0,0.8948150873184204,3,0.9857762037051383
76561198156213528,0,0.00962663535028696,3,0.9857762037051383
76561199175433489,0,0.006183330900967121,3,0.9857762037051383
76561198206829972,0,0.0034693891648203135,3,0.9857762037051383
76561199087369134,0,0.0033011012710630894,3,0.9857762037051383
76561199123691441,0,0.08441094309091568,3,0.9857762037051383
76561198327990264,0,0.006704443600028753,3,0.9857762037051383
76561199164618584,0,0.0037616484332829714,3,0.9857762037051383
76561198137225222,0,0.054010797291994095,3,0.9857762037051383
76561199050636972,0,0.8597949743270874,3,0.9857762037051383
76561199172763632,0,0.004605907015502453,3,0.9857762037051383
76561198800765657,0,0.005041597876697779,3,0.9857762037051383
76561198996314036,0,0.01586690917611122,3,0.9857762037051383
76561198085318368,0,0.011484566144645214,3,0.9857762037051383
76561198030962168,0,0.011681570671498775,3,0.9857762037051383
76561199125268446,0,0.5196983218193054,3,0.9857762037051383
76561198199762542,0,0.005260952282696962,3,0.9857762037051383
76561198031063366,0,0.0980549082159996,3,0.9857762037051383
76561198029941343,0,0.009483840316534042,3,0.9857762037051383
76561198388441125,0,0.006287321448326111,3,0.9857762037051383
76561198295537859,0,0.006742869038134813,3,0.9857762037051383
76561198091479934,0,0.007778685074299574,3,0.9857762037051383
76561198119435576,0,0.026464780792593956,3,0.9857762037051383
76561198063153970,0,0.054878368973731995,3,0.9857762037051383
76561198200928210,0,0.005130398087203503,3,0.9857762037051383
76561198063141359,0,0.005594315938651562,3,0.9857762037051383
76561197982530849,0,0.007909842766821384,3,0.9857762037051383
76561198084379969,0,0.003589324653148651,3,0.9857762037051383
76561198167015982,0,0.05889080464839935,3,0.9857762037051383
76561198355267762,0,0.005475123878568411,3,0.9857762037051383
76561198869007532,0,0.005060927476733923,3,0.9857762037051383
76561198124837582,0,0.9846521615982056,3,0.9857762037051383
76561198075063509,0,0.0037470683455467224,3,0.9857762037051383
76561198186692835,0,0.9838032722473145,3,0.9857762037051383
76561197964700491,0,0.0041380771435797215,3,0.9857762037051383
76561198073120047,0,0.27474743127822876,3,0.9857762037051383
76561198352368959,0,0.4119319021701813,3,0.9857762037051383
76561198870471453,0,0.013311556540429592,3,0.9857762037051383
76561199056425339,0,0.10779768228530884,3,0.9857762037051383
76561198977347405,0,0.0180838480591774,3,0.9857762037051383
76561198959985234,0,0.9851852655410767,3,0.9857762037051383
76561198188289665,0,0.02941170707345009,3,0.9857762037051383
76561199119215670,0,0.004597170278429985,3,0.9857762037051383
76561199385552265,0,0.005631864536553621,3,0.9857762037051383
76561198010541117,0,0.005534820724278688,3,0.9857762037051383
76561199222132335,0,0.004001112189143896,3,0.9857762037051383
76561199121442332,0,0.06248431280255318,3,0.9857762037051383
76561198841615553,0,0.012433372437953949,3,0.9857762037051383
76561198844563164,0,0.004910226445645094,3,0.9857762037051383
76561198058335820,0,0.9947785139083862,3,0.9857762037051383
76561198003014654,0,0.0167442224919796,3,0.9857762037051383
76561198045532450,0,0.24962781369686127,3,0.9857762037051383
76561198980165139,0,0.06968314945697784,3,0.9857762037051383
76561198124536233,0,0.006971928756684065,3,0.9857762037051383
76561198360103903,0,0.994223415851593,3,0.9857762037051383
76561198176225863,0,0.0033626023214310408,3,0.9857762037051383
76561198376330876,0,0.2965252101421356,3,0.9857762037051383
76561198065623781,0,0.9403950572013855,3,0.9857762037051383
76561198022314132,0,0.8027652502059937,3,0.9857762037051383
76561199019329696,0,0.9814717769622803,3,0.9857762037051383
76561197970533855,0,0.28908973932266235,3,0.9857762037051383
76561198886190928,0,0.006249196361750364,3,0.9857762037051383
76561199232831117,0,0.07104826718568802,3,0.9857762037051383
76561199055160631,0,0.024223485961556435,3,0.9857762037051383
76561199109251348,0,0.05534737557172775,3,0.9857762037051383
76561199521971325,0,0.0033629059325903654,3,0.9857762037051383
76561198044724272,0,0.003636735025793314,3,0.9857762037051383
76561198316134497,0,0.004719690885394812,3,0.9857762037051383
76561198175617125,0,0.9359874725341797,3,0.9857762037051383
76561199049546717,0,0.7927843332290649,3,0.9857762037051383
76561198110329879,0,0.15656910836696625,3,0.9857762037051383
76561199166622613,0,0.06003518030047417,3,0.9857762037051383
76561198131433857,1,0.9956334233283997,3,0.9857762037051383
76561198156264918,0,0.24073447287082672,3,0.9857762037051383
76561198006977990,0,0.5769654512405396,3,0.9857762037051383
76561199468513915,0,0.005597999319434166,3,0.9857762037051383
76561198136986047,0,0.004600466229021549,3,0.9857762037051383
76561198827561000,0,0.3357061445713043,3,0.9857762037051383
76561198276786904,0,0.005868224892765284,3,0.9857762037051383
76561198045396768,0,0.010035253129899502,3,0.9857762037051383
76561198882364329,0,0.012335048988461494,3,0.9857762037051383
76561199134770175,0,0.007409846410155296,3,0.9857762037051383
76561199202344709,0,0.06210826337337494,3,0.9857762037051383
76561199697690392,0,0.7015714049339294,3,0.9857762037051383
76561199284055504,0,0.0034085067454725504,3,0.9857762037051383
76561198105192840,0,0.003476816462352872,3,0.9857762037051383
76561198054874214,0,0.0041716923005878925,3,0.9857762037051383
76561198184199434,0,0.1587439924478531,3,0.9857762037051383
76561198021623418,0,0.010877946391701698,3,0.9857762037051383
76561199489951419,0,0.018544556573033333,3,0.9857762037051383
76561198892210752,0,0.0044688573107123375,3,0.9857762037051383
76561199160171896,0,0.8658987283706665,3,0.9857762037051383
76561199080469883,0,0.005256611853837967,3,0.9857762037051383
76561199154989763,0,0.5508929491043091,3,0.9857762037051383
76561197974204905,0,0.2295612245798111,3,0.9857762037051383
76561198069106625,0,0.006240218412131071,3,0.9857762037051383
76561198967636932,0,0.0043356698006391525,3,0.9857762037051383
76561198391661842,0,0.006309830583631992,3,0.9857762037051383
76561198965663980,0,0.0038920892402529716,3,0.9857762037051383
76561198714765748,0,0.014255134388804436,3,0.9857762037051383
76561199405869409,0,0.004596327897161245,3,0.9857762037051383
76561198038738891,0,0.006287321448326111,3,0.9857762037051383
76561198020763795,0,0.00413215858861804,3,0.9857762037051383
76561198007307180,0,0.010062414221465588,3,0.9857762037051383
76561198845554288,0,0.04690847545862198,3,0.9857762037051383
76561198439721057,0,0.013405531644821167,3,0.9857762037051383
76561198183631650,0,0.004354256205260754,3,0.9857762037051383
76561198399803616,0,0.004044703207910061,3,0.9857762037051383
76561197967578460,0,0.004954839125275612,3,0.9857762037051383
76561199052884231,0,0.014460432343184948,3,0.9857762037051383
76561198335913975,0,0.0036667892709374428,3,0.9857762037051383
76561198048329431,0,0.005008833948522806,3,0.9857762037051383
76561197998464577,0,0.005244483705610037,3,0.9857762037051383
76561198125492658,0,0.004152075853198767,3,0.9857762037051383
76561198057880126,0,0.004239825066179037,3,0.9857762037051383
76561198021449197,0,0.0042100329883396626,3,0.9857762037051383
76561198064266196,0,0.9780224561691284,3,0.9857762037051383
76561198081658393,0,0.005165441893041134,3,0.9857762037051383
76561198132298668,0,0.7668464183807373,3,0.9857762037051383
76561198113483657,0,0.02504841424524784,3,0.9857762037051383
76561198331105396,0,0.0035885556135326624,3,0.9857762037051383
76561199158788610,0,0.014813439920544624,3,0.9857762037051383
76561198035550111,0,0.004119060002267361,3,0.9857762037051383
76561199486455378,0,0.007409846410155296,3,0.9857762037051383
76561198116828424,0,0.9364986419677734,3,0.9857762037051383
76561199015799647,0,0.011998020112514496,3,0.9857762037051383
76561199208390117,0,0.13954932987689972,3,0.9857762037051383
76561199238288636,0,0.014226123690605164,3,0.9857762037051383
76561197997753843,0,0.047498565167188644,3,0.9857762037051383
76561198998969911,0,0.004286229610443115,3,0.9857762037051383
76561199093129840,0,0.00533538032323122,3,0.9857762037051383
76561198079053777,0,0.003343181451782584,3,0.9857762037051383
76561199542994428,0,0.004053425509482622,3,0.9857762037051383
76561197996093388,0,0.9755316972732544,3,0.9857762037051383
76561198105530699,0,0.008932719938457012,3,0.9857762037051383
76561199179064072,0,0.9852399826049805,3,0.9857762037051383
76561198028507172,0,0.0036901873536407948,3,0.9857762037051383
76561199090381831,0,0.20139843225479126,3,0.9857762037051383
76561198146904973,0,0.006002366077154875,3,0.9857762037051383
76561198089203272,1,0.9952164888381958,3,0.9857762037051383
76561198858870183,0,0.026329999789595604,3,0.9857762037051383
76561197968393892,0,0.034903865307569504,3,0.9857762037051383
76561198164746739,0,0.013523991219699383,3,0.9857762037051383
76561197994917853,0,0.158900186419487,3,0.9857762037051383
76561198360545701,0,0.07739382982254028,3,0.9857762037051383
76561198071801238,0,0.7209935188293457,3,0.9857762037051383
76561198320058171,0,0.09622248262166977,3,0.9857762037051383
76561198055162191,0,0.007002233527600765,3,0.9857762037051383
76561198403497869,0,0.09167090058326721,3,0.9857762037051383
76561198084677177,0,0.01302326563745737,3,0.9857762037051383
76561199654254337,0,0.0036056600511074066,3,0.9857762037051383
76561198091536120,0,0.04651448503136635,3,0.9857762037051383
76561198124466522,0,0.9776545166969299,3,0.9857762037051383
76561197993724120,0,0.004327210132032633,3,0.9857762037051383
76561198891475647,0,0.013713746331632137,3,0.9857762037051383
76561198892875620,0,0.8640353083610535,3,0.9857762037051383
76561198352306015,0,0.008681269362568855,3,0.9857762037051383
76561199186533279,0,0.016418904066085815,3,0.9857762037051383
76561198066678885,0,0.01641657017171383,3,0.9857762037051383
76561199105422620,0,0.034573256969451904,3,0.9857762037051383
76561198854784287,1,0.9945006370544434,3,0.9857762037051383
76561198266723160,0,0.011811183765530586,3,0.9857762037051383
76561198088213902,0,0.012885515578091145,3,0.9857762037051383
76561199483272683,0,0.007212911266833544,3,0.9857762037051383
76561198415630861,0,0.004383845254778862,3,0.9857762037051383
76561198064048379,0,0.006768465507775545,3,0.9857762037051383
76561199134574128,0,0.07455305755138397,3,0.9857762037051383
76561197997298796,0,0.014246266335248947,3,0.9857762037051383
76561199229277081,0,0.0062230732291936874,3,0.9857762037051383
76561199055337505,0,0.005692741833627224,3,0.9857762037051383
76561198417810630,0,0.8827300071716309,3,0.9857762037051383
76561198142792775,0,0.02398913912475109,3,0.9857762037051383
76561198873628641,0,0.06203918904066086,3,0.9857762037051383
76561199067808312,0,0.00333845685236156,3,0.9857762037051383
76561198160402757,0,0.014813439920544624,3,0.9857762037051383
76561199015114960,0,0.005581248085945845,3,0.9857762037051383
76561199000226226,0,0.019416632130742073,3,0.9857762037051383
76561198954926136,0,0.008830168284475803,3,0.9857762037051383
76561198007837551,0,0.9886187314987183,3,0.9857762037051383
76561198132172037,0,0.019295306876301765,3,0.9857762037051383
76561198166558894,0,0.00641365023329854,3,0.9857762037051383
76561198124524263,0,0.007704697083681822,3,0.9857762037051383
76561197999393946,0,0.005502743646502495,3,0.9857762037051383
76561198047644128,0,0.006665369495749474,3,0.9857762037051383
76561199011802429,0,0.003547768807038665,3,0.9857762037051383
76561199562581495,0,0.9953984618186951,3,0.9857762037051383
76561199018149216,0,0.011093159206211567,3,0.9857762037051383
76561198912050335,0,0.43354836106300354,3,0.9857762037051383
76561198142584231,0,0.003919180948287249,3,0.9857762037051383
76561198024660113,0,0.0041380771435797215,3,0.9857762037051383
76561198043327080,0,0.9682071805000305,3,0.9857762037051383
76561197967770797,0,0.0033638090826570988,3,0.9857762037051383
76561198362302384,0,0.004408118315041065,3,0.9857762037051383
76561199250115909,0,0.004957072902470827,3,0.9857762037051383
76561199388187060,0,0.07132754474878311,3,0.9857762037051383
76561199745162128,0,0.03232116252183914,3,0.9857762037051383
76561198960393185,0,0.012161334045231342,3,0.9857762037051383
76561197976027248,0,0.146686851978302,3,0.9857762037051383
76561198052335677,0,0.027749454602599144,3,0.9857762037051383
76561198005915752,0,0.0037320482078939676,3,0.9857762037051383
76561198071769185,0,0.005612936336547136,3,0.9857762037051383
76561198039820136,0,0.009253610856831074,3,0.9857762037051383
76561199670604633,0,0.008816824294626713,3,0.9857762037051383
76561198463534603,0,0.0077186645939946175,3,0.9857762037051383
76561198403236507,0,0.003950746729969978,3,0.9857762037051383
76561198068269159,0,0.020317425951361656,3,0.9857762037051383
76561198094734415,0,0.0034711670596152544,3,0.9857762037051383
76561199257333719,0,0.0034404394682496786,3,0.9857762037051383
76561199499185676,0,0.787797749042511,3,0.9857762037051383
76561198046984890,0,0.7964962720870972,3,0.9857762037051383
76561198119589332,1,0.27584224939346313,3,0.9857762037051383
76561198362265193,0,0.004001112189143896,3,0.9857762037051383
76561199103087374,0,0.9786398410797119,3,0.9857762037051383
76561199266626437,0,0.0033011012710630894,3,0.9857762037051383
76561198999303161,0,0.011532606557011604,3,0.9857762037051383
76561198057969017,0,0.007006534840911627,3,0.9857762037051383
76561199092453664,0,0.913735568523407,3,0.9857762037051383
76561199280853171,0,0.013119424693286419,3,0.9857762037051383
76561198811274366,0,0.8403045535087585,3,0.9857762037051383
76561198097477257,0,0.007088234648108482,3,0.9857762037051383
76561198115773061,0,0.0050804754719138145,3,0.9857762037051383
76561198014271432,0,0.8665732145309448,3,0.9857762037051383
76561199722531283,0,0.0037102692294865847,3,0.9857762037051383
76561198969463142,0,0.0706886500120163,3,0.9857762037051383
76561198846809395,0,0.93208909034729,3,0.9857762037051383
76561199584949734,0,0.009181183762848377,3,0.9857762037051383
76561199211654935,0,0.019156398251652718,3,0.9857762037051383
76561198015546942,0,0.023422138765454292,3,0.9857762037051383
76561199065465423,0,0.5006925463676453,3,0.9857762037051383
76561198064723945,0,0.988246738910675,3,0.9857762037051383
76561198172247031,0,0.8908780813217163,3,0.9857762037051383
76561197973205285,0,0.9625798463821411,3,0.9857762037051383
76561197960397651,0,0.004060621373355389,3,0.9857762037051383
76561197976909293,0,0.4774763286113739,3,0.9857762037051383
76561198033220958,0,0.13189825415611267,3,0.9857762037051383
76561198879146458,0,0.003722917987033725,3,0.9857762037051383
76561198442601518,0,0.38262587785720825,3,0.9857762037051383
76561198059485559,0,0.6787658929824829,3,0.9857762037051383
76561198868170945,0,0.9798972010612488,3,0.9857762037051383
76561198063928313,0,0.3185170888900757,3,0.9857762037051383
76561198296209036,0,0.37647736072540283,3,0.9857762037051383
76561199180855266,0,0.10159647464752197,3,0.9857762037051383
76561198085788964,0,0.8107532262802124,3,0.9857762037051383
76561199239255625,0,0.023115990683436394,3,0.9857762037051383
76561198961297717,0,0.037215057760477066,3,0.9857762037051383
76561197969496622,0,0.05476326122879982,3,0.9857762037051383
76561199030340534,1,0.9949104189872742,3,0.9857762037051383
76561197995013304,1,0.995372474193573,3,0.9857762037051383
76561199220040278,0,0.2235468327999115,3,0.9857762037051383
76561198880494885,0,0.8812930583953857,3,0.9857762037051383
76561199207346474,0,0.007143336348235607,3,0.9857762037051383
76561198070660919,0,0.9938914775848389,3,0.9857762037051383
76561198096757974,0,0.04704868420958519,3,0.9857762037051383
76561198344028796,0,0.006775778252631426,3,0.9857762037051383
76561199146818000,0,0.005983797833323479,3,0.9857762037051383
76561197984963126,0,0.46159589290618896,3,0.9857762037051383
76561198309653618,0,0.4784567058086395,3,0.9857762037051383
76561198330759886,0,0.17094027996063232,3,0.9857762037051383
76561198040531089,0,0.024906635284423828,3,0.9857762037051383
76561199225009432,0,0.006987183820456266,3,0.9857762037051383
76561198417720614,0,0.03308812901377678,3,0.9857762037051383
76561199210328050,1,0.9898613691329956,3,0.9857762037051383
76561198171568486,0,0.1272912472486496,3,0.9857762037051383
76561198976225462,1,0.9938284754753113,3,0.9857762037051383
76561198809013493,0,0.038189876824617386,3,0.9857762037051383
76561199435242823,0,0.05536855757236481,3,0.9857762037051383
76561198281081188,0,0.004443044308573008,3,0.9857762037051383
76561198060193821,0,0.004318087361752987,3,0.9857762037051383
76561199092550438,0,0.01777728460729122,3,0.9857762037051383
76561198369164700,0,0.017545612528920174,3,0.9857762037051383
76561198975636004,0,0.9882782101631165,3,0.9857762037051383
76561198284739121,0,0.01018031407147646,3,0.9857762037051383
76561197967835358,0,0.003733648220077157,3,0.9857762037051383
76561198193443185,0,0.005868325475603342,3,0.9857762037051383
76561198136937767,0,0.0036141942255198956,3,0.9857762037051383
76561198080158532,0,0.4985351264476776,3,0.9857762037051383
76561198069564202,0,0.0037159740459173918,3,0.9857762037051383
76561197994095363,0,0.022129345685243607,3,0.9857762037051383
76561198151367405,0,0.004098167642951012,3,0.9857762037051383
76561198048302898,0,0.0056180162355303764,3,0.9857762037051383
76561198315558340,0,0.0040823910385370255,3,0.9857762037051383
76561198387754596,0,0.038426194339990616,3,0.9857762037051383
76561198060961621,0,0.007403322495520115,3,0.9857762037051383
76561198850743431,0,0.9947085380554199,3,0.9857762037051383
76561198131881714,0,0.004557428881525993,3,0.9857762037051383
76561198036337986,0,0.07257310301065445,3,0.9857762037051383
76561199187095204,0,0.14848701655864716,3,0.9857762037051383
76561198204903899,0,0.05660010501742363,3,0.9857762037051383
76561198867650022,0,0.005005157086998224,3,0.9857762037051383
76561199092425924,0,0.943703830242157,3,0.9857762037051383
76561198025520755,0,0.012713978998363018,3,0.9857762037051383
76561199030930449,0,0.00653478130698204,3,0.9857762037051383
76561199196597583,0,0.0048306663520634174,3,0.9857762037051383
76561198312236374,0,0.9797859787940979,3,0.9857762037051383
76561199452651748,1,0.22231724858283997,3,0.9857762037051383
76561198310118154,0,0.0044492920860648155,3,0.9857762037051383
76561198257265152,0,0.004671488422900438,3,0.9857762037051383
76561198053307067,0,0.004126593470573425,3,0.9857762037051383
76561198989998547,0,0.003989707678556442,3,0.9857762037051383
76561198277098328,0,0.006287321448326111,3,0.9857762037051383
76561198077543131,0,0.008160392753779888,3,0.9857762037051383
76561198045447643,0,0.012226466089487076,3,0.9857762037051383
76561198036389204,0,0.004674730822443962,3,0.9857762037051383
76561198005062587,0,0.03313574567437172,3,0.9857762037051383
76561199085638101,0,0.0053591919131577015,3,0.9857762037051383
76561198077521710,0,0.00426181685179472,3,0.9857762037051383
76561199076473010,0,0.003908573649823666,3,0.9857762037051383
76561198296751888,0,0.10588933527469635,3,0.9857762037051383
76561198986818191,0,0.016381245106458664,3,0.9857762037051383
76561199590082389,0,0.9928680658340454,3,0.9857762037051383
76561198039690588,0,0.004552205093204975,3,0.9857762037051383
76561198123318559,0,0.004709141328930855,3,0.9857762037051383
76561199474518048,0,0.005032965447753668,3,0.9857762037051383
76561198079519747,0,0.08805983513593674,3,0.9857762037051383
76561198044743696,0,0.13641025125980377,3,0.9857762037051383
76561199213423244,0,0.008354134857654572,3,0.9857762037051383
76561199148882934,0,0.11836543679237366,3,0.9857762037051383
76561198813506270,0,0.9279689192771912,3,0.9857762037051383
76561199098654950,0,0.9359641671180725,3,0.9857762037051383
76561198076249665,0,0.005943440832197666,3,0.9857762037051383
76561198064763394,0,0.7216124534606934,3,0.9857762037051383
76561199070751556,0,0.0055284518748521805,3,0.9857762037051383
76561199308498569,0,0.005175635684281588,3,0.9857762037051383
76561198043604696,0,0.004007503855973482,3,0.9857762037051383
76561198076704384,0,0.004064161796122789,3,0.9857762037051383
76561199506748520,0,0.009789963252842426,3,0.9857762037051383
76561198153377236,0,0.09106379747390747,3,0.9857762037051383
76561199387277548,0,0.05444733053445816,3,0.9857762037051383
76561198178077555,0,0.12227993458509445,3,0.9857762037051383
76561198126110909,0,0.024054089561104774,3,0.9857762037051383
76561197985333486,0,0.004227269906550646,3,0.9857762037051383
76561198039022754,0,0.007246324792504311,3,0.9857762037051383
76561199456854227,0,0.061561468988657,3,0.9857762037051383
76561198125929145,0,0.0047159516252577305,3,0.9857762037051383
76561197987016374,0,0.6851013898849487,3,0.9857762037051383
76561198850057632,0,0.009881767444312572,3,0.9857762037051383
76561198079340343,0,0.29664352536201477,3,0.9857762037051383
76561198353469318,0,0.007718848064541817,3,0.9857762037051383
76561198051148674,0,0.9792914986610413,3,0.9857762037051383
76561199013863547,0,0.009694577194750309,3,0.9857762037051383
76561198185649011,0,0.14204466342926025,3,0.9857762037051383
76561199120203833,0,0.022665509954094887,3,0.9857762037051383
76561198085197850,1,0.9947031140327454,3,0.9857762037051383
76561198056373332,0,0.535654604434967,3,0.9857762037051383
76561198996072632,0,0.004793026950210333,3,0.9857762037051383
76561198044120998,0,0.012792675755918026,3,0.9857762037051383
76561198150147783,0,0.03423599898815155,3,0.9857762037051383
76561198989202621,0,0.004048723261803389,3,0.9857762037051383
76561199151836790,0,0.005379990674555302,3,0.9857762037051383
76561199353279811,0,0.004048723261803389,3,0.9857762037051383
76561198238874404,0,0.9423258304595947,3,0.9857762037051383
76561198801096498,0,0.046741727739572525,3,0.9857762037051383
76561198073761027,0,0.014903352595865726,3,0.9857762037051383
76561199550558970,0,0.013037635013461113,3,0.9857762037051383
76561199019643249,0,0.6872893571853638,3,0.9857762037051383
76561198022603326,0,0.008270131424069405,3,0.9857762037051383
76561199086321049,0,0.007721956353634596,3,0.9857762037051383
76561198222571876,0,0.004324185196310282,3,0.9857762037051383
76561199015503073,0,0.009097584523260593,3,0.9857762037051383
76561199133129918,0,0.005044975783675909,3,0.9857762037051383
76561199230292972,0,0.02319965697824955,3,0.9857762037051383
76561198049293554,0,0.01008133590221405,3,0.9857762037051383
76561198951417855,0,0.0369742289185524,3,0.9857762037051383
76561199093297389,0,0.032301366329193115,3,0.9857762037051383
76561198811789801,0,0.4877607226371765,3,0.9857762037051383
76561199526334383,0,0.6552981734275818,3,0.9857762037051383
76561198870050533,0,0.0047736275009810925,3,0.9857762037051383
76561198373352855,0,0.009134813211858273,3,0.9857762037051383
76561199251995672,0,0.06644883006811142,3,0.9857762037051383
76561198025837917,0,0.004276820924133062,3,0.9857762037051383
76561198154866046,0,0.27339133620262146,3,0.9857762037051383
76561198288064234,0,0.0033011012710630894,3,0.9857762037051383
76561199169715364,0,0.005789118353277445,3,0.9857762037051383
76561199485554137,0,0.009251137264072895,3,0.9857762037051383
76561198960066567,0,0.013999491930007935,3,0.9857762037051383
76561198087604952,0,0.005263857543468475,3,0.9857762037051383
76561199051130337,0,0.0033011012710630894,3,0.9857762037051383
76561198342151977,0,0.0033011012710630894,3,0.9857762037051383
76561198329792178,0,0.009393543936312199,3,0.9857762037051383
76561199560673617,0,0.004614578559994698,3,0.9857762037051383
76561199475219318,0,0.0049679274670779705,3,0.9857762037051383
76561198000924023,0,0.008647709153592587,3,0.9857762037051383
76561199224416151,1,0.9946350455284119,3,0.9857762037051383
76561199129293336,0,0.6828824877738953,3,0.9857762037051383
76561198342053149,0,0.05361068621277809,3,0.9857762037051383
76561198897988531,0,0.027787107974290848,3,0.9857762037051383
76561198879257002,0,0.9584403038024902,3,0.9857762037051383
76561199128654488,0,0.01642531342804432,3,0.9857762037051383
76561198208603003,1,0.9948738217353821,3,0.9857762037051383
76561198137309155,0,0.003651547711342573,3,0.9857762037051383
76561197997788588,0,0.0035683412570506334,3,0.9857762037051383
76561198021650256,0,0.009239964187145233,3,0.9857762037051383
76561199228041713,0,0.006854185368865728,3,0.9857762037051383
76561198026193895,0,0.017338236793875694,3,0.9857762037051383
76561199079068319,0,0.005391234066337347,3,0.9857762037051383
76561199112978927,0,0.004518621135503054,3,0.9857762037051383
76561198195881874,0,0.004758405964821577,3,0.9857762037051383
76561198983331169,0,0.030988339334726334,3,0.9857762037051383
76561198353242174,0,0.0047220503911376,3,0.9857762037051383
76561198365572482,0,0.9304630160331726,3,0.9857762037051383
76561198213569599,0,0.5360502600669861,3,0.9857762037051383
76561198450288492,0,0.8889293670654297,3,0.9857762037051383
76561199227222355,0,0.017010485753417015,3,0.9857762037051383
76561198204863196,0,0.14654438197612762,3,0.9857762037051383
76561198810750264,0,0.02215120568871498,3,0.9857762037051383
76561198963002707,0,0.9512398838996887,3,0.9857762037051383
76561198028925221,0,0.012502115219831467,3,0.9857762037051383
76561199000685099,0,0.15547938644886017,3,0.9857762037051383
76561199069275074,0,0.9949430823326111,3,0.9857762037051383
76561199485469179,1,0.9668387174606323,3,0.9857762037051383
76561198024179047,0,0.36857688426971436,3,0.9857762037051383
76561198879862631,0,0.9892929792404175,3,0.9857762037051383
76561197985466616,0,0.006050610449165106,3,0.9857762037051383
76561198042395072,0,0.004152645822614431,3,0.9857762037051383
76561198063786588,0,0.0034604098182171583,3,0.9857762037051383
76561198076686158,0,0.16677474975585938,3,0.9857762037051383
76561198412328088,0,0.8054722547531128,3,0.9857762037051383
76561198984585273,0,0.004629647824913263,3,0.9857762037051383
76561198257279424,1,0.9956359267234802,3,0.9857762037051383
76561198919157201,0,0.7750911116600037,3,0.9857762037051383
76561199059123168,0,0.005585585720837116,3,0.9857762037051383
76561198128160605,0,0.05577593296766281,3,0.9857762037051383
76561198034281508,0,0.44454464316368103,3,0.9857762037051383
76561198071520922,0,0.003885255428031087,3,0.9857762037051383
76561198884607248,0,0.4078030288219452,3,0.9857762037051383
76561198836511196,0,0.0033011012710630894,3,0.9857762037051383
76561199028002153,0,0.019379403442144394,3,0.9857762037051383
76561199192584588,0,0.005688527598977089,3,0.9857762037051383
76561199124828023,0,0.019939515739679337,3,0.9857762037051383
76561198087601173,0,0.0036435730289667845,3,0.9857762037051383
76561199277677600,0,0.02887127548456192,3,0.9857762037051383
76561198165388963,0,0.004521551541984081,3,0.9857762037051383
76561199639902778,0,0.2612653076648712,3,0.9857762037051383
76561198068625335,0,0.9741685390472412,3,0.9857762037051383
76561198434841661,0,0.008831320330500603,3,0.9857762037051383
76561198323740338,0,0.004831294063478708,3,0.9857762037051383
76561199519299812,1,0.9707428216934204,3,0.9857762037051383
76561198277812443,0,0.014376023784279823,3,0.9857762037051383
76561198177557498,0,0.44489237666130066,3,0.9857762037051383
76561198068515565,0,0.28503862023353577,3,0.9857762037051383
76561198127344982,0,0.0034711670596152544,3,0.9857762037051383
76561198025228160,0,0.6184101104736328,3,0.9857762037051383
76561199012267125,0,0.004295792896300554,3,0.9857762037051383
76561198977316385,0,0.6453514099121094,3,0.9857762037051383
76561198218647284,0,0.0037465968634933233,3,0.9857762037051383
76561199063852930,0,0.4396764039993286,3,0.9857762037051383
76561199138760588,0,0.02148321270942688,3,0.9857762037051383
76561199161327629,0,0.0034763305447995663,3,0.9857762037051383
76561198311928506,0,0.004190091509371996,3,0.9857762037051383
76561198027941094,0,0.0038126518484205008,3,0.9857762037051383
76561199218102865,0,0.9256076216697693,3,0.9857762037051383
76561198340551060,0,0.018788082525134087,3,0.9857762037051383
76561199039695082,0,0.011494038626551628,3,0.9857762037051383
76561199195615317,0,0.0180830005556345,3,0.9857762037051383
76561198167889281,0,0.2062777578830719,3,0.9857762037051383
76561198890634947,0,0.024081632494926453,3,0.9857762037051383
76561198103342649,0,0.01808270998299122,3,0.9857762037051383
76561199113666724,0,0.007591382134705782,3,0.9857762037051383
76561198043429006,0,0.2843901813030243,3,0.9857762037051383
76561198138437143,0,0.004037028644233942,3,0.9857762037051383
76561199107624823,0,0.006363965105265379,3,0.9857762037051383
76561199468017130,0,0.1565214991569519,3,0.9857762037051383
76561198819641814,0,0.004781547002494335,3,0.9857762037051383
76561198162834544,0,0.03472987934947014,3,0.9857762037051383
76561198166062396,0,0.004423465579748154,3,0.9857762037051383
76561199192973972,0,0.003958590794354677,3,0.9857762037051383
76561198447643173,0,0.008078766986727715,3,0.9857762037051383
76561199100287714,0,0.018033673986792564,3,0.9857762037051383
76561198880590883,0,0.12370334565639496,3,0.9857762037051383
76561199138442381,0,0.004451333079487085,3,0.9857762037051383
76561198181777497,0,0.0033011012710630894,3,0.9857762037051383
76561198053703256,0,0.003452919190749526,3,0.9857762037051383
76561199080859877,0,0.994307816028595,3,0.9857762037051383
76561198120768146,0,0.3153347671031952,3,0.9857762037051383
76561199208290069,0,0.9893524050712585,3,0.9857762037051383
76561198043169174,0,0.005585293751209974,3,0.9857762037051383
76561198118743344,0,0.01618536189198494,3,0.9857762037051383
76561197970485681,0,0.005345740355551243,3,0.9857762037051383
76561198400138648,0,0.0645141452550888,3,0.9857762037051383
76561198075301755,0,0.003968189004808664,3,0.9857762037051383
76561198067067713,0,0.005313778296113014,3,0.9857762037051383
76561198151227586,0,0.059202890843153,3,0.9857762037051383
76561198065144278,0,0.31655001640319824,3,0.9857762037051383
76561198190277393,0,0.006291350815445185,3,0.9857762037051383
76561198144224746,0,0.6609759330749512,3,0.9857762037051383
76561198856044487,0,0.004060660023242235,3,0.9857762037051383
76561198043316904,0,0.9549336433410645,3,0.9857762037051383
76561198810241960,0,0.016443248838186264,3,0.9857762037051383
76561198059628501,0,0.004249354358762503,3,0.9857762037051383
76561198994221329,0,0.007367987651377916,3,0.9857762037051383
76561198077284136,0,0.004838521126657724,3,0.9857762037051383
76561198244983590,0,0.008678052574396133,3,0.9857762037051383
76561198849206623,1,0.9955641031265259,3,0.9857762037051383
76561198111534368,0,0.005582757759839296,3,0.9857762037051383
76561199063444947,0,0.007669632788747549,3,0.9857762037051383
76561198252319868,0,0.027302436530590057,3,0.9857762037051383
76561199038366773,0,0.005512718576937914,3,0.9857762037051383
76561198067905614,0,0.00368942110799253,3,0.9857762037051383
76561198033642350,0,0.003653637832030654,3,0.9857762037051383
76561198354061516,0,0.029003242030739784,3,0.9857762037051383
76561199006248615,0,0.0065038204193115234,3,0.9857762037051383
76561197978745596,0,0.004676392767578363,3,0.9857762037051383
76561199188900964,0,0.026656175032258034,3,0.9857762037051383
76561198165589873,0,0.0034277806989848614,3,0.9857762037051383
76561199214175445,0,0.010109471157193184,3,0.9857762037051383
76561198071616706,0,0.003893501590937376,3,0.9857762037051383
76561198323940396,0,0.9008486270904541,3,0.9857762037051383
76561198118210569,0,0.008184115402400494,3,0.9857762037051383
76561198373656178,0,0.9531441926956177,3,0.9857762037051383
76561198161678544,0,0.9275792241096497,3,0.9857762037051383
76561199140890182,0,0.8964526653289795,3,0.9857762037051383
76561198340334007,0,0.7033839821815491,3,0.9857762037051383
76561198961365453,0,0.01454433985054493,3,0.9857762037051383
76561198332291558,0,0.014053701423108578,3,0.9857762037051383
76561199226855391,0,0.09085294604301453,3,0.9857762037051383
76561198076425292,1,0.11679359525442123,3,0.9857762037051383
76561197961790681,0,0.003963983152061701,3,0.9857762037051383
76561198824091463,0,0.7036809921264648,3,0.9857762037051383
76561198070073309,0,0.010990114882588387,3,0.9857762037051383
76561197976284794,0,0.01639958657324314,3,0.9857762037051383
76561199101700108,0,0.14293046295642853,3,0.9857762037051383
76561197973173986,0,0.614924967288971,3,0.9857762037051383
76561199272323580,0,0.8968313336372375,3,0.9857762037051383
76561198133016656,0,0.011351912282407284,3,0.9857762037051383
76561198050982418,0,0.07366455346345901,3,0.9857762037051383
76561198094101271,0,0.020294267684221268,3,0.9857762037051383
76561198370311820,0,0.02026289515197277,3,0.9857762037051383
76561198077525932,0,0.9301674365997314,3,0.9857762037051383
76561198405398944,0,0.04147749021649361,3,0.9857762037051383
76561198119599364,0,0.2226952612400055,3,0.9857762037051383
76561197997689683,0,0.5119582414627075,3,0.9857762037051383
76561197993544619,0,0.942333996295929,3,0.9857762037051383
76561198421099447,0,0.8658557534217834,3,0.9857762037051383
76561198383441810,0,0.005268523003906012,3,0.9857762037051383
76561199057122689,0,0.007602281868457794,3,0.9857762037051383
76561198105880671,0,0.00672779930755496,3,0.9857762037051383
76561198830077234,0,0.6957042813301086,3,0.9857762037051383
76561197970704418,0,0.31785276532173157,3,0.9857762037051383
76561198068614909,0,0.18275105953216553,3,0.9857762037051383
76561199221235855,0,0.8663139343261719,3,0.9857762037051383
76561198065514168,0,0.006584804505109787,3,0.9857762037051383
76561198384831236,0,0.0036764577962458134,3,0.9857762037051383
76561198843718214,0,0.005167598836123943,3,0.9857762037051383
76561198104866279,0,0.0045029520988464355,3,0.9857762037051383
76561199403033351,0,0.04031584784388542,3,0.9857762037051383
76561198119512192,0,0.0283817145973444,3,0.9857762037051383
76561199160663329,0,0.9958717226982117,3,0.9857762037051383
76561198318362214,0,0.357526570558548,3,0.9857762037051383
76561198056429821,0,0.0066783069632947445,3,0.9857762037051383
76561199050492435,0,0.0044739278964698315,3,0.9857762037051383
76561198322085322,0,0.016017356887459755,3,0.9857762037051383
76561198012133035,0,0.0050908648408949375,3,0.9857762037051383
76561198212095831,0,0.006347084417939186,3,0.9857762037051383
76561198846344616,0,0.01036241464316845,3,0.9857762037051383
76561198346802286,0,0.02118751034140587,3,0.9857762037051383
76561198188888034,0,0.7982330322265625,3,0.9857762037051383
76561197977470393,0,0.005102049093693495,3,0.9857762037051383
76561198100760548,0,0.006167117971926928,3,0.9857762037051383
76561198884641799,0,0.8354664444923401,3,0.9857762037051383
76561199535496008,0,0.003623084630817175,3,0.9857762037051383
76561198037245495,0,0.09332568943500519,3,0.9857762037051383
76561199439846712,0,0.008115675300359726,3,0.9857762037051383
76561199472102676,0,0.023479772731661797,3,0.9857762037051383
76561199548055022,0,0.004454778507351875,3,0.9857762037051383
76561198019936655,0,0.003452919190749526,3,0.9857762037051383
76561198070095234,0,0.006291666999459267,3,0.9857762037051383
76561199188442304,0,0.03891471028327942,3,0.9857762037051383
76561197993985881,0,0.04607978090643883,3,0.9857762037051383
76561198309467112,0,0.006775778252631426,3,0.9857762037051383
76561197960526640,0,0.004206446465104818,3,0.9857762037051383
76561198057800101,0,0.004038234706968069,3,0.9857762037051383
76561198047310743,0,0.18354712426662445,3,0.9857762037051383
76561198386722048,0,0.13237325847148895,3,0.9857762037051383
76561198287384383,0,0.006466761231422424,3,0.9857762037051383
76561199016621555,0,0.0033011012710630894,3,0.9857762037051383
76561198822970867,0,0.0039645591750741005,3,0.9857762037051383
76561198055708504,0,0.010903320275247097,3,0.9857762037051383
76561197973207809,0,0.00676638213917613,3,0.9857762037051383
76561199525300590,0,0.010188664309680462,3,0.9857762037051383
76561198119609691,0,0.009411291219294071,3,0.9857762037051383
76561199156762212,0,0.006278887391090393,3,0.9857762037051383
76561198449214953,0,0.007280050311237574,3,0.9857762037051383
76561198361449653,0,0.006265029311180115,3,0.9857762037051383
76561198837295171,0,0.004720862489193678,3,0.9857762037051383
76561198094330881,0,0.05760509520769119,3,0.9857762037051383
76561199439500307,0,0.0055237035267055035,3,0.9857762037051383
76561198180260665,0,0.010866438038647175,3,0.9857762037051383
76561198128704023,0,0.07449556142091751,3,0.9857762037051383
76561198030470476,0,0.003934792242944241,3,0.9857762037051383
76561198924453981,0,0.006587471812963486,3,0.9857762037051383
76561198127078576,0,0.00374423386529088,3,0.9857762037051383
76561199011823002,0,0.006114363204687834,3,0.9857762037051383
76561199437254726,0,0.0063360268250107765,3,0.9857762037051383
76561198241868678,0,0.003523875493556261,3,0.9857762037051383
76561197962647149,0,0.005065500736236572,3,0.9857762037051383
76561197995969416,0,0.003741835243999958,3,0.9857762037051383
76561199095844527,0,0.0037190825678408146,3,0.9857762037051383
76561199092319231,1,0.9855723977088928,3,0.9857762037051383
76561198873173878,0,0.7564322352409363,3,0.9857762037051383
76561198035965334,0,0.03230231627821922,3,0.9857762037051383
76561198364695264,0,0.006546666380017996,3,0.9857762037051383
76561199439037034,0,0.5299864411354065,3,0.9857762037051383
76561198041120733,0,0.9384598135948181,3,0.9857762037051383
76561199145501109,1,0.7302236557006836,3,0.9857762037051383
76561199061158240,0,0.511647641658783,3,0.9857762037051383
76561198407397421,0,0.8609508872032166,3,0.9857762037051383
76561198052742374,0,0.16476716101169586,3,0.9857762037051383
76561198338059829,0,0.006287321448326111,3,0.9857762037051383
76561198312765402,0,0.779211699962616,3,0.9857762037051383
76561199112963952,0,0.012979265302419662,3,0.9857762037051383
76561199003880891,0,0.00627491669729352,3,0.9857762037051383
76561198237986232,0,0.01907842420041561,3,0.9857762037051383
76561198355011847,0,0.005164190195500851,3,0.9857762037051383
76561198436366411,0,0.0062846108339726925,3,0.9857762037051383
76561199166275672,0,0.9771623015403748,3,0.9857762037051383
76561199733398865,0,0.978733479976654,3,0.9857762037051383
76561198332625174,0,0.7938342690467834,3,0.9857762037051383
76561198328249108,0,0.0033619296737015247,3,0.9857762037051383
76561199653545092,0,0.003992134239524603,3,0.9857762037051383
76561198929609340,0,0.9733396172523499,3,0.9857762037051383
76561199019569707,0,0.004650620277971029,3,0.9857762037051383
76561198333292059,0,0.37955400347709656,3,0.9857762037051383
76561198985592148,0,0.006481597200036049,3,0.9857762037051383
76561198036715529,0,0.8695287108421326,3,0.9857762037051383
76561199145975375,0,0.00726432166993618,3,0.9857762037051383
76561199103676888,0,0.005649141035974026,3,0.9857762037051383
76561199525864194,0,0.013301152735948563,3,0.9857762037051383
76561199049674415,0,0.003843500278890133,3,0.9857762037051383
76561198987143616,1,0.9949436783790588,3,0.9857762037051383
76561198993210888,0,0.971407413482666,3,0.9857762037051383
76561198842529011,0,0.003982943017035723,3,0.9857762037051383
76561198012334436,0,0.003735271282494068,3,0.9857762037051383
76561198957257992,0,0.003955858293920755,3,0.9857762037051383
76561198428739735,0,0.005213640164583921,3,0.9857762037051383
76561199044512456,0,0.005798399448394775,3,0.9857762037051383
76561198045516169,0,0.09539546072483063,3,0.9857762037051383
76561198012984256,0,0.2660270929336548,3,0.9857762037051383
76561198338648707,0,0.019743727520108223,3,0.9857762037051383
76561199482055041,0,0.007226917892694473,3,0.9857762037051383
76561197979900237,0,0.005283724050968885,3,0.9857762037051383
76561198105964991,0,0.0061381240375339985,3,0.9857762037051383
76561199053245127,0,0.008535073138773441,3,0.9857762037051383
76561198140838310,0,0.003575460985302925,3,0.9857762037051383
76561198085476847,0,0.007933481596410275,3,0.9857762037051383
76561198796883294,0,0.010509416460990906,3,0.9857762037051383
76561198979194888,0,0.06936522573232651,3,0.9857762037051383
76561199073228303,1,0.9943076968193054,3,0.9857762037051383
76561199527779359,0,0.004950580652803183,3,0.9857762037051383
76561198885522225,0,0.00529751880094409,3,0.9857762037051383
76561198087701270,0,0.21133632957935333,3,0.9857762037051383
76561198991729504,0,0.010023094713687897,3,0.9857762037051383
76561198166550770,0,0.00431622052565217,3,0.9857762037051383
76561198983052848,0,0.023262066766619682,3,0.9857762037051383
76561199242759011,0,0.006999123841524124,3,0.9857762037051383
76561198005273587,0,0.013649482280015945,3,0.9857762037051383
76561198128262902,0,0.8974124789237976,3,0.9857762037051383
76561199578055474,0,0.95789635181427,3,0.9857762037051383
76561199386728682,0,0.006167746614664793,3,0.9857762037051383
76561198067757493,0,0.006675782613456249,3,0.9857762037051383
76561198836725123,0,0.005255694501101971,3,0.9857762037051383
76561199041923081,0,0.018982520326972008,3,0.9857762037051383
76561199198251008,0,0.005238926503807306,3,0.9857762037051383
76561198023926411,0,0.003589324653148651,3,0.9857762037051383
76561198035654599,0,0.004403970204293728,3,0.9857762037051383
76561198843940773,0,0.32876092195510864,3,0.9857762037051383
76561198958458958,0,0.0048123737797141075,3,0.9857762037051383
76561199018049459,0,0.006580107845366001,3,0.9857762037051383
76561198989988950,0,0.004090301226824522,3,0.9857762037051383
76561199059414834,0,0.022245511412620544,3,0.9857762037051383
76561198044871440,0,0.003961788956075907,3,0.9857762037051383
76561198315064952,0,0.0034763305447995663,3,0.9857762037051383
76561198043291040,0,0.004605378024280071,3,0.9857762037051383
76561198139903090,0,0.022168738767504692,3,0.9857762037051383
76561198337708022,0,0.0038851129356771708,3,0.9857762037051383
76561198820308976,0,0.0034763305447995663,3,0.9857762037051383
76561198259313755,0,0.04633086547255516,3,0.9857762037051383
76561198285489824,0,0.006328165996819735,3,0.9857762037051383
76561198083964624,0,0.026557717472314835,3,0.9857762037051383
76561198370269905,0,0.004105845000594854,3,0.9857762037051383
76561198841167699,0,0.003774651326239109,3,0.9857762037051383
76561198199353886,0,0.16583119332790375,3,0.9857762037051383
76561198083864192,0,0.04201587662100792,3,0.9857762037051383
76561198977716908,0,0.9180271625518799,3,0.9857762037051383
76561199150185205,0,0.008672311902046204,3,0.9857762037051383
76561198026645509,0,0.9103710651397705,3,0.9857762037051383
76561198158248389,0,0.007010215427726507,3,0.9857762037051383
76561199165992324,0,0.7592156529426575,3,0.9857762037051383
76561198048914885,0,0.008290598168969154,3,0.9857762037051383
76561197991449208,0,0.46445900201797485,3,0.9857762037051383
76561198289797715,0,0.00809069536626339,3,0.9857762037051383
76561198133594370,0,0.8218281865119934,3,0.9857762037051383
76561198018176690,0,0.06624730676412582,3,0.9857762037051383
76561198835731787,0,0.9942842125892639,3,0.9857762037051383
76561198174660103,0,0.011181688867509365,3,0.9857762037051383
76561198363167759,1,0.9959306120872498,3,0.9857762037051383
76561199104940246,0,0.9873746037483215,3,0.9857762037051383
76561199116040116,0,0.9823800325393677,3,0.9857762037051383
76561199266927303,0,0.037215057760477066,3,0.9857762037051383
76561198239535366,0,0.03334304690361023,3,0.9857762037051383
76561198109133612,0,0.9901537299156189,3,0.9857762037051383
76561199015183388,0,0.006889089476317167,3,0.9857762037051383
76561199612653855,0,0.005116087384521961,3,0.9857762037051383
76561198035077916,0,0.011616464704275131,3,0.9857762037051383
76561199206238337,0,0.00986082386225462,3,0.9857762037051383
76561198799396977,0,0.2576095461845398,3,0.9857762037051383
76561198031948856,0,0.12219052761793137,3,0.9857762037051383
76561198853259503,0,0.005090662278234959,3,0.9857762037051383
76561198123322236,0,0.1488502472639084,3,0.9857762037051383
76561198085246762,0,0.15279287099838257,3,0.9857762037051383
76561198992206718,0,0.9572078585624695,3,0.9857762037051383
76561198058916935,0,0.0041716923005878925,3,0.9857762037051383
76561198352108089,0,0.839509129524231,3,0.9857762037051383
76561198035572604,0,0.0038703209720551968,3,0.9857762037051383
76561199097046646,0,0.005155437160283327,3,0.9857762037051383
76561199058264910,1,0.9940657615661621,3,0.9857762037051383
76561198034171938,0,0.0044617499224841595,3,0.9857762037051383
76561198070693877,0,0.0034763305447995663,3,0.9857762037051383
76561198305284046,0,0.0908164456486702,3,0.9857762037051383
76561198315347890,0,0.004189665894955397,3,0.9857762037051383
76561198294094877,0,0.004600911866873503,3,0.9857762037051383
76561199188915897,0,0.6291126608848572,3,0.9857762037051383
76561198213256944,0,0.005024178419262171,3,0.9857762037051383
76561199109600489,0,0.9904622435569763,3,0.9857762037051383
76561197987301525,0,0.017441781237721443,3,0.9857762037051383
76561198327518290,0,0.11127876490354538,3,0.9857762037051383
76561198205703504,0,0.004425358027219772,3,0.9857762037051383
76561198035919273,0,0.0551057793200016,3,0.9857762037051383
76561198126676198,0,0.039704836905002594,3,0.9857762037051383
76561198028797184,0,0.8664423227310181,3,0.9857762037051383
76561198040482352,0,0.4489404559135437,3,0.9857762037051383
76561198202234274,0,0.005288420710712671,3,0.9857762037051383
76561198847916482,0,0.009717672131955624,3,0.9857762037051383
76561198082356954,0,0.02101929485797882,3,0.9857762037051383
76561198006592739,0,0.003384757786989212,3,0.9857762037051383
76561198044572772,0,0.03818846866488457,3,0.9857762037051383
76561198140085127,0,0.008301324211061,3,0.9857762037051383
76561198040038876,0,0.6191140413284302,3,0.9857762037051383
76561198866106520,0,0.18107518553733826,3,0.9857762037051383
76561199154684710,0,0.004454789217561483,3,0.9857762037051383
76561198096408711,0,0.008334454149007797,3,0.9857762037051383
76561199114231500,0,0.05875569209456444,3,0.9857762037051383
76561198092117677,0,0.01204825472086668,3,0.9857762037051383
76561198371726491,0,0.004361514467746019,3,0.9857762037051383
76561198272065482,0,0.016974853351712227,3,0.9857762037051383
76561198799211086,0,0.004239825066179037,3,0.9857762037051383
76561198407819907,0,0.004327921196818352,3,0.9857762037051383
76561198241032310,0,0.010773798450827599,3,0.9857762037051383
76561199762853172,0,0.005782910622656345,3,0.9857762037051383
76561199589350376,0,0.004841709043830633,3,0.9857762037051383
76561198318006723,0,0.010524502024054527,3,0.9857762037051383
76561198059901629,0,0.005413145292550325,3,0.9857762037051383
76561199494392462,0,0.004532799590379,3,0.9857762037051383
76561198272742955,0,0.21288052201271057,3,0.9857762037051383
76561199229658174,0,0.004989588633179665,3,0.9857762037051383
76561199102964077,0,0.2290150672197342,3,0.9857762037051383
76561199467133789,0,0.004117583390325308,3,0.9857762037051383
76561199403436251,0,0.014319023117423058,3,0.9857762037051383
76561198006372666,0,0.9890874624252319,3,0.9857762037051383
76561198106897550,0,0.012772034853696823,3,0.9857762037051383
76561198398100472,0,0.13916906714439392,3,0.9857762037051383
76561198408769494,0,0.03302166238427162,3,0.9857762037051383
76561198037343977,0,0.00473311310634017,3,0.9857762037051383
76561198102127960,0,0.009001203812658787,3,0.9857762037051383
76561199417753552,0,0.008235318586230278,3,0.9857762037051383
76561199144586507,0,0.019222568720579147,3,0.9857762037051383
76561198040435238,0,0.003568207612261176,3,0.9857762037051383
76561198243966418,0,0.006102487910538912,3,0.9857762037051383
76561199271019189,0,0.008818884380161762,3,0.9857762037051383
76561198964928314,0,0.07476566731929779,3,0.9857762037051383
76561198044131483,0,0.009205272421240807,3,0.9857762037051383
76561197972305961,0,0.013753545470535755,3,0.9857762037051383
76561198023893292,0,0.0039062718860805035,3,0.9857762037051383
76561199058710634,0,0.04056413471698761,3,0.9857762037051383
76561199057954434,0,0.0058532278053462505,3,0.9857762037051383
76561198084054675,0,0.004469884559512138,3,0.9857762037051383
76561198873420010,0,0.04629047214984894,3,0.9857762037051383
76561198276718058,0,0.011735815554857254,3,0.9857762037051383
76561198055336404,0,0.03374749794602394,3,0.9857762037051383
76561198014191514,0,0.7884117364883423,3,0.9857762037051383
76561198008945561,0,0.012038400396704674,3,0.9857762037051383
76561199014289432,0,0.14786195755004883,3,0.9857762037051383
76561198008819518,0,0.0037966894451528788,3,0.9857762037051383
76561199099652351,0,0.005532464478164911,3,0.9857762037051383
76561198434414934,0,0.1669440120458603,3,0.9857762037051383
76561198348910637,0,0.004596459213644266,3,0.9857762037051383
76561199109294386,0,0.006086729001253843,3,0.9857762037051383
76561199386740267,0,0.00433403579518199,3,0.9857762037051383
76561198044473961,0,0.007908245548605919,3,0.9857762037051383
76561199101829427,0,0.010096113197505474,3,0.9857762037051383
76561198276536434,0,0.5138884782791138,3,0.9857762037051383
76561198093260511,0,0.7019268274307251,3,0.9857762037051383
76561198257803174,0,0.8280519843101501,3,0.9857762037051383
76561198174952273,0,0.8936699628829956,3,0.9857762037051383
76561198102940746,0,0.9947330951690674,3,0.9857762037051383
76561199127236334,0,0.028180468827486038,3,0.9857762037051383
76561199063653696,1,0.9956709146499634,3,0.9857762037051383
76561199808669397,0,0.003816009033471346,3,0.9857762037051383
76561198115248425,0,0.2626306116580963,3,0.9857762037051383
76561198316589281,0,0.016737183555960655,3,0.9857762037051383
76561198880453391,0,0.42445555329322815,3,0.9857762037051383
76561197970629132,1,0.9132494330406189,3,0.9857762037051383
76561199107793770,0,0.009747209027409554,3,0.9857762037051383
76561198905625944,0,0.008518284186720848,3,0.9857762037051383
76561198926708672,0,0.004286660812795162,3,0.9857762037051383
76561198088027350,0,0.004169068299233913,3,0.9857762037051383
76561198312838299,1,0.9959501028060913,3,0.9857762037051383
76561199070844581,0,0.8486087918281555,3,0.9857762037051383
76561198054323071,0,0.00724121555685997,3,0.9857762037051383
76561199218152237,0,0.0048234169371426105,3,0.9857762037051383
76561199116265318,0,0.005950138438493013,3,0.9857762037051383
76561198400690263,0,0.005473280791193247,3,0.9857762037051383
76561198037764364,0,0.008005689829587936,3,0.9857762037051383
76561199090964830,0,0.009598512202501297,3,0.9857762037051383
76561198024620160,0,0.20597191154956818,3,0.9857762037051383
76561198081091039,0,0.29801613092422485,3,0.9857762037051383
76561199386768591,0,0.06026838347315788,3,0.9857762037051383
76561197964580538,1,0.9915865659713745,3,0.9857762037051383
76561198798101664,0,0.02522910013794899,3,0.9857762037051383
76561198132480271,0,0.008290943689644337,3,0.9857762037051383
76561198031656254,0,0.013117442838847637,3,0.9857762037051383
76561198416349075,0,0.005175635684281588,3,0.9857762037051383
76561198076413408,0,0.952287495136261,3,0.9857762037051383
76561198960435195,0,0.010864121839404106,3,0.9857762037051383
76561197988136290,0,0.9940506815910339,3,0.9857762037051383
76561198811200961,0,0.9265308976173401,3,0.9857762037051383
76561198303197005,0,0.11254703253507614,3,0.9857762037051383
76561198052333961,0,0.6994361877441406,3,0.9857762037051383
76561198122755539,0,0.010172931477427483,3,0.9857762037051383
76561198410947246,0,0.5048170685768127,3,0.9857762037051383
76561198061089827,1,0.9950868487358093,3,0.9857762037051383
76561199134623453,0,0.0034311036579310894,3,0.9857762037051383
76561198073541052,0,0.004606169182807207,3,0.9857762037051383
76561198098386350,0,0.06428948044776917,3,0.9857762037051383
76561199372132613,0,0.9663682579994202,3,0.9857762037051383
76561199248746732,0,0.06564055383205414,3,0.9857762037051383
76561199147304362,0,0.184613898396492,3,0.9857762037051383
76561199244210423,0,0.004303527530282736,3,0.9857762037051383
76561198119041863,0,0.27377912402153015,3,0.9857762037051383
76561198818792965,0,0.0319783054292202,3,0.9857762037051383
76561199315309619,0,0.0033011012710630894,3,0.9857762037051383
76561198123377442,0,0.3058777451515198,3,0.9857762037051383
76561198081872496,0,0.47605109214782715,3,0.9857762037051383
76561198797636626,0,0.01687338948249817,3,0.9857762037051383
76561198040482006,0,0.36367174983024597,3,0.9857762037051383
76561198963068184,0,0.09158775955438614,3,0.9857762037051383
76561199012501553,0,0.9276572465896606,3,0.9857762037051383
76561198374328336,0,0.004079918377101421,3,0.9857762037051383
76561198844299521,0,0.004017943516373634,3,0.9857762037051383
76561198113277010,0,0.0044163125567138195,3,0.9857762037051383
76561198042231698,0,0.9931221604347229,3,0.9857762037051383
76561198281768574,0,0.6732968688011169,3,0.9857762037051383
76561199535331198,0,0.008566536009311676,3,0.9857762037051383
76561198067258144,0,0.0063325995579361916,3,0.9857762037051383
76561198880156023,0,0.0038982334081083536,3,0.9857762037051383
76561199617011798,0,0.008474394679069519,3,0.9857762037051383
76561199096304271,0,0.007457600440829992,3,0.9857762037051383
76561198835550245,0,0.0038897793274372816,3,0.9857762037051383
76561199059457901,0,0.013329186476767063,3,0.9857762037051383
76561199366135285,0,0.010329185053706169,3,0.9857762037051383
76561198161470719,0,0.5252485275268555,3,0.9857762037051383
76561199039478534,0,0.004479659721255302,3,0.9857762037051383
76561199014553342,0,0.0036845882423222065,3,0.9857762037051383
76561198081853592,0,0.8318378329277039,3,0.9857762037051383
76561199557625741,0,0.07563377916812897,3,0.9857762037051383
76561198085703311,0,0.8952189683914185,3,0.9857762037051383
76561198012414366,0,0.04299728572368622,3,0.9857762037051383
76561198864137354,0,0.004231107421219349,3,0.9857762037051383
76561198403247189,0,0.004415473900735378,3,0.9857762037051383
76561199084431824,0,0.004731547553092241,3,0.9857762037051383
76561198041004529,0,0.008860125206410885,3,0.9857762037051383
76561198865166076,0,0.023960962891578674,3,0.9857762037051383
76561198799141529,0,0.006482039112597704,3,0.9857762037051383
76561198805842217,0,0.004919895902276039,3,0.9857762037051383
76561198044378699,0,0.010219920426607132,3,0.9857762037051383
76561198825349957,0,0.011249753646552563,3,0.9857762037051383
76561198061832592,0,0.020826799795031548,3,0.9857762037051383
76561198287999783,0,0.011127239093184471,3,0.9857762037051383
76561198236497254,0,0.007409846410155296,3,0.9857762037051383
76561199013971850,0,0.011676100082695484,3,0.9857762037051383
76561199030333528,0,0.021069463342428207,3,0.9857762037051383
76561199030515561,0,0.013146580196917057,3,0.9857762037051383
76561199385539401,0,0.005348410923033953,3,0.9857762037051383
76561199257759286,0,0.004509842023253441,3,0.9857762037051383
76561198867426365,0,0.03868532553315163,3,0.9857762037051383
76561199192929732,0,0.08957679569721222,3,0.9857762037051383
76561198428182525,0,0.029733097180724144,3,0.9857762037051383
76561198090259837,0,0.009463776834309101,3,0.9857762037051383
76561198114216485,0,0.0057224007323384285,3,0.9857762037051383
76561199216319992,0,0.0034763305447995663,3,0.9857762037051383
76561199025166098,0,0.005920679308474064,3,0.9857762037051383
76561198256450038,0,0.003961788956075907,3,0.9857762037051383
76561198048017270,0,0.0284527949988842,3,0.9857762037051383
76561198217898211,0,0.0528215616941452,3,0.9857762037051383
76561199073385764,0,0.004048002418130636,3,0.9857762037051383
76561198049617208,0,0.026760432869195938,3,0.9857762037051383
76561198808609700,0,0.004048723261803389,3,0.9857762037051383
76561199100707652,0,0.0037487191148102283,3,0.9857762037051383
76561199230082616,0,0.004510647151619196,3,0.9857762037051383
76561199007417898,0,0.0033638090826570988,3,0.9857762037051383
76561199180421412,0,0.9001844525337219,3,0.9857762037051383
76561199205448084,0,0.0033011012710630894,3,0.9857762037051383
76561198339169403,0,0.0034763305447995663,3,0.9857762037051383
76561199229519150,1,0.9944412112236023,3,0.9857762037051383
76561199229583028,0,0.05203976482152939,3,0.9857762037051383
76561197995475337,0,0.9270235300064087,3,0.9857762037051383
76561198349429450,0,0.10159292072057724,3,0.9857762037051383
76561199187927452,0,0.005025325808674097,3,0.9857762037051383
76561198286415450,0,0.21269406378269196,3,0.9857762037051383
76561198001453219,0,0.026029162108898163,3,0.9857762037051383
76561198133584967,0,0.004654765594750643,3,0.9857762037051383
76561198004923258,0,0.004340687766671181,3,0.9857762037051383
76561198114147723,0,0.07399506121873856,3,0.9857762037051383
76561199120072593,0,0.559984564781189,3,0.9857762037051383
76561198121994683,0,0.17336684465408325,3,0.9857762037051383
76561199174871648,0,0.576342761516571,3,0.9857762037051383
76561198034432601,0,0.2124454379081726,3,0.9857762037051383
76561198007102452,0,0.00898989662528038,3,0.9857762037051383
76561198015153779,0,0.7493120431900024,3,0.9857762037051383
76561198023398467,0,0.004271682817488909,3,0.9857762037051383
76561198371421048,0,0.004553538281470537,3,0.9857762037051383
76561198236987276,0,0.05235539376735687,3,0.9857762037051383
76561199521119828,0,0.7917163968086243,3,0.9857762037051383
76561199075858133,0,0.005383135750889778,3,0.9857762037051383
76561199086146571,0,0.10789312422275543,3,0.9857762037051383
76561198009382816,0,0.572075366973877,3,0.9857762037051383
76561198024062932,0,0.7912246584892273,3,0.9857762037051383
76561198152326605,0,0.9842892289161682,3,0.9857762037051383
76561199102243787,1,0.9916933178901672,3,0.9857762037051383
76561198030718797,0,0.9169230461120605,3,0.9857762037051383
76561198043505250,0,0.004695155192166567,3,0.9857762037051383
76561198289501199,0,0.004886134061962366,3,0.9857762037051383
76561198076817561,0,0.8556234836578369,3,0.9857762037051383
76561199106454111,0,0.003840651595965028,3,0.9857762037051383
76561197979975266,0,0.006772881373763084,3,0.9857762037051383
76561198283894233,0,0.004440834280103445,3,0.9857762037051383
76561198974801319,0,0.632720947265625,3,0.9857762037051383
76561198347381385,0,0.4541231393814087,3,0.9857762037051383
76561198042752497,0,0.004897530656307936,3,0.9857762037051383
76561199061297148,0,0.1698179841041565,3,0.9857762037051383
76561199207174328,0,0.10907206684350967,3,0.9857762037051383
76561198282205631,0,0.010080050677061081,3,0.9857762037051383
76561197992963854,0,0.17499640583992004,3,0.9857762037051383
76561198136486584,0,0.7729758024215698,3,0.9857762037051383
76561198273404517,0,0.07514131814241409,3,0.9857762037051383
76561198065604811,0,0.00419924221932888,3,0.9857762037051383
76561198108487154,0,0.0049196528270840645,3,0.9857762037051383
76561198071602393,0,0.0052922978065907955,3,0.9857762037051383
76561198217888185,0,0.038231153041124344,3,0.9857762037051383
76561199146908198,0,0.012916800566017628,3,0.9857762037051383
76561198312017530,0,0.5653529167175293,3,0.9857762037051383
76561198111633909,0,0.5828695893287659,3,0.9857762037051383
76561198050857343,0,0.00429639033973217,3,0.9857762037051383
76561198160637753,0,0.009685362689197063,3,0.9857762037051383
76561199380823510,0,0.004239825066179037,3,0.9857762037051383
76561199073398678,0,0.005325085949152708,3,0.9857762037051383
76561198127046981,0,0.753170907497406,3,0.9857762037051383
76561198949422329,0,0.2136896401643753,3,0.9857762037051383
76561198273075073,0,0.9861727356910706,3,0.9857762037051383
76561198084764359,0,0.00476956507191062,3,0.9857762037051383
76561198052234368,0,0.02899080514907837,3,0.9857762037051383
76561198072057828,0,0.08384768664836884,3,0.9857762037051383
76561198117094293,0,0.003342017065733671,3,0.9857762037051383
76561199434063454,0,0.0035640986170619726,3,0.9857762037051383
76561198348976406,0,0.07944020628929138,3,0.9857762037051383
76561199162596026,0,0.9867989420890808,3,0.9857762037051383
76561198813441079,0,0.004090153146535158,3,0.9857762037051383
76561198043124277,0,0.08994331955909729,3,0.9857762037051383
76561198039870080,0,0.01341275591403246,3,0.9857762037051383
76561199257774639,0,0.01955578103661537,3,0.9857762037051383
76561198274265715,0,0.03027283400297165,3,0.9857762037051383
76561198052170627,0,0.004877877421677113,3,0.9857762037051383
76561198278968529,0,0.0062180389650166035,3,0.9857762037051383
76561198045018725,0,0.009455738589167595,3,0.9857762037051383
76561199042614472,0,0.0046563963405787945,3,0.9857762037051383
76561199018910672,0,0.003950212616473436,3,0.9857762037051383
76561198062825474,0,0.003542718943208456,3,0.9857762037051383
76561199557223192,0,0.011532606557011604,3,0.9857762037051383
76561198200035233,0,0.017533401027321815,3,0.9857762037051383
76561198336925581,0,0.012066836468875408,3,0.9857762037051383
76561198015436186,0,0.015583127737045288,3,0.9857762037051383
76561198004046716,0,0.26693183183670044,3,0.9857762037051383
76561198054916384,0,0.13410791754722595,3,0.9857762037051383
76561199792594334,0,0.009455018676817417,3,0.9857762037051383
76561198394715807,0,0.06128948926925659,3,0.9857762037051383
76561198820643352,0,0.0084011759608984,3,0.9857762037051383
76561199083149547,0,0.04157859832048416,3,0.9857762037051383
76561197983106376,0,0.3097149431705475,3,0.9857762037051383
76561197977709768,0,0.0034763305447995663,3,0.9857762037051383
76561199179316556,0,0.09136789292097092,3,0.9857762037051383
76561198275190196,0,0.004709141328930855,3,0.9857762037051383
76561198006808451,0,0.0034826332703232765,3,0.9857762037051383
76561198068772819,0,0.037215057760477066,3,0.9857762037051383
76561199191598096,0,0.005977776367217302,3,0.9857762037051383
76561198086285958,0,0.04147749021649361,3,0.9857762037051383
76561198444632456,1,0.9950991272926331,3,0.9857762037051383
76561198169262146,0,0.9589774012565613,3,0.9857762037051383
76561199122204921,0,0.013738088309764862,3,0.9857762037051383
76561198155151517,0,0.9890043139457703,3,0.9857762037051383
76561198844204555,0,0.007409901823848486,3,0.9857762037051383
76561198882033545,0,0.03726380690932274,3,0.9857762037051383
76561199556793636,0,0.026199793443083763,3,0.9857762037051383
76561199219981414,0,0.004963045474141836,3,0.9857762037051383
76561197970495590,0,0.5023651719093323,3,0.9857762037051383
76561199192890237,0,0.010239223018288612,3,0.9857762037051383
76561199035955844,0,0.5457234978675842,3,0.9857762037051383
76561199495959017,0,0.004911339841783047,3,0.9857762037051383
76561198288102353,0,0.006287321448326111,3,0.9857762037051383
76561198877367062,0,0.021784240379929543,3,0.9857762037051383
76561198281395208,0,0.009865728206932545,3,0.9857762037051383
76561198267937586,1,0.9954196214675903,3,0.9857762037051383
76561198289287353,0,0.6471260190010071,3,0.9857762037051383
76561199570282693,0,0.06707224249839783,3,0.9857762037051383
76561199160146989,0,0.004027842078357935,3,0.9857762037051383
76561198110843125,0,0.054598476737737656,3,0.9857762037051383
76561198027496149,0,0.0037196213379502296,3,0.9857762037051383
76561198263753381,1,0.9924693703651428,3,0.9857762037051383
76561199122116246,0,0.17000927031040192,3,0.9857762037051383
76561198091684090,0,0.5751581788063049,3,0.9857762037051383
76561198384958826,0,0.5398901700973511,3,0.9857762037051383
76561199770610758,0,0.006333634722977877,3,0.9857762037051383
76561198369333102,0,0.004263237584382296,3,0.9857762037051383
76561198211363289,0,0.004689579363912344,3,0.9857762037051383
76561198412784988,0,0.0056428746320307255,3,0.9857762037051383
76561197976392585,0,0.003640572540462017,3,0.9857762037051383
76561198035678041,0,0.17050671577453613,3,0.9857762037051383
76561198856841829,0,0.004759656731039286,3,0.9857762037051383
76561198084059258,0,0.9841576218605042,3,0.9857762037051383
76561198345182788,0,0.004482082556933165,3,0.9857762037051383
76561198027748460,0,0.007428080774843693,3,0.9857762037051383
76561198181560067,0,0.004206434357911348,3,0.9857762037051383
76561198823243464,0,0.03122546896338463,3,0.9857762037051383
76561198207746037,0,0.14356030523777008,3,0.9857762037051383
76561198277952034,0,0.0173964686691761,3,0.9857762037051383
76561199243855987,0,0.056507423520088196,3,0.9857762037051383
76561198060597016,0,0.4763432443141937,3,0.9857762037051383
76561198851360116,1,0.9941231608390808,3,0.9857762037051383
76561199453470572,0,0.9436680674552917,3,0.9857762037051383
76561198175381205,0,0.006754307541996241,3,0.9857762037051383
76561198070761628,0,0.05276859924197197,3,0.9857762037051383
76561199528113206,1,0.9894019961357117,3,0.9857762037051383
76561198130284895,0,0.03200836107134819,3,0.9857762037051383
76561198418038216,0,0.004238963592797518,3,0.9857762037051383
76561199140087190,0,0.007526799570769072,3,0.9857762037051383
76561198135705123,0,0.007285620551556349,3,0.9857762037051383
76561199197952279,0,0.0033638090826570988,3,0.9857762037051383
76561198102464874,0,0.004556035622954369,3,0.9857762037051383
76561198211944597,0,0.004509279038757086,3,0.9857762037051383
76561198287666681,0,0.010862953960895538,3,0.9857762037051383
76561198884677962,0,0.00555216521024704,3,0.9857762037051383
76561199183380600,0,0.0033011012710630894,3,0.9857762037051383
76561198046039942,0,0.006203840486705303,3,0.9857762037051383
76561199164703879,0,0.012547779828310013,3,0.9857762037051383
76561198056944676,0,0.09557171911001205,3,0.9857762037051383
76561198796092563,0,0.3414711654186249,3,0.9857762037051383
76561198287516403,0,0.0456734262406826,3,0.9857762037051383
76561198092000489,0,0.005033818073570728,3,0.9857762037051383
76561198805879535,0,0.011892409063875675,3,0.9857762037051383
76561199671083963,0,0.008096468634903431,3,0.9857762037051383
76561199029574740,0,0.005163619294762611,3,0.9857762037051383
76561199123724057,0,0.008177817799150944,3,0.9857762037051383
76561198023556422,0,0.007045660633593798,3,0.9857762037051383
76561198123343710,0,0.4012333154678345,3,0.9857762037051383
76561198169405242,0,0.01822012849152088,3,0.9857762037051383
76561198429523019,0,0.31054940819740295,3,0.9857762037051383
76561199129515927,0,0.044281553477048874,3,0.9857762037051383
76561199024165289,0,0.004456013906747103,3,0.9857762037051383
76561198025523400,0,0.043120067566633224,3,0.9857762037051383
76561198719956230,0,0.013470499776303768,3,0.9857762037051383
76561198011275053,0,0.9847158193588257,3,0.9857762037051383
76561198103046881,0,0.0033011012710630894,3,0.9857762037051383
76561198153513297,0,0.009187836199998856,3,0.9857762037051383
76561198062152717,0,0.48254022002220154,3,0.9857762037051383
76561198451309251,0,0.00569907808676362,3,0.9857762037051383
76561198262548505,0,0.011997432447969913,3,0.9857762037051383
76561198100501826,0,0.003452919190749526,3,0.9857762037051383
76561197995234970,0,0.08151551336050034,3,0.9857762037051383
76561197987234656,0,0.01476422417908907,3,0.9857762037051383
76561198988021642,0,0.009139168076217175,3,0.9857762037051383
76561198988900251,0,0.024322180077433586,3,0.9857762037051383
76561198100194869,0,0.01309617143124342,3,0.9857762037051383
76561198398274376,0,0.0037551033310592175,3,0.9857762037051383
76561198014775465,0,0.0038811382837593555,3,0.9857762037051383
76561199473476865,0,0.010517020709812641,3,0.9857762037051383
76561198356756491,0,0.0051289089024066925,3,0.9857762037051383
76561198133049383,0,0.9089800715446472,3,0.9857762037051383
76561198153160437,0,0.005180553067475557,3,0.9857762037051383
76561199153849288,0,0.037215057760477066,3,0.9857762037051383
76561198349666108,0,0.014555893838405609,3,0.9857762037051383
76561198020013468,0,0.0061753480695188046,3,0.9857762037051383
76561198816626877,0,0.003452919190749526,3,0.9857762037051383
76561198974348187,0,0.051305897533893585,3,0.9857762037051383
76561199060369049,0,0.06091601774096489,3,0.9857762037051383
76561198311996279,0,0.8259842991828918,3,0.9857762037051383
76561199405077909,0,0.9754965305328369,3,0.9857762037051383
76561199660330916,0,0.003990902099758387,3,0.9857762037051383
76561199095109852,1,0.9921075701713562,3,0.9857762037051383
76561198839396244,0,0.3921360671520233,3,0.9857762037051383
76561199050641046,0,0.0036714922171086073,3,0.9857762037051383
76561199194174478,0,0.00429470743983984,3,0.9857762037051383
76561199484535977,0,0.00413374463096261,3,0.9857762037051383
76561198025381235,0,0.0037650989834219217,3,0.9857762037051383
76561198141190006,0,0.5702558159828186,3,0.9857762037051383
76561198087711764,0,0.7397644519805908,3,0.9857762037051383
76561198056515937,0,0.8279526829719543,3,0.9857762037051383
76561198328317447,1,0.9946308135986328,3,0.9857762037051383
76561198078141209,0,0.045399364084005356,3,0.9857762037051383
76561198355728006,1,0.9914686679840088,3,0.9857762037051383
76561199679332415,0,0.013731570914387703,3,0.9857762037051383
76561198062250823,0,0.2957233488559723,3,0.9857762037051383
76561198324763399,0,0.00352358422242105,3,0.9857762037051383
76561198032670568,0,0.9869298934936523,3,0.9857762037051383
76561197960371681,0,0.0037481063045561314,3,0.9857762037051383
76561198171690845,0,0.014511610381305218,3,0.9857762037051383
76561198015012599,0,0.07177857309579849,3,0.9857762037051383
76561198980991504,0,0.014456851407885551,3,0.9857762037051383
76561198162060000,0,0.22457678616046906,3,0.9857762037051383
76561199134332112,0,0.8686180114746094,3,0.9857762037051383
76561199249439193,0,0.04394330829381943,3,0.9857762037051383
76561199207269627,0,0.0036889114417135715,3,0.9857762037051383
76561198371394151,0,0.9849703311920166,3,0.9857762037051383
76561199014387229,0,0.1053023710846901,3,0.9857762037051383
76561199088798452,0,0.9948949217796326,3,0.9857762037051383
76561198871071806,0,0.2771586775779724,3,0.9857762037051383
76561198966853379,0,0.012065540067851543,3,0.9857762037051383
76561198088800890,0,0.027639325708150864,3,0.9857762037051383
76561199177373074,0,0.15279905498027802,3,0.9857762037051383
76561198804081825,0,0.011609678156673908,3,0.9857762037051383
76561198804586917,0,0.008976117707788944,3,0.9857762037051383
76561199090769065,0,0.04021044075489044,3,0.9857762037051383
76561198964239931,0,0.004001112189143896,3,0.9857762037051383
76561198022988574,0,0.4018607437610626,3,0.9857762037051383
76561199213981687,0,0.005269618239253759,3,0.9857762037051383
76561198084454848,0,0.008592619560658932,3,0.9857762037051383
76561198982012115,0,0.38083407282829285,3,0.9857762037051383
76561197975302567,0,0.23512504994869232,3,0.9857762037051383
76561198061937190,0,0.04711785167455673,3,0.9857762037051383
76561197983124717,0,0.2765725255012512,3,0.9857762037051383
76561199115039262,0,0.004863206297159195,3,0.9857762037051383
76561199289551748,0,0.07430493831634521,3,0.9857762037051383
76561198016988039,0,0.004048723261803389,3,0.9857762037051383
76561198328056702,0,0.05772865191102028,3,0.9857762037051383
76561198114809963,0,0.010380669496953487,3,0.9857762037051383
76561197970798065,0,0.007847226224839687,3,0.9857762037051383
76561198149445699,0,0.003575460985302925,3,0.9857762037051383
76561198985301252,0,0.004048723261803389,3,0.9857762037051383
76561199186732457,0,0.0041716923005878925,3,0.9857762037051383
76561199229672051,0,0.008624622598290443,3,0.9857762037051383
76561198136528235,0,0.6406676769256592,3,0.9857762037051383
76561197971539354,0,0.009311828762292862,3,0.9857762037051383
76561198878418279,0,0.7877287268638611,3,0.9857762037051383
76561198058195628,0,0.008366101421415806,3,0.9857762037051383
76561198030926139,0,0.024508778005838394,3,0.9857762037051383
76561198030733382,0,0.003508679335936904,3,0.9857762037051383
76561199482232772,0,0.006404164247214794,3,0.9857762037051383
76561199191091646,0,0.003580258460715413,3,0.9857762037051383
76561198248259256,0,0.0034763305447995663,3,0.9857762037051383
76561198810439380,0,0.011771250516176224,3,0.9857762037051383
76561198856590415,0,0.0044691357761621475,3,0.9857762037051383
76561198254286033,0,0.09985898435115814,3,0.9857762037051383
76561198389323199,0,0.005324502941220999,3,0.9857762037051383
76561199188221682,0,0.004738297779113054,3,0.9857762037051383
76561198847435518,0,0.006465097889304161,3,0.9857762037051383
76561199505706563,0,0.10414327681064606,3,0.9857762037051383
76561199017363172,0,0.029278645291924477,3,0.9857762037051383
76561198087192281,0,0.6607169508934021,3,0.9857762037051383
76561199122145682,0,0.9493831396102905,3,0.9857762037051383
76561198056556426,0,0.02038094401359558,3,0.9857762037051383
76561198316303070,0,0.004900868982076645,3,0.9857762037051383
76561198445167929,0,0.028325870633125305,3,0.9857762037051383
76561199157729739,0,0.003414419014006853,3,0.9857762037051383
76561198304710346,0,0.012146838940680027,3,0.9857762037051383
76561199575159713,0,0.008590856567025185,3,0.9857762037051383
76561198313402063,0,0.004445284605026245,3,0.9857762037051383
76561199470840450,0,0.992837131023407,3,0.9857762037051383
76561198941727484,0,0.03598066046833992,3,0.9857762037051383
76561198155303171,0,0.40542513132095337,3,0.9857762037051383
76561199471803202,0,0.003452919190749526,3,0.9857762037051383
76561198452587849,0,0.004079152829945087,3,0.9857762037051383
76561199546072352,0,0.01325439102947712,3,0.9857762037051383
76561198996919331,0,0.038812946528196335,3,0.9857762037051383
76561198426516418,0,0.005757608916610479,3,0.9857762037051383
76561198858419448,0,0.005142379552125931,3,0.9857762037051383
76561199549337866,1,0.9887202382087708,3,0.9857762037051383
76561199088145151,0,0.005124196410179138,3,0.9857762037051383
76561198108090753,0,0.00505544850602746,3,0.9857762037051383
76561199030437322,0,0.003723484231159091,3,0.9857762037051383
76561198995923813,0,0.8762636780738831,3,0.9857762037051383
76561199087255220,0,0.013320828787982464,3,0.9857762037051383
76561198984193062,0,0.020205838605761528,3,0.9857762037051383
76561198104434570,0,0.0207915510982275,3,0.9857762037051383
76561197972441058,0,0.00432304572314024,3,0.9857762037051383
76561198170430023,0,0.004596131853759289,3,0.9857762037051383
76561198008954464,0,0.007745467126369476,3,0.9857762037051383
76561199041740823,0,0.017098335549235344,3,0.9857762037051383
76561198052575794,0,0.004604267422109842,3,0.9857762037051383
76561198091740220,1,0.9881453514099121,3,0.9857762037051383
76561198296923113,0,0.5583365559577942,3,0.9857762037051383
76561198325936601,0,0.007136231753975153,3,0.9857762037051383
76561199086225520,0,0.016815153881907463,3,0.9857762037051383
76561199041913147,0,0.050090838223695755,3,0.9857762037051383
76561198007270167,0,0.009195883758366108,3,0.9857762037051383
76561198289637208,0,0.5960825085639954,3,0.9857762037051383
76561198041266624,0,0.014751292765140533,3,0.9857762037051383
76561198275178065,0,0.007353615015745163,3,0.9857762037051383
76561198196487229,0,0.022939877584576607,3,0.9857762037051383
76561198331456164,0,0.004315528552979231,3,0.9857762037051383
76561198014855802,0,0.004167700186371803,3,0.9857762037051383
76561198121942658,0,0.07034130394458771,3,0.9857762037051383
76561199418404306,0,0.006045501679182053,3,0.9857762037051383
76561198858322952,0,0.008600316941738129,3,0.9857762037051383
76561197993431090,0,0.8254409432411194,3,0.9857762037051383
76561197986998090,0,0.0072410679422318935,3,0.9857762037051383
76561198041908521,0,0.004475659690797329,3,0.9857762037051383
76561199470832051,0,0.03759082779288292,3,0.9857762037051383
76561198208076471,0,0.25815221667289734,3,0.9857762037051383
76561198029923062,0,0.010418480262160301,3,0.9857762037051383
76561198121031359,0,0.0181126706302166,3,0.9857762037051383
76561198374276774,1,0.988416314125061,3,0.9857762037051383
76561199217176261,0,0.01003593485802412,3,0.9857762037051383
76561198391861014,0,0.514718770980835,3,0.9857762037051383
76561198055349668,0,0.8818389773368835,3,0.9857762037051383
76561198094052868,0,0.007321024779230356,3,0.9857762037051383
76561198203688379,0,0.005342764779925346,3,0.9857762037051383
76561197977464091,1,0.9920291900634766,3,0.9857762037051383
76561197993537868,0,0.012224779464304447,3,0.9857762037051383
76561199122574384,0,0.04580909013748169,3,0.9857762037051383
76561199004758292,0,0.008910096250474453,3,0.9857762037051383
76561198020340683,0,0.004049346782267094,3,0.9857762037051383
76561198173108006,0,0.013846292160451412,3,0.9857762037051383
76561198268933398,0,0.008178722113370895,3,0.9857762037051383
76561198408964962,0,0.020488057285547256,3,0.9857762037051383
76561198077790479,0,0.005791983567178249,3,0.9857762037051383
76561198421157600,0,0.016990700736641884,3,0.9857762037051383
76561198297062740,0,0.9611386060714722,3,0.9857762037051383
76561198963947808,0,0.004349136259406805,3,0.9857762037051383
76561199229986501,0,0.04197193682193756,3,0.9857762037051383
76561198832760333,0,0.6682966351509094,3,0.9857762037051383
76561199090708891,0,0.01049066986888647,3,0.9857762037051383
76561198085687926,0,0.016696497797966003,3,0.9857762037051383
76561199182101764,1,0.9956837892532349,3,0.9857762037051383
76561198153414459,0,0.0036739942152053118,3,0.9857762037051383
76561198093535875,0,0.7554717659950256,3,0.9857762037051383
76561198395508377,0,0.990799605846405,3,0.9857762037051383
76561197963454608,0,0.004459761083126068,3,0.9857762037051383
76561199019828136,0,0.9920819997787476,3,0.9857762037051383
76561199024826738,0,0.0033011012710630894,3,0.9857762037051383
76561198422064556,0,0.003644410753622651,3,0.9857762037051383
76561199044311511,0,0.07649434357881546,3,0.9857762037051383
76561198284175424,0,0.00387652893550694,3,0.9857762037051383
76561199007416128,0,0.1360037922859192,3,0.9857762037051383
76561198983052142,0,0.6642288565635681,3,0.9857762037051383
76561198062466826,0,0.004917086102068424,3,0.9857762037051383
76561198003687071,0,0.05744508281350136,3,0.9857762037051383
76561198091091093,0,0.004359563812613487,3,0.9857762037051383
76561199230304869,0,0.034523747861385345,3,0.9857762037051383
76561199229370911,0,0.005857269745320082,3,0.9857762037051383
76561198210099167,0,0.003575460985302925,3,0.9857762037051383
76561197994176118,0,0.01582903228700161,3,0.9857762037051383
76561198243204498,0,0.0034315765369683504,3,0.9857762037051383
76561199544153893,0,0.003961788956075907,3,0.9857762037051383
76561198034368932,0,0.0039334651082754135,3,0.9857762037051383
76561198981117193,0,0.0034066459629684687,3,0.9857762037051383
76561198041377608,0,0.00791969709098339,3,0.9857762037051383
76561199202624491,0,0.005018963944166899,3,0.9857762037051383
76561198359169837,0,0.00345552247017622,3,0.9857762037051383
76561199047475097,0,0.007297322154045105,3,0.9857762037051383
76561198196497953,0,0.08710917830467224,3,0.9857762037051383
76561198849243489,0,0.003966544289141893,3,0.9857762037051383
76561198119248726,0,0.01709897816181183,3,0.9857762037051383
76561198063398480,0,0.0052190241403877735,3,0.9857762037051383
76561198080766036,0,0.022043978795409203,3,0.9857762037051383
76561199350223150,0,0.004071112256497145,3,0.9857762037051383
76561198425985622,0,0.9277027249336243,3,0.9857762037051383
76561198104804954,0,0.011734211817383766,3,0.9857762037051383
76561198012937573,0,0.004053868353366852,3,0.9857762037051383
76561198198031079,0,0.10776902735233307,3,0.9857762037051383
76561197984451274,0,0.004862071014940739,3,0.9857762037051383
76561199510869120,0,0.008697881363332272,3,0.9857762037051383
76561198926229459,0,0.019657276570796967,3,0.9857762037051383
76561198320216969,1,0.9933069348335266,3,0.9857762037051383
76561198069200077,0,0.008081668987870216,3,0.9857762037051383
76561198066381452,0,0.6902440786361694,3,0.9857762037051383
76561198433746456,0,0.02807394228875637,3,0.9857762037051383
76561198881370390,0,0.0036018346436321735,3,0.9857762037051383
76561198829576713,0,0.22797740995883942,3,0.9857762037051383
76561199226546756,0,0.015389093197882175,3,0.9857762037051383
76561199138466626,1,0.9828516244888306,3,0.9857762037051383
76561198036092407,0,0.05499373748898506,3,0.9857762037051383
76561198132049217,0,0.9934105277061462,3,0.9857762037051383
76561199141689634,0,0.00728649040684104,3,0.9857762037051383
76561198024190644,1,0.9953371286392212,3,0.9857762037051383
76561198017992030,0,0.9015490412712097,3,0.9857762037051383
76561199013269906,0,0.014965231530368328,3,0.9857762037051383
76561198133962605,0,0.06892664730548859,3,0.9857762037051383
76561199211747754,0,0.7406163811683655,3,0.9857762037051383
76561199696999530,0,0.01715743914246559,3,0.9857762037051383
76561199152952980,0,0.9047074913978577,3,0.9857762037051383
76561199028740257,0,0.04741724580526352,3,0.9857762037051383
76561199225207690,0,0.8860179781913757,3,0.9857762037051383
76561198811602420,0,0.004083787556737661,3,0.9857762037051383
76561199009084893,0,0.004891594871878624,3,0.9857762037051383
76561198120517176,0,0.0038675242103636265,3,0.9857762037051383
76561198053598570,0,0.30196744203567505,3,0.9857762037051383
76561199209525751,0,0.005772244650870562,3,0.9857762037051383
76561198869475608,0,0.004847382660955191,3,0.9857762037051383
76561198043028796,0,0.9485872983932495,3,0.9857762037051383
76561198150447106,0,0.010806013830006123,3,0.9857762037051383
76561198217175587,0,0.9635642170906067,3,0.9857762037051383
76561198396441035,0,0.32446372509002686,3,0.9857762037051383
76561199105316987,0,0.00388943194411695,3,0.9857762037051383
76561198293158957,0,0.0034589499700814486,3,0.9857762037051383
76561198069404809,0,0.004256919026374817,3,0.9857762037051383
76561198122613977,0,0.36547890305519104,3,0.9857762037051383
76561199097056463,0,0.010276461020112038,3,0.9857762037051383
76561199089857409,0,0.01189866941422224,3,0.9857762037051383
76561198054982600,1,0.9961450099945068,3,0.9857762037051383
76561198998004548,0,0.8531147837638855,3,0.9857762037051383
76561198161013879,1,0.9753367304801941,3,0.9857762037051383
76561198994099827,0,0.005426317453384399,3,0.9857762037051383
76561198073484645,0,0.004239825066179037,3,0.9857762037051383
76561198127216963,0,0.07119423151016235,3,0.9857762037051383
76561198104937025,0,0.07254062592983246,3,0.9857762037051383
76561199038571433,1,0.9957835674285889,3,0.9857762037051383
76561198044810766,0,0.8362281918525696,3,0.9857762037051383
76561199070341430,0,0.3370192348957062,3,0.9857762037051383
76561198807929642,0,0.006488632410764694,3,0.9857762037051383
76561197999855166,0,0.005210353992879391,3,0.9857762037051383
76561199473384056,0,0.004608596675097942,3,0.9857762037051383
76561199223019788,0,0.0034623192623257637,3,0.9857762037051383
76561199404428676,0,0.01105573121458292,3,0.9857762037051383
76561198995485547,0,0.007168575655668974,3,0.9857762037051383
76561199229423795,0,0.010476251132786274,3,0.9857762037051383
76561198273860305,0,0.499577134847641,3,0.9857762037051383
76561197999243707,0,0.16162292659282684,3,0.9857762037051383
76561199105252687,0,0.9897510409355164,3,0.9857762037051383
76561199392030398,0,0.014282189309597015,3,0.9857762037051383
76561199195288509,0,0.003519825404509902,3,0.9857762037051383
76561198032420940,0,0.9240990281105042,3,0.9857762037051383
76561198140536330,0,0.8741010427474976,3,0.9857762037051383
76561197970484934,0,0.9940794706344604,3,0.9857762037051383
76561198141989944,0,0.9867908954620361,3,0.9857762037051383
76561199004720951,0,0.09158995747566223,3,0.9857762037051383
76561199495131683,0,0.058817554265260696,3,0.9857762037051383
76561198144068511,0,0.3645015358924866,3,0.9857762037051383
76561198039545376,1,0.9947760105133057,3,0.9857762037051383
76561199050777583,0,0.054685141891241074,3,0.9857762037051383
76561198160696900,0,0.010517020709812641,3,0.9857762037051383
76561198059675666,0,0.8617153167724609,3,0.9857762037051383
76561198146975440,0,0.8127641677856445,3,0.9857762037051383
76561198046739878,0,0.8956930637359619,3,0.9857762037051383
76561198275200089,0,0.01493570301681757,3,0.9857762037051383
76561198281283103,0,0.4839963912963867,3,0.9857762037051383
76561199275315046,0,0.0037102692294865847,3,0.9857762037051383
76561198149445188,0,0.004582069348543882,3,0.9857762037051383
76561199135218478,0,0.003876311471685767,3,0.9857762037051383
76561198094182015,0,0.012543627992272377,3,0.9857762037051383
76561198315144830,0,0.0040466804057359695,3,0.9857762037051383
76561198313054701,0,0.010157385841012001,3,0.9857762037051383
76561198187612163,0,0.010575147345662117,3,0.9857762037051383
76561198061980390,0,0.007258533034473658,3,0.9857762037051383
76561199526742819,0,0.00731660146266222,3,0.9857762037051383
76561198062872754,0,0.0059558977372944355,3,0.9857762037051383
76561199229466205,0,0.44356706738471985,3,0.9857762037051383
76561198000548059,0,0.005296445917338133,3,0.9857762037051383
76561198931047234,0,0.0756506472826004,3,0.9857762037051383
76561198809352961,0,0.014218701981008053,3,0.9857762037051383
76561198119537627,0,0.06632106006145477,3,0.9857762037051383
76561198004676626,0,0.012129227630794048,3,0.9857762037051383
76561198404801037,0,0.009106866084039211,3,0.9857762037051383
76561199247050718,0,0.3768911063671112,3,0.9857762037051383
76561199445382460,0,0.005711098667234182,3,0.9857762037051383
76561198096219877,0,0.01432269811630249,3,0.9857762037051383
76561198213287205,0,0.004971139132976532,3,0.9857762037051383
76561199208250681,0,0.17803296446800232,3,0.9857762037051383
76561198037518939,0,0.003777648787945509,3,0.9857762037051383
76561197972363477,0,0.005603013094514608,3,0.9857762037051383
76561199267855377,0,0.0034763305447995663,3,0.9857762037051383
76561199126525101,0,0.005627535283565521,3,0.9857762037051383
76561198883881836,0,0.006407326553016901,3,0.9857762037051383
76561199118785322,0,0.005913339089602232,3,0.9857762037051383
76561199049297298,0,0.008800729177892208,3,0.9857762037051383
76561198055972423,0,0.0044513666070997715,3,0.9857762037051383
76561197967413466,0,0.009503408335149288,3,0.9857762037051383
76561198045054700,0,0.00492104422301054,3,0.9857762037051383
76561198354215314,0,0.9493546485900879,3,0.9857762037051383
76561198151599787,0,0.0034711670596152544,3,0.9857762037051383
76561198356635287,1,0.9954873919487,3,0.9857762037051383
76561198055917707,1,0.9884747862815857,3,0.9857762037051383
76561198022292212,0,0.0034763305447995663,3,0.9857762037051383
76561198127968889,0,0.6084411144256592,3,0.9857762037051383
76561199479276264,0,0.00422197999432683,3,0.9857762037051383
76561198041092018,0,0.003371619153767824,3,0.9857762037051383
76561198139356985,0,0.005300833843648434,3,0.9857762037051383
76561198067088333,0,0.013172916136682034,3,0.9857762037051383
76561198349086456,0,0.016005467623472214,3,0.9857762037051383
76561199015524791,0,0.01405405718833208,3,0.9857762037051383
76561198177949209,0,0.9048873782157898,3,0.9857762037051383
76561199384878261,0,0.004423094447702169,3,0.9857762037051383
76561199386843138,1,0.9943428039550781,3,0.9857762037051383
76561198098505863,0,0.005295928101986647,3,0.9857762037051383
76561198901514025,0,0.004510647151619196,3,0.9857762037051383
76561199168295821,1,0.9955617189407349,3,0.9857762037051383
76561198050483700,0,0.019268866628408432,3,0.9857762037051383
76561198889309483,0,0.3376310467720032,3,0.9857762037051383
76561199054513249,0,0.6337497234344482,3,0.9857762037051383
76561199084179568,0,0.6265236735343933,3,0.9857762037051383
76561198375841627,0,0.006656733341515064,3,0.9857762037051383
76561199733709799,0,0.004155315924435854,3,0.9857762037051383
76561197999132354,0,0.005449218209832907,3,0.9857762037051383
76561198299710017,0,0.0032694549299776554,3,0.9857762037051383
76561198041709516,0,0.003509021596983075,3,0.9857762037051383
76561199065903163,0,0.023375457152724266,3,0.9857762037051383
76561199227282376,0,0.006326945964246988,3,0.9857762037051383
76561197989621285,0,0.5348508358001709,3,0.9857762037051383
76561198066088712,0,0.5974933505058289,3,0.9857762037051383
76561198329854130,0,0.017480935901403427,3,0.9857762037051383
76561199100481122,0,0.008882096037268639,3,0.9857762037051383
76561197995586452,0,0.008577496744692326,3,0.9857762037051383
76561198253058192,0,0.4934826195240021,3,0.9857762037051383
76561199195620697,0,0.005645482800900936,3,0.9857762037051383
76561198332109235,0,0.02885153517127037,3,0.9857762037051383
76561198808163330,0,0.0038384138606488705,3,0.9857762037051383
76561198360835152,0,0.008931292220950127,3,0.9857762037051383
76561199042037160,0,0.025158977136015892,3,0.9857762037051383
76561198328869781,0,0.3969792425632477,3,0.9857762037051383
76561199182347327,0,0.007726652547717094,3,0.9857762037051383
76561198951953675,0,0.029202330857515335,3,0.9857762037051383
76561198064041933,0,0.0037771265488117933,3,0.9857762037051383
76561198069208540,0,0.0034763305447995663,3,0.9857762037051383
76561198068873011,0,0.019980082288384438,3,0.9857762037051383
76561198122570322,0,0.0036764577962458134,3,0.9857762037051383
76561199008058922,0,0.004619489889591932,3,0.9857762037051383
76561198089374709,0,0.02567257732152939,3,0.9857762037051383
76561198012129863,0,0.00394431222230196,3,0.9857762037051383
76561198371915277,0,0.05835414305329323,3,0.9857762037051383
76561199098492637,0,0.8774174451828003,3,0.9857762037051383
76561198311602710,0,0.9220025539398193,3,0.9857762037051383
76561199061212245,0,0.01620318368077278,3,0.9857762037051383
76561198073070924,0,0.00562782259657979,3,0.9857762037051383
76561199118446745,1,0.9955667853355408,3,0.9857762037051383
76561198042067985,0,0.006761973723769188,3,0.9857762037051383
76561198275618043,0,0.0038643984589725733,3,0.9857762037051383
76561198073995232,0,0.009542524814605713,3,0.9857762037051383
76561198814833399,0,0.005104146432131529,3,0.9857762037051383
76561197982087115,0,0.9812760353088379,3,0.9857762037051383
76561198112045485,0,0.8566500544548035,3,0.9857762037051383
76561198050864104,0,0.030769560486078262,3,0.9857762037051383
76561198214909583,0,0.7547046542167664,3,0.9857762037051383
76561199489470319,0,0.03306247666478157,3,0.9857762037051383
76561197993438623,0,0.004538162611424923,3,0.9857762037051383
76561198272746708,0,0.008256192319095135,3,0.9857762037051383
76561198090834257,0,0.042222391813993454,3,0.9857762037051383
76561198006927273,0,0.006382660008966923,3,0.9857762037051383
76561198141143255,0,0.009695794433355331,3,0.9857762037051383
76561198374793935,0,0.00719207851216197,3,0.9857762037051383
76561198037107536,0,0.004864027723670006,3,0.9857762037051383
76561199093448930,0,0.004306967835873365,3,0.9857762037051383
76561198171075653,0,0.045381687581539154,3,0.9857762037051383
76561198439023119,0,0.004450677894055843,3,0.9857762037051383
76561198024281950,0,0.004535689949989319,3,0.9857762037051383
76561198414599797,0,0.004453979432582855,3,0.9857762037051383
76561198055181470,0,0.00585392490029335,3,0.9857762037051383
76561198036028572,0,0.004293479956686497,3,0.9857762037051383
76561198423312499,0,0.011559179984033108,3,0.9857762037051383
76561198798778197,0,0.0037191405426710844,3,0.9857762037051383
76561199094746288,0,0.021874170750379562,3,0.9857762037051383
76561198068207219,0,0.0036836573854088783,3,0.9857762037051383
76561198037832472,0,0.004983281716704369,3,0.9857762037051383
76561199167854156,0,0.016128255054354668,3,0.9857762037051383
76561199157541575,0,0.008788466453552246,3,0.9857762037051383
76561198863535413,1,0.9787957072257996,3,0.9857762037051383
76561198254319479,0,0.003320560324937105,3,0.9857762037051383
76561199155674159,0,0.007411477155983448,3,0.9857762037051383
76561198103895200,0,0.0039422521367669106,3,0.9857762037051383
76561199779127447,0,0.007409846410155296,3,0.9857762037051383
76561199154354401,0,0.00738147459924221,3,0.9857762037051383
76561198348471756,0,0.07449556142091751,3,0.9857762037051383
76561198039634390,0,0.0035284494515508413,3,0.9857762037051383
76561199700124296,0,0.004157808609306812,3,0.9857762037051383
76561198053410013,0,0.86668860912323,3,0.9857762037051383
76561199229994507,0,0.0050834896974265575,3,0.9857762037051383
76561198843260721,0,0.22475552558898926,3,0.9857762037051383
76561198170181807,0,0.8023119568824768,3,0.9857762037051383
76561198452774196,0,0.012537963688373566,3,0.9857762037051383
76561198823380701,0,0.33151519298553467,3,0.9857762037051383
76561199136175675,0,0.017092373222112656,3,0.9857762037051383
76561199259571835,0,0.011718607507646084,3,0.9857762037051383
76561198970253651,0,0.004031581804156303,3,0.9857762037051383
76561198443214533,0,0.00673156650736928,3,0.9857762037051383
76561197986629379,0,0.31959399580955505,3,0.9857762037051383
76561198035703610,0,0.004801125731319189,3,0.9857762037051383
76561199067627156,0,0.7650015354156494,3,0.9857762037051383
76561198025379070,0,0.00434208894148469,3,0.9857762037051383
76561197971898300,0,0.003964439034461975,3,0.9857762037051383
76561199075467923,0,0.23133593797683716,3,0.9857762037051383
76561197992095508,0,0.597518801689148,3,0.9857762037051383
76561198024371629,0,0.019241249188780785,3,0.9857762037051383
76561198420748288,0,0.0037526425439864397,3,0.9857762037051383
76561198083123067,0,0.004453979432582855,3,0.9857762037051383
76561198133744249,0,0.007587729953229427,3,0.9857762037051383
76561198107396205,0,0.03612765669822693,3,0.9857762037051383
76561198126747633,0,0.004097482189536095,3,0.9857762037051383
76561198214735043,0,0.12350745499134064,3,0.9857762037051383
76561199072001529,0,0.016625944525003433,3,0.9857762037051383
76561199264413343,0,0.005863570608198643,3,0.9857762037051383
76561198098045671,0,0.00367965386249125,3,0.9857762037051383
76561198261654921,0,0.14978481829166412,3,0.9857762037051383
76561199592340161,0,0.037707358598709106,3,0.9857762037051383
76561199295157407,0,0.00823016744107008,3,0.9857762037051383
76561198038904505,0,0.9774183630943298,3,0.9857762037051383
76561199001393653,0,0.116239532828331,3,0.9857762037051383
76561198151405921,0,0.003390357131138444,3,0.9857762037051383
76561198026758599,0,0.006860128603875637,3,0.9857762037051383
76561198112854193,0,0.10383986681699753,3,0.9857762037051383
76561198441431236,0,0.04941512271761894,3,0.9857762037051383
76561197972325653,0,0.979304850101471,3,0.9857762037051383
76561198831057989,0,0.008498210459947586,3,0.9857762037051383
76561199160004058,0,0.0073339203372597694,3,0.9857762037051383
76561199128092653,0,0.00751831941306591,3,0.9857762037051383
76561199483088274,0,0.010160604491829872,3,0.9857762037051383
76561198065174823,0,0.9940150380134583,3,0.9857762037051383
76561198082920175,1,0.3777409493923187,3,0.9857762037051383
76561198042706220,0,0.00404546782374382,3,0.9857762037051383
76561198119648073,0,0.011895821429789066,3,0.9857762037051383
76561199716609879,0,0.0036056600511074066,3,0.9857762037051383
76561198268387619,0,0.9121886491775513,3,0.9857762037051383
76561197977759315,0,0.005713882390409708,3,0.9857762037051383
76561198999694565,0,0.7000983953475952,3,0.9857762037051383
76561199039565006,0,0.008594580926001072,3,0.9857762037051383
76561199234752506,0,0.014961084350943565,3,0.9857762037051383
76561198248889308,0,0.3914707601070404,3,0.9857762037051383
76561198373514599,0,0.0033011012710630894,3,0.9857762037051383
76561198342193696,0,0.005398718174546957,3,0.9857762037051383
76561198214247221,0,0.11664571613073349,3,0.9857762037051383
76561198075367383,0,0.0193463247269392,3,0.9857762037051383
76561198149914898,0,0.005703137256205082,3,0.9857762037051383
76561198936030776,0,0.0058636171743273735,3,0.9857762037051383
76561198402589788,0,0.0033077143598347902,3,0.9857762037051383
76561198013163475,0,0.0059284549206495285,3,0.9857762037051383
76561198006139793,1,0.9952191710472107,3,0.9857762037051383
76561199091361821,0,0.009275135584175587,3,0.9857762037051383
76561199000205977,0,0.07205770164728165,3,0.9857762037051383
76561199223576425,0,0.10919425636529922,3,0.9857762037051383
76561198030894759,0,0.0067315795458853245,3,0.9857762037051383
76561198131633831,0,0.9685472249984741,3,0.9857762037051383
76561199127056800,0,0.31622958183288574,3,0.9857762037051383
76561199162899621,0,0.0033011012710630894,3,0.9857762037051383
76561198977287157,0,0.008665603585541248,3,0.9857762037051383
76561199466613051,0,0.005756463389843702,3,0.9857762037051383
76561198044918172,0,0.00683645298704505,3,0.9857762037051383
76561199442630521,0,0.007313678041100502,3,0.9857762037051383
76561198087451157,0,0.003623084630817175,3,0.9857762037051383
76561199590158425,0,0.013504252769052982,3,0.9857762037051383
76561198018720701,0,0.005524568259716034,3,0.9857762037051383
76561198839441957,0,0.12525810301303864,3,0.9857762037051383
76561198196545155,0,0.005673850420862436,3,0.9857762037051383
76561199156271421,0,0.1708296835422516,3,0.9857762037051383
76561198400133542,0,0.010511687956750393,3,0.9857762037051383
76561198108763197,0,0.0058532278053462505,3,0.9857762037051383
76561199441481756,0,0.00668082432821393,3,0.9857762037051383
76561198136278575,0,0.9061954021453857,3,0.9857762037051383
76561198250911768,0,0.0054840766824781895,3,0.9857762037051383
76561198040079776,0,0.48565980792045593,3,0.9857762037051383
76561199225817193,0,0.004718580283224583,3,0.9857762037051383
76561198062630946,0,0.0908823311328888,3,0.9857762037051383
76561198284077662,0,0.003620030591264367,3,0.9857762037051383
76561198200506397,1,0.9675058722496033,3,0.9857762037051383
76561199104729988,0,0.04492966830730438,3,0.9857762037051383
76561198056543791,0,0.004179537761956453,3,0.9857762037051383
76561198328148359,0,0.011327449232339859,3,0.9857762037051383
76561199102292317,0,0.18712535500526428,3,0.9857762037051383
76561198849851441,0,0.010517020709812641,3,0.9857762037051383
76561199145462739,0,0.004596459213644266,3,0.9857762037051383
76561198081336278,0,0.00593760097399354,3,0.9857762037051383
76561199093057602,0,0.00413595512509346,3,0.9857762037051383
76561199405807354,0,0.0038904405664652586,3,0.9857762037051383
76561199121191450,0,0.9743503332138062,3,0.9857762037051383
76561198346229754,0,0.004777464084327221,3,0.9857762037051383
76561198069250086,0,0.005261451471596956,3,0.9857762037051383
76561198129527873,0,0.13622885942459106,3,0.9857762037051383
76561198080039916,0,0.6853022575378418,3,0.9857762037051383
76561198068777596,0,0.9292470812797546,3,0.9857762037051383
76561198247687876,0,0.010221908800303936,3,0.9857762037051383
76561198449232998,1,0.9950247406959534,3,0.9857762037051383
76561198055786571,0,0.01463348139077425,3,0.9857762037051383
76561197966643962,0,0.0698913037776947,3,0.9857762037051383
76561198016648517,0,0.004007125273346901,3,0.9857762037051383
76561198827183956,0,0.993061363697052,3,0.9857762037051383
76561199219941236,0,0.495250940322876,3,0.9857762037051383
76561198965831595,0,0.011081802658736706,3,0.9857762037051383
76561199486869365,0,0.47022929787635803,3,0.9857762037051383
76561198287957632,0,0.26434507966041565,3,0.9857762037051383
76561199059156789,0,0.0776025578379631,3,0.9857762037051383
76561198176294257,0,0.006525624077767134,3,0.9857762037051383
76561198049826545,0,0.05204224959015846,3,0.9857762037051383
76561198066129266,0,0.037663765251636505,3,0.9857762037051383
76561198828757081,1,0.9917791485786438,3,0.9857762037051383
76561198960584850,0,0.014677668921649456,3,0.9857762037051383
76561199191350996,0,0.004257195629179478,3,0.9857762037051383
76561197962258886,0,0.8734270334243774,3,0.9857762037051383
76561199070927497,0,0.014376023784279823,3,0.9857762037051383
76561198140792271,0,0.3008597493171692,3,0.9857762037051383
76561198989483276,0,0.08012253046035767,3,0.9857762037051383
76561198025783899,0,0.005308578256517649,3,0.9857762037051383
76561198851493320,0,0.003372939769178629,3,0.9857762037051383
76561198830976366,0,0.006439273711293936,3,0.9857762037051383
76561199167375206,0,0.03897358849644661,3,0.9857762037051383
76561198796537870,0,0.007365219295024872,3,0.9857762037051383
76561199230170948,0,0.006482079159468412,3,0.9857762037051383
76561198000850588,0,0.45698121190071106,3,0.9857762037051383
76561198083030015,0,0.793537437915802,3,0.9857762037051383
76561198180417269,0,0.011684582568705082,3,0.9857762037051383
76561198095921269,0,0.9941049814224243,3,0.9857762037051383
76561199492949408,0,0.010050565004348755,3,0.9857762037051383
76561198348404775,0,0.015257416293025017,3,0.9857762037051383
76561198873573099,0,0.3110318183898926,3,0.9857762037051383
76561198337462851,1,0.9950904846191406,3,0.9857762037051383
76561198128884848,0,0.7717714309692383,3,0.9857762037051383
76561198417012976,0,0.024575477465987206,3,0.9857762037051383
76561199772428156,0,0.0240048635751009,3,0.9857762037051383
76561198089531625,0,0.9225102663040161,3,0.9857762037051383
76561198161246104,1,0.5777729749679565,3,0.9857762037051383
76561198372387067,1,0.9773383140563965,3,0.9857762037051383
76561198286399775,0,0.007887892425060272,3,0.9857762037051383
76561199786773080,0,0.03554992377758026,3,0.9857762037051383
76561198119291174,0,0.007349387742578983,3,0.9857762037051383
76561199376518783,0,0.007802476640790701,3,0.9857762037051383
76561198839869976,0,0.003483409294858575,3,0.9857762037051383
76561199169981912,0,0.01603456400334835,3,0.9857762037051383
76561199444493317,0,0.004105845000594854,3,0.9857762037051383
76561199109508309,0,0.0033011012710630894,3,0.9857762037051383
76561198026918313,0,0.0038012315053492785,3,0.9857762037051383
76561198070831151,0,0.004088458139449358,3,0.9857762037051383
76561198067921502,0,0.007981267757713795,3,0.9857762037051383
76561198209827929,0,0.0039422521367669106,3,0.9857762037051383
76561199077831542,0,0.00430853059515357,3,0.9857762037051383
76561198441173098,0,0.0036392337642610073,3,0.9857762037051383
76561198091704458,0,0.01153986994177103,3,0.9857762037051383
76561198078476202,0,0.7119379639625549,3,0.9857762037051383
76561198209674591,0,0.046717237681150436,3,0.9857762037051383
76561198838103545,0,0.004168335814028978,3,0.9857762037051383
76561198216897759,0,0.015708692371845245,3,0.9857762037051383
76561198981251511,0,0.011532606557011604,3,0.9857762037051383
76561198137308930,0,0.03324589505791664,3,0.9857762037051383
76561199146856234,0,0.003837613621726632,3,0.9857762037051383
76561198136122889,0,0.01917920634150505,3,0.9857762037051383
76561198280473121,0,0.003575460985302925,3,0.9857762037051383
76561199149768876,0,0.00354216992855072,3,0.9857762037051383
76561199552640035,0,0.01661858521401882,3,0.9857762037051383
76561198097901709,0,0.019873982295393944,3,0.9857762037051383
76561199147516003,0,0.003365995129570365,3,0.9857762037051383
76561198330843207,0,0.003504842286929488,3,0.9857762037051383
76561198798619500,0,0.007296333555132151,3,0.9857762037051383
76561198962466240,0,0.25798237323760986,3,0.9857762037051383
76561198818144116,0,0.005011402536183596,3,0.9857762037051383
76561198122116375,0,0.9870697259902954,3,0.9857762037051383
76561198109496566,0,0.018964121118187904,3,0.9857762037051383
76561199487770246,0,0.006109173409640789,3,0.9857762037051383
76561199514888138,0,0.017761381343007088,3,0.9857762037051383
76561198387057730,0,0.0033712247386574745,3,0.9857762037051383
76561198371692175,1,0.9950882792472839,3,0.9857762037051383
76561198286559037,0,0.5818833112716675,3,0.9857762037051383
76561198093800597,0,0.10784415155649185,3,0.9857762037051383
76561198347228451,0,0.0034561404027044773,3,0.9857762037051383
76561198102750081,0,0.26311758160591125,3,0.9857762037051383
76561198028544686,0,0.8150961995124817,3,0.9857762037051383
76561199091126690,0,0.35631048679351807,3,0.9857762037051383
76561198973920299,0,0.006952101830393076,3,0.9857762037051383
76561198870899615,0,0.2652866542339325,3,0.9857762037051383
76561197990350348,0,0.013118603266775608,3,0.9857762037051383
76561198871936783,0,0.7471890449523926,3,0.9857762037051383
76561198831403850,0,0.004426912870258093,3,0.9857762037051383
76561199185017522,0,0.03670168295502663,3,0.9857762037051383
76561198932149064,0,0.2053561806678772,3,0.9857762037051383
76561198069600307,0,0.9191819429397583,3,0.9857762037051383
76561198021631858,1,0.9950880408287048,3,0.9857762037051383
76561198124703481,0,0.640336811542511,3,0.9857762037051383
76561199055416316,0,0.6020307540893555,3,0.9857762037051383
76561198409561464,0,0.003556331153959036,3,0.9857762037051383
76561198058474085,0,0.006638627499341965,3,0.9857762037051383
76561198373200554,0,0.005230918060988188,3,0.9857762037051383
76561198931863715,0,0.02962414361536503,3,0.9857762037051383
76561197986087652,0,0.004871387034654617,3,0.9857762037051383
76561198398663180,0,0.023582611232995987,3,0.9857762037051383
76561198012736233,0,0.8984781503677368,3,0.9857762037051383
76561199086895484,0,0.06491252779960632,3,0.9857762037051383
76561199091941846,0,0.009067286737263203,3,0.9857762037051383
76561198440761334,0,0.3714846670627594,3,0.9857762037051383
76561197984682033,0,0.004034349229186773,3,0.9857762037051383
76561198021787563,0,0.010264425538480282,3,0.9857762037051383
76561198027046074,0,0.009932253509759903,3,0.9857762037051383
76561199113845443,0,0.0059504094533622265,3,0.9857762037051383
76561198205423973,0,0.7582144737243652,3,0.9857762037051383
76561198048131346,0,0.02490158937871456,3,0.9857762037051383
76561198328047277,0,0.00695789884775877,3,0.9857762037051383
76561197999281479,0,0.009114201180636883,3,0.9857762037051383
76561199144181393,0,0.008366101421415806,3,0.9857762037051383
76561199467467332,0,0.005926184356212616,3,0.9857762037051383
76561198051763850,0,0.05247874930500984,3,0.9857762037051383
76561199385830129,0,0.03655795007944107,3,0.9857762037051383
76561198883170477,0,0.004745046608150005,3,0.9857762037051383
76561198817673945,0,0.33886370062828064,3,0.9857762037051383
76561198829922691,0,0.01718023419380188,3,0.9857762037051383
76561198951609706,0,0.02151966653764248,3,0.9857762037051383
76561198128128952,0,0.9317241907119751,3,0.9857762037051383
76561198042461811,0,0.003452919190749526,3,0.9857762037051383
76561198448905837,0,0.041415274143218994,3,0.9857762037051383
76561199473350150,0,0.003452919190749526,3,0.9857762037051383
76561199551480197,0,0.1745460033416748,3,0.9857762037051383
76561198089173505,0,0.0036168310325592756,3,0.9857762037051383
76561198084096087,0,0.014043409377336502,3,0.9857762037051383
76561199114693260,0,0.037215057760477066,3,0.9857762037051383
76561198329966671,0,0.011532606557011604,3,0.9857762037051383
76561199559319593,0,0.0033011012710630894,3,0.9857762037051383
76561199806506235,0,0.0035581951960921288,3,0.9857762037051383
76561198025095534,0,0.0035350581165403128,3,0.9857762037051383
76561199661143944,0,0.0034763305447995663,3,0.9857762037051383
76561198040811228,0,0.0036407834850251675,3,0.9857762037051383
76561199167881905,0,0.39332908391952515,3,0.9857762037051383
76561198152889985,0,0.00655199633911252,3,0.9857762037051383
76561198048637301,0,0.005839991383254528,3,0.9857762037051383
76561198124328124,0,0.04074593633413315,3,0.9857762037051383
76561198132647860,0,0.0060590957291424274,3,0.9857762037051383
76561198025095973,0,0.01867050677537918,3,0.9857762037051383
76561198869078115,0,0.08561443537473679,3,0.9857762037051383
76561198028018355,0,0.004474493209272623,3,0.9857762037051383
76561199207942436,0,0.006977311335504055,3,0.9857762037051383
76561199212247138,0,0.06945452094078064,3,0.9857762037051383
76561199039523600,0,0.0037918605376034975,3,0.9857762037051383
76561197984178994,0,0.004946753848344088,3,0.9857762037051383
76561198121233752,0,0.030679985880851746,3,0.9857762037051383
76561199657209102,0,0.005971804261207581,3,0.9857762037051383
76561198169094290,0,0.009240618906915188,3,0.9857762037051383
76561199418694549,0,0.2985096573829651,3,0.9857762037051383
76561198226462024,0,0.011573118157684803,3,0.9857762037051383
76561198121587251,0,0.015261235646903515,3,0.9857762037051383
76561198828961311,0,0.17463319003582,3,0.9857762037051383
76561199031462240,0,0.415351539850235,3,0.9857762037051383
76561198266976000,0,0.004248141776770353,3,0.9857762037051383
76561199086861328,0,0.004360818769782782,3,0.9857762037051383
76561198798374228,0,0.005241781938821077,3,0.9857762037051383
76561199563502513,0,0.008457434363663197,3,0.9857762037051383
76561198084184495,0,0.008677534759044647,3,0.9857762037051383
76561198280754285,0,0.16771651804447174,3,0.9857762037051383
76561198043933993,0,0.008809068240225315,3,0.9857762037051383
76561197978681074,0,0.003961788956075907,3,0.9857762037051383
76561197991066900,0,0.15648052096366882,3,0.9857762037051383
76561198029025361,0,0.37827035784721375,3,0.9857762037051383
76561197971434338,0,0.005162762477993965,3,0.9857762037051383
76561199352573063,0,0.0044920253567397594,3,0.9857762037051383
76561197965845422,0,0.03240843489766121,3,0.9857762037051383
76561199525461051,0,0.0033011012710630894,3,0.9857762037051383
76561199124151913,1,0.9960124492645264,3,0.9857762037051383
76561198282960821,0,0.005700229201465845,3,0.9857762037051383
76561199045283575,0,0.05539360269904137,3,0.9857762037051383
76561198990629088,0,0.0038895830512046814,3,0.9857762037051383
76561198974419450,0,0.18840472400188446,3,0.9857762037051383
76561198360668769,0,0.6743193864822388,3,0.9857762037051383
76561198392707216,0,0.00872645154595375,3,0.9857762037051383
76561198850445574,0,0.006553405895829201,3,0.9857762037051383
76561199168351099,0,0.014376023784279823,3,0.9857762037051383
76561198055327375,0,0.9955644607543945,3,0.9857762037051383
76561198060272572,1,0.9924046397209167,3,0.9857762037051383
76561198019156459,0,0.005156501196324825,3,0.9857762037051383
76561198114139563,0,0.0035701305605471134,3,0.9857762037051383
76561198086608998,0,0.008451228030025959,3,0.9857762037051383
76561198286442224,0,0.016627956181764603,3,0.9857762037051383
76561199196911696,0,0.13711510598659515,3,0.9857762037051383
76561198006547219,0,0.39121946692466736,3,0.9857762037051383
76561198049011274,0,0.7205007076263428,3,0.9857762037051383
76561198189121728,0,0.003875733120366931,3,0.9857762037051383
76561198104007838,0,0.006918978411704302,3,0.9857762037051383
76561198211125523,0,0.36713969707489014,3,0.9857762037051383
76561198353374449,0,0.0033525482285767794,3,0.9857762037051383
76561198244047024,0,0.04061780124902725,3,0.9857762037051383
76561198134804244,0,0.0044870213605463505,3,0.9857762037051383
76561198435870686,0,0.005057458765804768,3,0.9857762037051383
76561198088097766,0,0.43024277687072754,3,0.9857762037051383
76561198286536927,0,0.04175730422139168,3,0.9857762037051383
76561198966510150,0,0.005093705374747515,3,0.9857762037051383
76561198278901410,0,0.009805390611290932,3,0.9857762037051383
76561198440677879,0,0.029815657064318657,3,0.9857762037051383
76561198875323952,0,0.006287321448326111,3,0.9857762037051383
76561198157339070,0,0.7477976679801941,3,0.9857762037051383
76561198357219390,0,0.03153730183839798,3,0.9857762037051383
76561198077567543,0,0.009191843681037426,3,0.9857762037051383
76561198148233441,1,0.9932031631469727,3,0.9857762037051383
76561198258195014,0,0.008613226003944874,3,0.9857762037051383
76561198180349186,0,0.006293515209108591,3,0.9857762037051383
76561198055791539,0,0.6541759967803955,3,0.9857762037051383
76561198419618129,0,0.003774593584239483,3,0.9857762037051383
76561198098973398,0,0.006458142306655645,3,0.9857762037051383
76561198313007454,0,0.005789034999907017,3,0.9857762037051383
76561198337239729,0,0.009317698888480663,3,0.9857762037051383
76561199130684185,0,0.017048433423042297,3,0.9857762037051383
76561198037084119,0,0.01927115023136139,3,0.9857762037051383
76561198156478044,0,0.0045125591568648815,3,0.9857762037051383
76561198880817538,0,0.005116446875035763,3,0.9857762037051383
76561198243268350,0,0.12729869782924652,3,0.9857762037051383
76561198273890942,0,0.07390669733285904,3,0.9857762037051383
76561198398637975,0,0.9706088304519653,3,0.9857762037051383
76561198088807056,0,0.11666065454483032,3,0.9857762037051383
76561198060733589,0,0.9713245034217834,3,0.9857762037051383
76561198083702462,0,0.0049573201686143875,3,0.9857762037051383
76561198971583068,0,0.004622382577508688,3,0.9857762037051383
76561198097993587,0,0.005485722795128822,3,0.9857762037051383
76561199085449552,0,0.0038569513708353043,3,0.9857762037051383
76561199147210215,0,0.03192770108580589,3,0.9857762037051383
76561198079734153,1,0.9865956902503967,3,0.9857762037051383
76561199015436722,0,0.004059077240526676,3,0.9857762037051383
76561199087116052,0,0.005484096705913544,3,0.9857762037051383
76561198170172766,0,0.02878834679722786,3,0.9857762037051383
76561197981019887,0,0.928808867931366,3,0.9857762037051383
76561198253197947,0,0.40313640236854553,3,0.9857762037051383
76561198812866677,0,0.22497455775737762,3,0.9857762037051383
76561199221058816,0,0.10007376968860626,3,0.9857762037051383
76561197965946759,0,0.008906079456210136,3,0.9857762037051383
76561198847474570,0,0.0058510699309408665,3,0.9857762037051383
76561198360454058,0,0.005330811254680157,3,0.9857762037051383
76561198340149778,0,0.012907453812658787,3,0.9857762037051383
76561199386754389,0,0.003378914436325431,3,0.9857762037051383
76561199119726082,0,0.0041694799438118935,3,0.9857762037051383
76561198814201779,0,0.007280181162059307,3,0.9857762037051383
76561198259548395,0,0.007203015498816967,3,0.9857762037051383
76561199242962877,0,0.3657032549381256,3,0.9857762037051383
76561199247226588,0,0.010313978418707848,3,0.9857762037051383
76561198979267057,0,0.0034711670596152544,3,0.9857762037051383
76561198077514746,0,0.03571150079369545,3,0.9857762037051383
76561199268219074,0,0.06448497623205185,3,0.9857762037051383
76561199015213326,0,0.01709236018359661,3,0.9857762037051383
76561198007418491,0,0.006650178227573633,3,0.9857762037051383
76561199239523456,0,0.006701479200273752,3,0.9857762037051383
76561198862508524,0,0.04112227261066437,3,0.9857762037051383
76561198007021537,0,0.021428801119327545,3,0.9857762037051383
76561198012854712,0,0.34233155846595764,3,0.9857762037051383
76561198023053691,0,0.018487170338630676,3,0.9857762037051383
76561198844780923,0,0.0037102692294865847,3,0.9857762037051383
76561198894712864,0,0.36054325103759766,3,0.9857762037051383
76561198315905597,0,0.0034497070591896772,3,0.9857762037051383
76561198963635474,0,0.004476876929402351,3,0.9857762037051383
76561198872660200,0,0.022353362292051315,3,0.9857762037051383
76561198184923218,0,0.003461018204689026,3,0.9857762037051383
76561198363791382,1,0.9865410923957825,3,0.9857762037051383
76561198050264531,0,0.005219360813498497,3,0.9857762037051383
76561198125484681,0,0.045635901391506195,3,0.9857762037051383
76561198141334846,0,0.010097233578562737,3,0.9857762037051383
76561198135634737,0,0.006849817931652069,3,0.9857762037051383
76561198161202565,0,0.018710820004343987,3,0.9857762037051383
76561197981907008,0,0.5114279985427856,3,0.9857762037051383
76561199468277338,0,0.3086620271205902,3,0.9857762037051383
76561199033403271,1,0.9951687455177307,3,0.9857762037051383
76561198059138379,0,0.7304254174232483,3,0.9857762037051383
76561199243711274,0,0.12726852297782898,3,0.9857762037051383
76561198301453381,0,0.18642227351665497,3,0.9857762037051383
76561198188762658,0,0.0041215913370251656,3,0.9857762037051383
76561198049021994,0,0.16172471642494202,3,0.9857762037051383
76561199687280444,0,0.0034856793936342,3,0.9857762037051383
76561199495937274,0,0.08761239051818848,3,0.9857762037051383
76561198155008852,0,0.006525462958961725,3,0.9857762037051383
76561198039252016,0,0.28400081396102905,3,0.9857762037051383
76561198262844572,0,0.434662789106369,3,0.9857762037051383
76561198137555358,0,0.011017748154699802,3,0.9857762037051383
76561198030817613,0,0.00729043735191226,3,0.9857762037051383
76561197963385813,0,0.0049841683357954025,3,0.9857762037051383
76561198198107734,0,0.03393363207578659,3,0.9857762037051383
76561199361447369,0,0.012468244880437851,3,0.9857762037051383
76561198038993810,0,0.07293405383825302,3,0.9857762037051383
76561198150451122,0,0.006448658648878336,3,0.9857762037051383
76561198001361940,0,0.010050992481410503,3,0.9857762037051383
76561199156908588,0,0.0195830799639225,3,0.9857762037051383
76561198058637624,0,0.005149494856595993,3,0.9857762037051383
76561197976582044,0,0.017316216602921486,3,0.9857762037051383
76561198041033948,0,0.0808354988694191,3,0.9857762037051383
76561198025882678,0,0.0052692280150949955,3,0.9857762037051383
76561199382886683,0,0.003842375474050641,3,0.9857762037051383
76561197987447356,0,0.0039904434233903885,3,0.9857762037051383
76561199074943115,0,0.0033011012710630894,3,0.9857762037051383
76561198007462855,0,0.008390381932258606,3,0.9857762037051383
76561198037207966,0,0.004000787623226643,3,0.9857762037051383
76561197994634146,0,0.008054467849433422,3,0.9857762037051383
76561198048804568,0,0.6514753699302673,3,0.9857762037051383
76561198110034807,0,0.00790588092058897,3,0.9857762037051383
76561198849373038,0,0.011532606557011604,3,0.9857762037051383
76561197961718509,0,0.004648173227906227,3,0.9857762037051383
76561198974337304,0,0.9777265191078186,3,0.9857762037051383
76561197994593317,0,0.009146123193204403,3,0.9857762037051383
76561199201262418,0,0.9421451687812805,3,0.9857762037051383
76561198361651267,0,0.006060086190700531,3,0.9857762037051383
76561198030880993,0,0.005447140894830227,3,0.9857762037051383
76561198206653489,0,0.9513397812843323,3,0.9857762037051383
76561198102103256,0,0.0035957118961960077,3,0.9857762037051383
76561198122424550,0,0.7099459171295166,3,0.9857762037051383
76561198042378689,0,0.573620617389679,3,0.9857762037051383
76561198070003044,0,0.005044162273406982,3,0.9857762037051383
76561199503732641,0,0.1789635270833969,3,0.9857762037051383
76561198080780174,0,0.9926645159721375,3,0.9857762037051383
76561197961138654,0,0.27629584074020386,3,0.9857762037051383
76561199025724976,0,0.003902166849002242,3,0.9857762037051383
76561198828229097,0,0.0033011012710630894,3,0.9857762037051383
76561198127724301,0,0.007056009490042925,3,0.9857762037051383
76561199201154991,0,0.03272441774606705,3,0.9857762037051383
76561199561547365,0,0.7953819036483765,3,0.9857762037051383
76561198862721615,0,0.006255530286580324,3,0.9857762037051383
76561198007759077,0,0.004550749436020851,3,0.9857762037051383
76561198118892153,0,0.005151332356035709,3,0.9857762037051383
76561198977879866,0,0.004483614582568407,3,0.9857762037051383
76561199088451224,0,0.0034763305447995663,3,0.9857762037051383
76561198132400817,0,0.24675828218460083,3,0.9857762037051383
76561199259735487,0,0.006209204904735088,3,0.9857762037051383
76561199194348556,0,0.007262351457029581,3,0.9857762037051383
76561199172369525,0,0.004390687216073275,3,0.9857762037051383
76561198137681959,0,0.008927961811423302,3,0.9857762037051383
76561197994830559,0,0.010998877696692944,3,0.9857762037051383
76561199535915324,0,0.009394538588821888,3,0.9857762037051383
76561199567505787,0,0.004522590897977352,3,0.9857762037051383
76561199379801098,0,0.004911453928798437,3,0.9857762037051383
76561198970416781,0,0.013064272701740265,3,0.9857762037051383
76561197980355140,0,0.004012294113636017,3,0.9857762037051383
76561198045936456,0,0.018810421228408813,3,0.9857762037051383
76561199575544586,0,0.004283466842025518,3,0.9857762037051383
76561198164288793,0,0.0035093482583761215,3,0.9857762037051383
76561198021690280,0,0.019079843536019325,3,0.9857762037051383
76561198090313450,0,0.006063074339181185,3,0.9857762037051383
76561199152721393,0,0.039395611733198166,3,0.9857762037051383
76561198841739897,0,0.019221868366003036,3,0.9857762037051383
76561198136672598,0,0.07658328115940094,3,0.9857762037051383
76561198061214433,0,0.004015482496470213,3,0.9857762037051383
76561198318040209,0,0.006458132527768612,3,0.9857762037051383
76561198843865424,0,0.010388117283582687,3,0.9857762037051383
76561198397540463,0,0.004510647151619196,3,0.9857762037051383
76561198452614549,0,0.004889009520411491,3,0.9857762037051383
76561198045567670,1,0.9957129955291748,3,0.9857762037051383
76561198396385558,0,0.013909474015235901,3,0.9857762037051383
76561199055571032,0,0.004533096682280302,3,0.9857762037051383
76561199772642490,0,0.09461062401533127,3,0.9857762037051383
76561198243648186,0,0.20547938346862793,3,0.9857762037051383
76561198272562951,0,0.006721706595271826,3,0.9857762037051383
76561198060717527,0,0.4636188745498657,3,0.9857762037051383
76561198048568436,0,0.334895521402359,3,0.9857762037051383
76561198852932808,1,0.9457135796546936,3,0.9857762037051383
76561198125729928,0,0.15523463487625122,3,0.9857762037051383
76561199054398815,0,0.9928606152534485,3,0.9857762037051383
76561198402003472,0,0.00473768450319767,3,0.9857762037051383
76561199015102101,0,0.005175635684281588,3,0.9857762037051383
76561198106860218,0,0.0052396743558347225,3,0.9857762037051383
76561198798803311,0,0.021132737398147583,3,0.9857762037051383
76561198006801936,1,0.9889544248580933,3,0.9857762037051383
76561199196714490,0,0.033345263451337814,3,0.9857762037051383
76561198035515952,0,0.00692276656627655,3,0.9857762037051383
76561197963831136,0,0.8562791347503662,3,0.9857762037051383
76561198856319949,0,0.007986714132130146,3,0.9857762037051383
76561198130757809,0,0.7880979776382446,3,0.9857762037051383
76561198065441203,0,0.005587678402662277,3,0.9857762037051383
76561198226256664,0,0.7258188128471375,3,0.9857762037051383
76561198440795188,0,0.004393433686345816,3,0.9857762037051383
76561198012241033,0,0.0036116864066570997,3,0.9857762037051383
76561198855194273,0,0.326107382774353,3,0.9857762037051383
76561198323168241,0,0.13941237330436707,3,0.9857762037051383
76561199169777800,0,0.0033011012710630894,3,0.9857762037051383
76561199128929699,0,0.9903153777122498,3,0.9857762037051383
76561198064882604,0,0.019437631592154503,3,0.9857762037051383
76561198017101953,0,0.02135258913040161,3,0.9857762037051383
76561198339041038,0,0.0070392051711678505,3,0.9857762037051383
76561197997074573,0,0.6950659155845642,3,0.9857762037051383
76561198814987993,0,0.008203957229852676,3,0.9857762037051383
76561199099995029,0,0.9939385652542114,3,0.9857762037051383
76561198126930165,0,0.02670198120176792,3,0.9857762037051383
76561199221076296,0,0.008257056586444378,3,0.9857762037051383
76561198052164981,0,0.8044154644012451,3,0.9857762037051383
76561199803903859,0,0.0039095389656722546,3,0.9857762037051383
76561199116259726,1,0.9734379053115845,3,0.9857762037051383
76561198394467986,0,0.4263061285018921,3,0.9857762037051383
76561198359794029,0,0.9944477081298828,3,0.9857762037051383
76561199472755374,0,0.01775461807847023,3,0.9857762037051383
76561198053150064,0,0.987307071685791,3,0.9857762037051383
76561198045853433,0,0.03445758298039436,3,0.9857762037051383
76561199257148378,0,0.004001112189143896,3,0.9857762037051383
76561197972474990,0,0.003451029770076275,3,0.9857762037051383
76561198809845347,0,0.005524568259716034,3,0.9857762037051383
76561198274301427,0,0.010517020709812641,3,0.9857762037051383
76561198391108290,0,0.935187578201294,3,0.9857762037051383
76561197973029706,0,0.2667240500450134,3,0.9857762037051383
76561199046959431,0,0.010130315087735653,3,0.9857762037051383
76561198798130163,0,0.04070105403661728,3,0.9857762037051383
76561198006215730,0,0.9690716862678528,3,0.9857762037051383
76561199642013324,0,0.004814559128135443,3,0.9857762037051383
76561199146368958,0,0.005406192038208246,3,0.9857762037051383
76561199065779416,0,0.7178007960319519,3,0.9857762037051383
76561198195012290,0,0.010307352058589458,3,0.9857762037051383
76561198287490528,0,0.06635446101427078,3,0.9857762037051383
76561199425052073,0,0.0035526170395314693,3,0.9857762037051383
76561198341923877,0,0.052825186401605606,3,0.9857762037051383
76561198439790841,0,0.026217937469482422,3,0.9857762037051383
76561199092949366,0,0.005986829753965139,3,0.9857762037051383
76561199000548526,0,0.004393397830426693,3,0.9857762037051383
76561198179796955,0,0.6053702235221863,3,0.9857762037051383
76561198399428984,0,0.02605714090168476,3,0.9857762037051383
76561199063014515,0,0.01838260516524315,3,0.9857762037051383
76561198137072043,0,0.0142555832862854,3,0.9857762037051383
76561198061625024,0,0.20859430730342865,3,0.9857762037051383
76561198983693051,0,0.004194215871393681,3,0.9857762037051383
76561199658053291,0,0.004417348187416792,3,0.9857762037051383
76561199536512650,0,0.004204791039228439,3,0.9857762037051383
76561197963337689,0,0.005587815772742033,3,0.9857762037051383
76561199229245460,0,0.011212654411792755,3,0.9857762037051383
76561198451079267,0,0.005401696544140577,3,0.9857762037051383
76561198224821036,0,0.012443024665117264,3,0.9857762037051383
76561198172909683,0,0.01008222158998251,3,0.9857762037051383
76561198051685980,0,0.003615341614931822,3,0.9857762037051383
76561198076607494,0,0.2846132814884186,3,0.9857762037051383
76561199397113079,0,0.006128392647951841,3,0.9857762037051383
76561199073648764,0,0.0033011012710630894,3,0.9857762037051383
76561198394953827,0,0.00683875847607851,3,0.9857762037051383
76561199239690166,0,0.011449000798165798,3,0.9857762037051383
76561198967608373,0,0.017896262928843498,3,0.9857762037051383
76561198139040575,0,0.0813913494348526,3,0.9857762037051383
76561199588237348,0,0.00634751096367836,3,0.9857762037051383
76561198118191379,0,0.0046963817439973354,3,0.9857762037051383
76561198880277950,0,0.00420259078964591,3,0.9857762037051383
76561198186965257,0,0.008821843191981316,3,0.9857762037051383
76561198317261304,0,0.012409963645040989,3,0.9857762037051383
76561199121459677,0,0.0034484295174479485,3,0.9857762037051383
76561198305316969,0,0.0066883759573102,3,0.9857762037051383
76561197994642268,0,0.188982293009758,3,0.9857762037051383
76561198008592074,0,0.005627107340842485,3,0.9857762037051383
76561197970519542,0,0.008387011475861073,3,0.9857762037051383
76561198397816982,0,0.004239825066179037,3,0.9857762037051383
76561199633307311,0,0.21870438754558563,3,0.9857762037051383
76561198433893877,0,0.00639465032145381,3,0.9857762037051383
76561197986352472,0,0.004218715708702803,3,0.9857762037051383
76561198882529443,0,0.006458132527768612,3,0.9857762037051383
76561198435638902,0,0.005961311515420675,3,0.9857762037051383
76561198387406156,0,0.007114136591553688,3,0.9857762037051383
76561199490051409,0,0.013595891185104847,3,0.9857762037051383
76561198121733393,0,0.004048723261803389,3,0.9857762037051383
76561197963244368,0,0.006690081208944321,3,0.9857762037051383
76561198146986697,0,0.009776395745575428,3,0.9857762037051383
76561198152955458,0,0.010517020709812641,3,0.9857762037051383
76561199384433844,0,0.03274988755583763,3,0.9857762037051383
76561198220445785,0,0.3205487132072449,3,0.9857762037051383
76561197971478514,0,0.8375712633132935,3,0.9857762037051383
76561198814253550,0,0.09883192181587219,3,0.9857762037051383
76561197991890078,0,0.02145620435476303,3,0.9857762037051383
76561198018499032,0,0.004554353654384613,3,0.9857762037051383
76561198135088394,0,0.44300851225852966,3,0.9857762037051383
76561198020236220,0,0.011544854380190372,3,0.9857762037051383
76561198038253228,0,0.48307791352272034,3,0.9857762037051383
76561198062679452,0,0.9096631407737732,3,0.9857762037051383
76561199222196312,0,0.004694834817200899,3,0.9857762037051383
76561198414321628,0,0.7124813199043274,3,0.9857762037051383
76561198042649432,0,0.009073282591998577,3,0.9857762037051383
76561199059262366,0,0.007848449051380157,3,0.9857762037051383
76561198950866866,0,0.02439873106777668,3,0.9857762037051383
76561198135030704,0,0.9948470592498779,3,0.9857762037051383
76561198116357340,0,0.09891485422849655,3,0.9857762037051383
76561198045041225,0,0.06646491587162018,3,0.9857762037051383
76561199031069820,0,0.013301152735948563,3,0.9857762037051383
76561198358058459,0,0.01655035838484764,3,0.9857762037051383
76561198080283093,0,0.9375607371330261,3,0.9857762037051383
76561198010104378,0,0.008169884793460369,3,0.9857762037051383
76561199037301288,1,0.9936835765838623,3,0.9857762037051383
76561198453093633,0,0.6174672842025757,3,0.9857762037051383
76561198862249417,0,0.1548798829317093,3,0.9857762037051383
76561198042786525,0,0.0071333469823002815,3,0.9857762037051383
76561198084160324,1,0.9954597353935242,3,0.9857762037051383
76561198056660754,1,0.09669904410839081,3,0.9857762037051383
76561198164255767,0,0.12164553254842758,3,0.9857762037051383
76561199172898245,0,0.02798798866569996,3,0.9857762037051383
76561198819100231,0,0.004351438023149967,3,0.9857762037051383
76561198034844042,0,0.08581463992595673,3,0.9857762037051383
76561198804478876,0,0.3254607319831848,3,0.9857762037051383
76561198803078868,0,0.9669469594955444,3,0.9857762037051383
76561198377545577,0,0.04769110307097435,3,0.9857762037051383
76561198090392455,0,0.05771566182374954,3,0.9857762037051383
76561198272991022,0,0.8115091919898987,3,0.9857762037051383
76561197978532290,0,0.26751846075057983,3,0.9857762037051383
76561198410194643,0,0.6463355422019958,3,0.9857762037051383
76561197964628129,0,0.22592779994010925,3,0.9857762037051383
76561198389884172,0,0.10583654791116714,3,0.9857762037051383
76561199031673807,0,0.006608045194298029,3,0.9857762037051383
76561198044117115,0,0.005627145059406757,3,0.9857762037051383
76561199141098372,0,0.0036056600511074066,3,0.9857762037051383
76561198118174062,0,0.21233010292053223,3,0.9857762037051383
76561198862121912,0,0.003452919190749526,3,0.9857762037051383
76561198120606538,0,0.01061104517430067,3,0.9857762037051383
76561198865147219,0,0.0077934060245752335,3,0.9857762037051383
76561198150491059,0,0.010492258705198765,3,0.9857762037051383
76561198008098299,0,0.0034118208568543196,3,0.9857762037051383
76561198140540469,0,0.008579838089644909,3,0.9857762037051383
76561199197946509,0,0.11223198473453522,3,0.9857762037051383
76561198050623580,0,0.0070970868691802025,3,0.9857762037051383
76561198866708204,0,0.9842276573181152,3,0.9857762037051383
76561199013100509,0,0.00425275694578886,3,0.9857762037051383
76561198053330889,0,0.003529420355334878,3,0.9857762037051383
76561199041697361,0,0.007517045829445124,3,0.9857762037051383
76561198060758645,0,0.03871356323361397,3,0.9857762037051383
76561198225633784,0,0.009367905557155609,3,0.9857762037051383
76561199806402683,0,0.02546820044517517,3,0.9857762037051383
76561198266455723,0,0.18008491396903992,3,0.9857762037051383
76561198054485384,0,0.0454292967915535,3,0.9857762037051383
76561198087116298,0,0.44693678617477417,3,0.9857762037051383
76561198262706021,0,0.13304680585861206,3,0.9857762037051383
76561198047425132,0,0.00381714035756886,3,0.9857762037051383
76561199025628436,0,0.43175485730171204,3,0.9857762037051383
76561198387927946,0,0.0052599310874938965,3,0.9857762037051383
76561198413928624,0,0.1567850261926651,3,0.9857762037051383
76561198839662360,0,0.004184166435152292,3,0.9857762037051383
76561198365346816,0,0.1869412511587143,3,0.9857762037051383
76561198972524765,0,0.004771113395690918,3,0.9857762037051383
76561199652032093,0,0.0378054641187191,3,0.9857762037051383
76561197989852192,0,0.0484619140625,3,0.9857762037051383
76561198242302870,0,0.0037957592867314816,3,0.9857762037051383
76561198159999995,0,0.0061469534412026405,3,0.9857762037051383
76561198393805099,0,0.6168206334114075,3,0.9857762037051383
76561198397308489,0,0.0764542669057846,3,0.9857762037051383
76561199032294655,0,0.7192670106887817,3,0.9857762037051383
76561198086491979,0,0.0249495729804039,3,0.9857762037051383
76561199008647716,0,0.004270186182111502,3,0.9857762037051383
76561198127684718,0,0.14179642498493195,3,0.9857762037051383
76561198361522605,0,0.005997665226459503,3,0.9857762037051383
76561198993492447,0,0.02427755296230316,3,0.9857762037051383
76561199223551131,0,0.023770345374941826,3,0.9857762037051383
76561198846756464,0,0.0037102692294865847,3,0.9857762037051383
76561198049121272,0,0.00434269942343235,3,0.9857762037051383
76561198174423998,0,0.004396623931825161,3,0.9857762037051383
76561198099279216,0,0.0041885836981236935,3,0.9857762037051383
76561198076134141,0,0.2462606281042099,3,0.9857762037051383
76561198318204804,0,0.004048723261803389,3,0.9857762037051383
76561198048419024,0,0.004345840774476528,3,0.9857762037051383
76561199528988886,0,0.0033011012710630894,3,0.9857762037051383
76561198297787791,0,0.014698958955705166,3,0.9857762037051383
76561198072305784,0,0.0691080242395401,3,0.9857762037051383
76561198039424330,0,0.007388990372419357,3,0.9857762037051383
76561198388887067,0,0.0067120823077857494,3,0.9857762037051383
76561198870013822,0,0.005574805196374655,3,0.9857762037051383
76561198253575957,0,0.005421847105026245,3,0.9857762037051383
76561198249039928,0,0.015756960958242416,3,0.9857762037051383
76561198042491625,0,0.005046271253377199,3,0.9857762037051383
76561198167857923,0,0.0038274533580988646,3,0.9857762037051383
76561198143041497,0,0.05186139792203903,3,0.9857762037051383
76561199071948069,0,0.0034763305447995663,3,0.9857762037051383
76561199232533479,0,0.005689013283699751,3,0.9857762037051383
76561199096511716,0,0.03197671100497246,3,0.9857762037051383
76561199019978230,0,0.0034635779447853565,3,0.9857762037051383
76561198013643687,0,0.0054856701754033566,3,0.9857762037051383
76561198010375650,0,0.007598857395350933,3,0.9857762037051383
76561198326601310,1,0.9943200349807739,3,0.9857762037051383
76561199030415592,0,0.0034763305447995663,3,0.9857762037051383
76561198261532024,0,0.045566849410533905,3,0.9857762037051383
76561199123102586,0,0.9729864001274109,3,0.9857762037051383
76561199806153784,0,0.003301267046481371,3,0.9857762037051383
76561198010513343,0,0.021967271342873573,3,0.9857762037051383
76561199111363928,0,0.012203602120280266,3,0.9857762037051383
76561198122155606,0,0.3973984718322754,3,0.9857762037051383
76561199089768927,0,0.004847079515457153,3,0.9857762037051383
76561197980384099,0,0.007839946076273918,3,0.9857762037051383
76561197977039865,0,0.4401281177997589,3,0.9857762037051383
76561198295296271,0,0.0997631624341011,3,0.9857762037051383
76561199261494157,0,0.7031483054161072,3,0.9857762037051383
76561198256043639,0,0.9661630392074585,3,0.9857762037051383
76561197995927749,0,0.0640898123383522,3,0.9857762037051383
76561199353495714,0,0.008050277829170227,3,0.9857762037051383
76561199190899462,0,0.011257070116698742,3,0.9857762037051383
76561199054562944,1,0.9957721829414368,3,0.9857762037051383
76561198436091168,0,0.9695056676864624,3,0.9857762037051383
76561198150796597,0,0.0033594975247979164,3,0.9857762037051383
76561199018953701,0,0.8309714198112488,3,0.9857762037051383
76561199504974973,0,0.006242342293262482,3,0.9857762037051383
76561198069772289,0,0.01735176146030426,3,0.9857762037051383
76561198061313718,0,0.0036056600511074066,3,0.9857762037051383
76561199304639503,0,0.2076079547405243,3,0.9857762037051383
76561198168318253,0,0.0607578307390213,3,0.9857762037051383
76561198056071817,0,0.01060112752020359,3,0.9857762037051383
76561198368654929,0,0.022363785654306412,3,0.9857762037051383
76561198119478085,0,0.3580317497253418,3,0.9857762037051383
76561198220938368,0,0.848760724067688,3,0.9857762037051383
76561198317076851,0,0.17102374136447906,3,0.9857762037051383
76561198202103852,0,0.008271127939224243,3,0.9857762037051383
76561198007419240,0,0.09455225616693497,3,0.9857762037051383
76561199004155218,0,0.016441551968455315,3,0.9857762037051383
76561198079728803,0,0.006691304501146078,3,0.9857762037051383
76561199246288638,0,0.008198883384466171,3,0.9857762037051383
76561198044394411,0,0.5323587656021118,3,0.9857762037051383
76561199001485410,0,0.004322378896176815,3,0.9857762037051383
76561198107342666,0,0.0038056583143770695,3,0.9857762037051383
76561199026809971,0,0.021717950701713562,3,0.9857762037051383
76561198322426291,0,0.00807553343474865,3,0.9857762037051383
76561198038081485,0,0.004930341150611639,3,0.9857762037051383
76561198303657078,0,0.0033571559470146894,3,0.9857762037051383
76561198892873142,0,0.004858717322349548,3,0.9857762037051383
76561198028591867,0,0.6173136830329895,3,0.9857762037051383
76561198282728678,0,0.024174923077225685,3,0.9857762037051383
76561198026282264,0,0.00420609675347805,3,0.9857762037051383
76561199104755912,0,0.9857838153839111,3,0.9857762037051383
76561198155952394,0,0.3610372245311737,3,0.9857762037051383
76561198077680791,0,0.24631017446517944,3,0.9857762037051383
76561198007916060,0,0.006696687545627356,3,0.9857762037051383
76561198215498281,0,0.05693737789988518,3,0.9857762037051383
76561198067882026,1,0.927191972732544,3,0.9857762037051383
76561199793289387,0,0.5639594197273254,3,0.9857762037051383
76561198098574917,0,0.21693284809589386,3,0.9857762037051383
76561198144413930,0,0.00981973297894001,3,0.9857762037051383
76561198197045723,0,0.029637031257152557,3,0.9857762037051383
76561198127839124,0,0.07735054194927216,3,0.9857762037051383
76561199574390296,0,0.005056926980614662,3,0.9857762037051383
76561198161221383,1,0.9830579161643982,3,0.9857762037051383
76561198426781383,0,0.004048723261803389,3,0.9857762037051383
76561199218597157,0,0.9917178153991699,3,0.9857762037051383
76561199032698818,0,0.9017963409423828,3,0.9857762037051383
76561198056319978,0,0.018881184980273247,3,0.9857762037051383
76561199099519952,0,0.014376023784279823,3,0.9857762037051383
76561199039729874,0,0.07960456609725952,3,0.9857762037051383
76561198136742149,0,0.09241194278001785,3,0.9857762037051383
76561199008986804,0,0.016912462189793587,3,0.9857762037051383
76561198031081371,0,0.006453759502619505,3,0.9857762037051383
76561199229140799,0,0.0045793126337230206,3,0.9857762037051383
76561197963876549,0,0.04139883443713188,3,0.9857762037051383
76561198234971456,0,0.00801058392971754,3,0.9857762037051383
76561199251134652,0,0.0051175933331251144,3,0.9857762037051383
76561199024871927,0,0.0041716923005878925,3,0.9857762037051383
76561198382576626,0,0.0039108796045184135,3,0.9857762037051383
76561199066456345,0,0.0043090092949569225,3,0.9857762037051383
76561198151822142,0,0.0033614919520914555,3,0.9857762037051383
76561199015846041,1,0.9953325390815735,3,0.9857762037051383
76561198096420773,0,0.0038761973846703768,3,0.9857762037051383
76561198343735966,0,0.019441192969679832,3,0.9857762037051383
76561198835854914,0,0.003915043082088232,3,0.9857762037051383
76561198298615257,0,0.0068728746846318245,3,0.9857762037051383
76561198960794487,0,0.474433034658432,3,0.9857762037051383
76561198329713809,0,0.005409985780715942,3,0.9857762037051383
76561198989120586,0,0.09681239724159241,3,0.9857762037051383
76561198008744473,0,0.14186976850032806,3,0.9857762037051383
76561199230663840,1,0.9942865967750549,3,0.9857762037051383
76561198346391446,0,0.004611995071172714,3,0.9857762037051383
76561198281574164,0,0.015121577307581902,3,0.9857762037051383
76561197980165128,0,0.004636603407561779,3,0.9857762037051383
76561199686197467,0,0.3503236174583435,3,0.9857762037051383
76561199124860673,0,0.004784021060913801,3,0.9857762037051383
76561199004408953,0,0.3280811309814453,3,0.9857762037051383
76561198190908783,0,0.003324866760522127,3,0.9857762037051383
76561199118901261,0,0.4265526831150055,3,0.9857762037051383
76561199251170107,0,0.005633856635540724,3,0.9857762037051383
76561198396850750,0,0.026029162108898163,3,0.9857762037051383
76561198025070122,0,0.007454621605575085,3,0.9857762037051383
76561198030805797,0,0.004819021560251713,3,0.9857762037051383
76561198076312595,0,0.024072008207440376,3,0.9857762037051383
76561198358421839,0,0.04162759333848953,3,0.9857762037051383
76561198276538535,1,0.9955540299415588,3,0.9857762037051383
76561199551968834,0,0.008798899129033089,3,0.9857762037051383
76561199016460153,0,0.023468051105737686,3,0.9857762037051383
76561198134153594,0,0.005098352674394846,3,0.9857762037051383
76561198184905231,0,0.7113978862762451,3,0.9857762037051383
76561198156207101,0,0.0040011159144341946,3,0.9857762037051383
76561199439770002,0,0.01965359039604664,3,0.9857762037051383
76561198264318966,0,0.9228392839431763,3,0.9857762037051383
76561199093053202,0,0.020508430898189545,3,0.9857762037051383
76561197968527926,0,0.6140256524085999,3,0.9857762037051383
76561198055238538,0,0.9901262521743774,3,0.9857762037051383
76561199759590875,0,0.005954810418188572,3,0.9857762037051383
76561199303044800,0,0.004202115815132856,3,0.9857762037051383
76561198162895580,0,0.0039655608125030994,3,0.9857762037051383
76561198216661880,0,0.004277702886611223,3,0.9857762037051383
76561198368360205,0,0.013251903466880322,3,0.9857762037051383
76561198809834008,0,0.877711296081543,3,0.9857762037051383
76561199003203525,0,0.006627922877669334,3,0.9857762037051383
76561198154861353,0,0.009785900823771954,3,0.9857762037051383
76561199013720542,0,0.00453941198065877,3,0.9857762037051383
76561198067597868,0,0.04148787632584572,3,0.9857762037051383
76561198021702681,1,0.9945170283317566,3,0.9857762037051383
76561198404848690,0,0.009069266729056835,3,0.9857762037051383
76561197993596311,0,0.005973655264824629,3,0.9857762037051383
76561198119383167,0,0.013786661438643932,3,0.9857762037051383
76561199197621904,0,0.004278433974832296,3,0.9857762037051383
76561198891096405,0,0.0034763305447995663,3,0.9857762037051383
76561198837689201,0,0.0034522635396569967,3,0.9857762037051383
76561198029293876,0,0.0035762530751526356,3,0.9857762037051383
76561198402053418,0,0.022065341472625732,3,0.9857762037051383
76561198258084585,0,0.004296202212572098,3,0.9857762037051383
76561199112581421,0,0.005729148630052805,3,0.9857762037051383
76561198091222662,0,0.004067312926054001,3,0.9857762037051383
76561199477513994,0,0.008758526295423508,3,0.9857762037051383
76561198208765185,0,0.004339192062616348,3,0.9857762037051383
76561198966590458,0,0.08481507748365402,3,0.9857762037051383
76561199366975279,0,0.0038792400155216455,3,0.9857762037051383
76561199086471344,0,0.005285170394927263,3,0.9857762037051383
76561198966899283,0,0.5983800292015076,3,0.9857762037051383
76561198860551773,0,0.03927511349320412,3,0.9857762037051383
76561199065953934,0,0.7093437910079956,3,0.9857762037051383
76561198031468227,0,0.06355154514312744,3,0.9857762037051383
76561197972288952,0,0.9675469398498535,3,0.9857762037051383
76561198320472484,0,0.046500083059072495,3,0.9857762037051383
76561199054322848,0,0.003919785842299461,3,0.9857762037051383
76561198313659115,0,0.0054408954456448555,3,0.9857762037051383
76561198255296661,0,0.009079075418412685,3,0.9857762037051383
76561199551837171,0,0.0042040543630719185,3,0.9857762037051383
76561199676558456,0,0.8161599040031433,3,0.9857762037051383
76561199622981167,0,0.3113043010234833,3,0.9857762037051383
76561199573430378,0,0.007001086138188839,3,0.9857762037051383
76561199583558750,0,0.003843359649181366,3,0.9857762037051383
76561198009985326,0,0.004183737561106682,3,0.9857762037051383
76561198050402249,0,0.005764366127550602,3,0.9857762037051383
76561198968972094,0,0.010055036284029484,3,0.9857762037051383
76561198128892144,0,0.005438624881207943,3,0.9857762037051383
76561199118216044,1,0.979148268699646,3,0.9857762037051383
76561198337184859,0,0.00424567935988307,3,0.9857762037051383
76561198015081623,0,0.008480262942612171,3,0.9857762037051383
76561198979942459,0,0.01190569531172514,3,0.9857762037051383
76561198199313811,0,0.003801240585744381,3,0.9857762037051383
76561198371249435,0,0.00981769897043705,3,0.9857762037051383
76561198091574791,0,0.005698164459317923,3,0.9857762037051383
76561198059625270,0,0.004510647151619196,3,0.9857762037051383
76561199284020731,0,0.003722917987033725,3,0.9857762037051383
76561198123590121,0,0.0037771265488117933,3,0.9857762037051383
76561198060880210,0,0.018742071464657784,3,0.9857762037051383
76561198424863297,0,0.8479893803596497,3,0.9857762037051383
76561199162777795,0,0.003966676536947489,3,0.9857762037051383
76561199016438715,0,0.009081728756427765,3,0.9857762037051383
76561198116611933,0,0.8017884492874146,3,0.9857762037051383
76561199786193859,0,0.004952399525791407,3,0.9857762037051383
76561198142416765,0,0.2591181695461273,3,0.9857762037051383
76561199486019264,0,0.9683427214622498,3,0.9857762037051383
76561199006288435,1,0.38699352741241455,3,0.9857762037051383
76561199155767170,0,0.004962930455803871,3,0.9857762037051383
76561199663175247,0,0.005559541285037994,3,0.9857762037051383
76561199213473150,0,0.2147621065378189,3,0.9857762037051383
76561198387234062,0,0.006638090591877699,3,0.9857762037051383
76561198015366322,0,0.9838506579399109,3,0.9857762037051383
76561198103661373,1,0.9952711462974548,3,0.9857762037051383
76561198989251118,0,0.5098387002944946,3,0.9857762037051383
76561198055555262,1,0.9583704471588135,3,0.9857762037051383
76561199116901035,0,0.972773015499115,3,0.9857762037051383
76561198035548328,0,0.005253077019006014,3,0.9857762037051383
76561198283444508,0,0.016360115259885788,3,0.9857762037051383
76561198042057347,0,0.07419031858444214,3,0.9857762037051383
76561197968555638,0,0.0034966447856277227,3,0.9857762037051383
76561198191475949,0,0.026050608605146408,3,0.9857762037051383
76561198444101345,0,0.008854653686285019,3,0.9857762037051383
76561198083699952,0,0.037215057760477066,3,0.9857762037051383
76561198880604719,1,0.9953315854072571,3,0.9857762037051383
76561198048536640,0,0.0056387633085250854,3,0.9857762037051383
76561199116682109,0,0.007822670042514801,3,0.9857762037051383
76561199095491124,0,0.004054018296301365,3,0.9857762037051383
76561199122125213,0,0.9905022382736206,3,0.9857762037051383
76561199518348318,0,0.006906931288540363,3,0.9857762037051383
76561199026479677,0,0.015516616404056549,3,0.9857762037051383
76561198043741923,0,0.43935003876686096,3,0.9857762037051383
76561198099368310,0,0.012399050407111645,3,0.9857762037051383
76561199465915849,0,0.003525793319568038,3,0.9857762037051383
76561198826107505,0,0.006144964601844549,3,0.9857762037051383
76561199222630788,0,0.0037454008124768734,3,0.9857762037051383
76561198087177675,0,0.9886640906333923,3,0.9857762037051383
76561197976733573,0,0.1935497373342514,3,0.9857762037051383
76561197965030955,0,0.2851639986038208,3,0.9857762037051383
76561199434024793,0,0.173015296459198,3,0.9857762037051383
76561198032577290,0,0.0036598884034901857,3,0.9857762037051383
76561199273681209,0,0.7516281008720398,3,0.9857762037051383
76561198068398181,0,0.0034763305447995663,3,0.9857762037051383
76561198964556378,1,0.2605525851249695,3,0.9857762037051383
76561198167025965,0,0.004957251250743866,3,0.9857762037051383
76561198122295906,0,0.0033011012710630894,3,0.9857762037051383
76561199021391051,0,0.004593972582370043,3,0.9857762037051383
76561198271355628,0,0.005228571593761444,3,0.9857762037051383
76561198161628211,1,0.9952566027641296,3,0.9857762037051383
76561198072931407,0,0.00999525561928749,3,0.9857762037051383
76561198033485757,0,0.00727798929437995,3,0.9857762037051383
76561199231710537,0,0.036688875406980515,3,0.9857762037051383
76561198044201308,0,0.003986094146966934,3,0.9857762037051383
76561198873498522,0,0.004116944503039122,3,0.9857762037051383
76561199087307284,0,0.013721423223614693,3,0.9857762037051383
76561198079079444,0,0.09388185292482376,3,0.9857762037051383
76561199457157941,0,0.009762279689311981,3,0.9857762037051383
76561198091821392,0,0.007362974341958761,3,0.9857762037051383
76561198802851296,0,0.004045025911182165,3,0.9857762037051383
76561198012920212,0,0.0057148742489516735,3,0.9857762037051383
76561198094677176,0,0.0044465214014053345,3,0.9857762037051383
76561199136047680,0,0.009973320178687572,3,0.9857762037051383
76561198011381194,0,0.6425359845161438,3,0.9857762037051383
76561199278578530,0,0.004001112189143896,3,0.9857762037051383
76561198008803863,0,0.003382305847480893,3,0.9857762037051383
76561198299759058,0,0.2038818597793579,3,0.9857762037051383
76561198086219777,0,0.007326054852455854,3,0.9857762037051383
76561198049817887,0,0.008771982975304127,3,0.9857762037051383
76561199520237865,0,0.003662806935608387,3,0.9857762037051383
76561198970950093,0,0.006287321448326111,3,0.9857762037051383
76561198989521128,0,0.04740896075963974,3,0.9857762037051383
76561199152987848,0,0.0035926979035139084,3,0.9857762037051383
76561198277011024,0,0.012614693492650986,3,0.9857762037051383
76561198838300431,0,0.003944159019738436,3,0.9857762037051383
76561199189004526,0,0.0037927653174847364,3,0.9857762037051383
76561199104905426,0,0.006635043770074844,3,0.9857762037051383
76561197979339730,0,0.0036227095406502485,3,0.9857762037051383
76561198292545916,0,0.013634000904858112,3,0.9857762037051383
76561198959339837,0,0.1751517653465271,3,0.9857762037051383
76561198123433320,0,0.003524628933519125,3,0.9857762037051383
76561198852440888,0,0.0033276742324233055,3,0.9857762037051383
76561198123677189,0,0.007004156243056059,3,0.9857762037051383
76561198047295682,0,0.7547377943992615,3,0.9857762037051383
76561198019477579,0,0.006486665457487106,3,0.9857762037051383
76561197965209848,0,0.007494836580008268,3,0.9857762037051383
76561198006784336,0,0.9045106172561646,3,0.9857762037051383
76561199026416297,0,0.00972168892621994,3,0.9857762037051383
76561198199345961,0,0.1663575917482376,3,0.9857762037051383
76561198351681767,0,0.009466413408517838,3,0.9857762037051383
76561197991373418,0,0.014855308458209038,3,0.9857762037051383
76561198078820627,0,0.003361466573551297,3,0.9857762037051383
76561198055114762,0,0.004063206724822521,3,0.9857762037051383
76561198113074324,0,0.004153450019657612,3,0.9857762037051383
76561198096674078,0,0.004011828918009996,3,0.9857762037051383
76561198169259285,0,0.003656454151496291,3,0.9857762037051383
76561199494754712,0,0.9568493962287903,3,0.9857762037051383
76561198073156111,0,0.23511077463626862,3,0.9857762037051383
76561198108870484,0,0.003349501406773925,3,0.9857762037051383
76561199486720515,0,0.0035230349749326706,3,0.9857762037051383
76561198977838352,0,0.003859743010252714,3,0.9857762037051383
76561198146872730,0,0.03646383434534073,3,0.9857762037051383
76561199015755671,0,0.005078805610537529,3,0.9857762037051383
76561198019070582,0,0.29118165373802185,3,0.9857762037051383
76561198110825330,0,0.12559987604618073,3,0.9857762037051383
76561199231547278,0,0.03178033232688904,3,0.9857762037051383
76561198387809516,0,0.011754284612834454,3,0.9857762037051383
76561198872165270,0,0.013711430132389069,3,0.9857762037051383
76561199541935965,0,0.03892619162797928,3,0.9857762037051383
76561198235246472,0,0.009703429415822029,3,0.9857762037051383
76561199670427164,0,0.004785730503499508,3,0.9857762037051383
76561199032128974,0,0.5658619999885559,3,0.9857762037051383
76561198132418283,0,0.8650495409965515,3,0.9857762037051383
76561198344225086,0,0.027881374582648277,3,0.9857762037051383
76561197981205660,0,0.007834384217858315,3,0.9857762037051383
76561198334128241,0,0.004510647151619196,3,0.9857762037051383
76561199277769758,0,0.9891359806060791,3,0.9857762037051383
76561198079758692,0,0.6654461026191711,3,0.9857762037051383
76561198049732899,0,0.02655785344541073,3,0.9857762037051383
76561198076288348,0,0.5538238883018494,3,0.9857762037051383
76561198356947510,0,0.004507323261350393,3,0.9857762037051383
76561198009881326,0,0.09567679464817047,3,0.9857762037051383
76561199015226020,0,0.04264112934470177,3,0.9857762037051383
76561198047691055,0,0.003348042257130146,3,0.9857762037051383
76561198354883972,0,0.00521499291062355,3,0.9857762037051383
76561197994262585,0,0.6281058192253113,3,0.9857762037051383
76561198294902335,0,0.003936115652322769,3,0.9857762037051383
76561199401542503,0,0.006174885202199221,3,0.9857762037051383
76561199805419459,0,0.016117265447974205,3,0.9857762037051383
76561199738410813,0,0.8825930953025818,3,0.9857762037051383
76561199158583499,0,0.003940930124372244,3,0.9857762037051383
76561198967287929,0,0.10031354427337646,3,0.9857762037051383
76561198122977408,0,0.2067270129919052,3,0.9857762037051383
76561198087370078,0,0.004713973496109247,3,0.9857762037051383
76561198971293115,0,0.003889945335686207,3,0.9857762037051383
76561199018340693,0,0.005789249204099178,3,0.9857762037051383
76561198312217186,0,0.006220125127583742,3,0.9857762037051383
76561198417221771,0,0.008515073917806149,3,0.9857762037051383
76561199057320642,0,0.004648556932806969,3,0.9857762037051383
76561198820145127,0,0.012540161609649658,3,0.9857762037051383
76561199288050141,1,0.5055856704711914,3,0.9857762037051383
76561199080100068,0,0.005097754765301943,3,0.9857762037051383
76561199382125933,0,0.007794102653861046,3,0.9857762037051383
76561198274785674,0,0.14162245392799377,3,0.9857762037051383
76561198234699172,0,0.02844158373773098,3,0.9857762037051383
76561198881823968,0,0.01750585064291954,3,0.9857762037051383
76561198052742403,0,0.7079801559448242,3,0.9857762037051383
76561198968569975,0,0.01748199202120304,3,0.9857762037051383
76561198358244430,0,0.9111106991767883,3,0.9857762037051383
76561198083499900,0,0.1230589896440506,3,0.9857762037051383
76561197996488426,1,0.9952717423439026,3,0.9857762037051383
76561199135781233,0,0.019014131277799606,3,0.9857762037051383
76561198282592823,0,0.0692688450217247,3,0.9857762037051383
76561198393327799,0,0.004777935799211264,3,0.9857762037051383
76561199106721934,0,0.04499410465359688,3,0.9857762037051383
76561198278055745,0,0.007367987651377916,3,0.9857762037051383
76561198880175993,0,0.07374178618192673,3,0.9857762037051383
76561198272019851,0,0.01014466118067503,3,0.9857762037051383
76561198388099018,0,0.006557541899383068,3,0.9857762037051383
76561198247461506,0,0.06176232919096947,3,0.9857762037051383
76561199147753353,0,0.0034763305447995663,3,0.9857762037051383
76561198965347927,0,0.12958666682243347,3,0.9857762037051383
76561198049631646,0,0.013878368772566319,3,0.9857762037051383
76561198101519886,0,0.005454986356198788,3,0.9857762037051383
76561198170036731,0,0.017002493143081665,3,0.9857762037051383
76561198010946154,0,0.009170004166662693,3,0.9857762037051383
76561198101149755,0,0.004006128292530775,3,0.9857762037051383
76561199230882380,0,0.5835088491439819,3,0.9857762037051383
76561198188483763,0,0.00465784827247262,3,0.9857762037051383
76561198081249962,0,0.00418355455622077,3,0.9857762037051383
76561198278837061,0,0.01820688508450985,3,0.9857762037051383
76561198031832040,0,0.07308664917945862,3,0.9857762037051383
76561199229647501,0,0.012400079518556595,3,0.9857762037051383
76561199232584308,0,0.021802222356200218,3,0.9857762037051383
76561198051746325,0,0.006499652750790119,3,0.9857762037051383
76561197960285045,0,0.0043115876615047455,3,0.9857762037051383
76561199812595632,0,0.0033806071151047945,3,0.9857762037051383
76561198016333933,0,0.6571647524833679,3,0.9857762037051383
76561198328846250,0,0.0044240765273571014,3,0.9857762037051383
76561198141452027,0,0.011402939446270466,3,0.9857762037051383
76561198038531253,0,0.00486831134185195,3,0.9857762037051383
76561198051944839,0,0.004345384426414967,3,0.9857762037051383
76561197960418275,0,0.004030386917293072,3,0.9857762037051383
76561199589498564,0,0.004510647151619196,3,0.9857762037051383
76561198334283529,0,0.0075821951031684875,3,0.9857762037051383
76561198375523138,0,0.004151274915784597,3,0.9857762037051383
76561198077709563,0,0.004596459213644266,3,0.9857762037051383
76561198310662061,0,0.13599911332130432,3,0.9857762037051383
76561198342129247,0,0.003452919190749526,3,0.9857762037051383
76561198271146912,0,0.004510647151619196,3,0.9857762037051383
76561198169145974,0,0.004338524304330349,3,0.9857762037051383
76561199134565762,0,0.05358278751373291,3,0.9857762037051383
76561198380847517,0,0.007409846410155296,3,0.9857762037051383
76561198097756215,0,0.00738518638536334,3,0.9857762037051383
76561199010810404,0,0.006728997454047203,3,0.9857762037051383
76561199680692012,0,0.0044163125567138195,3,0.9857762037051383
76561198417329904,0,0.00393194705247879,3,0.9857762037051383
76561197964271921,0,0.0037005573976784945,3,0.9857762037051383
76561199801521231,0,0.007396170869469643,3,0.9857762037051383
76561198001594255,0,0.0034763305447995663,3,0.9857762037051383
76561199534112510,0,0.004581432323902845,3,0.9857762037051383
