user_key,y,score,fold,threshold
76561197982729599,0,0.04520457610487938,4,0.9397580033870193
76561197989381289,0,0.47740525007247925,4,0.9397580033870193
76561199031818862,0,0.02040402777493,4,0.9397580033870193
76561198095964970,0,0.21074844896793365,4,0.9397580033870193
76561198292781965,0,0.047236066311597824,4,0.9397580033870193
76561198147324352,0,0.6782113909721375,4,0.9397580033870193
76561199009116348,0,0.010360135696828365,4,0.9397580033870193
76561199145390301,0,0.013143430463969707,4,0.9397580033870193
76561198858502060,0,0.011899078264832497,4,0.9397580033870193
76561198073183079,0,0.05153658241033554,4,0.9397580033870193
76561198067899774,0,0.005253795068711042,4,0.9397580033870193
76561199048073575,0,0.0137555580586195,4,0.9397580033870193
76561199074307267,0,0.007002269849181175,4,0.9397580033870193
76561199216516750,0,0.003288020147010684,4,0.9397580033870193
76561198135652224,1,0.9115143418312073,4,0.9397580033870193
76561198118100634,1,0.9560656547546387,4,0.9397580033870193
76561199379721656,0,0.12420767545700073,4,0.9397580033870193
76561198017619650,1,0.9906519651412964,4,0.9397580033870193
76561197991580592,0,0.1979372650384903,4,0.9397580033870193
76561197998032922,0,0.0076408423483371735,4,0.9397580033870193
76561198145496937,0,0.23339203000068665,4,0.9397580033870193
76561198128272961,0,0.9747998714447021,4,0.9397580033870193
76561198128289182,1,0.942794144153595,4,0.9397580033870193
76561198169913595,0,0.0063931262120604515,4,0.9397580033870193
76561198111666381,0,0.003984424751251936,4,0.9397580033870193
76561198250466472,0,0.019476961344480515,4,0.9397580033870193
76561198255595511,0,0.19385521113872528,4,0.9397580033870193
76561198987038450,0,0.22956879436969757,4,0.9397580033870193
76561199099220723,0,0.005120358895510435,4,0.9397580033870193
76561198159032441,0,0.005265440326184034,4,0.9397580033870193
76561199229625056,0,0.011082738637924194,4,0.9397580033870193
76561198093729508,0,0.01615329086780548,4,0.9397580033870193
76561198162773699,0,0.3505897521972656,4,0.9397580033870193
76561199229645494,0,0.05300944671034813,4,0.9397580033870193
76561198370843303,0,0.14417189359664917,4,0.9397580033870193
76561198039906408,0,0.019371509552001953,4,0.9397580033870193
76561198302854072,0,0.8952131271362305,4,0.9397580033870193
76561199261459689,0,0.964451014995575,4,0.9397580033870193
76561198296648313,0,0.00786632765084505,4,0.9397580033870193
76561198365513427,0,0.004167518578469753,4,0.9397580033870193
76561199018069649,0,0.059634774923324585,4,0.9397580033870193
76561198135460887,0,0.22383609414100647,4,0.9397580033870193
76561198967889889,0,0.00757030863314867,4,0.9397580033870193
76561199057113472,0,0.008206389844417572,4,0.9397580033870193
76561198065315909,0,0.02122119441628456,4,0.9397580033870193
76561198041006914,0,0.49079692363739014,4,0.9397580033870193
76561198309387116,0,0.006619693711400032,4,0.9397580033870193
76561199095396017,0,0.0033668538089841604,4,0.9397580033870193
76561199005548289,0,0.3355521559715271,4,0.9397580033870193
76561198877172686,0,0.006845514755696058,4,0.9397580033870193
76561199094796020,0,0.008338766172528267,4,0.9397580033870193
76561198351748961,0,0.003703222144395113,4,0.9397580033870193
76561199033033149,0,0.036449652165174484,4,0.9397580033870193
76561198004474118,0,0.003689466742798686,4,0.9397580033870193
76561198979434346,0,0.22518515586853027,4,0.9397580033870193
76561197990824095,0,0.004518179222941399,4,0.9397580033870193
76561198814365697,0,0.013872641138732433,4,0.9397580033870193
76561199168791565,0,0.01918783038854599,4,0.9397580033870193
76561198219576659,0,0.0068147568963468075,4,0.9397580033870193
76561198243403656,0,0.03816501051187515,4,0.9397580033870193
76561199027518991,1,0.8224152326583862,4,0.9397580033870193
76561198098460623,0,0.003935652319341898,4,0.9397580033870193
76561199698342437,0,0.01548369787633419,4,0.9397580033870193
76561198279762739,0,0.005381511524319649,4,0.9397580033870193
76561198016435055,0,0.8566610813140869,4,0.9397580033870193
76561198894104285,0,0.026279278099536896,4,0.9397580033870193
76561198069911941,0,0.003689189674332738,4,0.9397580033870193
76561198038985629,0,0.005348915234208107,4,0.9397580033870193
76561198842064044,0,0.029744043946266174,4,0.9397580033870193
76561198349530859,0,0.6992843747138977,4,0.9397580033870193
76561198979222359,0,0.006804379168897867,4,0.9397580033870193
76561198010705529,0,0.005381511524319649,4,0.9397580033870193
76561198062383278,0,0.005381511524319649,4,0.9397580033870193
76561198956780161,0,0.009245884604752064,4,0.9397580033870193
76561198993745940,0,0.004348814953118563,4,0.9397580033870193
76561198452735666,0,0.02707904390990734,4,0.9397580033870193
76561199076439567,0,0.023408854380249977,4,0.9397580033870193
76561198037036236,0,0.1999664008617401,4,0.9397580033870193
76561198008111778,0,0.0038603951688855886,4,0.9397580033870193
76561199031200285,0,0.006505838595330715,4,0.9397580033870193
76561199013365193,0,0.017602460458874702,4,0.9397580033870193
76561198998697074,0,0.016183234751224518,4,0.9397580033870193
76561198077787508,0,0.37967872619628906,4,0.9397580033870193
76561198271658783,0,0.004460297059267759,4,0.9397580033870193
76561198035364742,0,0.003484672401100397,4,0.9397580033870193
76561199085846189,0,0.007599239237606525,4,0.9397580033870193
76561198052668065,0,0.5177232623100281,4,0.9397580033870193
76561198123327002,0,0.0053326780907809734,4,0.9397580033870193
76561199471955230,0,0.0035417561884969473,4,0.9397580033870193
76561199156702537,0,0.0065958271734416485,4,0.9397580033870193
76561199387019549,0,0.00509617617353797,4,0.9397580033870193
76561198284950202,0,0.1334417760372162,4,0.9397580033870193
76561198983928335,0,0.004742272663861513,4,0.9397580033870193
76561199063880573,0,0.006866862531751394,4,0.9397580033870193
76561198155198931,0,0.002938266145065427,4,0.9397580033870193
76561198042778455,0,0.0045088124461472034,4,0.9397580033870193
76561198113304454,0,0.004311904311180115,4,0.9397580033870193
76561198444745877,0,0.15822912752628326,4,0.9397580033870193
76561199651150822,0,0.0033225822262465954,4,0.9397580033870193
76561198368626727,0,0.08530775457620621,4,0.9397580033870193
76561198333046349,0,0.11260424554347992,4,0.9397580033870193
76561198153960280,0,0.008907611481845379,4,0.9397580033870193
76561198151345617,0,0.011689472943544388,4,0.9397580033870193
76561198073115474,0,0.005093053448945284,4,0.9397580033870193
76561198997509584,1,0.9737361073493958,4,0.9397580033870193
76561199476334884,0,0.20396439731121063,4,0.9397580033870193
76561199142532769,0,0.018391713500022888,4,0.9397580033870193
76561198858495168,0,0.003397854045033455,4,0.9397580033870193
76561199292517995,0,0.6059128046035767,4,0.9397580033870193
76561199191406917,0,0.010229547508060932,4,0.9397580033870193
76561199025045148,0,0.787563681602478,4,0.9397580033870193
76561199682005678,0,0.003397854045033455,4,0.9397580033870193
76561198020658188,0,0.004669763147830963,4,0.9397580033870193
76561199123768064,0,0.054874662309885025,4,0.9397580033870193
76561198214941351,0,0.003529871115460992,4,0.9397580033870193
76561198090162446,0,0.018064746633172035,4,0.9397580033870193
76561199049451395,0,0.028538597747683525,4,0.9397580033870193
76561198064795583,0,0.9947840571403503,4,0.9397580033870193
76561198023986289,0,0.011892968788743019,4,0.9397580033870193
76561199100524955,0,0.003182899672538042,4,0.9397580033870193
76561198261009936,0,0.1904379427433014,4,0.9397580033870193
76561199200356027,0,0.021987009793519974,4,0.9397580033870193
76561198051328153,0,0.018832793459296227,4,0.9397580033870193
76561198163388832,0,0.0260623786598444,4,0.9397580033870193
76561198165943661,0,0.0408351793885231,4,0.9397580033870193
76561198124434813,0,0.0035664718598127365,4,0.9397580033870193
76561199172493551,0,0.004005340859293938,4,0.9397580033870193
76561198405617671,0,0.0036505786702036858,4,0.9397580033870193
76561199232485107,0,0.06054261699318886,4,0.9397580033870193
76561198143062722,0,0.016511937603354454,4,0.9397580033870193
76561198073977817,0,0.0032816100865602493,4,0.9397580033870193
76561199094915534,0,0.005601660814136267,4,0.9397580033870193
76561198356453026,0,0.004873437806963921,4,0.9397580033870193
76561198125286139,0,0.0053868587128818035,4,0.9397580033870193
76561198290468294,0,0.008531494997441769,4,0.9397580033870193
76561198112271825,0,0.005569240543991327,4,0.9397580033870193
76561199200590308,0,0.9688828587532043,4,0.9397580033870193
76561198356809335,0,0.0044693537056446075,4,0.9397580033870193
76561198424284681,0,0.00439384626224637,4,0.9397580033870193
76561198064428995,0,0.005175522994250059,4,0.9397580033870193
76561198246203440,0,0.7165944576263428,4,0.9397580033870193
76561199082378221,0,0.025408798828721046,4,0.9397580033870193
76561198942254609,0,0.004049472976475954,4,0.9397580033870193
76561199307454234,0,0.005381511524319649,4,0.9397580033870193
76561198064824176,0,0.0074354433454573154,4,0.9397580033870193
76561198099089244,0,0.006197123788297176,4,0.9397580033870193
76561199221468595,0,0.003978891763836145,4,0.9397580033870193
76561198216749637,0,0.010143712162971497,4,0.9397580033870193
76561198936321085,0,0.014871954917907715,4,0.9397580033870193
76561199217667190,0,0.005748618859797716,4,0.9397580033870193
76561198245885318,0,0.003911796025931835,4,0.9397580033870193
76561198257983199,0,0.015353630296885967,4,0.9397580033870193
76561198158123597,0,0.07959380745887756,4,0.9397580033870193
76561198061461557,0,0.01607496663928032,4,0.9397580033870193
76561199728481284,0,0.00304594193585217,4,0.9397580033870193
76561197991604666,0,0.002929848851636052,4,0.9397580033870193
76561199266192246,0,0.009018822573125362,4,0.9397580033870193
76561199003412752,0,0.010510224848985672,4,0.9397580033870193
76561198116267053,0,0.9739148616790771,4,0.9397580033870193
76561199057134864,0,0.00483234878629446,4,0.9397580033870193
76561199013569210,0,0.010465025901794434,4,0.9397580033870193
76561199438384180,0,0.0032557067461311817,4,0.9397580033870193
76561198064814474,0,0.9868707060813904,4,0.9397580033870193
76561199093877242,0,0.0061716558411717415,4,0.9397580033870193
76561198013454872,0,0.02595193311572075,4,0.9397580033870193
76561198998321087,0,0.0033526355400681496,4,0.9397580033870193
76561198130085929,0,0.016551747918128967,4,0.9397580033870193
76561198247478316,0,0.26871225237846375,4,0.9397580033870193
76561197970366888,0,0.010573271661996841,4,0.9397580033870193
76561199135338620,0,0.018931714817881584,4,0.9397580033870193
76561198125606093,0,0.003679505316540599,4,0.9397580033870193
76561199006100653,0,0.010582754388451576,4,0.9397580033870193
76561198130157714,0,0.0046453457325696945,4,0.9397580033870193
76561198450828836,0,0.006738248746842146,4,0.9397580033870193
76561197993398060,0,0.007258316967636347,4,0.9397580033870193
76561198055305508,0,0.007023052778095007,4,0.9397580033870193
76561198266819228,0,0.3362298607826233,4,0.9397580033870193
76561199216714609,0,0.005291915964335203,4,0.9397580033870193
76561199032606597,0,0.007898748852312565,4,0.9397580033870193
76561198355514425,0,0.0040797283872962,4,0.9397580033870193
76561198399564790,0,0.007876133546233177,4,0.9397580033870193
76561199498599282,0,0.006730725057423115,4,0.9397580033870193
76561199175007578,0,0.003397854045033455,4,0.9397580033870193
76561198098561705,0,0.006897194776684046,4,0.9397580033870193
76561198320596655,0,0.0068991840817034245,4,0.9397580033870193
76561198079606963,1,0.973081648349762,4,0.9397580033870193
76561199189788865,0,0.08349765092134476,4,0.9397580033870193
76561199217558328,0,0.007870836183428764,4,0.9397580033870193
76561199483393147,0,0.0035546973813325167,4,0.9397580033870193
76561198865820881,0,0.012215903028845787,4,0.9397580033870193
76561198114353032,0,0.009838009253144264,4,0.9397580033870193
76561199556328021,0,0.007158835884183645,4,0.9397580033870193
76561198294582421,0,0.004100472666323185,4,0.9397580033870193
76561198842340773,0,0.16333751380443573,4,0.9397580033870193
76561198111847654,0,0.003056856105104089,4,0.9397580033870193
76561198862060190,0,0.016114097088575363,4,0.9397580033870193
76561198188031351,0,0.8112503290176392,4,0.9397580033870193
76561199251057317,0,0.012568931095302105,4,0.9397580033870193
76561198055189708,0,0.011937341652810574,4,0.9397580033870193
76561199147704049,0,0.0042664166539907455,4,0.9397580033870193
76561199244976140,0,0.0036012225318700075,4,0.9397580033870193
76561198032539229,0,0.8837007284164429,4,0.9397580033870193
76561199560422454,0,0.07293382287025452,4,0.9397580033870193
76561198018610330,0,0.00802294909954071,4,0.9397580033870193
76561198299630291,0,0.026673641055822372,4,0.9397580033870193
76561199103587631,0,0.004003456328064203,4,0.9397580033870193
76561198982690887,0,0.011263387277722359,4,0.9397580033870193
76561198098911635,0,0.007667862344533205,4,0.9397580033870193
76561199249408044,0,0.22142383456230164,4,0.9397580033870193
76561198016154022,0,0.008320199325680733,4,0.9397580033870193
76561199071906487,0,0.006528459023684263,4,0.9397580033870193
76561198407005058,0,0.2798730432987213,4,0.9397580033870193
76561198195143863,0,0.01053145993500948,4,0.9397580033870193
76561198371988370,0,0.022414980456233025,4,0.9397580033870193
76561198251314710,0,0.011340201832354069,4,0.9397580033870193
76561198004241026,0,0.8348939418792725,4,0.9397580033870193
76561197985711079,0,0.0037425265181809664,4,0.9397580033870193
76561198894421763,0,0.02757181227207184,4,0.9397580033870193
76561199735899886,0,0.006026625633239746,4,0.9397580033870193
76561198045061414,0,0.8254234790802002,4,0.9397580033870193
76561199129409267,0,0.0034046717919409275,4,0.9397580033870193
76561198115939792,0,0.0039046432357281446,4,0.9397580033870193
76561198030297607,0,0.049510784447193146,4,0.9397580033870193
76561198031280645,0,0.7020098567008972,4,0.9397580033870193
76561199647795106,0,0.7675685286521912,4,0.9397580033870193
76561198855139895,1,0.5779358148574829,4,0.9397580033870193
76561199210931166,0,0.004618463572114706,4,0.9397580033870193
76561199043392139,0,0.006485208868980408,4,0.9397580033870193
76561198399541912,0,0.020717600360512733,4,0.9397580033870193
76561198122547580,0,0.013107490725815296,4,0.9397580033870193
76561198123330826,0,0.9803289175033569,4,0.9397580033870193
76561198370270673,0,0.007698312867432833,4,0.9397580033870193
76561198964915256,0,0.00934653077274561,4,0.9397580033870193
76561199069696567,0,0.004585872869938612,4,0.9397580033870193
76561198338841316,0,0.004967404063791037,4,0.9397580033870193
76561199108422015,0,0.11557160317897797,4,0.9397580033870193
76561199418982552,0,0.00984217133373022,4,0.9397580033870193
76561198067595037,0,0.25803235173225403,4,0.9397580033870193
76561197994801045,0,0.9098353981971741,4,0.9397580033870193
76561198763682589,1,0.9619021415710449,4,0.9397580033870193
76561199084204780,0,0.006638923194259405,4,0.9397580033870193
76561199128609949,0,0.014671539887785912,4,0.9397580033870193
76561198103583448,0,0.037816133350133896,4,0.9397580033870193
76561199167200254,0,0.004138462711125612,4,0.9397580033870193
76561199117494690,0,0.04504852369427681,4,0.9397580033870193
76561199056753388,0,0.0040797283872962,4,0.9397580033870193
76561199028973895,0,0.00662158103659749,4,0.9397580033870193
76561198976176141,0,0.9791817665100098,4,0.9397580033870193
76561199188250487,0,0.0037212648894637823,4,0.9397580033870193
76561199460911216,0,0.9755750894546509,4,0.9397580033870193
76561198318282152,0,0.021870870143175125,4,0.9397580033870193
76561198277685214,0,0.011728649027645588,4,0.9397580033870193
76561198061099609,0,0.01621929183602333,4,0.9397580033870193
76561198191282238,0,0.009698721580207348,4,0.9397580033870193
76561198067190265,0,0.0441986620426178,4,0.9397580033870193
76561198019111006,0,0.10560275614261627,4,0.9397580033870193
76561198963912323,0,0.9421674013137817,4,0.9397580033870193
76561198100301896,0,0.9772599935531616,4,0.9397580033870193
76561199590355337,0,0.005438503809273243,4,0.9397580033870193
76561198282611599,0,0.003408273449167609,4,0.9397580033870193
76561198254635869,0,0.003863947233185172,4,0.9397580033870193
76561199162560021,0,0.08215900510549545,4,0.9397580033870193
76561199194699461,0,0.02818489260971546,4,0.9397580033870193
76561198048429565,0,0.003140633227303624,4,0.9397580033870193
76561198055085906,0,0.01393908727914095,4,0.9397580033870193
76561199077124128,0,0.04321790486574173,4,0.9397580033870193
76561198164805467,1,0.9857665300369263,4,0.9397580033870193
76561198039276992,0,0.008166949264705181,4,0.9397580033870193
76561199037914252,0,0.004919900093227625,4,0.9397580033870193
76561199157302423,0,0.006866862531751394,4,0.9397580033870193
76561199746766063,0,0.018586210906505585,4,0.9397580033870193
76561198437976037,0,0.0029824955854564905,4,0.9397580033870193
76561197990175827,0,0.003802152816206217,4,0.9397580033870193
76561199543684570,0,0.004562948364764452,4,0.9397580033870193
76561198115662433,0,0.005095948465168476,4,0.9397580033870193
76561198068282530,0,0.0030156304128468037,4,0.9397580033870193
76561199016866285,0,0.00884187500923872,4,0.9397580033870193
76561198256050770,0,0.030236175283789635,4,0.9397580033870193
76561199229524856,0,0.0239876639097929,4,0.9397580033870193
76561198039425587,0,0.0045399959199130535,4,0.9397580033870193
76561199082817668,1,0.9914169907569885,4,0.9397580033870193
76561199083441173,0,0.006572270300239325,4,0.9397580033870193
76561197999949610,1,0.5291711091995239,4,0.9397580033870193
76561198149922011,0,0.4405309557914734,4,0.9397580033870193
76561198236491744,0,0.0037695947103202343,4,0.9397580033870193
76561198428133365,0,0.00613123644143343,4,0.9397580033870193
76561198104375912,0,0.1301850825548172,4,0.9397580033870193
76561198023093700,0,0.5632587671279907,4,0.9397580033870193
76561198352433200,0,0.003918302245438099,4,0.9397580033870193
76561198400714463,0,0.0032730584498494864,4,0.9397580033870193
76561198799361037,0,0.00408161198720336,4,0.9397580033870193
76561199094328658,0,0.004070330876857042,4,0.9397580033870193
76561199010261973,0,0.08375030010938644,4,0.9397580033870193
76561198013937017,0,0.027691980823874474,4,0.9397580033870193
76561198147769459,1,0.9295008778572083,4,0.9397580033870193
76561199447143788,0,0.17742401361465454,4,0.9397580033870193
76561198859350702,0,0.4330304265022278,4,0.9397580033870193
76561198229115656,0,0.3438727855682373,4,0.9397580033870193
76561199054912233,0,0.5362236499786377,4,0.9397580033870193
76561198272410315,0,0.004815313965082169,4,0.9397580033870193
76561198042542540,0,0.6531208157539368,4,0.9397580033870193
76561198433615063,0,0.003974049352109432,4,0.9397580033870193
76561198012303698,0,0.2280154973268509,4,0.9397580033870193
76561199217462795,0,0.009851684793829918,4,0.9397580033870193
76561199510016737,0,0.8151275515556335,4,0.9397580033870193
76561199150373698,0,0.8205533623695374,4,0.9397580033870193
76561197996785627,0,0.5044350028038025,4,0.9397580033870193
76561198295496354,0,0.014134342782199383,4,0.9397580033870193
76561198116565154,0,0.2511509656906128,4,0.9397580033870193
76561198841959339,0,0.17311884462833405,4,0.9397580033870193
76561198012196178,0,0.010769164189696312,4,0.9397580033870193
76561197970314668,0,0.16021165251731873,4,0.9397580033870193
76561199102267981,0,0.33424288034439087,4,0.9397580033870193
76561198001735717,0,0.334382563829422,4,0.9397580033870193
76561198407443659,0,0.008351464755833149,4,0.9397580033870193
76561199164028386,0,0.09111157804727554,4,0.9397580033870193
76561199498672124,0,0.05062234029173851,4,0.9397580033870193
76561198840314984,0,0.01296449638903141,4,0.9397580033870193
76561198193188359,0,0.004123913589864969,4,0.9397580033870193
76561199217939518,0,0.0031070185359567404,4,0.9397580033870193
76561198838724129,0,0.007242016959935427,4,0.9397580033870193
76561198118334778,0,0.12624701857566833,4,0.9397580033870193
76561199109671925,0,0.8438579440116882,4,0.9397580033870193
76561198001115962,1,0.7180951833724976,4,0.9397580033870193
76561198041827598,0,0.0036678537726402283,4,0.9397580033870193
76561198055654425,0,0.008838235400617123,4,0.9397580033870193
76561198052274284,0,0.0032740356400609016,4,0.9397580033870193
76561198892601163,0,0.007992696017026901,4,0.9397580033870193
76561198021693585,0,0.8911791443824768,4,0.9397580033870193
76561198863918196,0,0.005130695179104805,4,0.9397580033870193
76561198045470821,0,0.012084207497537136,4,0.9397580033870193
76561199394678161,0,0.367390900850296,4,0.9397580033870193
76561199066142377,0,0.7536832690238953,4,0.9397580033870193
76561198345418795,0,0.015037670731544495,4,0.9397580033870193
76561198317832256,0,0.0035382877103984356,4,0.9397580033870193
76561198948257063,0,0.0032428931444883347,4,0.9397580033870193
76561199033054277,0,0.0067644850350916386,4,0.9397580033870193
76561198453271267,0,0.005954415537416935,4,0.9397580033870193
76561199014920405,0,0.010021785274147987,4,0.9397580033870193
76561199133293240,0,0.8833121657371521,4,0.9397580033870193
76561199033252908,0,0.003059184877201915,4,0.9397580033870193
76561198279502784,0,0.036449652165174484,4,0.9397580033870193
76561199446586416,0,0.018068276345729828,4,0.9397580033870193
76561199184229747,0,0.0035528363659977913,4,0.9397580033870193
76561198806919726,0,0.014299868606030941,4,0.9397580033870193
76561198865957687,0,0.010008840821683407,4,0.9397580033870193
76561198271984733,0,0.10763789713382721,4,0.9397580033870193
76561198157835942,0,0.16950419545173645,4,0.9397580033870193
76561198154790450,0,0.022113783285021782,4,0.9397580033870193
76561199359964923,0,0.003978891763836145,4,0.9397580033870193
76561197979459411,0,0.003491484560072422,4,0.9397580033870193
76561198398030865,0,0.014119619503617287,4,0.9397580033870193
76561198014932087,0,0.11134349554777145,4,0.9397580033870193
76561198331777248,0,0.9725091457366943,4,0.9397580033870193
76561198278484288,0,0.0029917575884610415,4,0.9397580033870193
76561199489316531,0,0.02311882935464382,4,0.9397580033870193
76561198138879839,0,0.013709839433431625,4,0.9397580033870193
76561198204665624,0,0.003869429463520646,4,0.9397580033870193
76561198176051345,0,0.01088112685829401,4,0.9397580033870193
76561198317183526,0,0.004021941218525171,4,0.9397580033870193
76561198025817307,0,0.0039972662925720215,4,0.9397580033870193
76561199325594032,0,0.007029073312878609,4,0.9397580033870193
76561198123684458,0,0.7187793850898743,4,0.9397580033870193
76561198110817241,0,0.9714625477790833,4,0.9397580033870193
76561198135606094,0,0.005316390190273523,4,0.9397580033870193
76561198239502776,0,0.003305168356746435,4,0.9397580033870193
76561199104667868,0,0.003397854045033455,4,0.9397580033870193
76561198025634339,0,0.2093542516231537,4,0.9397580033870193
76561199074363243,0,0.009926722384989262,4,0.9397580033870193
76561198102023838,0,0.012485088780522346,4,0.9397580033870193
76561199032314815,0,0.004229739308357239,4,0.9397580033870193
76561198446459280,0,0.0027108739595860243,4,0.9397580033870193
76561198174743423,0,0.17852793633937836,4,0.9397580033870193
76561198147881627,0,0.002956963609904051,4,0.9397580033870193
76561198064833959,0,0.019671238958835602,4,0.9397580033870193
76561199132415743,0,0.029308468103408813,4,0.9397580033870193
76561197974144058,0,0.006750883534550667,4,0.9397580033870193
76561199171076106,0,0.0030994450207799673,4,0.9397580033870193
76561199543960640,0,0.003186117624863982,4,0.9397580033870193
76561198330303970,0,0.005628927610814571,4,0.9397580033870193
76561198155338953,0,0.0033418997190892696,4,0.9397580033870193
76561198987152695,0,0.004380576312541962,4,0.9397580033870193
76561199691158878,0,0.004160953685641289,4,0.9397580033870193
76561199084774672,0,0.005517789628356695,4,0.9397580033870193
76561199262079812,1,0.9230863451957703,4,0.9397580033870193
76561198353724729,0,0.019056836143136024,4,0.9397580033870193
76561198906103484,0,0.859942615032196,4,0.9397580033870193
76561198431049276,0,0.27874571084976196,4,0.9397580033870193
76561199222172744,1,0.9752727746963501,4,0.9397580033870193
76561198353327536,0,0.14386962354183197,4,0.9397580033870193
76561198866166536,0,0.017219265922904015,4,0.9397580033870193
76561199352431643,0,0.007771934382617474,4,0.9397580033870193
76561198396327877,0,0.9389391541481018,4,0.9397580033870193
76561198037677375,0,0.5469253659248352,4,0.9397580033870193
76561199499255838,0,0.007187708746641874,4,0.9397580033870193
76561198364180896,0,0.08274434506893158,4,0.9397580033870193
76561198992141212,0,0.02830950915813446,4,0.9397580033870193
76561198035221172,1,0.38663074374198914,4,0.9397580033870193
76561199112215899,0,0.910055935382843,4,0.9397580033870193
76561198045483516,0,0.009773570112884045,4,0.9397580033870193
76561197977368741,0,0.41032111644744873,4,0.9397580033870193
76561197996273866,0,0.12349255383014679,4,0.9397580033870193
76561198994214748,0,0.5688339471817017,4,0.9397580033870193
76561198323935987,0,0.3183252811431885,4,0.9397580033870193
76561198165807579,0,0.026161788031458855,4,0.9397580033870193
76561198105809565,0,0.008379094302654266,4,0.9397580033870193
76561199089441627,0,0.1952594667673111,4,0.9397580033870193
76561198217195579,0,0.9247795939445496,4,0.9397580033870193
76561198037526990,0,0.016613716259598732,4,0.9397580033870193
76561197960792901,0,0.015705611556768417,4,0.9397580033870193
76561199217413073,0,0.003675689222291112,4,0.9397580033870193
76561197991646699,0,0.11174745112657547,4,0.9397580033870193
76561198073645266,0,0.03464005887508392,4,0.9397580033870193
76561199367796195,0,0.9261117577552795,4,0.9397580033870193
76561198837690871,0,0.24616417288780212,4,0.9397580033870193
76561199434868145,0,0.017126917839050293,4,0.9397580033870193
76561199247543865,0,0.059181176126003265,4,0.9397580033870193
76561198023570774,0,0.13102635741233826,4,0.9397580033870193
76561198013207847,0,0.02044321596622467,4,0.9397580033870193
76561198029591247,1,0.9620051383972168,4,0.9397580033870193
76561198057700610,0,0.007535720709711313,4,0.9397580033870193
76561199129362618,0,0.9586266279220581,4,0.9397580033870193
76561199104949580,0,0.433290034532547,4,0.9397580033870193
76561199087237431,0,0.003674491308629513,4,0.9397580033870193
76561198574044369,0,0.0031983915250748396,4,0.9397580033870193
76561198117598258,0,0.011245542205870152,4,0.9397580033870193
76561198071241386,0,0.0070710391737520695,4,0.9397580033870193
76561199078438515,0,0.008290331810712814,4,0.9397580033870193
76561197974975402,0,0.013837161473929882,4,0.9397580033870193
76561198025555471,1,0.8763213753700256,4,0.9397580033870193
76561199202330011,0,0.028411749750375748,4,0.9397580033870193
76561198106596362,0,0.9329237937927246,4,0.9397580033870193
76561198172092398,0,0.018776187673211098,4,0.9397580033870193
76561198025417388,0,0.005480815656483173,4,0.9397580033870193
76561199141118951,0,0.004056085366755724,4,0.9397580033870193
76561199013685639,0,0.00304594193585217,4,0.9397580033870193
76561198995169918,0,0.050180282443761826,4,0.9397580033870193
76561197990158030,0,0.0041604675352573395,4,0.9397580033870193
76561199445344955,0,0.003934167791157961,4,0.9397580033870193
76561198091901895,0,0.004754026886075735,4,0.9397580033870193
76561199076861605,0,0.009637675248086452,4,0.9397580033870193
76561199232328610,0,0.013369073159992695,4,0.9397580033870193
76561198036276806,0,0.0029544876888394356,4,0.9397580033870193
76561199516396048,0,0.04079679772257805,4,0.9397580033870193
76561198021622934,0,0.042843181639909744,4,0.9397580033870193
76561198200904923,0,0.0029717981815338135,4,0.9397580033870193
76561198846684735,0,0.30322426557540894,4,0.9397580033870193
76561198993389604,0,0.20192170143127441,4,0.9397580033870193
76561198175912015,0,0.003685162402689457,4,0.9397580033870193
76561198930051265,0,0.0040286267176270485,4,0.9397580033870193
76561199426931925,0,0.010054247453808784,4,0.9397580033870193
76561199003601691,0,0.004319767002016306,4,0.9397580033870193
76561198084371366,0,0.004831243772059679,4,0.9397580033870193
76561198982095017,0,0.004344109911471605,4,0.9397580033870193
76561199048198038,0,0.005993141792714596,4,0.9397580033870193
76561198073303530,0,0.010769668035209179,4,0.9397580033870193
76561198325181574,0,0.005739441607147455,4,0.9397580033870193
76561198974295559,0,0.005109504796564579,4,0.9397580033870193
76561198807785189,0,0.010883118025958538,4,0.9397580033870193
76561199112857082,0,0.003059184877201915,4,0.9397580033870193
76561198828679185,0,0.006385851185768843,4,0.9397580033870193
76561199000894675,0,0.00316676776856184,4,0.9397580033870193
76561199476757748,0,0.0036079769488424063,4,0.9397580033870193
76561198202116679,0,0.0037212648894637823,4,0.9397580033870193
76561198797812854,0,0.011341816745698452,4,0.9397580033870193
76561198049654666,1,0.9582487344741821,4,0.9397580033870193
76561198157267024,0,0.009355922229588032,4,0.9397580033870193
76561198346413445,0,0.7109984159469604,4,0.9397580033870193
76561199257534397,0,0.4192101061344147,4,0.9397580033870193
76561197970717304,0,0.701499342918396,4,0.9397580033870193
76561198184976845,0,0.011046304367482662,4,0.9397580033870193
76561198444364398,0,0.9436479210853577,4,0.9397580033870193
76561198188097279,0,0.016610927879810333,4,0.9397580033870193
76561199127669374,0,0.03403184562921524,4,0.9397580033870193
76561197976746087,0,0.01583741419017315,4,0.9397580033870193
76561198108908161,0,0.0288340225815773,4,0.9397580033870193
76561198356421905,0,0.004551336634904146,4,0.9397580033870193
76561198013869176,0,0.7131834030151367,4,0.9397580033870193
76561198275917329,0,0.15178269147872925,4,0.9397580033870193
76561198153708657,0,0.011440655216574669,4,0.9397580033870193
76561198311868007,0,0.03270450234413147,4,0.9397580033870193
76561198025898923,0,0.1686696708202362,4,0.9397580033870193
76561198027931178,0,0.46028780937194824,4,0.9397580033870193
76561199379802325,0,0.011433851905167103,4,0.9397580033870193
76561198103714685,0,0.3615585267543793,4,0.9397580033870193
76561198350189307,0,0.003397854045033455,4,0.9397580033870193
76561198174944569,1,0.9817705750465393,4,0.9397580033870193
76561198165829073,0,0.3410491943359375,4,0.9397580033870193
76561197985214156,0,0.9110679626464844,4,0.9397580033870193
76561197991756990,0,0.0034719626419246197,4,0.9397580033870193
76561197985591410,0,0.013041065074503422,4,0.9397580033870193
76561198027549055,0,0.01281861960887909,4,0.9397580033870193
76561198036156630,0,0.8593622446060181,4,0.9397580033870193
76561198104169667,0,0.16047146916389465,4,0.9397580033870193
76561199067140521,0,0.922319233417511,4,0.9397580033870193
76561199214891752,0,0.0831172913312912,4,0.9397580033870193
76561199498463415,0,0.8805220723152161,4,0.9397580033870193
76561198302180718,0,0.005783861968666315,4,0.9397580033870193
76561198319280857,0,0.005947933532297611,4,0.9397580033870193
76561198086311409,0,0.010758212767541409,4,0.9397580033870193
76561199058885606,0,0.005611167289316654,4,0.9397580033870193
76561198931070730,0,0.010848022997379303,4,0.9397580033870193
76561198277171534,0,0.004479768220335245,4,0.9397580033870193
76561198383181386,0,0.20749428868293762,4,0.9397580033870193
76561199077396852,0,0.00421368470415473,4,0.9397580033870193
76561199507196257,0,0.0037374808453023434,4,0.9397580033870193
76561199078114510,0,0.0035775681026279926,4,0.9397580033870193
76561198133070535,0,0.003553626826032996,4,0.9397580033870193
76561199007637062,0,0.02453782968223095,4,0.9397580033870193
76561198823253420,0,0.004044820088893175,4,0.9397580033870193
76561199431288798,0,0.9123099446296692,4,0.9397580033870193
76561199217461220,0,0.0030521482694894075,4,0.9397580033870193
76561198074215535,0,0.008014662191271782,4,0.9397580033870193
76561198201546566,0,0.00865884404629469,4,0.9397580033870193
76561199083330766,0,0.003397854045033455,4,0.9397580033870193
76561198032211351,0,0.007129109930247068,4,0.9397580033870193
76561197997367683,0,0.26642730832099915,4,0.9397580033870193
76561198150561736,0,0.009328576736152172,4,0.9397580033870193
76561199655716665,0,0.004204736556857824,4,0.9397580033870193
76561198057083159,0,0.05699702724814415,4,0.9397580033870193
76561198094472783,1,0.9849939942359924,4,0.9397580033870193
76561198123830644,0,0.017001016065478325,4,0.9397580033870193
76561198137995533,0,0.0033418997190892696,4,0.9397580033870193
76561199216868530,0,0.006063573993742466,4,0.9397580033870193
76561198036035128,0,0.003689466742798686,4,0.9397580033870193
76561198325604922,0,0.005823326297104359,4,0.9397580033870193
76561199572329090,0,0.006845271214842796,4,0.9397580033870193
76561198057944685,0,0.014652649872004986,4,0.9397580033870193
76561198050261026,0,0.0035216924734413624,4,0.9397580033870193
76561199076298335,0,0.006584049202501774,4,0.9397580033870193
76561199229365714,0,0.005314816255122423,4,0.9397580033870193
76561198048497798,0,0.01710888370871544,4,0.9397580033870193
76561198180411306,0,0.004217566456645727,4,0.9397580033870193
76561198402916055,0,0.003689466742798686,4,0.9397580033870193
76561198804072262,0,0.02680113911628723,4,0.9397580033870193
76561199217837187,0,0.006929981987923384,4,0.9397580033870193
76561198042003732,1,0.5013883113861084,4,0.9397580033870193
76561197963727809,0,0.9625300168991089,4,0.9397580033870193
76561198158042338,0,0.432979553937912,4,0.9397580033870193
76561197992711083,0,0.6846423745155334,4,0.9397580033870193
76561197997077991,0,0.018808631226420403,4,0.9397580033870193
76561198998729110,0,0.025420645251870155,4,0.9397580033870193
76561198964331915,0,0.9802170991897583,4,0.9397580033870193
76561199206871704,0,0.00539732351899147,4,0.9397580033870193
76561198082008927,0,0.9593085050582886,4,0.9397580033870193
76561198132153698,0,0.003059184877201915,4,0.9397580033870193
76561198929177593,0,0.006671227980405092,4,0.9397580033870193
76561199229702641,0,0.008224950172007084,4,0.9397580033870193
76561198399880948,0,0.6717419028282166,4,0.9397580033870193
76561199240118910,0,0.015764424577355385,4,0.9397580033870193
76561198013624783,0,0.20737677812576294,4,0.9397580033870193
76561199125180288,0,0.740208089351654,4,0.9397580033870193
76561198044617918,0,0.2744176387786865,4,0.9397580033870193
76561199389341555,0,0.9503359794616699,4,0.9397580033870193
76561199267470723,0,0.4326474964618683,4,0.9397580033870193
76561197989515874,0,0.7724181413650513,4,0.9397580033870193
76561198042526886,0,0.7124766111373901,4,0.9397580033870193
76561198264087402,0,0.890770435333252,4,0.9397580033870193
76561199091396193,0,0.02072538062930107,4,0.9397580033870193
76561198401498958,0,0.02489936538040638,4,0.9397580033870193
76561198851159676,0,0.8728823661804199,4,0.9397580033870193
76561198393551295,0,0.003940053284168243,4,0.9397580033870193
76561198983351459,0,0.0043875956907868385,4,0.9397580033870193
76561198192772110,0,0.013770872727036476,4,0.9397580033870193
76561198068031963,0,0.7850311994552612,4,0.9397580033870193
76561198836677232,0,0.9387274980545044,4,0.9397580033870193
76561198202792943,0,0.1036418005824089,4,0.9397580033870193
76561198105920830,0,0.005913274362683296,4,0.9397580033870193
76561199456206304,0,0.06119287386536598,4,0.9397580033870193
76561199387402623,0,0.0074380929581820965,4,0.9397580033870193
76561199249924367,0,0.10376667976379395,4,0.9397580033870193
76561198091955398,0,0.005330119282007217,4,0.9397580033870193
76561198068292804,0,0.00485152518376708,4,0.9397580033870193
76561199210368515,1,0.9909183979034424,4,0.9397580033870193
76561199072943145,0,0.005995400715619326,4,0.9397580033870193
76561197972362057,0,0.009577203541994095,4,0.9397580033870193
76561198970353754,0,0.12069378793239594,4,0.9397580033870193
76561198011219705,0,0.028004813939332962,4,0.9397580033870193
76561199359483253,0,0.005337627604603767,4,0.9397580033870193
76561198023800123,0,0.4811670482158661,4,0.9397580033870193
76561198337165770,0,0.005283827427774668,4,0.9397580033870193
76561198047003093,0,0.011687594465911388,4,0.9397580033870193
76561198011905782,0,0.012506384402513504,4,0.9397580033870193
76561198369288638,0,0.007059087045490742,4,0.9397580033870193
76561198054989359,0,0.7407761812210083,4,0.9397580033870193
76561198892667593,0,0.0030521482694894075,4,0.9397580033870193
76561199134777454,0,0.00798451155424118,4,0.9397580033870193
76561199253491209,0,0.10312070697546005,4,0.9397580033870193
76561198869969514,0,0.0033120904117822647,4,0.9397580033870193
76561198008538009,0,0.8820825815200806,4,0.9397580033870193
76561198814393497,0,0.0033412519842386246,4,0.9397580033870193
76561198016177477,0,0.00949050858616829,4,0.9397580033870193
76561199013323403,0,0.006214983761310577,4,0.9397580033870193
76561198015762506,0,0.07371307164430618,4,0.9397580033870193
76561199482813297,0,0.008473685011267662,4,0.9397580033870193
76561198241281526,0,0.00422137463465333,4,0.9397580033870193
76561198938984822,0,0.0029544876888394356,4,0.9397580033870193
76561198426381735,0,0.004807705525308847,4,0.9397580033870193
76561199275418898,0,0.016209309920668602,4,0.9397580033870193
76561198093614311,0,0.5384126305580139,4,0.9397580033870193
76561198351829005,0,0.16042567789554596,4,0.9397580033870193
76561198833984645,1,0.993872880935669,4,0.9397580033870193
76561199223841086,0,0.1973789483308792,4,0.9397580033870193
76561198340526639,0,0.0076810442842543125,4,0.9397580033870193
76561198151311409,0,0.008964290842413902,4,0.9397580033870193
76561198246790622,0,0.4062972664833069,4,0.9397580033870193
76561199224105372,0,0.005868175067007542,4,0.9397580033870193
76561199085216034,0,0.016793258488178253,4,0.9397580033870193
76561199153273245,0,0.004017987754195929,4,0.9397580033870193
76561199130988349,0,0.0067926207557320595,4,0.9397580033870193
76561199387467482,0,0.6164847016334534,4,0.9397580033870193
76561199168360390,0,0.02212352119386196,4,0.9397580033870193
76561198401517070,0,0.005804837215691805,4,0.9397580033870193
76561199037207644,0,0.005513952113687992,4,0.9397580033870193
76561198199918242,0,0.38198956847190857,4,0.9397580033870193
76561199190558872,0,0.009660116396844387,4,0.9397580033870193
76561199562930651,0,0.003775759832933545,4,0.9397580033870193
76561198102770560,0,0.016459641978144646,4,0.9397580033870193
76561198120910852,0,0.042260777205228806,4,0.9397580033870193
76561199124807040,0,0.03956708312034607,4,0.9397580033870193
76561198254513473,0,0.121494822204113,4,0.9397580033870193
76561198147638119,0,0.013979129493236542,4,0.9397580033870193
76561198174373661,0,0.027149204164743423,4,0.9397580033870193
76561199029078433,0,0.5461711883544922,4,0.9397580033870193
76561199281469474,0,0.0034827885683625937,4,0.9397580033870193
76561199080569194,0,0.009056085720658302,4,0.9397580033870193
76561198353207069,0,0.06947968900203705,4,0.9397580033870193
76561199164116112,0,0.011172529309988022,4,0.9397580033870193
76561198966478784,0,0.3776475787162781,4,0.9397580033870193
76561199480496633,0,0.007708124350756407,4,0.9397580033870193
76561198065474678,0,0.3030620217323303,4,0.9397580033870193
76561198116645706,0,0.0032731194514781237,4,0.9397580033870193
76561198060303966,0,0.017318643629550934,4,0.9397580033870193
76561198963733867,0,0.003689466742798686,4,0.9397580033870193
76561198173075330,0,0.009957805275917053,4,0.9397580033870193
76561198122339140,0,0.00652302848175168,4,0.9397580033870193
76561199029000960,0,0.5770995616912842,4,0.9397580033870193
76561198035507513,0,0.35989272594451904,4,0.9397580033870193
76561199176999497,0,0.18162833154201508,4,0.9397580033870193
76561198028721484,1,0.7450958490371704,4,0.9397580033870193
76561198808083289,0,0.2521664798259735,4,0.9397580033870193
76561198309239723,0,0.010198108851909637,4,0.9397580033870193
76561198045791472,0,0.025387657806277275,4,0.9397580033870193
76561198021350161,0,0.3486553430557251,4,0.9397580033870193
76561199222753940,0,0.5699379444122314,4,0.9397580033870193
76561198326270660,0,0.0453924722969532,4,0.9397580033870193
76561197986057580,0,0.7460417151451111,4,0.9397580033870193
76561198061671215,0,0.0051555936224758625,4,0.9397580033870193
76561198229386352,0,0.43648672103881836,4,0.9397580033870193
76561199480823737,0,0.006822691764682531,4,0.9397580033870193
76561198029607806,0,0.27929437160491943,4,0.9397580033870193
76561198978746195,0,0.9910731911659241,4,0.9397580033870193
76561198047628816,0,0.020372796803712845,4,0.9397580033870193
76561198146049103,0,0.003939908463507891,4,0.9397580033870193
76561198429316236,0,0.004730164539068937,4,0.9397580033870193
76561199002981311,0,0.0038190630730241537,4,0.9397580033870193
76561198282116732,0,0.010923155583441257,4,0.9397580033870193
76561198002745260,0,0.08471672981977463,4,0.9397580033870193
76561198805602179,0,0.043614957481622696,4,0.9397580033870193
76561199417996239,0,0.004899561870843172,4,0.9397580033870193
76561199170939556,0,0.9571531414985657,4,0.9397580033870193
76561199440818504,0,0.020947765558958054,4,0.9397580033870193
76561198080904651,0,0.03542591258883476,4,0.9397580033870193
76561198020172775,0,0.1589430570602417,4,0.9397580033870193
76561198187482097,0,0.008234914392232895,4,0.9397580033870193
76561198310765720,0,0.26024356484413147,4,0.9397580033870193
76561198081393567,0,0.31553420424461365,4,0.9397580033870193
76561198195474498,0,0.021599657833576202,4,0.9397580033870193
76561198219066511,0,0.05551587790250778,4,0.9397580033870193
76561198031351394,1,0.8869746327400208,4,0.9397580033870193
76561198071860240,0,0.013185977935791016,4,0.9397580033870193
76561198315535491,0,0.0286577045917511,4,0.9397580033870193
76561197981115563,0,0.0034691751934587955,4,0.9397580033870193
76561198053616856,0,0.24312366545200348,4,0.9397580033870193
76561198126090700,0,0.012578237801790237,4,0.9397580033870193
76561199052593082,0,0.005632949061691761,4,0.9397580033870193
76561198072446388,0,0.005508889444172382,4,0.9397580033870193
76561199212903900,0,0.003069129306823015,4,0.9397580033870193
76561198182040802,0,0.7210936546325684,4,0.9397580033870193
76561198331875630,0,0.04116973280906677,4,0.9397580033870193
76561199192301707,0,0.0998082384467125,4,0.9397580033870193
76561198862475851,0,0.003186117624863982,4,0.9397580033870193
76561198169945163,0,0.011276615783572197,4,0.9397580033870193
76561198256940279,0,0.003287907689809799,4,0.9397580033870193
76561198054366024,0,0.08602271974086761,4,0.9397580033870193
76561198046360547,0,0.01944943517446518,4,0.9397580033870193
76561198970990337,1,0.9884812831878662,4,0.9397580033870193
76561198452530174,0,0.016994642093777657,4,0.9397580033870193
76561197971691340,0,0.26219189167022705,4,0.9397580033870193
76561198835416283,0,0.0035288550425320864,4,0.9397580033870193
76561198800122280,0,0.006691183429211378,4,0.9397580033870193
76561198131523152,0,0.9208219647407532,4,0.9397580033870193
76561198078727867,0,0.12051835656166077,4,0.9397580033870193
76561198416373033,0,0.9828724265098572,4,0.9397580033870193
76561199170246492,0,0.005547996144741774,4,0.9397580033870193
76561198030687272,0,0.6829220652580261,4,0.9397580033870193
76561199409228433,0,0.006541591603308916,4,0.9397580033870193
76561198132946804,0,0.004985949024558067,4,0.9397580033870193
76561199285069042,0,0.005326273385435343,4,0.9397580033870193
76561198025675595,0,0.08051682263612747,4,0.9397580033870193
76561198077113324,1,0.9916619062423706,4,0.9397580033870193
76561199199414779,0,0.003109976416453719,4,0.9397580033870193
76561198050665236,0,0.0038725421763956547,4,0.9397580033870193
76561198093328567,1,0.990656316280365,4,0.9397580033870193
76561199081788407,0,0.1396811604499817,4,0.9397580033870193
76561198034512279,0,0.026243112981319427,4,0.9397580033870193
76561199067532172,0,0.00405384274199605,4,0.9397580033870193
76561198229969600,0,0.003167065791785717,4,0.9397580033870193
76561199180708815,0,0.06553153693675995,4,0.9397580033870193
76561198120501542,0,0.011727103032171726,4,0.9397580033870193
76561198951720461,0,0.003607301041483879,4,0.9397580033870193
76561198065809899,0,0.003619205206632614,4,0.9397580033870193
76561198403782155,0,0.006193941459059715,4,0.9397580033870193
76561198057394936,0,0.46981778740882874,4,0.9397580033870193
76561199379987974,0,0.00480728130787611,4,0.9397580033870193
76561198014583429,0,0.0033577363938093185,4,0.9397580033870193
76561198017336845,0,0.35161569714546204,4,0.9397580033870193
76561199390208707,0,0.012589463964104652,4,0.9397580033870193
76561198072592103,0,0.007494836580008268,4,0.9397580033870193
76561198153055381,0,0.05891108140349388,4,0.9397580033870193
76561199193236238,0,0.0030938086565583944,4,0.9397580033870193
76561198126738734,0,0.005417534150183201,4,0.9397580033870193
76561198033356640,0,0.03618558123707771,4,0.9397580033870193
76561198153553152,0,0.006889742333441973,4,0.9397580033870193
76561198053884542,0,0.0140618234872818,4,0.9397580033870193
76561198027808242,0,0.002986893057823181,4,0.9397580033870193
76561198046053939,0,0.040626365691423416,4,0.9397580033870193
76561199036573759,0,0.005738900508731604,4,0.9397580033870193
76561199121644864,0,0.0040797283872962,4,0.9397580033870193
76561199047880051,1,0.040679704397916794,4,0.9397580033870193
76561197963765661,0,0.006037615705281496,4,0.9397580033870193
76561198155959367,0,0.009422504343092442,4,0.9397580033870193
76561199774967405,0,0.5922281742095947,4,0.9397580033870193
76561199103126796,0,0.013046707026660442,4,0.9397580033870193
76561199130811469,0,0.022213492542505264,4,0.9397580033870193
76561198128008009,0,0.00549558037891984,4,0.9397580033870193
76561198253670417,0,0.015071949921548367,4,0.9397580033870193
76561199028016172,0,0.7827014327049255,4,0.9397580033870193
76561198048931489,0,0.4422623813152313,4,0.9397580033870193
76561198072941341,0,0.353284627199173,4,0.9397580033870193
76561198189306981,0,0.5252256989479065,4,0.9397580033870193
76561199390674197,0,0.0031378457788378,4,0.9397580033870193
76561198054863221,0,0.007631693501025438,4,0.9397580033870193
76561198392291874,0,0.04432910308241844,4,0.9397580033870193
76561198836937692,0,0.01890929415822029,4,0.9397580033870193
76561198050264087,0,0.6125603914260864,4,0.9397580033870193
76561198372789410,0,0.012951268814504147,4,0.9397580033870193
76561199466880747,0,0.013422849588096142,4,0.9397580033870193
76561198336683751,0,0.0038484397809952497,4,0.9397580033870193
76561199226041550,0,0.007184993475675583,4,0.9397580033870193
76561198043663712,0,0.06737615168094635,4,0.9397580033870193
76561198042575618,1,0.8710541725158691,4,0.9397580033870193
76561198030984783,1,0.9867588877677917,4,0.9397580033870193
76561198031899193,0,0.10293283313512802,4,0.9397580033870193
76561198186826073,1,0.994419515132904,4,0.9397580033870193
76561198066735466,0,0.023046066984534264,4,0.9397580033870193
76561198276829432,0,0.0030492451041936874,4,0.9397580033870193
76561198028045017,0,0.004063154570758343,4,0.9397580033870193
76561199477358114,0,0.005668853875249624,4,0.9397580033870193
76561199612885555,0,0.0033458187244832516,4,0.9397580033870193
76561198201904684,0,0.06313464790582657,4,0.9397580033870193
76561198030695378,0,0.35762888193130493,4,0.9397580033870193
76561198380014174,0,0.6254670023918152,4,0.9397580033870193
76561198140757917,0,0.06639154255390167,4,0.9397580033870193
76561199100217355,0,0.0037212648894637823,4,0.9397580033870193
76561198077139931,0,0.0035581174306571484,4,0.9397580033870193
76561197960543343,1,0.04935441166162491,4,0.9397580033870193
76561198448510863,0,0.002996754366904497,4,0.9397580033870193
76561199229941065,0,0.004367855377495289,4,0.9397580033870193
76561199391882989,0,0.0037480657920241356,4,0.9397580033870193
76561198181055927,0,0.003872976638376713,4,0.9397580033870193
76561197973287559,0,0.00802673865109682,4,0.9397580033870193
76561198067378203,0,0.1220916286110878,4,0.9397580033870193
76561198967867326,0,0.7766819596290588,4,0.9397580033870193
76561199561966990,0,0.0038995835930109024,4,0.9397580033870193
76561198829024071,0,0.009056325070559978,4,0.9397580033870193
76561198124791342,0,0.0051648737862706184,4,0.9397580033870193
76561199020362422,0,0.004915228579193354,4,0.9397580033870193
76561199208753775,0,0.01749238185584545,4,0.9397580033870193
76561199165385207,0,0.006743245758116245,4,0.9397580033870193
76561199212318450,0,0.06103912740945816,4,0.9397580033870193
76561198218637291,0,0.08884113281965256,4,0.9397580033870193
76561198263374412,0,0.05024377629160881,4,0.9397580033870193
76561199131841174,0,0.007262172177433968,4,0.9397580033870193
76561199114891634,0,0.005830901209264994,4,0.9397580033870193
76561198348683251,0,0.009094709530472755,4,0.9397580033870193
76561199070120075,0,0.01611058972775936,4,0.9397580033870193
76561198408160397,0,0.0031952690333127975,4,0.9397580033870193
76561198102933513,0,0.04374805837869644,4,0.9397580033870193
76561199072811369,0,0.5047131180763245,4,0.9397580033870193
76561199229055860,0,0.966659665107727,4,0.9397580033870193
76561198085167128,0,0.0052107241936028,4,0.9397580033870193
76561199480090065,0,0.011510135605931282,4,0.9397580033870193
76561198091633310,0,0.004339809995144606,4,0.9397580033870193
76561198279865103,0,0.013624422252178192,4,0.9397580033870193
76561199478302564,0,0.011114154942333698,4,0.9397580033870193
76561198165635617,0,0.006883402820676565,4,0.9397580033870193
76561197977880960,0,0.006244607735425234,4,0.9397580033870193
76561198306206809,0,0.003365814220160246,4,0.9397580033870193
76561199006477045,0,0.14317698776721954,4,0.9397580033870193
76561199164017253,0,0.02536652609705925,4,0.9397580033870193
76561199136757204,0,0.003689466742798686,4,0.9397580033870193
76561198380014771,0,0.042923592031002045,4,0.9397580033870193
76561198074937818,0,0.010875473730266094,4,0.9397580033870193
76561198037008331,0,0.011591187678277493,4,0.9397580033870193
76561199388834791,0,0.011185266077518463,4,0.9397580033870193
76561197962381155,0,0.0037265631835907698,4,0.9397580033870193
76561198344349047,0,0.006755789741873741,4,0.9397580033870193
76561199530034891,0,0.0069254059344530106,4,0.9397580033870193
76561198844511742,0,0.003397854045033455,4,0.9397580033870193
76561198307416580,0,0.004575482103973627,4,0.9397580033870193
76561198022828263,0,0.06460116803646088,4,0.9397580033870193
76561199467383959,0,0.92475426197052,4,0.9397580033870193
76561198082445513,0,0.0032599151600152254,4,0.9397580033870193
76561198078993583,0,0.004216385073959827,4,0.9397580033870193
76561198399059829,0,0.052893057465553284,4,0.9397580033870193
76561198077023294,0,0.013043434359133244,4,0.9397580033870193
76561198077396918,0,0.005491060204803944,4,0.9397580033870193
76561198203861493,0,0.028393302112817764,4,0.9397580033870193
76561199179697132,0,0.010203235782682896,4,0.9397580033870193
76561197989820167,0,0.005961950868368149,4,0.9397580033870193
76561199211782979,1,0.8894152641296387,4,0.9397580033870193
76561198996991806,0,0.007766060996800661,4,0.9397580033870193
76561198199904423,0,0.018352389335632324,4,0.9397580033870193
76561198990343630,0,0.003689466742798686,4,0.9397580033870193
76561198075978808,0,0.012630021199584007,4,0.9397580033870193
76561198060559545,0,0.003441544948145747,4,0.9397580033870193
76561198015588640,0,0.02081221528351307,4,0.9397580033870193
76561198069887704,0,0.487994909286499,4,0.9397580033870193
76561198086603341,0,0.17242774367332458,4,0.9397580033870193
76561199520841237,0,0.00478931562975049,4,0.9397580033870193
76561198973177849,0,0.07857120037078857,4,0.9397580033870193
76561199175077030,0,0.23960928618907928,4,0.9397580033870193
76561199583402990,0,0.004124275874346495,4,0.9397580033870193
76561198044109471,1,0.9868220090866089,4,0.9397580033870193
76561199126826920,0,0.09608525037765503,4,0.9397580033870193
76561199447226151,0,0.004102726001292467,4,0.9397580033870193
76561198209179107,0,0.0063804746605455875,4,0.9397580033870193
76561198249058696,0,0.4555659890174866,4,0.9397580033870193
76561199119738893,0,0.003397854045033455,4,0.9397580033870193
76561198026020696,0,0.004932969342917204,4,0.9397580033870193
76561198210119476,0,0.43865934014320374,4,0.9397580033870193
76561198253513559,1,0.9643206596374512,4,0.9397580033870193
76561198366090878,0,0.2521478831768036,4,0.9397580033870193
76561198849753875,0,0.008209561929106712,4,0.9397580033870193
76561199445875779,0,0.7937250733375549,4,0.9397580033870193
76561198271938591,0,0.05218156799674034,4,0.9397580033870193
76561199214990716,1,0.9683377146720886,4,0.9397580033870193
76561199475669511,1,0.9689379930496216,4,0.9397580033870193
76561198417626891,0,0.004232487641274929,4,0.9397580033870193
76561198136041786,0,0.10424719005823135,4,0.9397580033870193
76561197998743902,0,0.8887783288955688,4,0.9397580033870193
76561199286014388,0,0.003412957303225994,4,0.9397580033870193
76561198355327617,0,0.02615908533334732,4,0.9397580033870193
76561198059242497,1,0.9923444390296936,4,0.9397580033870193
76561199076620425,0,0.006598492618650198,4,0.9397580033870193
76561198798221006,0,0.23252926766872406,4,0.9397580033870193
76561198354234312,0,0.021644433960318565,4,0.9397580033870193
76561198272931762,0,0.03345818445086479,4,0.9397580033870193
76561199391686798,0,0.014349617063999176,4,0.9397580033870193
76561198108953544,0,0.5541591644287109,4,0.9397580033870193
76561198870100690,0,0.0038855616003274918,4,0.9397580033870193
76561198857069456,0,0.006069249473512173,4,0.9397580033870193
76561199219207217,0,0.00828845426440239,4,0.9397580033870193
76561198894313776,0,0.9507821202278137,4,0.9397580033870193
76561199083526475,0,0.003976790700107813,4,0.9397580033870193
76561198112792882,0,0.009022748097777367,4,0.9397580033870193
76561198282001562,0,0.016966762021183968,4,0.9397580033870193
76561197970342853,0,0.2370140105485916,4,0.9397580033870193
76561198119592821,0,0.9912672638893127,4,0.9397580033870193
76561199181535638,0,0.0033691897988319397,4,0.9397580033870193
76561198152009677,0,0.005470955744385719,4,0.9397580033870193
76561199160375384,0,0.0042664166539907455,4,0.9397580033870193
76561199199796371,0,0.04415042698383331,4,0.9397580033870193
76561198088210294,0,0.004519721958786249,4,0.9397580033870193
76561198114517519,0,0.03410053625702858,4,0.9397580033870193
76561198091948503,0,0.11938247829675674,4,0.9397580033870193
76561198034953474,0,0.004618415143340826,4,0.9397580033870193
76561198089963100,0,0.4193546772003174,4,0.9397580033870193
76561199517557574,0,0.008808285929262638,4,0.9397580033870193
76561198164137825,0,0.27231499552726746,4,0.9397580033870193
76561199689998177,0,0.004023074638098478,4,0.9397580033870193
76561198396906099,0,0.003397854045033455,4,0.9397580033870193
76561198081968072,0,0.021163316443562508,4,0.9397580033870193
76561199115738378,0,0.0033957120031118393,4,0.9397580033870193
76561199199726482,0,0.012447725050151348,4,0.9397580033870193
76561198046875541,0,0.025027846917510033,4,0.9397580033870193
76561199095966903,1,0.9772409796714783,4,0.9397580033870193
76561199135299695,0,0.005823005922138691,4,0.9397580033870193
76561198089534211,0,0.022983791306614876,4,0.9397580033870193
76561198017469048,0,0.3848996162414551,4,0.9397580033870193
76561198885752322,0,0.05722470581531525,4,0.9397580033870193
76561199325944682,0,0.022896291688084602,4,0.9397580033870193
76561199285015077,0,0.45405644178390503,4,0.9397580033870193
76561197990747512,0,0.6607804894447327,4,0.9397580033870193
76561198011040023,0,0.01632016710937023,4,0.9397580033870193
76561198372881193,0,0.03995881974697113,4,0.9397580033870193
76561198074867814,0,0.00781332328915596,4,0.9397580033870193
76561199104499844,0,0.00415215827524662,4,0.9397580033870193
76561199379312169,0,0.005748618859797716,4,0.9397580033870193
76561199132173986,0,0.005381511524319649,4,0.9397580033870193
76561198431743586,0,0.0030249087139964104,4,0.9397580033870193
76561198084291295,0,0.005088826175779104,4,0.9397580033870193
76561198263114723,0,0.06481961160898209,4,0.9397580033870193
76561198996866993,0,0.06535691767930984,4,0.9397580033870193
76561198140779459,0,0.022156598046422005,4,0.9397580033870193
76561198255091983,0,0.005621147807687521,4,0.9397580033870193
76561198262826031,0,0.0049541848711669445,4,0.9397580033870193
76561198007984979,0,0.004411675035953522,4,0.9397580033870193
76561198160383081,0,0.0075292508117854595,4,0.9397580033870193
76561198292046715,0,0.013615231029689312,4,0.9397580033870193
76561198098131525,0,0.007480513770133257,4,0.9397580033870193
76561198130628384,0,0.8670068979263306,4,0.9397580033870193
76561198997376882,0,0.004478127229958773,4,0.9397580033870193
76561198024609657,0,0.0032129150349646807,4,0.9397580033870193
76561199173975737,0,0.007763702422380447,4,0.9397580033870193
76561199069450379,0,0.0037815358955413103,4,0.9397580033870193
76561198066043698,0,0.00671429606154561,4,0.9397580033870193
76561199217994540,0,0.013656746596097946,4,0.9397580033870193
76561198964233902,0,0.013571479357779026,4,0.9397580033870193
76561198165248051,0,0.010541433468461037,4,0.9397580033870193
76561199052079197,0,0.0033458280377089977,4,0.9397580033870193
76561199481488210,0,0.003488941816613078,4,0.9397580033870193
76561198085873916,0,0.006453096400946379,4,0.9397580033870193
76561198087607096,0,0.0031785345636308193,4,0.9397580033870193
76561198082064654,0,0.005981696303933859,4,0.9397580033870193
76561199082869432,0,0.009652199223637581,4,0.9397580033870193
76561198045109411,0,0.005120358895510435,4,0.9397580033870193
76561198004465047,0,0.01426173560321331,4,0.9397580033870193
76561198209157468,0,0.016033127903938293,4,0.9397580033870193
76561198006386634,0,0.003978891763836145,4,0.9397580033870193
76561198069526726,0,0.003260792465880513,4,0.9397580033870193
76561198452846182,0,0.010036807507276535,4,0.9397580033870193
76561199126762699,0,0.011510135605931282,4,0.9397580033870193
76561199582922415,0,0.013885504566133022,4,0.9397580033870193
76561198003205938,0,0.09758099168539047,4,0.9397580033870193
76561198003913540,0,0.608066201210022,4,0.9397580033870193
76561198170749525,0,0.8271403908729553,4,0.9397580033870193
76561199469784233,0,0.005817824508994818,4,0.9397580033870193
76561199014133490,0,0.9623897671699524,4,0.9397580033870193
76561198133574658,0,0.3463720679283142,4,0.9397580033870193
76561199062242958,0,0.06480786204338074,4,0.9397580033870193
76561197995015799,0,0.4510916471481323,4,0.9397580033870193
76561198175646399,0,0.8760437965393066,4,0.9397580033870193
76561198026668284,0,0.004637028556317091,4,0.9397580033870193
76561198042022291,0,0.32659512758255005,4,0.9397580033870193
76561198211066955,0,0.6172135472297668,4,0.9397580033870193
76561198315291661,1,0.805328369140625,4,0.9397580033870193
76561198388245701,0,0.008031032979488373,4,0.9397580033870193
76561198161644360,1,0.9285253286361694,4,0.9397580033870193
76561198018502985,0,0.01782136596739292,4,0.9397580033870193
76561198273145994,0,0.008989204652607441,4,0.9397580033870193
76561198013221163,0,0.008154081180691719,4,0.9397580033870193
76561197992442228,0,0.24110431969165802,4,0.9397580033870193
76561198304335533,0,0.18981871008872986,4,0.9397580033870193
76561197970434524,0,0.10669920593500137,4,0.9397580033870193
76561198360987395,0,0.01272423006594181,4,0.9397580033870193
76561199186383570,0,0.22729438543319702,4,0.9397580033870193
76561198387878601,0,0.005434798076748848,4,0.9397580033870193
76561199013059314,0,0.7542324662208557,4,0.9397580033870193
76561197999244401,0,0.1889403760433197,4,0.9397580033870193
76561198008498432,0,0.005649232305586338,4,0.9397580033870193
76561198053800586,0,0.004381461068987846,4,0.9397580033870193
76561198005647856,0,0.45677754282951355,4,0.9397580033870193
76561198998203986,0,0.0037212648894637823,4,0.9397580033870193
76561198120008796,0,0.23725657165050507,4,0.9397580033870193
76561198105841008,0,0.016240928322076797,4,0.9397580033870193
76561198405547235,0,0.16066989302635193,4,0.9397580033870193
76561198387108341,0,0.002887103473767638,4,0.9397580033870193
76561198050304946,0,0.003667787415906787,4,0.9397580033870193
76561198107348344,0,0.005829189904034138,4,0.9397580033870193
76561199145463901,0,0.0031626999843865633,4,0.9397580033870193
76561198130897632,0,0.005381511524319649,4,0.9397580033870193
76561199048654605,0,0.00519979652017355,4,0.9397580033870193
76561198040808503,0,0.2825769782066345,4,0.9397580033870193
76561198048425549,0,0.003689466742798686,4,0.9397580033870193
76561198406436125,0,0.7835098505020142,4,0.9397580033870193
76561199470470465,0,0.006802568212151527,4,0.9397580033870193
76561199244169264,0,0.003998900763690472,4,0.9397580033870193
76561198208722885,0,0.15859922766685486,4,0.9397580033870193
76561198033435663,1,0.781947910785675,4,0.9397580033870193
76561199122013925,0,0.03401767462491989,4,0.9397580033870193
76561199269101569,0,0.8715943098068237,4,0.9397580033870193
76561198994869268,0,0.1636280119419098,4,0.9397580033870193
76561198803540228,0,0.01459631696343422,4,0.9397580033870193
76561199591733363,0,0.006373851094394922,4,0.9397580033870193
76561198077932785,0,0.0054509988985955715,4,0.9397580033870193
76561198141983415,0,0.007493017707020044,4,0.9397580033870193
76561199102146570,0,0.8054488301277161,4,0.9397580033870193
76561197969756794,0,0.029766689985990524,4,0.9397580033870193
76561198000226900,0,0.006676083896309137,4,0.9397580033870193
76561199109434257,0,0.0045430222526192665,4,0.9397580033870193
76561199465726082,0,0.03511803224682808,4,0.9397580033870193
76561198012489252,0,0.00985434465110302,4,0.9397580033870193
76561198137109820,0,0.015497644431889057,4,0.9397580033870193
76561198211208812,0,0.0038251341320574284,4,0.9397580033870193
76561199183565465,0,0.03978068381547928,4,0.9397580033870193
76561198969451611,0,0.00990414060652256,4,0.9397580033870193
76561198054453056,0,0.003839795710518956,4,0.9397580033870193
76561197970512348,0,0.020604485645890236,4,0.9397580033870193
76561198094794850,0,0.006084946449846029,4,0.9397580033870193
76561198170138631,0,0.5433163642883301,4,0.9397580033870193
76561198117097678,0,0.005401056259870529,4,0.9397580033870193
76561198028610846,0,0.003397854045033455,4,0.9397580033870193
76561198082501516,0,0.0030998431611806154,4,0.9397580033870193
76561199079052693,0,0.012271414510905743,4,0.9397580033870193
76561199101455216,0,0.0032783334609121084,4,0.9397580033870193
76561199324647125,0,0.003689466742798686,4,0.9397580033870193
76561198081691819,0,0.003059184877201915,4,0.9397580033870193
76561199121951724,0,0.8342487215995789,4,0.9397580033870193
76561198021629816,0,0.11375660449266434,4,0.9397580033870193
76561199157425411,0,0.009029942564666271,4,0.9397580033870193
76561198033557116,0,0.0029768277890980244,4,0.9397580033870193
76561198357170249,0,0.0032563258428126574,4,0.9397580033870193
76561198828991634,0,0.003689466742798686,4,0.9397580033870193
76561199468383578,0,0.00776807451620698,4,0.9397580033870193
76561198105266650,0,0.009560157544910908,4,0.9397580033870193
76561199095562885,0,0.0035809422843158245,4,0.9397580033870193
76561199746504201,0,0.0038251341320574284,4,0.9397580033870193
76561198043965978,0,0.005381511524319649,4,0.9397580033870193
76561198902879228,0,0.005299179814755917,4,0.9397580033870193
76561198288175961,0,0.027219578623771667,4,0.9397580033870193
76561198126015325,0,0.003112626960501075,4,0.9397580033870193
76561198039846680,0,0.0035251048393547535,4,0.9397580033870193
76561199047237971,0,0.0040909540839493275,4,0.9397580033870193
76561199165167931,0,0.004035008605569601,4,0.9397580033870193
76561198046563142,0,0.0030762560199946165,4,0.9397580033870193
76561198010733108,0,0.007275306154042482,4,0.9397580033870193
76561198193500887,0,0.9098353981971741,4,0.9397580033870193
76561199027946917,0,0.016128428280353546,4,0.9397580033870193
76561197993276349,0,0.16277027130126953,4,0.9397580033870193
76561199209040604,0,0.005136802792549133,4,0.9397580033870193
76561198213763568,0,0.024791976436972618,4,0.9397580033870193
76561198978104190,0,0.007375279441475868,4,0.9397580033870193
76561198095172459,0,0.009318923577666283,4,0.9397580033870193
76561198078346687,0,0.2964837849140167,4,0.9397580033870193
76561198051011618,0,0.6777533888816833,4,0.9397580033870193
76561199230343884,0,0.013566653244197369,4,0.9397580033870193
76561199009049538,0,0.00466736638918519,4,0.9397580033870193
76561198003133690,0,0.00638637226074934,4,0.9397580033870193
76561198316583961,0,0.9552488923072815,4,0.9397580033870193
76561199482822686,0,0.3043653964996338,4,0.9397580033870193
76561197989667332,0,0.39674505591392517,4,0.9397580033870193
76561198172391403,0,0.0034978159237653017,4,0.9397580033870193
76561199167146256,0,0.045416459441185,4,0.9397580033870193
76561198153872589,0,0.045600052922964096,4,0.9397580033870193
76561198097891428,0,0.003223146079108119,4,0.9397580033870193
76561198081857096,0,0.4978104531764984,4,0.9397580033870193
76561198071211361,0,0.023877546191215515,4,0.9397580033870193
76561198051677323,0,0.00845757219940424,4,0.9397580033870193
76561199365275980,0,0.00304594193585217,4,0.9397580033870193
76561198019345428,0,0.025555571541190147,4,0.9397580033870193
76561198062572199,0,0.68960040807724,4,0.9397580033870193
76561198258767290,0,0.003665435593575239,4,0.9397580033870193
76561198321109044,0,0.23962992429733276,4,0.9397580033870193
76561198050979248,0,0.02498447149991989,4,0.9397580033870193
76561198011967464,0,0.1836896687746048,4,0.9397580033870193
76561198080906026,0,0.015407029539346695,4,0.9397580033870193
76561198410029153,0,0.041500914841890335,4,0.9397580033870193
76561198823327909,0,0.009777170605957508,4,0.9397580033870193
76561198058843089,0,0.004883278161287308,4,0.9397580033870193
76561197986733759,0,0.006420283578336239,4,0.9397580033870193
76561198140652971,0,0.006927666254341602,4,0.9397580033870193
76561199051554408,0,0.02880101464688778,4,0.9397580033870193
76561199555504231,0,0.014432176947593689,4,0.9397580033870193
76561198086620106,0,0.00601802347227931,4,0.9397580033870193
76561198027661415,0,0.007565506733953953,4,0.9397580033870193
76561198042977830,0,0.005624493584036827,4,0.9397580033870193
76561198076023437,0,0.0030404271092265844,4,0.9397580033870193
76561199122915891,0,0.007390144281089306,4,0.9397580033870193
76561199555423335,0,0.0034487282391637564,4,0.9397580033870193
76561198999572593,1,0.9742374420166016,4,0.9397580033870193
76561198007418363,0,0.00791272521018982,4,0.9397580033870193
76561198112377851,0,0.004297567531466484,4,0.9397580033870193
76561199338481379,0,0.04579702392220497,4,0.9397580033870193
76561198279781362,0,0.006549817975610495,4,0.9397580033870193
76561197962426646,0,0.014750669710338116,4,0.9397580033870193
76561198100532581,0,0.004923592787235975,4,0.9397580033870193
76561199164769798,0,0.007556239143013954,4,0.9397580033870193
76561198114449610,0,0.0037607341073453426,4,0.9397580033870193
76561197982969095,0,0.010450449772179127,4,0.9397580033870193
76561198104524662,0,0.024447357282042503,4,0.9397580033870193
76561198075770498,0,0.8704783320426941,4,0.9397580033870193
76561199140856474,0,0.006638860329985619,4,0.9397580033870193
76561199095882590,0,0.007356313057243824,4,0.9397580033870193
76561198202169408,0,0.006068930495530367,4,0.9397580033870193
76561199067580969,0,0.003506764769554138,4,0.9397580033870193
76561199069324126,0,0.00781777873635292,4,0.9397580033870193
76561198983182918,0,0.005973768420517445,4,0.9397580033870193
76561199160828555,0,0.9841706156730652,4,0.9397580033870193
76561198156957126,0,0.004992964211851358,4,0.9397580033870193
76561198052900915,0,0.019536392763257027,4,0.9397580033870193
76561198985534013,0,0.016267240047454834,4,0.9397580033870193
76561198035010334,0,0.029009075835347176,4,0.9397580033870193
76561198050425125,0,0.003512745024636388,4,0.9397580033870193
76561199692543285,0,0.002910878276452422,4,0.9397580033870193
76561198120575554,0,0.010062879882752895,4,0.9397580033870193
76561198298804894,0,0.004058167804032564,4,0.9397580033870193
76561198072299311,0,0.02392149716615677,4,0.9397580033870193
76561198024553114,0,0.002771238563582301,4,0.9397580033870193
76561199199932553,0,0.0033062919974327087,4,0.9397580033870193
76561199365440929,0,0.010293002240359783,4,0.9397580033870193
76561199109438751,0,0.003333920380100608,4,0.9397580033870193
76561199053929002,0,0.006069882307201624,4,0.9397580033870193
76561197978109981,0,0.004297012463212013,4,0.9397580033870193
76561198025583949,0,0.11828291416168213,4,0.9397580033870193
76561198817921874,0,0.013066294603049755,4,0.9397580033870193
76561199555259801,0,0.020944390445947647,4,0.9397580033870193
76561198099098110,0,0.004412619862705469,4,0.9397580033870193
76561199599877582,0,0.024273410439491272,4,0.9397580033870193
76561199233718483,0,0.07048876583576202,4,0.9397580033870193
76561198190864623,0,0.16622306406497955,4,0.9397580033870193
76561198011918372,0,0.008110619150102139,4,0.9397580033870193
76561198070770297,0,0.005102644674479961,4,0.9397580033870193
76561198003074230,0,0.003397854045033455,4,0.9397580033870193
76561198059928191,0,0.006281699053943157,4,0.9397580033870193
76561199083011425,0,0.005820185877382755,4,0.9397580033870193
76561198400285180,0,0.04895072057843208,4,0.9397580033870193
76561199160200839,0,0.0740632489323616,4,0.9397580033870193
76561198052986362,0,0.015190547332167625,4,0.9397580033870193
76561198014102659,0,0.007988319732248783,4,0.9397580033870193
76561198878474835,1,0.9533904790878296,4,0.9397580033870193
76561199215829505,0,0.9189229607582092,4,0.9397580033870193
76561198407472187,0,0.07554414123296738,4,0.9397580033870193
76561198026828610,0,0.21851982176303864,4,0.9397580033870193
76561199477149110,0,0.03114154562354088,4,0.9397580033870193
76561198103192197,0,0.1635555624961853,4,0.9397580033870193
76561198320371374,0,0.004742754623293877,4,0.9397580033870193
76561197987860684,0,0.12710906565189362,4,0.9397580033870193
76561199066369392,0,0.005049444269388914,4,0.9397580033870193
76561198430898808,0,0.8815416097640991,4,0.9397580033870193
76561198018567683,0,0.005800431128591299,4,0.9397580033870193
76561199094303835,0,0.019086159765720367,4,0.9397580033870193
76561198112506175,1,0.9302568435668945,4,0.9397580033870193
76561198123257880,0,0.17083895206451416,4,0.9397580033870193
76561198838184298,0,0.0042427112348377705,4,0.9397580033870193
76561198028207361,0,0.7590819001197815,4,0.9397580033870193
76561198085680542,0,0.051948171108961105,4,0.9397580033870193
76561199132243764,0,0.9491294026374817,4,0.9397580033870193
76561197961527066,1,0.9832930564880371,4,0.9397580033870193
76561198076188335,0,0.017667720094323158,4,0.9397580033870193
76561199229762680,0,0.07099560648202896,4,0.9397580033870193
76561197970767678,0,0.16479434072971344,4,0.9397580033870193
76561198009935642,0,0.3943518400192261,4,0.9397580033870193
76561199225198690,0,0.6133564710617065,4,0.9397580033870193
76561198276050850,0,0.019446171820163727,4,0.9397580033870193
76561198389059618,0,0.0041001103818416595,4,0.9397580033870193
76561198171078953,0,0.011404535733163357,4,0.9397580033870193
76561199229956764,0,0.011058838106691837,4,0.9397580033870193
76561198867599114,0,0.9701191782951355,4,0.9397580033870193
76561198348737446,0,0.019469458609819412,4,0.9397580033870193
76561199182650590,0,0.005665938835591078,4,0.9397580033870193
76561198231159900,1,0.9940800070762634,4,0.9397580033870193
76561199024210081,0,0.011510135605931282,4,0.9397580033870193
76561198093437352,0,0.02019997499883175,4,0.9397580033870193
76561199284810524,0,0.005276891402900219,4,0.9397580033870193
76561198015579994,0,0.005300009157508612,4,0.9397580033870193
76561198324787355,0,0.00325581687502563,4,0.9397580033870193
76561198079291188,0,0.007755372207611799,4,0.9397580033870193
76561199513515596,0,0.013346273452043533,4,0.9397580033870193
76561197963140722,0,0.0030014035291969776,4,0.9397580033870193
76561198432350931,0,0.7139807343482971,4,0.9397580033870193
76561198368320228,0,0.00990229845046997,4,0.9397580033870193
76561199277727334,0,0.003980475477874279,4,0.9397580033870193
76561199116303897,0,0.5505120754241943,4,0.9397580033870193
76561199090195929,0,0.033675409853458405,4,0.9397580033870193
76561199107875095,0,0.0039016399532556534,4,0.9397580033870193
76561198059541648,0,0.007474384270608425,4,0.9397580033870193
76561198313958329,0,0.03352894261479378,4,0.9397580033870193
76561199439089277,0,0.021809730678796768,4,0.9397580033870193
76561198310536040,0,0.23657184839248657,4,0.9397580033870193
76561198071757387,0,0.008163356222212315,4,0.9397580033870193
76561199219529799,0,0.006426436360925436,4,0.9397580033870193
76561199255956256,0,0.06535017490386963,4,0.9397580033870193
76561198339765269,0,0.024358311668038368,4,0.9397580033870193
76561198008032358,0,0.006804379168897867,4,0.9397580033870193
76561198176391233,0,0.004107936751097441,4,0.9397580033870193
76561198126752254,0,0.1688731163740158,4,0.9397580033870193
76561198067218068,0,0.07496287673711777,4,0.9397580033870193
76561198366160598,0,0.00299115595407784,4,0.9397580033870193
76561198092339341,0,0.04656210169196129,4,0.9397580033870193
76561199569383803,0,0.08029889315366745,4,0.9397580033870193
76561198079233788,0,0.006690590642392635,4,0.9397580033870193
76561198196225143,0,0.12121576815843582,4,0.9397580033870193
76561199127115200,0,0.00393518665805459,4,0.9397580033870193
76561199268647307,0,0.006226583383977413,4,0.9397580033870193
76561199389909203,0,0.0034462676849216223,4,0.9397580033870193
76561198416091598,0,0.0036772647872567177,4,0.9397580033870193
76561198287245814,0,0.7704408764839172,4,0.9397580033870193
76561198290049299,0,0.013148300349712372,4,0.9397580033870193
76561198185414721,0,0.0030249087139964104,4,0.9397580033870193
76561199490016395,0,0.0040797283872962,4,0.9397580033870193
76561198090630845,0,0.005033107008785009,4,0.9397580033870193
76561198098659367,0,0.7762092351913452,4,0.9397580033870193
76561198060238908,0,0.025342144072055817,4,0.9397580033870193
76561198133229918,0,0.031150782480835915,4,0.9397580033870193
76561198811450157,0,0.0031518046744167805,4,0.9397580033870193
76561199058594521,0,0.014528852887451649,4,0.9397580033870193
76561198286083357,1,0.9941960573196411,4,0.9397580033870193
76561199103747197,0,0.005939751863479614,4,0.9397580033870193
76561198028707648,0,0.0030527666676789522,4,0.9397580033870193
76561197992537162,0,0.8664776086807251,4,0.9397580033870193
76561199106484671,0,0.028618643060326576,4,0.9397580033870193
76561199581589052,0,0.005572112277150154,4,0.9397580033870193
76561197988318267,0,0.06736563891172409,4,0.9397580033870193
76561198337702660,0,0.14332892000675201,4,0.9397580033870193
76561198086248486,0,0.011912507936358452,4,0.9397580033870193
76561198069184231,0,0.007012976799160242,4,0.9397580033870193
76561198033853560,0,0.32489776611328125,4,0.9397580033870193
76561198052189915,0,0.013870468363165855,4,0.9397580033870193
76561198413810514,0,0.008182934485375881,4,0.9397580033870193
76561198130360724,0,0.701262891292572,4,0.9397580033870193
76561198031337617,0,0.004052171017974615,4,0.9397580033870193
76561199083129069,0,0.013004420325160027,4,0.9397580033870193
76561199127485963,0,0.008969035930931568,4,0.9397580033870193
76561198978770215,0,0.950577974319458,4,0.9397580033870193
76561198140804009,0,0.6427871584892273,4,0.9397580033870193
76561198988607377,0,0.012745057232677937,4,0.9397580033870193
76561199550467745,0,0.02782050147652626,4,0.9397580033870193
76561199112845429,0,0.0888250395655632,4,0.9397580033870193
76561198029345074,0,0.30151596665382385,4,0.9397580033870193
76561197961230352,0,0.3403676450252533,4,0.9397580033870193
76561198194714807,0,0.09132730215787888,4,0.9397580033870193
76561198199480775,0,0.5318868160247803,4,0.9397580033870193
76561199544261240,0,0.12698853015899658,4,0.9397580033870193
76561199101605525,0,0.0588354617357254,4,0.9397580033870193
76561198034007690,0,0.00347099918872118,4,0.9397580033870193
76561198176570047,0,0.0030704501550644636,4,0.9397580033870193
76561198061469761,0,0.17987003922462463,4,0.9397580033870193
76561198122969601,1,0.9635893702507019,4,0.9397580033870193
76561198807033014,0,0.003940376453101635,4,0.9397580033870193
76561198023438907,0,0.020991070196032524,4,0.9397580033870193
76561199191092139,0,0.0053367698565125465,4,0.9397580033870193
76561197995381945,0,0.014881785959005356,4,0.9397580033870193
76561198010968514,0,0.2517381012439728,4,0.9397580033870193
76561198297384313,0,0.005087672732770443,4,0.9397580033870193
76561199121190864,0,0.9020088911056519,4,0.9397580033870193
76561198100589362,0,0.2466798573732376,4,0.9397580033870193
76561198883172806,0,0.004057970829308033,4,0.9397580033870193
76561198858333614,0,0.03645169362425804,4,0.9397580033870193
76561198049596010,0,0.0058553870767354965,4,0.9397580033870193
76561198256172282,0,0.8407523036003113,4,0.9397580033870193
76561198858090162,0,0.0052733938209712505,4,0.9397580033870193
76561197996100047,0,0.017714621499180794,4,0.9397580033870193
76561198824265937,0,0.00416159350425005,4,0.9397580033870193
76561198384460616,0,0.7468891739845276,4,0.9397580033870193
76561198114423870,0,0.8957929015159607,4,0.9397580033870193
76561197979311575,0,0.014304878190159798,4,0.9397580033870193
76561199076135307,0,0.0036414822097867727,4,0.9397580033870193
76561199317750400,0,0.011510135605931282,4,0.9397580033870193
76561198981110526,0,0.2190403789281845,4,0.9397580033870193
76561198061717824,0,0.003109976416453719,4,0.9397580033870193
76561198088934096,0,0.15094393491744995,4,0.9397580033870193
76561199054580901,0,0.005964960902929306,4,0.9397580033870193
76561199183610874,0,0.0170361939817667,4,0.9397580033870193
76561198170042761,0,0.006084946449846029,4,0.9397580033870193
76561198267106929,0,0.006785682402551174,4,0.9397580033870193
76561198065489446,0,0.13436542451381683,4,0.9397580033870193
76561198092623516,0,0.005056221503764391,4,0.9397580033870193
76561199577553082,0,0.006048262119293213,4,0.9397580033870193
76561197976898006,0,0.24155193567276,4,0.9397580033870193
76561199083030482,0,0.008861795999109745,4,0.9397580033870193
76561198127001513,0,0.003353870939463377,4,0.9397580033870193
76561198193286270,0,0.09572049230337143,4,0.9397580033870193
76561198856001533,0,0.07330407202243805,4,0.9397580033870193
76561198030467982,0,0.004432043991982937,4,0.9397580033870193
76561198255991689,0,0.009467617608606815,4,0.9397580033870193
76561198850501583,0,0.003698615590110421,4,0.9397580033870193
76561199776862881,0,0.03215910121798515,4,0.9397580033870193
76561197972414299,0,0.1654542088508606,4,0.9397580033870193
76561197982733893,0,0.07109946012496948,4,0.9397580033870193
76561198817635414,0,0.029194384813308716,4,0.9397580033870193
76561198006326545,0,0.008785040117800236,4,0.9397580033870193
76561198930837376,0,0.04219761863350868,4,0.9397580033870193
76561198354128598,0,0.004774087108671665,4,0.9397580033870193
76561197984813921,0,0.003035101341083646,4,0.9397580033870193
76561198261964585,0,0.8590595126152039,4,0.9397580033870193
76561198124016733,0,0.005600091069936752,4,0.9397580033870193
76561198017715965,0,0.004136398900300264,4,0.9397580033870193
76561198854262395,0,0.0036695615854114294,4,0.9397580033870193
76561198044041300,0,0.04068879410624504,4,0.9397580033870193
76561198265908488,0,0.0040832944214344025,4,0.9397580033870193
76561198079891705,0,0.0038737566210329533,4,0.9397580033870193
76561199060144079,0,0.004862883128225803,4,0.9397580033870193
76561199214690283,0,0.004092230461537838,4,0.9397580033870193
76561198337807932,0,0.006084946449846029,4,0.9397580033870193
76561199145994679,0,0.10594883561134338,4,0.9397580033870193
76561198872588984,0,0.0033668731339275837,4,0.9397580033870193
76561198200557758,0,0.010050546377897263,4,0.9397580033870193
76561198293519803,0,0.0033924486488103867,4,0.9397580033870193
76561198215480973,0,0.33711495995521545,4,0.9397580033870193
76561198246088558,0,0.009110132232308388,4,0.9397580033870193
76561198150188737,0,0.008260312490165234,4,0.9397580033870193
76561199007144359,0,0.009006394073367119,4,0.9397580033870193
76561199177407578,0,0.015883827582001686,4,0.9397580033870193
76561199372327389,0,0.009285219013690948,4,0.9397580033870193
76561197992973378,0,0.8256796598434448,4,0.9397580033870193
76561199026144094,0,0.47112077474594116,4,0.9397580033870193
76561199270501886,1,0.9901319742202759,4,0.9397580033870193
76561198876145697,0,0.003022772492840886,4,0.9397580033870193
76561198413209736,1,0.9736130237579346,4,0.9397580033870193
76561198119143798,0,0.11579957604408264,4,0.9397580033870193
76561197986669008,0,0.13787080347537994,4,0.9397580033870193
76561197968742593,0,0.6460245251655579,4,0.9397580033870193
76561198353609977,0,0.0243380144238472,4,0.9397580033870193
76561199259061695,0,0.9852479696273804,4,0.9397580033870193
76561199158029701,0,0.3960283696651459,4,0.9397580033870193
76561199438627950,0,0.0057416618801653385,4,0.9397580033870193
76561197992428453,0,0.10477965325117111,4,0.9397580033870193
76561198147095215,0,0.0029544876888394356,4,0.9397580033870193
76561198036214055,0,0.0093563012778759,4,0.9397580033870193
76561199119326635,0,0.265447199344635,4,0.9397580033870193
76561197967707988,0,0.741870105266571,4,0.9397580033870193
76561198052027377,0,0.24908585846424103,4,0.9397580033870193
76561198079802690,0,0.9193448424339294,4,0.9397580033870193
76561198355449691,0,0.004685783758759499,4,0.9397580033870193
76561198150820231,1,0.9239758849143982,4,0.9397580033870193
76561198002976228,0,0.00336652435362339,4,0.9397580033870193
76561199184602795,1,0.987015962600708,4,0.9397580033870193
76561198126475856,0,0.9296053647994995,4,0.9397580033870193
76561198092632796,0,0.00491922814399004,4,0.9397580033870193
76561198035202889,0,0.8470482230186462,4,0.9397580033870193
76561197975699038,0,0.5208888053894043,4,0.9397580033870193
76561198091287869,0,0.0033824134152382612,4,0.9397580033870193
76561198003478161,0,0.38970354199409485,4,0.9397580033870193
76561199388579982,0,0.009387790225446224,4,0.9397580033870193
76561198053514337,0,0.023852424696087837,4,0.9397580033870193
76561198255377779,0,0.8661900758743286,4,0.9397580033870193
76561198833047672,0,0.6956433057785034,4,0.9397580033870193
76561199069164681,0,0.03515301272273064,4,0.9397580033870193
76561198973045704,0,0.12364131212234497,4,0.9397580033870193
76561198392898462,0,0.016730405390262604,4,0.9397580033870193
76561198326937688,0,0.006804485805332661,4,0.9397580033870193
76561198199788937,0,0.09042473137378693,4,0.9397580033870193
76561197992306210,0,0.0038446218241006136,4,0.9397580033870193
76561197994732773,0,0.18201684951782227,4,0.9397580033870193
76561198083850686,0,0.003646336728706956,4,0.9397580033870193
76561198949518264,0,0.9907127022743225,4,0.9397580033870193
76561198378070383,0,0.004392384085804224,4,0.9397580033870193
76561199051289029,0,0.0030521482694894075,4,0.9397580033870193
76561198027944682,0,0.010257170535624027,4,0.9397580033870193
76561199102698438,0,0.029859835281968117,4,0.9397580033870193
76561198105578303,0,0.0036193595733493567,4,0.9397580033870193
76561198958844904,0,0.03213882073760033,4,0.9397580033870193
76561197970541630,0,0.010812709107995033,4,0.9397580033870193
76561199540272272,0,0.003397854045033455,4,0.9397580033870193
76561198280130933,0,0.040318217128515244,4,0.9397580033870193
76561199007789427,0,0.33337631821632385,4,0.9397580033870193
76561199047760276,0,0.10591983795166016,4,0.9397580033870193
76561198983216565,1,0.9806064963340759,4,0.9397580033870193
76561198982710298,0,0.00675221299752593,4,0.9397580033870193
76561198450305911,0,0.007933174259960651,4,0.9397580033870193
76561198024558655,0,0.007386207114905119,4,0.9397580033870193
76561198297962899,0,0.017054427415132523,4,0.9397580033870193
76561199085736707,0,0.008388657122850418,4,0.9397580033870193
76561198851205727,0,0.0033824134152382612,4,0.9397580033870193
76561198841704265,0,0.005441362503916025,4,0.9397580033870193
76561198047755874,1,0.9880604147911072,4,0.9397580033870193
76561199183323002,0,0.003974030259996653,4,0.9397580033870193
76561199143076227,0,0.0042477622628211975,4,0.9397580033870193
76561199206493960,0,0.0051162284798920155,4,0.9397580033870193
76561199151261059,0,0.03154151886701584,4,0.9397580033870193
76561199118773639,0,0.03156627342104912,4,0.9397580033870193
76561199609390264,0,0.02792983129620552,4,0.9397580033870193
76561197962903380,0,0.014733902178704739,4,0.9397580033870193
76561198067759601,0,0.12150321900844574,4,0.9397580033870193
76561199091725771,0,0.004121462814509869,4,0.9397580033870193
76561198818578606,0,0.0063843755051493645,4,0.9397580033870193
76561198361588786,1,0.9800081253051758,4,0.9397580033870193
76561199059896828,0,0.007713372353464365,4,0.9397580033870193
76561198373008779,0,0.004995477851480246,4,0.9397580033870193
76561198826029201,0,0.06073625758290291,4,0.9397580033870193
76561198034446664,0,0.013605807907879353,4,0.9397580033870193
76561199229942707,0,0.0032210065983235836,4,0.9397580033870193
76561199220258409,0,0.19834689795970917,4,0.9397580033870193
76561198159560784,0,0.4299125373363495,4,0.9397580033870193
76561198289632462,0,0.09512607008218765,4,0.9397580033870193
76561199213188093,0,0.08807745575904846,4,0.9397580033870193
76561197973168699,0,0.02332746982574463,4,0.9397580033870193
76561197976142155,0,0.0051620518788695335,4,0.9397580033870193
76561198409738625,0,0.010043034330010414,4,0.9397580033870193
76561198034305376,0,0.037373095750808716,4,0.9397580033870193
76561199004347234,0,0.003866122802719474,4,0.9397580033870193
76561198297183955,0,0.013346116058528423,4,0.9397580033870193
76561198310926250,0,0.14217545092105865,4,0.9397580033870193
76561198984730645,0,0.8103017210960388,4,0.9397580033870193
76561198163106237,0,0.8691186308860779,4,0.9397580033870193
76561198274951088,0,0.003333920380100608,4,0.9397580033870193
76561197974572519,0,0.3258039653301239,4,0.9397580033870193
76561199074282952,0,0.04732883721590042,4,0.9397580033870193
76561198109640306,1,0.1842823624610901,4,0.9397580033870193
76561198046639873,0,0.14497962594032288,4,0.9397580033870193
76561198062305279,0,0.858943521976471,4,0.9397580033870193
76561199752423464,0,0.010038726031780243,4,0.9397580033870193
76561199022720675,0,0.021907061338424683,4,0.9397580033870193
76561198950564553,0,0.004065466579049826,4,0.9397580033870193
76561198306818595,0,0.011731546372175217,4,0.9397580033870193
76561198052345407,0,0.004362375941127539,4,0.9397580033870193
76561198083334038,0,0.7866498827934265,4,0.9397580033870193
76561198016961731,0,0.15058258175849915,4,0.9397580033870193
76561198133350077,0,0.010515715926885605,4,0.9397580033870193
76561198061971291,0,0.023715494200587273,4,0.9397580033870193
76561198218522132,1,0.9932583570480347,4,0.9397580033870193
76561197982095525,0,0.01329840999096632,4,0.9397580033870193
76561197972612810,0,0.14227135479450226,4,0.9397580033870193
76561198074402249,0,0.12629534304141998,4,0.9397580033870193
76561198036304553,0,0.005443930625915527,4,0.9397580033870193
76561198062710642,0,0.9233661890029907,4,0.9397580033870193
76561198267262969,0,0.01883012056350708,4,0.9397580033870193
76561199109795810,0,0.011623337864875793,4,0.9397580033870193
76561199211742134,0,0.6966198682785034,4,0.9397580033870193
76561198146838803,0,0.00900281686335802,4,0.9397580033870193
76561197970843585,0,0.79061359167099,4,0.9397580033870193
76561199064303694,0,0.004715993534773588,4,0.9397580033870193
76561199076014605,0,0.01153304148465395,4,0.9397580033870193
76561199102155658,0,0.02193574421107769,4,0.9397580033870193
76561198243062260,0,0.9728496074676514,4,0.9397580033870193
76561198338655103,0,0.8716460466384888,4,0.9397580033870193
76561198122269366,0,0.2712024748325348,4,0.9397580033870193
76561198082860699,0,0.006133794318884611,4,0.9397580033870193
76561199147564692,0,0.003069129306823015,4,0.9397580033870193
76561198054701857,0,0.7518959045410156,4,0.9397580033870193
76561199226511015,0,0.003944162745028734,4,0.9397580033870193
76561199491365997,0,0.004727348685264587,4,0.9397580033870193
76561199088997914,0,0.2676779627799988,4,0.9397580033870193
76561199022472381,0,0.9809592366218567,4,0.9397580033870193
76561198006096140,0,0.010344537906348705,4,0.9397580033870193
76561197985544563,0,0.9219616055488586,4,0.9397580033870193
76561198024794920,0,0.06231014057993889,4,0.9397580033870193
76561199099157836,0,0.003408169373869896,4,0.9397580033870193
76561198869316266,0,0.004189761355519295,4,0.9397580033870193
76561198156372988,0,0.07622651755809784,4,0.9397580033870193
76561199595287378,0,0.003397854045033455,4,0.9397580033870193
76561199520415175,0,0.018907146528363228,4,0.9397580033870193
76561198057490951,0,0.017740339040756226,4,0.9397580033870193
76561199078169260,0,0.005915038287639618,4,0.9397580033870193
76561199246082628,0,0.01790100708603859,4,0.9397580033870193
76561199093993376,0,0.07474005967378616,4,0.9397580033870193
76561198880416879,0,0.011841236613690853,4,0.9397580033870193
76561198059674442,0,0.003397854045033455,4,0.9397580033870193
76561198452487669,0,0.0056539964862167835,4,0.9397580033870193
76561198957510921,0,0.028389498591423035,4,0.9397580033870193
76561197968457637,0,0.3362024426460266,4,0.9397580033870193
76561199003723375,0,0.004396784119307995,4,0.9397580033870193
76561198142767272,0,0.008155369199812412,4,0.9397580033870193
76561198074577892,0,0.00672989571467042,4,0.9397580033870193
76561198009035933,0,0.003059184877201915,4,0.9397580033870193
76561198841798226,0,0.9933916330337524,4,0.9397580033870193
76561198284640866,0,0.011964603327214718,4,0.9397580033870193
76561199224324388,0,0.005748618859797716,4,0.9397580033870193
76561198346689389,0,0.2458127737045288,4,0.9397580033870193
76561198880338011,0,0.0038142947014421225,4,0.9397580033870193
76561198128860103,0,0.004381142556667328,4,0.9397580033870193
76561198025123063,0,0.004092045594006777,4,0.9397580033870193
76561199045610675,0,0.006315938662737608,4,0.9397580033870193
76561198205987048,0,0.003885753685608506,4,0.9397580033870193
76561199555165272,0,0.004603343550115824,4,0.9397580033870193
76561199165582886,0,0.003397854045033455,4,0.9397580033870193
76561199800887847,0,0.017835203558206558,4,0.9397580033870193
76561198201326715,0,0.004202487412840128,4,0.9397580033870193
76561198314296216,0,0.00855937134474516,4,0.9397580033870193
76561198453414558,0,0.0040797283872962,4,0.9397580033870193
76561198067580555,0,0.8328961133956909,4,0.9397580033870193
76561199095376589,0,0.013651877641677856,4,0.9397580033870193
76561198311154469,0,0.5659082531929016,4,0.9397580033870193
76561197989751732,0,0.36057648062705994,4,0.9397580033870193
76561199324014723,0,0.009850339964032173,4,0.9397580033870193
76561198966107224,0,0.7711697816848755,4,0.9397580033870193
76561198020936990,0,0.36303597688674927,4,0.9397580033870193
76561198241372470,0,0.07459971308708191,4,0.9397580033870193
76561199033248842,0,0.00304594193585217,4,0.9397580033870193
76561199161506789,0,0.008658327162265778,4,0.9397580033870193
76561199557640353,0,0.02110392041504383,4,0.9397580033870193
76561198352317092,0,0.028485409915447235,4,0.9397580033870193
76561198110737102,0,0.9106687903404236,4,0.9397580033870193
76561199142298135,0,0.27475810050964355,4,0.9397580033870193
76561198062312256,0,0.007844910025596619,4,0.9397580033870193
76561199247632595,0,0.0034103277139365673,4,0.9397580033870193
76561198274551560,0,0.005992446094751358,4,0.9397580033870193
76561199018908170,0,0.003397854045033455,4,0.9397580033870193
76561198205397719,0,0.05606212839484215,4,0.9397580033870193
76561198025588077,0,0.30052974820137024,4,0.9397580033870193
76561198145787753,0,0.724161684513092,4,0.9397580033870193
76561198041126273,0,0.00304594193585217,4,0.9397580033870193
76561198855969325,0,0.00534841837361455,4,0.9397580033870193
76561198172053722,0,0.006040466483682394,4,0.9397580033870193
76561198062025070,0,0.05000840872526169,4,0.9397580033870193
76561198018692761,0,0.007825345732271671,4,0.9397580033870193
76561197993584214,0,0.006797955837100744,4,0.9397580033870193
76561199139197155,0,0.0035528363659977913,4,0.9397580033870193
76561198210384812,0,0.003839008044451475,4,0.9397580033870193
76561198113734418,0,0.2564981281757355,4,0.9397580033870193
76561198954800435,0,0.00440704682841897,4,0.9397580033870193
76561198019121690,0,0.03748870640993118,4,0.9397580033870193
76561198030664969,0,0.004606239032000303,4,0.9397580033870193
76561198416298697,0,0.004367855377495289,4,0.9397580033870193
76561198054564719,0,0.0032870923168957233,4,0.9397580033870193
76561198003543885,0,0.18910756707191467,4,0.9397580033870193
76561199084665191,0,0.0038923516403883696,4,0.9397580033870193
76561198955490470,0,0.19499561190605164,4,0.9397580033870193
76561197992334027,0,0.009106624871492386,4,0.9397580033870193
76561198123422349,0,0.22412019968032837,4,0.9397580033870193
76561198801910714,0,0.26974785327911377,4,0.9397580033870193
76561198279869240,0,0.5779358148574829,4,0.9397580033870193
76561198085567590,0,0.0038804123178124428,4,0.9397580033870193
76561198846026651,0,0.004551148507744074,4,0.9397580033870193
76561198105319735,0,0.09976259618997574,4,0.9397580033870193
76561198884106437,0,0.003353542648255825,4,0.9397580033870193
76561199075286434,0,0.05131266638636589,4,0.9397580033870193
76561199067508963,1,0.47651341557502747,4,0.9397580033870193
76561198858350629,0,0.4286862015724182,4,0.9397580033870193
76561198093488514,0,0.014252850785851479,4,0.9397580033870193
76561199411192857,0,0.14336715638637543,4,0.9397580033870193
76561198149803339,0,0.33997592329978943,4,0.9397580033870193
76561199293506725,0,0.0038251341320574284,4,0.9397580033870193
76561199587991504,0,0.004491530358791351,4,0.9397580033870193
76561198975383593,0,0.01657617650926113,4,0.9397580033870193
76561199097110749,0,0.027472374960780144,4,0.9397580033870193
76561198323494388,0,0.01747847907245159,4,0.9397580033870193
76561199090111823,0,0.012097655795514584,4,0.9397580033870193
76561199478161130,0,0.015450731851160526,4,0.9397580033870193
76561198156225267,0,0.9302069544792175,4,0.9397580033870193
76561199660133944,0,0.23290614783763885,4,0.9397580033870193
76561199203677332,0,0.003985972609370947,4,0.9397580033870193
76561198993196668,0,0.0040797283872962,4,0.9397580033870193
76561199589242754,0,0.006227965001016855,4,0.9397580033870193
76561198278877058,0,0.8787204623222351,4,0.9397580033870193
76561199521355043,0,0.01599223166704178,4,0.9397580033870193
76561198125331307,0,0.670867919921875,4,0.9397580033870193
76561198156097486,0,0.010656064376235008,4,0.9397580033870193
76561199344263350,0,0.0033569419756531715,4,0.9397580033870193
76561199206989517,0,0.0037478324957191944,4,0.9397580033870193
76561197977040195,0,0.00399060407653451,4,0.9397580033870193
76561199071816197,0,0.01100651454180479,4,0.9397580033870193
76561199013580703,0,0.12815365195274353,4,0.9397580033870193
76561199164377703,0,0.006519364193081856,4,0.9397580033870193
76561198054176943,0,0.006376315839588642,4,0.9397580033870193
76561199140370476,0,0.003935663029551506,4,0.9397580033870193
76561198366838249,0,0.003150280099362135,4,0.9397580033870193
76561198081440014,0,0.007719476241618395,4,0.9397580033870193
76561199260586240,0,0.0060400888323783875,4,0.9397580033870193
76561198120605573,0,0.003123583272099495,4,0.9397580033870193
76561198106040224,0,0.07939028739929199,4,0.9397580033870193
76561198300029521,0,0.005450191907584667,4,0.9397580033870193
76561198163333781,0,0.003397854045033455,4,0.9397580033870193
76561197970667147,0,0.03074687533080578,4,0.9397580033870193
76561199477045098,0,0.007761303335428238,4,0.9397580033870193
76561199068366340,0,0.004922464024275541,4,0.9397580033870193
76561198046536189,0,0.0040797283872962,4,0.9397580033870193
76561199036110009,0,0.10214939713478088,4,0.9397580033870193
76561198006785006,0,0.10769255459308624,4,0.9397580033870193
76561199034484952,0,0.005381511524319649,4,0.9397580033870193
76561197978489043,0,0.00976542942225933,4,0.9397580033870193
76561198151061432,0,0.007429557852447033,4,0.9397580033870193
76561198251907378,0,0.39626601338386536,4,0.9397580033870193
76561198378546948,0,0.005381511524319649,4,0.9397580033870193
76561198262114862,0,0.0666474774479866,4,0.9397580033870193
76561198342959406,0,0.0028945752419531345,4,0.9397580033870193
76561199573973285,0,0.007344032637774944,4,0.9397580033870193
76561198040605330,0,0.005172037519514561,4,0.9397580033870193
76561199641131997,0,0.03128988668322563,4,0.9397580033870193
76561199001394172,0,0.004801827482879162,4,0.9397580033870193
76561199030356471,0,0.4179495573043823,4,0.9397580033870193
76561199233789231,0,0.2204703986644745,4,0.9397580033870193
76561198205674181,0,0.021834218874573708,4,0.9397580033870193
76561198008358844,0,0.9691790342330933,4,0.9397580033870193
76561198129001981,0,0.8434314131736755,4,0.9397580033870193
76561198162574842,0,0.021187955513596535,4,0.9397580033870193
76561199056856932,0,0.26731011271476746,4,0.9397580033870193
76561199031163853,0,0.04008089751005173,4,0.9397580033870193
76561198066896199,0,0.01110418513417244,4,0.9397580033870193
76561199018628671,0,0.007597289513796568,4,0.9397580033870193
76561198017699624,0,0.005432778503745794,4,0.9397580033870193
76561199031457935,0,0.34175562858581543,4,0.9397580033870193
76561198806685014,0,0.003748843679204583,4,0.9397580033870193
76561198054021883,0,0.5018394589424133,4,0.9397580033870193
76561199013241085,0,0.42269206047058105,4,0.9397580033870193
76561198895488462,0,0.003059184877201915,4,0.9397580033870193
76561197985325629,0,0.015462950803339481,4,0.9397580033870193
76561198368720777,1,0.962780237197876,4,0.9397580033870193
76561198974334208,0,0.8845418095588684,4,0.9397580033870193
76561198072666560,0,0.0038804379291832447,4,0.9397580033870193
76561199550652994,0,0.01382451131939888,4,0.9397580033870193
76561198171072029,0,0.04462290555238724,4,0.9397580033870193
76561197965965705,0,0.009345939382910728,4,0.9397580033870193
76561198106561573,0,0.011738498695194721,4,0.9397580033870193
76561197989026187,0,0.01519043929874897,4,0.9397580033870193
76561198159035128,0,0.07490387558937073,4,0.9397580033870193
76561198047630221,0,0.0035390884149819613,4,0.9397580033870193
76561199139441021,0,0.9379909634590149,4,0.9397580033870193
76561199014038198,0,0.008083718828856945,4,0.9397580033870193
76561198817012351,0,0.03590229153633118,4,0.9397580033870193
76561198890441012,0,0.0032986653968691826,4,0.9397580033870193
76561198291535493,0,0.05270686373114586,4,0.9397580033870193
76561198127142482,0,0.12245414406061172,4,0.9397580033870193
76561198418571559,0,0.005517763551324606,4,0.9397580033870193
76561198861663987,0,0.007073795422911644,4,0.9397580033870193
76561199158299372,0,0.009905810467898846,4,0.9397580033870193
76561199151435338,0,0.3184051513671875,4,0.9397580033870193
76561199309169832,0,0.005133477970957756,4,0.9397580033870193
76561198136262596,0,0.005969907622784376,4,0.9397580033870193
76561198139676560,0,0.6674398183822632,4,0.9397580033870193
76561199218613178,0,0.2283797264099121,4,0.9397580033870193
76561199294640197,1,0.9166770577430725,4,0.9397580033870193
76561199000921096,0,0.11213143169879913,4,0.9397580033870193
76561199522435974,0,0.029307875782251358,4,0.9397580033870193
76561199496227896,0,0.004769236780703068,4,0.9397580033870193
76561198083068949,0,0.003723211819306016,4,0.9397580033870193
76561198417044096,0,0.017772164195775986,4,0.9397580033870193
76561198274864865,0,0.004236780572682619,4,0.9397580033870193
76561199165865100,0,0.06039457395672798,4,0.9397580033870193
76561198040844731,0,0.08132250607013702,4,0.9397580033870193
76561199216396509,0,0.003945853095501661,4,0.9397580033870193
76561199072006619,0,0.008003774099051952,4,0.9397580033870193
76561198053309478,0,0.007594903465360403,4,0.9397580033870193
76561198028353911,0,0.11253831535577774,4,0.9397580033870193
76561198100104830,0,0.0035621551796793938,4,0.9397580033870193
76561198113921155,0,0.02441660314798355,4,0.9397580033870193
76561199052730528,0,0.003397854045033455,4,0.9397580033870193
76561198173976701,0,0.013370218686759472,4,0.9397580033870193
76561198038978457,0,0.004032179247587919,4,0.9397580033870193
76561198082071765,0,0.0038008238188922405,4,0.9397580033870193
76561198446462237,0,0.005012160167098045,4,0.9397580033870193
76561198388792675,0,0.042830292135477066,4,0.9397580033870193
76561199142197961,0,0.030875734984874725,4,0.9397580033870193
76561198123159846,0,0.5669609308242798,4,0.9397580033870193
76561198510428149,0,0.10593217611312866,4,0.9397580033870193
76561197985755906,0,0.005064830649644136,4,0.9397580033870193
76561198135026772,0,0.5001693964004517,4,0.9397580033870193
76561198062559864,0,0.020291807129979134,4,0.9397580033870193
76561199230450162,0,0.003871556604281068,4,0.9397580033870193
76561198078085995,0,0.02860303595662117,4,0.9397580033870193
76561198408218400,0,0.007035912945866585,4,0.9397580033870193
76561199206675874,0,0.0034937451127916574,4,0.9397580033870193
76561197968086072,0,0.0029306989163160324,4,0.9397580033870193
76561198414890191,0,0.0053619989193975925,4,0.9397580033870193
76561199196563962,0,0.9577429294586182,4,0.9397580033870193
76561199233281810,0,0.013097663410007954,4,0.9397580033870193
76561198401486509,1,0.09313848614692688,4,0.9397580033870193
76561199013667316,0,0.00417479919269681,4,0.9397580033870193
76561199667725577,0,0.09898863732814789,4,0.9397580033870193
76561198023734598,0,0.02275528386235237,4,0.9397580033870193
76561198147709542,0,0.01475948840379715,4,0.9397580033870193
76561198152510362,0,0.0029768277890980244,4,0.9397580033870193
76561199679534663,0,0.011581695638597012,4,0.9397580033870193
76561198101351473,0,0.0038251341320574284,4,0.9397580033870193
76561198333337977,0,0.5464538335800171,4,0.9397580033870193
76561198015896729,0,0.027890535071492195,4,0.9397580033870193
76561197983555345,0,0.02392522618174553,4,0.9397580033870193
76561198161683370,0,0.006472078617662191,4,0.9397580033870193
76561199124580266,0,0.5464244484901428,4,0.9397580033870193
76561198975147838,0,0.0696164146065712,4,0.9397580033870193
76561198978228654,0,0.01017152052372694,4,0.9397580033870193
76561198926896745,0,0.0034087738022208214,4,0.9397580033870193
76561198037661665,0,0.01114653144031763,4,0.9397580033870193
76561199056393518,0,0.003978891763836145,4,0.9397580033870193
76561198272124046,0,0.017555734142661095,4,0.9397580033870193
76561199091617801,0,0.17377714812755585,4,0.9397580033870193
76561199165382628,0,0.00964400265365839,4,0.9397580033870193
76561197978616596,0,0.04537145048379898,4,0.9397580033870193
76561198021380334,0,0.0038251341320574284,4,0.9397580033870193
76561199101691995,0,0.49897655844688416,4,0.9397580033870193
76561199219857854,0,0.7401112914085388,4,0.9397580033870193
76561199093121069,0,0.0035253860987722874,4,0.9397580033870193
76561198352895989,0,0.013828170485794544,4,0.9397580033870193
76561198136626775,1,0.9772818088531494,4,0.9397580033870193
76561198812162360,0,0.005604070611298084,4,0.9397580033870193
76561197965945747,0,0.6951507329940796,4,0.9397580033870193
76561198029985341,0,0.545149564743042,4,0.9397580033870193
76561198063455434,0,0.002999990014359355,4,0.9397580033870193
76561198096726766,0,0.08498310297727585,4,0.9397580033870193
76561198857816131,0,0.8283932209014893,4,0.9397580033870193
76561199099081244,0,0.004498900845646858,4,0.9397580033870193
76561198929640567,0,0.01728278212249279,4,0.9397580033870193
76561198381462768,0,0.004195176064968109,4,0.9397580033870193
76561197992137258,0,0.005582327954471111,4,0.9397580033870193
76561199026727202,0,0.019834136590361595,4,0.9397580033870193
76561198028669974,1,0.758898913860321,4,0.9397580033870193
76561198028269152,0,0.025400998070836067,4,0.9397580033870193
76561198098111621,0,0.00775728328153491,4,0.9397580033870193
76561198170298977,0,0.01344889122992754,4,0.9397580033870193
76561199070607596,0,0.37282857298851013,4,0.9397580033870193
76561199097069631,0,0.9075177907943726,4,0.9397580033870193
76561197968967275,0,0.5204154849052429,4,0.9397580033870193
76561199192988877,0,0.03339148312807083,4,0.9397580033870193
76561198013333653,0,0.007529067806899548,4,0.9397580033870193
76561198086300917,0,0.0073481458239257336,4,0.9397580033870193
76561198006334335,0,0.013838338665664196,4,0.9397580033870193
76561198001609728,0,0.7628624439239502,4,0.9397580033870193
76561199120498285,0,0.0036881437990814447,4,0.9397580033870193
76561199225343811,0,0.004840422421693802,4,0.9397580033870193
76561198967637144,0,0.004548386670649052,4,0.9397580033870193
76561199467140230,0,0.3118441700935364,4,0.9397580033870193
76561199428016899,0,0.00535296555608511,4,0.9397580033870193
76561198156972868,0,0.00304594193585217,4,0.9397580033870193
76561199055908078,0,0.00304594193585217,4,0.9397580033870193
76561198393625446,0,0.006084946449846029,4,0.9397580033870193
76561199089243068,0,0.05707232281565666,4,0.9397580033870193
76561198385593520,0,0.012527331709861755,4,0.9397580033870193
76561199099349562,0,0.005643952172249556,4,0.9397580033870193
76561199438294318,1,0.9810439944267273,4,0.9397580033870193
76561198170130643,0,0.009322048164904118,4,0.9397580033870193
76561199025976552,0,0.20914670825004578,4,0.9397580033870193
76561198874583574,0,0.008816199377179146,4,0.9397580033870193
76561197961893909,0,0.0033824134152382612,4,0.9397580033870193
76561198035303540,0,0.0035367379896342754,4,0.9397580033870193
76561198023025675,0,0.02771388366818428,4,0.9397580033870193
76561198168576833,0,0.0033603005576878786,4,0.9397580033870193
76561199239958973,0,0.003397854045033455,4,0.9397580033870193
76561198873758561,0,0.005059544928371906,4,0.9397580033870193
76561198012601714,0,0.18320225179195404,4,0.9397580033870193
76561198879278693,1,0.986950695514679,4,0.9397580033870193
76561198356233187,0,0.003689466742798686,4,0.9397580033870193
76561198036275175,0,0.008463406935334206,4,0.9397580033870193
76561199156800281,0,0.006544129457324743,4,0.9397580033870193
76561198438946958,1,0.9926264882087708,4,0.9397580033870193
76561197992657402,0,0.004109236411750317,4,0.9397580033870193
76561198990370102,0,0.059761542826890945,4,0.9397580033870193
76561198901531897,0,0.10763747245073318,4,0.9397580033870193
76561198410773330,0,0.18002285063266754,4,0.9397580033870193
76561198257331861,0,0.004080695100128651,4,0.9397580033870193
76561198183968259,0,0.005229541100561619,4,0.9397580033870193
76561198798504916,0,0.014743117615580559,4,0.9397580033870193
76561198807665476,0,0.003333920380100608,4,0.9397580033870193
76561197987395546,0,0.004864616319537163,4,0.9397580033870193
76561198354093171,0,0.008070767857134342,4,0.9397580033870193
76561198106932354,0,0.00664520962163806,4,0.9397580033870193
76561198056519628,0,0.003931444138288498,4,0.9397580033870193
76561198072434061,0,0.14298056066036224,4,0.9397580033870193
76561198277318794,0,0.4738489091396332,4,0.9397580033870193
76561198294373295,0,0.008888536132872105,4,0.9397580033870193
76561199336619004,0,0.005227351561188698,4,0.9397580033870193
76561199233151147,0,0.0371612124145031,4,0.9397580033870193
76561198317367864,0,0.003826477099210024,4,0.9397580033870193
76561199158973529,0,0.004564325790852308,4,0.9397580033870193
76561198160660673,0,0.6452391147613525,4,0.9397580033870193
76561198369481722,0,0.2184874266386032,4,0.9397580033870193
76561199216317414,0,0.004423736594617367,4,0.9397580033870193
76561198131417767,0,0.25124284625053406,4,0.9397580033870193
76561198044798742,0,0.5680661797523499,4,0.9397580033870193
76561198357593999,0,0.4040164053440094,4,0.9397580033870193
76561199263147266,0,0.016971811652183533,4,0.9397580033870193
76561198966270055,0,0.6459058523178101,4,0.9397580033870193
76561199223479792,0,0.4752550721168518,4,0.9397580033870193
76561198286627014,0,0.740851640701294,4,0.9397580033870193
76561198056731732,0,0.4255540072917938,4,0.9397580033870193
76561198976593292,1,0.9522685408592224,4,0.9397580033870193
76561198815055359,0,0.8605897426605225,4,0.9397580033870193
76561198059682308,0,0.10275217145681381,4,0.9397580033870193
76561198043550194,0,0.16738609969615936,4,0.9397580033870193
76561198205516448,0,0.7817448973655701,4,0.9397580033870193
76561199179976826,0,0.0060187759809195995,4,0.9397580033870193
76561199292471915,0,0.003397854045033455,4,0.9397580033870193
76561198099755562,0,0.0035043407697230577,4,0.9397580033870193
76561198837323486,0,0.23960377275943756,4,0.9397580033870193
76561198953144793,0,0.3748607337474823,4,0.9397580033870193
76561199152747079,0,0.25222450494766235,4,0.9397580033870193
76561198300245446,0,0.5361281037330627,4,0.9397580033870193
76561198068893847,0,0.003524920204654336,4,0.9397580033870193
76561197990776503,0,0.003666296135634184,4,0.9397580033870193
76561198187750825,0,0.14188003540039062,4,0.9397580033870193
76561198202937627,0,0.00514976866543293,4,0.9397580033870193
76561198168525732,0,0.8961860537528992,4,0.9397580033870193
76561197989610148,0,0.003226545872166753,4,0.9397580033870193
76561199473033979,0,0.010572792962193489,4,0.9397580033870193
76561198102810246,0,0.047083720564842224,4,0.9397580033870193
76561198989201877,0,0.08709891140460968,4,0.9397580033870193
76561198173039063,0,0.36059248447418213,4,0.9397580033870193
76561198005609419,0,0.004940045066177845,4,0.9397580033870193
76561199387350332,0,0.003886336926370859,4,0.9397580033870193
76561198354644542,0,0.02296387404203415,4,0.9397580033870193
76561198869842748,0,0.005654827691614628,4,0.9397580033870193
76561197974329789,0,0.0034863785840570927,4,0.9397580033870193
76561198800773051,0,0.012014214880764484,4,0.9397580033870193
76561199465492964,0,0.02254892885684967,4,0.9397580033870193
76561198053285220,0,0.009810025803744793,4,0.9397580033870193
76561198269355681,0,0.0032256473787128925,4,0.9397580033870193
76561198799140135,1,0.987754762172699,4,0.9397580033870193
76561197992650257,0,0.004414736293256283,4,0.9397580033870193
76561198117719567,0,0.04426785558462143,4,0.9397580033870193
76561198085736429,0,0.023082295432686806,4,0.9397580033870193
76561198844332989,0,0.0038804123178124428,4,0.9397580033870193
76561198101936330,0,0.024066703394055367,4,0.9397580033870193
76561198035679260,0,0.0450211763381958,4,0.9397580033870193
76561198009798829,0,0.9730250835418701,4,0.9397580033870193
76561198013381823,0,0.05390467494726181,4,0.9397580033870193
76561198169118187,0,0.00411835964769125,4,0.9397580033870193
76561198274386234,0,0.003397854045033455,4,0.9397580033870193
76561198882326990,0,0.0071362522430717945,4,0.9397580033870193
76561198273980445,0,0.003689466742798686,4,0.9397580033870193
76561198402418109,0,0.011679560877382755,4,0.9397580033870193
76561199207501255,0,0.004842924885451794,4,0.9397580033870193
76561198801148597,0,0.08111146837472916,4,0.9397580033870193
76561198929790401,0,0.009184611961245537,4,0.9397580033870193
76561198087310771,0,0.0034258884843438864,4,0.9397580033870193
76561199514680411,0,0.004134474787861109,4,0.9397580033870193
76561199144062984,0,0.0033925068564713,4,0.9397580033870193
76561199482797220,0,0.005437897983938456,4,0.9397580033870193
76561198429708076,0,0.003397854045033455,4,0.9397580033870193
76561198402281981,0,0.003458611201494932,4,0.9397580033870193
76561198041534078,0,0.011714979074895382,4,0.9397580033870193
76561198203223743,0,0.0033270667772740126,4,0.9397580033870193
76561199307790125,0,0.004274352919310331,4,0.9397580033870193
76561197993233155,0,0.0035387601237744093,4,0.9397580033870193
76561198083222223,0,0.8031901717185974,4,0.9397580033870193
76561198857129354,0,0.00417236378416419,4,0.9397580033870193
76561198155193572,0,0.003228315617889166,4,0.9397580033870193
76561198141403167,0,0.009223438799381256,4,0.9397580033870193
76561198880563473,0,0.014177090488374233,4,0.9397580033870193
76561199136603780,0,0.014540211297571659,4,0.9397580033870193
76561198354440986,0,0.003689466742798686,4,0.9397580033870193
76561199481960780,0,0.7359746098518372,4,0.9397580033870193
76561198047671974,0,0.005849250592291355,4,0.9397580033870193
76561199439197764,0,0.004475621040910482,4,0.9397580033870193
76561198196688651,0,0.013929965905845165,4,0.9397580033870193
76561199066499594,0,0.8306633234024048,4,0.9397580033870193
76561198120797373,0,0.036449652165174484,4,0.9397580033870193
76561198844587465,0,0.0037558223120868206,4,0.9397580033870193
76561199229577682,0,0.0037672424223273993,4,0.9397580033870193
76561199353837103,0,0.0040797283872962,4,0.9397580033870193
76561198062002888,0,0.00677914172410965,4,0.9397580033870193
76561198089245557,0,0.04708566889166832,4,0.9397580033870193
76561199000275278,0,0.004325386136770248,4,0.9397580033870193
76561199407772801,0,0.011440395377576351,4,0.9397580033870193
76561198314686780,0,0.005748618859797716,4,0.9397580033870193
76561198044111347,0,0.022896835580468178,4,0.9397580033870193
76561198263221484,0,0.9720760583877563,4,0.9397580033870193
76561198967178346,0,0.004028553608804941,4,0.9397580033870193
76561198210695696,0,0.2969711720943451,4,0.9397580033870193
76561198160899922,0,0.004504472017288208,4,0.9397580033870193
76561198264040808,0,0.00526885362342,4,0.9397580033870193
76561198036858014,1,0.8106015920639038,4,0.9397580033870193
76561198145322196,0,0.8488084673881531,4,0.9397580033870193
76561198859314690,0,0.9847991466522217,4,0.9397580033870193
76561199405776911,0,0.025375984609127045,4,0.9397580033870193
76561198142872073,0,0.6185771226882935,4,0.9397580033870193
76561198092020975,1,0.16003283858299255,4,0.9397580033870193
76561198188331247,0,0.027941996231675148,4,0.9397580033870193
76561198111031661,0,0.951749861240387,4,0.9397580033870193
76561198917177741,0,0.18520726263523102,4,0.9397580033870193
76561198835838159,1,0.9601877331733704,4,0.9397580033870193
76561198316587598,0,0.01029476523399353,4,0.9397580033870193
76561198119651989,0,0.010812939144670963,4,0.9397580033870193
76561199017464499,0,0.005287118721753359,4,0.9397580033870193
76561198009271946,0,0.005304576829075813,4,0.9397580033870193
76561198162589216,0,0.0052573722787201405,4,0.9397580033870193
76561198152419530,0,0.9691470265388489,4,0.9397580033870193
76561198165160012,0,0.23007990419864655,4,0.9397580033870193
76561199211989993,0,0.00421368470415473,4,0.9397580033870193
76561198800372298,0,0.9301311373710632,4,0.9397580033870193
76561199103246829,0,0.004225078970193863,4,0.9397580033870193
76561198849010758,0,0.02393232099711895,4,0.9397580033870193
76561198030986303,0,0.00518115796148777,4,0.9397580033870193
76561198239000080,0,0.026233695447444916,4,0.9397580033870193
76561198017891047,0,0.007461152039468288,4,0.9397580033870193
76561198028972483,0,0.6657879948616028,4,0.9397580033870193
76561198043856823,0,0.6186602711677551,4,0.9397580033870193
76561199509989306,0,0.004054846707731485,4,0.9397580033870193
76561198055530505,0,0.0035724418703466654,4,0.9397580033870193
76561199386122624,0,0.4930310547351837,4,0.9397580033870193
76561198880281240,0,0.013301771134138107,4,0.9397580033870193
76561198355815030,0,0.012345400638878345,4,0.9397580033870193
76561198129171167,0,0.19582384824752808,4,0.9397580033870193
76561198048246334,0,0.23786786198616028,4,0.9397580033870193
76561198112994492,0,0.003908324986696243,4,0.9397580033870193
76561198892498054,0,0.04400666430592537,4,0.9397580033870193
76561198041793884,0,0.014826396480202675,4,0.9397580033870193
76561198316497928,1,0.9694921970367432,4,0.9397580033870193
76561199083047109,0,0.0031236845534294844,4,0.9397580033870193
76561198260131982,0,0.025182580575346947,4,0.9397580033870193
76561198044472863,1,0.9888990521430969,4,0.9397580033870193
76561198032084193,0,0.11028296500444412,4,0.9397580033870193
76561197975123766,0,0.005067686550319195,4,0.9397580033870193
76561199044114986,0,0.10632607340812683,4,0.9397580033870193
76561199127841887,0,0.003397854045033455,4,0.9397580033870193
76561198125951997,0,0.6082741022109985,4,0.9397580033870193
76561198117928922,0,0.010403046384453773,4,0.9397580033870193
76561198433876535,0,0.010595562867820263,4,0.9397580033870193
76561198413656416,0,0.007371437735855579,4,0.9397580033870193
76561198950665228,0,0.0077992333099246025,4,0.9397580033870193
76561199174231452,0,0.02142401784658432,4,0.9397580033870193
76561198116326815,0,0.003978891763836145,4,0.9397580033870193
76561198440571731,0,0.003397854045033455,4,0.9397580033870193
76561198942130083,0,0.007393531501293182,4,0.9397580033870193
76561198450630682,0,0.07006804645061493,4,0.9397580033870193
76561199042696299,0,0.0049659148789942265,4,0.9397580033870193
76561197996542293,0,0.004827206023037434,4,0.9397580033870193
76561198411005000,0,0.00553871737793088,4,0.9397580033870193
76561198340704270,0,0.005642930045723915,4,0.9397580033870193
76561198388952527,0,0.005381511524319649,4,0.9397580033870193
76561199441305962,0,0.004398840945214033,4,0.9397580033870193
76561198067289778,0,0.08499059081077576,4,0.9397580033870193
76561199811282089,0,0.003397854045033455,4,0.9397580033870193
76561198021868094,0,0.004266663920134306,4,0.9397580033870193
76561198425141032,0,0.003650708356872201,4,0.9397580033870193
76561198804323469,1,0.9803577065467834,4,0.9397580033870193
76561198849119910,0,0.007580131758004427,4,0.9397580033870193
76561198293365001,0,0.018748058006167412,4,0.9397580033870193
76561199057819758,0,0.011804022826254368,4,0.9397580033870193
76561198178832123,0,0.0038758330047130585,4,0.9397580033870193
76561198310797644,0,0.0207588542252779,4,0.9397580033870193
76561199127273082,0,0.006321166176348925,4,0.9397580033870193
76561199073216998,0,0.00304594193585217,4,0.9397580033870193
76561198181082021,0,0.008754262700676918,4,0.9397580033870193
76561199163942231,0,0.00304594193585217,4,0.9397580033870193
76561198048245252,0,0.003653830150142312,4,0.9397580033870193
76561198118688448,0,0.004109049681574106,4,0.9397580033870193
76561198447722855,0,0.012547810561954975,4,0.9397580033870193
76561198354946415,0,0.006866862531751394,4,0.9397580033870193
76561199069598058,0,0.0033652931451797485,4,0.9397580033870193
76561199127760050,0,0.005109504796564579,4,0.9397580033870193
76561198051764943,0,0.004115435294806957,4,0.9397580033870193
76561198363716706,0,0.21557539701461792,4,0.9397580033870193
76561197970831209,0,0.00726364366710186,4,0.9397580033870193
76561198844321890,0,0.008758609183132648,4,0.9397580033870193
76561199383305067,0,0.4058917164802551,4,0.9397580033870193
76561198042553933,1,0.6324366331100464,4,0.9397580033870193
76561199131317555,0,0.009403062984347343,4,0.9397580033870193
76561198160103357,0,0.7907085418701172,4,0.9397580033870193
76561199002991120,0,0.00291569740511477,4,0.9397580033870193
76561199017774336,0,0.709065854549408,4,0.9397580033870193
76561198112666639,0,0.019779492169618607,4,0.9397580033870193
76561198065107595,1,0.8813663721084595,4,0.9397580033870193
76561199115240463,0,0.009809169918298721,4,0.9397580033870193
76561198083469164,0,0.014423335902392864,4,0.9397580033870193
76561198272617012,1,0.9887760877609253,4,0.9397580033870193
76561199376058402,0,0.008758609183132648,4,0.9397580033870193
76561199488759830,1,0.9891629219055176,4,0.9397580033870193
76561199200312399,0,0.00402327673509717,4,0.9397580033870193
76561197994708181,0,0.0055952975526452065,4,0.9397580033870193
76561198987928965,0,0.006828584708273411,4,0.9397580033870193
76561198057537923,0,0.533419132232666,4,0.9397580033870193
76561198024757796,0,0.5883444547653198,4,0.9397580033870193
76561198036773798,0,0.07803122699260712,4,0.9397580033870193
76561198203029309,0,0.008878002874553204,4,0.9397580033870193
76561199102255336,1,0.9756873846054077,4,0.9397580033870193
76561199074570127,0,0.187106192111969,4,0.9397580033870193
76561198087639018,0,0.05415772646665573,4,0.9397580033870193
76561198083410217,0,0.2481573224067688,4,0.9397580033870193
76561198308343560,0,0.8933848738670349,4,0.9397580033870193
76561198185333853,0,0.3055603802204132,4,0.9397580033870193
76561198325866476,0,0.38607242703437805,4,0.9397580033870193
76561199447110306,0,0.0033248255494982004,4,0.9397580033870193
76561199145159193,0,0.004447148647159338,4,0.9397580033870193
76561198110727539,0,0.01304667629301548,4,0.9397580033870193
76561198303892258,0,0.7746857404708862,4,0.9397580033870193
76561198083355827,0,0.09639487415552139,4,0.9397580033870193
76561198063352865,0,0.024955084547400475,4,0.9397580033870193
76561198406808155,0,0.31547626852989197,4,0.9397580033870193
76561198032737022,0,0.005381511524319649,4,0.9397580033870193
76561199106043412,0,0.003397854045033455,4,0.9397580033870193
76561199073323592,0,0.006745871156454086,4,0.9397580033870193
76561198026534269,0,0.0030042172875255346,4,0.9397580033870193
76561198094293086,0,0.004476269241422415,4,0.9397580033870193
76561199161896110,0,0.020627060905098915,4,0.9397580033870193
76561198079995553,0,0.0034990464337170124,4,0.9397580033870193
76561198118852475,0,0.1796751469373703,4,0.9397580033870193
76561198220091679,0,0.012003709562122822,4,0.9397580033870193
76561199529424312,0,0.0042031616903841496,4,0.9397580033870193
76561199216716123,0,0.023127660155296326,4,0.9397580033870193
76561197972635102,0,0.021470408886671066,4,0.9397580033870193
76561198265069048,0,0.005642930045723915,4,0.9397580033870193
76561199084551180,0,0.018162377178668976,4,0.9397580033870193
76561198122909753,0,0.019104931503534317,4,0.9397580033870193
76561198204043960,1,0.5049877762794495,4,0.9397580033870193
76561198101825789,0,0.00304594193585217,4,0.9397580033870193
76561199473426209,0,0.05247615650296211,4,0.9397580033870193
76561198958168262,0,0.003397854045033455,4,0.9397580033870193
76561198066949841,0,0.3250234127044678,4,0.9397580033870193
76561198387679818,0,0.004967748187482357,4,0.9397580033870193
76561197998036536,0,0.05619680508971214,4,0.9397580033870193
76561198029563342,0,0.003085764590650797,4,0.9397580033870193
76561199443575520,0,0.035915400832891464,4,0.9397580033870193
76561198045222279,0,0.05458327755331993,4,0.9397580033870193
76561198322299288,0,0.0035831104032695293,4,0.9397580033870193
76561198387918947,0,0.0032674164976924658,4,0.9397580033870193
76561199004814810,0,0.0035809422843158245,4,0.9397580033870193
76561198070235786,0,0.003420939901843667,4,0.9397580033870193
76561199307661302,0,0.003164002439007163,4,0.9397580033870193
76561199182286593,0,0.004334769211709499,4,0.9397580033870193
76561199085453959,0,0.005281935445964336,4,0.9397580033870193
76561198378839494,0,0.009443161077797413,4,0.9397580033870193
76561198288075990,0,0.0033820662647485733,4,0.9397580033870193
76561199383820230,0,0.006009944714605808,4,0.9397580033870193
76561198106242474,0,0.018886880949139595,4,0.9397580033870193
76561198428070129,0,0.0033824134152382612,4,0.9397580033870193
76561198844662419,0,0.004667716100811958,4,0.9397580033870193
76561198009124352,0,0.004100157413631678,4,0.9397580033870193
76561199044344499,0,0.005665938835591078,4,0.9397580033870193
76561199106709148,0,0.028334520757198334,4,0.9397580033870193
76561198070765933,0,0.007322175428271294,4,0.9397580033870193
76561197967607708,0,0.011365287937223911,4,0.9397580033870193
76561198419973894,0,0.00461053941398859,4,0.9397580033870193
76561198151085255,0,0.7119404673576355,4,0.9397580033870193
76561198892885826,0,0.0040797283872962,4,0.9397580033870193
76561198134655761,0,0.0037359970156103373,4,0.9397580033870193
76561198033609447,1,0.9933565258979797,4,0.9397580033870193
76561198030443202,0,0.004666526801884174,4,0.9397580033870193
76561198182352638,0,0.005438872613012791,4,0.9397580033870193
76561198013025021,0,0.006090237759053707,4,0.9397580033870193
76561198337977154,0,0.008957693353295326,4,0.9397580033870193
76561199383256533,0,0.0035163818392902613,4,0.9397580033870193
76561199175630258,0,0.004658316727727652,4,0.9397580033870193
76561198268638829,0,0.013908027671277523,4,0.9397580033870193
76561198147777437,0,0.00432173628360033,4,0.9397580033870193
76561198319806655,0,0.9489935040473938,4,0.9397580033870193
76561198859917948,0,0.008325221948325634,4,0.9397580033870193
76561199133695978,0,0.003978891763836145,4,0.9397580033870193
76561198006334065,0,0.07590395957231522,4,0.9397580033870193
76561198852786805,0,0.006866862531751394,4,0.9397580033870193
76561197995017195,0,0.003545811166986823,4,0.9397580033870193
76561198993801297,0,0.004795474465936422,4,0.9397580033870193
76561198319091838,0,0.007345805875957012,4,0.9397580033870193
76561198152273593,0,0.22102069854736328,4,0.9397580033870193
76561199461825705,0,0.17931120097637177,4,0.9397580033870193
76561199110447582,0,0.0035528363659977913,4,0.9397580033870193
76561198049489099,0,0.3918757140636444,4,0.9397580033870193
76561198011735092,0,0.4267522692680359,4,0.9397580033870193
76561198025129714,0,0.008327584713697433,4,0.9397580033870193
76561199150731477,0,0.01692863740026951,4,0.9397580033870193
76561198281075579,0,0.11526723206043243,4,0.9397580033870193
76561197974620516,0,0.014135724864900112,4,0.9397580033870193
76561198093030470,0,0.010181899182498455,4,0.9397580033870193
76561198276174658,0,0.4236837923526764,4,0.9397580033870193
76561198113605397,0,0.6088524460792542,4,0.9397580033870193
76561199522661728,0,0.0031378457788378,4,0.9397580033870193
76561198825712515,0,0.0049496362917125225,4,0.9397580033870193
76561198344693493,0,0.0033202178310602903,4,0.9397580033870193
76561199129530776,0,0.004803217947483063,4,0.9397580033870193
76561197961339504,0,0.003195415949448943,4,0.9397580033870193
76561199255836177,0,0.0038251341320574284,4,0.9397580033870193
76561199208297332,0,0.010533448308706284,4,0.9397580033870193
76561198286987287,0,0.056547168642282486,4,0.9397580033870193
76561199522535505,0,0.09288562089204788,4,0.9397580033870193
76561198022979918,0,0.9001356363296509,4,0.9397580033870193
76561198086040072,0,0.3113196790218353,4,0.9397580033870193
76561197993215797,0,0.09727021306753159,4,0.9397580033870193
76561198143309808,0,0.0033824134152382612,4,0.9397580033870193
76561199239729756,0,0.009525098837912083,4,0.9397580033870193
76561198062865782,0,0.18389321863651276,4,0.9397580033870193
76561198044996316,0,0.024589743465185165,4,0.9397580033870193
76561198259579871,0,0.12494724243879318,4,0.9397580033870193
76561198040589690,0,0.7552571296691895,4,0.9397580033870193
76561199123475921,0,0.054960574954748154,4,0.9397580033870193
76561199589230556,0,0.1210993230342865,4,0.9397580033870193
76561198049200209,0,0.004852123558521271,4,0.9397580033870193
76561198397693618,0,0.018914833664894104,4,0.9397580033870193
76561197976270108,0,0.04708843305706978,4,0.9397580033870193
76561198268955428,0,0.003397854045033455,4,0.9397580033870193
76561199122519817,0,0.056751325726509094,4,0.9397580033870193
76561198954622461,0,0.8110060095787048,4,0.9397580033870193
76561198283245417,0,0.006441825069487095,4,0.9397580033870193
76561198857903030,0,0.003210188588127494,4,0.9397580033870193
76561198068504706,0,0.004457795061171055,4,0.9397580033870193
76561198895373149,0,0.00392330065369606,4,0.9397580033870193
76561198056961333,0,0.0053678411059081554,4,0.9397580033870193
76561198377566518,0,0.018358757719397545,4,0.9397580033870193
76561198174425861,0,0.003150196513161063,4,0.9397580033870193
76561197968734979,0,0.15627366304397583,4,0.9397580033870193
76561199251760887,0,0.004346965346485376,4,0.9397580033870193
76561198820384757,0,0.008447479456663132,4,0.9397580033870193
76561198833103529,0,0.002903784392401576,4,0.9397580033870193
76561198075794811,0,0.003061958122998476,4,0.9397580033870193
76561197994007795,0,0.009149533696472645,4,0.9397580033870193
76561198969088958,0,0.0037159458734095097,4,0.9397580033870193
76561198134735952,0,0.009467539377510548,4,0.9397580033870193
76561198040328580,0,0.012080952525138855,4,0.9397580033870193
76561199128834259,1,0.9391060471534729,4,0.9397580033870193
76561198842802470,0,0.0071691120974719524,4,0.9397580033870193
76561199013375454,0,0.03512118011713028,4,0.9397580033870193
76561198825458708,0,0.0033219982869923115,4,0.9397580033870193
76561198161259545,0,0.007468705996870995,4,0.9397580033870193
76561198024016198,0,0.03465042635798454,4,0.9397580033870193
76561198048807692,0,0.003559625707566738,4,0.9397580033870193
76561199037405047,0,0.00304594193585217,4,0.9397580033870193
76561198147463962,0,0.0040797283872962,4,0.9397580033870193
76561198166528966,0,0.00703477393835783,4,0.9397580033870193
76561199209623422,0,0.00986244436353445,4,0.9397580033870193
76561199071090974,0,0.9895336031913757,4,0.9397580033870193
76561198081075883,0,0.006544824689626694,4,0.9397580033870193
76561198065428795,0,0.011784642934799194,4,0.9397580033870193
76561199246214932,0,0.0340275801718235,4,0.9397580033870193
76561198361501524,0,0.046278517693281174,4,0.9397580033870193
76561198024996861,0,0.0613236129283905,4,0.9397580033870193
76561198120521096,0,0.007803047075867653,4,0.9397580033870193
76561199383688983,0,0.010323552414774895,4,0.9397580033870193
76561199217297842,0,0.003416119609028101,4,0.9397580033870193
76561198054150625,1,0.06716525554656982,4,0.9397580033870193
76561198269728095,0,0.750997006893158,4,0.9397580033870193
76561198034488410,0,0.003372072707861662,4,0.9397580033870193
76561199189514798,0,0.01245997566729784,4,0.9397580033870193
76561199178183902,0,0.04767302796244621,4,0.9397580033870193
76561198450148226,0,0.0033702352084219456,4,0.9397580033870193
76561199027191317,0,0.008897337131202221,4,0.9397580033870193
76561199122762567,0,0.04759170860052109,4,0.9397580033870193
76561198089048603,0,0.013402656652033329,4,0.9397580033870193
76561198080371431,0,0.08151429146528244,4,0.9397580033870193
76561199063495814,0,0.005628321785479784,4,0.9397580033870193
76561198041959931,0,0.6694472432136536,4,0.9397580033870193
76561198355391355,0,0.0030565843917429447,4,0.9397580033870193
76561198286686675,0,0.006874541752040386,4,0.9397580033870193
76561198413190651,0,0.0031906201038509607,4,0.9397580033870193
76561198351386894,1,0.5179243087768555,4,0.9397580033870193
76561198452626244,0,0.0030546740163117647,4,0.9397580033870193
76561198813039221,0,0.0028615747578442097,4,0.9397580033870193
76561199131065478,0,0.005009390879422426,4,0.9397580033870193
76561199157569840,0,0.030246151611208916,4,0.9397580033870193
76561198056979265,0,0.08232518285512924,4,0.9397580033870193
76561198202558962,0,0.003780975705012679,4,0.9397580033870193
76561199197053865,0,0.003453846788033843,4,0.9397580033870193
76561198034091715,0,0.004074229393154383,4,0.9397580033870193
76561199180086420,0,0.6059449315071106,4,0.9397580033870193
76561199011383610,0,0.15240135788917542,4,0.9397580033870193
76561199140164365,0,0.0066965860314667225,4,0.9397580033870193
76561198118616672,0,0.003301414893940091,4,0.9397580033870193
76561198828137532,0,0.2407504916191101,4,0.9397580033870193
76561199213254603,0,0.00390117266215384,4,0.9397580033870193
76561199071247742,0,0.005509571637958288,4,0.9397580033870193
76561198040138151,1,0.968407392501831,4,0.9397580033870193
76561198133133655,1,0.9935286641120911,4,0.9397580033870193
76561198309539665,0,0.00320227793417871,4,0.9397580033870193
76561198041845694,0,0.5537429451942444,4,0.9397580033870193
76561198116246761,0,0.003019851166754961,4,0.9397580033870193
76561198834512284,0,0.003373850369825959,4,0.9397580033870193
76561198162494453,0,0.04673999920487404,4,0.9397580033870193
76561198054124096,0,0.004028984345495701,4,0.9397580033870193
76561197973596111,0,0.0497138649225235,4,0.9397580033870193
76561199160474889,0,0.005146603565663099,4,0.9397580033870193
76561198198740546,1,0.9938278794288635,4,0.9397580033870193
76561197971173464,0,0.003510459093376994,4,0.9397580033870193
76561198106556980,0,0.003119713393971324,4,0.9397580033870193
76561199115393106,0,0.005693519487977028,4,0.9397580033870193
76561198016998833,0,0.003397854045033455,4,0.9397580033870193
76561198419142922,0,0.007716722786426544,4,0.9397580033870193
76561199369321446,0,0.0034439493902027607,4,0.9397580033870193
76561198858750485,0,0.01261900644749403,4,0.9397580033870193
76561199059679503,0,0.006054000463336706,4,0.9397580033870193
76561198179636887,0,0.03428065776824951,4,0.9397580033870193
76561198010660194,0,0.00557518657296896,4,0.9397580033870193
76561199378983591,0,0.08008286356925964,4,0.9397580033870193
76561199483284322,0,0.004187334794551134,4,0.9397580033870193
76561197977884960,0,0.0034761126153171062,4,0.9397580033870193
76561198450252791,0,0.0037861948367208242,4,0.9397580033870193
76561198282562532,0,0.0034941667690873146,4,0.9397580033870193
76561198171820334,0,0.37092071771621704,4,0.9397580033870193
76561198204680636,0,0.3385830819606781,4,0.9397580033870193
76561199038138991,0,0.0035808521788567305,4,0.9397580033870193
76561198238284478,0,0.008869762532413006,4,0.9397580033870193
76561198075713770,0,0.536729097366333,4,0.9397580033870193
76561198302561661,0,0.011510135605931282,4,0.9397580033870193
76561198419296521,0,0.07419959455728531,4,0.9397580033870193
76561199092000276,0,0.0028551167342811823,4,0.9397580033870193
76561199236596318,0,0.0062666949816048145,4,0.9397580033870193
76561197974383585,0,0.053561557084321976,4,0.9397580033870193
76561199070374514,0,0.00938696600496769,4,0.9397580033870193
76561199093072347,0,0.005476638209074736,4,0.9397580033870193
76561198092360412,0,0.378817081451416,4,0.9397580033870193
76561199618935712,0,0.006413324736058712,4,0.9397580033870193
76561198000887053,0,0.004030436743050814,4,0.9397580033870193
76561198244979584,0,0.006076767109334469,4,0.9397580033870193
76561198817173976,0,0.008619842119514942,4,0.9397580033870193
76561199344697604,0,0.0041200630366802216,4,0.9397580033870193
76561199071435305,0,0.006084946449846029,4,0.9397580033870193
76561198044147111,0,0.05693881958723068,4,0.9397580033870193
76561198027675602,0,0.7339264750480652,4,0.9397580033870193
76561197999450515,0,0.7674768567085266,4,0.9397580033870193
76561198964595876,0,0.0031584035605192184,4,0.9397580033870193
76561198285473398,0,0.010445144958794117,4,0.9397580033870193
76561199499018061,0,0.005748618859797716,4,0.9397580033870193
76561198007367852,0,0.3276791274547577,4,0.9397580033870193
76561198002245057,0,0.9177609086036682,4,0.9397580033870193
76561198326798475,0,0.006327665410935879,4,0.9397580033870193
76561198206150440,0,0.014243519864976406,4,0.9397580033870193
76561197998561283,0,0.032796602696180344,4,0.9397580033870193
76561198802736817,0,0.44359952211380005,4,0.9397580033870193
76561199057606431,0,0.0036615473218262196,4,0.9397580033870193
76561198168361396,0,0.16969487071037292,4,0.9397580033870193
76561198347285846,0,0.003397854045033455,4,0.9397580033870193
76561199562780360,0,0.1347091794013977,4,0.9397580033870193
76561198083167920,0,0.0034962028730660677,4,0.9397580033870193
76561199071844638,0,0.007270792033523321,4,0.9397580033870193
76561199072267685,0,0.04917055368423462,4,0.9397580033870193
76561198111521210,0,0.9351628422737122,4,0.9397580033870193
76561198062245436,0,0.06915273517370224,4,0.9397580033870193
76561199173664795,0,0.028338894248008728,4,0.9397580033870193
76561199143459005,0,0.012329217977821827,4,0.9397580033870193
76561199066504028,0,0.061697088181972504,4,0.9397580033870193
76561198068007021,0,0.0078067900612950325,4,0.9397580033870193
76561199265152717,0,0.004285940434783697,4,0.9397580033870193
76561199091025325,0,0.016675248742103577,4,0.9397580033870193
76561198164248419,0,0.004364754073321819,4,0.9397580033870193
76561197968914746,0,0.004342722240835428,4,0.9397580033870193
76561198358425649,0,0.8146904706954956,4,0.9397580033870193
76561198195841137,1,0.9608931541442871,4,0.9397580033870193
76561198985835452,0,0.8037713766098022,4,0.9397580033870193
76561199534327469,0,0.017922168597579002,4,0.9397580033870193
76561198988501957,0,0.9185601472854614,4,0.9397580033870193
76561197990101884,0,0.0034756402019411325,4,0.9397580033870193
76561198354114936,0,0.028248077258467674,4,0.9397580033870193
76561199511641863,0,0.008090155199170113,4,0.9397580033870193
76561198053143236,0,0.0035854093730449677,4,0.9397580033870193
76561199435586644,0,0.21311146020889282,4,0.9397580033870193
76561199015742749,0,0.003333920380100608,4,0.9397580033870193
76561198228845468,0,0.005032292567193508,4,0.9397580033870193
76561198192622625,0,0.003316114656627178,4,0.9397580033870193
76561199089261803,0,0.004157611634582281,4,0.9397580033870193
76561198257379073,0,0.04518064856529236,4,0.9397580033870193
76561198440091841,0,0.013672543689608574,4,0.9397580033870193
76561198158821638,0,0.008646612986922264,4,0.9397580033870193
76561198036882817,0,0.005813415627926588,4,0.9397580033870193
76561199070315921,0,0.0037188951391726732,4,0.9397580033870193
76561198931481839,0,0.14425884187221527,4,0.9397580033870193
76561199496959377,0,0.005223192274570465,4,0.9397580033870193
76561198851493639,0,0.4331055283546448,4,0.9397580033870193
76561198882284930,1,0.9925965070724487,4,0.9397580033870193
76561198846722020,0,0.009645014069974422,4,0.9397580033870193
76561198070217988,0,0.015634862706065178,4,0.9397580033870193
76561199586080595,0,0.013443905860185623,4,0.9397580033870193
76561199543045584,0,0.00969394575804472,4,0.9397580033870193
76561199506988895,0,0.0430288091301918,4,0.9397580033870193
76561198052393004,0,0.004387012217193842,4,0.9397580033870193
76561199224724124,1,0.9913132786750793,4,0.9397580033870193
76561198961640327,0,0.020785372704267502,4,0.9397580033870193
76561198388477306,0,0.019386477768421173,4,0.9397580033870193
76561198203024152,0,0.004443386569619179,4,0.9397580033870193
76561198045915172,0,0.0035746917128562927,4,0.9397580033870193
76561198079667367,0,0.3061383068561554,4,0.9397580033870193
76561199177941514,0,0.006519641727209091,4,0.9397580033870193
76561198063425190,0,0.007578392047435045,4,0.9397580033870193
76561199199750364,0,0.004585872869938612,4,0.9397580033870193
76561198091527498,0,0.9868471026420593,4,0.9397580033870193
76561198031325916,0,0.02285182848572731,4,0.9397580033870193
76561198327468963,0,0.0038929826114326715,4,0.9397580033870193
76561198797847094,0,0.003536128206178546,4,0.9397580033870193
76561198303945464,0,0.006718151271343231,4,0.9397580033870193
76561199237627322,0,0.6507683992385864,4,0.9397580033870193
76561198010279433,0,0.0044495961628854275,4,0.9397580033870193
76561199282440398,0,0.003397854045033455,4,0.9397580033870193
76561199582795536,0,0.011961719021201134,4,0.9397580033870193
76561199208347963,0,0.005324396304786205,4,0.9397580033870193
76561199164713845,0,0.006023305002599955,4,0.9397580033870193
76561199022081298,0,0.006924780551344156,4,0.9397580033870193
76561198274905651,0,0.014949221163988113,4,0.9397580033870193
76561198138173801,0,0.006105833221226931,4,0.9397580033870193
76561198063383244,0,0.005381511524319649,4,0.9397580033870193
76561197997910445,0,0.004714939743280411,4,0.9397580033870193
76561198166966748,0,0.01247522234916687,4,0.9397580033870193
76561198279074859,0,0.0040797283872962,4,0.9397580033870193
76561199104892571,0,0.443204790353775,4,0.9397580033870193
76561198001783193,0,0.00433135824277997,4,0.9397580033870193
76561198914895765,0,0.0036540089640766382,4,0.9397580033870193
76561198090530588,0,0.0042664166539907455,4,0.9397580033870193
76561198082716953,0,0.01623634248971939,4,0.9397580033870193
76561199544128395,0,0.00908951461315155,4,0.9397580033870193
76561198005322189,0,0.004470550920814276,4,0.9397580033870193
76561198272967667,0,0.2996443510055542,4,0.9397580033870193
76561198398183729,0,0.0042664166539907455,4,0.9397580033870193
76561198450005914,0,0.005718012806028128,4,0.9397580033870193
76561198431724282,0,0.006920515559613705,4,0.9397580033870193
76561198007028760,0,0.01000353042036295,4,0.9397580033870193
76561198206000233,0,0.039123691618442535,4,0.9397580033870193
76561198078302085,0,0.0038995835930109024,4,0.9397580033870193
76561198122247100,0,0.00543656712397933,4,0.9397580033870193
76561198195833617,0,0.006866862531751394,4,0.9397580033870193
76561198193367043,0,0.008423254825174809,4,0.9397580033870193
76561199621807970,0,0.006433272734284401,4,0.9397580033870193
76561199049755365,0,0.6166378259658813,4,0.9397580033870193
76561199111924370,0,0.014168829657137394,4,0.9397580033870193
76561199466041771,0,0.8864344954490662,4,0.9397580033870193
76561198076713464,0,0.006833009421825409,4,0.9397580033870193
76561199135489829,0,0.080146923661232,4,0.9397580033870193
76561198011224820,0,0.00462290458381176,4,0.9397580033870193
76561198872235279,1,0.9696512222290039,4,0.9397580033870193
76561198273975441,0,0.0060662818141281605,4,0.9397580033870193
76561199089277491,0,0.006425310857594013,4,0.9397580033870193
76561197968355051,0,0.004380874335765839,4,0.9397580033870193
76561197970680536,0,0.9395341277122498,4,0.9397580033870193
76561198182261859,1,0.9880216121673584,4,0.9397580033870193
76561199136787959,0,0.015839949250221252,4,0.9397580033870193
76561198034925380,0,0.008356659673154354,4,0.9397580033870193
76561199016629394,0,0.06087202578783035,4,0.9397580033870193
76561198363967043,0,0.004476787522435188,4,0.9397580033870193
76561198255539156,0,0.2755162715911865,4,0.9397580033870193
76561198076168554,0,0.043066948652267456,4,0.9397580033870193
76561198291321350,0,0.5800157189369202,4,0.9397580033870193
76561199435974456,0,0.0035760998725891113,4,0.9397580033870193
76561198038339409,0,0.2805813252925873,4,0.9397580033870193
76561198132026990,0,0.8276075124740601,4,0.9397580033870193
76561199117521167,0,0.006774982903152704,4,0.9397580033870193
76561197972921010,0,0.559313178062439,4,0.9397580033870193
76561198337064505,0,0.07619719952344894,4,0.9397580033870193
76561198018728286,0,0.012164382264018059,4,0.9397580033870193
76561198255337834,0,0.03343876078724861,4,0.9397580033870193
76561199246890299,0,0.0213237926363945,4,0.9397580033870193
76561198285653197,0,0.11727933585643768,4,0.9397580033870193
76561198362734322,0,0.19032584130764008,4,0.9397580033870193
76561199556625729,0,0.003978891763836145,4,0.9397580033870193
76561198244760740,0,0.0035372439306229353,4,0.9397580033870193
76561199803560961,0,0.004028553608804941,4,0.9397580033870193
76561199728671011,0,0.009522782638669014,4,0.9397580033870193
76561199638132156,0,0.010032761842012405,4,0.9397580033870193
76561199119396064,0,0.013046442531049252,4,0.9397580033870193
76561199505207939,0,0.008300518617033958,4,0.9397580033870193
76561198039015981,0,0.03452552855014801,4,0.9397580033870193
76561198055644919,0,0.2208823263645172,4,0.9397580033870193
76561199072185128,0,0.00559664610773325,4,0.9397580033870193
76561198029338436,0,0.046626634895801544,4,0.9397580033870193
76561198321681500,0,0.5355377793312073,4,0.9397580033870193
76561198399804152,0,0.62046217918396,4,0.9397580033870193
76561198239591874,0,0.17286713421344757,4,0.9397580033870193
76561198016019512,0,0.0143131697550416,4,0.9397580033870193
76561199142224301,0,0.02062062919139862,4,0.9397580033870193
76561198838099309,0,0.00480594951659441,4,0.9397580033870193
76561197987030020,0,0.23236985504627228,4,0.9397580033870193
76561198312809290,0,0.27729305624961853,4,0.9397580033870193
76561199180040105,0,0.030501428991556168,4,0.9397580033870193
76561198104437493,0,0.0036391476169228554,4,0.9397580033870193
76561198217180073,1,0.9801688194274902,4,0.9397580033870193
76561198415470784,0,0.006824080366641283,4,0.9397580033870193
76561198016776997,0,0.03157135844230652,4,0.9397580033870193
76561199059091803,0,0.027333516627550125,4,0.9397580033870193
76561199586813373,0,0.0029039322398602962,4,0.9397580033870193
76561198084399256,1,0.9861232042312622,4,0.9397580033870193
76561198993684711,0,0.0040797283872962,4,0.9397580033870193
76561197984899828,0,0.04949378967285156,4,0.9397580033870193
76561198969878417,0,0.008264930918812752,4,0.9397580033870193
76561199094667302,0,0.010443652980029583,4,0.9397580033870193
76561198042165014,0,0.07419959455728531,4,0.9397580033870193
76561199147617423,0,0.00490404199808836,4,0.9397580033870193
76561199206148044,0,0.00451594078913331,4,0.9397580033870193
76561199032192429,0,0.036449652165174484,4,0.9397580033870193
76561199497738607,0,0.6372151970863342,4,0.9397580033870193
76561198332982805,0,0.013702090829610825,4,0.9397580033870193
76561198327872149,0,0.005989461205899715,4,0.9397580033870193
76561198053861392,0,0.0040797283872962,4,0.9397580033870193
76561198825266767,0,0.04654894396662712,4,0.9397580033870193
76561198064378020,0,0.03175361454486847,4,0.9397580033870193
76561198043713228,0,0.003484126413241029,4,0.9397580033870193
76561198325835823,0,0.004574163816869259,4,0.9397580033870193
76561198972130309,0,0.008000809699296951,4,0.9397580033870193
76561198301079753,0,0.00931741762906313,4,0.9397580033870193
76561199478368155,0,0.0390809066593647,4,0.9397580033870193
76561197970845493,0,0.005460199434310198,4,0.9397580033870193
76561199141856355,0,0.021505186334252357,4,0.9397580033870193
76561197995196560,0,0.006453972775489092,4,0.9397580033870193
76561198133268840,0,0.00304594193585217,4,0.9397580033870193
76561198114229775,0,0.006462274119257927,4,0.9397580033870193
76561197986307453,1,0.6885567903518677,4,0.9397580033870193
76561198834143376,0,0.12186743319034576,4,0.9397580033870193
76561198036798088,0,0.0032742393668740988,4,0.9397580033870193
76561199028245064,0,0.006809707265347242,4,0.9397580033870193
76561197991614906,0,0.0034665223211050034,4,0.9397580033870193
76561198842230531,0,0.004053238779306412,4,0.9397580033870193
76561199173987291,0,0.24481557309627533,4,0.9397580033870193
76561198446416595,0,0.005544709041714668,4,0.9397580033870193
76561199108336143,0,0.0212116539478302,4,0.9397580033870193
76561198171217467,0,0.00304594193585217,4,0.9397580033870193
76561198146845592,1,0.9821987748146057,4,0.9397580033870193
76561199032677330,0,0.025439785793423653,4,0.9397580033870193
76561198244704630,0,0.004196250345557928,4,0.9397580033870193
76561198308538088,0,0.012201131321489811,4,0.9397580033870193
76561198332536290,0,0.8271487951278687,4,0.9397580033870193
76561199062435162,0,0.017396176233887672,4,0.9397580033870193
76561199071472055,0,0.00458618625998497,4,0.9397580033870193
76561197964496145,0,0.18581365048885345,4,0.9397580033870193
76561199256562656,0,0.0037284952122718096,4,0.9397580033870193
76561199021098747,0,0.005054304841905832,4,0.9397580033870193
76561199155240344,0,0.6355188488960266,4,0.9397580033870193
76561198083360655,0,0.004657576326280832,4,0.9397580033870193
76561198021987694,0,0.16299211978912354,4,0.9397580033870193
76561198872122145,0,0.04225774109363556,4,0.9397580033870193
76561199302284979,0,0.009974497370421886,4,0.9397580033870193
76561198136429294,0,0.007814105600118637,4,0.9397580033870193
76561199082021332,0,0.24567534029483795,4,0.9397580033870193
76561197984794456,1,0.4114139676094055,4,0.9397580033870193
76561198085959985,0,0.005345806013792753,4,0.9397580033870193
76561199130701267,0,0.19442379474639893,4,0.9397580033870193
76561198831552103,0,0.294709712266922,4,0.9397580033870193
76561198029760940,0,0.0035581174306571484,4,0.9397580033870193
76561198067577640,0,0.019421536475419998,4,0.9397580033870193
76561198856854967,0,0.003055326407775283,4,0.9397580033870193
76561198060467691,0,0.05366726964712143,4,0.9397580033870193
76561199118383855,0,0.6737818121910095,4,0.9397580033870193
76561198194929721,0,0.2729531526565552,4,0.9397580033870193
76561197985286582,0,0.23650206625461578,4,0.9397580033870193
76561197970647094,0,0.4251408576965332,4,0.9397580033870193
76561198018556393,0,0.5753080248832703,4,0.9397580033870193
76561198119004691,0,0.008076831698417664,4,0.9397580033870193
76561198263822480,0,0.9758633375167847,4,0.9397580033870193
76561198010137497,0,0.29136377573013306,4,0.9397580033870193
76561199165295025,0,0.016575157642364502,4,0.9397580033870193
76561199215574021,0,0.9803047776222229,4,0.9397580033870193
76561198255441274,0,0.005849034525454044,4,0.9397580033870193
76561198403964934,0,0.007801067549735308,4,0.9397580033870193
76561199184344395,0,0.004930049180984497,4,0.9397580033870193
76561198041813933,0,0.007104536518454552,4,0.9397580033870193
76561199004156634,0,0.003689189674332738,4,0.9397580033870193
76561198318357677,0,0.27754396200180054,4,0.9397580033870193
76561198273107346,0,0.008391555398702621,4,0.9397580033870193
76561197987226695,0,0.03295033425092697,4,0.9397580033870193
76561198202295580,0,0.026253556832671165,4,0.9397580033870193
76561198387201072,0,0.005307873245328665,4,0.9397580033870193
76561199097208672,0,0.00899194460362196,4,0.9397580033870193
76561198831097351,0,0.05747496336698532,4,0.9397580033870193
76561199248749701,0,0.003611804684624076,4,0.9397580033870193
76561198135515857,0,0.950599730014801,4,0.9397580033870193
76561198042846301,0,0.5903159976005554,4,0.9397580033870193
76561199202909810,0,0.015724049881100655,4,0.9397580033870193
76561199015914736,0,0.003400868270546198,4,0.9397580033870193
76561198390925371,0,0.24651214480400085,4,0.9397580033870193
76561198072560288,0,0.18414784967899323,4,0.9397580033870193
76561198853342727,0,0.0067827641032636166,4,0.9397580033870193
76561199016050428,0,0.0030521482694894075,4,0.9397580033870193
76561199521143176,0,0.003397854045033455,4,0.9397580033870193
76561199173657537,0,0.015655484050512314,4,0.9397580033870193
76561197969037613,0,0.006244507618248463,4,0.9397580033870193
76561198823977268,0,0.005085563752800226,4,0.9397580033870193
76561197974357995,0,0.00761577719822526,4,0.9397580033870193
76561198002546824,0,0.005949086509644985,4,0.9397580033870193
76561198166470896,0,0.008227433077991009,4,0.9397580033870193
76561198002826379,0,0.36715835332870483,4,0.9397580033870193
76561198203633355,0,0.19665353000164032,4,0.9397580033870193
76561199701111715,0,0.040547266602516174,4,0.9397580033870193
76561199578258405,0,0.12216611951589584,4,0.9397580033870193
76561199157089064,0,0.19313961267471313,4,0.9397580033870193
76561198915192568,0,0.004470595624297857,4,0.9397580033870193
76561199301109553,0,0.007646803744137287,4,0.9397580033870193
76561197970015142,0,0.005304422695189714,4,0.9397580033870193
76561198428978342,0,0.0030249087139964104,4,0.9397580033870193
76561198003513323,0,0.297770619392395,4,0.9397580033870193
76561198103236768,0,0.005613591521978378,4,0.9397580033870193
76561198107876490,0,0.013998478651046753,4,0.9397580033870193
76561198217643815,1,0.9802656769752502,4,0.9397580033870193
76561198148323229,0,0.20727795362472534,4,0.9397580033870193
76561198041816483,0,0.00479253102093935,4,0.9397580033870193
76561198966091570,0,0.133210688829422,4,0.9397580033870193
76561198075849926,0,0.005381511524319649,4,0.9397580033870193
76561199641310133,0,0.015535669401288033,4,0.9397580033870193
76561199225385343,0,0.00550829665735364,4,0.9397580033870193
76561198324105544,0,0.028454164043068886,4,0.9397580033870193
76561199168259818,0,0.009564493782818317,4,0.9397580033870193
76561199121732999,0,0.5739871263504028,4,0.9397580033870193
76561199121758453,0,0.012865382246673107,4,0.9397580033870193
76561199482268341,0,0.00304594193585217,4,0.9397580033870193
76561199201742770,0,0.011510135605931282,4,0.9397580033870193
76561198233697404,0,0.004913703538477421,4,0.9397580033870193
76561199389919453,0,0.0035313579719513655,4,0.9397580033870193
76561198237028534,0,0.0038104120176285505,4,0.9397580033870193
76561199210290838,0,0.003995141945779324,4,0.9397580033870193
76561199172683942,0,0.0030521482694894075,4,0.9397580033870193
76561199057393969,0,0.9448828101158142,4,0.9397580033870193
76561198121391007,0,0.003867108840495348,4,0.9397580033870193
76561199092359594,0,0.0065030986443161964,4,0.9397580033870193
76561198123088363,0,0.05104769021272659,4,0.9397580033870193
76561198840567906,0,0.003655234817415476,4,0.9397580033870193
76561198220796656,0,0.0081136804074049,4,0.9397580033870193
76561198268891598,0,0.07736467570066452,4,0.9397580033870193
76561198095243291,0,0.006659640930593014,4,0.9397580033870193
76561198429432173,0,0.004353433847427368,4,0.9397580033870193
76561199052271435,0,0.00538061885163188,4,0.9397580033870193
76561198976960200,0,0.02177744358778,4,0.9397580033870193
76561197993511091,0,0.003434782149270177,4,0.9397580033870193
76561199103718429,0,0.9906893968582153,4,0.9397580033870193
76561198056223865,0,0.03919544816017151,4,0.9397580033870193
76561199123065890,0,0.003298861440271139,4,0.9397580033870193
76561199055606077,0,0.0310807004570961,4,0.9397580033870193
76561198146597342,0,0.02703750878572464,4,0.9397580033870193
76561198161837093,0,0.029938053339719772,4,0.9397580033870193
76561197991484594,0,0.03408896178007126,4,0.9397580033870193
76561198799259210,0,0.09382041543722153,4,0.9397580033870193
76561199092545924,0,0.007034097798168659,4,0.9397580033870193
76561199527455389,1,0.9179680943489075,4,0.9397580033870193
76561199187668773,0,0.07686489075422287,4,0.9397580033870193
76561198407140728,0,0.9860397577285767,4,0.9397580033870193
76561198816139473,0,0.003113218815997243,4,0.9397580033870193
76561198271639910,0,0.8048930168151855,4,0.9397580033870193
76561199080872438,0,0.00829789787530899,4,0.9397580033870193
76561198366402497,0,0.9567822217941284,4,0.9397580033870193
76561198873477159,1,0.20894405245780945,4,0.9397580033870193
76561198159743484,1,0.9190797209739685,4,0.9397580033870193
76561199375927805,0,0.9842017292976379,4,0.9397580033870193
76561198186792075,0,0.2561374306678772,4,0.9397580033870193
76561198826437943,0,0.9360424876213074,4,0.9397580033870193
76561198892046553,0,0.9456834197044373,4,0.9397580033870193
76561198987356468,0,0.007721931207925081,4,0.9397580033870193
76561197989129605,0,0.02674897201359272,4,0.9397580033870193
76561197964563289,0,0.16743256151676178,4,0.9397580033870193
76561198141380581,0,0.0982959046959877,4,0.9397580033870193
76561198116774453,0,0.17948463559150696,4,0.9397580033870193
76561197966308058,0,0.011044710874557495,4,0.9397580033870193
76561198275335921,0,0.1019371822476387,4,0.9397580033870193
76561197962241131,0,0.1185327097773552,4,0.9397580033870193
76561199120250875,0,0.07619089633226395,4,0.9397580033870193
76561198088019568,0,0.0032700670417398214,4,0.9397580033870193
76561199013637867,0,0.9742645621299744,4,0.9397580033870193
76561198128182216,0,0.9585115909576416,4,0.9397580033870193
76561199021027455,0,0.0035060946829617023,4,0.9397580033870193
76561198314957885,0,0.04960599169135094,4,0.9397580033870193
76561198063860755,0,0.004684532061219215,4,0.9397580033870193
76561198171708778,0,0.2964716851711273,4,0.9397580033870193
76561198042865719,0,0.03322896733880043,4,0.9397580033870193
76561199430137605,1,0.9907746911048889,4,0.9397580033870193
76561198090075486,0,0.9878572225570679,4,0.9397580033870193
76561199374129725,0,0.8838480710983276,4,0.9397580033870193
76561199035814105,0,0.9891244173049927,4,0.9397580033870193
76561198292322541,0,0.004057387355715036,4,0.9397580033870193
76561199100723087,0,0.006883402820676565,4,0.9397580033870193
76561199148238063,0,0.007824549451470375,4,0.9397580033870193
76561198064699404,0,0.13454711437225342,4,0.9397580033870193
76561199092173983,0,0.003546768333762884,4,0.9397580033870193
76561198272636582,0,0.007243296597152948,4,0.9397580033870193
76561199172200352,0,0.0034552603028714657,4,0.9397580033870193
76561199515769979,0,0.011254478245973587,4,0.9397580033870193
76561198847811805,0,0.010033633559942245,4,0.9397580033870193
76561199389289098,0,0.004824403673410416,4,0.9397580033870193
76561199146622730,0,0.18654876947402954,4,0.9397580033870193
76561199077039380,0,0.0036346411798149347,4,0.9397580033870193
76561198066367888,0,0.3526901602745056,4,0.9397580033870193
76561199400500021,0,0.005636998917907476,4,0.9397580033870193
76561198187276565,0,0.010771130211651325,4,0.9397580033870193
76561199349669770,0,0.019257688894867897,4,0.9397580033870193
76561199246224740,0,0.00965740717947483,4,0.9397580033870193
76561198057443017,0,0.005541596561670303,4,0.9397580033870193
76561199207490299,0,0.027935059741139412,4,0.9397580033870193
76561198855832619,0,0.0037212648894637823,4,0.9397580033870193
76561198119764913,0,0.06872886419296265,4,0.9397580033870193
76561197988375928,0,0.01711963303387165,4,0.9397580033870193
76561198000865953,0,0.004034369718283415,4,0.9397580033870193
76561199221982243,0,0.029501639306545258,4,0.9397580033870193
76561198021481738,0,0.01677018404006958,4,0.9397580033870193
76561198078370193,0,0.038894787430763245,4,0.9397580033870193
76561198974447636,0,0.003947014920413494,4,0.9397580033870193
76561198111061977,0,0.003787123365327716,4,0.9397580033870193
76561198181469991,0,0.004374109674245119,4,0.9397580033870193
76561198052730092,0,0.010301433503627777,4,0.9397580033870193
76561199000948840,0,0.06107739731669426,4,0.9397580033870193
76561198286973643,0,0.9503483772277832,4,0.9397580033870193
76561198034519395,0,0.008920454420149326,4,0.9397580033870193
76561199148270971,1,0.9898137450218201,4,0.9397580033870193
76561199053632812,0,0.0040797283872962,4,0.9397580033870193
76561198247157926,0,0.005109504796564579,4,0.9397580033870193
76561198059219319,0,0.00521113071590662,4,0.9397580033870193
76561198836381434,0,0.011305829510092735,4,0.9397580033870193
76561198141822082,0,0.02778070792555809,4,0.9397580033870193
76561198427834498,0,0.020446959882974625,4,0.9397580033870193
76561198076960655,0,0.05448589473962784,4,0.9397580033870193
76561198121378179,0,0.006896146107465029,4,0.9397580033870193
76561198061521089,0,0.012318626046180725,4,0.9397580033870193
76561199086140592,0,0.0036529777571558952,4,0.9397580033870193
76561197973112230,0,0.023215429857373238,4,0.9397580033870193
76561198047090828,0,0.005870606750249863,4,0.9397580033870193
76561199064879382,0,0.003993757534772158,4,0.9397580033870193
76561197994945416,0,0.008874818682670593,4,0.9397580033870193
76561198833590881,0,0.003320865100249648,4,0.9397580033870193
76561198999292362,0,0.0037258057855069637,4,0.9397580033870193
76561198025894531,0,0.006084946449846029,4,0.9397580033870193
76561199812823398,0,0.016958022490143776,4,0.9397580033870193
76561199550856137,0,0.009237118065357208,4,0.9397580033870193
76561198929069393,0,0.005826984997838736,4,0.9397580033870193
76561198024044848,0,0.11951254308223724,4,0.9397580033870193
76561198909021716,1,0.9906519651412964,4,0.9397580033870193
76561199103903927,0,0.0035809422843158245,4,0.9397580033870193
76561198953579988,0,0.0040797283872962,4,0.9397580033870193
76561198399951545,0,0.004301015287637711,4,0.9397580033870193
76561198053226128,0,0.9457642436027527,4,0.9397580033870193
76561198257038117,0,0.005471300799399614,4,0.9397580033870193
76561198067477163,0,0.003648569108918309,4,0.9397580033870193
76561198327780058,0,0.005719571840018034,4,0.9397580033870193
76561199013281873,0,0.3871345520019531,4,0.9397580033870193
76561198041748761,0,0.003014280227944255,4,0.9397580033870193
76561198998992116,0,0.004266627598553896,4,0.9397580033870193
76561199387400137,0,0.009942904114723206,4,0.9397580033870193
76561198321070622,0,0.011311355046927929,4,0.9397580033870193
76561198217232725,0,0.053681738674640656,4,0.9397580033870193
76561199123896279,0,0.01197938621044159,4,0.9397580033870193
76561198043457524,0,0.13527047634124756,4,0.9397580033870193
76561198798245174,0,0.018977947533130646,4,0.9397580033870193
76561198067554122,0,0.5530929565429688,4,0.9397580033870193
76561198331672828,0,0.46280747652053833,4,0.9397580033870193
76561198030728059,0,0.18625976145267487,4,0.9397580033870193
76561198429287696,0,0.00450943736359477,4,0.9397580033870193
76561199080429294,0,0.0058799004182219505,4,0.9397580033870193
76561198030775354,0,0.9197507500648499,4,0.9397580033870193
76561198045290475,0,0.0044119455851614475,4,0.9397580033870193
76561198095636384,0,0.7777625918388367,4,0.9397580033870193
76561198106107914,0,0.6007461547851562,4,0.9397580033870193
76561197967538299,0,0.2807111442089081,4,0.9397580033870193
76561197971843071,0,0.004815821070224047,4,0.9397580033870193
76561199096677577,0,0.009192130528390408,4,0.9397580033870193
76561198069155371,0,0.40397414565086365,4,0.9397580033870193
76561198049792875,0,0.24567455053329468,4,0.9397580033870193
76561198880419128,0,0.7768492102622986,4,0.9397580033870193
76561197995423684,0,0.29831263422966003,4,0.9397580033870193
76561198084326396,0,0.3384101092815399,4,0.9397580033870193
76561198954884206,0,0.04326077923178673,4,0.9397580033870193
76561199110918234,0,0.003160283900797367,4,0.9397580033870193
76561198125451627,0,0.0267556831240654,4,0.9397580033870193
76561199219354558,0,0.06853876262903214,4,0.9397580033870193
76561198030165060,0,0.14031635224819183,4,0.9397580033870193
76561198813664953,0,0.012759573757648468,4,0.9397580033870193
76561198286891189,0,0.4149869978427887,4,0.9397580033870193
76561199239391798,0,0.07195926457643509,4,0.9397580033870193
76561198853109071,0,0.003397854045033455,4,0.9397580033870193
76561198080193067,0,0.004561406560242176,4,0.9397580033870193
76561199111313351,0,0.00304594193585217,4,0.9397580033870193
76561198016183532,0,0.003771444782614708,4,0.9397580033870193
76561198938322900,0,0.017375614494085312,4,0.9397580033870193
76561198852805050,0,0.005381511524319649,4,0.9397580033870193
76561199118672533,0,0.014247269369661808,4,0.9397580033870193
76561198244024684,0,0.0066526103764772415,4,0.9397580033870193
76561199203481468,0,0.004061082378029823,4,0.9397580033870193
76561198209211684,0,0.20005889236927032,4,0.9397580033870193
76561198850227713,0,0.02647394873201847,4,0.9397580033870193
76561198100891919,0,0.17314255237579346,4,0.9397580033870193
76561198967523374,0,0.01876310259103775,4,0.9397580033870193
76561198083955637,0,0.005487929098308086,4,0.9397580033870193
76561199139504095,0,0.08818443864583969,4,0.9397580033870193
76561198362800060,0,0.032754670828580856,4,0.9397580033870193
76561198278167576,0,0.0864330530166626,4,0.9397580033870193
76561198053701704,0,0.012957854196429253,4,0.9397580033870193
76561198163008303,0,0.006905809510499239,4,0.9397580033870193
76561198025038867,0,0.39419659972190857,4,0.9397580033870193
76561198325644045,0,0.008564377203583717,4,0.9397580033870193
76561198280721132,0,0.08557306975126266,4,0.9397580033870193
76561198829036861,0,0.030870631337165833,4,0.9397580033870193
76561199047093084,1,0.9935777187347412,4,0.9397580033870193
76561198406941672,0,0.003549345536157489,4,0.9397580033870193
76561198152513835,0,0.0031486274674534798,4,0.9397580033870193
76561198051993452,0,0.2554037272930145,4,0.9397580033870193
76561199379285071,0,0.0031584787648171186,4,0.9397580033870193
76561198092146668,0,0.357173889875412,4,0.9397580033870193
76561199130923149,0,0.23639385402202606,4,0.9397580033870193
76561199089716591,0,0.003978891763836145,4,0.9397580033870193
76561198967844239,0,0.005814016330987215,4,0.9397580033870193
76561198176250022,0,0.10382606834173203,4,0.9397580033870193
76561198009350503,0,0.0036886867601424456,4,0.9397580033870193
76561197963962891,0,0.01426467951387167,4,0.9397580033870193
76561198051193647,0,0.0032418007031083107,4,0.9397580033870193
76561198193007478,0,0.015879252925515175,4,0.9397580033870193
76561199011804723,0,0.005849788896739483,4,0.9397580033870193
76561199193170859,0,0.0050332616083323956,4,0.9397580033870193
76561198326380304,0,0.004485215526074171,4,0.9397580033870193
76561197982353116,0,0.0049593220464885235,4,0.9397580033870193
76561198166336748,0,0.05819933861494064,4,0.9397580033870193
76561198340574876,0,0.005558621138334274,4,0.9397580033870193
76561198839189523,0,0.006702634505927563,4,0.9397580033870193
76561198982404866,0,0.0033989795483648777,4,0.9397580033870193
76561198127698142,0,0.004840712528675795,4,0.9397580033870193
76561198018769182,0,0.11175502836704254,4,0.9397580033870193
76561198099770577,0,0.3759256899356842,4,0.9397580033870193
76561198102765503,0,0.025709187611937523,4,0.9397580033870193
76561198148602882,0,0.021246112883090973,4,0.9397580033870193
76561199043275410,0,0.06807060539722443,4,0.9397580033870193
76561199167718551,0,0.025354254990816116,4,0.9397580033870193
76561198245416880,0,0.006472538225352764,4,0.9397580033870193
76561199221210894,0,0.009781399741768837,4,0.9397580033870193
76561198277887384,0,0.0051458147354424,4,0.9397580033870193
76561199153401195,0,0.01230219379067421,4,0.9397580033870193
76561199117689471,0,0.003688960103318095,4,0.9397580033870193
76561198326356005,0,0.003689466742798686,4,0.9397580033870193
76561199401358268,0,0.005421726033091545,4,0.9397580033870193
76561198063977257,0,0.01263074018061161,4,0.9397580033870193
76561199434004644,0,0.7025296092033386,4,0.9397580033870193
76561198045150874,0,0.0670388713479042,4,0.9397580033870193
76561199221001921,0,0.0040797283872962,4,0.9397580033870193
76561198067407260,0,0.15708455443382263,4,0.9397580033870193
76561198124989728,0,0.05932348594069481,4,0.9397580033870193
76561198158066900,0,0.0030584183987230062,4,0.9397580033870193
76561198088467955,0,0.006343386601656675,4,0.9397580033870193
76561198000441314,0,0.008480971679091454,4,0.9397580033870193
76561198170407223,0,0.00542311230674386,4,0.9397580033870193
76561199267060641,0,0.032664332538843155,4,0.9397580033870193
76561199218229763,0,0.3711863160133362,4,0.9397580033870193
76561197974126530,0,0.005756670143455267,4,0.9397580033870193
76561199266806337,0,0.007665584329515696,4,0.9397580033870193
76561198403064406,0,0.007643490098416805,4,0.9397580033870193
76561198219274397,0,0.31614914536476135,4,0.9397580033870193
76561199139276301,0,0.005668853875249624,4,0.9397580033870193
76561198880031235,0,0.20199042558670044,4,0.9397580033870193
76561199203506203,0,0.02402605302631855,4,0.9397580033870193
76561199121934912,0,0.018490055575966835,4,0.9397580033870193
76561198089700903,0,0.005436075385659933,4,0.9397580033870193
76561198022964128,0,0.004005212802439928,4,0.9397580033870193
76561199115114102,0,0.01574372872710228,4,0.9397580033870193
76561198006367564,0,0.03327222168445587,4,0.9397580033870193
76561198354753093,0,0.0619957372546196,4,0.9397580033870193
76561199057495167,0,0.004429965279996395,4,0.9397580033870193
76561199488395735,0,0.0039073205552995205,4,0.9397580033870193
76561198062390850,0,0.4909549355506897,4,0.9397580033870193
76561198018430740,0,0.009902260266244411,4,0.9397580033870193
76561197961996298,0,0.008303754031658173,4,0.9397580033870193
76561199069188888,0,0.1459098607301712,4,0.9397580033870193
76561199444932830,0,0.0069761089980602264,4,0.9397580033870193
76561197988602019,0,0.018773378804326057,4,0.9397580033870193
76561198129618118,0,0.06664004176855087,4,0.9397580033870193
76561198030506195,0,0.007242507301270962,4,0.9397580033870193
76561199042160963,0,0.0038356215227395296,4,0.9397580033870193
76561199623186582,0,0.004972007125616074,4,0.9397580033870193
76561199533246341,0,0.21516777575016022,4,0.9397580033870193
76561198320603284,0,0.028321802616119385,4,0.9397580033870193
76561199100098690,0,0.0030633267015218735,4,0.9397580033870193
76561199023537590,0,0.0053250654600560665,4,0.9397580033870193
76561198421513239,0,0.0036529777571558952,4,0.9397580033870193
76561198115806847,0,0.013383100740611553,4,0.9397580033870193
76561199435386639,0,0.2183174341917038,4,0.9397580033870193
76561199061000918,0,0.003333920380100608,4,0.9397580033870193
76561198118580023,0,0.08885074406862259,4,0.9397580033870193
76561199086535874,0,0.018101314082741737,4,0.9397580033870193
76561198008781111,0,0.004469472914934158,4,0.9397580033870193
76561199044034460,0,0.0640973299741745,4,0.9397580033870193
76561198060243199,0,0.039010677486658096,4,0.9397580033870193
76561198194500026,0,0.004348913673311472,4,0.9397580033870193
76561198229009020,0,0.008340797387063503,4,0.9397580033870193
76561198068283989,0,0.01585947908461094,4,0.9397580033870193
76561198186945526,0,0.07739574462175369,4,0.9397580033870193
76561199430092215,0,0.0030250956770032644,4,0.9397580033870193
76561198100325792,0,0.0647931769490242,4,0.9397580033870193
76561198038993862,0,0.45147401094436646,4,0.9397580033870193
76561199006698841,0,0.003689466742798686,4,0.9397580033870193
76561198998418244,0,0.012104895897209644,4,0.9397580033870193
76561199200909147,0,0.0038530402816832066,4,0.9397580033870193
76561198093627521,0,0.17421115934848785,4,0.9397580033870193
76561199465668253,0,0.07917757332324982,4,0.9397580033870193
76561199590095151,0,0.029796428978443146,4,0.9397580033870193
76561199044124404,0,0.003397854045033455,4,0.9397580033870193
76561199202040760,0,0.006216601002961397,4,0.9397580033870193
76561197973280451,0,0.488726943731308,4,0.9397580033870193
76561199168011253,0,0.005021826829761267,4,0.9397580033870193
76561198068412995,0,0.00763624208047986,4,0.9397580033870193
76561198053745453,0,0.003402239177376032,4,0.9397580033870193
76561199011861322,0,0.034086842089891434,4,0.9397580033870193
76561198279442187,0,0.004495741333812475,4,0.9397580033870193
76561198257393213,0,0.0061862110160291195,4,0.9397580033870193
76561198831914952,0,0.00739193195477128,4,0.9397580033870193
76561199680272614,0,0.04326172545552254,4,0.9397580033870193
76561199066622011,0,0.06662487983703613,4,0.9397580033870193
76561199124169255,0,0.011324837803840637,4,0.9397580033870193
76561198138146936,0,0.003397854045033455,4,0.9397580033870193
76561199166782704,0,0.0033565114717930555,4,0.9397580033870193
76561198235743494,0,0.0033745556138455868,4,0.9397580033870193
76561199281893866,0,0.004978824872523546,4,0.9397580033870193
76561198159994557,0,0.038080569356679916,4,0.9397580033870193
76561198802302390,0,0.003894417779520154,4,0.9397580033870193
76561198452977718,1,0.35348081588745117,4,0.9397580033870193
76561198316403635,0,0.003967215307056904,4,0.9397580033870193
76561198094667320,0,0.04185597971081734,4,0.9397580033870193
76561198063545713,0,0.004423526581376791,4,0.9397580033870193
76561198140472723,0,0.00673718610778451,4,0.9397580033870193
76561199248404852,0,0.004124164581298828,4,0.9397580033870193
76561198115468577,0,0.0033723339438438416,4,0.9397580033870193
76561198008468162,0,0.003970860969275236,4,0.9397580033870193
76561199099586840,0,0.0064993966370821,4,0.9397580033870193
76561198012629434,0,0.033689096570014954,4,0.9397580033870193
76561198836671830,0,0.019353318959474564,4,0.9397580033870193
76561199442684011,0,0.0075756567530334,4,0.9397580033870193
76561198021007261,0,0.009193520992994308,4,0.9397580033870193
76561198107054669,1,0.9520475268363953,4,0.9397580033870193
76561198020171286,0,0.5821741819381714,4,0.9397580033870193
76561198098530125,0,0.2889237701892853,4,0.9397580033870193
76561198321738054,0,0.43457403779029846,4,0.9397580033870193
76561199104622690,0,0.0038703891914337873,4,0.9397580033870193
76561198117727483,0,0.22034519910812378,4,0.9397580033870193
76561199258437046,0,0.003365013049915433,4,0.9397580033870193
76561198136267940,0,0.004440223332494497,4,0.9397580033870193
76561198004312326,0,0.005926348268985748,4,0.9397580033870193
76561199417255510,0,0.5082975029945374,4,0.9397580033870193
76561199092588312,0,0.007634225767105818,4,0.9397580033870193
76561199199251243,0,0.004697642754763365,4,0.9397580033870193
76561198057070146,0,0.06249968707561493,4,0.9397580033870193
76561197981191102,0,0.30208081007003784,4,0.9397580033870193
76561198814379465,0,0.3174176812171936,4,0.9397580033870193
76561198842812678,0,0.009730073623359203,4,0.9397580033870193
76561199221511524,0,0.05001402646303177,4,0.9397580033870193
76561199063032876,0,0.00899194460362196,4,0.9397580033870193
76561199110941938,0,0.11787471175193787,4,0.9397580033870193
76561199001433804,0,0.007960271090269089,4,0.9397580033870193
76561198367183013,0,0.013535358011722565,4,0.9397580033870193
76561198128169486,0,0.06374411284923553,4,0.9397580033870193
76561199055890402,0,0.14194586873054504,4,0.9397580033870193
76561198208665812,0,0.6771180033683777,4,0.9397580033870193
76561198111517026,0,0.012872566469013691,4,0.9397580033870193
76561198008540499,0,0.33429965376853943,4,0.9397580033870193
76561198173135919,0,0.004954340402036905,4,0.9397580033870193
76561198250404138,0,0.8437116146087646,4,0.9397580033870193
76561198318906355,0,0.016798589378595352,4,0.9397580033870193
76561198048127328,0,0.851550281047821,4,0.9397580033870193
76561198279557393,0,0.011487074196338654,4,0.9397580033870193
76561199073489711,0,0.012398255057632923,4,0.9397580033870193
76561198345497474,0,0.01225240807980299,4,0.9397580033870193
76561199148476068,0,0.0033455255907028913,4,0.9397580033870193
76561199454428236,0,0.007106955163180828,4,0.9397580033870193
76561198031318655,0,0.004326963797211647,4,0.9397580033870193
76561197969685483,0,0.016838857904076576,4,0.9397580033870193
76561198171681079,0,0.18994268774986267,4,0.9397580033870193
76561198998341791,0,0.13299380242824554,4,0.9397580033870193
76561198440670651,0,0.003629198530688882,4,0.9397580033870193
76561198032406338,0,0.905541718006134,4,0.9397580033870193
76561198121758068,0,0.23273243010044098,4,0.9397580033870193
76561199038326897,0,0.17602938413619995,4,0.9397580033870193
76561197987052999,0,0.004062139894813299,4,0.9397580033870193
76561199482992914,0,0.003689189674332738,4,0.9397580033870193
76561198987354729,0,0.007802425883710384,4,0.9397580033870193
76561199487746444,0,0.8267512917518616,4,0.9397580033870193
76561198014472989,0,0.2789129614830017,4,0.9397580033870193
76561199480147706,0,0.13068218529224396,4,0.9397580033870193
76561198117119642,0,0.8362216949462891,4,0.9397580033870193
76561198799275823,0,0.015284565277397633,4,0.9397580033870193
76561198099204802,0,0.008156086318194866,4,0.9397580033870193
76561198020132402,0,0.18086467683315277,4,0.9397580033870193
76561199214330945,0,0.013164984993636608,4,0.9397580033870193
76561198073942700,0,0.006174757145345211,4,0.9397580033870193
76561198292080743,0,0.003186117624863982,4,0.9397580033870193
76561198448020787,0,0.094991534948349,4,0.9397580033870193
76561198392864195,0,0.01104691345244646,4,0.9397580033870193
76561198166648489,0,0.025072460994124413,4,0.9397580033870193
76561199317649519,0,0.07953531295061111,4,0.9397580033870193
76561199153967259,0,0.0034814218524843454,4,0.9397580033870193
76561198134438563,0,0.010669379495084286,4,0.9397580033870193
76561199207807294,0,0.00463565019890666,4,0.9397580033870193
76561198136780801,0,0.0036728596314787865,4,0.9397580033870193
76561198078771235,0,0.004105725791305304,4,0.9397580033870193
76561198093252773,0,0.009274938143789768,4,0.9397580033870193
76561198871981960,0,0.005078716203570366,4,0.9397580033870193
76561198191551247,1,0.8704521059989929,4,0.9397580033870193
76561199079377976,0,0.006605447735637426,4,0.9397580033870193
76561198159225396,0,0.014069930650293827,4,0.9397580033870193
76561198163624813,0,0.007471370976418257,4,0.9397580033870193
76561198006697202,0,0.004019890446215868,4,0.9397580033870193
76561199104702752,0,0.0031188090797513723,4,0.9397580033870193
76561198292610958,0,0.0035809422843158245,4,0.9397580033870193
76561198420289307,0,0.006709136534482241,4,0.9397580033870193
76561198153025684,0,0.9066691398620605,4,0.9397580033870193
76561199389967844,1,0.9770664572715759,4,0.9397580033870193
76561199087846604,0,0.004367855377495289,4,0.9397580033870193
76561198058199413,0,0.005076603963971138,4,0.9397580033870193
76561198033976127,0,0.022131605073809624,4,0.9397580033870193
76561199179403365,0,0.019077062606811523,4,0.9397580033870193
76561198298175313,0,0.010187153704464436,4,0.9397580033870193
76561199111011060,0,0.029722969979047775,4,0.9397580033870193
76561198061409686,0,0.021737191826105118,4,0.9397580033870193
76561198213071084,0,0.005485896952450275,4,0.9397580033870193
76561199025085260,0,0.036851465702056885,4,0.9397580033870193
76561198356839996,0,0.005381511524319649,4,0.9397580033870193
76561198070332915,0,0.08789695799350739,4,0.9397580033870193
76561197977644162,0,0.007164986338466406,4,0.9397580033870193
76561198017929312,0,0.00520913815125823,4,0.9397580033870193
76561198072760563,0,0.9708914756774902,4,0.9397580033870193
76561198050008218,0,0.04271465912461281,4,0.9397580033870193
76561198411594367,0,0.003488941816613078,4,0.9397580033870193
76561199030819602,1,0.01825670525431633,4,0.9397580033870193
76561198088502211,0,0.005440157372504473,4,0.9397580033870193
76561198207223456,0,0.03023603744804859,4,0.9397580033870193
76561199480046076,0,0.005759249906986952,4,0.9397580033870193
76561198071240278,0,0.00390534452162683,4,0.9397580033870193
76561198355215928,0,0.006336759310215712,4,0.9397580033870193
76561198160426805,0,0.011618402786552906,4,0.9397580033870193
76561198118863316,0,0.007080507464706898,4,0.9397580033870193
76561197998931656,0,0.17308355867862701,4,0.9397580033870193
76561199184794101,0,0.011347235180437565,4,0.9397580033870193
76561198050444601,0,0.49534907937049866,4,0.9397580033870193
76561199468583183,0,0.008758609183132648,4,0.9397580033870193
76561199115409204,0,0.020452557131648064,4,0.9397580033870193
76561198396555085,0,0.00609247200191021,4,0.9397580033870193
76561197975626116,0,0.007761751767247915,4,0.9397580033870193
76561198191399667,0,0.34031054377555847,4,0.9397580033870193
76561198407660562,0,0.005497501231729984,4,0.9397580033870193
76561198260829911,0,0.0040116379968822,4,0.9397580033870193
76561198166752284,0,0.007663785479962826,4,0.9397580033870193
76561198292756672,0,0.9844962358474731,4,0.9397580033870193
76561197975306791,0,0.5246655344963074,4,0.9397580033870193
76561198134926585,0,0.0489078164100647,4,0.9397580033870193
76561198063469140,0,0.06187920272350311,4,0.9397580033870193
76561199125919621,0,0.003702940186485648,4,0.9397580033870193
76561198197900261,0,0.007629512809216976,4,0.9397580033870193
76561198150452218,0,0.0031518754549324512,4,0.9397580033870193
76561198172781851,0,0.10216966271400452,4,0.9397580033870193
76561198044904415,0,0.1368395835161209,4,0.9397580033870193
76561198018521303,0,0.6393090486526489,4,0.9397580033870193
76561198851723326,0,0.0038008419796824455,4,0.9397580033870193
76561199047386624,0,0.054163858294487,4,0.9397580033870193
76561199466427717,0,0.005506191868335009,4,0.9397580033870193
76561198358900335,0,0.005809049122035503,4,0.9397580033870193
76561198179372369,0,0.011215428821742535,4,0.9397580033870193
76561199442530468,0,0.004011817276477814,4,0.9397580033870193
76561198317019069,0,0.02873406559228897,4,0.9397580033870193
76561198133260401,0,0.6960945725440979,4,0.9397580033870193
76561199214163916,0,0.04317747429013252,4,0.9397580033870193
76561198418344046,0,0.007352689281105995,4,0.9397580033870193
76561198406012840,0,0.003956579603254795,4,0.9397580033870193
76561198035125361,0,0.005591441411525011,4,0.9397580033870193
76561199234694017,0,0.012295285239815712,4,0.9397580033870193
76561197975038199,0,0.6109917759895325,4,0.9397580033870193
76561198148822036,0,0.3041074573993683,4,0.9397580033870193
76561198321568639,0,0.003509343136101961,4,0.9397580033870193
76561199034177722,0,0.006538731977343559,4,0.9397580033870193
76561198139104827,0,0.011652329936623573,4,0.9397580033870193
76561199229771131,1,0.9583476781845093,4,0.9397580033870193
76561199534331324,0,0.0035314687993377447,4,0.9397580033870193
76561199470808610,0,0.20826037228107452,4,0.9397580033870193
76561198013706613,0,0.0032090521417558193,4,0.9397580033870193
76561199679477983,0,0.011297470889985561,4,0.9397580033870193
76561198085028904,0,0.02391943335533142,4,0.9397580033870193
76561198960815627,0,0.047734618186950684,4,0.9397580033870193
76561198135466481,0,0.010054247453808784,4,0.9397580033870193
76561198037109522,0,0.03960505500435829,4,0.9397580033870193
76561198877491206,0,0.3182591497898102,4,0.9397580033870193
76561198030447601,0,0.15649676322937012,4,0.9397580033870193
76561198353512506,0,0.0032839004416018724,4,0.9397580033870193
76561197982708978,0,0.016392603516578674,4,0.9397580033870193
76561199475989425,0,0.007856015115976334,4,0.9397580033870193
76561199064117393,0,0.007274359464645386,4,0.9397580033870193
76561198127033684,0,0.007196513004601002,4,0.9397580033870193
76561198091191242,0,0.18132303655147552,4,0.9397580033870193
76561198305165803,0,0.004127075895667076,4,0.9397580033870193
76561199233140139,0,0.0129602812230587,4,0.9397580033870193
76561198107917828,0,0.007202497683465481,4,0.9397580033870193
76561199522563808,0,0.0038587565068155527,4,0.9397580033870193
76561199016368433,0,0.00615465734153986,4,0.9397580033870193
76561198208547832,0,0.010822317562997341,4,0.9397580033870193
76561198088013107,0,0.01921299658715725,4,0.9397580033870193
76561198383646116,0,0.2678092122077942,4,0.9397580033870193
76561198827019716,0,0.31021252274513245,4,0.9397580033870193
76561198134201691,0,0.0038776136934757233,4,0.9397580033870193
76561199074440665,0,0.005781838204711676,4,0.9397580033870193
76561199057270351,0,0.013095826841890812,4,0.9397580033870193
76561198138497864,0,0.01025505643337965,4,0.9397580033870193
76561198934542433,0,0.025041591376066208,4,0.9397580033870193
76561198809786672,0,0.00587159488350153,4,0.9397580033870193
76561199122149501,0,0.004914640914648771,4,0.9397580033870193
76561198135638021,0,0.032390084117650986,4,0.9397580033870193
76561199098675949,0,0.005405453499406576,4,0.9397580033870193
76561198034310033,0,0.003663657931610942,4,0.9397580033870193
76561198117409033,0,0.0058945659548044205,4,0.9397580033870193
76561199225959433,0,0.0031552675645798445,4,0.9397580033870193
76561198264335122,0,0.015799175947904587,4,0.9397580033870193
76561199401271700,0,0.003538928460329771,4,0.9397580033870193
76561198162925226,0,0.10903403908014297,4,0.9397580033870193
76561199107908650,0,0.004197344183921814,4,0.9397580033870193
76561198028892264,0,0.003689466742798686,4,0.9397580033870193
76561198241785092,0,0.009046214632689953,4,0.9397580033870193
76561198326725372,0,0.003397854045033455,4,0.9397580033870193
76561198808275437,0,0.02100417949259281,4,0.9397580033870193
76561198163289916,0,0.7729018926620483,4,0.9397580033870193
76561198319211726,0,0.31832432746887207,4,0.9397580033870193
76561198031978698,0,0.6255868673324585,4,0.9397580033870193
76561198159288188,0,0.1020931527018547,4,0.9397580033870193
76561198059687484,0,0.4730663597583771,4,0.9397580033870193
76561199274150697,0,0.011134328320622444,4,0.9397580033870193
76561198069681219,0,0.030323592945933342,4,0.9397580033870193
76561198010289704,0,0.6438616514205933,4,0.9397580033870193
76561198953122503,0,0.9366596937179565,4,0.9397580033870193
76561198072270271,0,0.22619569301605225,4,0.9397580033870193
76561199128507384,0,0.006866862531751394,4,0.9397580033870193
76561199130940555,0,0.005381511524319649,4,0.9397580033870193
76561198049685370,0,0.08936160057783127,4,0.9397580033870193
76561198051301498,0,0.23644612729549408,4,0.9397580033870193
76561198073382696,0,0.0040297359228134155,4,0.9397580033870193
76561199568434541,0,0.16928645968437195,4,0.9397580033870193
76561198251417076,0,0.006234259344637394,4,0.9397580033870193
76561198240920910,0,0.21672506630420685,4,0.9397580033870193
76561198030173387,0,0.007943129166960716,4,0.9397580033870193
76561198119788817,0,0.03447765111923218,4,0.9397580033870193
76561198930755412,0,0.005754435434937477,4,0.9397580033870193
76561198247425534,0,0.14000703394412994,4,0.9397580033870193
76561198105952805,0,0.042776815593242645,4,0.9397580033870193
76561197999041860,0,0.23162966966629028,4,0.9397580033870193
76561199130418990,1,0.9764443635940552,4,0.9397580033870193
76561199079734357,0,0.012041940353810787,4,0.9397580033870193
76561199149046462,0,0.016886139288544655,4,0.9397580033870193
76561198243982634,0,0.0210996326059103,4,0.9397580033870193
76561198033810145,0,0.3072197139263153,4,0.9397580033870193
76561199072368409,0,0.01006229966878891,4,0.9397580033870193
76561198303780237,0,0.004757888615131378,4,0.9397580033870193
76561198012031367,0,0.0038553783670067787,4,0.9397580033870193
76561198202924387,0,0.003944998141378164,4,0.9397580033870193
76561199051740592,0,0.004919337574392557,4,0.9397580033870193
76561198267041541,0,0.006628111470490694,4,0.9397580033870193
76561198972856954,0,0.008364403620362282,4,0.9397580033870193
76561198852075998,0,0.031783316284418106,4,0.9397580033870193
76561199427820611,0,0.004728201311081648,4,0.9397580033870193
76561198865559893,0,0.916962742805481,4,0.9397580033870193
76561198014789005,0,0.004109478555619717,4,0.9397580033870193
76561198365232240,0,0.009056325070559978,4,0.9397580033870193
76561198366211167,0,0.009498347528278828,4,0.9397580033870193
76561198025115728,0,0.228890523314476,4,0.9397580033870193
76561198039300243,0,0.010364043526351452,4,0.9397580033870193
76561198052390018,0,0.21328267455101013,4,0.9397580033870193
76561199681527449,0,0.9644225239753723,4,0.9397580033870193
76561199013638654,0,0.004818540997803211,4,0.9397580033870193
76561199764612876,0,0.6251980066299438,4,0.9397580033870193
76561198196448898,0,0.0072580245323479176,4,0.9397580033870193
76561198196228130,0,0.008136637508869171,4,0.9397580033870193
76561198006686929,0,0.13964073359966278,4,0.9397580033870193
76561198220242927,0,0.34642457962036133,4,0.9397580033870193
76561199249015127,0,0.010281680151820183,4,0.9397580033870193
76561198985142876,0,0.01420966349542141,4,0.9397580033870193
76561198973085404,0,0.01966678537428379,4,0.9397580033870193
76561198011853349,0,0.02243286743760109,4,0.9397580033870193
76561198048473842,0,0.0034246742725372314,4,0.9397580033870193
76561199105426456,0,0.017771700397133827,4,0.9397580033870193
76561198924842577,0,0.012608185410499573,4,0.9397580033870193
76561199225997432,0,0.0031396031845360994,4,0.9397580033870193
76561198037996872,0,0.008435593917965889,4,0.9397580033870193
76561199013361597,0,0.1284739375114441,4,0.9397580033870193
76561199393968648,0,0.007679757662117481,4,0.9397580033870193
76561198034103211,0,0.0583050474524498,4,0.9397580033870193
76561198043199088,0,0.003322525881230831,4,0.9397580033870193
76561199083083403,0,0.010196689516305923,4,0.9397580033870193
76561199544003348,0,0.0031549392733722925,4,0.9397580033870193
76561198214234395,0,0.003007334191352129,4,0.9397580033870193
76561197999876517,0,0.004330811090767384,4,0.9397580033870193
76561198294366784,0,0.6455702185630798,4,0.9397580033870193
76561198062839233,0,0.0034130821004509926,4,0.9397580033870193
76561198410821508,0,0.020631320774555206,4,0.9397580033870193
76561199199865347,0,0.005468206014484167,4,0.9397580033870193
76561198868553515,0,0.010776741430163383,4,0.9397580033870193
76561199122080964,0,0.0046447995118796825,4,0.9397580033870193
76561198873247306,0,0.030622903257608414,4,0.9397580033870193
76561198841703700,0,0.004538903012871742,4,0.9397580033870193
76561199023271864,0,0.004526837263256311,4,0.9397580033870193
76561199188879219,0,0.8335649371147156,4,0.9397580033870193
76561198419935142,0,0.012486730702221394,4,0.9397580033870193
76561198072465609,0,0.06747211515903473,4,0.9397580033870193
76561198404457746,0,0.6382575631141663,4,0.9397580033870193
76561198111221404,0,0.002903784392401576,4,0.9397580033870193
76561198145900553,0,0.005107932724058628,4,0.9397580033870193
76561198887951031,0,0.0050592441111803055,4,0.9397580033870193
76561199026586334,0,0.005979196168482304,4,0.9397580033870193
76561198951229595,1,0.9815893769264221,4,0.9397580033870193
76561198297606715,0,0.011510135605931282,4,0.9397580033870193
76561198862373019,0,0.0647939145565033,4,0.9397580033870193
76561198384595687,0,0.9900485277175903,4,0.9397580033870193
76561199552689222,0,0.003397854045033455,4,0.9397580033870193
76561198382543393,0,0.7848256826400757,4,0.9397580033870193
76561198134135392,0,0.006256734021008015,4,0.9397580033870193
76561198116623993,0,0.9809849262237549,4,0.9397580033870193
76561198145211444,0,0.9493923783302307,4,0.9397580033870193
76561199346515739,0,0.05818963423371315,4,0.9397580033870193
76561198863787875,0,0.12272073328495026,4,0.9397580033870193
76561198142143901,0,0.4594123065471649,4,0.9397580033870193
76561198079224729,1,0.9791029095649719,4,0.9397580033870193
76561198126141590,0,0.8320716619491577,4,0.9397580033870193
76561198090403963,0,0.005499542690813541,4,0.9397580033870193
76561197988040892,1,0.31532055139541626,4,0.9397580033870193
76561198272117339,0,0.005428100936114788,4,0.9397580033870193
76561198058721059,0,0.020289398729801178,4,0.9397580033870193
76561198796982865,0,0.6721450090408325,4,0.9397580033870193
76561198119185717,0,0.005989308003336191,4,0.9397580033870193
76561199124842681,1,0.680605947971344,4,0.9397580033870193
76561198274906587,0,0.021781252697110176,4,0.9397580033870193
76561199402397348,0,0.02015961892902851,4,0.9397580033870193
76561199055069046,0,0.04040104150772095,4,0.9397580033870193
76561199162748904,0,0.04955022782087326,4,0.9397580033870193
76561198041010752,0,0.3257344961166382,4,0.9397580033870193
76561199229736755,0,0.0055143446661531925,4,0.9397580033870193
76561199760670213,0,0.9709749817848206,4,0.9397580033870193
76561199525664786,0,0.368823766708374,4,0.9397580033870193
76561198185987123,0,0.35901200771331787,4,0.9397580033870193
76561198130967747,0,0.007520055864006281,4,0.9397580033870193
76561199201110227,0,0.006981799844652414,4,0.9397580033870193
76561198015940921,1,0.7948278188705444,4,0.9397580033870193
76561198071713001,0,0.00355403870344162,4,0.9397580033870193
76561198252363268,0,0.005080070812255144,4,0.9397580033870193
76561198843896234,0,0.0034962028730660677,4,0.9397580033870193
76561199027172258,0,0.007664881646633148,4,0.9397580033870193
76561199057925208,0,0.256228506565094,4,0.9397580033870193
76561198799739440,0,0.010391877964138985,4,0.9397580033870193
76561198066316233,0,0.038471728563308716,4,0.9397580033870193
76561198309031583,0,0.007444348186254501,4,0.9397580033870193
76561198202816189,0,0.010899381712079048,4,0.9397580033870193
76561199214783531,0,0.003268171800300479,4,0.9397580033870193
76561198861578848,0,0.010135289281606674,4,0.9397580033870193
76561198156003009,0,0.3607167601585388,4,0.9397580033870193
76561199071581737,0,0.004915033001452684,4,0.9397580033870193
76561199149619267,0,0.007316545117646456,4,0.9397580033870193
76561198022351923,0,0.33506301045417786,4,0.9397580033870193
76561199078007256,0,0.012317988090217113,4,0.9397580033870193
76561198841415969,0,0.13993966579437256,4,0.9397580033870193
76561199465987198,0,0.006005325820297003,4,0.9397580033870193
76561197974166277,0,0.004485683981329203,4,0.9397580033870193
76561198069368181,0,0.00530967116355896,4,0.9397580033870193
76561199513327961,0,0.03185693547129631,4,0.9397580033870193
76561198844990714,0,0.0038918841164559126,4,0.9397580033870193
76561198273015060,0,0.003823230043053627,4,0.9397580033870193
76561197990204223,0,0.003401918802410364,4,0.9397580033870193
76561199092198198,0,0.010065254755318165,4,0.9397580033870193
76561198056009281,0,0.011236267164349556,4,0.9397580033870193
76561199195191758,0,0.01242162100970745,4,0.9397580033870193
76561199181043509,0,0.004551283083856106,4,0.9397580033870193
76561199056888966,0,0.04012783616781235,4,0.9397580033870193
76561198441852869,0,0.006322091445326805,4,0.9397580033870193
76561199344892467,0,0.02795984596014023,4,0.9397580033870193
76561199212419788,0,0.00986244436353445,4,0.9397580033870193
76561199098283090,0,0.006734953261911869,4,0.9397580033870193
76561199146402635,0,0.0033267983235418797,4,0.9397580033870193
76561198171678865,0,0.030013885349035263,4,0.9397580033870193
76561198013467010,0,0.006462837569415569,4,0.9397580033870193
76561198115975154,0,0.01564685069024563,4,0.9397580033870193
76561199098654612,0,0.015223982743918896,4,0.9397580033870193
76561199584197468,1,0.9930130839347839,4,0.9397580033870193
76561197989790880,0,0.03084934689104557,4,0.9397580033870193
76561198930222279,0,0.0038234302774071693,4,0.9397580033870193
76561198023011595,0,0.010175764560699463,4,0.9397580033870193
76561198092203246,0,0.00805263128131628,4,0.9397580033870193
76561199057874387,0,0.028783481568098068,4,0.9397580033870193
76561198010852187,0,0.01289453823119402,4,0.9397580033870193
76561199074677093,0,0.015269470401108265,4,0.9397580033870193
76561198876532860,0,0.003607301041483879,4,0.9397580033870193
76561198819213992,0,0.018746228888630867,4,0.9397580033870193
76561198052385016,0,0.004792196210473776,4,0.9397580033870193
76561198068761774,0,0.9658234119415283,4,0.9397580033870193
76561198981540641,0,0.00976169016212225,4,0.9397580033870193
76561198063908365,0,0.007221993524581194,4,0.9397580033870193
76561198372080264,0,0.04499734565615654,4,0.9397580033870193
76561198293606398,0,0.0039068288169801235,4,0.9397580033870193
76561198212913355,0,0.007804020773619413,4,0.9397580033870193
76561199060943637,0,0.02429214119911194,4,0.9397580033870193
76561198322270899,0,0.0406324602663517,4,0.9397580033870193
76561199122160300,0,0.9253025650978088,4,0.9397580033870193
76561199045817710,0,0.020647995173931122,4,0.9397580033870193
76561199181229356,1,0.9750345945358276,4,0.9397580033870193
76561198354657406,0,0.7501513957977295,4,0.9397580033870193
76561198302044182,0,0.023647060617804527,4,0.9397580033870193
76561198085686392,0,0.002979461569339037,4,0.9397580033870193
76561198344598267,0,0.05738554894924164,4,0.9397580033870193
76561198025655870,0,0.20087799429893494,4,0.9397580033870193
76561199012789877,1,0.3360561430454254,4,0.9397580033870193
76561198165727221,0,0.7315447330474854,4,0.9397580033870193
76561198050503898,1,0.8149896860122681,4,0.9397580033870193
76561198108381958,0,0.6332619190216064,4,0.9397580033870193
76561198068436198,0,0.8654640316963196,4,0.9397580033870193
76561198137480728,0,0.31954970955848694,4,0.9397580033870193
76561199389716213,0,0.04403335973620415,4,0.9397580033870193
76561198090253087,0,0.18491114675998688,4,0.9397580033870193
76561199361431646,0,0.004406760912388563,4,0.9397580033870193
76561198033487127,0,0.02883787453174591,4,0.9397580033870193
76561199230176529,0,0.00716509809717536,4,0.9397580033870193
76561198049459375,0,0.20251554250717163,4,0.9397580033870193
76561198337821393,0,0.01792101003229618,4,0.9397580033870193
76561199082591262,1,0.6884077787399292,4,0.9397580033870193
76561198811507750,0,0.13962967693805695,4,0.9397580033870193
76561198323079151,0,0.37731510400772095,4,0.9397580033870193
76561198931998721,0,0.004426757805049419,4,0.9397580033870193
76561199000664353,1,0.44441908597946167,4,0.9397580033870193
76561199383036029,0,0.003397854045033455,4,0.9397580033870193
76561198907578916,0,0.04032013565301895,4,0.9397580033870193
76561198200686395,0,0.006447424180805683,4,0.9397580033870193
76561199230526835,0,0.007607932202517986,4,0.9397580033870193
76561198805282100,0,0.3670056164264679,4,0.9397580033870193
76561199528547112,0,0.005841973703354597,4,0.9397580033870193
76561198066162460,0,0.2414265125989914,4,0.9397580033870193
76561199497608492,0,0.0161789171397686,4,0.9397580033870193
76561199086436640,0,0.9849370121955872,4,0.9397580033870193
76561199131049952,0,0.004647789057344198,4,0.9397580033870193
76561198009950767,0,0.02524474821984768,4,0.9397580033870193
76561198240707902,0,0.021213257685303688,4,0.9397580033870193
76561198336244001,0,0.16073140501976013,4,0.9397580033870193
76561198095174863,0,0.5459600687026978,4,0.9397580033870193
76561198001935234,0,0.9444127082824707,4,0.9397580033870193
76561199223288100,0,0.004826166667044163,4,0.9397580033870193
76561198063125735,0,0.6284533739089966,4,0.9397580033870193
76561198096235079,0,0.005994886159896851,4,0.9397580033870193
76561198134434972,0,0.015779057517647743,4,0.9397580033870193
76561199165526534,0,0.22910505533218384,4,0.9397580033870193
76561198010532395,0,0.40915122628211975,4,0.9397580033870193
76561198141657399,0,0.9282454252243042,4,0.9397580033870193
76561198274305615,0,0.0824357196688652,4,0.9397580033870193
76561199285542740,0,0.023147275671362877,4,0.9397580033870193
76561198883085694,1,0.992171049118042,4,0.9397580033870193
76561198043290690,0,0.0031798798590898514,4,0.9397580033870193
76561199077121893,0,0.026489507406949997,4,0.9397580033870193
76561198256756986,0,0.7553185224533081,4,0.9397580033870193
76561199213883228,0,0.00603898148983717,4,0.9397580033870193
76561198400035441,0,0.033477604389190674,4,0.9397580033870193
76561198054022886,0,0.004107285290956497,4,0.9397580033870193
76561199167159818,0,0.003397854045033455,4,0.9397580033870193
76561198216189669,0,0.05293602496385574,4,0.9397580033870193
76561198102896387,0,0.2883092761039734,4,0.9397580033870193
76561198118072463,0,0.003695243038237095,4,0.9397580033870193
76561198184729941,0,0.006364200729876757,4,0.9397580033870193
76561198149377321,0,0.003397854045033455,4,0.9397580033870193
76561198141799596,0,0.003616372821852565,4,0.9397580033870193
76561198971552750,0,0.00712704099714756,4,0.9397580033870193
76561199057962076,0,0.43766462802886963,4,0.9397580033870193
76561198841613275,0,0.004117018077522516,4,0.9397580033870193
76561198272743641,0,0.00300014391541481,4,0.9397580033870193
76561198425465968,0,0.008406980894505978,4,0.9397580033870193
76561198316022878,0,0.01721595600247383,4,0.9397580033870193
76561198049776478,0,0.03285737335681915,4,0.9397580033870193
76561198044988037,0,0.048927273601293564,4,0.9397580033870193
76561197993250807,0,0.004912703763693571,4,0.9397580033870193
76561198116898245,0,0.004390068352222443,4,0.9397580033870193
76561198171697806,0,0.005381511524319649,4,0.9397580033870193
76561199078968609,0,0.005513026844710112,4,0.9397580033870193
76561198869554839,0,0.008406607434153557,4,0.9397580033870193
76561198077848352,0,0.0066956281661987305,4,0.9397580033870193
76561199222132579,0,0.003488941816613078,4,0.9397580033870193
76561199213694380,0,0.0028983622323721647,4,0.9397580033870193
76561198113637467,0,0.01212279126048088,4,0.9397580033870193
76561198283564499,0,0.16607564687728882,4,0.9397580033870193
76561198041903904,1,0.9930111765861511,4,0.9397580033870193
76561198134717720,0,0.005524195730686188,4,0.9397580033870193
76561199549473380,0,0.005647839512676001,4,0.9397580033870193
76561198314500306,0,0.0032137183006852865,4,0.9397580033870193
76561198079486638,0,0.0038432942237704992,4,0.9397580033870193
76561197990807720,0,0.03261728212237358,4,0.9397580033870193
76561198066292330,1,0.4470146894454956,4,0.9397580033870193
76561198040254828,0,0.004036390222609043,4,0.9397580033870193
76561198859036137,0,0.021477719768881798,4,0.9397580033870193
76561199225990588,0,0.003677383763715625,4,0.9397580033870193
76561198116140106,0,0.5124712586402893,4,0.9397580033870193
76561198050594065,0,0.0493786595761776,4,0.9397580033870193
76561198040349805,0,0.28597620129585266,4,0.9397580033870193
76561198001434283,0,0.5086825489997864,4,0.9397580033870193
76561198025726291,0,0.5467724204063416,4,0.9397580033870193
76561198087494446,0,0.026176724582910538,4,0.9397580033870193
76561199099588982,0,0.003397854045033455,4,0.9397580033870193
76561198315574373,1,0.9754368662834167,4,0.9397580033870193
76561199085264203,0,0.0031396031845360994,4,0.9397580033870193
76561199070038418,0,0.7687505483627319,4,0.9397580033870193
76561199229668089,0,0.05366457626223564,4,0.9397580033870193
76561198042022045,0,0.006036871578544378,4,0.9397580033870193
76561199566888202,0,0.014078299514949322,4,0.9397580033870193
76561198047758844,0,0.5920137166976929,4,0.9397580033870193
76561198073957784,0,0.015297201462090015,4,0.9397580033870193
76561198891428018,0,0.039073653519153595,4,0.9397580033870193
76561198340150647,1,0.9649743437767029,4,0.9397580033870193
76561198277085685,1,0.9791638255119324,4,0.9397580033870193
76561198114010594,0,0.04899077117443085,4,0.9397580033870193
76561198045537468,1,0.6571030616760254,4,0.9397580033870193
76561198007432202,0,0.006582511588931084,4,0.9397580033870193
76561198988704346,0,0.003864734200760722,4,0.9397580033870193
76561199667706632,0,0.006497153080999851,4,0.9397580033870193
76561198028503748,0,0.013904955238103867,4,0.9397580033870193
76561198208951523,0,0.009172824211418629,4,0.9397580033870193
76561198001850674,0,0.005273886956274509,4,0.9397580033870193
76561198385094540,0,0.00606106873601675,4,0.9397580033870193
76561198259836074,0,0.005979315377771854,4,0.9397580033870193
76561198154227478,0,0.003945944365113974,4,0.9397580033870193
76561198135265569,0,0.24894776940345764,4,0.9397580033870193
76561198040915714,0,0.010637539438903332,4,0.9397580033870193
76561198204290917,0,0.029896246269345284,4,0.9397580033870193
76561198816115838,0,0.008758609183132648,4,0.9397580033870193
76561198065908383,0,0.4018506109714508,4,0.9397580033870193
76561198054196101,0,0.02021895721554756,4,0.9397580033870193
76561198991883061,0,0.036612387746572495,4,0.9397580033870193
76561198973877610,0,0.017492329701781273,4,0.9397580033870193
76561198276736958,0,0.0041336012072861195,4,0.9397580033870193
76561198163063638,0,0.7151733040809631,4,0.9397580033870193
76561198007643793,1,0.9732424020767212,4,0.9397580033870193
76561198296510722,0,0.0029947804287075996,4,0.9397580033870193
76561198978524011,0,0.5660492181777954,4,0.9397580033870193
76561198188538691,0,0.005273568909615278,4,0.9397580033870193
76561198128734945,0,0.017357634380459785,4,0.9397580033870193
76561198119637546,0,0.0035985796712338924,4,0.9397580033870193
76561199208574289,0,0.003397854045033455,4,0.9397580033870193
76561199401095231,0,0.005822652950882912,4,0.9397580033870193
76561197973563086,0,0.016621993854641914,4,0.9397580033870193
76561198020682784,0,0.003135124919936061,4,0.9397580033870193
76561199065086171,0,0.009387790225446224,4,0.9397580033870193
76561199024310323,0,0.007667913567274809,4,0.9397580033870193
76561197991274332,0,0.0066223968751728535,4,0.9397580033870193
76561198245890650,0,0.9408218860626221,4,0.9397580033870193
76561199436743713,0,0.5206426382064819,4,0.9397580033870193
76561198000086659,0,0.005093162413686514,4,0.9397580033870193
76561198826900156,0,0.006948086898773909,4,0.9397580033870193
76561198086840378,0,0.007947206497192383,4,0.9397580033870193
76561199060908575,0,0.0041813841089606285,4,0.9397580033870193
76561199029892639,0,0.00317942351102829,4,0.9397580033870193
76561198835493249,0,0.9486189484596252,4,0.9397580033870193
76561198008137661,0,0.014653329737484455,4,0.9397580033870193
76561198148468281,0,0.012399710714817047,4,0.9397580033870193
76561198077835858,0,0.023536954075098038,4,0.9397580033870193
76561197980613759,0,0.0037212648894637823,4,0.9397580033870193
76561198083614856,0,0.004121454432606697,4,0.9397580033870193
76561198826155150,0,0.003537736600264907,4,0.9397580033870193
76561199562742996,0,0.07081972062587738,4,0.9397580033870193
76561198308153032,0,0.006011186633259058,4,0.9397580033870193
76561198973003489,0,0.1165560781955719,4,0.9397580033870193
76561198215943055,0,0.0038804123178124428,4,0.9397580033870193
76561198157659132,0,0.0036858138628304005,4,0.9397580033870193
76561198840114567,0,0.003953983541578054,4,0.9397580033870193
76561198040550140,0,0.01080598495900631,4,0.9397580033870193
76561198184176083,0,0.01025486271828413,4,0.9397580033870193
76561197999437939,0,0.0037425265181809664,4,0.9397580033870193
76561198169332415,0,0.0029544876888394356,4,0.9397580033870193
76561199242188568,0,0.006800159811973572,4,0.9397580033870193
76561199083904851,0,0.018532464280724525,4,0.9397580033870193
76561198140744000,0,0.0028959570918232203,4,0.9397580033870193
76561198353549733,0,0.004197423812001944,4,0.9397580033870193
76561199195784198,0,0.010116306133568287,4,0.9397580033870193
76561199135883890,0,0.003978891763836145,4,0.9397580033870193
76561199229183153,0,0.00372867239639163,4,0.9397580033870193
76561198418708554,0,0.005109504796564579,4,0.9397580033870193
76561198959962736,0,0.004527685698121786,4,0.9397580033870193
76561197970419222,1,0.9107435941696167,4,0.9397580033870193
76561199161050483,0,0.015437825582921505,4,0.9397580033870193
76561198945912334,0,0.003689466742798686,4,0.9397580033870193
76561199045261087,0,0.0069761089980602264,4,0.9397580033870193
76561198242015654,0,0.00945468433201313,4,0.9397580033870193
76561199087601399,0,0.0038702806923538446,4,0.9397580033870193
76561198071430754,0,0.005897970404475927,4,0.9397580033870193
76561198827342386,0,0.008997946046292782,4,0.9397580033870193
76561199102324451,0,0.0352247953414917,4,0.9397580033870193
76561198054518217,0,0.006387948524206877,4,0.9397580033870193
76561198344152477,0,0.003151965094730258,4,0.9397580033870193
76561199504412805,0,0.009944585151970387,4,0.9397580033870193
76561198275816724,0,0.0042128004133701324,4,0.9397580033870193
76561197995214371,0,0.012645162642002106,4,0.9397580033870193
76561198398382580,0,0.003397854045033455,4,0.9397580033870193
76561198127497358,0,0.8761045336723328,4,0.9397580033870193
76561198371654467,0,0.3335970640182495,4,0.9397580033870193
76561199101747440,0,0.0465804785490036,4,0.9397580033870193
76561199037239315,0,0.8765628933906555,4,0.9397580033870193
76561199593938820,0,0.030477609485387802,4,0.9397580033870193
76561198140986857,0,0.008564377203583717,4,0.9397580033870193
76561198202308616,0,0.5272461771965027,4,0.9397580033870193
76561197998293489,0,0.24775710701942444,4,0.9397580033870193
76561198057643785,0,0.016654103994369507,4,0.9397580033870193
76561198887182237,0,0.016608476638793945,4,0.9397580033870193
76561198337968694,0,0.005520226433873177,4,0.9397580033870193
76561199229462673,0,0.003978785593062639,4,0.9397580033870193
76561198118936933,0,0.0037183333188295364,4,0.9397580033870193
76561198088636287,0,0.003689466742798686,4,0.9397580033870193
76561198019525235,0,0.0037217175122350454,4,0.9397580033870193
76561199132031475,0,0.004212150350213051,4,0.9397580033870193
76561199245089746,0,0.9333890080451965,4,0.9397580033870193
76561198380447518,1,0.9591816067695618,4,0.9397580033870193
76561199084444043,0,0.007333969231694937,4,0.9397580033870193
76561198039999650,0,0.003018760122358799,4,0.9397580033870193
76561199251131283,0,0.004769193008542061,4,0.9397580033870193
76561198154938071,0,0.008868974633514881,4,0.9397580033870193
76561198003248546,0,0.8338304758071899,4,0.9397580033870193
76561198883351261,0,0.008590161800384521,4,0.9397580033870193
76561197980295444,0,0.1210855096578598,4,0.9397580033870193
76561199121121787,0,0.007938549853861332,4,0.9397580033870193
76561198453254008,0,0.004690011031925678,4,0.9397580033870193
76561199015055178,0,0.03373260423541069,4,0.9397580033870193
76561198833926204,0,0.015146404504776001,4,0.9397580033870193
76561199014616686,0,0.5995047092437744,4,0.9397580033870193
76561198004852810,0,0.0030059160199016333,4,0.9397580033870193
76561198365553777,0,0.008575482293963432,4,0.9397580033870193
76561198198937894,0,0.9682193398475647,4,0.9397580033870193
76561197975460249,0,0.04695673659443855,4,0.9397580033870193
76561199637202162,0,0.9083056449890137,4,0.9397580033870193
76561199206360116,0,0.004056687466800213,4,0.9397580033870193
76561198865743857,0,0.5019066333770752,4,0.9397580033870193
76561198928446497,0,0.0039088670164346695,4,0.9397580033870193
76561198358113555,0,0.005684752948582172,4,0.9397580033870193
76561198307722670,0,0.005593151319772005,4,0.9397580033870193
76561199045953878,0,0.0032662274315953255,4,0.9397580033870193
76561198844260902,0,0.00341637316159904,4,0.9397580033870193
76561198353939043,0,0.01632062718272209,4,0.9397580033870193
76561198831213285,0,0.003943171817809343,4,0.9397580033870193
76561199072050464,0,0.0037082426715642214,4,0.9397580033870193
76561198043760923,0,0.007500315550714731,4,0.9397580033870193
76561199086563784,0,0.004461296368390322,4,0.9397580033870193
76561198798081674,0,0.027123739942908287,4,0.9397580033870193
76561198214727609,0,0.03442380204796791,4,0.9397580033870193
76561198107539292,0,0.11812639236450195,4,0.9397580033870193
76561198836867150,0,0.014856815338134766,4,0.9397580033870193
76561199533967919,0,0.005120358895510435,4,0.9397580033870193
76561198811531547,0,0.004913833923637867,4,0.9397580033870193
76561198329569514,0,0.043863445520401,4,0.9397580033870193
76561199109598984,0,0.008848216384649277,4,0.9397580033870193
76561198266942422,0,0.19716936349868774,4,0.9397580033870193
76561198250538514,0,0.00493468577042222,4,0.9397580033870193
76561198117434311,0,0.02582385763525963,4,0.9397580033870193
76561197997516298,0,0.012182582169771194,4,0.9397580033870193
76561199571248189,0,0.11721189320087433,4,0.9397580033870193
76561198080086307,0,0.9900895357131958,4,0.9397580033870193
76561198109924001,0,0.003397854045033455,4,0.9397580033870193
76561199189845212,0,0.8108381628990173,4,0.9397580033870193
76561199123126642,0,0.007626660633832216,4,0.9397580033870193
76561198233215152,0,0.0049718706868588924,4,0.9397580033870193
76561199086505532,0,0.05621873214840889,4,0.9397580033870193
76561198104070744,0,0.20469118654727936,4,0.9397580033870193
76561198263585779,0,0.022796623408794403,4,0.9397580033870193
76561199141844598,0,0.10544133931398392,4,0.9397580033870193
76561199108222605,0,0.003397854045033455,4,0.9397580033870193
76561198147788669,1,0.9858503937721252,4,0.9397580033870193
76561199100254242,0,0.014029966667294502,4,0.9397580033870193
76561198103219192,0,0.005681023932993412,4,0.9397580033870193
76561198038393532,0,0.01478386577218771,4,0.9397580033870193
76561198154010686,0,0.029587827622890472,4,0.9397580033870193
76561198038665470,0,0.7668730020523071,4,0.9397580033870193
76561198328214187,0,0.0032795830629765987,4,0.9397580033870193
76561198026791800,0,0.030571434646844864,4,0.9397580033870193
76561198133164661,0,0.003109976416453719,4,0.9397580033870193
76561199235758738,0,0.00947851687669754,4,0.9397580033870193
76561198859758869,0,0.00304594193585217,4,0.9397580033870193
76561198154361438,0,0.004664555657655001,4,0.9397580033870193
76561198880341698,0,0.004112266004085541,4,0.9397580033870193
76561199104087448,0,0.03908160701394081,4,0.9397580033870193
76561199062556042,0,0.01210146863013506,4,0.9397580033870193
76561198415472914,0,0.06600788980722427,4,0.9397580033870193
76561198142845261,0,0.005418973043560982,4,0.9397580033870193
76561197993755810,0,0.29575350880622864,4,0.9397580033870193
76561198820579333,0,0.005381511524319649,4,0.9397580033870193
76561199011038838,0,0.03634067624807358,4,0.9397580033870193
76561198264800422,0,0.004318221006542444,4,0.9397580033870193
76561198174233457,0,0.41749075055122375,4,0.9397580033870193
76561199080916947,0,0.011469288729131222,4,0.9397580033870193
76561198977969595,1,0.9780802726745605,4,0.9397580033870193
76561199122522885,1,0.0941731184720993,4,0.9397580033870193
76561198074067852,0,0.547485888004303,4,0.9397580033870193
76561199021232696,0,0.5163195729255676,4,0.9397580033870193
76561198355467918,0,0.004190330393612385,4,0.9397580033870193
76561198823969758,0,0.11334269493818283,4,0.9397580033870193
76561198371069318,0,0.006924780551344156,4,0.9397580033870193
76561198398738336,0,0.009483320638537407,4,0.9397580033870193
76561198157564262,0,0.006073433440178633,4,0.9397580033870193
76561197984939545,0,0.8003466725349426,4,0.9397580033870193
76561198048862221,0,0.011451667174696922,4,0.9397580033870193
76561199566518297,0,0.13241106271743774,4,0.9397580033870193
76561199125027260,1,0.9937305450439453,4,0.9397580033870193
76561197996578302,0,0.005918285343796015,4,0.9397580033870193
76561198250222818,0,0.9077128171920776,4,0.9397580033870193
76561198992646674,0,0.16929836571216583,4,0.9397580033870193
76561198218660404,0,0.3615771234035492,4,0.9397580033870193
76561197967450761,0,0.35938510298728943,4,0.9397580033870193
76561198736345640,0,0.9667574763298035,4,0.9397580033870193
76561198108300361,0,0.018715228885412216,4,0.9397580033870193
76561198414303810,0,0.7121508717536926,4,0.9397580033870193
76561198842249051,0,0.18099233508110046,4,0.9397580033870193
76561198964655053,0,0.27488258481025696,4,0.9397580033870193
76561198079928027,0,0.01334123220294714,4,0.9397580033870193
76561198156626697,0,0.7416308522224426,4,0.9397580033870193
76561199050485290,0,0.00820174627006054,4,0.9397580033870193
76561198025123192,0,0.04325328394770622,4,0.9397580033870193
76561198320511020,0,0.0247148796916008,4,0.9397580033870193
76561198260563537,0,0.2504638731479645,4,0.9397580033870193
76561198053841070,0,0.1288141906261444,4,0.9397580033870193
76561198063193932,0,0.24568592011928558,4,0.9397580033870193
76561198014109442,0,0.003398825880140066,4,0.9397580033870193
76561199219550312,0,0.008322079665958881,4,0.9397580033870193
76561198024136518,0,0.023176388815045357,4,0.9397580033870193
76561199172486399,0,0.023949259892106056,4,0.9397580033870193
76561198829492668,0,0.4193764626979828,4,0.9397580033870193
76561199004222135,0,0.023948000743985176,4,0.9397580033870193
76561198132170346,0,0.06780271232128143,4,0.9397580033870193
76561199093955159,0,0.05251127853989601,4,0.9397580033870193
76561198325235265,0,0.015963751822710037,4,0.9397580033870193
76561199467209052,0,0.051477592438459396,4,0.9397580033870193
76561199029837956,0,0.9502165913581848,4,0.9397580033870193
76561198214687135,0,0.0036188268568366766,4,0.9397580033870193
76561198370586896,0,0.013015148229897022,4,0.9397580033870193
76561198030126793,0,0.007823295891284943,4,0.9397580033870193
76561197995855846,0,0.08864821493625641,4,0.9397580033870193
76561199790257750,0,0.004858538042753935,4,0.9397580033870193
76561198281938943,0,0.0831523984670639,4,0.9397580033870193
76561198098028979,0,0.03070886805653572,4,0.9397580033870193
76561198101461169,0,0.0158784631639719,4,0.9397580033870193
76561198008621486,0,0.011463494971394539,4,0.9397580033870193
76561199014415337,0,0.0035821215715259314,4,0.9397580033870193
76561199350353519,0,0.006084946449846029,4,0.9397580033870193
76561198871937457,0,0.005285047460347414,4,0.9397580033870193
76561198104205312,0,0.0048441956751048565,4,0.9397580033870193
76561198093880961,0,0.23578794300556183,4,0.9397580033870193
76561198022701030,0,0.0453217476606369,4,0.9397580033870193
76561199174953585,0,0.00606256490573287,4,0.9397580033870193
76561199177057436,0,0.009271848946809769,4,0.9397580033870193
76561198038756807,0,0.0040797283872962,4,0.9397580033870193
76561199072102006,0,0.004189540632069111,4,0.9397580033870193
76561198087798522,0,0.00459749111905694,4,0.9397580033870193
76561199121508723,0,0.1596219390630722,4,0.9397580033870193
76561198058136763,0,0.009483092464506626,4,0.9397580033870193
76561199522740121,0,0.00361596024595201,4,0.9397580033870193
76561199198735823,0,0.010087328962981701,4,0.9397580033870193
76561198254717877,0,0.005524195730686188,4,0.9397580033870193
76561199467330706,0,0.0029474347829818726,4,0.9397580033870193
76561197983783621,0,0.029131930321455002,4,0.9397580033870193
76561198192609157,0,0.0035809422843158245,4,0.9397580033870193
76561198993573002,0,0.0032657962292432785,4,0.9397580033870193
76561199233851887,0,0.007053430657833815,4,0.9397580033870193
76561199140144836,0,0.01099983137100935,4,0.9397580033870193
76561198050928901,0,0.005508929491043091,4,0.9397580033870193
76561199465604373,0,0.01259433850646019,4,0.9397580033870193
76561199153827546,0,0.004552542697638273,4,0.9397580033870193
76561199067854855,1,0.9848355054855347,4,0.9397580033870193
76561198205195299,0,0.003397854045033455,4,0.9397580033870193
76561198014979272,0,0.09268641471862793,4,0.9397580033870193
76561198105576940,0,0.0049593220464885235,4,0.9397580033870193
76561199176482379,0,0.006214415654540062,4,0.9397580033870193
76561198182941945,0,0.01074284128844738,4,0.9397580033870193
76561198985303453,0,0.007603886537253857,4,0.9397580033870193
76561199187896893,0,0.0065704709850251675,4,0.9397580033870193
76561198066518982,0,0.008876459673047066,4,0.9397580033870193
76561198802959410,0,0.006074400618672371,4,0.9397580033870193
76561199734403897,0,0.008758609183132648,4,0.9397580033870193
76561198418832638,1,0.9584235548973083,4,0.9397580033870193
76561198365297555,0,0.0033283003140240908,4,0.9397580033870193
76561198137032551,0,0.013775269500911236,4,0.9397580033870193
76561197999333903,0,0.023115141317248344,4,0.9397580033870193
76561198360625646,0,0.36787307262420654,4,0.9397580033870193
76561198156310202,0,0.004217251669615507,4,0.9397580033870193
76561198154332265,0,0.6316124200820923,4,0.9397580033870193
76561198132684676,0,0.0030222353525459766,4,0.9397580033870193
76561197972614437,0,0.716435432434082,4,0.9397580033870193
76561198214696443,0,0.0036678537726402283,4,0.9397580033870193
76561197976641472,0,0.24186788499355316,4,0.9397580033870193
76561198964256709,0,0.9601271748542786,4,0.9397580033870193
76561198120540428,0,0.9739887714385986,4,0.9397580033870193
76561198046884351,0,0.003464754903689027,4,0.9397580033870193
76561199529589669,0,0.004459120333194733,4,0.9397580033870193
76561199035780104,0,0.44213393330574036,4,0.9397580033870193
76561198044091121,0,0.15497300028800964,4,0.9397580033870193
76561198170356639,1,0.9936083555221558,4,0.9397580033870193
76561198146373948,0,0.0040797283872962,4,0.9397580033870193
76561198115561923,0,0.015269300900399685,4,0.9397580033870193
76561198120691346,0,0.007251893635839224,4,0.9397580033870193
76561199490794869,1,0.9547451138496399,4,0.9397580033870193
76561199657098585,0,0.006808469537645578,4,0.9397580033870193
76561198991709886,0,0.005139640066772699,4,0.9397580033870193
76561198868031325,0,0.004318760242313147,4,0.9397580033870193
76561198268637195,0,0.8538256883621216,4,0.9397580033870193
76561199061659659,0,0.005116262473165989,4,0.9397580033870193
76561199349718182,0,0.11702556908130646,4,0.9397580033870193
76561198141784507,0,0.1893770396709442,4,0.9397580033870193
76561198002331253,0,0.04077985882759094,4,0.9397580033870193
76561198858475962,1,0.9939515590667725,4,0.9397580033870193
76561198100401897,0,0.02565286122262478,4,0.9397580033870193
76561199593571875,0,0.004733409266918898,4,0.9397580033870193
76561197980053245,0,0.009678421542048454,4,0.9397580033870193
76561197986788882,0,0.027490902692079544,4,0.9397580033870193
76561199030639100,0,0.00304594193585217,4,0.9397580033870193
76561199097502159,0,0.9081341624259949,4,0.9397580033870193
76561199062738517,0,0.6631526947021484,4,0.9397580033870193
76561198053903462,0,0.36898425221443176,4,0.9397580033870193
76561198064406668,0,0.01648750901222229,4,0.9397580033870193
76561198847245425,0,0.07151789218187332,4,0.9397580033870193
76561199078787208,0,0.0038251341320574284,4,0.9397580033870193
76561198800896626,1,0.9271584749221802,4,0.9397580033870193
76561198001628867,0,0.04029098525643349,4,0.9397580033870193
76561198351070031,0,0.00687408959493041,4,0.9397580033870193
76561199068881572,0,0.003689189674332738,4,0.9397580033870193
76561198997551751,0,0.010857339948415756,4,0.9397580033870193
76561198154052075,0,0.010815509594976902,4,0.9397580033870193
76561198857456271,0,0.006065818946808577,4,0.9397580033870193
76561199094774377,1,0.6205028891563416,4,0.9397580033870193
76561198290789754,0,0.02275136113166809,4,0.9397580033870193
76561199173275752,0,0.003978891763836145,4,0.9397580033870193
76561199051790452,0,0.11810687184333801,4,0.9397580033870193
76561199367280089,0,0.003397854045033455,4,0.9397580033870193
76561199093339165,0,0.5373973250389099,4,0.9397580033870193
76561199527469923,0,0.01828494668006897,4,0.9397580033870193
76561198039685462,0,0.0031642215326428413,4,0.9397580033870193
76561199476427552,0,0.004488344304263592,4,0.9397580033870193
76561198447772066,0,0.07167615741491318,4,0.9397580033870193
76561199014135506,0,0.8967781662940979,4,0.9397580033870193
76561198045041263,0,0.4361075460910797,4,0.9397580033870193
76561199289175005,0,0.005656466353684664,4,0.9397580033870193
76561198087361582,0,0.21914687752723694,4,0.9397580033870193
76561199254405631,0,0.04595796763896942,4,0.9397580033870193
76561199246735511,0,0.005947933532297611,4,0.9397580033870193
76561199588904643,0,0.011082738637924194,4,0.9397580033870193
76561198443019643,0,0.5192362070083618,4,0.9397580033870193
76561198057710559,0,0.007532642688602209,4,0.9397580033870193
76561198065140743,0,0.0028874303679913282,4,0.9397580033870193
76561197982053346,0,0.11821738630533218,4,0.9397580033870193
76561199048957098,0,0.014135738834738731,4,0.9397580033870193
76561198020356298,0,0.004815953783690929,4,0.9397580033870193
76561198150222201,0,0.010280845686793327,4,0.9397580033870193
76561198358015796,0,0.009938056580722332,4,0.9397580033870193
76561199025866759,0,0.008319326676428318,4,0.9397580033870193
76561198027188781,0,0.7473070025444031,4,0.9397580033870193
76561197991321532,0,0.022543733939528465,4,0.9397580033870193
76561198060502014,0,0.023243121802806854,4,0.9397580033870193
76561199122013265,0,0.013314707204699516,4,0.9397580033870193
76561199229597275,0,0.01820833422243595,4,0.9397580033870193
76561198996308398,0,0.004648575093597174,4,0.9397580033870193
76561199079928233,0,0.15170589089393616,4,0.9397580033870193
76561199202542134,0,0.005107265897095203,4,0.9397580033870193
76561198848060963,0,0.0034559268970042467,4,0.9397580033870193
76561198152542758,0,0.009991180151700974,4,0.9397580033870193
76561198872098630,0,0.003397854045033455,4,0.9397580033870193
76561199246399368,0,0.0034305572044104338,4,0.9397580033870193
76561198968673389,0,0.004164048470556736,4,0.9397580033870193
76561199528746661,0,0.009768633171916008,4,0.9397580033870193
76561199075983837,0,0.00899322796612978,4,0.9397580033870193
76561198126845689,0,0.0038251341320574284,4,0.9397580033870193
76561198447952996,0,0.03447533771395683,4,0.9397580033870193
76561198235171848,0,0.004498636350035667,4,0.9397580033870193
76561198155209486,0,0.008020001463592052,4,0.9397580033870193
76561198389855378,0,0.003953983541578054,4,0.9397580033870193
76561198829476697,0,0.006121095269918442,4,0.9397580033870193
76561199513863408,0,0.031388577073812485,4,0.9397580033870193
76561198967544956,0,0.0041084387339651585,4,0.9397580033870193
76561198125345918,0,0.005231042392551899,4,0.9397580033870193
76561198857654153,0,0.0032160424161702394,4,0.9397580033870193
76561198927706210,0,0.003064727643504739,4,0.9397580033870193
76561198988285300,0,0.034076541662216187,4,0.9397580033870193
76561197998152385,0,0.004021584056317806,4,0.9397580033870193
76561198950552408,0,0.006004295777529478,4,0.9397580033870193
76561199700215225,0,0.003397854045033455,4,0.9397580033870193
76561199181977040,0,0.008758609183132648,4,0.9397580033870193
76561199349306549,0,0.0038129466120153666,4,0.9397580033870193
76561197982818431,0,0.004916278645396233,4,0.9397580033870193
76561199099308369,0,0.046221256256103516,4,0.9397580033870193
76561198800014773,0,0.15109790861606598,4,0.9397580033870193
76561198264223428,0,0.003186460118740797,4,0.9397580033870193
76561198249468334,0,0.013648108579218388,4,0.9397580033870193
76561198417313845,0,0.003108096541836858,4,0.9397580033870193
76561197961449346,0,0.00304594193585217,4,0.9397580033870193
76561199148048232,0,0.05437764525413513,4,0.9397580033870193
76561199096620984,0,0.0035182638093829155,4,0.9397580033870193
76561198173375298,0,0.005388773046433926,4,0.9397580033870193
76561198876881353,1,0.8044953346252441,4,0.9397580033870193
76561198805543142,1,0.9433208703994751,4,0.9397580033870193
76561198134458157,0,0.09304311871528625,4,0.9397580033870193
76561199092346832,0,0.029689012095332146,4,0.9397580033870193
76561199054932806,0,0.01063357014209032,4,0.9397580033870193
76561199581736770,0,0.003018283750861883,4,0.9397580033870193
76561198058870023,1,0.9888607859611511,4,0.9397580033870193
76561198068247507,0,0.013542445376515388,4,0.9397580033870193
76561198993868211,0,0.22318430244922638,4,0.9397580033870193
76561198227358392,0,0.02867894433438778,4,0.9397580033870193
76561198157878992,0,0.713055431842804,4,0.9397580033870193
76561198045325954,0,0.2971861958503723,4,0.9397580033870193
76561199217523848,0,0.01478621456772089,4,0.9397580033870193
76561198008440710,0,0.003689466742798686,4,0.9397580033870193
76561198130611274,0,0.01081996038556099,4,0.9397580033870193
76561198074743352,0,0.004272100515663624,4,0.9397580033870193
76561198145159349,0,0.016557758674025536,4,0.9397580033870193
76561198059843094,0,0.009187376126646996,4,0.9397580033870193
76561198327521210,0,0.008220111951231956,4,0.9397580033870193
76561198068479959,0,0.003929797559976578,4,0.9397580033870193
76561198055579998,0,0.024655168876051903,4,0.9397580033870193
76561198067515420,1,0.9930949807167053,4,0.9397580033870193
76561198092660667,0,0.00610894151031971,4,0.9397580033870193
76561198120499416,0,0.02252080664038658,4,0.9397580033870193
76561198370123633,0,0.04535216838121414,4,0.9397580033870193
76561198174195223,0,0.0059423078782856464,4,0.9397580033870193
76561198122178101,0,0.2371879518032074,4,0.9397580033870193
76561198317116401,0,0.0030249087139964104,4,0.9397580033870193
76561198060451340,0,0.02624916285276413,4,0.9397580033870193
76561197979982893,0,0.008382505737245083,4,0.9397580033870193
76561198407061388,0,0.005518869496881962,4,0.9397580033870193
76561198150636237,0,0.019693443551659584,4,0.9397580033870193
76561198129021377,0,0.003397854045033455,4,0.9397580033870193
76561199218694718,0,0.005574604496359825,4,0.9397580033870193
76561197976999356,0,0.2579704821109772,4,0.9397580033870193
76561199496488217,0,0.003397854045033455,4,0.9397580033870193
76561198044471569,0,0.021456489339470863,4,0.9397580033870193
76561199073314986,0,0.00500571308657527,4,0.9397580033870193
76561198436701509,0,0.06010693684220314,4,0.9397580033870193
76561198394253052,0,0.003832410555332899,4,0.9397580033870193
76561199791316416,0,0.02338288351893425,4,0.9397580033870193
76561197985980335,0,0.00304594193585217,4,0.9397580033870193
76561199325584737,0,0.008869762532413006,4,0.9397580033870193
76561198138126536,1,0.9729640483856201,4,0.9397580033870193
76561198087119998,0,0.3494659960269928,4,0.9397580033870193
76561198971867148,0,0.0030521482694894075,4,0.9397580033870193
76561198954856088,0,0.848022997379303,4,0.9397580033870193
76561198358303065,0,0.012037879787385464,4,0.9397580033870193
76561198256559317,0,0.009273724630475044,4,0.9397580033870193
76561199016324753,0,0.1360909640789032,4,0.9397580033870193
76561199020309907,0,0.6607071757316589,4,0.9397580033870193
76561198355816528,0,0.0037374808453023434,4,0.9397580033870193
76561198104518368,0,0.9134938716888428,4,0.9397580033870193
76561198026982978,0,0.9417357444763184,4,0.9397580033870193
76561198087919312,0,0.004474364221096039,4,0.9397580033870193
76561198259332181,0,0.13522610068321228,4,0.9397580033870193
76561198076849134,0,0.003614891553297639,4,0.9397580033870193
76561198032065527,0,0.4294062852859497,4,0.9397580033870193
76561198311900785,0,0.033501651138067245,4,0.9397580033870193
76561199197959857,0,0.004094273317605257,4,0.9397580033870193
76561198111379226,0,0.012516381219029427,4,0.9397580033870193
76561199090099120,0,0.025167614221572876,4,0.9397580033870193
76561198160349957,0,0.013453015126287937,4,0.9397580033870193
76561198148985657,0,0.011965990997850895,4,0.9397580033870193
76561198078401188,0,0.011014916934072971,4,0.9397580033870193
76561198354037353,0,0.5671091079711914,4,0.9397580033870193
76561198324846556,0,0.005095477215945721,4,0.9397580033870193
76561199003890315,0,0.016380537301301956,4,0.9397580033870193
76561199041841500,0,0.004585872869938612,4,0.9397580033870193
76561198080758847,0,0.005196995567530394,4,0.9397580033870193
76561199782440253,0,0.07582667469978333,4,0.9397580033870193
76561199060829185,0,0.005716023035347462,4,0.9397580033870193
76561198014154133,0,0.013190322555601597,4,0.9397580033870193
76561198064052466,0,0.23321408033370972,4,0.9397580033870193
76561199099587890,0,0.0037807777989655733,4,0.9397580033870193
76561197964307097,0,0.005273963790386915,4,0.9397580033870193
76561199050404215,0,0.015765948221087456,4,0.9397580033870193
76561199073891128,0,0.008995965123176575,4,0.9397580033870193
76561199030649921,0,0.005909085273742676,4,0.9397580033870193
76561198085777028,0,0.00444255955517292,4,0.9397580033870193
76561198236134960,1,0.9797441959381104,4,0.9397580033870193
76561198344098603,0,0.003059184877201915,4,0.9397580033870193
76561198156109192,0,0.016927437856793404,4,0.9397580033870193
76561198050736745,0,0.0037515803705900908,4,0.9397580033870193
76561198091824935,0,0.9441949129104614,4,0.9397580033870193
76561198845414101,0,0.003286926308646798,4,0.9397580033870193
76561199509950167,0,0.005222651641815901,4,0.9397580033870193
76561199711424631,0,0.004583926871418953,4,0.9397580033870193
76561199563519667,0,0.003186117624863982,4,0.9397580033870193
76561199633170552,0,0.005665938835591078,4,0.9397580033870193
76561198180900546,0,0.004312389530241489,4,0.9397580033870193
76561199077189575,0,0.003397854045033455,4,0.9397580033870193
76561199158892409,0,0.07385103404521942,4,0.9397580033870193
76561198088340221,0,0.18686047196388245,4,0.9397580033870193
76561198880677199,0,0.6117100715637207,4,0.9397580033870193
76561197964019008,0,0.0032890113070607185,4,0.9397580033870193
76561199122174523,0,0.003943980671465397,4,0.9397580033870193
76561198027002338,0,0.02076829969882965,4,0.9397580033870193
76561198185417299,0,0.16908767819404602,4,0.9397580033870193
76561198233010372,0,0.25355035066604614,4,0.9397580033870193
76561199582921500,0,0.006093049421906471,4,0.9397580033870193
76561199467904738,0,0.8798252940177917,4,0.9397580033870193
76561198181928889,0,0.5918974876403809,4,0.9397580033870193
76561198124638845,0,0.05959621071815491,4,0.9397580033870193
76561199012659610,0,0.576728105545044,4,0.9397580033870193
76561198345668248,0,0.07990336418151855,4,0.9397580033870193
76561198394973815,0,0.348075270652771,4,0.9397580033870193
76561199246237446,0,0.04669302701950073,4,0.9397580033870193
76561198039050776,0,0.00550022954121232,4,0.9397580033870193
76561198881170231,1,0.9947205781936646,4,0.9397580033870193
76561199230693123,0,0.003366172779351473,4,0.9397580033870193
76561198037198774,0,0.0036732840817421675,4,0.9397580033870193
76561199243180577,0,0.0029544876888394356,4,0.9397580033870193
76561199789486103,0,0.0073186373338103294,4,0.9397580033870193
76561199054742408,0,0.003333920380100608,4,0.9397580033870193
76561199142871618,1,0.9886078834533691,4,0.9397580033870193
76561199465720411,0,0.00539318285882473,4,0.9397580033870193
76561198046323679,0,0.06349937617778778,4,0.9397580033870193
76561198088093052,0,0.028293052688241005,4,0.9397580033870193
76561199063327631,0,0.017117546871304512,4,0.9397580033870193
76561198046309841,0,0.15678797662258148,4,0.9397580033870193
76561198807534047,0,0.037742774933576584,4,0.9397580033870193
76561199799110634,0,0.006926475092768669,4,0.9397580033870193
76561198015055047,0,0.6727063655853271,4,0.9397580033870193
76561198889288257,0,0.7032751441001892,4,0.9397580033870193
76561198976190792,0,0.006927666254341602,4,0.9397580033870193
76561199078544841,1,0.9504287838935852,4,0.9397580033870193
76561199076000961,1,0.9830533862113953,4,0.9397580033870193
76561199274518955,0,0.006017725914716721,4,0.9397580033870193
76561198424175700,0,0.28825339674949646,4,0.9397580033870193
76561198365220634,0,0.00616122130304575,4,0.9397580033870193
76561198089229046,0,0.007721484638750553,4,0.9397580033870193
76561198060050703,0,0.0028615747578442097,4,0.9397580033870193
76561198087957457,0,0.01006560679525137,4,0.9397580033870193
76561199546301225,0,0.003340730909258127,4,0.9397580033870193
76561198273693347,0,0.18044067919254303,4,0.9397580033870193
76561198162272046,0,0.05686872452497482,4,0.9397580033870193
76561199061737740,1,0.9922053217887878,4,0.9397580033870193
76561198966307549,0,0.0079442597925663,4,0.9397580033870193
76561199013120801,0,0.0041457004845142365,4,0.9397580033870193
76561198027186375,0,0.004333707503974438,4,0.9397580033870193
76561198859256050,1,0.9906274080276489,4,0.9397580033870193
76561199088148745,0,0.012782742269337177,4,0.9397580033870193
76561199090294725,0,0.007101742085069418,4,0.9397580033870193
76561199004066422,1,0.9941514134407043,4,0.9397580033870193
76561198097693237,0,0.009098634123802185,4,0.9397580033870193
76561199229802706,0,0.016364404931664467,4,0.9397580033870193
76561198149786582,0,0.004103246610611677,4,0.9397580033870193
76561199085502806,0,0.005051418207585812,4,0.9397580033870193
76561198186241473,0,0.006960386876016855,4,0.9397580033870193
76561198173412243,0,0.666686475276947,4,0.9397580033870193
76561199602518000,0,0.12974342703819275,4,0.9397580033870193
76561198034575845,0,0.020495684817433357,4,0.9397580033870193
76561197970710178,0,0.0260931346565485,4,0.9397580033870193
76561199486381824,0,0.011380153708159924,4,0.9397580033870193
76561198384471469,0,0.0053895218297839165,4,0.9397580033870193
76561198028081141,0,0.4004243016242981,4,0.9397580033870193
76561198826715731,0,0.004595665261149406,4,0.9397580033870193
76561199147615202,0,0.13415572047233582,4,0.9397580033870193
76561199408902524,0,0.0038251341320574284,4,0.9397580033870193
76561198181528779,0,0.005073110572993755,4,0.9397580033870193
76561198331688005,0,0.009169384837150574,4,0.9397580033870193
76561199220158520,0,0.010168054141104221,4,0.9397580033870193
76561198087323585,0,0.0035944769624620676,4,0.9397580033870193
76561198298196675,0,0.003397854045033455,4,0.9397580033870193
76561198410605849,0,0.0034244642592966557,4,0.9397580033870193
76561198053712729,0,0.14344780147075653,4,0.9397580033870193
76561198353122613,0,0.5064932107925415,4,0.9397580033870193
76561198898837621,0,0.005763819441199303,4,0.9397580033870193
76561198046645181,0,0.004305305890738964,4,0.9397580033870193
76561198110039743,0,0.004829703364521265,4,0.9397580033870193
76561198354615818,0,0.0069761089980602264,4,0.9397580033870193
76561198013438249,0,0.005040026735514402,4,0.9397580033870193
76561199101597771,0,0.010173451155424118,4,0.9397580033870193
76561199021863374,0,0.005381511524319649,4,0.9397580033870193
76561198875812750,0,0.16206321120262146,4,0.9397580033870193
76561199245719303,0,0.013897902332246304,4,0.9397580033870193
76561198016723048,0,0.8957305550575256,4,0.9397580033870193
76561198207738589,0,0.021591752767562866,4,0.9397580033870193
76561197970952324,0,0.40859898924827576,4,0.9397580033870193
76561198993400651,0,0.5389483571052551,4,0.9397580033870193
76561198042562586,0,0.013672316446900368,4,0.9397580033870193
76561198121844770,1,0.9842074513435364,4,0.9397580033870193
76561198013458041,0,0.45640844106674194,4,0.9397580033870193
76561199057557936,0,0.003066298784688115,4,0.9397580033870193
76561198170581871,0,0.0034976648166775703,4,0.9397580033870193
76561199444371749,0,0.1401256024837494,4,0.9397580033870193
76561198315061659,0,0.037970367819070816,4,0.9397580033870193
76561198048645599,0,0.011015580035746098,4,0.9397580033870193
76561199054055237,0,0.07881433516740799,4,0.9397580033870193
76561198130522867,0,0.6604704856872559,4,0.9397580033870193
76561198041168059,0,0.13511669635772705,4,0.9397580033870193
76561198962701220,0,0.03289851173758507,4,0.9397580033870193
76561198996084345,0,0.005362184252589941,4,0.9397580033870193
76561198083178195,0,0.6925260424613953,4,0.9397580033870193
76561198284090587,0,0.01891590654850006,4,0.9397580033870193
76561199468307377,0,0.2975315451622009,4,0.9397580033870193
76561198249560158,0,0.9917891025543213,4,0.9397580033870193
76561198843198139,0,0.023444266989827156,4,0.9397580033870193
76561198219804399,0,0.8417010307312012,4,0.9397580033870193
76561198045604308,0,0.6849965453147888,4,0.9397580033870193
76561199206829933,0,0.5480483770370483,4,0.9397580033870193
76561198346533016,0,0.953725278377533,4,0.9397580033870193
76561199112533601,0,0.0038279730360955,4,0.9397580033870193
76561198359092587,0,0.016387106850743294,4,0.9397580033870193
76561198220857572,0,0.006659640930593014,4,0.9397580033870193
76561198379824485,0,0.031817905604839325,4,0.9397580033870193
76561199466500843,0,0.0038251341320574284,4,0.9397580033870193
76561198164327115,0,0.6214063763618469,4,0.9397580033870193
76561199765271566,0,0.005381511524319649,4,0.9397580033870193
76561198089870431,0,0.011161093600094318,4,0.9397580033870193
76561198038247534,0,0.00333617115393281,4,0.9397580033870193
76561199736372511,0,0.021038534119725227,4,0.9397580033870193
76561199078248413,0,0.003397854045033455,4,0.9397580033870193
76561198834414924,0,0.05792741850018501,4,0.9397580033870193
76561199141273646,0,0.0031366616021841764,4,0.9397580033870193
76561198231705232,0,0.06601716578006744,4,0.9397580033870193
76561199248039099,1,0.9821125268936157,4,0.9397580033870193
76561198969140699,0,0.04559127613902092,4,0.9397580033870193
76561198269422048,0,0.012350202538073063,4,0.9397580033870193
76561199216026151,0,0.010502075776457787,4,0.9397580033870193
76561198026549899,0,0.0058830538764595985,4,0.9397580033870193
76561199384517430,0,0.8312563896179199,4,0.9397580033870193
76561198874334552,0,0.05589597299695015,4,0.9397580033870193
76561199438554143,0,0.05066099390387535,4,0.9397580033870193
76561198108356080,0,0.005146613344550133,4,0.9397580033870193
76561199476739182,0,0.00538061885163188,4,0.9397580033870193
76561199200184987,0,0.0034439493902027607,4,0.9397580033870193
76561198845017049,0,0.00766478618606925,4,0.9397580033870193
76561197984987592,0,0.026050737127661705,4,0.9397580033870193
76561198439235555,0,0.009001952596008778,4,0.9397580033870193
76561199410285035,0,0.00963908527046442,4,0.9397580033870193
76561198420982002,0,0.49235159158706665,4,0.9397580033870193
76561199006818887,0,0.00538061885163188,4,0.9397580033870193
76561198193833877,0,0.003628150559961796,4,0.9397580033870193
76561198166456354,0,0.009601450525224209,4,0.9397580033870193
76561198073226949,0,0.004405273124575615,4,0.9397580033870193
76561199122584340,0,0.003806974506005645,4,0.9397580033870193
76561198114190433,0,0.6673567891120911,4,0.9397580033870193
76561198098008515,0,0.004606879781931639,4,0.9397580033870193
76561199092147957,0,0.005200134124606848,4,0.9397580033870193
76561199105097131,0,0.005817234516143799,4,0.9397580033870193
76561198046696141,0,0.007823539897799492,4,0.9397580033870193
76561199072450111,0,0.6819562911987305,4,0.9397580033870193
76561198035532387,0,0.029030319303274155,4,0.9397580033870193
76561198062270010,0,0.14993202686309814,4,0.9397580033870193
76561199718621090,0,0.003499847836792469,4,0.9397580033870193
76561199768463854,0,0.08560103178024292,4,0.9397580033870193
76561198031011626,0,0.003983206115663052,4,0.9397580033870193
76561198146166235,0,0.007109456229954958,4,0.9397580033870193
76561197965658810,0,0.007598131895065308,4,0.9397580033870193
76561198015605971,1,0.9797092080116272,4,0.9397580033870193
76561199609705728,0,0.005837995558977127,4,0.9397580033870193
76561198104524687,0,0.005185448564589024,4,0.9397580033870193
76561198169205878,1,0.9919988512992859,4,0.9397580033870193
76561198009700088,0,0.028025751933455467,4,0.9397580033870193
76561198053680158,0,0.0033945455215871334,4,0.9397580033870193
76561198262228150,0,0.027300918474793434,4,0.9397580033870193
76561198013123963,0,0.00869868602603674,4,0.9397580033870193
76561199187609252,0,0.00874506589025259,4,0.9397580033870193
76561198176486374,0,0.003356657922267914,4,0.9397580033870193
76561199179436767,0,0.012071935459971428,4,0.9397580033870193
76561198367502813,0,0.0036414822097867727,4,0.9397580033870193
76561198093661923,0,0.00322684645652771,4,0.9397580033870193
76561198265124128,0,0.2574085593223572,4,0.9397580033870193
76561199386587462,0,0.0053736306726932526,4,0.9397580033870193
76561197971001262,0,0.007326311431825161,4,0.9397580033870193
76561199260671211,0,0.04790966212749481,4,0.9397580033870193
76561198330770262,0,0.1902279406785965,4,0.9397580033870193
76561199132450747,0,0.006901654414832592,4,0.9397580033870193
76561198850738494,0,0.003109976416453719,4,0.9397580033870193
76561199101128228,1,0.932607114315033,4,0.9397580033870193
76561199085964095,0,0.6278342008590698,4,0.9397580033870193
76561199239305666,0,0.005947933532297611,4,0.9397580033870193
76561197971967447,0,0.016662312671542168,4,0.9397580033870193
76561199567169369,0,0.331399142742157,4,0.9397580033870193
76561198021645683,0,0.004016347229480743,4,0.9397580033870193
76561198075978623,0,0.00948700774461031,4,0.9397580033870193
76561198349653922,0,0.005812340881675482,4,0.9397580033870193
76561198017063196,0,0.011636738665401936,4,0.9397580033870193
76561198400586272,0,0.003687348449602723,4,0.9397580033870193
76561198064990099,0,0.006642748136073351,4,0.9397580033870193
76561198161944061,0,0.004948378540575504,4,0.9397580033870193
76561198819600658,0,0.04706142470240593,4,0.9397580033870193
76561198032460168,0,0.03088173270225525,4,0.9397580033870193
76561199249963134,0,0.003932360094040632,4,0.9397580033870193
76561199106455481,0,0.0039042613934725523,4,0.9397580033870193
76561198259701421,0,0.020943108946084976,4,0.9397580033870193
76561199259112651,1,0.9537105560302734,4,0.9397580033870193
76561198060179790,0,0.00659983092918992,4,0.9397580033870193
76561198129450099,0,0.20382709801197052,4,0.9397580033870193
76561198098424969,0,0.1981854885816574,4,0.9397580033870193
76561199098686990,0,0.016321774572134018,4,0.9397580033870193
76561198009868497,0,0.3063851594924927,4,0.9397580033870193
76561197984883919,0,0.02371124178171158,4,0.9397580033870193
76561199177941366,0,0.006926022935658693,4,0.9397580033870193
76561199505182475,0,0.006870474200695753,4,0.9397580033870193
76561198191730055,0,0.006725810933858156,4,0.9397580033870193
76561198062940903,0,0.19553980231285095,4,0.9397580033870193
76561199159703835,0,0.9675750732421875,4,0.9397580033870193
76561198091685878,0,0.010937081649899483,4,0.9397580033870193
76561199119047916,0,0.01005876250565052,4,0.9397580033870193
76561198085153045,0,0.41849109530448914,4,0.9397580033870193
76561199029939399,0,0.02893548458814621,4,0.9397580033870193
76561198365831722,0,0.006025672424584627,4,0.9397580033870193
76561198204840408,0,0.9344967007637024,4,0.9397580033870193
76561198124807763,0,0.8529743552207947,4,0.9397580033870193
76561198042395006,0,0.22196783125400543,4,0.9397580033870193
76561198154559625,0,0.5321386456489563,4,0.9397580033870193
76561198025708942,0,0.014346365816891193,4,0.9397580033870193
76561198046270386,0,0.8428211212158203,4,0.9397580033870193
76561198153422880,0,0.0034430348314344883,4,0.9397580033870193
76561198169222632,0,0.2538340091705322,4,0.9397580033870193
76561199089254536,0,0.003397854045033455,4,0.9397580033870193
76561198098432270,0,0.014881939627230167,4,0.9397580033870193
76561197973847125,0,0.04008977487683296,4,0.9397580033870193
76561198880995794,0,0.1961124986410141,4,0.9397580033870193
76561198829276539,1,0.9898719191551208,4,0.9397580033870193
76561198430415662,0,0.017876962199807167,4,0.9397580033870193
76561198397897663,0,0.004423005506396294,4,0.9397580033870193
76561198162738513,0,0.005941835232079029,4,0.9397580033870193
76561198401974305,0,0.20574674010276794,4,0.9397580033870193
76561199032150447,0,0.28563418984413147,4,0.9397580033870193
76561198138782694,0,0.010137902572751045,4,0.9397580033870193
76561199258186587,0,0.020187143236398697,4,0.9397580033870193
76561199385447957,0,0.026392024010419846,4,0.9397580033870193
76561199102551788,0,0.011181346140801907,4,0.9397580033870193
76561198277773646,0,0.0032315615098923445,4,0.9397580033870193
76561199201266645,0,0.017330382019281387,4,0.9397580033870193
76561199140241808,0,0.06989903748035431,4,0.9397580033870193
76561197990296800,0,0.0260931346565485,4,0.9397580033870193
76561198880669994,0,0.06068047881126404,4,0.9397580033870193
76561198051341025,0,0.03810473158955574,4,0.9397580033870193
76561198274909838,0,0.055278245359659195,4,0.9397580033870193
76561198155409133,0,0.017315050587058067,4,0.9397580033870193
76561198028714152,0,0.004194020759314299,4,0.9397580033870193
76561198429376789,1,0.9633329510688782,4,0.9397580033870193
76561197970785638,0,0.11240755766630173,4,0.9397580033870193
76561198152388066,0,0.018958009779453278,4,0.9397580033870193
76561199142595801,0,0.9284632802009583,4,0.9397580033870193
76561198088246363,0,0.03696232661604881,4,0.9397580033870193
76561198346283732,0,0.0038401279598474503,4,0.9397580033870193
76561198034182654,0,0.032923005521297455,4,0.9397580033870193
76561198211264025,0,0.002906426787376404,4,0.9397580033870193
76561199128649243,0,0.00979995634406805,4,0.9397580033870193
76561198032330507,0,0.003689466742798686,4,0.9397580033870193
76561198098338654,0,0.00531475804746151,4,0.9397580033870193
76561199114069076,0,0.09162914007902145,4,0.9397580033870193
76561198302338517,0,0.08494039624929428,4,0.9397580033870193
76561198078313290,0,0.5125284194946289,4,0.9397580033870193
76561198129238614,0,0.006020094268023968,4,0.9397580033870193
76561198377200145,0,0.025360947474837303,4,0.9397580033870193
76561198811183769,0,0.00486736698076129,4,0.9397580033870193
76561198024984238,0,0.03686852753162384,4,0.9397580033870193
76561198399634643,0,0.007528733927756548,4,0.9397580033870193
76561199029483139,0,0.0033269436098635197,4,0.9397580033870193
76561198037301684,0,0.0732988491654396,4,0.9397580033870193
76561198089097830,0,0.28967171907424927,4,0.9397580033870193
76561198348379593,0,0.005488181486725807,4,0.9397580033870193
76561198094686575,0,0.009486322291195393,4,0.9397580033870193
76561198815649821,0,0.005484359338879585,4,0.9397580033870193
76561199053329378,0,0.007939672097563744,4,0.9397580033870193
76561199238493564,0,0.005084897857159376,4,0.9397580033870193
76561198116471710,0,0.024646904319524765,4,0.9397580033870193
76561198139119442,0,0.005170030985027552,4,0.9397580033870193
76561199144822011,0,0.013535772450268269,4,0.9397580033870193
76561198049481240,0,0.0052691358141601086,4,0.9397580033870193
76561198329017689,0,0.007281077094376087,4,0.9397580033870193
76561199186585024,0,0.003689466742798686,4,0.9397580033870193
76561199088289903,0,0.0036061119753867388,4,0.9397580033870193
76561198136447641,0,0.3519575893878937,4,0.9397580033870193
76561198058378715,0,0.005268628243356943,4,0.9397580033870193
76561199267508394,0,0.009768348187208176,4,0.9397580033870193
76561199131258423,0,0.006829515565186739,4,0.9397580033870193
76561198796734028,0,0.007744829636067152,4,0.9397580033870193
76561199258660859,0,0.27316418290138245,4,0.9397580033870193
76561199147026380,0,0.021020587533712387,4,0.9397580033870193
76561198016112520,0,0.2634018659591675,4,0.9397580033870193
76561199100705513,0,0.5877813696861267,4,0.9397580033870193
76561198061869986,0,0.016000008210539818,4,0.9397580033870193
76561198170133990,0,0.42250362038612366,4,0.9397580033870193
76561199119064246,0,0.009194980375468731,4,0.9397580033870193
76561198828285994,0,0.06077134609222412,4,0.9397580033870193
76561198419528999,0,0.008758609183132648,4,0.9397580033870193
76561199471330230,0,0.018391713500022888,4,0.9397580033870193
76561198059917328,0,0.00286965724080801,4,0.9397580033870193
76561199131911078,0,0.01160531397908926,4,0.9397580033870193
76561198934623266,0,0.7346588373184204,4,0.9397580033870193
76561198285237752,0,0.018873248249292374,4,0.9397580033870193
76561198155347631,0,0.00304594193585217,4,0.9397580033870193
76561198124932274,0,0.10655761510133743,4,0.9397580033870193
76561199095236277,0,0.9748333692550659,4,0.9397580033870193
76561198194708174,0,0.009360828436911106,4,0.9397580033870193
76561198124114935,0,0.005090383812785149,4,0.9397580033870193
76561198041552833,1,0.24465937912464142,4,0.9397580033870193
76561199068759109,0,0.20871534943580627,4,0.9397580033870193
76561199002485283,0,0.005097989458590746,4,0.9397580033870193
76561198158882401,0,0.6226152777671814,4,0.9397580033870193
76561199012162463,0,0.1985704004764557,4,0.9397580033870193
76561198169941082,0,0.0394328348338604,4,0.9397580033870193
76561198242209436,0,0.009283293038606644,4,0.9397580033870193
76561197964275897,0,0.34068307280540466,4,0.9397580033870193
76561198993891761,0,0.971479594707489,4,0.9397580033870193
76561199045979301,0,0.004838197957724333,4,0.9397580033870193
76561199219516284,0,0.0040797283872962,4,0.9397580033870193
76561199224356245,0,0.005120358895510435,4,0.9397580033870193
76561198000412665,0,0.8739802241325378,4,0.9397580033870193
76561199125020731,0,0.2933933734893799,4,0.9397580033870193
76561198033604768,0,0.12847016751766205,4,0.9397580033870193
76561199212150627,0,0.8733921051025391,4,0.9397580033870193
76561198067615160,0,0.006866049952805042,4,0.9397580033870193
76561198056051367,0,0.2675471305847168,4,0.9397580033870193
76561198122048029,0,0.061385538429021835,4,0.9397580033870193
76561198044571214,0,0.011095425114035606,4,0.9397580033870193
76561198319537951,0,0.0033771293237805367,4,0.9397580033870193
76561198213464373,0,0.819677472114563,4,0.9397580033870193
76561199352008472,0,0.04400666430592537,4,0.9397580033870193
76561197970420461,0,0.31773245334625244,4,0.9397580033870193
76561199174996673,0,0.0064471131190657616,4,0.9397580033870193
76561198019051347,0,0.0035320324823260307,4,0.9397580033870193
76561198068537957,0,0.0042664166539907455,4,0.9397580033870193
76561198887252323,0,0.0050647445023059845,4,0.9397580033870193
76561198005396675,0,0.19284352660179138,4,0.9397580033870193
76561198903864540,0,0.14367109537124634,4,0.9397580033870193
76561199067231396,0,0.006773422937840223,4,0.9397580033870193
76561198878972811,0,0.0035150558687746525,4,0.9397580033870193
76561198035296424,0,0.003689189674332738,4,0.9397580033870193
76561198151111963,0,0.009132858365774155,4,0.9397580033870193
76561198854448216,0,0.0031378457788378,4,0.9397580033870193
76561199652023615,0,0.004741611424833536,4,0.9397580033870193
76561199155346822,0,0.0035777741577476263,4,0.9397580033870193
76561199005540452,0,0.0030730871949344873,4,0.9397580033870193
76561198421734958,0,0.009522782638669014,4,0.9397580033870193
76561198066399629,0,0.12216253578662872,4,0.9397580033870193
76561198047553985,0,0.015559305436909199,4,0.9397580033870193
76561198008734091,0,0.0054695578292012215,4,0.9397580033870193
76561198384313226,0,0.006857204716652632,4,0.9397580033870193
76561198178193167,0,0.024929651990532875,4,0.9397580033870193
76561198243221934,0,0.03042062744498253,4,0.9397580033870193
76561198318270706,0,0.008337773382663727,4,0.9397580033870193
76561198142102126,0,0.004819774068892002,4,0.9397580033870193
76561198030915898,0,0.005592645145952702,4,0.9397580033870193
76561198987796865,0,0.006213576532900333,4,0.9397580033870193
76561198253869889,0,0.004358856473118067,4,0.9397580033870193
76561198134674937,0,0.0033824134152382612,4,0.9397580033870193
76561198084387787,0,0.00783444382250309,4,0.9397580033870193
76561199531000389,0,0.01214792113751173,4,0.9397580033870193
76561198451581135,0,0.006421476602554321,4,0.9397580033870193
76561198043384511,0,0.014475961215794086,4,0.9397580033870193
76561198152392106,0,0.010818948037922382,4,0.9397580033870193
76561198027248764,0,0.004794209264218807,4,0.9397580033870193
76561199032290175,0,0.003059184877201915,4,0.9397580033870193
76561198932325078,0,0.03468407690525055,4,0.9397580033870193
76561198143919185,0,0.010244674980640411,4,0.9397580033870193
76561198362937551,0,0.0029094794299453497,4,0.9397580033870193
76561198268711300,0,0.006920515559613705,4,0.9397580033870193
76561199002522602,0,0.008091958239674568,4,0.9397580033870193
76561198939893322,0,0.16206321120262146,4,0.9397580033870193
76561198414097029,0,0.036446478217840195,4,0.9397580033870193
76561199096344695,0,0.013431748375296593,4,0.9397580033870193
76561198186147539,0,0.5439409017562866,4,0.9397580033870193
76561198282770543,0,0.01094935741275549,4,0.9397580033870193
76561198065483493,0,0.021526847034692764,4,0.9397580033870193
76561199200663884,0,0.003862486220896244,4,0.9397580033870193
76561198153243642,0,0.008758609183132648,4,0.9397580033870193
76561198843406332,0,0.32112357020378113,4,0.9397580033870193
76561198060885462,0,0.4435681998729706,4,0.9397580033870193
76561198104678030,0,0.6804015636444092,4,0.9397580033870193
76561198092286970,0,0.5764726996421814,4,0.9397580033870193
76561199070658859,0,0.039914876222610474,4,0.9397580033870193
76561197983083576,0,0.05283517390489578,4,0.9397580033870193
76561199201378298,1,0.9932031631469727,4,0.9397580033870193
76561198068455068,0,0.844061553478241,4,0.9397580033870193
76561199588044222,0,0.004113825038075447,4,0.9397580033870193
76561198090829365,0,0.027145124971866608,4,0.9397580033870193
76561198170169194,0,0.37333202362060547,4,0.9397580033870193
76561198369258487,0,0.04287507012486458,4,0.9397580033870193
76561198134845965,0,0.5327640175819397,4,0.9397580033870193
76561198271869138,0,0.5687888860702515,4,0.9397580033870193
76561198064517569,0,0.004105136729776859,4,0.9397580033870193
76561198091548599,0,0.47916537523269653,4,0.9397580033870193
76561198052888172,0,0.02221843972802162,4,0.9397580033870193
76561199137922137,0,0.11390313506126404,4,0.9397580033870193
76561199353826252,1,0.9921208620071411,4,0.9397580033870193
76561198366715635,0,0.040315818041563034,4,0.9397580033870193
76561198076554016,0,0.6703468561172485,4,0.9397580033870193
76561199591723633,0,0.006446646060794592,4,0.9397580033870193
76561198062318936,0,0.6570202112197876,4,0.9397580033870193
76561198204425051,0,0.0038163859862834215,4,0.9397580033870193
76561198356871702,1,0.9912274479866028,4,0.9397580033870193
76561198075033047,0,0.5565035343170166,4,0.9397580033870193
76561198317691649,0,0.0048020328395068645,4,0.9397580033870193
76561198043184244,0,0.0033333341125398874,4,0.9397580033870193
76561199116860781,0,0.005201814230531454,4,0.9397580033870193
76561198966198888,0,0.005469030700623989,4,0.9397580033870193
76561198204562516,0,0.97171550989151,4,0.9397580033870193
76561198833008146,0,0.005600091069936752,4,0.9397580033870193
76561199273062811,0,0.004591779783368111,4,0.9397580033870193
76561198070855137,0,0.0030521482694894075,4,0.9397580033870193
76561198840563584,0,0.005381511524319649,4,0.9397580033870193
76561199191400740,0,0.0048514474183321,4,0.9397580033870193
76561199025361323,0,0.006902798544615507,4,0.9397580033870193
76561198226621664,0,0.003235252806916833,4,0.9397580033870193
76561199165766313,0,0.010427244007587433,4,0.9397580033870193
76561198079014855,0,0.46480584144592285,4,0.9397580033870193
76561198216898633,0,0.04538489505648613,4,0.9397580033870193
76561198069180481,1,0.7619345188140869,4,0.9397580033870193
76561197968697274,0,0.029461052268743515,4,0.9397580033870193
76561199106297574,1,0.9890491962432861,4,0.9397580033870193
76561199027367369,0,0.13266336917877197,4,0.9397580033870193
76561198983556803,0,0.011052734218537807,4,0.9397580033870193
76561198081791042,0,0.003668073331937194,4,0.9397580033870193
76561198449226755,0,0.7753766179084778,4,0.9397580033870193
76561198076323631,0,0.008267559111118317,4,0.9397580033870193
76561198075620929,0,0.022322246804833412,4,0.9397580033870193
76561198851954753,0,0.04008666053414345,4,0.9397580033870193
76561199384149111,0,0.008758609183132648,4,0.9397580033870193
76561199351818484,1,0.8848403096199036,4,0.9397580033870193
76561198151143941,0,0.05373461917042732,4,0.9397580033870193
76561198298873167,0,0.03406943753361702,4,0.9397580033870193
76561198930293530,0,0.003186117624863982,4,0.9397580033870193
76561199423028931,0,0.02559337392449379,4,0.9397580033870193
76561199550807326,0,0.9775951504707336,4,0.9397580033870193
76561198095943715,0,0.331399142742157,4,0.9397580033870193
76561199126997607,0,0.004660326987504959,4,0.9397580033870193
76561198054503556,0,0.018246153369545937,4,0.9397580033870193
76561198062185001,0,0.048335399478673935,4,0.9397580033870193
76561199037273534,0,0.00511168222874403,4,0.9397580033870193
76561198241769922,0,0.8903288245201111,4,0.9397580033870193
76561198065855852,0,0.01768946647644043,4,0.9397580033870193
76561198302516112,0,0.006570125930011272,4,0.9397580033870193
76561198859400178,0,0.06221872195601463,4,0.9397580033870193
76561197999497242,0,0.005521446466445923,4,0.9397580033870193
76561198060983259,0,0.008717547170817852,4,0.9397580033870193
76561198057356544,0,0.040962595492601395,4,0.9397580033870193
76561198210721559,0,0.0973619818687439,4,0.9397580033870193
76561198090106447,0,0.08552545309066772,4,0.9397580033870193
76561198414297032,0,0.006229933351278305,4,0.9397580033870193
76561199007696573,0,0.006247248034924269,4,0.9397580033870193
76561199470850631,0,0.011802171356976032,4,0.9397580033870193
76561198972175508,0,0.009699628688395023,4,0.9397580033870193
76561198048377819,0,0.0487293042242527,4,0.9397580033870193
76561198845214737,0,0.012804446741938591,4,0.9397580033870193
76561199385348812,0,0.005144019145518541,4,0.9397580033870193
76561199007449552,0,0.03889458253979683,4,0.9397580033870193
76561198203259116,0,0.005683023016899824,4,0.9397580033870193
76561198052886680,0,0.00987331848591566,4,0.9397580033870193
76561198334485149,0,0.007257038727402687,4,0.9397580033870193
76561198957122701,0,0.01613338477909565,4,0.9397580033870193
76561198167967703,0,0.0036917810793966055,4,0.9397580033870193
76561199806581933,0,0.008758609183132648,4,0.9397580033870193
76561199130512277,0,0.009494373574852943,4,0.9397580033870193
76561198035706020,0,0.014353548176586628,4,0.9397580033870193
76561198301260791,0,0.0037991669960319996,4,0.9397580033870193
76561198158469285,0,0.01597769558429718,4,0.9397580033870193
76561198838829687,0,0.007821748964488506,4,0.9397580033870193
76561198018522734,0,0.039400432258844376,4,0.9397580033870193
76561198086781911,0,0.00419400492683053,4,0.9397580033870193
76561198941280721,0,0.009304530918598175,4,0.9397580033870193
76561199810357516,0,0.004972752183675766,4,0.9397580033870193
76561199558621701,0,0.00530637800693512,4,0.9397580033870193
76561198410828476,0,0.022948933765292168,4,0.9397580033870193
76561198796203501,0,0.015364122577011585,4,0.9397580033870193
76561198016319009,0,0.007743110414594412,4,0.9397580033870193
76561199384202436,0,0.015634862706065178,4,0.9397580033870193
76561198405052912,0,0.003703176276758313,4,0.9397580033870193
76561199638251066,0,0.0074316468089818954,4,0.9397580033870193
76561198950635016,0,0.1933651715517044,4,0.9397580033870193
76561198191130774,0,0.025872448459267616,4,0.9397580033870193
76561198313217813,0,0.0033039762638509274,4,0.9397580033870193
76561199229815896,0,0.003397854045033455,4,0.9397580033870193
76561197972479007,0,0.00818566419184208,4,0.9397580033870193
76561199153377756,0,0.042635463178157806,4,0.9397580033870193
76561199233408729,0,0.003488941816613078,4,0.9397580033870193
76561199022661351,0,0.017317160964012146,4,0.9397580033870193
76561199043912689,0,0.01971183717250824,4,0.9397580033870193
76561198339201584,0,0.7462403178215027,4,0.9397580033870193
76561198118679749,0,0.727684736251831,4,0.9397580033870193
76561198201715747,0,0.005685195326805115,4,0.9397580033870193
76561198139802530,0,0.21045590937137604,4,0.9397580033870193
76561199038041913,0,0.006395855452865362,4,0.9397580033870193
76561199043754605,0,0.22364477813243866,4,0.9397580033870193
76561197984851497,0,0.0075775994919240475,4,0.9397580033870193
76561199409538202,0,0.9332038760185242,4,0.9397580033870193
76561199521961920,1,0.9749780893325806,4,0.9397580033870193
76561199647369959,0,0.6141337156295776,4,0.9397580033870193
76561198407593954,0,0.027727629989385605,4,0.9397580033870193
76561199587862265,0,0.010666847229003906,4,0.9397580033870193
76561198080513213,0,0.19527260959148407,4,0.9397580033870193
76561198001036649,0,0.005844410974532366,4,0.9397580033870193
76561197994875016,0,0.04373474046587944,4,0.9397580033870193
76561198913810036,0,0.013443880714476109,4,0.9397580033870193
76561198975532984,0,0.013869882561266422,4,0.9397580033870193
76561198322757513,0,0.005509571637958288,4,0.9397580033870193
76561198839620027,0,0.07208703458309174,4,0.9397580033870193
76561197982720220,0,0.40281662344932556,4,0.9397580033870193
76561199235830572,0,0.0960763692855835,4,0.9397580033870193
76561198389758725,0,0.009387790225446224,4,0.9397580033870193
76561198045596272,0,0.765921950340271,4,0.9397580033870193
76561199129894643,0,0.00826240237802267,4,0.9397580033870193
76561198046826291,0,0.961113691329956,4,0.9397580033870193
76561198828459905,0,0.9093130826950073,4,0.9397580033870193
76561199223660969,0,0.2199586182832718,4,0.9397580033870193
76561199154184760,0,0.6194218397140503,4,0.9397580033870193
76561198277696237,0,0.9785516858100891,4,0.9397580033870193
76561198121559106,0,0.005469775293022394,4,0.9397580033870193
76561198238418564,0,0.004028553608804941,4,0.9397580033870193
76561197982288189,0,0.006286082789301872,4,0.9397580033870193
76561198278952260,0,0.7283616662025452,4,0.9397580033870193
76561198107636572,0,0.07181763648986816,4,0.9397580033870193
76561199255732218,1,0.9897323250770569,4,0.9397580033870193
76561199060466644,0,0.006414017640054226,4,0.9397580033870193
76561198195984962,0,0.005381511524319649,4,0.9397580033870193
76561197969173327,0,0.5423476099967957,4,0.9397580033870193
76561198795980216,0,0.0041984799318015575,4,0.9397580033870193
76561198366550320,0,0.0035421482753008604,4,0.9397580033870193
76561199205656947,0,0.10003306716680527,4,0.9397580033870193
76561198049999430,0,0.021781811490654945,4,0.9397580033870193
76561198390299504,0,0.15747374296188354,4,0.9397580033870193
76561198274475592,0,0.06004135310649872,4,0.9397580033870193
76561198197049682,0,0.2358301728963852,4,0.9397580033870193
76561198030860089,0,0.008136756718158722,4,0.9397580033870193
76561198891583426,0,0.5479171872138977,4,0.9397580033870193
76561198898837341,0,0.024387991055846214,4,0.9397580033870193
76561198838935050,0,0.18078525364398956,4,0.9397580033870193
76561198116305570,0,0.003397854045033455,4,0.9397580033870193
76561199336673432,0,0.003077467205002904,4,0.9397580033870193
76561198015245899,0,0.05067504942417145,4,0.9397580033870193
76561198961336102,0,0.008564377203583717,4,0.9397580033870193
76561197999796893,0,0.0033357811626046896,4,0.9397580033870193
76561199083854980,0,0.007864738814532757,4,0.9397580033870193
76561198052143836,0,0.005524195730686188,4,0.9397580033870193
76561198021613085,0,0.007037390023469925,4,0.9397580033870193
76561199101121593,0,0.08049840480089188,4,0.9397580033870193
76561198171817143,0,0.04959149658679962,4,0.9397580033870193
76561198061783365,0,0.010064784437417984,4,0.9397580033870193
76561198052128369,0,0.005417610984295607,4,0.9397580033870193
76561198356482792,0,0.020292291417717934,4,0.9397580033870193
76561199527299462,0,0.00550829665735364,4,0.9397580033870193
76561199062113266,0,0.026290031149983406,4,0.9397580033870193
76561198312743209,0,0.005095464643090963,4,0.9397580033870193
76561198052862585,1,0.9899444580078125,4,0.9397580033870193
76561199006715043,0,0.26781344413757324,4,0.9397580033870193
76561198172624651,0,0.003397854045033455,4,0.9397580033870193
76561198131676137,0,0.006084946449846029,4,0.9397580033870193
76561198012623623,0,0.009290159679949284,4,0.9397580033870193
76561199104616023,0,0.7999730706214905,4,0.9397580033870193
76561199077367240,0,0.002993392525240779,4,0.9397580033870193
76561199364576426,0,0.00304594193585217,4,0.9397580033870193
76561198403688261,0,0.7395996451377869,4,0.9397580033870193
76561199788816905,0,0.00463565019890666,4,0.9397580033870193
76561198120908446,0,0.005131344776600599,4,0.9397580033870193
76561198348913005,0,0.005334246437996626,4,0.9397580033870193
76561198443398553,0,0.004659364931285381,4,0.9397580033870193
76561199143750210,0,0.004119857680052519,4,0.9397580033870193
76561198400308971,0,0.0038621616549789906,4,0.9397580033870193
76561199004091694,0,0.00538061885163188,4,0.9397580033870193
76561199486446623,0,0.02015715278685093,4,0.9397580033870193
76561199508227307,0,0.0037212648894637823,4,0.9397580033870193
76561198009094982,0,0.06440938264131546,4,0.9397580033870193
76561198140976774,0,0.03537585586309433,4,0.9397580033870193
76561199042463834,0,0.08153706043958664,4,0.9397580033870193
76561198044844495,0,0.16853299736976624,4,0.9397580033870193
76561198027615463,0,0.9263730645179749,4,0.9397580033870193
76561198043825475,0,0.031052207574248314,4,0.9397580033870193
76561198916783943,0,0.592723548412323,4,0.9397580033870193
76561198032849967,0,0.08047615736722946,4,0.9397580033870193
76561198179244427,0,0.4633840322494507,4,0.9397580033870193
76561199102677173,0,0.8409828543663025,4,0.9397580033870193
76561198056884732,0,0.6334967613220215,4,0.9397580033870193
76561198825199100,0,0.29946619272232056,4,0.9397580033870193
76561199135587829,0,0.0091085871681571,4,0.9397580033870193
76561198160888453,1,0.9834301471710205,4,0.9397580033870193
76561198417506826,0,0.0067557068541646,4,0.9397580033870193
76561199071964049,0,0.23279805481433868,4,0.9397580033870193
76561198042180401,0,0.0073644304648041725,4,0.9397580033870193
76561199039791315,0,0.12405942380428314,4,0.9397580033870193
76561198046186920,0,0.008846623823046684,4,0.9397580033870193
76561198324982866,0,0.20276977121829987,4,0.9397580033870193
76561199217788398,0,0.1516183465719223,4,0.9397580033870193
76561198293448046,0,0.0039968728087842464,4,0.9397580033870193
76561198892895082,0,0.007530355826020241,4,0.9397580033870193
76561198991754527,0,0.0040797283872962,4,0.9397580033870193
76561198197640266,0,0.9609474539756775,4,0.9397580033870193
76561198031828990,0,0.005198025610297918,4,0.9397580033870193
76561199055679070,0,0.006543305236846209,4,0.9397580033870193
76561198120705651,0,0.004804439842700958,4,0.9397580033870193
76561198052732909,0,0.027690464630723,4,0.9397580033870193
76561198256575997,0,0.22182634472846985,4,0.9397580033870193
76561198048029001,0,0.27710068225860596,4,0.9397580033870193
76561198278420970,0,0.008538900874555111,4,0.9397580033870193
76561198208105105,0,0.006768336985260248,4,0.9397580033870193
76561197977397645,0,0.17692765593528748,4,0.9397580033870193
76561199587351080,0,0.008729669265449047,4,0.9397580033870193
76561199800428387,0,0.003689466742798686,4,0.9397580033870193
76561198379939734,0,0.013205238617956638,4,0.9397580033870193
76561198144205852,0,0.005481631960719824,4,0.9397580033870193
76561198071204180,0,0.005731855519115925,4,0.9397580033870193
76561198244323626,0,0.004393856972455978,4,0.9397580033870193
76561198085435208,0,0.005381511524319649,4,0.9397580033870193
76561198088052579,0,0.005356805864721537,4,0.9397580033870193
76561199219926339,0,0.1518297642469406,4,0.9397580033870193
76561199009038727,0,0.008473685011267662,4,0.9397580033870193
76561198056204465,1,0.9858485460281372,4,0.9397580033870193
76561198077802493,1,0.9858777523040771,4,0.9397580033870193
76561198336650689,0,0.00304594193585217,4,0.9397580033870193
76561199074273049,0,0.0035549423191696405,4,0.9397580033870193
76561199232907036,0,0.0037808245979249477,4,0.9397580033870193
76561198024998135,0,0.005992627702653408,4,0.9397580033870193
76561198015950040,0,0.20779141783714294,4,0.9397580033870193
76561198061671775,0,0.003027158323675394,4,0.9397580033870193
76561198335684700,0,0.11268145591020584,4,0.9397580033870193
76561198371416272,0,0.09382393956184387,4,0.9397580033870193
76561198128425907,0,0.010071377269923687,4,0.9397580033870193
76561199549297947,0,0.03166961297392845,4,0.9397580033870193
76561199081953755,0,0.003205504734069109,4,0.9397580033870193
76561199573732068,0,0.04314224421977997,4,0.9397580033870193
76561199088231094,0,0.003689466742798686,4,0.9397580033870193
76561199427218117,0,0.3128401041030884,4,0.9397580033870193
76561199654342922,0,0.026232775300741196,4,0.9397580033870193
76561198882036795,0,0.003978891763836145,4,0.9397580033870193
76561198874504601,0,0.0065362113527953625,4,0.9397580033870193
76561199390096082,0,0.05280214920639992,4,0.9397580033870193
76561199229185434,0,0.13184703886508942,4,0.9397580033870193
76561199116317784,0,0.012020900845527649,4,0.9397580033870193
76561198003499697,0,0.02122657001018524,4,0.9397580033870193
76561198846443362,0,0.0039307610131800175,4,0.9397580033870193
76561198254893783,0,0.005672816652804613,4,0.9397580033870193
76561198125111741,0,0.16389276087284088,4,0.9397580033870193
76561198405054262,0,0.004334838595241308,4,0.9397580033870193
76561198128183869,0,0.008957723155617714,4,0.9397580033870193
76561199001247279,0,0.0046369535848498344,4,0.9397580033870193
76561198880899181,0,0.03638363257050514,4,0.9397580033870193
76561198002429188,0,0.4549459218978882,4,0.9397580033870193
76561198394986502,0,0.025791488587856293,4,0.9397580033870193
76561198187878911,0,0.28889623284339905,4,0.9397580033870193
76561198352551698,0,0.004057970829308033,4,0.9397580033870193
76561198168701100,0,0.022651921957731247,4,0.9397580033870193
76561198074741575,0,0.04606153070926666,4,0.9397580033870193
76561197992156359,0,0.010649430565536022,4,0.9397580033870193
76561197973298624,0,0.0031283500138670206,4,0.9397580033870193
76561198335322312,0,0.03405534476041794,4,0.9397580033870193
76561198042669026,0,0.006871154066175222,4,0.9397580033870193
76561199188794852,0,0.018055349588394165,4,0.9397580033870193
76561198071803091,0,0.005932860542088747,4,0.9397580033870193
76561198850015664,0,0.027356723323464394,4,0.9397580033870193
76561198315117685,0,0.12731528282165527,4,0.9397580033870193
76561198340175915,0,0.008015192113816738,4,0.9397580033870193
76561198099852104,0,0.004397788550704718,4,0.9397580033870193
76561198304074706,0,0.004913568031042814,4,0.9397580033870193
76561198033766617,0,0.004471643827855587,4,0.9397580033870193
76561199243383375,0,0.006894389633089304,4,0.9397580033870193
76561198359475857,0,0.2334509640932083,4,0.9397580033870193
76561198141403275,0,0.005955008324235678,4,0.9397580033870193
76561198966123299,0,0.006805758457630873,4,0.9397580033870193
76561198797294150,0,0.005665790755301714,4,0.9397580033870193
76561198041282935,0,0.003431144170463085,4,0.9397580033870193
76561198129571803,0,0.004820242524147034,4,0.9397580033870193
76561198045515871,0,0.006388339214026928,4,0.9397580033870193
76561199087694834,0,0.0038251341320574284,4,0.9397580033870193
76561198137425032,0,0.07264109700918198,4,0.9397580033870193
76561198110394856,0,0.0030512898229062557,4,0.9397580033870193
76561198049114413,0,0.010622519999742508,4,0.9397580033870193
76561198071203335,0,0.1295519322156906,4,0.9397580033870193
76561198243654736,0,0.0375807024538517,4,0.9397580033870193
76561198268886197,0,0.02049999125301838,4,0.9397580033870193
76561199203085636,0,0.0039181835018098354,4,0.9397580033870193
76561198046968393,0,0.27610331773757935,4,0.9397580033870193
76561198153065830,0,0.007017761003226042,4,0.9397580033870193
76561198986828616,0,0.005792576819658279,4,0.9397580033870193
76561198380336901,0,0.004188639111816883,4,0.9397580033870193
76561198191340299,0,0.04362225532531738,4,0.9397580033870193
76561198448692111,0,0.004037030972540379,4,0.9397580033870193
76561198239971226,0,0.09065143764019012,4,0.9397580033870193
76561198082060606,0,0.006883122026920319,4,0.9397580033870193
76561199085200905,0,0.010614650323987007,4,0.9397580033870193
76561198283307170,1,0.9914594888687134,4,0.9397580033870193
76561198930453665,0,0.00715296808630228,4,0.9397580033870193
76561198964298791,0,0.0037336833775043488,4,0.9397580033870193
76561198104501957,0,0.010117814876139164,4,0.9397580033870193
76561199052901363,0,0.020771197974681854,4,0.9397580033870193
76561198012870962,0,0.019843509420752525,4,0.9397580033870193
76561198003688092,0,0.2362862229347229,4,0.9397580033870193
76561198000007846,0,0.11631083488464355,4,0.9397580033870193
76561198116176129,0,0.005566996056586504,4,0.9397580033870193
76561199004974436,0,0.003689466742798686,4,0.9397580033870193
76561198387770813,1,0.9368374943733215,4,0.9397580033870193
76561198007382416,0,0.5396737456321716,4,0.9397580033870193
76561198030767686,0,0.00792130921036005,4,0.9397580033870193
76561198286480533,0,0.006662060972303152,4,0.9397580033870193
76561197990203409,0,0.14368022978305817,4,0.9397580033870193
76561198075857070,0,0.1854364275932312,4,0.9397580033870193
76561199212464292,0,0.66353839635849,4,0.9397580033870193
76561198857462819,0,0.006298061925917864,4,0.9397580033870193
76561198867789459,1,0.9843706488609314,4,0.9397580033870193
76561199179950645,0,0.008702783845365047,4,0.9397580033870193
76561198364881373,0,0.0038828018587082624,4,0.9397580033870193
76561198030650644,0,0.0056901248171925545,4,0.9397580033870193
76561198144803330,0,0.019191963598132133,4,0.9397580033870193
76561198052664202,0,0.11070657521486282,4,0.9397580033870193
76561198007996160,0,0.006606373470276594,4,0.9397580033870193
76561199227090103,0,0.24542108178138733,4,0.9397580033870193
76561198077073294,0,0.10630182921886444,4,0.9397580033870193
76561199541156592,0,0.004788161255419254,4,0.9397580033870193
76561198101359842,0,0.8590282797813416,4,0.9397580033870193
76561198356058344,0,0.006476305425167084,4,0.9397580033870193
76561198163726826,0,0.003213590243831277,4,0.9397580033870193
76561198121234790,0,0.827130913734436,4,0.9397580033870193
76561198255342482,0,0.4226316511631012,4,0.9397580033870193
76561199549228582,0,0.006228495854884386,4,0.9397580033870193
76561198067020742,0,0.003005887381732464,4,0.9397580033870193
76561198069979707,0,0.013508928939700127,4,0.9397580033870193
76561199145468069,0,0.0037109144032001495,4,0.9397580033870193
76561199081250374,0,0.0045499238185584545,4,0.9397580033870193
76561198202467734,0,0.8009089231491089,4,0.9397580033870193
76561199071066716,0,0.003059184877201915,4,0.9397580033870193
76561199005282205,0,0.02102312259376049,4,0.9397580033870193
76561198811329442,0,0.012433800846338272,4,0.9397580033870193
76561198274209402,0,0.004568907897919416,4,0.9397580033870193
76561199160374325,0,0.8228936791419983,4,0.9397580033870193
76561199588709832,0,0.19550609588623047,4,0.9397580033870193
76561199428223999,0,0.01044484879821539,4,0.9397580033870193
76561197961913635,0,0.2868126332759857,4,0.9397580033870193
76561199162326388,0,0.007429860066622496,4,0.9397580033870193
76561198956577306,0,0.5249794721603394,4,0.9397580033870193
76561197991114798,0,0.17185692489147186,4,0.9397580033870193
76561199278047947,0,0.18778131902217865,4,0.9397580033870193
76561197993584509,0,0.10916510224342346,4,0.9397580033870193
76561199146389891,0,0.005249206908047199,4,0.9397580033870193
76561198035608400,0,0.12605196237564087,4,0.9397580033870193
76561198194898554,0,0.9511087536811829,4,0.9397580033870193
76561199044078320,0,0.015842901542782784,4,0.9397580033870193
76561199623765771,0,0.09017650038003922,4,0.9397580033870193
76561199017100043,0,0.012111717835068703,4,0.9397580033870193
76561198353861521,0,0.003402814967557788,4,0.9397580033870193
76561198016135626,0,0.024387191981077194,4,0.9397580033870193
76561199226361757,0,0.004690011031925678,4,0.9397580033870193
76561199124305775,0,0.00879864115267992,4,0.9397580033870193
76561198104164002,0,0.013172198086977005,4,0.9397580033870193
76561199189912609,0,0.005396212451159954,4,0.9397580033870193
76561199089146020,0,0.0040797283872962,4,0.9397580033870193
76561198990564001,0,0.011582531034946442,4,0.9397580033870193
76561199507497653,0,0.005832866299897432,4,0.9397580033870193
76561198171269379,0,0.0028511390555649996,4,0.9397580033870193
76561199051608901,0,0.0035553951747715473,4,0.9397580033870193
76561198067425433,0,0.14292550086975098,4,0.9397580033870193
76561199743847504,0,0.021450888365507126,4,0.9397580033870193
76561198850322519,0,0.00741915637627244,4,0.9397580033870193
76561198274487220,0,0.046973295509815216,4,0.9397580033870193
76561198164139839,0,0.006347381975501776,4,0.9397580033870193
76561198006227898,0,0.008062205277383327,4,0.9397580033870193
76561199033550387,0,0.003059184877201915,4,0.9397580033870193
76561198094808203,0,0.01903277449309826,4,0.9397580033870193
76561198410455228,0,0.006009192671626806,4,0.9397580033870193
76561198017611802,0,0.0069374158047139645,4,0.9397580033870193
76561198841522222,0,0.003188684117048979,4,0.9397580033870193
76561198033371449,0,0.9110828638076782,4,0.9397580033870193
76561199184924165,0,0.004788938444107771,4,0.9397580033870193
76561199497349706,0,0.010745730251073837,4,0.9397580033870193
76561198356510263,0,0.0064330874010920525,4,0.9397580033870193
76561198831702744,0,0.005351671017706394,4,0.9397580033870193
76561199479365336,0,0.02291104570031166,4,0.9397580033870193
76561198451466904,0,0.003397854045033455,4,0.9397580033870193
76561198362384415,0,0.03588983416557312,4,0.9397580033870193
76561198036106249,0,0.004513977561146021,4,0.9397580033870193
76561198994806904,0,0.039223309606313705,4,0.9397580033870193
76561198075374465,0,0.006214415654540062,4,0.9397580033870193
76561198049957665,0,0.006031638476997614,4,0.9397580033870193
76561198314428199,0,0.00461252685636282,4,0.9397580033870193
76561198024142053,0,0.9099645018577576,4,0.9397580033870193
76561198003763491,0,0.198016956448555,4,0.9397580033870193
76561198796309690,0,0.07329030334949493,4,0.9397580033870193
76561198069822632,0,0.1593509018421173,4,0.9397580033870193
76561198177909131,0,0.005488745868206024,4,0.9397580033870193
76561198142820410,0,0.47398641705513,4,0.9397580033870193
76561198266013173,0,0.575829803943634,4,0.9397580033870193
76561199024423485,0,0.677245020866394,4,0.9397580033870193
76561198991704922,0,0.017692698165774345,4,0.9397580033870193
76561198155241326,0,0.9312721490859985,4,0.9397580033870193
76561198137760471,0,0.008465773425996304,4,0.9397580033870193
76561197976336955,0,0.0037374808453023434,4,0.9397580033870193
76561199003781552,0,0.0034310922492295504,4,0.9397580033870193
76561199215148940,1,0.9339085817337036,4,0.9397580033870193
76561198349297460,0,0.016282394528388977,4,0.9397580033870193
76561198043901597,0,0.4183960258960724,4,0.9397580033870193
76561197996428923,0,0.004239344038069248,4,0.9397580033870193
76561198966632241,0,0.0040797283872962,4,0.9397580033870193
76561198025865363,0,0.005172763951122761,4,0.9397580033870193
76561198081418238,0,0.005094442516565323,4,0.9397580033870193
76561198032128580,0,0.024502165615558624,4,0.9397580033870193
76561198079191004,0,0.02373034507036209,4,0.9397580033870193
76561198299377612,0,0.3127743899822235,4,0.9397580033870193
76561199071689611,0,0.006049525924026966,4,0.9397580033870193
76561198075888872,0,0.5864224433898926,4,0.9397580033870193
76561198882828111,0,0.0038251341320574284,4,0.9397580033870193
76561199185463580,0,0.003994009457528591,4,0.9397580033870193
76561197968511994,0,0.004967587999999523,4,0.9397580033870193
76561198813007020,0,0.0028198815416544676,4,0.9397580033870193
76561198312350095,0,0.007104025688022375,4,0.9397580033870193
76561198027097614,0,0.4598754942417145,4,0.9397580033870193
76561199008356019,0,0.010555005632340908,4,0.9397580033870193
76561199012535375,0,0.008413439616560936,4,0.9397580033870193
76561199043261098,0,0.008829960599541664,4,0.9397580033870193
76561198801481481,0,0.8405455946922302,4,0.9397580033870193
76561199013335934,0,0.012162309139966965,4,0.9397580033870193
76561198397284686,0,0.5622378587722778,4,0.9397580033870193
76561199037862892,0,0.003999337553977966,4,0.9397580033870193
76561198061434739,1,0.8185080289840698,4,0.9397580033870193
76561197986949507,0,0.004237599205225706,4,0.9397580033870193
76561199041700743,0,0.02362895756959915,4,0.9397580033870193
76561198446466849,0,0.07675565779209137,4,0.9397580033870193
76561198330443217,0,0.9171611666679382,4,0.9397580033870193
76561198137334624,0,0.005092166364192963,4,0.9397580033870193
76561198077424037,0,0.13958071172237396,4,0.9397580033870193
76561198324123318,0,0.003397854045033455,4,0.9397580033870193
76561199050693759,0,0.137010857462883,4,0.9397580033870193
76561199010021140,0,0.009428141638636589,4,0.9397580033870193
76561199026977112,0,0.010207416489720345,4,0.9397580033870193
76561198920188879,0,0.00397853646427393,4,0.9397580033870193
76561199056158192,0,0.03408477082848549,4,0.9397580033870193
76561199257039882,0,0.9894806146621704,4,0.9397580033870193
76561198821305930,0,0.06152055785059929,4,0.9397580033870193
76561199235394510,0,0.13771121203899384,4,0.9397580033870193
76561198170430651,0,0.03253243863582611,4,0.9397580033870193
76561198262237758,0,0.8509510159492493,4,0.9397580033870193
76561199060913139,0,0.5279919505119324,4,0.9397580033870193
76561198137643091,0,0.004501669201999903,4,0.9397580033870193
76561199068729617,0,0.011393407359719276,4,0.9397580033870193
76561198281195402,0,0.3794742226600647,4,0.9397580033870193
76561198409107269,0,0.005412131082266569,4,0.9397580033870193
76561198303275814,0,0.019263772293925285,4,0.9397580033870193
76561198992280889,0,0.8120912909507751,4,0.9397580033870193
76561198316320850,0,0.1289743185043335,4,0.9397580033870193
76561197986757675,0,0.0675673559308052,4,0.9397580033870193
76561198880437455,1,0.9722743630409241,4,0.9397580033870193
76561199367518594,0,0.04224671423435211,4,0.9397580033870193
76561199055203258,0,0.004001731518656015,4,0.9397580033870193
76561198966622279,0,0.076551154255867,4,0.9397580033870193
76561199330105868,0,0.883391797542572,4,0.9397580033870193
76561198867059327,0,0.009614227339625359,4,0.9397580033870193
76561198024998000,0,0.014793689362704754,4,0.9397580033870193
76561198054645292,0,0.004725334234535694,4,0.9397580033870193
76561198166042990,0,0.010934769175946712,4,0.9397580033870193
76561198333629348,0,0.0032813777215778828,4,0.9397580033870193
76561199019806815,0,0.012484507635235786,4,0.9397580033870193
76561199077728418,0,0.0068558803759515285,4,0.9397580033870193
76561198246776874,0,0.009293205104768276,4,0.9397580033870193
76561198145284745,0,0.006671025417745113,4,0.9397580033870193
76561198284883451,0,0.005068476777523756,4,0.9397580033870193
76561198057384021,0,0.0066109695471823215,4,0.9397580033870193
76561198079974741,0,0.026646001264452934,4,0.9397580033870193
76561198301549227,0,0.02149493247270584,4,0.9397580033870193
76561198390341954,0,0.004917902406305075,4,0.9397580033870193
76561198007220510,0,0.1447591334581375,4,0.9397580033870193
76561198850814785,0,0.005175522994250059,4,0.9397580033870193
76561197991526539,0,0.011957921087741852,4,0.9397580033870193
76561198269224197,0,0.004336166195571423,4,0.9397580033870193
76561198083206263,0,0.003609780455008149,4,0.9397580033870193
76561198845831103,0,0.04777896776795387,4,0.9397580033870193
76561198001692436,0,0.004843830596655607,4,0.9397580033870193
76561198055902861,0,0.00832479540258646,4,0.9397580033870193
76561198315545976,0,0.02858205884695053,4,0.9397580033870193
76561199113427802,0,0.004384996369481087,4,0.9397580033870193
76561199542030328,0,0.004984213504940271,4,0.9397580033870193
76561199389686557,0,0.013172922655940056,4,0.9397580033870193
76561199049298468,0,0.008758609183132648,4,0.9397580033870193
76561199071565914,0,0.019231973215937614,4,0.9397580033870193
76561198846945517,0,0.01415857020765543,4,0.9397580033870193
76561199004681934,0,0.004981731064617634,4,0.9397580033870193
76561199369160401,0,0.003540897974744439,4,0.9397580033870193
76561198005068450,0,0.003700724570080638,4,0.9397580033870193
76561198068751053,0,0.40697506070137024,4,0.9397580033870193
76561198167739790,0,0.004690011031925678,4,0.9397580033870193
76561198009549733,0,0.007459418848156929,4,0.9397580033870193
76561198810669281,0,0.8605350852012634,4,0.9397580033870193
76561197991969501,0,0.031774308532476425,4,0.9397580033870193
76561198057331186,0,0.27356892824172974,4,0.9397580033870193
76561198073305133,0,0.2810441255569458,4,0.9397580033870193
76561197971056462,0,0.2598462700843811,4,0.9397580033870193
76561199369160282,0,0.7012677788734436,4,0.9397580033870193
76561199211013644,0,0.22639985382556915,4,0.9397580033870193
76561199059380514,0,0.0042332918383181095,4,0.9397580033870193
76561199086105494,0,0.4914788007736206,4,0.9397580033870193
76561199549912407,0,0.004229433834552765,4,0.9397580033870193
76561199240247414,0,0.005506792571395636,4,0.9397580033870193
76561198045283400,0,0.4061843156814575,4,0.9397580033870193
76561198067497705,0,0.004893842153251171,4,0.9397580033870193
76561198112241649,0,0.38567274808883667,4,0.9397580033870193
76561198033366207,0,0.21397504210472107,4,0.9397580033870193
76561198131302315,0,0.06308922171592712,4,0.9397580033870193
76561197960845324,0,0.3015780746936798,4,0.9397580033870193
76561198105262291,0,0.10722526907920837,4,0.9397580033870193
76561198006756621,0,0.003689466742798686,4,0.9397580033870193
76561199152819939,1,0.9923606514930725,4,0.9397580033870193
76561198149458325,0,0.006377518642693758,4,0.9397580033870193
76561198032572742,0,0.020962204784154892,4,0.9397580033870193
76561198865115160,0,0.13308139145374298,4,0.9397580033870193
76561198067861938,0,0.09592197090387344,4,0.9397580033870193
76561198350207869,0,0.06649884581565857,4,0.9397580033870193
76561199098374913,0,0.009970025159418583,4,0.9397580033870193
76561198155351324,0,0.7960385680198669,4,0.9397580033870193
76561198071209494,0,0.19912101328372955,4,0.9397580033870193
76561198207376361,0,0.5978690385818481,4,0.9397580033870193
76561199668884975,0,0.009648148901760578,4,0.9397580033870193
76561198328555671,0,0.005147277377545834,4,0.9397580033870193
76561198072567191,0,0.013865598477423191,4,0.9397580033870193
76561198066303749,0,0.3681854009628296,4,0.9397580033870193
76561199106433229,0,0.019713276997208595,4,0.9397580033870193
76561198041025983,0,0.17603634297847748,4,0.9397580033870193
76561198067146681,0,0.23640766739845276,4,0.9397580033870193
76561199151404682,0,0.10675059258937836,4,0.9397580033870193
76561198032670429,1,0.9927132725715637,4,0.9397580033870193
76561199511380634,0,0.003517257748171687,4,0.9397580033870193
76561198092324927,0,0.0030669707339257,4,0.9397580033870193
76561198036378652,0,0.010104622691869736,4,0.9397580033870193
76561199247855832,1,0.9922479391098022,4,0.9397580033870193
76561198131773956,0,0.09641771763563156,4,0.9397580033870193
76561199219591514,0,0.003128980752080679,4,0.9397580033870193
76561198124158041,0,0.003689466742798686,4,0.9397580033870193
76561199058830080,0,0.04435509815812111,4,0.9397580033870193
76561198055348613,0,0.24270497262477875,4,0.9397580033870193
76561199231599151,0,0.006443949416279793,4,0.9397580033870193
76561198845475724,0,0.007617352996021509,4,0.9397580033870193
76561199028158940,0,0.05568332225084305,4,0.9397580033870193
76561197984654633,0,0.005222741048783064,4,0.9397580033870193
76561199057540201,0,0.018465757369995117,4,0.9397580033870193
76561199163221515,0,0.027843836694955826,4,0.9397580033870193
76561198447201318,0,0.6485002040863037,4,0.9397580033870193
76561198829262299,0,0.04159639775753021,4,0.9397580033870193
76561199123527244,0,0.0031835988629609346,4,0.9397580033870193
76561198297957124,0,0.004713640082627535,4,0.9397580033870193
76561198061286280,0,0.004855514038354158,4,0.9397580033870193
76561199103177461,0,0.08950015902519226,4,0.9397580033870193
76561198156945953,0,0.004077950492501259,4,0.9397580033870193
76561199139412607,0,0.015099018812179565,4,0.9397580033870193
76561198882070786,0,0.005524195730686188,4,0.9397580033870193
76561199111173119,0,0.06820806115865707,4,0.9397580033870193
76561199119161928,0,0.00442512659355998,4,0.9397580033870193
76561198077310559,0,0.15916433930397034,4,0.9397580033870193
76561199145618914,0,0.0036008544266223907,4,0.9397580033870193
76561198396093780,0,0.01579156145453453,4,0.9397580033870193
76561198172677214,0,0.07987514138221741,4,0.9397580033870193
76561198022002564,0,0.004195220302790403,4,0.9397580033870193
76561199487092812,0,0.014510342851281166,4,0.9397580033870193
76561198024019920,0,0.004082684405148029,4,0.9397580033870193
76561198077529862,0,0.008587912656366825,4,0.9397580033870193
76561198165539103,0,0.9736344814300537,4,0.9397580033870193
76561198196841274,0,0.006965885870158672,4,0.9397580033870193
76561198032756601,0,0.005261762998998165,4,0.9397580033870193
76561199119860300,0,0.010265510529279709,4,0.9397580033870193
76561199168274699,0,0.004331694915890694,4,0.9397580033870193
76561198420775948,0,0.005052104592323303,4,0.9397580033870193
76561198222844976,0,0.009654749184846878,4,0.9397580033870193
76561199530321141,0,0.8202606439590454,4,0.9397580033870193
76561199039686385,0,0.06922847032546997,4,0.9397580033870193
76561198037036474,0,0.0034638482611626387,4,0.9397580033870193
76561198130424498,0,0.035196803510189056,4,0.9397580033870193
76561198189135289,0,0.9862361550331116,4,0.9397580033870193
76561199136683831,0,0.0061200340278446674,4,0.9397580033870193
76561198021743508,0,0.018729066476225853,4,0.9397580033870193
76561197983275252,0,0.02327459491789341,4,0.9397580033870193
76561198844746115,0,0.00486069405451417,4,0.9397580033870193
76561199023402536,0,0.0035874166060239077,4,0.9397580033870193
76561199107181202,1,0.9251733422279358,4,0.9397580033870193
76561199010603764,0,0.04904189333319664,4,0.9397580033870193
76561199061974030,0,0.0040797283872962,4,0.9397580033870193
76561198182198270,0,0.006655730772763491,4,0.9397580033870193
76561198010186575,0,0.00304594193585217,4,0.9397580033870193
76561198005862441,0,0.0206573735922575,4,0.9397580033870193
76561198857020505,0,0.008386407978832722,4,0.9397580033870193
76561199013169385,0,0.0036528350319713354,4,0.9397580033870193
76561199003188294,0,0.8524549007415771,4,0.9397580033870193
76561198394906138,0,0.4520248472690582,4,0.9397580033870193
76561198134327445,0,0.038293611258268356,4,0.9397580033870193
76561199184135005,0,0.4824180006980896,4,0.9397580033870193
76561198127711598,0,0.1226683184504509,4,0.9397580033870193
76561199170371190,0,0.02557683363556862,4,0.9397580033870193
76561198306658496,0,0.8034144639968872,4,0.9397580033870193
76561198046997513,0,0.005893308203667402,4,0.9397580033870193
76561199384999753,0,0.8081546425819397,4,0.9397580033870193
76561198451540258,0,0.28979650139808655,4,0.9397580033870193
76561199197072772,0,0.008758609183132648,4,0.9397580033870193
76561199043703661,0,0.013964447192847729,4,0.9397580033870193
76561198054603957,0,0.3712039291858673,4,0.9397580033870193
76561198011555484,0,0.08139786124229431,4,0.9397580033870193
76561198104772026,0,0.025227786973118782,4,0.9397580033870193
76561198277104283,0,0.4563843905925751,4,0.9397580033870193
76561197971185701,0,0.011572490446269512,4,0.9397580033870193
76561199376170743,0,0.0043252077884972095,4,0.9397580033870193
76561198813404006,0,0.22791308164596558,4,0.9397580033870193
76561198044136939,0,0.2228551208972931,4,0.9397580033870193
76561198853557103,0,0.9717152714729309,4,0.9397580033870193
76561198007046853,0,0.007445856463164091,4,0.9397580033870193
76561198943782955,0,0.08605749160051346,4,0.9397580033870193
76561198080305750,0,0.003186117624863982,4,0.9397580033870193
76561198125595011,0,0.005672698374837637,4,0.9397580033870193
76561198870648145,0,0.19019782543182373,4,0.9397580033870193
76561199203086979,0,0.00400564493611455,4,0.9397580033870193
76561198069665215,0,0.18226397037506104,4,0.9397580033870193
76561198055950570,0,0.0031030226964503527,4,0.9397580033870193
76561199114994436,0,0.0037850148510187864,4,0.9397580033870193
76561199486738387,0,0.00411916384473443,4,0.9397580033870193
76561199510424291,0,0.24674615263938904,4,0.9397580033870193
76561198085436923,0,0.10340869426727295,4,0.9397580033870193
76561198051825802,0,0.004136843141168356,4,0.9397580033870193
76561199224295752,0,0.5876508355140686,4,0.9397580033870193
76561199390096940,0,0.00550829665735364,4,0.9397580033870193
76561198927556527,0,0.012986904941499233,4,0.9397580033870193
76561198832867897,0,0.005568984430283308,4,0.9397580033870193
76561198230560180,0,0.00550829665735364,4,0.9397580033870193
76561199162748358,0,0.0060714129358530045,4,0.9397580033870193
76561198095685466,0,0.003984286915510893,4,0.9397580033870193
76561198336506938,0,0.05447058752179146,4,0.9397580033870193
76561198107919933,0,0.013093848712742329,4,0.9397580033870193
76561198363793760,0,0.6628895998001099,4,0.9397580033870193
76561199389805279,0,0.0031660213135182858,4,0.9397580033870193
76561198082993509,0,0.10553859919309616,4,0.9397580033870193
76561199274000875,0,0.0459505058825016,4,0.9397580033870193
76561198264955194,0,0.004230888560414314,4,0.9397580033870193
76561199244221654,0,0.6524348258972168,4,0.9397580033870193
76561198315552080,0,0.005447980482131243,4,0.9397580033870193
76561199134396588,0,0.0037737153470516205,4,0.9397580033870193
76561198061956268,0,0.09538248181343079,4,0.9397580033870193
76561199470369080,0,0.01717853546142578,4,0.9397580033870193
76561198093610952,0,0.004465441219508648,4,0.9397580033870193
76561198066985360,0,0.006731598637998104,4,0.9397580033870193
76561199082594687,0,0.007373102009296417,4,0.9397580033870193
76561198080526554,0,0.02619810216128826,4,0.9397580033870193
76561198198255890,0,0.004656648263335228,4,0.9397580033870193
76561198047277707,0,0.10031323879957199,4,0.9397580033870193
76561199100620048,0,0.004549653735011816,4,0.9397580033870193
76561198296670736,0,0.0036678537726402283,4,0.9397580033870193
76561199538477360,0,0.011082738637924194,4,0.9397580033870193
76561198886273632,0,0.003689466742798686,4,0.9397580033870193
76561199000855068,0,0.008344178088009357,4,0.9397580033870193
76561198106422681,0,0.006681834813207388,4,0.9397580033870193
76561199040329955,0,0.0037316831294447184,4,0.9397580033870193
76561198072068449,0,0.003397854045033455,4,0.9397580033870193
76561198418947643,0,0.0778045728802681,4,0.9397580033870193
76561198060178882,0,0.005900190677493811,4,0.9397580033870193
76561198258925201,1,0.9801611304283142,4,0.9397580033870193
76561198051655385,0,0.007811733987182379,4,0.9397580033870193
76561198362871619,0,0.9079165458679199,4,0.9397580033870193
76561199550268685,0,0.010790521278977394,4,0.9397580033870193
76561197987084431,0,0.005744286812841892,4,0.9397580033870193
76561199730199137,0,0.07897702604532242,4,0.9397580033870193
76561198868923576,0,0.010016544722020626,4,0.9397580033870193
76561198062220556,0,0.1294158548116684,4,0.9397580033870193
76561198019876349,0,0.0049069286324083805,4,0.9397580033870193
76561198170160402,0,0.7917805314064026,4,0.9397580033870193
76561198061438593,0,0.49901607632637024,4,0.9397580033870193
76561198881252138,1,0.9935816526412964,4,0.9397580033870193
76561198022751934,0,0.5114540457725525,4,0.9397580033870193
76561198046078526,0,0.003343496471643448,4,0.9397580033870193
76561199497560114,0,0.005016245413571596,4,0.9397580033870193
76561198290508525,0,0.004091145936399698,4,0.9397580033870193
76561199044015192,1,0.6702714562416077,4,0.9397580033870193
76561199139154730,0,0.0046934825368225574,4,0.9397580033870193
76561197993611850,1,0.6505054235458374,4,0.9397580033870193
76561198062700804,0,0.0072749024257063866,4,0.9397580033870193
76561198064153257,0,0.15941032767295837,4,0.9397580033870193
76561198841573815,0,0.005936633329838514,4,0.9397580033870193
76561198114057522,0,0.005038632545620203,4,0.9397580033870193
76561199023418107,0,0.01474805735051632,4,0.9397580033870193
76561198130034218,0,0.005222558043897152,4,0.9397580033870193
76561198168967314,0,0.16954973340034485,4,0.9397580033870193
76561199151969195,1,0.8578085899353027,4,0.9397580033870193
76561199126319632,0,0.0052259210497140884,4,0.9397580033870193
76561198020863540,0,0.3061116933822632,4,0.9397580033870193
76561198364692950,0,0.005653243977576494,4,0.9397580033870193
76561198445419876,0,0.003931067883968353,4,0.9397580033870193
76561198324449724,0,0.008192077279090881,4,0.9397580033870193
76561198116265311,0,0.011510135605931282,4,0.9397580033870193
76561198068676634,0,0.017628302797675133,4,0.9397580033870193
76561199339908415,0,0.9662019610404968,4,0.9397580033870193
76561198129987119,0,0.15782512724399567,4,0.9397580033870193
76561197982926301,0,0.0054662819020450115,4,0.9397580033870193
76561199035529901,0,0.8030147552490234,4,0.9397580033870193
76561198436007499,0,0.0031962150242179632,4,0.9397580033870193
76561199013968705,0,0.0040797283872962,4,0.9397580033870193
76561198041564522,0,0.006194974295794964,4,0.9397580033870193
76561198193128387,0,0.005232198629528284,4,0.9397580033870193
76561198077176285,0,0.06139674782752991,4,0.9397580033870193
76561199265646017,1,0.9879931211471558,4,0.9397580033870193
76561197997533301,0,0.007443637121468782,4,0.9397580033870193
76561199618641977,0,0.00810810923576355,4,0.9397580033870193
76561199095492595,0,0.9756858944892883,4,0.9397580033870193
76561197964230395,0,0.004819863475859165,4,0.9397580033870193
76561199466531153,0,0.006443021818995476,4,0.9397580033870193
76561199014925348,0,0.013758596032857895,4,0.9397580033870193
76561198172314227,0,0.005381511524319649,4,0.9397580033870193
76561198305746753,0,0.0037394629325717688,4,0.9397580033870193
76561198070298390,0,0.2251388132572174,4,0.9397580033870193
76561198142650707,0,0.12504179775714874,4,0.9397580033870193
76561199168457172,0,0.0126692745834589,4,0.9397580033870193
76561198151114652,0,0.07894369959831238,4,0.9397580033870193
76561199054959515,0,0.017986580729484558,4,0.9397580033870193
76561198410655686,0,0.004113825038075447,4,0.9397580033870193
76561197971111044,0,0.008306130766868591,4,0.9397580033870193
76561198167226403,0,0.9853979349136353,4,0.9397580033870193
76561198299180303,0,0.007337208371609449,4,0.9397580033870193
76561198196203165,0,0.004342604894191027,4,0.9397580033870193
76561198940956836,0,0.024894312024116516,4,0.9397580033870193
76561199013550591,0,0.8053598999977112,4,0.9397580033870193
76561197981203651,0,0.00331140891648829,4,0.9397580033870193
76561197971620226,0,0.022305062040686607,4,0.9397580033870193
76561199326175156,0,0.013701902702450752,4,0.9397580033870193
76561198842944986,0,0.021900294348597527,4,0.9397580033870193
76561197975682673,0,0.030738266184926033,4,0.9397580033870193
76561198083995380,0,0.04855332896113396,4,0.9397580033870193
76561199199006727,0,0.036079831421375275,4,0.9397580033870193
76561198335933249,0,0.0035808198153972626,4,0.9397580033870193
76561198138246904,0,0.003929666243493557,4,0.9397580033870193
76561198007109509,0,0.008290563710033894,4,0.9397580033870193
76561199229284612,0,0.023332463577389717,4,0.9397580033870193
76561198120295666,0,0.07948474586009979,4,0.9397580033870193
76561199020183226,0,0.07643598318099976,4,0.9397580033870193
76561198109753870,0,0.006994412746280432,4,0.9397580033870193
76561198879022557,0,0.018159514293074608,4,0.9397580033870193
76561197988686558,0,0.02293742261826992,4,0.9397580033870193
76561198134145912,0,0.00346538913436234,4,0.9397580033870193
76561199138269323,0,0.005599263124167919,4,0.9397580033870193
76561199160953239,0,0.010873924009501934,4,0.9397580033870193
76561198012071118,0,0.004307192284613848,4,0.9397580033870193
76561199139065817,0,0.00538061885163188,4,0.9397580033870193
76561198850653774,0,0.6780341863632202,4,0.9397580033870193
76561199243518932,0,0.0030521482694894075,4,0.9397580033870193
76561199647092675,0,0.0056093716993927956,4,0.9397580033870193
76561198354602014,0,0.011677656322717667,4,0.9397580033870193
76561199099864488,0,0.005509571637958288,4,0.9397580033870193
76561198846814799,0,0.0029439653735607862,4,0.9397580033870193
76561199199919419,0,0.013158203102648258,4,0.9397580033870193
76561198823876104,0,0.11399567127227783,4,0.9397580033870193
76561198030322066,0,0.017193790525197983,4,0.9397580033870193
76561199039846646,0,0.1156468465924263,4,0.9397580033870193
76561198887847576,0,0.0037937923334538937,4,0.9397580033870193
76561199198776624,0,0.011093833483755589,4,0.9397580033870193
76561198311400209,0,0.0035281763412058353,4,0.9397580033870193
76561198390520761,0,0.0965040847659111,4,0.9397580033870193
76561198807882922,0,0.004284292459487915,4,0.9397580033870193
76561198001636154,1,0.9210523962974548,4,0.9397580033870193
76561198391156259,0,0.12901389598846436,4,0.9397580033870193
76561198093869174,0,0.008492185734212399,4,0.9397580033870193
76561198897313581,0,0.005396683234721422,4,0.9397580033870193
76561199221557840,0,0.005462595261633396,4,0.9397580033870193
76561198127308488,0,0.022655455395579338,4,0.9397580033870193
76561198025801087,1,0.967246413230896,4,0.9397580033870193
76561198022399700,1,0.897222638130188,4,0.9397580033870193
76561198336960056,0,0.007170686963945627,4,0.9397580033870193
76561198341254643,0,0.9737000465393066,4,0.9397580033870193
76561199105465433,0,0.019709158688783646,4,0.9397580033870193
76561198173017381,0,0.0032054821494966745,4,0.9397580033870193
76561198441194179,0,0.023839086294174194,4,0.9397580033870193
76561198054117133,0,0.20987075567245483,4,0.9397580033870193
76561198023089980,0,0.7452520728111267,4,0.9397580033870193
76561199071223052,1,0.9734773635864258,4,0.9397580033870193
76561198093057902,0,0.039798393845558167,4,0.9397580033870193
76561198402916227,0,0.00317942351102829,4,0.9397580033870193
76561199242430031,0,0.03853309899568558,4,0.9397580033870193
76561199057194377,0,0.10354865342378616,4,0.9397580033870193
76561198007367963,0,0.06778696924448013,4,0.9397580033870193
76561198004272807,0,0.02938377484679222,4,0.9397580033870193
76561198025212892,0,0.005844760220497847,4,0.9397580033870193
76561198004174654,0,0.004919085651636124,4,0.9397580033870193
76561199348936854,0,0.0036067564506083727,4,0.9397580033870193
76561198091665755,0,0.006130295339971781,4,0.9397580033870193
76561197970517418,0,0.46643316745758057,4,0.9397580033870193
76561198052792778,0,0.4031464457511902,4,0.9397580033870193
76561197986927837,0,0.2984498143196106,4,0.9397580033870193
76561198146758601,0,0.003928962163627148,4,0.9397580033870193
76561198146961434,0,0.08488303422927856,4,0.9397580033870193
76561198037536023,0,0.0999872088432312,4,0.9397580033870193
76561199007306795,0,0.010302186943590641,4,0.9397580033870193
76561199019482620,0,0.003440386848524213,4,0.9397580033870193
76561198213273252,0,0.0040797283872962,4,0.9397580033870193
76561198080837717,0,0.5465418100357056,4,0.9397580033870193
76561198015605131,0,0.011683205142617226,4,0.9397580033870193
76561198010095731,0,0.03225637599825859,4,0.9397580033870193
76561199002294472,0,0.050366733223199844,4,0.9397580033870193
76561198894380109,0,0.9852016568183899,4,0.9397580033870193
76561198083402054,0,0.0035997596569359303,4,0.9397580033870193
76561198847494707,0,0.0072424327954649925,4,0.9397580033870193
76561199020484642,0,0.6331730484962463,4,0.9397580033870193
76561198450324136,0,0.003700601402670145,4,0.9397580033870193
76561199481824510,0,0.004017626866698265,4,0.9397580033870193
76561198118903186,0,0.06121908873319626,4,0.9397580033870193
76561199105115881,0,0.0031081039924174547,4,0.9397580033870193
76561198106949202,0,0.004297604318708181,4,0.9397580033870193
76561197966851608,0,0.016458362340927124,4,0.9397580033870193
76561198194453785,0,0.00538061885163188,4,0.9397580033870193
76561198119619166,0,0.08742085099220276,4,0.9397580033870193
76561199189635533,0,0.003397854045033455,4,0.9397580033870193
76561198256272245,0,0.09695249050855637,4,0.9397580033870193
76561198026020107,0,0.004491440951824188,4,0.9397580033870193
76561197981983565,0,0.06781019270420074,4,0.9397580033870193
76561197970311879,0,0.005784585606306791,4,0.9397580033870193
76561198283956948,0,0.01515867281705141,4,0.9397580033870193
76561197980234885,1,0.10489886999130249,4,0.9397580033870193
76561198391384085,0,0.17139536142349243,4,0.9397580033870193
76561199547051780,0,0.004535632207989693,4,0.9397580033870193
76561198839223052,0,0.1060977503657341,4,0.9397580033870193
76561199617507057,0,0.0068495492450892925,4,0.9397580033870193
76561199208985622,0,0.009648480452597141,4,0.9397580033870193
76561198297018317,0,0.0040797283872962,4,0.9397580033870193
76561198183005802,1,0.5779358148574829,4,0.9397580033870193
76561199325814764,0,0.040997330099344254,4,0.9397580033870193
76561197966888791,0,0.004480286967009306,4,0.9397580033870193
76561198027236522,0,0.03106437809765339,4,0.9397580033870193
76561198992879988,0,0.002998190699145198,4,0.9397580033870193
76561199224894140,0,0.0033087374176830053,4,0.9397580033870193
76561198856965096,0,0.003397854045033455,4,0.9397580033870193
76561199120474399,0,0.0038488279096782207,4,0.9397580033870193
76561199067108751,0,0.532195508480072,4,0.9397580033870193
76561199163286270,0,0.23792709410190582,4,0.9397580033870193
76561198375994870,0,0.0036913834046572447,4,0.9397580033870193
76561199052982181,0,0.0040797283872962,4,0.9397580033870193
76561198842005603,0,0.007603630423545837,4,0.9397580033870193
76561199090325810,0,0.011510135605931282,4,0.9397580033870193
76561198166537769,0,0.0037508495151996613,4,0.9397580033870193
76561197964620399,0,0.6337122917175293,4,0.9397580033870193
76561198027131417,0,0.032389018684625626,4,0.9397580033870193
76561199520629630,0,0.016949297860264778,4,0.9397580033870193
76561198007663027,0,0.20508478581905365,4,0.9397580033870193
76561199023771598,0,0.0231974758207798,4,0.9397580033870193
76561199167716263,0,0.02033562958240509,4,0.9397580033870193
76561198299748353,1,0.3269841969013214,4,0.9397580033870193
76561199401219046,0,0.0072749583050608635,4,0.9397580033870193
76561198127237578,0,0.7402203679084778,4,0.9397580033870193
76561197985254777,0,0.36874672770500183,4,0.9397580033870193
76561198040644875,0,0.0032375971786677837,4,0.9397580033870193
76561198095313089,0,0.01153390109539032,4,0.9397580033870193
76561197968416133,0,0.44775864481925964,4,0.9397580033870193
76561197970966136,0,0.8941774964332581,4,0.9397580033870193
76561198067105893,0,0.15332260727882385,4,0.9397580033870193
76561198009538663,0,0.01776375062763691,4,0.9397580033870193
76561198163470766,0,0.48021775484085083,4,0.9397580033870193
76561198056375785,0,0.38365796208381653,4,0.9397580033870193
76561198824984209,0,0.9450226426124573,4,0.9397580033870193
76561198163252034,1,0.8584126830101013,4,0.9397580033870193
76561198860137118,0,0.027721961960196495,4,0.9397580033870193
76561198870940953,0,0.9416818022727966,4,0.9397580033870193
76561198075983500,0,0.004793981555849314,4,0.9397580033870193
76561199088912089,0,0.7644934058189392,4,0.9397580033870193
76561198007362542,0,0.8403158187866211,4,0.9397580033870193
76561198387119649,0,0.005001515615731478,4,0.9397580033870193
76561199216035266,1,0.9893581867218018,4,0.9397580033870193
76561199121441945,0,0.15980876982212067,4,0.9397580033870193
76561198064364190,0,0.0761786699295044,4,0.9397580033870193
76561199697219134,0,0.0036888408940285444,4,0.9397580033870193
76561199213240913,1,0.9649131894111633,4,0.9397580033870193
76561198281309302,0,0.009073707275092602,4,0.9397580033870193
76561198061909186,0,0.008337322622537613,4,0.9397580033870193
76561198822731580,0,0.012225200422108173,4,0.9397580033870193
76561199086437255,0,0.004524471703916788,4,0.9397580033870193
76561198038456524,0,0.03888719528913498,4,0.9397580033870193
76561198320796807,0,0.013873809017241001,4,0.9397580033870193
76561198059383575,0,0.664638102054596,4,0.9397580033870193
76561198033236579,0,0.016142677515745163,4,0.9397580033870193
76561198107919618,0,0.008931688964366913,4,0.9397580033870193
76561198148917957,0,0.12901192903518677,4,0.9397580033870193
76561198020871566,0,0.07620652765035629,4,0.9397580033870193
76561198195543347,0,0.014111085794866085,4,0.9397580033870193
76561198136801128,0,0.14363789558410645,4,0.9397580033870193
76561199026889646,0,0.00361189735122025,4,0.9397580033870193
76561199184144684,0,0.003335869638249278,4,0.9397580033870193
76561198052301310,0,0.025677666068077087,4,0.9397580033870193
76561198228981308,0,0.003397854045033455,4,0.9397580033870193
76561199174204025,0,0.019736530259251595,4,0.9397580033870193
76561199071351575,0,0.007907100021839142,4,0.9397580033870193
76561198079100205,1,0.9581943154335022,4,0.9397580033870193
76561198438096999,0,0.005317292641848326,4,0.9397580033870193
76561198192851486,0,0.018544569611549377,4,0.9397580033870193
76561198042209595,0,0.00538061885163188,4,0.9397580033870193
76561197996897554,0,0.002911686897277832,4,0.9397580033870193
76561199441532020,0,0.0031857630237936974,4,0.9397580033870193
76561198417401089,0,0.02403012476861477,4,0.9397580033870193
76561198886225134,0,0.09504534304141998,4,0.9397580033870193
76561198260853417,0,0.004875026643276215,4,0.9397580033870193
76561198007393499,0,0.19347964227199554,4,0.9397580033870193
76561197976393516,0,0.004422581754624844,4,0.9397580033870193
76561199141105026,0,0.01276704017072916,4,0.9397580033870193
76561198176964405,0,0.00312404939904809,4,0.9397580033870193
76561198016203487,0,0.0040797283872962,4,0.9397580033870193
76561199199008403,0,0.004188365302979946,4,0.9397580033870193
76561199572963408,0,0.0030784939881414175,4,0.9397580033870193
76561198869035180,0,0.020562268793582916,4,0.9397580033870193
76561198175637658,0,0.005612390581518412,4,0.9397580033870193
76561198011948614,0,0.4450191557407379,4,0.9397580033870193
76561198005428403,0,0.9925645589828491,4,0.9397580033870193
76561198172413513,0,0.003611060092225671,4,0.9397580033870193
76561198987516653,0,0.005430156365036964,4,0.9397580033870193
76561199046458883,0,0.005110765807330608,4,0.9397580033870193
76561198050090620,0,0.004353596828877926,4,0.9397580033870193
76561199383017659,0,0.9737034440040588,4,0.9397580033870193
76561198987352803,0,0.005769175011664629,4,0.9397580033870193
76561199110765597,0,0.003186117624863982,4,0.9397580033870193
76561198796673252,0,0.010432137176394463,4,0.9397580033870193
76561198041891146,0,0.9798791408538818,4,0.9397580033870193
76561198000763578,0,0.01443695928901434,4,0.9397580033870193
76561197967623054,0,0.006936121266335249,4,0.9397580033870193
76561199219382784,0,0.006358898710459471,4,0.9397580033870193
76561198014196635,0,0.0034584272652864456,4,0.9397580033870193
76561199106395665,0,0.47203388810157776,4,0.9397580033870193
76561198817658620,0,0.9652552008628845,4,0.9397580033870193
76561198130017725,0,0.007725168485194445,4,0.9397580033870193
76561198451360092,0,0.00304594193585217,4,0.9397580033870193
76561198025353249,0,0.009253278374671936,4,0.9397580033870193
76561199330362178,0,0.008395064622163773,4,0.9397580033870193
76561199552958075,0,0.013080273754894733,4,0.9397580033870193
76561198813654099,0,0.006833274383097887,4,0.9397580033870193
76561198228660904,0,0.007385977078229189,4,0.9397580033870193
76561198426381604,0,0.005514956545084715,4,0.9397580033870193
76561199196942181,0,0.006424089893698692,4,0.9397580033870193
76561198030466419,0,0.17207810282707214,4,0.9397580033870193
76561198040309535,0,0.4849417507648468,4,0.9397580033870193
76561198068421078,0,0.3513602614402771,4,0.9397580033870193
76561199235107276,0,0.013855685479938984,4,0.9397580033870193
76561198082346633,0,0.4792501926422119,4,0.9397580033870193
76561198013827367,0,0.005720485933125019,4,0.9397580033870193
76561198336069126,0,0.007769996766000986,4,0.9397580033870193
76561199155338336,0,0.029434897005558014,4,0.9397580033870193
76561198063765152,0,0.015977630391716957,4,0.9397580033870193
76561198057142172,0,0.005285065621137619,4,0.9397580033870193
76561198397436652,1,0.9661005139350891,4,0.9397580033870193
76561198105469749,0,0.004884584806859493,4,0.9397580033870193
76561198359618948,0,0.8616766333580017,4,0.9397580033870193
76561199105084030,0,0.003499556565657258,4,0.9397580033870193
76561198148647799,0,0.007509223185479641,4,0.9397580033870193
76561197965776680,0,0.48198509216308594,4,0.9397580033870193
76561198279589628,0,0.4200853109359741,4,0.9397580033870193
76561198206867085,0,0.0035904590040445328,4,0.9397580033870193
76561198229268416,0,0.567680299282074,4,0.9397580033870193
76561198074937285,0,0.035352498292922974,4,0.9397580033870193
76561198398189013,0,0.805668830871582,4,0.9397580033870193
76561198926675679,0,0.004423950798809528,4,0.9397580033870193
76561198176773714,0,0.25061991810798645,4,0.9397580033870193
76561197983611900,0,0.7752399444580078,4,0.9397580033870193
76561198050604773,0,0.011265596374869347,4,0.9397580033870193
76561198069203137,0,0.17738112807273865,4,0.9397580033870193
76561199101594545,0,0.46819430589675903,4,0.9397580033870193
76561198295057215,0,0.0051011438481509686,4,0.9397580033870193
76561198302006065,0,0.016666822135448456,4,0.9397580033870193
76561198037413173,0,0.2776566743850708,4,0.9397580033870193
76561198006930669,0,0.021368857473134995,4,0.9397580033870193
76561198003238051,0,0.2590087652206421,4,0.9397580033870193
76561198081780499,0,0.9037023186683655,4,0.9397580033870193
76561199066713160,0,0.01791341044008732,4,0.9397580033870193
76561198127340064,0,0.01114384550601244,4,0.9397580033870193
76561198812710085,0,0.003689466742798686,4,0.9397580033870193
76561198196785495,0,0.004913833923637867,4,0.9397580033870193
76561197980167622,0,0.050479818135499954,4,0.9397580033870193
76561197993503842,0,0.2028321474790573,4,0.9397580033870193
76561197977638924,0,0.0034347674809396267,4,0.9397580033870193
76561198095147422,0,0.005165328737348318,4,0.9397580033870193
76561198880633230,0,0.008113959804177284,4,0.9397580033870193
76561198041217917,0,0.011202570982277393,4,0.9397580033870193
76561198046226640,0,0.28807932138442993,4,0.9397580033870193
76561197964382575,0,0.010780906304717064,4,0.9397580033870193
76561198273153691,0,0.005654860287904739,4,0.9397580033870193
76561199005099154,0,0.004876373335719109,4,0.9397580033870193
76561198292060883,0,0.007177229039371014,4,0.9397580033870193
76561198042482783,0,0.003322141943499446,4,0.9397580033870193
76561199376125427,0,0.0069761089980602264,4,0.9397580033870193
76561197967827871,0,0.0036113690584897995,4,0.9397580033870193
76561198110582524,0,0.5981303453445435,4,0.9397580033870193
76561198397979181,0,0.0071702562272548676,4,0.9397580033870193
76561198144015382,0,0.879539966583252,4,0.9397580033870193
76561199415836634,0,0.9313831925392151,4,0.9397580033870193
76561199134145516,0,0.049105752259492874,4,0.9397580033870193
76561198026397021,0,0.18904748558998108,4,0.9397580033870193
76561199128049655,0,0.013365437276661396,4,0.9397580033870193
76561199005620164,0,0.0031070185359567404,4,0.9397580033870193
76561198063048526,0,0.00433111097663641,4,0.9397580033870193
76561198082394940,0,0.3300189971923828,4,0.9397580033870193
76561198345962254,0,0.11486039310693741,4,0.9397580033870193
76561198808667720,0,0.18211910128593445,4,0.9397580033870193
76561198364759308,0,0.006422346457839012,4,0.9397580033870193
76561197982583460,0,0.005824993830174208,4,0.9397580033870193
76561198316524583,0,0.005131308455020189,4,0.9397580033870193
76561198043561830,0,0.0031546163372695446,4,0.9397580033870193
76561199114843598,0,0.0036663974169641733,4,0.9397580033870193
76561199356565216,0,0.06442330777645111,4,0.9397580033870193
76561197960375051,0,0.0036409671884030104,4,0.9397580033870193
76561198150649727,0,0.02280348725616932,4,0.9397580033870193
76561199135372600,0,0.010373936034739017,4,0.9397580033870193
76561199104789314,0,0.005524195730686188,4,0.9397580033870193
76561198062155106,1,0.9719047546386719,4,0.9397580033870193
76561198079652376,0,0.004400257021188736,4,0.9397580033870193
76561198329197610,0,0.021891236305236816,4,0.9397580033870193
76561199133550993,0,0.005654420703649521,4,0.9397580033870193
76561197972498512,0,0.0070898327976465225,4,0.9397580033870193
76561198041952736,0,0.0032572171185165644,4,0.9397580033870193
76561198157539411,0,0.003674837527796626,4,0.9397580033870193
76561198893385460,0,0.0782356932759285,4,0.9397580033870193
76561198357461037,0,0.059239793568849564,4,0.9397580033870193
76561197966958306,0,0.0037776560056954622,4,0.9397580033870193
76561199099263551,0,0.006318599916994572,4,0.9397580033870193
76561197995918349,0,0.007368322461843491,4,0.9397580033870193
76561199214401538,0,0.8467377424240112,4,0.9397580033870193
76561198984183776,0,0.9420242309570312,4,0.9397580033870193
76561198009831897,0,0.4465131163597107,4,0.9397580033870193
76561198046416310,0,0.1376616358757019,4,0.9397580033870193
76561198965569532,0,0.33975452184677124,4,0.9397580033870193
76561199104975661,0,0.28548523783683777,4,0.9397580033870193
76561197989246039,0,0.820578932762146,4,0.9397580033870193
76561198323117386,0,0.13057231903076172,4,0.9397580033870193
76561198111360940,0,0.016488198190927505,4,0.9397580033870193
76561198360075702,0,0.023261386901140213,4,0.9397580033870193
76561197975443940,0,0.03187103569507599,4,0.9397580033870193
76561198202892897,0,0.0038103305269032717,4,0.9397580033870193
76561198071227459,0,0.5045785903930664,4,0.9397580033870193
76561199110588681,0,0.18615108728408813,4,0.9397580033870193
76561198029933325,0,0.016061360016465187,4,0.9397580033870193
76561198059415401,0,0.1322394162416458,4,0.9397580033870193
76561199058541773,0,0.5967803597450256,4,0.9397580033870193
76561198067785043,0,0.014755146577954292,4,0.9397580033870193
76561198142958171,0,0.039021410048007965,4,0.9397580033870193
76561198853270040,0,0.0038144104182720184,4,0.9397580033870193
76561198379370441,0,0.05697860196232796,4,0.9397580033870193
76561198343315558,0,0.06711126118898392,4,0.9397580033870193
76561198271608259,0,0.2848299443721771,4,0.9397580033870193
76561198141315867,0,0.004559168126434088,4,0.9397580033870193
76561198360297385,0,0.07642831653356552,4,0.9397580033870193
76561198198424145,0,0.07569584250450134,4,0.9397580033870193
76561198259606101,0,0.03421390429139137,4,0.9397580033870193
76561198115024738,0,0.004993034526705742,4,0.9397580033870193
76561198042016796,0,0.011898910626769066,4,0.9397580033870193
76561198006579291,0,0.005402086302638054,4,0.9397580033870193
76561199069045673,0,0.0037397651467472315,4,0.9397580033870193
76561198311834719,0,0.4987618327140808,4,0.9397580033870193
76561198977799599,0,0.006506423931568861,4,0.9397580033870193
76561198206727337,0,0.3036346435546875,4,0.9397580033870193
76561198079042604,0,0.059176020324230194,4,0.9397580033870193
76561198134549004,0,0.3185548782348633,4,0.9397580033870193
76561199481796854,0,0.027108564972877502,4,0.9397580033870193
76561197970537439,0,0.003241712925955653,4,0.9397580033870193
76561198098793376,0,0.4630945324897766,4,0.9397580033870193
76561198015096901,0,0.03223365917801857,4,0.9397580033870193
76561198089433176,0,0.19180411100387573,4,0.9397580033870193
76561198296369114,0,0.04544452205300331,4,0.9397580033870193
76561199189116881,0,0.11749058961868286,4,0.9397580033870193
76561199238975173,0,0.011907430365681648,4,0.9397580033870193
76561198053414378,0,0.012055217288434505,4,0.9397580033870193
76561198799622916,0,0.004238571040332317,4,0.9397580033870193
76561198213835809,0,0.013885856606066227,4,0.9397580033870193
76561198907846468,1,0.990071177482605,4,0.9397580033870193
76561199401457262,0,0.013863549567759037,4,0.9397580033870193
76561198101074785,0,0.2490236759185791,4,0.9397580033870193
76561198188355247,0,0.004235454834997654,4,0.9397580033870193
76561198078351387,0,0.00581398094072938,4,0.9397580033870193
76561198138813771,0,0.017970677465200424,4,0.9397580033870193
76561198026464049,0,0.028944896534085274,4,0.9397580033870193
76561198029430100,0,0.9589207172393799,4,0.9397580033870193
76561198081367585,0,0.01744437962770462,4,0.9397580033870193
76561198416133659,0,0.0036301196087151766,4,0.9397580033870193
76561198325225721,0,0.10668884962797165,4,0.9397580033870193
76561198005516067,0,0.005600091069936752,4,0.9397580033870193
76561198070368954,0,0.041659969836473465,4,0.9397580033870193
76561198041270074,0,0.00836947187781334,4,0.9397580033870193
76561198848540760,0,0.008920896798372269,4,0.9397580033870193
76561198019221017,0,0.011065729893743992,4,0.9397580033870193
76561198979910645,0,0.005167637951672077,4,0.9397580033870193
76561199086085505,0,0.006084946449846029,4,0.9397580033870193
76561197981658584,0,0.033545155078172684,4,0.9397580033870193
76561199556930668,0,0.09039466828107834,4,0.9397580033870193
76561199094651724,0,0.03303958848118782,4,0.9397580033870193
76561198276785959,0,0.0058228932321071625,4,0.9397580033870193
76561199564087962,0,0.004028553608804941,4,0.9397580033870193
76561198216875312,0,0.0035062849055975676,4,0.9397580033870193
76561198437558478,0,0.042796794325113297,4,0.9397580033870193
76561198118100916,0,0.8306633234024048,4,0.9397580033870193
76561198197948949,0,0.0038257481064647436,4,0.9397580033870193
76561198081124784,0,0.005791698582470417,4,0.9397580033870193
76561199120717484,0,0.00550829665735364,4,0.9397580033870193
76561198135970669,1,0.3319074511528015,4,0.9397580033870193
76561199142125479,0,0.024907099083065987,4,0.9397580033870193
76561198424454735,0,0.009021400474011898,4,0.9397580033870193
76561198069545917,0,0.0042772721499204636,4,0.9397580033870193
76561198062802435,0,0.016213569790124893,4,0.9397580033870193
76561198433236308,0,0.006804379168897867,4,0.9397580033870193
76561197988249213,0,0.0432405099272728,4,0.9397580033870193
76561198846714744,0,0.00839290488511324,4,0.9397580033870193
76561198962923818,0,0.006595873273909092,4,0.9397580033870193
76561199198453223,0,0.0033181009348481894,4,0.9397580033870193
76561198873514694,0,0.0040580579079687595,4,0.9397580033870193
76561198191876321,0,0.05988370627164841,4,0.9397580033870193
76561197990148273,0,0.0033088286872953176,4,0.9397580033870193
76561198284015272,0,0.19905902445316315,4,0.9397580033870193
76561199223008916,0,0.004254326224327087,4,0.9397580033870193
76561198059536521,0,0.1321161687374115,4,0.9397580033870193
76561198028845546,0,0.005703154020011425,4,0.9397580033870193
76561198836533409,0,0.0055387383326888084,4,0.9397580033870193
76561198919303597,0,0.8130454421043396,4,0.9397580033870193
76561198051747362,0,0.008606686256825924,4,0.9397580033870193
76561199215164215,0,0.003689466742798686,4,0.9397580033870193
76561198084311894,0,0.22919684648513794,4,0.9397580033870193
76561198836412810,0,0.04632842168211937,4,0.9397580033870193
76561198056535310,1,0.8948130011558533,4,0.9397580033870193
76561199087571236,0,0.9445489048957825,4,0.9397580033870193
76561197997713350,0,0.011346557177603245,4,0.9397580033870193
76561198871134601,0,0.6371926665306091,4,0.9397580033870193
76561199140724196,0,0.36703982949256897,4,0.9397580033870193
76561199399886770,0,0.022717883810400963,4,0.9397580033870193
76561198043916689,0,0.6725029945373535,4,0.9397580033870193
76561198078474307,0,0.004995041061192751,4,0.9397580033870193
76561198837108416,0,0.06523719429969788,4,0.9397580033870193
76561198039022556,0,0.058541133999824524,4,0.9397580033870193
76561198347621393,0,0.19310830533504486,4,0.9397580033870193
76561199093762854,0,0.0035691470839083195,4,0.9397580033870193
76561198269153855,0,0.0061093345284461975,4,0.9397580033870193
76561198035687769,0,0.05283236876130104,4,0.9397580033870193
76561198313895105,0,0.4483919143676758,4,0.9397580033870193
76561198872886205,0,0.01483875885605812,4,0.9397580033870193
76561198062342179,0,0.0072550526820123196,4,0.9397580033870193
76561198286423289,0,0.42724281549453735,4,0.9397580033870193
76561198106687930,0,0.0279993899166584,4,0.9397580033870193
76561198059639529,0,0.5782358646392822,4,0.9397580033870193
76561197963302765,0,0.005270098336040974,4,0.9397580033870193
76561198036977261,0,0.9882565140724182,4,0.9397580033870193
76561199512086132,0,0.7219938039779663,4,0.9397580033870193
76561198057835003,0,0.005674682091921568,4,0.9397580033870193
76561198187321306,0,0.38352787494659424,4,0.9397580033870193
76561198006809231,0,0.783583402633667,4,0.9397580033870193
76561198014030357,0,0.03096759505569935,4,0.9397580033870193
76561199139334017,0,0.10252506285905838,4,0.9397580033870193
76561198091895772,0,0.015024003572762012,4,0.9397580033870193
76561197971572618,0,0.008362996391952038,4,0.9397580033870193
76561198065520421,0,0.06958964467048645,4,0.9397580033870193
76561199791896882,0,0.31311148405075073,4,0.9397580033870193
76561199528542669,0,0.03857796639204025,4,0.9397580033870193
76561198419044388,0,0.00304594193585217,4,0.9397580033870193
76561197993809285,0,0.39303824305534363,4,0.9397580033870193
76561198319830421,0,0.046518079936504364,4,0.9397580033870193
76561198144660396,0,0.05017378553748131,4,0.9397580033870193
76561198050389279,0,0.003446031827479601,4,0.9397580033870193
76561198800727043,0,0.004378252662718296,4,0.9397580033870193
76561198437119887,0,0.021281510591506958,4,0.9397580033870193
76561198384155115,0,0.009339583106338978,4,0.9397580033870193
76561198046155065,0,0.003969201352447271,4,0.9397580033870193
76561199108270005,0,0.017841165885329247,4,0.9397580033870193
76561198006568083,0,0.18994221091270447,4,0.9397580033870193
76561198078057466,0,0.0061458139680325985,4,0.9397580033870193
76561198098405744,0,0.07133092731237411,4,0.9397580033870193
76561197972228216,0,0.06355216354131699,4,0.9397580033870193
76561198065404901,0,0.0049843695014715195,4,0.9397580033870193
76561198070316651,0,0.24216486513614655,4,0.9397580033870193
76561198109777824,0,0.0034586936235427856,4,0.9397580033870193
76561198112198729,0,0.0224577859044075,4,0.9397580033870193
76561198373142627,0,0.025216111913323402,4,0.9397580033870193
76561199427416436,0,0.014021843671798706,4,0.9397580033870193
76561198036794581,0,0.00327383354306221,4,0.9397580033870193
76561198124261116,0,0.03854100778698921,4,0.9397580033870193
76561198322734366,0,0.00304694683291018,4,0.9397580033870193
76561198873590222,0,0.011714795604348183,4,0.9397580033870193
76561198365893595,0,0.011413673870265484,4,0.9397580033870193
76561199343529782,0,0.006975943222641945,4,0.9397580033870193
76561198341442410,0,0.005866525694727898,4,0.9397580033870193
76561198372543748,0,0.005103632342070341,4,0.9397580033870193
76561198313484451,0,0.022450445219874382,4,0.9397580033870193
76561198052359967,0,0.004485565237700939,4,0.9397580033870193
76561198139964447,0,0.0059923999942839146,4,0.9397580033870193
76561198865583753,0,0.007983341813087463,4,0.9397580033870193
76561199022891998,0,0.00357778905890882,4,0.9397580033870193
76561198119508443,0,0.0072887190617620945,4,0.9397580033870193
76561198263655346,0,0.004404478706419468,4,0.9397580033870193
76561198002583274,1,0.6543580293655396,4,0.9397580033870193
76561198095670593,0,0.5774087309837341,4,0.9397580033870193
76561198881039078,0,0.0076186819933354855,4,0.9397580033870193
76561198060918253,0,0.928617537021637,4,0.9397580033870193
76561199197473512,0,0.003197368234395981,4,0.9397580033870193
76561199582731268,0,0.015268038958311081,4,0.9397580033870193
76561198119739414,0,0.005216472316533327,4,0.9397580033870193
76561198091210486,0,0.16498760879039764,4,0.9397580033870193
76561198161299091,0,0.0053018019534647465,4,0.9397580033870193
76561198125350170,0,0.009154985658824444,4,0.9397580033870193
76561198057974662,0,0.009937047027051449,4,0.9397580033870193
76561198114121607,0,0.0054599507711827755,4,0.9397580033870193
76561198007106005,0,0.2712721526622772,4,0.9397580033870193
76561198127345427,0,0.029254084452986717,4,0.9397580033870193
76561198846283164,0,0.007060197647660971,4,0.9397580033870193
76561197973135714,0,0.0036678537726402283,4,0.9397580033870193
76561198873102004,0,0.003228960558772087,4,0.9397580033870193
76561198055483278,0,0.12950125336647034,4,0.9397580033870193
76561198030421346,0,0.07420860230922699,4,0.9397580033870193
76561198282895517,0,0.006022340152412653,4,0.9397580033870193
76561198088172951,0,0.7833395004272461,4,0.9397580033870193
76561198893613892,0,0.0057502384297549725,4,0.9397580033870193
76561197995645539,0,0.032083526253700256,4,0.9397580033870193
76561199476462061,0,0.007261323276907206,4,0.9397580033870193
76561199392637141,0,0.004870286677032709,4,0.9397580033870193
76561198067159872,0,0.006522471085190773,4,0.9397580033870193
76561198044855651,0,0.005603506695479155,4,0.9397580033870193
76561198858709507,0,0.3325392007827759,4,0.9397580033870193
76561199203809748,0,0.004082972649484873,4,0.9397580033870193
76561198282356230,0,0.0038187652826309204,4,0.9397580033870193
76561199127462272,0,0.007516967598348856,4,0.9397580033870193
76561199196192996,0,0.003633360378444195,4,0.9397580033870193
76561198101565778,0,0.003333920380100608,4,0.9397580033870193
76561198392971578,0,0.009500688873231411,4,0.9397580033870193
76561198321150344,0,0.013559885323047638,4,0.9397580033870193
76561198062301597,0,0.0034118902403861284,4,0.9397580033870193
76561199026110210,0,0.0030369197484105825,4,0.9397580033870193
76561198230141632,0,0.005102695431560278,4,0.9397580033870193
76561198057830902,0,0.006998010445386171,4,0.9397580033870193
76561198072414529,0,0.003408273449167609,4,0.9397580033870193
76561199652227663,0,0.013720068149268627,4,0.9397580033870193
76561198088205212,0,0.9159131646156311,4,0.9397580033870193
76561198413591810,0,0.005697586107999086,4,0.9397580033870193
76561198275500219,0,0.027389010414481163,4,0.9397580033870193
76561198120356233,1,0.9684526324272156,4,0.9397580033870193
76561199194435083,0,0.056280866265296936,4,0.9397580033870193
76561199086418957,0,0.006357829086482525,4,0.9397580033870193
76561198081055094,0,0.025335999205708504,4,0.9397580033870193
76561198092563088,0,0.004098288249224424,4,0.9397580033870193
76561199086124524,0,0.7380976676940918,4,0.9397580033870193
76561198194806329,0,0.006006983108818531,4,0.9397580033870193
76561198976928537,0,0.008309905417263508,4,0.9397580033870193
76561198841824706,0,0.047329701483249664,4,0.9397580033870193
76561199275771650,0,0.0033737444318830967,4,0.9397580033870193
76561198045297409,0,0.0031070508994162083,4,0.9397580033870193
76561198880452965,0,0.00493109505623579,4,0.9397580033870193
76561198024308859,0,0.03932543843984604,4,0.9397580033870193
76561199096724655,0,0.010941908694803715,4,0.9397580033870193
76561198161879419,1,0.9874279499053955,4,0.9397580033870193
76561198091052600,0,0.6632044911384583,4,0.9397580033870193
76561199012458660,0,0.015537747181952,4,0.9397580033870193
76561198257399227,0,0.011326096951961517,4,0.9397580033870193
76561198860793809,0,0.004214795306324959,4,0.9397580033870193
76561199156735027,0,0.018977947533130646,4,0.9397580033870193
76561199232783129,0,0.05013434961438179,4,0.9397580033870193
76561199010847894,1,0.9720901250839233,4,0.9397580033870193
76561198114948396,0,0.02395389787852764,4,0.9397580033870193
76561198869576247,0,0.011377188377082348,4,0.9397580033870193
76561198209016032,0,0.02279851958155632,4,0.9397580033870193
76561198302548074,0,0.005292857065796852,4,0.9397580033870193
76561198116848676,0,0.013553961180150509,4,0.9397580033870193
76561198196277469,0,0.003397854045033455,4,0.9397580033870193
76561198019964745,0,0.05596134066581726,4,0.9397580033870193
76561198199290843,0,0.006072794087231159,4,0.9397580033870193
76561199633079355,0,0.008671041578054428,4,0.9397580033870193
76561198301355327,0,0.009634998627007008,4,0.9397580033870193
76561198141549718,0,0.003397854045033455,4,0.9397580033870193
76561198104645250,0,0.0035696998238563538,4,0.9397580033870193
76561198188002259,0,0.0037255792412906885,4,0.9397580033870193
76561198123816294,0,0.006146125961095095,4,0.9397580033870193
76561198140585894,0,0.0061173695139586926,4,0.9397580033870193
76561199013870253,0,0.007803252898156643,4,0.9397580033870193
76561198850156202,0,0.005583387333899736,4,0.9397580033870193
76561199763085783,0,0.0035208126064389944,4,0.9397580033870193
76561198855604215,0,0.0038388476241379976,4,0.9397580033870193
76561198151903549,0,0.003948649857193232,4,0.9397580033870193
76561199510009531,0,0.045639291405677795,4,0.9397580033870193
76561198201111623,0,0.6597622036933899,4,0.9397580033870193
76561198006056004,0,0.43015599250793457,4,0.9397580033870193
76561198322057263,0,0.02115211822092533,4,0.9397580033870193
76561199477901194,0,0.006678357254713774,4,0.9397580033870193
76561198196250622,0,0.010018270462751389,4,0.9397580033870193
76561199018681818,0,0.003977376036345959,4,0.9397580033870193
76561198129438716,0,0.12228553742170334,4,0.9397580033870193
76561198357521214,0,0.03314628452062607,4,0.9397580033870193
76561198010970704,0,0.21330003440380096,4,0.9397580033870193
76561198045773636,0,0.33171209692955017,4,0.9397580033870193
76561198020782778,0,0.23298774659633636,4,0.9397580033870193
76561199218323021,0,0.6252248287200928,4,0.9397580033870193
76561199390308589,0,0.014866330660879612,4,0.9397580033870193
76561198170041677,0,0.0030089542269706726,4,0.9397580033870193
76561199100442777,0,0.736314594745636,4,0.9397580033870193
76561198832382311,0,0.007192943245172501,4,0.9397580033870193
76561198353822068,0,0.003397854045033455,4,0.9397580033870193
76561198990007932,1,0.9388853311538696,4,0.9397580033870193
76561199224773373,0,0.00972988735884428,4,0.9397580033870193
76561199064582690,0,0.004123872611671686,4,0.9397580033870193
76561198102064308,1,0.9855416417121887,4,0.9397580033870193
76561198336853271,0,0.021555131301283836,4,0.9397580033870193
76561197965459991,0,0.19421957433223724,4,0.9397580033870193
76561198081464306,0,0.007925611920654774,4,0.9397580033870193
76561198057594396,0,0.005544748157262802,4,0.9397580033870193
76561198160966095,0,0.05229565128684044,4,0.9397580033870193
76561199192001373,0,0.6143657565116882,4,0.9397580033870193
76561198039421665,0,0.05419115349650383,4,0.9397580033870193
76561197992087756,0,0.003064678283408284,4,0.9397580033870193
76561198106135237,0,0.005054726731032133,4,0.9397580033870193
76561198332853104,0,0.005509571637958288,4,0.9397580033870193
76561199132545939,0,0.009482506662607193,4,0.9397580033870193
76561199122170323,0,0.006897570099681616,4,0.9397580033870193
76561198072688138,0,0.6212831735610962,4,0.9397580033870193
76561198111821710,0,0.7238990068435669,4,0.9397580033870193
76561198978258683,0,0.006387748755514622,4,0.9397580033870193
76561198087625783,0,0.02376611903309822,4,0.9397580033870193
76561199212199823,0,0.06969555467367172,4,0.9397580033870193
76561198073263180,0,0.7968580722808838,4,0.9397580033870193
76561198812901141,1,0.846812903881073,4,0.9397580033870193
76561199201854467,0,0.17595481872558594,4,0.9397580033870193
76561198891397836,0,0.43297117948532104,4,0.9397580033870193
76561198369702073,0,0.03208107873797417,4,0.9397580033870193
76561198278999682,0,0.45289695262908936,4,0.9397580033870193
76561198074603695,0,0.005750379525125027,4,0.9397580033870193
76561198039334956,0,0.004453307017683983,4,0.9397580033870193
76561198027153148,0,0.7182384133338928,4,0.9397580033870193
76561198311345583,0,0.0037425265181809664,4,0.9397580033870193
76561198085381762,0,0.05077264457941055,4,0.9397580033870193
76561199048865282,0,0.0039357151836156845,4,0.9397580033870193
76561197962530927,0,0.0038453922607004642,4,0.9397580033870193
76561199108694134,0,0.8123172521591187,4,0.9397580033870193
76561198276060054,0,0.017171453684568405,4,0.9397580033870193
76561198225451460,0,0.47272637486457825,4,0.9397580033870193
76561199028596745,0,0.010493194684386253,4,0.9397580033870193
76561198023298444,0,0.0038725421763956547,4,0.9397580033870193
76561198051968020,0,0.007072988897562027,4,0.9397580033870193
76561198381542787,0,0.004394324030727148,4,0.9397580033870193
76561199090396958,0,0.012568138539791107,4,0.9397580033870193
76561198001435391,0,0.32045048475265503,4,0.9397580033870193
76561197977954997,0,0.08183467388153076,4,0.9397580033870193
76561199353588486,0,0.0240497924387455,4,0.9397580033870193
76561198138148338,0,0.0065042730420827866,4,0.9397580033870193
76561198150656492,0,0.009007934480905533,4,0.9397580033870193
76561198103281783,0,0.9502047300338745,4,0.9397580033870193
76561198022096634,0,0.003978891763836145,4,0.9397580033870193
76561198040531670,1,0.9820918440818787,4,0.9397580033870193
76561198242158118,0,0.008900288492441177,4,0.9397580033870193
76561199264434932,0,0.009746527299284935,4,0.9397580033870193
76561198068902069,0,0.003947750199586153,4,0.9397580033870193
76561198008020838,0,0.004977085627615452,4,0.9397580033870193
76561198306157591,0,0.005381511524319649,4,0.9397580033870193
76561198831939780,0,0.008946956135332584,4,0.9397580033870193
76561198160924470,0,0.0034963670186698437,4,0.9397580033870193
76561198145573382,0,0.0035988036543130875,4,0.9397580033870193
76561199490548959,0,0.003059184877201915,4,0.9397580033870193
76561198068917241,0,0.009736848063766956,4,0.9397580033870193
76561199217396875,0,0.01390580553561449,4,0.9397580033870193
76561199279372821,0,0.03673902899026871,4,0.9397580033870193
76561198248688664,0,0.005990100558847189,4,0.9397580033870193
76561199128369049,0,0.7943761348724365,4,0.9397580033870193
76561198106926873,0,0.007260533049702644,4,0.9397580033870193
76561198067292962,0,0.0031299181282520294,4,0.9397580033870193
76561198880735516,0,0.003932360094040632,4,0.9397580033870193
76561198046062485,0,0.00408198032528162,4,0.9397580033870193
76561198799209455,1,0.5401869416236877,4,0.9397580033870193
76561198101692290,0,0.1403585970401764,4,0.9397580033870193
76561199479935686,0,0.0036529777571558952,4,0.9397580033870193
76561198826761481,0,0.004904358182102442,4,0.9397580033870193
76561198120862953,0,0.007978729903697968,4,0.9397580033870193
76561199202653009,0,0.008259261958301067,4,0.9397580033870193
76561199206622989,0,0.0033824134152382612,4,0.9397580033870193
76561199437121896,0,0.07008671015501022,4,0.9397580033870193
76561198272073915,0,0.008582092821598053,4,0.9397580033870193
76561198802898341,0,0.003689466742798686,4,0.9397580033870193
76561198346988910,0,0.004773332271724939,4,0.9397580033870193
76561199013438912,0,0.00916366744786501,4,0.9397580033870193
76561198100749881,0,0.003278950462117791,4,0.9397580033870193
76561198428616054,0,0.01423820573836565,4,0.9397580033870193
76561198000695757,0,0.003405878785997629,4,0.9397580033870193
76561198255890993,0,0.12358233332633972,4,0.9397580033870193
76561199001874043,0,0.014402391389012337,4,0.9397580033870193
76561197991372158,0,0.046735260635614395,4,0.9397580033870193
76561198006128187,0,0.010425805114209652,4,0.9397580033870193
76561199075925272,0,0.005095464643090963,4,0.9397580033870193
76561198855281081,0,0.0029544876888394356,4,0.9397580033870193
76561199442304663,0,0.0074120210483670235,4,0.9397580033870193
76561199308997106,0,0.0035977333318442106,4,0.9397580033870193
76561199390207695,0,0.013615231029689312,4,0.9397580033870193
76561199066782988,0,0.020466947928071022,4,0.9397580033870193
76561198073465719,0,0.04428954795002937,4,0.9397580033870193
76561199232078706,1,0.7656846046447754,4,0.9397580033870193
76561198051750829,0,0.9632732272148132,4,0.9397580033870193
76561198970274621,0,0.016351813450455666,4,0.9397580033870193
76561199200612447,0,0.35324227809906006,4,0.9397580033870193
76561198163332857,0,0.3197989761829376,4,0.9397580033870193
76561199325558918,0,0.5246229767799377,4,0.9397580033870193
76561198085766973,0,0.006671227980405092,4,0.9397580033870193
76561199598580960,0,0.010734367184340954,4,0.9397580033870193
76561198040001431,0,0.6390583515167236,4,0.9397580033870193
76561198066837649,0,0.012273465283215046,4,0.9397580033870193
76561198019556328,0,0.00703994557261467,4,0.9397580033870193
76561198030116672,0,0.4654896557331085,4,0.9397580033870193
76561199337058969,0,0.018103688955307007,4,0.9397580033870193
76561198082927343,0,0.017136521637439728,4,0.9397580033870193
76561198027243138,0,0.005491177551448345,4,0.9397580033870193
76561198947567471,0,0.895643413066864,4,0.9397580033870193
76561199229070856,0,0.2410472184419632,4,0.9397580033870193
76561198388029892,0,0.003143379697576165,4,0.9397580033870193
76561198061631219,0,0.004732812289148569,4,0.9397580033870193
76561199023957940,0,0.01900254189968109,4,0.9397580033870193
76561199011745452,0,0.7383773922920227,4,0.9397580033870193
76561199233163823,0,0.9779858589172363,4,0.9397580033870193
76561198037657227,0,0.5500651597976685,4,0.9397580033870193
76561199484674523,0,0.9541015625,4,0.9397580033870193
76561198043276093,0,0.023175623267889023,4,0.9397580033870193
76561198292488926,0,0.034222546964883804,4,0.9397580033870193
76561199044970255,0,0.019893094897270203,4,0.9397580033870193
76561199070349871,0,0.004235108848661184,4,0.9397580033870193
76561198249286494,0,0.2883002460002899,4,0.9397580033870193
76561198071141578,0,0.4315418303012848,4,0.9397580033870193
76561199004408659,0,0.07215844839811325,4,0.9397580033870193
76561198066382301,0,0.5718234181404114,4,0.9397580033870193
76561199179556956,0,0.969525158405304,4,0.9397580033870193
76561199179376471,0,0.008785409852862358,4,0.9397580033870193
76561199401581251,0,0.3578202426433563,4,0.9397580033870193
76561198351708982,0,0.44637972116470337,4,0.9397580033870193
76561199471281504,0,0.00419890321791172,4,0.9397580033870193
76561198049512006,0,0.021594123914837837,4,0.9397580033870193
76561198180911966,0,0.07511363178491592,4,0.9397580033870193
76561198330482607,0,0.8395369052886963,4,0.9397580033870193
76561198066135510,0,0.003956863656640053,4,0.9397580033870193
76561198103678137,0,0.021115217357873917,4,0.9397580033870193
76561199019269757,0,0.013214480131864548,4,0.9397580033870193
76561198340407872,1,0.9921618103981018,4,0.9397580033870193
76561198380474738,0,0.9347262382507324,4,0.9397580033870193
76561198143451342,1,0.9397261142730713,4,0.9397580033870193
76561199190423897,0,0.7911438941955566,4,0.9397580033870193
76561198030998250,0,0.12425785511732101,4,0.9397580033870193
76561198847160643,0,0.02628590352833271,4,0.9397580033870193
76561199223257361,1,0.9936366081237793,4,0.9397580033870193
76561198326895173,0,0.28483161330223083,4,0.9397580033870193
76561198218743256,0,0.03492813557386398,4,0.9397580033870193
76561199159935348,0,0.009285073727369308,4,0.9397580033870193
76561198813041425,0,0.010691750794649124,4,0.9397580033870193
76561199562224837,0,0.00502663291990757,4,0.9397580033870193
76561198407094308,0,0.004510057624429464,4,0.9397580033870193
76561198007371273,0,0.004811545368283987,4,0.9397580033870193
76561198378872423,0,0.07466636598110199,4,0.9397580033870193
76561199031084586,0,0.003689466742798686,4,0.9397580033870193
76561198090251958,0,0.009188718162477016,4,0.9397580033870193
76561198386576644,0,0.7300359010696411,4,0.9397580033870193
76561199166878079,0,0.05414297804236412,4,0.9397580033870193
76561198017251214,0,0.22265924513339996,4,0.9397580033870193
76561199640231640,1,0.9830990433692932,4,0.9397580033870193
76561199231663675,0,0.004624754656106234,4,0.9397580033870193
76561199532690392,0,0.014671490527689457,4,0.9397580033870193
76561198027177982,0,0.6699230670928955,4,0.9397580033870193
76561199013538287,0,0.0034756995737552643,4,0.9397580033870193
76561198015331366,0,0.5729612112045288,4,0.9397580033870193
76561199114509832,0,0.7887584567070007,4,0.9397580033870193
76561199057990384,0,0.04939823970198631,4,0.9397580033870193
76561198024662515,0,0.7100620269775391,4,0.9397580033870193
76561198026214016,0,0.011563451029360294,4,0.9397580033870193
76561198023053121,0,0.008464287966489792,4,0.9397580033870193
76561198129565738,0,0.00538061885163188,4,0.9397580033870193
76561199223610152,0,0.004200901836156845,4,0.9397580033870193
76561198122362361,0,0.0269014909863472,4,0.9397580033870193
76561198060697072,0,0.011878526769578457,4,0.9397580033870193
76561199407168842,0,0.003397854045033455,4,0.9397580033870193
76561198035304660,0,0.004320944659411907,4,0.9397580033870193
76561198108127115,0,0.01328739058226347,4,0.9397580033870193
76561198094808468,0,0.059322234243154526,4,0.9397580033870193
76561198157692376,0,0.8682191371917725,4,0.9397580033870193
76561198035516594,0,0.0038022687658667564,4,0.9397580033870193
76561199234437400,1,0.9329588413238525,4,0.9397580033870193
76561198118256151,0,0.06369372457265854,4,0.9397580033870193
76561199069746621,0,0.004424992483109236,4,0.9397580033870193
76561198003012292,0,0.003516067983582616,4,0.9397580033870193
76561198042636354,0,0.033780235797166824,4,0.9397580033870193
76561198016161477,0,0.0033530453220009804,4,0.9397580033870193
76561198984726941,0,0.010223601013422012,4,0.9397580033870193
76561198870383953,0,0.012949671596288681,4,0.9397580033870193
76561198388046212,0,0.8744922280311584,4,0.9397580033870193
76561198148556583,0,0.008656011894345284,4,0.9397580033870193
76561199073217089,0,0.0039091710932552814,4,0.9397580033870193
76561198134569918,0,0.0034152758307754993,4,0.9397580033870193
76561199150151250,0,0.004449858330190182,4,0.9397580033870193
76561198346679362,0,0.003397854045033455,4,0.9397580033870193
76561198028487553,0,0.006841528695076704,4,0.9397580033870193
76561198218255181,0,0.010332462377846241,4,0.9397580033870193
76561198210198271,0,0.0035528363659977913,4,0.9397580033870193
76561199053045690,0,0.00589383952319622,4,0.9397580033870193
76561198272086730,0,0.012633642181754112,4,0.9397580033870193
76561198862709672,0,0.004482101649045944,4,0.9397580033870193
76561199074767379,0,0.006956251338124275,4,0.9397580033870193
76561199028088681,0,0.008978892117738724,4,0.9397580033870193
76561198004414106,0,0.4199678897857666,4,0.9397580033870193
76561198357541754,0,0.017533155158162117,4,0.9397580033870193
76561198118508380,0,0.9556182622909546,4,0.9397580033870193
76561199229539160,0,0.013576209545135498,4,0.9397580033870193
76561198856401281,1,0.9511808156967163,4,0.9397580033870193
76561198299210928,0,0.0035795236472040415,4,0.9397580033870193
76561197982479309,0,0.6644449830055237,4,0.9397580033870193
76561199045074708,0,0.01529442798346281,4,0.9397580033870193
76561198964508720,0,0.0040797283872962,4,0.9397580033870193
76561199403311326,1,0.9897840619087219,4,0.9397580033870193
76561199260107360,0,0.87596595287323,4,0.9397580033870193
76561199231370789,1,0.9840924739837646,4,0.9397580033870193
76561198138548461,0,0.007068994455039501,4,0.9397580033870193
76561198000156465,0,0.9918815493583679,4,0.9397580033870193
76561198272404633,0,0.0037945674266666174,4,0.9397580033870193
76561198267963717,1,0.9906080961227417,4,0.9397580033870193
76561198051730966,0,0.5346143841743469,4,0.9397580033870193
76561199207825267,0,0.0038818297907710075,4,0.9397580033870193
76561198021397342,0,0.6149858832359314,4,0.9397580033870193
76561198196439853,0,0.011772106401622295,4,0.9397580033870193
76561198385391802,0,0.006152321584522724,4,0.9397580033870193
76561198416388166,0,0.004174575209617615,4,0.9397580033870193
76561198848379459,0,0.3386337161064148,4,0.9397580033870193
76561198040644151,0,0.005531447008252144,4,0.9397580033870193
76561198029680740,0,0.012107182294130325,4,0.9397580033870193
76561199196371351,0,0.06984565407037735,4,0.9397580033870193
76561199226125410,0,0.0033418997190892696,4,0.9397580033870193
76561198992917063,0,0.010563070885837078,4,0.9397580033870193
76561198867291795,0,0.0036943498998880386,4,0.9397580033870193
76561198047540096,0,0.003806424792855978,4,0.9397580033870193
76561198091605208,0,0.0061317807994782925,4,0.9397580033870193
76561199149846347,0,0.0035723403561860323,4,0.9397580033870193
76561198947744640,0,0.3847101330757141,4,0.9397580033870193
76561198119568344,0,0.6812053322792053,4,0.9397580033870193
76561199386771030,0,0.004555737599730492,4,0.9397580033870193
76561199117603850,0,0.0037289310712367296,4,0.9397580033870193
76561198008409847,0,0.022356675937771797,4,0.9397580033870193
76561199151632169,0,0.6452961564064026,4,0.9397580033870193
76561199257632255,0,0.015879923477768898,4,0.9397580033870193
76561198312783527,0,0.0038343463093042374,4,0.9397580033870193
76561198115184466,0,0.1774357706308365,4,0.9397580033870193
76561198966966838,0,0.006625104229897261,4,0.9397580033870193
76561198175523563,0,0.004361299332231283,4,0.9397580033870193
76561198878976273,0,0.013872126117348671,4,0.9397580033870193
76561199232523616,0,0.0045839534141123295,4,0.9397580033870193
76561198833093142,0,0.7143895626068115,4,0.9397580033870193
76561198395151334,0,0.0031070185359567404,4,0.9397580033870193
76561198826504387,0,0.004797217436134815,4,0.9397580033870193
76561198054668188,0,0.5785990953445435,4,0.9397580033870193
76561199127156762,0,0.004119846038520336,4,0.9397580033870193
76561198133033729,0,0.013537179678678513,4,0.9397580033870193
76561198071691752,0,0.0037155081517994404,4,0.9397580033870193
76561198136182147,0,0.00834454596042633,4,0.9397580033870193
76561199095681093,0,0.4825396239757538,4,0.9397580033870193
76561199007371113,0,0.005085563752800226,4,0.9397580033870193
76561198361172681,0,0.004583078436553478,4,0.9397580033870193
76561198437988092,0,0.004617665894329548,4,0.9397580033870193
76561198035821931,0,0.004303488880395889,4,0.9397580033870193
76561198064810876,0,0.007862580940127373,4,0.9397580033870193
76561198060121708,0,0.003780907019972801,4,0.9397580033870193
76561197986363176,0,0.008584024384617805,4,0.9397580033870193
76561198094147704,0,0.9881304502487183,4,0.9397580033870193
76561199489678179,0,0.0055286092683672905,4,0.9397580033870193
76561198044983889,0,0.019109996035695076,4,0.9397580033870193
76561198369309000,0,0.015039958991110325,4,0.9397580033870193
76561198989652857,0,0.0056300172582268715,4,0.9397580033870193
76561198985712491,0,0.030312377959489822,4,0.9397580033870193
76561197961931686,0,0.003116646781563759,4,0.9397580033870193
76561198287300058,0,0.0057419403456151485,4,0.9397580033870193
76561198015318107,0,0.01225760392844677,4,0.9397580033870193
76561199047186729,0,0.003978891763836145,4,0.9397580033870193
76561198855527998,0,0.047346435487270355,4,0.9397580033870193
76561199062080693,0,0.006854108069092035,4,0.9397580033870193
76561198170909369,0,0.007338786032050848,4,0.9397580033870193
76561198029465457,0,0.01379947829991579,4,0.9397580033870193
76561199600972597,0,0.0032855928875505924,4,0.9397580033870193
76561198262828728,0,0.00532791530713439,4,0.9397580033870193
76561197996902916,0,0.39759665727615356,4,0.9397580033870193
76561199022608309,0,0.01547544077038765,4,0.9397580033870193
76561199239445739,0,0.017455270513892174,4,0.9397580033870193
76561198412157513,0,0.003263170598074794,4,0.9397580033870193
76561199006801777,0,0.0029544876888394356,4,0.9397580033870193
76561198032343652,0,0.05303194746375084,4,0.9397580033870193
76561199165121665,0,0.006796701345592737,4,0.9397580033870193
76561199111365867,0,0.025216052308678627,4,0.9397580033870193
76561198433082115,0,0.00304594193585217,4,0.9397580033870193
76561199162530195,0,0.005060744937509298,4,0.9397580033870193
76561198827327279,0,0.031175019219517708,4,0.9397580033870193
76561198349257409,0,0.003097386099398136,4,0.9397580033870193
76561199117644848,0,0.006022325716912746,4,0.9397580033870193
76561199207862199,0,0.01132682990282774,4,0.9397580033870193
76561198047746672,0,0.0031396031845360994,4,0.9397580033870193
76561198818422216,0,0.005283368285745382,4,0.9397580033870193
76561198347043187,0,0.004514830652624369,4,0.9397580033870193
76561198013780246,0,0.8104915618896484,4,0.9397580033870193
76561199196244524,0,0.005524195730686188,4,0.9397580033870193
76561199160533736,0,0.005601200740784407,4,0.9397580033870193
76561199156293409,0,0.008287442848086357,4,0.9397580033870193
76561198061169789,0,0.005892581772059202,4,0.9397580033870193
76561198179169043,0,0.011804667301476002,4,0.9397580033870193
76561198876777806,0,0.03833276405930519,4,0.9397580033870193
76561198032045605,0,0.006478551775217056,4,0.9397580033870193
76561198956400293,0,0.008071668446063995,4,0.9397580033870193
76561198087455123,0,0.0391952246427536,4,0.9397580033870193
76561198080529875,0,0.0035809422843158245,4,0.9397580033870193
76561199143367529,0,0.17696022987365723,4,0.9397580033870193
76561199257203853,0,0.005206119269132614,4,0.9397580033870193
76561199063570253,0,0.051594603806734085,4,0.9397580033870193
76561199200786182,0,0.3744458556175232,4,0.9397580033870193
76561198810962055,0,0.006967637687921524,4,0.9397580033870193
76561198217437365,1,0.8770790696144104,4,0.9397580033870193
76561198990273027,0,0.009739957749843597,4,0.9397580033870193
76561198988047454,0,0.0033681970089673996,4,0.9397580033870193
76561198002993239,0,0.13150176405906677,4,0.9397580033870193
76561198929974016,0,0.005366784520447254,4,0.9397580033870193
76561198440927250,0,0.2338162064552307,4,0.9397580033870193
76561198971227053,0,0.09963811933994293,4,0.9397580033870193
76561198832212291,0,0.005992559716105461,4,0.9397580033870193
76561198814428575,0,0.033041249960660934,4,0.9397580033870193
76561198246599690,0,0.005583387333899736,4,0.9397580033870193
76561199100378495,0,0.003397854045033455,4,0.9397580033870193
76561198413481570,0,0.008967325091362,4,0.9397580033870193
76561198127697443,0,0.017207227647304535,4,0.9397580033870193
76561198101646014,0,0.01285511627793312,4,0.9397580033870193
76561199010488783,0,0.28956472873687744,4,0.9397580033870193
76561199189020379,0,0.005947933532297611,4,0.9397580033870193
76561198091932203,0,0.007720030844211578,4,0.9397580033870193
76561197994267214,0,0.016960598528385162,4,0.9397580033870193
76561198278573201,0,0.005847002379596233,4,0.9397580033870193
76561199083006205,0,0.0031043963972479105,4,0.9397580033870193
76561198064024073,0,0.2972838580608368,4,0.9397580033870193
76561198090587104,0,0.08853771537542343,4,0.9397580033870193
76561198134867483,0,0.002897801576182246,4,0.9397580033870193
76561198039950567,0,0.12452156096696854,4,0.9397580033870193
76561198138141936,0,0.806306004524231,4,0.9397580033870193
76561198284242617,0,0.005019663833081722,4,0.9397580033870193
76561198193190355,0,0.5212975740432739,4,0.9397580033870193
76561198362110846,0,0.007739642169326544,4,0.9397580033870193
76561198047276803,0,0.014896773733198643,4,0.9397580033870193
76561198179770038,0,0.017711695283651352,4,0.9397580033870193
76561199649482858,0,0.0034080937039107084,4,0.9397580033870193
76561198023287953,0,0.1571132391691208,4,0.9397580033870193
76561198096738658,1,0.6615127325057983,4,0.9397580033870193
76561198264465933,0,0.0031740854028612375,4,0.9397580033870193
76561198415991572,0,0.0029544876888394356,4,0.9397580033870193
76561197980295353,0,0.18111960589885712,4,0.9397580033870193
76561198261924601,0,0.004712166264653206,4,0.9397580033870193
76561198427575023,0,0.9815101623535156,4,0.9397580033870193
76561198185760977,0,0.013891818933188915,4,0.9397580033870193
76561198140028999,0,0.01960436813533306,4,0.9397580033870193
76561198239997288,0,0.1970687210559845,4,0.9397580033870193
76561198061390458,0,0.011449865065515041,4,0.9397580033870193
76561198957561851,0,0.0341641865670681,4,0.9397580033870193
76561199147962229,0,0.003552247304469347,4,0.9397580033870193
76561199144226186,0,0.009257791563868523,4,0.9397580033870193
76561198007870209,0,0.01635834015905857,4,0.9397580033870193
76561199026470896,0,0.025600237771868706,4,0.9397580033870193
76561198146318304,0,0.003357785986736417,4,0.9397580033870193
76561198119769336,0,0.0049081300385296345,4,0.9397580033870193
76561197978960117,0,0.11376360058784485,4,0.9397580033870193
76561198143921820,0,0.04080357030034065,4,0.9397580033870193
76561198032082894,0,0.5606546998023987,4,0.9397580033870193
76561198398276070,0,0.005573938135057688,4,0.9397580033870193
76561198833098485,1,0.9903068542480469,4,0.9397580033870193
76561198097835808,0,0.0037394645623862743,4,0.9397580033870193
76561198095158233,0,0.2027490735054016,4,0.9397580033870193
76561199064643054,0,0.005969455000013113,4,0.9397580033870193
76561199554915606,0,0.03792308643460274,4,0.9397580033870193
76561199143864463,0,0.006767124868929386,4,0.9397580033870193
76561197993213814,0,0.008675387129187584,4,0.9397580033870193
76561199021311005,0,0.009303655475378036,4,0.9397580033870193
76561198044399251,0,0.004150723572820425,4,0.9397580033870193
76561199157894177,0,0.005381511524319649,4,0.9397580033870193
76561198269097746,0,0.0028666541911661625,4,0.9397580033870193
76561198361294518,0,0.1220439001917839,4,0.9397580033870193
76561199767384432,0,0.09580156952142715,4,0.9397580033870193
76561198968556976,0,0.014105209149420261,4,0.9397580033870193
76561199014287610,0,0.003689189674332738,4,0.9397580033870193
76561198171818133,0,0.1717270463705063,4,0.9397580033870193
76561198030669968,0,0.0059216804802417755,4,0.9397580033870193
76561198157219989,0,0.004788720048964024,4,0.9397580033870193
76561198043521566,0,0.004715280141681433,4,0.9397580033870193
76561198002909294,0,0.020347747951745987,4,0.9397580033870193
76561198096069912,0,0.3478914499282837,4,0.9397580033870193
76561199017818844,0,0.004181493539363146,4,0.9397580033870193
76561199448540161,0,0.007575520314276218,4,0.9397580033870193
76561199026455006,0,0.015402344986796379,4,0.9397580033870193
76561198111339894,0,0.07741058617830276,4,0.9397580033870193
76561198061076059,0,0.018099194392561913,4,0.9397580033870193
76561198261291412,0,0.006964138709008694,4,0.9397580033870193
76561198076167237,0,0.07854395359754562,4,0.9397580033870193
76561198072116275,0,0.005319302435964346,4,0.9397580033870193
76561198061426056,0,0.0062769209034740925,4,0.9397580033870193
76561198107716541,0,0.008159334771335125,4,0.9397580033870193
76561199809642690,0,0.006254677195101976,4,0.9397580033870193
76561198976704381,0,0.00404779938980937,4,0.9397580033870193
76561198045706351,0,0.5073015093803406,4,0.9397580033870193
76561199009512548,0,0.006175447721034288,4,0.9397580033870193
76561198187811111,0,0.07463572919368744,4,0.9397580033870193
76561198116320221,0,0.9242459535598755,4,0.9397580033870193
76561198065788862,0,0.0042751245200634,4,0.9397580033870193
76561199178352748,0,0.005109504796564579,4,0.9397580033870193
76561199121169566,0,0.00626441091299057,4,0.9397580033870193
76561198204694476,0,0.004886027425527573,4,0.9397580033870193
76561198044803008,0,0.0041147079318761826,4,0.9397580033870193
76561198994937320,0,0.048998214304447174,4,0.9397580033870193
76561198111535312,0,0.003017662325873971,4,0.9397580033870193
76561199007868009,0,0.02603079006075859,4,0.9397580033870193
76561199280107864,0,0.009001952596008778,4,0.9397580033870193
76561198454065051,0,0.24031665921211243,4,0.9397580033870193
76561199670517931,0,0.004016051068902016,4,0.9397580033870193
76561198003104998,0,0.6647664904594421,4,0.9397580033870193
76561199149700925,0,0.00304594193585217,4,0.9397580033870193
76561198971828369,0,0.3331606984138489,4,0.9397580033870193
76561199192384759,0,0.0036678537726402283,4,0.9397580033870193
76561199487866049,0,0.0031413559336215258,4,0.9397580033870193
76561197970778290,0,0.06971094757318497,4,0.9397580033870193
76561198128019107,0,0.5754969716072083,4,0.9397580033870193
76561197966604297,0,0.5675145983695984,4,0.9397580033870193
76561198335374287,0,0.22138071060180664,4,0.9397580033870193
76561199185648089,0,0.003270418383181095,4,0.9397580033870193
76561199077846310,0,0.24804629385471344,4,0.9397580033870193
76561198235166616,0,0.0031434607226401567,4,0.9397580033870193
76561199001750433,0,0.004625259432941675,4,0.9397580033870193
76561198025890283,0,0.7722374796867371,4,0.9397580033870193
76561199113286226,0,0.01297434326261282,4,0.9397580033870193
76561198383064526,0,0.3051117956638336,4,0.9397580033870193
76561199229512792,0,0.25086304545402527,4,0.9397580033870193
76561198014477963,0,0.006864307448267937,4,0.9397580033870193
76561199063879878,0,0.0054223123006522655,4,0.9397580033870193
76561199066659900,0,0.011510135605931282,4,0.9397580033870193
76561198954077055,0,0.06013541296124458,4,0.9397580033870193
76561198960015904,0,0.2109755128622055,4,0.9397580033870193
76561199214051412,0,0.0036228105891495943,4,0.9397580033870193
76561198241519190,0,0.4715844988822937,4,0.9397580033870193
76561198087708607,0,0.23842354118824005,4,0.9397580033870193
76561197989940416,0,0.48840153217315674,4,0.9397580033870193
76561198271992650,0,0.39558181166648865,4,0.9397580033870193
76561198014680054,0,0.15488120913505554,4,0.9397580033870193
76561198148776916,0,0.14892488718032837,4,0.9397580033870193
76561198345860491,0,0.009697974659502506,4,0.9397580033870193
76561199401674557,0,0.008981951512396336,4,0.9397580033870193
76561198410575516,0,0.39341312646865845,4,0.9397580033870193
76561198082308327,0,0.015489935874938965,4,0.9397580033870193
76561198077649099,0,0.00428459607064724,4,0.9397580033870193
76561199046336125,0,0.9816052317619324,4,0.9397580033870193
76561198296261294,0,0.003938834648579359,4,0.9397580033870193
76561199416400627,0,0.003575304988771677,4,0.9397580033870193
76561199005040968,0,0.0072027635760605335,4,0.9397580033870193
76561199784607472,0,0.5157071948051453,4,0.9397580033870193
76561199092822781,0,0.20188196003437042,4,0.9397580033870193
76561199008252695,0,0.063194639980793,4,0.9397580033870193
76561199419775686,0,0.11541531980037689,4,0.9397580033870193
76561198817903062,0,0.14717501401901245,4,0.9397580033870193
76561198071427626,0,0.006233408581465483,4,0.9397580033870193
76561198445003151,0,0.17644824087619781,4,0.9397580033870193
76561198051548734,0,0.003059184877201915,4,0.9397580033870193
76561199072852167,0,0.2186995893716812,4,0.9397580033870193
76561197984989825,0,0.274448037147522,4,0.9397580033870193
76561197994706241,0,0.8035265803337097,4,0.9397580033870193
76561198880991045,1,0.9901056885719299,4,0.9397580033870193
76561198141965372,0,0.006833937484771013,4,0.9397580033870193
76561198103734133,0,0.029132647439837456,4,0.9397580033870193
76561198023639694,0,0.0035809422843158245,4,0.9397580033870193
76561199611395583,0,0.003072324674576521,4,0.9397580033870193
76561199276131526,0,0.0035200663842260838,4,0.9397580033870193
76561199117003984,0,0.003095009131357074,4,0.9397580033870193
76561199106983653,1,0.9841898083686829,4,0.9397580033870193
76561199091404340,0,0.004049484618008137,4,0.9397580033870193
76561198373201662,0,0.00799477193504572,4,0.9397580033870193
76561198228858680,0,0.3380212187767029,4,0.9397580033870193
76561198833824058,0,0.05178778991103172,4,0.9397580033870193
76561198869274001,0,0.22671060264110565,4,0.9397580033870193
76561199013210262,0,0.0877600908279419,4,0.9397580033870193
76561199557415705,0,0.0031846973579376936,4,0.9397580033870193
76561197972513466,0,0.08897051960229874,4,0.9397580033870193
76561198997678807,0,0.004988289438188076,4,0.9397580033870193
76561199390832281,1,0.9843573570251465,4,0.9397580033870193
76561199084699035,0,0.006080120801925659,4,0.9397580033870193
76561198797649349,0,0.004781084600836039,4,0.9397580033870193
76561198155893945,0,0.011527404189109802,4,0.9397580033870193
76561199245650490,0,0.0035417561884969473,4,0.9397580033870193
76561198339160229,0,0.0053861308842897415,4,0.9397580033870193
76561198230983792,0,0.6515767574310303,4,0.9397580033870193
76561199142888886,0,0.00304594193585217,4,0.9397580033870193
76561198059556061,0,0.0039061163552105427,4,0.9397580033870193
76561198130038345,0,0.01016429252922535,4,0.9397580033870193
76561199349084851,0,0.005729654338210821,4,0.9397580033870193
76561199064043730,0,0.017382781952619553,4,0.9397580033870193
76561198074614192,0,0.006558137945830822,4,0.9397580033870193
76561198304685381,0,0.03185151889920235,4,0.9397580033870193
76561198400958889,0,0.010084019973874092,4,0.9397580033870193
76561198090672451,0,0.012543870136141777,4,0.9397580033870193
76561198365714795,0,0.019232967868447304,4,0.9397580033870193
76561198276682239,0,0.005762716289609671,4,0.9397580033870193
76561198199326881,0,0.04314439371228218,4,0.9397580033870193
76561198122126468,0,0.025725482031702995,4,0.9397580033870193
76561198095483773,0,0.25846970081329346,4,0.9397580033870193
76561198965177974,0,0.003408273449167609,4,0.9397580033870193
76561199556172985,0,0.006722692865878344,4,0.9397580033870193
76561199403398410,0,0.0036691674031317234,4,0.9397580033870193
76561198854165149,0,0.005214940756559372,4,0.9397580033870193
76561198130438272,0,0.019340550526976585,4,0.9397580033870193
76561198072942919,0,0.025855690240859985,4,0.9397580033870193
76561199289421136,0,0.00313605647534132,4,0.9397580033870193
76561199580439526,0,0.0051352339796721935,4,0.9397580033870193
76561197982678285,0,0.004356812220066786,4,0.9397580033870193
76561199386895121,0,0.015203233808279037,4,0.9397580033870193
76561198050463268,0,0.003689466742798686,4,0.9397580033870193
76561198352314955,0,0.003689466742798686,4,0.9397580033870193
76561199339110268,0,0.057214442640542984,4,0.9397580033870193
76561198094363604,0,0.2108982801437378,4,0.9397580033870193
76561197971426328,0,0.9667418003082275,4,0.9397580033870193
76561197995212749,0,0.015850001946091652,4,0.9397580033870193
76561198362127900,0,0.0029768277890980244,4,0.9397580033870193
76561198398659650,0,0.07115917652845383,4,0.9397580033870193
76561198369469002,0,0.006172556430101395,4,0.9397580033870193
76561198892295010,0,0.005203941836953163,4,0.9397580033870193
76561199553751390,0,0.6375956535339355,4,0.9397580033870193
76561198080587023,0,0.6098523139953613,4,0.9397580033870193
76561198259591601,0,0.006862201727926731,4,0.9397580033870193
76561199087006671,0,0.1877373605966568,4,0.9397580033870193
76561199792441831,0,0.004032155964523554,4,0.9397580033870193
76561198993647496,0,0.009431962855160236,4,0.9397580033870193
76561199214022485,0,0.39990323781967163,4,0.9397580033870193
76561198115650136,0,0.01082497276365757,4,0.9397580033870193
76561198299750444,0,0.6823805570602417,4,0.9397580033870193
76561198018693690,0,0.006286684889346361,4,0.9397580033870193
76561198009003452,0,0.5091017484664917,4,0.9397580033870193
76561198255495518,0,0.25431543588638306,4,0.9397580033870193
76561198857287886,0,0.0042664166539907455,4,0.9397580033870193
76561198121896562,0,0.9835658669471741,4,0.9397580033870193
76561198448722321,0,0.02732866071164608,4,0.9397580033870193
76561198820174125,0,0.03435879945755005,4,0.9397580033870193
76561198990449124,0,0.028370823711156845,4,0.9397580033870193
76561198276262477,0,0.005090053658932447,4,0.9397580033870193
76561198220164333,0,0.04834349453449249,4,0.9397580033870193
76561198065213739,0,0.27502959966659546,4,0.9397580033870193
76561198165508925,0,0.0033924486488103867,4,0.9397580033870193
76561198147443480,0,0.32897689938545227,4,0.9397580033870193
76561198382944656,0,0.9380670189857483,4,0.9397580033870193
76561198046593972,0,0.5278894901275635,4,0.9397580033870193
76561198140404638,0,0.06112400069832802,4,0.9397580033870193
76561198813136546,0,0.1076943650841713,4,0.9397580033870193
76561198055958593,0,0.028269346803426743,4,0.9397580033870193
76561198202427509,1,0.8311783671379089,4,0.9397580033870193
76561198015010220,0,0.08657333999872208,4,0.9397580033870193
76561198006517894,0,0.4191296398639679,4,0.9397580033870193
76561199510953062,0,0.48958754539489746,4,0.9397580033870193
76561198123119854,0,0.022256873548030853,4,0.9397580033870193
76561199128390202,0,0.14629797637462616,4,0.9397580033870193
76561198092785865,0,0.17742089927196503,4,0.9397580033870193
76561198069649453,0,0.038296911865472794,4,0.9397580033870193
76561199237147163,0,0.006638860329985619,4,0.9397580033870193
76561199175144262,0,0.13589946925640106,4,0.9397580033870193
76561198096726126,0,0.06450056284666061,4,0.9397580033870193
76561199070214654,0,0.003262370591983199,4,0.9397580033870193
76561199198554852,0,0.005681228823959827,4,0.9397580033870193
76561198300494431,0,0.04161249101161957,4,0.9397580033870193
76561198105291185,0,0.03897741436958313,4,0.9397580033870193
76561198044218335,0,0.006453315727412701,4,0.9397580033870193
76561199008140053,0,0.006602820008993149,4,0.9397580033870193
76561199182388473,0,0.10729435086250305,4,0.9397580033870193
76561199262889061,0,0.005622899159789085,4,0.9397580033870193
76561198028228484,0,0.2988453507423401,4,0.9397580033870193
76561199131157870,0,0.006417850498110056,4,0.9397580033870193
76561199315139619,0,0.028171448037028313,4,0.9397580033870193
76561198000469082,0,0.0035145545843988657,4,0.9397580033870193
76561199095638512,0,0.0031040688045322895,4,0.9397580033870193
76561198119649979,0,0.007202081382274628,4,0.9397580033870193
76561199478490220,0,0.020568354055285454,4,0.9397580033870193
76561198048390567,0,0.11066683381795883,4,0.9397580033870193
76561197973156880,0,0.0032169874757528305,4,0.9397580033870193
76561199050813084,0,0.00610838457942009,4,0.9397580033870193
76561198054896800,0,0.025122420862317085,4,0.9397580033870193
76561198971595353,0,0.03812427818775177,4,0.9397580033870193
76561198081032740,0,0.1429145783185959,4,0.9397580033870193
76561198040912022,0,0.01149410754442215,4,0.9397580033870193
76561198324712853,0,0.00538061885163188,4,0.9397580033870193
76561197970344148,0,0.0873139351606369,4,0.9397580033870193
76561198263231379,0,0.5108626484870911,4,0.9397580033870193
76561198049720394,0,0.8292908668518066,4,0.9397580033870193
76561199152130548,0,0.00613020546734333,4,0.9397580033870193
76561199122443100,0,0.25536033511161804,4,0.9397580033870193
76561198291787380,0,0.1290769726037979,4,0.9397580033870193
76561199783952217,0,0.23802389204502106,4,0.9397580033870193
76561198119518878,0,0.09455497562885284,4,0.9397580033870193
76561198062212389,0,0.8228020071983337,4,0.9397580033870193
76561199093487672,0,0.20817627012729645,4,0.9397580033870193
76561199003252893,0,0.14312009513378143,4,0.9397580033870193
76561198066063966,0,0.03230351209640503,4,0.9397580033870193
76561198238136232,0,0.0040797283872962,4,0.9397580033870193
76561199085547202,0,0.00538061885163188,4,0.9397580033870193
76561198818256284,0,0.08998724073171616,4,0.9397580033870193
76561199133654661,0,0.017494864761829376,4,0.9397580033870193
76561199082793498,0,0.0036356947384774685,4,0.9397580033870193
76561198039971044,0,0.004338075406849384,4,0.9397580033870193
76561197967614075,0,0.007273243740200996,4,0.9397580033870193
76561198024847208,0,0.5024204254150391,4,0.9397580033870193
76561199257018094,0,0.015099501237273216,4,0.9397580033870193
76561199769463791,0,0.005109504796564579,4,0.9397580033870193
76561198849309439,0,0.06658859550952911,4,0.9397580033870193
76561199607007116,0,0.0032750475220382214,4,0.9397580033870193
76561198264090732,0,0.005372846033424139,4,0.9397580033870193
76561198154616957,0,0.005912052467465401,4,0.9397580033870193
76561198303866906,0,0.005410968326032162,4,0.9397580033870193
76561197962003257,0,0.0034983165096491575,4,0.9397580033870193
76561199271526715,0,0.01306814607232809,4,0.9397580033870193
76561198149398168,0,0.0322851724922657,4,0.9397580033870193
76561199123184411,0,0.0412236750125885,4,0.9397580033870193
76561198004196272,0,0.02254602499306202,4,0.9397580033870193
76561199013680690,0,0.005676796659827232,4,0.9397580033870193
76561198120920801,0,0.007834996096789837,4,0.9397580033870193
76561198860009184,0,0.004367855377495289,4,0.9397580033870193
76561199053284384,0,0.004254362545907497,4,0.9397580033870193
76561199198324094,0,0.004585872869938612,4,0.9397580033870193
76561197961583080,0,0.015991931781172752,4,0.9397580033870193
76561198303283792,0,0.005489584058523178,4,0.9397580033870193
76561198260359088,0,0.011355086229741573,4,0.9397580033870193
76561198048700773,0,0.011471510864794254,4,0.9397580033870193
76561199100488457,0,0.00634479895234108,4,0.9397580033870193
76561198805597953,0,0.003689466742798686,4,0.9397580033870193
76561199029437705,0,0.0037227380089461803,4,0.9397580033870193
76561197991124862,0,0.015064949169754982,4,0.9397580033870193
