user_key,y,score,fold,threshold
76561199078517053,0,0.005480977240949869,2,0.9741059319757335
76561199227503737,1,0.9628636837005615,2,0.9741059319757335
76561198102935583,0,0.7084976434707642,2,0.9741059319757335
76561198098551018,1,0.9730554819107056,2,0.9741059319757335
76561199106380658,0,0.012958768755197525,2,0.9741059319757335
76561199077560573,0,0.01921052671968937,2,0.9741059319757335
76561198948307649,0,0.7719601988792419,2,0.9741059319757335
76561199239214362,0,0.006094115320593119,2,0.9741059319757335
76561198138869255,0,0.5955020189285278,2,0.9741059319757335
76561198096224636,0,0.23098421096801758,2,0.9741059319757335
76561198954537085,0,0.0191048476845026,2,0.9741059319757335
76561197961240582,0,0.967850387096405,2,0.9741059319757335
76561198381562644,0,0.8979039192199707,2,0.9741059319757335
76561198042608937,1,0.9350033402442932,2,0.9741059319757335
76561199274462533,0,0.007372829131782055,2,0.9741059319757335
76561198905352663,0,0.005939171649515629,2,0.9741059319757335
76561198060500154,0,0.026423636823892593,2,0.9741059319757335
76561198101959812,0,0.005002432037144899,2,0.9741059319757335
76561198078501765,0,0.012040539644658566,2,0.9741059319757335
76561198074075610,0,0.504000723361969,2,0.9741059319757335
76561198101790521,0,0.9734622240066528,2,0.9741059319757335
76561198151046682,0,0.9480579495429993,2,0.9741059319757335
76561199046949380,0,0.004715889226645231,2,0.9741059319757335
76561198852652336,0,0.9448537230491638,2,0.9741059319757335
76561198962778183,0,0.9740002155303955,2,0.9741059319757335
76561198263360163,0,0.005642416421324015,2,0.9741059319757335
76561198137697247,0,0.2569740414619446,2,0.9741059319757335
76561198425330578,0,0.004408599808812141,2,0.9741059319757335
76561198398682869,0,0.20826202630996704,2,0.9741059319757335
76561198830236230,0,0.006636518519371748,2,0.9741059319757335
76561199428552964,0,0.0042481920681893826,2,0.9741059319757335
76561199535700678,0,0.009914853610098362,2,0.9741059319757335
76561198007112394,0,0.8010904788970947,2,0.9741059319757335
76561199182200217,0,0.014720575883984566,2,0.9741059319757335
76561197964146004,0,0.20933420956134796,2,0.9741059319757335
76561199198478298,0,0.9807260632514954,2,0.9741059319757335
76561198014630148,0,0.0047374567948281765,2,0.9741059319757335
76561198052016840,0,0.029915692284703255,2,0.9741059319757335
76561198984992713,0,0.006235459353774786,2,0.9741059319757335
76561197972381870,0,0.004287521820515394,2,0.9741059319757335
76561198142775839,0,0.032554253935813904,2,0.9741059319757335
76561198319283463,0,0.00551403034478426,2,0.9741059319757335
76561198120838811,0,0.004408599808812141,2,0.9741059319757335
76561199064836876,0,0.008443949744105339,2,0.9741059319757335
76561198028848423,0,0.013073363341391087,2,0.9741059319757335
76561198057066830,0,0.00536049110814929,2,0.9741059319757335
76561198981133285,0,0.0042966329492628574,2,0.9741059319757335
76561198114258765,0,0.010440453886985779,2,0.9741059319757335
76561199227926538,0,0.0042415885254740715,2,0.9741059319757335
76561198293399598,0,0.02444058284163475,2,0.9741059319757335
76561199518927437,0,0.00571857113391161,2,0.9741059319757335
76561198029955307,0,0.7645085453987122,2,0.9741059319757335
76561199202507588,0,0.9533911943435669,2,0.9741059319757335
76561197998239335,0,0.004906169138848782,2,0.9741059319757335
76561198820406363,0,0.004779266659170389,2,0.9741059319757335
76561199050253351,0,0.004615673795342445,2,0.9741059319757335
76561197997713646,0,0.005511526484042406,2,0.9741059319757335
76561199047289436,0,0.0085030822083354,2,0.9741059319757335
76561198090842371,0,0.011463776230812073,2,0.9741059319757335
76561199075678422,0,0.0038909323047846556,2,0.9741059319757335
76561199098216034,0,0.00820893608033657,2,0.9741059319757335
76561198344532547,0,0.008565847761929035,2,0.9741059319757335
76561198836897475,0,0.022973978891968727,2,0.9741059319757335
76561198859983854,0,0.016443686559796333,2,0.9741059319757335
76561199385556517,0,0.014611907303333282,2,0.9741059319757335
76561198074188881,0,0.004965493455529213,2,0.9741059319757335
76561198080811874,0,0.0042715370655059814,2,0.9741059319757335
76561199218567987,0,0.006076594348996878,2,0.9741059319757335
76561198063764081,0,0.005321808625012636,2,0.9741059319757335
76561197994714256,0,0.008685431443154812,2,0.9741059319757335
76561198808682889,0,0.004167577717453241,2,0.9741059319757335
76561198206798288,0,0.004225052427500486,2,0.9741059319757335
76561198951805709,0,0.008203518576920033,2,0.9741059319757335
76561198975630758,0,0.00997298676520586,2,0.9741059319757335
76561199015795293,1,0.988403856754303,2,0.9741059319757335
76561197977143572,0,0.0037267545703798532,2,0.9741059319757335
76561198797955221,0,0.1430513709783554,2,0.9741059319757335
76561198971681747,0,0.006211176980286837,2,0.9741059319757335
76561199438313771,0,0.024025490507483482,2,0.9741059319757335
76561198160420440,0,0.006655516102910042,2,0.9741059319757335
76561198426848841,0,0.006131117697805166,2,0.9741059319757335
76561198051434323,0,0.8412086367607117,2,0.9741059319757335
76561199440942403,0,0.006444273050874472,2,0.9741059319757335
76561198914030439,0,0.004529960453510284,2,0.9741059319757335
76561198174995763,0,0.005734208971261978,2,0.9741059319757335
76561198133919727,0,0.00717964768409729,2,0.9741059319757335
76561197988433544,0,0.005009742919355631,2,0.9741059319757335
76561198051044693,0,0.004693006165325642,2,0.9741059319757335
76561198439178825,0,0.004134742077440023,2,0.9741059319757335
76561197978411201,0,0.05946042761206627,2,0.9741059319757335
76561198032374255,0,0.2942313253879547,2,0.9741059319757335
76561197988603390,0,0.017341243103146553,2,0.9741059319757335
76561198103503201,0,0.9893786311149597,2,0.9741059319757335
76561199534821037,0,0.22106066346168518,2,0.9741059319757335
76561198385832678,0,0.013644546270370483,2,0.9741059319757335
76561199051153697,0,0.8935948014259338,2,0.9741059319757335
76561198069499031,0,0.004799239803105593,2,0.9741059319757335
76561198105983859,0,0.005567730870097876,2,0.9741059319757335
76561199463554658,0,0.005654297303408384,2,0.9741059319757335
76561199148121081,0,0.9829801321029663,2,0.9741059319757335
76561197977792596,1,0.9904645681381226,2,0.9741059319757335
76561198111275949,0,0.00472796056419611,2,0.9741059319757335
76561199565043119,0,0.06950454413890839,2,0.9741059319757335
76561198353184611,0,0.02111952193081379,2,0.9741059319757335
76561198093371763,1,0.9605085253715515,2,0.9741059319757335
76561199062329090,0,0.0709233358502388,2,0.9741059319757335
76561198025372405,0,0.00530522596091032,2,0.9741059319757335
76561198067049769,0,0.009105962701141834,2,0.9741059319757335
76561198798957913,0,0.8937619924545288,2,0.9741059319757335
76561198287611778,0,0.9010463356971741,2,0.9741059319757335
76561198155342259,0,0.004167577717453241,2,0.9741059319757335
76561198199841353,1,0.7932101488113403,2,0.9741059319757335
76561199040205918,0,0.004056113306432962,2,0.9741059319757335
76561199200175668,0,0.03592854365706444,2,0.9741059319757335
76561198805611053,0,0.0038115577772259712,2,0.9741059319757335
76561199198060360,0,0.011785692535340786,2,0.9741059319757335
76561199243950188,0,0.44672155380249023,2,0.9741059319757335
76561198017681225,0,0.011879254132509232,2,0.9741059319757335
76561199143406517,0,0.2017790824174881,2,0.9741059319757335
76561198048365979,0,0.005534453317523003,2,0.9741059319757335
76561198063942813,0,0.8780217170715332,2,0.9741059319757335
76561197984809947,0,0.0039442447014153,2,0.9741059319757335
76561197974143635,0,0.004167577717453241,2,0.9741059319757335
76561198339278969,0,0.8985443711280823,2,0.9741059319757335
76561198367142118,0,0.017522990703582764,2,0.9741059319757335
76561198067249021,0,0.5931012630462646,2,0.9741059319757335
76561198041624624,0,0.003908012993633747,2,0.9741059319757335
76561197980110676,0,0.00741631630808115,2,0.9741059319757335
76561198026581044,0,0.005021111574023962,2,0.9741059319757335
76561199126875871,0,0.004839026834815741,2,0.9741059319757335
76561198128351904,0,0.012792494148015976,2,0.9741059319757335
76561198967509294,0,0.00742135476320982,2,0.9741059319757335
76561199694813196,0,0.006076594348996878,2,0.9741059319757335
76561198362889483,0,0.032545361667871475,2,0.9741059319757335
76561198010922938,0,0.005231774412095547,2,0.9741059319757335
76561198066956583,0,0.0037409323267638683,2,0.9741059319757335
76561197970215818,0,0.007535202894359827,2,0.9741059319757335
76561199056256872,0,0.004271861631423235,2,0.9741059319757335
76561198280377284,0,0.22893235087394714,2,0.9741059319757335
76561198171255381,0,0.04756734520196915,2,0.9741059319757335
76561198427106314,0,0.025128237903118134,2,0.9741059319757335
76561198236157668,0,0.0057762982323765755,2,0.9741059319757335
76561199075480073,0,0.003849990665912628,2,0.9741059319757335
76561198110124461,0,0.00527209835126996,2,0.9741059319757335
76561199372256647,1,0.9517166018486023,2,0.9741059319757335
76561199010178936,0,0.006531828083097935,2,0.9741059319757335
76561198011999811,0,0.0053266421891748905,2,0.9741059319757335
76561198156908407,0,0.011031119152903557,2,0.9741059319757335
76561198893348400,0,0.004352140240371227,2,0.9741059319757335
76561199096757450,0,0.10415226221084595,2,0.9741059319757335
76561198172953743,0,0.22349070012569427,2,0.9741059319757335
76561198208183875,0,0.00445222482085228,2,0.9741059319757335
76561199031447622,0,0.013041391037404537,2,0.9741059319757335
76561198061492665,0,0.051205430179834366,2,0.9741059319757335
76561198126022454,0,0.005351392086595297,2,0.9741059319757335
76561197990845771,0,0.005113646853715181,2,0.9741059319757335
76561198243903230,0,0.004344136919826269,2,0.9741059319757335
76561198301423358,0,0.3339863419532776,2,0.9741059319757335
76561198030877847,0,0.7246384620666504,2,0.9741059319757335
76561199236069663,0,0.004033634439110756,2,0.9741059319757335
76561199220356450,0,0.004074703902006149,2,0.9741059319757335
76561199799208303,0,0.010224319994449615,2,0.9741059319757335
76561198013460486,0,0.0049070026725530624,2,0.9741059319757335
76561199641551183,0,0.004661871120333672,2,0.9741059319757335
76561199194755772,0,0.008417394012212753,2,0.9741059319757335
76561199070991402,0,0.004641744773834944,2,0.9741059319757335
76561198166321886,0,0.017176877707242966,2,0.9741059319757335
76561198974234970,0,0.00423047412186861,2,0.9741059319757335
76561198994491856,0,0.005088933277875185,2,0.9741059319757335
76561198974206143,0,0.494477778673172,2,0.9741059319757335
76561198089660842,0,0.01830330304801464,2,0.9741059319757335
76561198044437682,0,0.00467255711555481,2,0.9741059319757335
76561198187650537,0,0.004289364907890558,2,0.9741059319757335
76561199814802604,0,0.010581775568425655,2,0.9741059319757335
76561199200609836,0,0.00448524160310626,2,0.9741059319757335
76561197998631498,0,0.06802568584680557,2,0.9741059319757335
76561198863911751,0,0.007613831665366888,2,0.9741059319757335
76561198378148978,0,0.005468133836984634,2,0.9741059319757335
76561198044282708,0,0.004923068918287754,2,0.9741059319757335
76561198372837532,0,0.12782585620880127,2,0.9741059319757335
76561198063772079,0,0.8227808475494385,2,0.9741059319757335
76561198005292598,0,0.008053767494857311,2,0.9741059319757335
76561199189558682,0,0.0040110512636601925,2,0.9741059319757335
76561198072786457,0,0.029442990198731422,2,0.9741059319757335
76561198815073049,0,0.007899129763245583,2,0.9741059319757335
76561198401671319,0,0.004413658753037453,2,0.9741059319757335
76561198020721110,0,0.006076594348996878,2,0.9741059319757335
76561198296814851,0,0.12275716662406921,2,0.9741059319757335
76561198073779803,0,0.3226054608821869,2,0.9741059319757335
76561199025797268,0,0.056907568126916885,2,0.9741059319757335
76561198060799617,0,0.010888293385505676,2,0.9741059319757335
76561199056398514,0,0.004563831724226475,2,0.9741059319757335
76561198151460292,0,0.9072201251983643,2,0.9741059319757335
76561198873249242,0,0.0044816527515649796,2,0.9741059319757335
76561199114108040,1,0.9925506114959717,2,0.9741059319757335
76561198015586172,0,0.008058475330471992,2,0.9741059319757335
76561198300643449,0,0.6563999652862549,2,0.9741059319757335
76561198100771201,0,0.9653991460800171,2,0.9741059319757335
76561198836143751,0,0.005290693137794733,2,0.9741059319757335
76561197969886360,0,0.007997939363121986,2,0.9741059319757335
76561198858214220,0,0.01072841975837946,2,0.9741059319757335
76561198049429946,0,0.9180235266685486,2,0.9741059319757335
76561198102057500,0,0.6726886630058289,2,0.9741059319757335
76561198812635994,1,0.9356415271759033,2,0.9741059319757335
76561198069182310,0,0.012664812617003918,2,0.9741059319757335
76561198115612679,0,0.8143333196640015,2,0.9741059319757335
76561198066142070,0,0.004267634358257055,2,0.9741059319757335
76561198931356763,0,0.03420431539416313,2,0.9741059319757335
76561199137104894,0,0.004948645364493132,2,0.9741059319757335
76561198034752158,0,0.03546040505170822,2,0.9741059319757335
76561198196753386,0,0.009609343484044075,2,0.9741059319757335
76561199427790573,0,0.008895950391888618,2,0.9741059319757335
76561198816252094,0,0.9733539819717407,2,0.9741059319757335
76561199056955628,0,0.007657500449568033,2,0.9741059319757335
76561198257296094,0,0.8010838627815247,2,0.9741059319757335
76561198830433528,0,0.9883501529693604,2,0.9741059319757335
76561198114243074,0,0.01477470900863409,2,0.9741059319757335
76561198022144970,0,0.007307504769414663,2,0.9741059319757335
76561199085701085,0,0.026082506403326988,2,0.9741059319757335
76561199060933925,1,0.9220361113548279,2,0.9741059319757335
76561198072092639,0,0.07446883618831635,2,0.9741059319757335
76561199181811314,0,0.0036404477432370186,2,0.9741059319757335
76561199250032183,0,0.12943291664123535,2,0.9741059319757335
76561199159562002,0,0.004648568108677864,2,0.9741059319757335
76561198067943736,0,0.004011757671833038,2,0.9741059319757335
76561198816768319,0,0.004120781552046537,2,0.9741059319757335
76561197966094574,0,0.006754573434591293,2,0.9741059319757335
76561198001277083,0,0.005326449405401945,2,0.9741059319757335
76561199140961634,0,0.9850114583969116,2,0.9741059319757335
76561199511453422,0,0.5835849642753601,2,0.9741059319757335
76561198194883082,0,0.014718901365995407,2,0.9741059319757335
76561198870182798,0,0.24903641641139984,2,0.9741059319757335
76561198062945290,0,0.9592484831809998,2,0.9741059319757335
76561198200799222,0,0.005799248814582825,2,0.9741059319757335
76561198077832340,0,0.017290230840444565,2,0.9741059319757335
76561198114532414,0,0.00508076511323452,2,0.9741059319757335
76561199030206733,0,0.00532733416184783,2,0.9741059319757335
76561199559766617,0,0.006076139397919178,2,0.9741059319757335
76561199398172677,0,0.008021868765354156,2,0.9741059319757335
76561198328884149,0,0.006087876856327057,2,0.9741059319757335
76561198108274706,0,0.0315106138586998,2,0.9741059319757335
76561199011915890,0,0.005473037250339985,2,0.9741059319757335
76561198143482042,0,0.9713327288627625,2,0.9741059319757335
76561198066708881,0,0.5431875586509705,2,0.9741059319757335
76561198304767225,0,0.005172116216272116,2,0.9741059319757335
76561199091810670,0,0.005714004393666983,2,0.9741059319757335
76561197971425333,0,0.016790015622973442,2,0.9741059319757335
76561198813229676,0,0.004970398731529713,2,0.9741059319757335
76561198905861873,0,0.7659701108932495,2,0.9741059319757335
76561198829038854,0,0.44535359740257263,2,0.9741059319757335
76561198357739788,0,0.007845530286431313,2,0.9741059319757335
76561199180490709,0,0.016456516459584236,2,0.9741059319757335
76561198041490928,0,0.003961028065532446,2,0.9741059319757335
76561198262180259,0,0.006552939768880606,2,0.9741059319757335
76561198046719521,0,0.022116879001259804,2,0.9741059319757335
76561197960886412,0,0.006269133184105158,2,0.9741059319757335
76561198821801788,0,0.005775146186351776,2,0.9741059319757335
76561199700351500,0,0.02210112102329731,2,0.9741059319757335
76561198948636683,0,0.005713297985494137,2,0.9741059319757335
76561198188049365,0,0.005803593900054693,2,0.9741059319757335
76561198384440178,0,0.006311331409960985,2,0.9741059319757335
76561198998791580,0,0.06878777593374252,2,0.9741059319757335
76561198412844486,0,0.005200292449444532,2,0.9741059319757335
76561198047639719,0,0.013083512894809246,2,0.9741059319757335
76561198156590928,0,0.008690892718732357,2,0.9741059319757335
76561199169087933,0,0.006742383353412151,2,0.9741059319757335
76561199611673886,0,0.004200613591820002,2,0.9741059319757335
76561199019890380,0,0.03104398027062416,2,0.9741059319757335
76561198445005665,0,0.004408599808812141,2,0.9741059319757335
76561198801868581,0,0.008040235377848148,2,0.9741059319757335
76561199231697391,0,0.004003993701189756,2,0.9741059319757335
76561198028525487,0,0.00493552116677165,2,0.9741059319757335
76561198234911580,0,0.003995874896645546,2,0.9741059319757335
76561198034068216,0,0.006666843313723803,2,0.9741059319757335
76561198028377611,0,0.004616171587258577,2,0.9741059319757335
76561199080837594,0,0.0039773499593138695,2,0.9741059319757335
76561198436528011,0,0.1331508606672287,2,0.9741059319757335
76561199094142112,0,0.0073212007991969585,2,0.9741059319757335
76561198002523522,0,0.006111252121627331,2,0.9741059319757335
76561199130023576,0,0.005821714643388987,2,0.9741059319757335
76561199164160760,0,0.0062404898926615715,2,0.9741059319757335
76561198355491635,0,0.027044139802455902,2,0.9741059319757335
76561198972397339,0,0.007210863754153252,2,0.9741059319757335
76561198053257043,0,0.007138269022107124,2,0.9741059319757335
76561198007308528,0,0.004689267370849848,2,0.9741059319757335
76561197985265958,0,0.010871422477066517,2,0.9741059319757335
76561198324527545,0,0.005218809004873037,2,0.9741059319757335
76561199205752427,0,0.0061651659198105335,2,0.9741059319757335
76561198996267608,0,0.0062211486510932446,2,0.9741059319757335
76561198849446876,0,0.20474059879779816,2,0.9741059319757335
76561198010478331,0,0.7163837552070618,2,0.9741059319757335
76561198996257081,0,0.0050755832344293594,2,0.9741059319757335
76561199206749261,0,0.9670292139053345,2,0.9741059319757335
76561199118184854,0,0.9352418780326843,2,0.9741059319757335
76561198195681298,0,0.004391379188746214,2,0.9741059319757335
76561198878026082,0,0.019632626324892044,2,0.9741059319757335
76561197987708003,0,0.9339672327041626,2,0.9741059319757335
76561198181796090,0,0.005503273569047451,2,0.9741059319757335
76561197963336272,0,0.004721169359982014,2,0.9741059319757335
76561198018721570,0,0.006800970993936062,2,0.9741059319757335
76561198813766405,0,0.015375892631709576,2,0.9741059319757335
76561199055643993,0,0.19615031778812408,2,0.9741059319757335
76561198045602558,0,0.004362885374575853,2,0.9741059319757335
76561198295942412,0,0.021290412172675133,2,0.9741059319757335
76561199114724233,0,0.33339813351631165,2,0.9741059319757335
76561198171757269,0,0.00389258679933846,2,0.9741059319757335
76561198037489965,0,0.007232931908220053,2,0.9741059319757335
76561198129083858,0,0.9720637798309326,2,0.9741059319757335
76561198402373312,0,0.011482211761176586,2,0.9741059319757335
76561199028791173,0,0.007233790587633848,2,0.9741059319757335
76561199009624407,0,0.2346876561641693,2,0.9741059319757335
76561198130235911,0,0.4092571437358856,2,0.9741059319757335
76561198253561047,0,0.11771517992019653,2,0.9741059319757335
76561199146345030,0,0.018602248281240463,2,0.9741059319757335
76561198312440333,0,0.005268489010632038,2,0.9741059319757335
76561198399401484,0,0.005447613541036844,2,0.9741059319757335
76561198976089919,0,0.005868058186024427,2,0.9741059319757335
76561198826037700,0,0.9900377988815308,2,0.9741059319757335
76561198847657352,0,0.01802925579249859,2,0.9741059319757335
76561199179249846,0,0.004664938896894455,2,0.9741059319757335
76561198080331969,0,0.004407871514558792,2,0.9741059319757335
76561199215062617,0,0.02695227786898613,2,0.9741059319757335
76561199146436429,0,0.00730902049690485,2,0.9741059319757335
76561198146819317,0,0.10626401752233505,2,0.9741059319757335
76561199483079355,0,0.004903600085526705,2,0.9741059319757335
76561199676615572,0,0.006400888320058584,2,0.9741059319757335
76561198120298948,0,0.05017567053437233,2,0.9741059319757335
76561199180944792,0,0.9246737360954285,2,0.9741059319757335
76561199198159590,0,0.005674589890986681,2,0.9741059319757335
76561199144062794,0,0.010343342088162899,2,0.9741059319757335
76561198072485913,0,0.006535424385219812,2,0.9741059319757335
76561198055849623,0,0.0069411750882864,2,0.9741059319757335
76561198032833875,0,0.13854430615901947,2,0.9741059319757335
76561199212518642,1,0.9813496470451355,2,0.9741059319757335
76561198918448352,0,0.004390370100736618,2,0.9741059319757335
76561198007145405,0,0.0057486132718622684,2,0.9741059319757335
76561198053328206,0,0.004547577351331711,2,0.9741059319757335
76561198375266348,0,0.00656700786203146,2,0.9741059319757335
76561199104680721,0,0.0047921850346028805,2,0.9741059319757335
76561199531168952,0,0.26250919699668884,2,0.9741059319757335
76561199121744110,0,0.004590912256389856,2,0.9741059319757335
76561199198725179,0,0.005734208971261978,2,0.9741059319757335
76561199558902279,0,0.006790574640035629,2,0.9741059319757335
76561199108800514,0,0.009430354461073875,2,0.9741059319757335
76561198125557755,0,0.4150201678276062,2,0.9741059319757335
76561198043877871,0,0.007114951498806477,2,0.9741059319757335
76561199179651345,0,0.005130534525960684,2,0.9741059319757335
76561198830507112,0,0.01944356970489025,2,0.9741059319757335
76561198111958976,0,0.004614327102899551,2,0.9741059319757335
76561198817663236,0,0.691428005695343,2,0.9741059319757335
76561199006443416,0,0.01667262241244316,2,0.9741059319757335
76561198166127774,0,0.004167577717453241,2,0.9741059319757335
76561198425224864,0,0.005528861191123724,2,0.9741059319757335
76561198853521183,0,0.005745153408497572,2,0.9741059319757335
76561197971193290,0,0.004408599808812141,2,0.9741059319757335
76561198969898330,0,0.02559823915362358,2,0.9741059319757335
76561198004395417,0,0.00401143217459321,2,0.9741059319757335
76561199054000485,0,0.004321149550378323,2,0.9741059319757335
76561198290882190,0,0.012746430933475494,2,0.9741059319757335
76561198241067564,0,0.006317842286080122,2,0.9741059319757335
76561199097778407,0,0.006191329564899206,2,0.9741059319757335
76561198272100217,0,0.004894800949841738,2,0.9741059319757335
76561198359390055,0,0.005713194143027067,2,0.9741059319757335
76561198020793659,0,0.00944048073142767,2,0.9741059319757335
76561199243277878,0,0.007450276520103216,2,0.9741059319757335
76561198094497531,0,0.0050700451247394085,2,0.9741059319757335
76561198015660622,0,0.02324218489229679,2,0.9741059319757335
76561198145114731,0,0.004839026834815741,2,0.9741059319757335
76561199119857475,0,0.10901783406734467,2,0.9741059319757335
76561197961615463,0,0.005038078408688307,2,0.9741059319757335
76561198808323881,0,0.838718056678772,2,0.9741059319757335
76561198086499979,0,0.6002811789512634,2,0.9741059319757335
76561199229876996,0,0.9915817379951477,2,0.9741059319757335
76561199235011545,0,0.3986522853374481,2,0.9741059319757335
76561199070330858,0,0.053889814764261246,2,0.9741059319757335
76561197979939445,0,0.014134621247649193,2,0.9741059319757335
76561199035896293,0,0.004874392878264189,2,0.9741059319757335
76561198405733999,0,0.02167307212948799,2,0.9741059319757335
76561198894093316,0,0.8580500483512878,2,0.9741059319757335
76561198189831626,0,0.01811542920768261,2,0.9741059319757335
76561199465675721,0,0.005488038063049316,2,0.9741059319757335
76561198435775850,1,0.8235469460487366,2,0.9741059319757335
76561198083015867,0,0.0896567776799202,2,0.9741059319757335
76561198088790500,0,0.004741589073091745,2,0.9741059319757335
76561198026250160,0,0.16429701447486877,2,0.9741059319757335
76561198981109422,0,0.2967697083950043,2,0.9741059319757335
76561199201641770,0,0.01197055820375681,2,0.9741059319757335
76561198400583652,0,0.005343321710824966,2,0.9741059319757335
76561198035004335,0,0.8060940504074097,2,0.9741059319757335
76561198088151347,0,0.005037155468016863,2,0.9741059319757335
76561198138282839,0,0.005438630469143391,2,0.9741059319757335
76561199123372402,0,0.9181958436965942,2,0.9741059319757335
76561198831042806,0,0.005001999903470278,2,0.9741059319757335
76561197970696172,0,0.9052802324295044,2,0.9741059319757335
76561198040014725,0,0.25175926089286804,2,0.9741059319757335
76561199046912058,0,0.004167577717453241,2,0.9741059319757335
76561198034388779,0,0.005446921102702618,2,0.9741059319757335
76561198075736141,0,0.06283102929592133,2,0.9741059319757335
76561197962543425,0,0.046535592526197433,2,0.9741059319757335
76561199056844584,0,0.016462191939353943,2,0.9741059319757335
76561198247480664,0,0.07237721979618073,2,0.9741059319757335
76561198136675567,0,0.004243419971317053,2,0.9741059319757335
76561198383554858,0,0.00506440969184041,2,0.9741059319757335
76561198109693708,0,0.8633947372436523,2,0.9741059319757335
76561199151112139,1,0.9909051656723022,2,0.9741059319757335
76561198194595381,0,0.006706991232931614,2,0.9741059319757335
76561198813367595,0,0.6863210201263428,2,0.9741059319757335
76561199014621280,0,0.005189456976950169,2,0.9741059319757335
76561198046452609,0,0.00555762555450201,2,0.9741059319757335
76561198248165108,0,0.006341427098959684,2,0.9741059319757335
76561198175279295,0,0.010952869430184364,2,0.9741059319757335
76561198195840253,0,0.7974753379821777,2,0.9741059319757335
76561198074547954,0,0.9908705353736877,2,0.9741059319757335
76561198273995301,0,0.01067160815000534,2,0.9741059319757335
76561198039103825,0,0.008505284786224365,2,0.9741059319757335
76561198808585521,0,0.004285492934286594,2,0.9741059319757335
76561199162506559,0,0.007587025873363018,2,0.9741059319757335
76561199468529278,0,0.015364345163106918,2,0.9741059319757335
76561198027223407,0,0.006860680878162384,2,0.9741059319757335
76561198861759540,1,0.9623059034347534,2,0.9741059319757335
76561199165915157,0,0.987606942653656,2,0.9741059319757335
76561199454809464,0,0.012134291231632233,2,0.9741059319757335
76561198071714624,0,0.004423405043780804,2,0.9741059319757335
76561199001361447,0,0.9358915090560913,2,0.9741059319757335
76561199226176413,0,0.004061610903590918,2,0.9741059319757335
76561198121853007,0,0.4167996942996979,2,0.9741059319757335
76561198203594848,0,0.034934766590595245,2,0.9741059319757335
76561199256554106,0,0.004715150222182274,2,0.9741059319757335
76561199093428307,0,0.00469772145152092,2,0.9741059319757335
76561198015865676,0,0.2211102843284607,2,0.9741059319757335
76561198092345916,0,0.014626661315560341,2,0.9741059319757335
76561199045241949,0,0.013228124938905239,2,0.9741059319757335
76561198301889254,0,0.00391188682988286,2,0.9741059319757335
76561199669998204,0,0.00481301499530673,2,0.9741059319757335
76561199054374272,0,0.005424567963927984,2,0.9741059319757335
76561198192898866,0,0.01483023352921009,2,0.9741059319757335
76561198251284590,0,0.007502975407987833,2,0.9741059319757335
76561198067596064,0,0.014273624867200851,2,0.9741059319757335
76561198154323289,0,0.004525232128798962,2,0.9741059319757335
76561198254191226,0,0.6649094820022583,2,0.9741059319757335
76561199056247930,0,0.004799239803105593,2,0.9741059319757335
76561198202070444,0,0.07794075459241867,2,0.9741059319757335
76561198025198443,0,0.01585167646408081,2,0.9741059319757335
76561198370811551,0,0.0046834805980324745,2,0.9741059319757335
76561198835277933,0,0.005164250731468201,2,0.9741059319757335
76561198870116872,0,0.005471677519381046,2,0.9741059319757335
76561199700196087,0,0.09873524308204651,2,0.9741059319757335
76561198104214614,0,0.23923447728157043,2,0.9741059319757335
76561199078027782,0,0.004799239803105593,2,0.9741059319757335
76561197991630205,0,0.006656443700194359,2,0.9741059319757335
76561199161395381,0,0.007982109673321247,2,0.9741059319757335
76561198900968456,1,0.010318400338292122,2,0.9741059319757335
76561198927820374,0,0.004234509542584419,2,0.9741059319757335
76561198080834717,0,0.0039773499593138695,2,0.9741059319757335
76561198268246538,0,0.006482322234660387,2,0.9741059319757335
76561199143371262,0,0.007393111474812031,2,0.9741059319757335
76561199718582258,0,0.005647347308695316,2,0.9741059319757335
76561198153645362,0,0.010441488586366177,2,0.9741059319757335
76561198394224231,0,0.004716486670076847,2,0.9741059319757335
76561198422242875,0,0.008920414373278618,2,0.9741059319757335
76561198085219958,0,0.0048349821008741856,2,0.9741059319757335
76561198093446120,0,0.017159217968583107,2,0.9741059319757335
76561198047566464,0,0.013625839725136757,2,0.9741059319757335
76561198824552919,0,0.009061483666300774,2,0.9741059319757335
76561198062503132,0,0.0810122936964035,2,0.9741059319757335
76561198369096956,1,0.9904558062553406,2,0.9741059319757335
76561199093454708,0,0.15046948194503784,2,0.9741059319757335
76561199049669090,0,0.007023877464234829,2,0.9741059319757335
76561199088880341,0,0.005265026353299618,2,0.9741059319757335
76561199212883979,0,0.8986228108406067,2,0.9741059319757335
76561199238019761,0,0.18634255230426788,2,0.9741059319757335
76561199706606742,0,0.004413658753037453,2,0.9741059319757335
76561198190543201,0,0.0074068340472877026,2,0.9741059319757335
76561199201960069,0,0.004644852131605148,2,0.9741059319757335
76561198164913615,0,0.16417336463928223,2,0.9741059319757335
76561199006337781,0,0.00549719575792551,2,0.9741059319757335
76561198246262834,1,0.565986692905426,2,0.9741059319757335
76561198879943235,0,0.7132284641265869,2,0.9741059319757335
76561198009536209,0,0.0065999687649309635,2,0.9741059319757335
76561198189847214,0,0.006167656276375055,2,0.9741059319757335
76561199052168821,0,0.064779132604599,2,0.9741059319757335
76561199137148702,0,0.004357971251010895,2,0.9741059319757335
76561198433121571,0,0.1045432761311531,2,0.9741059319757335
76561198308053689,1,0.11692646890878677,2,0.9741059319757335
76561199120736279,0,0.0077978684566915035,2,0.9741059319757335
76561198854154692,0,0.004651933908462524,2,0.9741059319757335
76561198121802699,0,0.004380618687719107,2,0.9741059319757335
76561198032027526,0,0.05978765711188316,2,0.9741059319757335
76561198172321299,0,0.0037292037159204483,2,0.9741059319757335
76561198991311114,0,0.012788726016879082,2,0.9741059319757335
76561198107033934,0,0.005159696564078331,2,0.9741059319757335
76561199733778874,0,0.022739078849554062,2,0.9741059319757335
76561198998219338,0,0.006138438358902931,2,0.9741059319757335
76561198799198327,0,0.004351377487182617,2,0.9741059319757335
76561198009642833,1,0.7869983315467834,2,0.9741059319757335
76561198252243528,0,0.04416045919060707,2,0.9741059319757335
76561198364400757,0,0.030342204496264458,2,0.9741059319757335
76561199218030431,1,0.9916314482688904,2,0.9741059319757335
76561198009660561,0,0.007927299477159977,2,0.9741059319757335
76561199543966186,0,0.005679004359990358,2,0.9741059319757335
76561199013254030,0,0.006183992139995098,2,0.9741059319757335
76561199555152727,0,0.006350137293338776,2,0.9741059319757335
76561199229655548,0,0.01446693018078804,2,0.9741059319757335
76561198379740652,0,0.005433324724435806,2,0.9741059319757335
76561197969084060,0,0.983688235282898,2,0.9741059319757335
76561199168872835,0,0.0051886350847780704,2,0.9741059319757335
76561198050336669,0,0.01031820010393858,2,0.9741059319757335
76561198016202690,0,0.005836565047502518,2,0.9741059319757335
76561198072873051,0,0.9877161383628845,2,0.9741059319757335
76561198844597177,0,0.004799239803105593,2,0.9741059319757335
76561199496420036,0,0.006190496031194925,2,0.9741059319757335
76561199580403249,0,0.004408599808812141,2,0.9741059319757335
76561199680129034,0,0.006534511689096689,2,0.9741059319757335
76561198394943676,0,0.004866027273237705,2,0.9741059319757335
76561199021067327,0,0.009136181324720383,2,0.9741059319757335
76561198988613688,0,0.04184373840689659,2,0.9741059319757335
76561198048770218,0,0.0047713578678667545,2,0.9741059319757335
76561199062435292,0,0.979992687702179,2,0.9741059319757335
76561198853405653,0,0.016053607687354088,2,0.9741059319757335
76561198031882437,0,0.021321294829249382,2,0.9741059319757335
76561198054074351,0,0.9341608285903931,2,0.9741059319757335
76561199512717806,0,0.006621794309467077,2,0.9741059319757335
76561198050369473,0,0.05093087628483772,2,0.9741059319757335
76561198834224359,0,0.42778345942497253,2,0.9741059319757335
76561198068347951,0,0.006345430854707956,2,0.9741059319757335
76561198264332763,0,0.772079348564148,2,0.9741059319757335
76561198118326605,0,0.11014560610055923,2,0.9741059319757335
76561197993485373,0,0.0070456345565617085,2,0.9741059319757335
76561198104937164,0,0.0037719521205872297,2,0.9741059319757335
76561198192821383,0,0.004998527001589537,2,0.9741059319757335
76561199066556387,0,0.005114088300615549,2,0.9741059319757335
76561198336497916,0,0.00439460389316082,2,0.9741059319757335
76561199053344777,0,0.004209707025438547,2,0.9741059319757335
76561198800525090,0,0.0039861854165792465,2,0.9741059319757335
76561198860121984,0,0.042671408504247665,2,0.9741059319757335
76561198127334327,0,0.004387347027659416,2,0.9741059319757335
76561198242343870,0,0.003972562495619059,2,0.9741059319757335
76561198928596536,0,0.015236066654324532,2,0.9741059319757335
76561199031770096,0,0.06802581250667572,2,0.9741059319757335
76561198321729676,0,0.0062439278699457645,2,0.9741059319757335
76561198379888555,0,0.33062437176704407,2,0.9741059319757335
76561198798884355,0,0.004484165925532579,2,0.9741059319757335
76561197989176422,0,0.009350407868623734,2,0.9741059319757335
76561198002997792,0,0.00591301079839468,2,0.9741059319757335
76561197984571043,0,0.980824887752533,2,0.9741059319757335
76561197976268371,0,0.004183304496109486,2,0.9741059319757335
76561199101931147,0,0.010206230916082859,2,0.9741059319757335
76561198093879538,0,0.013442550785839558,2,0.9741059319757335
76561197985319438,0,0.005802718922495842,2,0.9741059319757335
76561198874066535,0,0.004049965646117926,2,0.9741059319757335
76561199442826745,0,0.003992012701928616,2,0.9741059319757335
76561198409899147,0,0.007550881709903479,2,0.9741059319757335
76561198450133284,0,0.0057242512702941895,2,0.9741059319757335
76561198930692021,0,0.013759768567979336,2,0.9741059319757335
76561198006898387,0,0.38902202248573303,2,0.9741059319757335
76561199007223359,0,0.02279357612133026,2,0.9741059319757335
76561199130699955,0,0.983126699924469,2,0.9741059319757335
76561198056597110,0,0.31236857175827026,2,0.9741059319757335
76561198260103446,0,0.9853696823120117,2,0.9741059319757335
76561199161410378,0,0.008574173785746098,2,0.9741059319757335
76561198058096756,0,0.21788400411605835,2,0.9741059319757335
76561199418478007,0,0.13758432865142822,2,0.9741059319757335
76561199291681328,0,0.015505497343838215,2,0.9741059319757335
76561198958280127,0,0.005503273569047451,2,0.9741059319757335
76561199232934507,0,0.005872154142707586,2,0.9741059319757335
76561198281767642,0,0.005200043320655823,2,0.9741059319757335
76561199195413359,0,0.00484891701489687,2,0.9741059319757335
76561198140929178,0,0.004393566865473986,2,0.9741059319757335
76561198117937364,0,0.03819424286484718,2,0.9741059319757335
76561198271293993,0,0.33098942041397095,2,0.9741059319757335
76561198004426800,0,0.9741398096084595,2,0.9741059319757335
76561199467011277,0,0.007383403833955526,2,0.9741059319757335
76561198001757568,0,0.005602348130196333,2,0.9741059319757335
76561198122222612,0,0.0053617749363183975,2,0.9741059319757335
76561198049985333,0,0.010441203601658344,2,0.9741059319757335
76561198075575765,0,0.009148872457444668,2,0.9741059319757335
76561198018279918,0,0.9122879505157471,2,0.9741059319757335
76561198203721493,0,0.005210037808865309,2,0.9741059319757335
76561198129033237,0,0.008387835696339607,2,0.9741059319757335
76561199070148050,0,0.0047284928150475025,2,0.9741059319757335
76561198058549323,0,0.050812408328056335,2,0.9741059319757335
76561198021424196,0,0.005205788183957338,2,0.9741059319757335
76561198881025943,0,0.031689465045928955,2,0.9741059319757335
76561199262336096,0,0.0051059117540717125,2,0.9741059319757335
76561198070595069,0,0.8849871158599854,2,0.9741059319757335
76561198009798394,0,0.01188659481704235,2,0.9741059319757335
76561199081285194,0,0.19073885679244995,2,0.9741059319757335
76561199231850904,0,0.006337122526019812,2,0.9741059319757335
76561198156435411,0,0.09947659820318222,2,0.9741059319757335
76561198041687840,0,0.033221226185560226,2,0.9741059319757335
76561198435814521,0,0.005052415654063225,2,0.9741059319757335
76561198090772236,0,0.007361002266407013,2,0.9741059319757335
76561198144438604,0,0.0056416732259094715,2,0.9741059319757335
76561198418560081,0,0.0044279261492192745,2,0.9741059319757335
76561198109225509,0,0.011051159352064133,2,0.9741059319757335
76561198155490673,0,0.00891902670264244,2,0.9741059319757335
76561198287493449,0,0.00568004883825779,2,0.9741059319757335
76561199123714160,0,0.015726381912827492,2,0.9741059319757335
76561198364005970,0,0.007105586118996143,2,0.9741059319757335
76561199089766397,0,0.004408599808812141,2,0.9741059319757335
76561199447076514,0,0.01126046758145094,2,0.9741059319757335
76561197996354694,0,0.040895942598581314,2,0.9741059319757335
76561198267493860,0,0.006704805884510279,2,0.9741059319757335
76561198142119931,0,0.005580179393291473,2,0.9741059319757335
76561199156006631,0,0.23955883085727692,2,0.9741059319757335
76561198053846720,0,0.005310606211423874,2,0.9741059319757335
76561198128920409,0,0.013603626750409603,2,0.9741059319757335
76561198245702338,0,0.09438619762659073,2,0.9741059319757335
76561199034090331,0,0.017847323790192604,2,0.9741059319757335
76561198111222084,0,0.09422505646944046,2,0.9741059319757335
76561199247381424,0,0.613120436668396,2,0.9741059319757335
76561197960458212,0,0.006349935662001371,2,0.9741059319757335
76561199657920156,0,0.004408599808812141,2,0.9741059319757335
76561198274762345,0,0.005737178027629852,2,0.9741059319757335
76561199070175569,0,0.7949718832969666,2,0.9741059319757335
76561198018029672,0,0.008150395005941391,2,0.9741059319757335
76561199160710086,0,0.01216335128992796,2,0.9741059319757335
76561198885286095,0,0.004408599808812141,2,0.9741059319757335
76561198309244687,0,0.009700249880552292,2,0.9741059319757335
76561199100516187,0,0.00754251703619957,2,0.9741059319757335
76561198273696042,0,0.03585837036371231,2,0.9741059319757335
76561199068741497,0,0.005605361890047789,2,0.9741059319757335
76561199000237447,0,0.004045425448566675,2,0.9741059319757335
76561199122473500,0,0.008613853715360165,2,0.9741059319757335
76561199569311045,0,0.005623464472591877,2,0.9741059319757335
76561199167478960,0,0.004985204432159662,2,0.9741059319757335
76561199570084756,0,0.004120781552046537,2,0.9741059319757335
76561199420042363,0,0.004249319899827242,2,0.9741059319757335
76561199475597710,0,0.005265026353299618,2,0.9741059319757335
76561199628978868,0,0.004998455289751291,2,0.9741059319757335
76561198180881618,0,0.0039046118035912514,2,0.9741059319757335
76561198016889125,0,0.7387319803237915,2,0.9741059319757335
76561198138106266,0,0.005130534525960684,2,0.9741059319757335
76561199082395020,0,0.006738744210451841,2,0.9741059319757335
76561199055432525,1,0.992745578289032,2,0.9741059319757335
76561198015826302,0,0.004408599808812141,2,0.9741059319757335
76561198076451359,0,0.1679486334323883,2,0.9741059319757335
76561199486336010,0,0.011766371317207813,2,0.9741059319757335
76561198153884723,0,0.04640807583928108,2,0.9741059319757335
76561197995443346,0,0.0041633727960288525,2,0.9741059319757335
76561199221200299,0,0.004408599808812141,2,0.9741059319757335
76561199106188891,0,0.003733474062755704,2,0.9741059319757335
76561199823338502,0,0.003702861489728093,2,0.9741059319757335
76561198392558127,0,0.004427570849657059,2,0.9741059319757335
76561198079620214,0,0.006710810586810112,2,0.9741059319757335
76561199221271949,0,0.009253820404410362,2,0.9741059319757335
76561197971091733,0,0.9459146857261658,2,0.9741059319757335
76561198076686272,0,0.004408599808812141,2,0.9741059319757335
76561198020095606,0,0.004135684575885534,2,0.9741059319757335
76561198432429582,0,0.11857353150844574,2,0.9741059319757335
76561197972462459,0,0.016402125358581543,2,0.9741059319757335
76561198836939825,0,0.004120781552046537,2,0.9741059319757335
76561199270316742,0,0.005769982002675533,2,0.9741059319757335
76561199125706072,0,0.016576053574681282,2,0.9741059319757335
76561199008225456,0,0.012987119145691395,2,0.9741059319757335
76561199522933901,0,0.022165462374687195,2,0.9741059319757335
76561198425883355,0,0.006763940677046776,2,0.9741059319757335
76561199022981652,0,0.006076594348996878,2,0.9741059319757335
76561198340175646,0,0.004680227022618055,2,0.9741059319757335
76561198047504592,0,0.9362613558769226,2,0.9741059319757335
76561198133191667,0,0.9719518423080444,2,0.9741059319757335
76561198310240752,0,0.00513968663290143,2,0.9741059319757335
76561199210432751,1,0.9799959063529968,2,0.9741059319757335
76561198196802475,1,0.9864798188209534,2,0.9741059319757335
76561199134254623,0,0.01661803387105465,2,0.9741059319757335
76561198065811210,0,0.0042334324680268764,2,0.9741059319757335
76561198873586908,0,0.013031953945755959,2,0.9741059319757335
76561198255577328,0,0.010565880686044693,2,0.9741059319757335
76561198033604812,0,0.6473150253295898,2,0.9741059319757335
76561198011712899,0,0.10326433926820755,2,0.9741059319757335
76561198055474701,1,0.9906320571899414,2,0.9741059319757335
76561199015017924,0,0.6332512497901917,2,0.9741059319757335
76561198795550055,0,0.023052964359521866,2,0.9741059319757335
76561197972170608,0,0.9804153442382812,2,0.9741059319757335
76561199365986048,0,0.46004748344421387,2,0.9741059319757335
76561198068658011,0,0.006587748881429434,2,0.9741059319757335
76561199155525500,0,0.004735284019261599,2,0.9741059319757335
76561197965590669,0,0.4442501664161682,2,0.9741059319757335
76561198192608162,0,0.0055055078119039536,2,0.9741059319757335
76561199090205750,1,0.9491260647773743,2,0.9741059319757335
76561198236338666,0,0.67582768201828,2,0.9741059319757335
76561199137873304,0,0.004408599808812141,2,0.9741059319757335
76561198078389530,0,0.003992012701928616,2,0.9741059319757335
76561198025501807,0,0.005399256478995085,2,0.9741059319757335
76561198983749059,0,0.6076134443283081,2,0.9741059319757335
76561199565363096,0,0.006026191636919975,2,0.9741059319757335
76561199446545632,0,0.004755524918437004,2,0.9741059319757335
76561199082716808,1,0.8939666748046875,2,0.9741059319757335
76561198387630119,0,0.004853279795497656,2,0.9741059319757335
76561198970493090,0,0.013224327936768532,2,0.9741059319757335
76561198000417606,1,0.9513252377510071,2,0.9741059319757335
76561199024601532,0,0.01736394502222538,2,0.9741059319757335
76561199055541038,0,0.9848343133926392,2,0.9741059319757335
76561198175568122,1,0.9916759729385376,2,0.9741059319757335
76561198126790185,0,0.17812736332416534,2,0.9741059319757335
76561198112294690,0,0.0061170621775090694,2,0.9741059319757335
76561198081068960,0,0.48779353499412537,2,0.9741059319757335
76561198070853393,0,0.005098096095025539,2,0.9741059319757335
76561198803869957,0,0.011371022090315819,2,0.9741059319757335
76561198821817955,0,0.006184523459523916,2,0.9741059319757335
76561197991347186,0,0.0073915449902415276,2,0.9741059319757335
76561199011457457,0,0.005351052153855562,2,0.9741059319757335
76561198282437536,0,0.034066203981637955,2,0.9741059319757335
76561199548005337,0,0.30126672983169556,2,0.9741059319757335
76561198169942993,0,0.03814901411533356,2,0.9741059319757335
76561198202932087,0,0.005265026353299618,2,0.9741059319757335
76561197976331106,0,0.0657675489783287,2,0.9741059319757335
76561198058985552,0,0.015873687341809273,2,0.9741059319757335
76561199078293814,0,0.005630518775433302,2,0.9741059319757335
76561198084230092,0,0.008602862246334553,2,0.9741059319757335
76561197972679487,0,0.07875532656908035,2,0.9741059319757335
76561198097411844,0,0.004255201201885939,2,0.9741059319757335
76561199232821801,1,0.9908981919288635,2,0.9741059319757335
76561199018907681,0,0.007573691662400961,2,0.9741059319757335
76561198138900953,0,0.26338082551956177,2,0.9741059319757335
76561198440350225,0,0.004336353857070208,2,0.9741059319757335
76561199033611250,1,0.030894551426172256,2,0.9741059319757335
76561198220843780,0,0.0037333017680794,2,0.9741059319757335
76561198042747836,0,0.004652043804526329,2,0.9741059319757335
76561198243193274,0,0.005453682504594326,2,0.9741059319757335
76561198138635711,0,0.17608101665973663,2,0.9741059319757335
76561198087240395,0,0.00754251703619957,2,0.9741059319757335
76561198421956888,0,0.011088384315371513,2,0.9741059319757335
76561199017068582,0,0.005807331297546625,2,0.9741059319757335
76561199020269235,0,0.004538522567600012,2,0.9741059319757335
76561198012409541,0,0.004534624982625246,2,0.9741059319757335
76561198859233679,0,0.014866618439555168,2,0.9741059319757335
76561198219451149,0,0.6168065071105957,2,0.9741059319757335
76561198119960911,0,0.013032002374529839,2,0.9741059319757335
76561199679594602,0,0.016496999189257622,2,0.9741059319757335
76561198012121459,0,0.004216380883008242,2,0.9741059319757335
76561199101314442,0,0.004375904332846403,2,0.9741059319757335
76561199479723718,0,0.008448098786175251,2,0.9741059319757335
76561198149915902,0,0.009964264929294586,2,0.9741059319757335
76561199468328044,0,0.005100963171571493,2,0.9741059319757335
76561198810716564,0,0.00439460389316082,2,0.9741059319757335
76561199013119352,0,0.004683742765337229,2,0.9741059319757335
76561199670105590,0,0.015968836843967438,2,0.9741059319757335
76561197999215891,0,0.00532346498221159,2,0.9741059319757335
76561199198556537,0,0.008354363963007927,2,0.9741059319757335
76561198272108318,0,0.006054304540157318,2,0.9741059319757335
76561199488104494,0,0.005734208971261978,2,0.9741059319757335
76561198966976881,0,0.015350256115198135,2,0.9741059319757335
76561199115387345,1,0.9904348850250244,2,0.9741059319757335
76561199473928405,0,0.9817410111427307,2,0.9741059319757335
76561198022613427,0,0.008024949580430984,2,0.9741059319757335
76561198052019582,0,0.004271354526281357,2,0.9741059319757335
76561199061657798,0,0.9562042951583862,2,0.9741059319757335
76561198064818859,0,0.6754027009010315,2,0.9741059319757335
76561197993076747,0,0.3837967813014984,2,0.9741059319757335
76561198048390745,0,0.41726744174957275,2,0.9741059319757335
76561198865801574,0,0.706157922744751,2,0.9741059319757335
76561199750772861,0,0.866168737411499,2,0.9741059319757335
76561199177982423,0,0.0043958197347819805,2,0.9741059319757335
76561199529060504,0,0.004448852967470884,2,0.9741059319757335
76561199192578340,0,0.004408599808812141,2,0.9741059319757335
76561198401644397,0,0.00558196846395731,2,0.9741059319757335
76561198206924269,0,0.3433532416820526,2,0.9741059319757335
76561198057541657,0,0.1988193839788437,2,0.9741059319757335
76561199274576463,0,0.004408599808812141,2,0.9741059319757335
76561198007345506,0,0.033035896718502045,2,0.9741059319757335
76561198014728217,0,0.007452350575476885,2,0.9741059319757335
76561198184716453,0,0.05485488101840019,2,0.9741059319757335
76561199240518286,0,0.004651295952498913,2,0.9741059319757335
76561198201657913,0,0.19961251318454742,2,0.9741059319757335
76561197993621186,1,0.9918558597564697,2,0.9741059319757335
76561199221866233,0,0.008545057848095894,2,0.9741059319757335
76561199529096775,0,0.009011426940560341,2,0.9741059319757335
76561198130397036,0,0.265196293592453,2,0.9741059319757335
76561198081834071,0,0.2221214771270752,2,0.9741059319757335
76561198089773734,0,0.006077700760215521,2,0.9741059319757335
76561198002201191,0,0.06696336716413498,2,0.9741059319757335
76561199054915139,0,0.0278230719268322,2,0.9741059319757335
76561198360169529,0,0.2640107572078705,2,0.9741059319757335
76561198112138744,0,0.06736408174037933,2,0.9741059319757335
76561197981603953,0,0.0071769701316952705,2,0.9741059319757335
76561198047713216,0,0.03394940868020058,2,0.9741059319757335
76561198099361559,0,0.004908483941107988,2,0.9741059319757335
76561199255924136,0,0.462100625038147,2,0.9741059319757335
76561199430121454,0,0.004408599808812141,2,0.9741059319757335
76561199163447867,0,0.006317842286080122,2,0.9741059319757335
76561198809715053,0,0.015002314001321793,2,0.9741059319757335
76561198056822854,0,0.02182069793343544,2,0.9741059319757335
76561198286620533,0,0.00568611454218626,2,0.9741059319757335
76561198367580082,0,0.005630624946206808,2,0.9741059319757335
76561198059283235,0,0.03279368579387665,2,0.9741059319757335
76561199048123846,0,0.014109554700553417,2,0.9741059319757335
76561198068559299,0,0.004287155345082283,2,0.9741059319757335
76561199104488919,0,0.004263958428055048,2,0.9741059319757335
76561199076651531,0,0.007315396331250668,2,0.9741059319757335
76561199467230253,0,0.015491156838834286,2,0.9741059319757335
76561199095594828,0,0.209645077586174,2,0.9741059319757335
76561199122715155,0,0.9722775816917419,2,0.9741059319757335
76561198125342873,0,0.1791783571243286,2,0.9741059319757335
76561198019735945,0,0.008901569060981274,2,0.9741059319757335
76561198061568477,0,0.006539860274642706,2,0.9741059319757335
76561198821252739,0,0.9848093390464783,2,0.9741059319757335
76561199442039730,0,0.009166967123746872,2,0.9741059319757335
76561199079712183,0,0.9867451786994934,2,0.9741059319757335
76561198339648178,0,0.05840311199426651,2,0.9741059319757335
76561198385728474,0,0.9662344455718994,2,0.9741059319757335
76561198936173801,0,0.004746384918689728,2,0.9741059319757335
76561199162746504,0,0.009300346486270428,2,0.9741059319757335
76561198275311560,0,0.0043111578561365604,2,0.9741059319757335
76561198073825972,0,0.010373999364674091,2,0.9741059319757335
76561199163195384,0,0.006114815827459097,2,0.9741059319757335
76561199149962698,0,0.007947827689349651,2,0.9741059319757335
76561197970456268,0,0.005393751431256533,2,0.9741059319757335
76561199140671535,0,0.0066679553128778934,2,0.9741059319757335
76561198053541531,0,0.2707180082798004,2,0.9741059319757335
76561198963997863,0,0.00915333442389965,2,0.9741059319757335
76561198073872220,0,0.06067279353737831,2,0.9741059319757335
76561198007277430,0,0.0038733668625354767,2,0.9741059319757335
76561198287625979,0,0.003856140188872814,2,0.9741059319757335
76561198129111816,0,0.004080891143530607,2,0.9741059319757335
76561198090354652,0,0.009117009118199348,2,0.9741059319757335
76561199057701362,0,0.0041983467526733875,2,0.9741059319757335
76561198138471341,0,0.04259252920746803,2,0.9741059319757335
76561199140702712,0,0.007763555273413658,2,0.9741059319757335
76561199238809122,0,0.005780989304184914,2,0.9741059319757335
76561198111810899,0,0.005263450555503368,2,0.9741059319757335
76561199042666087,0,0.2500503361225128,2,0.9741059319757335
76561198977554321,0,0.004343404900282621,2,0.9741059319757335
76561199036572426,0,0.003946089185774326,2,0.9741059319757335
76561198108536178,0,0.06254139542579651,2,0.9741059319757335
76561199467058171,1,0.039916109293699265,2,0.9741059319757335
76561198000044232,0,0.01448467280715704,2,0.9741059319757335
76561198401643021,0,0.00567879993468523,2,0.9741059319757335
76561199162499721,0,0.004413658753037453,2,0.9741059319757335
76561199058254072,0,0.008291727863252163,2,0.9741059319757335
76561198836139792,0,0.004760953597724438,2,0.9741059319757335
76561199258673038,0,0.004492334555834532,2,0.9741059319757335
76561198118824334,0,0.007983907125890255,2,0.9741059319757335
76561198155852692,0,0.35869288444519043,2,0.9741059319757335
76561198202983584,0,0.1751285344362259,2,0.9741059319757335
76561198046000536,0,0.16703270375728607,2,0.9741059319757335
76561199107654239,0,0.04014386236667633,2,0.9741059319757335
76561199404407446,0,0.02054399810731411,2,0.9741059319757335
76561199192268945,1,0.98918217420578,2,0.9741059319757335
76561199782856839,0,0.02878309227526188,2,0.9741059319757335
76561198041663116,0,0.12673529982566833,2,0.9741059319757335
76561199023321383,0,0.9491094350814819,2,0.9741059319757335
76561198800006531,0,0.005217086058109999,2,0.9741059319757335
76561198827850993,0,0.012664335779845715,2,0.9741059319757335
76561199019129486,0,0.0057390229776501656,2,0.9741059319757335
76561198263039129,0,0.09714209288358688,2,0.9741059319757335
76561197973061810,0,0.004122444894164801,2,0.9741059319757335
76561198077232336,0,0.00843124371021986,2,0.9741059319757335
76561197995204363,0,0.08934738487005234,2,0.9741059319757335
76561198084889429,0,0.010274230502545834,2,0.9741059319757335
76561198047143384,1,0.04057736694812775,2,0.9741059319757335
76561199125267137,0,0.17526888847351074,2,0.9741059319757335
76561199084811841,0,0.08233057707548141,2,0.9741059319757335
76561198410465537,0,0.03896811604499817,2,0.9741059319757335
76561198143169628,0,0.004508136305958033,2,0.9741059319757335
76561198978870634,0,0.3210970461368561,2,0.9741059319757335
76561198034739840,0,0.0262460857629776,2,0.9741059319757335
76561199475886574,0,0.004408599808812141,2,0.9741059319757335
76561198407695486,1,0.9901505708694458,2,0.9741059319757335
76561198066737797,0,0.22580786049365997,2,0.9741059319757335
76561198061240661,0,0.00863511860370636,2,0.9741059319757335
76561198098384328,0,0.04834449291229248,2,0.9741059319757335
76561198988991692,0,0.007084806449711323,2,0.9741059319757335
76561199276709126,0,0.005734208971261978,2,0.9741059319757335
76561198444337879,0,0.004005403257906437,2,0.9741059319757335
76561198246728518,0,0.004250399302691221,2,0.9741059319757335
76561198397208942,0,0.05577033758163452,2,0.9741059319757335
76561199210628613,0,0.010908031836152077,2,0.9741059319757335
76561198035810186,0,0.004538132343441248,2,0.9741059319757335
76561198988417643,0,0.8332973718643188,2,0.9741059319757335
76561199013409883,0,0.9872050285339355,2,0.9741059319757335
76561198223021624,0,0.014310814440250397,2,0.9741059319757335
76561198436999149,0,0.01909429207444191,2,0.9741059319757335
76561198191186689,0,0.04036235436797142,2,0.9741059319757335
76561198175475961,0,0.0053538186475634575,2,0.9741059319757335
76561198120913936,0,0.003822102677077055,2,0.9741059319757335
76561199086064840,0,0.0046862466260790825,2,0.9741059319757335
76561197986442506,0,0.05283474549651146,2,0.9741059319757335
76561199490254055,0,0.008329781703650951,2,0.9741059319757335
76561199381354681,0,0.9805183410644531,2,0.9741059319757335
76561198862912778,0,0.2636326551437378,2,0.9741059319757335
76561197992309682,0,0.010657391510903835,2,0.9741059319757335
76561199168442980,0,0.10462524741888046,2,0.9741059319757335
76561198134786933,0,0.006074481178075075,2,0.9741059319757335
76561199174085330,0,0.005224626511335373,2,0.9741059319757335
76561198083580559,0,0.015942206606268883,2,0.9741059319757335
76561198388600175,0,0.116036556661129,2,0.9741059319757335
76561199027591930,0,0.005759323015809059,2,0.9741059319757335
76561198009990433,0,0.5065730214118958,2,0.9741059319757335
76561198104211252,0,0.007878018543124199,2,0.9741059319757335
76561199053020390,0,0.004679028410464525,2,0.9741059319757335
76561198799694947,0,0.005265026353299618,2,0.9741059319757335
76561199240621702,0,0.0039773499593138695,2,0.9741059319757335
76561198201453758,0,0.9616430997848511,2,0.9741059319757335
76561198439034199,0,0.005752365104854107,2,0.9741059319757335
76561198031785890,0,0.011211051605641842,2,0.9741059319757335
76561198041753749,0,0.007962677627801895,2,0.9741059319757335
76561199181824710,0,0.008216343820095062,2,0.9741059319757335
76561199222413719,0,0.0772407203912735,2,0.9741059319757335
76561198336172336,0,0.12254903465509415,2,0.9741059319757335
76561199010352309,0,0.00769942719489336,2,0.9741059319757335
76561198385552102,0,0.017611682415008545,2,0.9741059319757335
76561197996614911,0,0.00686052767559886,2,0.9741059319757335
76561198004149889,0,0.0034679884556680918,2,0.9741059319757335
76561198165498871,0,0.005932089872658253,2,0.9741059319757335
76561198000718898,0,0.005871569737792015,2,0.9741059319757335
76561199089752135,0,0.9445716738700867,2,0.9741059319757335
76561198042232110,0,0.004647774156183004,2,0.9741059319757335
76561198149794082,0,0.017573829740285873,2,0.9741059319757335
76561198861600422,0,0.004854235332459211,2,0.9741059319757335
76561199128057594,0,0.03329121693968773,2,0.9741059319757335
76561198306410005,0,0.9920784831047058,2,0.9741059319757335
76561199504707452,0,0.005108782555907965,2,0.9741059319757335
76561198365519426,0,0.004739028867334127,2,0.9741059319757335
76561198852365464,0,0.009766826406121254,2,0.9741059319757335
76561198111808060,0,0.011026828549802303,2,0.9741059319757335
76561198174916603,0,0.22995932400226593,2,0.9741059319757335
76561199092651937,0,0.018069138750433922,2,0.9741059319757335
76561198044635233,0,0.005447613541036844,2,0.9741059319757335
76561198040825623,1,0.9880924224853516,2,0.9741059319757335
76561198814700434,1,0.3127192556858063,2,0.9741059319757335
76561198049368298,0,0.0048918272368609905,2,0.9741059319757335
76561199099476225,0,0.004648102913051844,2,0.9741059319757335
76561199043896349,1,0.011663582175970078,2,0.9741059319757335
76561198971530089,0,0.0053366608917713165,2,0.9741059319757335
76561198234801740,0,0.0035687568597495556,2,0.9741059319757335
76561198083137017,0,0.0048005967400968075,2,0.9741059319757335
76561199768701532,0,0.003930903505533934,2,0.9741059319757335
76561198124801437,0,0.0041896384209394455,2,0.9741059319757335
76561198217647480,0,0.006085912697017193,2,0.9741059319757335
76561198070704956,0,0.004345910623669624,2,0.9741059319757335
76561198886540719,0,0.004113172646611929,2,0.9741059319757335
76561198044737884,0,0.012888597324490547,2,0.9741059319757335
76561198016310800,0,0.004972008988261223,2,0.9741059319757335
76561198141743124,0,0.25620198249816895,2,0.9741059319757335
76561197967693758,0,0.3755928874015808,2,0.9741059319757335
76561199308509327,0,0.004623960237950087,2,0.9741059319757335
76561199204941181,0,0.12339510768651962,2,0.9741059319757335
76561198137336817,0,0.34006088972091675,2,0.9741059319757335
76561198091681589,1,0.17739614844322205,2,0.9741059319757335
76561198175838783,0,0.011643996462225914,2,0.9741059319757335
76561199033592686,0,0.2862940728664398,2,0.9741059319757335
76561198142030264,0,0.004827996250241995,2,0.9741059319757335
76561198085551304,0,0.006740403827279806,2,0.9741059319757335
76561198027056151,0,0.15300215780735016,2,0.9741059319757335
76561198121033569,0,0.004542191978543997,2,0.9741059319757335
76561198121546148,1,0.9907844066619873,2,0.9741059319757335
76561199023256483,0,0.008653471246361732,2,0.9741059319757335
76561198037192128,1,0.34208351373672485,2,0.9741059319757335
76561199680784707,0,0.006951509974896908,2,0.9741059319757335
76561199229222398,0,0.009607265703380108,2,0.9741059319757335
76561198202117468,0,0.006729207932949066,2,0.9741059319757335
76561198027045457,0,0.01560010015964508,2,0.9741059319757335
76561198863748851,0,0.013884825631976128,2,0.9741059319757335
76561199582396678,0,0.00586173590272665,2,0.9741059319757335
76561198092660106,0,0.003827005857601762,2,0.9741059319757335
76561198805383574,0,0.006363971158862114,2,0.9741059319757335
76561199095292857,0,0.0038162737619131804,2,0.9741059319757335
76561199050403386,1,0.9901649355888367,2,0.9741059319757335
76561198202442356,0,0.004118813667446375,2,0.9741059319757335
76561198314546103,0,0.006075428333133459,2,0.9741059319757335
76561198055579133,0,0.026472589001059532,2,0.9741059319757335
76561197970531847,0,0.004298330284655094,2,0.9741059319757335
76561198024671148,0,0.005548454355448484,2,0.9741059319757335
76561198145239187,0,0.004967852029949427,2,0.9741059319757335
76561199010051332,0,0.006285874173045158,2,0.9741059319757335
76561198431955941,0,0.0037172662559896708,2,0.9741059319757335
76561197996227215,0,0.005559855606406927,2,0.9741059319757335
76561198080670461,0,0.9628382325172424,2,0.9741059319757335
76561198040661354,0,0.00860645342618227,2,0.9741059319757335
76561198249899942,0,0.004074703902006149,2,0.9741059319757335
76561198407915272,0,0.01720137521624565,2,0.9741059319757335
76561198278401912,0,0.00578136695548892,2,0.9741059319757335
76561198108165232,0,0.03974456712603569,2,0.9741059319757335
76561199226618866,0,0.004684961400926113,2,0.9741059319757335
76561198218921231,0,0.039518848061561584,2,0.9741059319757335
76561199009795896,0,0.004503276664763689,2,0.9741059319757335
76561199229767617,0,0.004408599808812141,2,0.9741059319757335
76561199002468118,0,0.004113172646611929,2,0.9741059319757335
76561198245123776,1,0.9841843843460083,2,0.9741059319757335
76561198156751589,0,0.034449510276317596,2,0.9741059319757335
76561199216430825,0,0.04228983074426651,2,0.9741059319757335
76561198014408139,0,0.012761975638568401,2,0.9741059319757335
76561198074694584,0,0.004796143621206284,2,0.9741059319757335
76561199029863742,0,0.006076594348996878,2,0.9741059319757335
76561199552887194,0,0.003922469448298216,2,0.9741059319757335
76561199168590505,0,0.004056556615978479,2,0.9741059319757335
76561198064541409,0,0.008118662051856518,2,0.9741059319757335
76561199108115848,0,0.0047408645041286945,2,0.9741059319757335
76561198323273109,0,0.04886634647846222,2,0.9741059319757335
76561199268796015,0,0.008411728776991367,2,0.9741059319757335
76561198220695551,0,0.0043551307171583176,2,0.9741059319757335
76561198057988164,0,0.005265026353299618,2,0.9741059319757335
76561198146660357,0,0.015947189182043076,2,0.9741059319757335
76561199002380473,0,0.004825790412724018,2,0.9741059319757335
76561198048315156,0,0.006672700401395559,2,0.9741059319757335
76561198018351237,0,0.00488545186817646,2,0.9741059319757335
76561199545220820,0,0.004175540991127491,2,0.9741059319757335
76561198107992878,0,0.007790532894432545,2,0.9741059319757335
76561199238571636,0,0.018830107524991035,2,0.9741059319757335
76561199404537869,0,0.00983631331473589,2,0.9741059319757335
76561199139425998,1,0.9912214279174805,2,0.9741059319757335
76561197966259366,0,0.003975027706474066,2,0.9741059319757335
76561198846585954,0,0.007599084172397852,2,0.9741059319757335
76561198011095721,0,0.0039343214593827724,2,0.9741059319757335
76561198393803899,0,0.04567458853125572,2,0.9741059319757335
76561198161565822,0,0.004562502261251211,2,0.9741059319757335
76561199188840724,0,0.021386349573731422,2,0.9741059319757335
76561198215700856,0,0.004167577717453241,2,0.9741059319757335
76561199357914179,0,0.006183992139995098,2,0.9741059319757335
76561199190734871,0,0.006863904185593128,2,0.9741059319757335
76561198358293588,0,0.030667664483189583,2,0.9741059319757335
76561198963250037,0,0.03051731362938881,2,0.9741059319757335
76561198119680700,0,0.04331611469388008,2,0.9741059319757335
76561198022732406,0,0.799304723739624,2,0.9741059319757335
76561198188400917,0,0.16133834421634674,2,0.9741059319757335
76561198089541911,0,0.47661155462265015,2,0.9741059319757335
76561198017668577,0,0.098023921251297,2,0.9741059319757335
76561198125543063,0,0.00489037623628974,2,0.9741059319757335
76561198306549761,1,0.9770413041114807,2,0.9741059319757335
76561198065375919,0,0.49788355827331543,2,0.9741059319757335
76561198267445878,0,0.6486877202987671,2,0.9741059319757335
76561198042132122,0,0.9358285665512085,2,0.9741059319757335
76561199186218764,0,0.015458046458661556,2,0.9741059319757335
76561198048357860,0,0.005747068207710981,2,0.9741059319757335
76561198263334132,0,0.0055838958360254765,2,0.9741059319757335
76561198153057520,0,0.28318774700164795,2,0.9741059319757335
76561199117891332,0,0.010749537497758865,2,0.9741059319757335
76561198153091407,0,0.9822275042533875,2,0.9741059319757335
76561198028724681,0,0.11155162006616592,2,0.9741059319757335
76561198058995480,0,0.005037461407482624,2,0.9741059319757335
76561198109235962,0,0.9547016024589539,2,0.9741059319757335
76561198324989378,0,0.006824743002653122,2,0.9741059319757335
76561197979935655,0,0.10731606930494308,2,0.9741059319757335
76561198200423517,0,0.007770405150949955,2,0.9741059319757335
76561198204436044,0,0.00950347539037466,2,0.9741059319757335
76561198265429107,0,0.003983594477176666,2,0.9741059319757335
76561198980304101,0,0.01067744567990303,2,0.9741059319757335
76561197997124773,0,0.2616613805294037,2,0.9741059319757335
76561198429794315,0,0.0066710663959383965,2,0.9741059319757335
76561198844152322,0,0.8774430155754089,2,0.9741059319757335
76561197961360280,0,0.00514780031517148,2,0.9741059319757335
76561199088702605,0,0.0660652369260788,2,0.9741059319757335
76561198032954229,0,0.005674784071743488,2,0.9741059319757335
76561198949082928,0,0.012660115957260132,2,0.9741059319757335
76561199036456112,0,0.03887313976883888,2,0.9741059319757335
76561198302042005,0,0.004408599808812141,2,0.9741059319757335
76561197965955515,0,0.004418430849909782,2,0.9741059319757335
76561198191216643,0,0.0038597355596721172,2,0.9741059319757335
76561199077775190,0,0.00399977108463645,2,0.9741059319757335
76561199100571978,0,0.5879452228546143,2,0.9741059319757335
76561198171054743,0,0.006890453863888979,2,0.9741059319757335
76561198297811156,0,0.005152026657015085,2,0.9741059319757335
76561199032423264,0,0.004537608940154314,2,0.9741059319757335
76561198072447967,0,0.007033991161733866,2,0.9741059319757335
76561199196672216,0,0.006683803163468838,2,0.9741059319757335
76561198318929679,0,0.0058371624909341335,2,0.9741059319757335
76561199080360805,0,0.8924897313117981,2,0.9741059319757335
76561197987357004,0,0.9539192914962769,2,0.9741059319757335
76561199021326376,0,0.9840828776359558,2,0.9741059319757335
76561198186281033,0,0.02317781373858452,2,0.9741059319757335
76561197984866387,0,0.06775975972414017,2,0.9741059319757335
76561198024030765,0,0.004949115216732025,2,0.9741059319757335
76561198122961642,0,0.7691977620124817,2,0.9741059319757335
76561198107057394,0,0.15459538996219635,2,0.9741059319757335
76561198095194930,0,0.00440381420776248,2,0.9741059319757335
76561199183756698,0,0.006076594348996878,2,0.9741059319757335
76561198135524330,0,0.004120781552046537,2,0.9741059319757335
76561199725012204,0,0.004120781552046537,2,0.9741059319757335
76561199082758919,0,0.009087441489100456,2,0.9741059319757335
76561198174439613,0,0.7615985870361328,2,0.9741059319757335
76561198068783732,0,0.006298014894127846,2,0.9741059319757335
76561198137916808,0,0.8441488742828369,2,0.9741059319757335
76561198257236733,0,0.9718552231788635,2,0.9741059319757335
76561198452106727,0,0.009527668356895447,2,0.9741059319757335
76561198204293677,0,0.8519141674041748,2,0.9741059319757335
76561199182356026,0,0.004633272532373667,2,0.9741059319757335
76561198356027810,0,0.005123644135892391,2,0.9741059319757335
76561198287144647,0,0.008746037259697914,2,0.9741059319757335
76561198267466993,0,0.049159664660692215,2,0.9741059319757335
76561198037539332,0,0.004527419805526733,2,0.9741059319757335
76561198056725333,0,0.0041476162150502205,2,0.9741059319757335
76561198056221607,0,0.009051952511072159,2,0.9741059319757335
76561198094302271,0,0.02610885165631771,2,0.9741059319757335
76561198308593149,0,0.008505984209477901,2,0.9741059319757335
76561199152917019,0,0.011088384315371513,2,0.9741059319757335
76561199310526424,0,0.008195215836167336,2,0.9741059319757335
76561198974903568,0,0.004074703902006149,2,0.9741059319757335
76561198222070072,0,0.009362401440739632,2,0.9741059319757335
76561198337333688,0,0.006482696160674095,2,0.9741059319757335
76561199150456358,0,0.015064532868564129,2,0.9741059319757335
76561198005898148,0,0.005671115126460791,2,0.9741059319757335
76561198203402371,0,0.009565726853907108,2,0.9741059319757335
76561199662708342,0,0.011630943045020103,2,0.9741059319757335
76561198438017409,0,0.007949463091790676,2,0.9741059319757335
76561198399763545,0,0.01482345163822174,2,0.9741059319757335
76561198102776709,0,0.004895112477242947,2,0.9741059319757335
76561199217106984,0,0.03926648572087288,2,0.9741059319757335
76561198154728407,0,0.004061491694301367,2,0.9741059319757335
76561198151525362,0,0.8831229209899902,2,0.9741059319757335
76561198981001309,1,0.9933993816375732,2,0.9741059319757335
76561198030821470,0,0.004055327735841274,2,0.9741059319757335
76561199177163638,0,0.004737567156553268,2,0.9741059319757335
76561198102288399,0,0.005631976295262575,2,0.9741059319757335
76561197984749893,0,0.8441048264503479,2,0.9741059319757335
76561198827421472,0,0.00378184812143445,2,0.9741059319757335
76561199689676342,0,0.003910549450665712,2,0.9741059319757335
76561199727588297,0,0.0363583005964756,2,0.9741059319757335
76561198919249806,0,0.005800892598927021,2,0.9741059319757335
76561198005387147,0,0.07128557562828064,2,0.9741059319757335
76561198190942313,0,0.21589896082878113,2,0.9741059319757335
76561198088898419,0,0.00573952030390501,2,0.9741059319757335
76561199043853900,0,0.004121161065995693,2,0.9741059319757335
76561199101951493,0,0.04819529503583908,2,0.9741059319757335
76561198441410703,0,0.020715897902846336,2,0.9741059319757335
76561198315274965,0,0.06536932289600372,2,0.9741059319757335
76561198149264685,0,0.004167577717453241,2,0.9741059319757335
76561199131795014,0,0.04176189377903938,2,0.9741059319757335
76561199117947675,0,0.3221774101257324,2,0.9741059319757335
76561199092754217,0,0.021773695945739746,2,0.9741059319757335
76561198797167153,0,0.0051587712951004505,2,0.9741059319757335
76561198021043431,0,0.9706253409385681,2,0.9741059319757335
76561198291117056,0,0.004415067378431559,2,0.9741059319757335
76561198873753251,0,0.9762657284736633,2,0.9741059319757335
76561198867048433,0,0.004788556136190891,2,0.9741059319757335
76561198002731862,0,0.00413474952802062,2,0.9741059319757335
76561198151552846,0,0.005942246410995722,2,0.9741059319757335
76561197960464933,0,0.006439780350774527,2,0.9741059319757335
76561199110133010,0,0.9068945646286011,2,0.9741059319757335
76561198258127865,0,0.007595004513859749,2,0.9741059319757335
76561198037384521,0,0.012355417013168335,2,0.9741059319757335
76561198204400227,0,0.006564734503626823,2,0.9741059319757335
76561197997515045,0,0.006444229744374752,2,0.9741059319757335
76561197978189047,0,0.004489424172788858,2,0.9741059319757335
76561198175103013,0,0.016751252114772797,2,0.9741059319757335
76561198060220151,0,0.21089765429496765,2,0.9741059319757335
76561199244019484,0,0.0068656145595014095,2,0.9741059319757335
76561198375487338,0,0.007320234552025795,2,0.9741059319757335
76561198267306195,0,0.019830413162708282,2,0.9741059319757335
76561199491015829,0,0.007629930507391691,2,0.9741059319757335
76561199511300017,0,0.006951147690415382,2,0.9741059319757335
76561198168502821,0,0.42713314294815063,2,0.9741059319757335
76561199129683501,1,0.9912892580032349,2,0.9741059319757335
76561197962664840,0,0.07773654162883759,2,0.9741059319757335
76561199130295003,0,0.0061821117997169495,2,0.9741059319757335
76561198012330979,1,0.96315598487854,2,0.9741059319757335
76561198069558617,0,0.025746658444404602,2,0.9741059319757335
76561198845626354,0,0.004497559741139412,2,0.9741059319757335
76561198103344957,0,0.0039305672980844975,2,0.9741059319757335
76561198090489359,0,0.007392352446913719,2,0.9741059319757335
76561198067239693,0,0.03502959385514259,2,0.9741059319757335
76561199036171982,0,0.006456906907260418,2,0.9741059319757335
76561198059650571,0,0.01035607885569334,2,0.9741059319757335
76561199054872364,0,0.005473877768963575,2,0.9741059319757335
76561199401490763,0,0.005265026353299618,2,0.9741059319757335
76561199031442223,0,0.004799239803105593,2,0.9741059319757335
76561198103084707,0,0.04290388524532318,2,0.9741059319757335
76561198832230463,0,0.009933763183653355,2,0.9741059319757335
76561198109046282,0,0.004799239803105593,2,0.9741059319757335
76561198159182456,0,0.0036818673834204674,2,0.9741059319757335
76561199489899817,0,0.7288121581077576,2,0.9741059319757335
76561198382639457,0,0.0038729598745703697,2,0.9741059319757335
76561198056350455,0,0.018614934757351875,2,0.9741059319757335
76561199200616141,0,0.005043119192123413,2,0.9741059319757335
76561198021220117,0,0.8408129811286926,2,0.9741059319757335
76561197982160187,0,0.0045053656212985516,2,0.9741059319757335
76561198277079956,0,0.013806884177029133,2,0.9741059319757335
76561198042137992,0,0.6360477805137634,2,0.9741059319757335
76561198044892725,0,0.00967346876859665,2,0.9741059319757335
76561198128805514,0,0.007427152246236801,2,0.9741059319757335
76561199135014050,0,0.004065342713147402,2,0.9741059319757335
76561198069018734,0,0.005422698333859444,2,0.9741059319757335
76561199198832209,0,0.004413835238665342,2,0.9741059319757335
76561198289653606,0,0.0231489147990942,2,0.9741059319757335
76561198053344250,0,0.006115339696407318,2,0.9741059319757335
76561199189048578,0,0.004304630681872368,2,0.9741059319757335
76561199105830051,0,0.004723387770354748,2,0.9741059319757335
76561199077583481,0,0.07422510534524918,2,0.9741059319757335
76561198141535377,0,0.004414706956595182,2,0.9741059319757335
76561198827877261,0,0.02402084320783615,2,0.9741059319757335
76561199057223902,0,0.07394283264875412,2,0.9741059319757335
76561199439008897,0,0.5346795916557312,2,0.9741059319757335
76561199159712019,0,0.003942980896681547,2,0.9741059319757335
76561198100494219,0,0.004806960001587868,2,0.9741059319757335
76561199215335202,0,0.0041285851038992405,2,0.9741059319757335
76561198011735123,0,0.005553502589464188,2,0.9741059319757335
76561198047571016,0,0.0046815890818834305,2,0.9741059319757335
76561198398515585,0,0.0048745921812951565,2,0.9741059319757335
76561197985476602,0,0.004950312897562981,2,0.9741059319757335
76561198147878368,0,0.004839026834815741,2,0.9741059319757335
76561198820026090,0,0.006183992139995098,2,0.9741059319757335
76561199185950677,0,0.004835477564483881,2,0.9741059319757335
76561198259758421,0,0.005179051775485277,2,0.9741059319757335
76561198999322304,0,0.993065357208252,2,0.9741059319757335
76561198102681426,0,0.3750363886356354,2,0.9741059319757335
76561198086448801,0,0.24342001974582672,2,0.9741059319757335
76561198986433592,0,0.0659506693482399,2,0.9741059319757335
76561197990792370,0,0.055712636560201645,2,0.9741059319757335
76561198217766685,0,0.0602029487490654,2,0.9741059319757335
76561198030612603,0,0.8006765246391296,2,0.9741059319757335
76561198006571162,0,0.01148294284939766,2,0.9741059319757335
76561198932251171,1,0.9926441311836243,2,0.9741059319757335
76561198029548632,0,0.005930582992732525,2,0.9741059319757335
76561198334236135,0,0.013337956741452217,2,0.9741059319757335
76561197976872779,0,0.9218634366989136,2,0.9741059319757335
76561198279159076,0,0.9643402695655823,2,0.9741059319757335
76561198127329224,0,0.956092894077301,2,0.9741059319757335
76561199046431563,0,0.005009547341614962,2,0.9741059319757335
76561198963352624,0,0.3973279595375061,2,0.9741059319757335
76561198120682786,0,0.212337926030159,2,0.9741059319757335
76561197963319062,0,0.004963870160281658,2,0.9741059319757335
76561198312966194,0,0.08844967186450958,2,0.9741059319757335
76561198353170030,0,0.013332396745681763,2,0.9741059319757335
76561198153139023,0,0.005138958338648081,2,0.9741059319757335
76561198068568450,0,0.007326859049499035,2,0.9741059319757335
76561199419836888,0,0.005323808174580336,2,0.9741059319757335
76561198090873197,0,0.8766331076622009,2,0.9741059319757335
76561199061661698,0,0.011070114560425282,2,0.9741059319757335
76561198996303271,0,0.003883534111082554,2,0.9741059319757335
76561198043723332,0,0.005231024697422981,2,0.9741059319757335
76561198142681524,0,0.004553311504423618,2,0.9741059319757335
76561198036852358,0,0.022430075332522392,2,0.9741059319757335
76561199097274665,0,0.011535607278347015,2,0.9741059319757335
76561198026243992,0,0.006065257824957371,2,0.9741059319757335
76561199166601802,0,0.015084668062627316,2,0.9741059319757335
76561198053698825,0,0.006800184492021799,2,0.9741059319757335
76561198379533172,0,0.917532205581665,2,0.9741059319757335
76561198045414572,0,0.0059854574501514435,2,0.9741059319757335
76561198122778862,0,0.004413658753037453,2,0.9741059319757335
76561197962359804,0,0.004359496291726828,2,0.9741059319757335
76561198336988461,0,0.006429963279515505,2,0.9741059319757335
76561199647086291,0,0.038023073226213455,2,0.9741059319757335
76561198284957287,0,0.004714725539088249,2,0.9741059319757335
76561198113287814,0,0.009602556936442852,2,0.9741059319757335
76561198047245318,0,0.01689683459699154,2,0.9741059319757335
76561198835328795,0,0.005734208971261978,2,0.9741059319757335
76561199086837364,1,0.9882034659385681,2,0.9741059319757335
76561198970367719,0,0.004167577717453241,2,0.9741059319757335
76561198016534315,0,0.004000827204436064,2,0.9741059319757335
76561198033835043,0,0.9534217715263367,2,0.9741059319757335
76561199019846686,0,0.012483378872275352,2,0.9741059319757335
76561198194689046,0,0.01149793341755867,2,0.9741059319757335
76561198400674791,0,0.007174714468419552,2,0.9741059319757335
76561198286744184,0,0.1478024274110794,2,0.9741059319757335
76561199442830507,0,0.014064923860132694,2,0.9741059319757335
76561199705887275,0,0.007216750644147396,2,0.9741059319757335
76561197998835236,0,0.006605209782719612,2,0.9741059319757335
76561199491708304,0,0.007926122285425663,2,0.9741059319757335
76561198166799060,0,0.008019895292818546,2,0.9741059319757335
76561199123444882,0,0.020853884518146515,2,0.9741059319757335
76561199245734612,1,0.9892821311950684,2,0.9741059319757335
76561198235096692,0,0.0055443039163947105,2,0.9741059319757335
76561198056807761,0,0.008222585543990135,2,0.9741059319757335
76561198985589219,0,0.010406164452433586,2,0.9741059319757335
76561198012211625,0,0.025479480624198914,2,0.9741059319757335
76561197995914563,0,0.00605437345802784,2,0.9741059319757335
76561198234261096,0,0.004120781552046537,2,0.9741059319757335
76561198338953460,0,0.004654960241168737,2,0.9741059319757335
76561197974418205,0,0.004582971800118685,2,0.9741059319757335
76561199069704584,0,0.1775672435760498,2,0.9741059319757335
76561199446949295,0,0.004408599808812141,2,0.9741059319757335
76561199066287355,0,0.004379326943308115,2,0.9741059319757335
76561199388265753,0,0.006210505962371826,2,0.9741059319757335
76561198865710680,0,0.025597579777240753,2,0.9741059319757335
76561198090763343,0,0.0041437833569943905,2,0.9741059319757335
76561198073082799,0,0.0044730911031365395,2,0.9741059319757335
76561199274926369,0,0.006153968628495932,2,0.9741059319757335
76561198996728211,0,0.63023841381073,2,0.9741059319757335
76561198095892462,0,0.00387763325124979,2,0.9741059319757335
76561198398200025,0,0.006200995296239853,2,0.9741059319757335
76561198149657557,0,0.006210356019437313,2,0.9741059319757335
76561199236638446,0,0.599414050579071,2,0.9741059319757335
76561199196873809,0,0.006349655799567699,2,0.9741059319757335
76561199620785940,0,0.008142350241541862,2,0.9741059319757335
76561199177441758,0,0.0047705951146781445,2,0.9741059319757335
76561198134616363,0,0.026602454483509064,2,0.9741059319757335
76561199142419944,0,0.018660619854927063,2,0.9741059319757335
76561199165207353,0,0.057560354471206665,2,0.9741059319757335
76561198797062929,0,0.0039773499593138695,2,0.9741059319757335
76561198878704172,0,0.006184004247188568,2,0.9741059319757335
76561198070591951,0,0.004019048996269703,2,0.9741059319757335
76561198030320759,0,0.005935242399573326,2,0.9741059319757335
76561198055408579,0,0.0068792966194450855,2,0.9741059319757335
76561198830296475,0,0.0069057997316122055,2,0.9741059319757335
76561197991825549,0,0.005064455792307854,2,0.9741059319757335
76561199085007580,0,0.00842463318258524,2,0.9741059319757335
76561198035941841,0,0.006958609912544489,2,0.9741059319757335
76561198071799958,0,0.005597338546067476,2,0.9741059319757335
76561198120338237,0,0.005698464810848236,2,0.9741059319757335
76561198285705329,0,0.004408599808812141,2,0.9741059319757335
76561199119706357,0,0.037989385426044464,2,0.9741059319757335
76561198048407451,0,0.005811622366309166,2,0.9741059319757335
76561198065830754,0,0.007244276814162731,2,0.9741059319757335
76561198079218785,0,0.41262608766555786,2,0.9741059319757335
76561199068055775,0,0.010495834052562714,2,0.9741059319757335
76561199443270228,0,0.9928612112998962,2,0.9741059319757335
76561199608459167,0,0.0045997328124940395,2,0.9741059319757335
76561199401207769,0,0.013861145824193954,2,0.9741059319757335
76561199163533569,0,0.011878453195095062,2,0.9741059319757335
76561198075873172,0,0.369914174079895,2,0.9741059319757335
76561198035441891,0,0.05001921206712723,2,0.9741059319757335
76561199113762166,0,0.004513544961810112,2,0.9741059319757335
76561198092426016,0,0.01964406855404377,2,0.9741059319757335
76561199117215226,0,0.22527773678302765,2,0.9741059319757335
76561199149803112,0,0.008330829441547394,2,0.9741059319757335
76561199262950358,0,0.00492507591843605,2,0.9741059319757335
76561198079063916,0,0.045099712908267975,2,0.9741059319757335
76561198094004109,0,0.7530204057693481,2,0.9741059319757335
76561199089098983,0,0.006995833944529295,2,0.9741059319757335
76561198073855493,0,0.025310860946774483,2,0.9741059319757335
76561198150383676,0,0.42118778824806213,2,0.9741059319757335
76561198062650654,0,0.34949344396591187,2,0.9741059319757335
76561198031715357,0,0.006650965660810471,2,0.9741059319757335
76561198204714221,0,0.04390517994761467,2,0.9741059319757335
76561198355862272,0,0.008129660040140152,2,0.9741059319757335
76561198039770004,0,0.0049439044669270515,2,0.9741059319757335
76561197984764985,0,0.004444698803126812,2,0.9741059319757335
76561198205425476,0,0.018334288150072098,2,0.9741059319757335
76561199542568205,0,0.017324430868029594,2,0.9741059319757335
76561199487013392,0,0.007550881709903479,2,0.9741059319757335
76561198007235173,0,0.00959082692861557,2,0.9741059319757335
76561198172338237,0,0.006629816722124815,2,0.9741059319757335
76561199529162036,0,0.058486733585596085,2,0.9741059319757335
76561198871896863,0,0.03490886092185974,2,0.9741059319757335
76561198160361325,0,0.005668416153639555,2,0.9741059319757335
76561198871721896,0,0.004934296943247318,2,0.9741059319757335
76561198037450579,0,0.0040413737297058105,2,0.9741059319757335
76561198880384513,0,0.007553890347480774,2,0.9741059319757335
76561198277377356,0,0.004450382199138403,2,0.9741059319757335
76561198013232331,0,0.004167577717453241,2,0.9741059319757335
76561198842167263,0,0.07238659262657166,2,0.9741059319757335
76561198255989328,0,0.004518254194408655,2,0.9741059319757335
76561198272240435,0,0.016075346618890762,2,0.9741059319757335
76561198321980534,0,0.01979488879442215,2,0.9741059319757335
76561198838116771,0,0.004778852220624685,2,0.9741059319757335
76561199099171922,0,0.19490063190460205,2,0.9741059319757335
76561198994934607,0,0.006252224091440439,2,0.9741059319757335
76561198113840809,0,0.5585785508155823,2,0.9741059319757335
76561198279870134,0,0.004579149652272463,2,0.9741059319757335
76561199102763835,0,0.40067821741104126,2,0.9741059319757335
76561198029756031,0,0.07456884533166885,2,0.9741059319757335
76561198803346946,1,0.9863733053207397,2,0.9741059319757335
76561199438420261,0,0.0069068134762346745,2,0.9741059319757335
76561198250999432,0,0.09356474876403809,2,0.9741059319757335
76561199070467398,0,0.012806924991309643,2,0.9741059319757335
76561199014225965,0,0.011008171364665031,2,0.9741059319757335
76561198078690821,0,0.988535463809967,2,0.9741059319757335
76561198111924698,0,0.6258956789970398,2,0.9741059319757335
76561199482368184,0,0.6833622455596924,2,0.9741059319757335
76561198880955501,1,0.9840062260627747,2,0.9741059319757335
76561198445425281,0,0.005522959865629673,2,0.9741059319757335
76561199119042106,0,0.028933027759194374,2,0.9741059319757335
76561199004541708,0,0.005679311230778694,2,0.9741059319757335
76561199225528520,0,0.013800243847072124,2,0.9741059319757335
76561198021296877,0,0.009142338298261166,2,0.9741059319757335
76561198021017638,1,0.9690166711807251,2,0.9741059319757335
76561198967011254,0,0.0048627909272909164,2,0.9741059319757335
76561199070419517,0,0.009504538960754871,2,0.9741059319757335
76561198078148980,0,0.005794510245323181,2,0.9741059319757335
76561199201534221,0,0.004988277796655893,2,0.9741059319757335
76561198196169290,0,0.006056956481188536,2,0.9741059319757335
76561199013473133,0,0.004956301301717758,2,0.9741059319757335
76561198015724938,0,0.006001973990350962,2,0.9741059319757335
76561198065379616,0,0.005381404422223568,2,0.9741059319757335
76561198059581926,0,0.005098579917103052,2,0.9741059319757335
76561199132519295,0,0.004250314552336931,2,0.9741059319757335
76561198186865159,0,0.0041565909050405025,2,0.9741059319757335
76561198806984431,0,0.004799239803105593,2,0.9741059319757335
76561198165102457,0,0.029684968292713165,2,0.9741059319757335
76561198067564457,0,0.004250823054462671,2,0.9741059319757335
76561198153055910,0,0.04751221463084221,2,0.9741059319757335
76561198419319461,0,0.006541030947118998,2,0.9741059319757335
76561198079889218,0,0.005222146399319172,2,0.9741059319757335
76561198299760401,0,0.004421485587954521,2,0.9741059319757335
76561198151547878,0,0.9622948169708252,2,0.9741059319757335
76561199239138052,0,0.00614121975377202,2,0.9741059319757335
76561198067114662,0,0.004638688173145056,2,0.9741059319757335
76561199112440906,0,0.21622112393379211,2,0.9741059319757335
76561199042797174,0,0.004355422221124172,2,0.9741059319757335
76561199172976890,0,0.006652534939348698,2,0.9741059319757335
76561199080129660,0,0.004917762242257595,2,0.9741059319757335
76561198179949757,0,0.005500839091837406,2,0.9741059319757335
76561198151039686,0,0.004167577717453241,2,0.9741059319757335
76561198041438018,0,0.00571261253207922,2,0.9741059319757335
76561198059923365,0,0.004191109910607338,2,0.9741059319757335
76561198129266347,0,0.004274515435099602,2,0.9741059319757335
76561199230615912,0,0.007304938975721598,2,0.9741059319757335
76561198797505285,0,0.004821020644158125,2,0.9741059319757335
76561198155322199,0,0.004125706385821104,2,0.9741059319757335
76561199226831912,0,0.004575579892843962,2,0.9741059319757335
76561199081065505,0,0.006396534387022257,2,0.9741059319757335
76561198082597012,0,0.0041094277985394,2,0.9741059319757335
76561198113883054,0,0.004220591392368078,2,0.9741059319757335
76561198025970578,1,0.9926366806030273,2,0.9741059319757335
76561198127991265,0,0.0036172245163470507,2,0.9741059319757335
76561198375855354,0,0.22478733956813812,2,0.9741059319757335
76561197974971599,0,0.23940086364746094,2,0.9741059319757335
76561198098903582,0,0.012369832955300808,2,0.9741059319757335
76561198022219768,0,0.9771360158920288,2,0.9741059319757335
76561197969806551,0,0.0121048204600811,2,0.9741059319757335
76561199173765439,0,0.9326626062393188,2,0.9741059319757335
76561197996816347,1,0.9915794134140015,2,0.9741059319757335
76561198313469282,0,0.021442944183945656,2,0.9741059319757335
76561198251097142,0,0.0630263090133667,2,0.9741059319757335
76561199161778560,0,0.4427169859409332,2,0.9741059319757335
76561198048974096,1,0.9668220281600952,2,0.9741059319757335
76561198035156628,0,0.11072016507387161,2,0.9741059319757335
76561198120567810,0,0.004536566324532032,2,0.9741059319757335
76561199240725354,0,0.011151794344186783,2,0.9741059319757335
76561199123216139,0,0.0069524310529232025,2,0.9741059319757335
76561199068269647,0,0.09300288558006287,2,0.9741059319757335
76561199485192706,0,0.007123465184122324,2,0.9741059319757335
76561198068917944,0,0.008015541359782219,2,0.9741059319757335
76561198106428021,0,0.00468778982758522,2,0.9741059319757335
76561198060452179,0,0.9690729975700378,2,0.9741059319757335
76561198941259442,0,0.008438720367848873,2,0.9741059319757335
76561198068557845,0,0.005723756738007069,2,0.9741059319757335
76561198184409961,0,0.6682360172271729,2,0.9741059319757335
76561198076468317,1,0.9928011894226074,2,0.9741059319757335
76561198140532754,0,0.004445306025445461,2,0.9741059319757335
76561198805774992,0,0.167719304561615,2,0.9741059319757335
76561198067270093,0,0.004026398062705994,2,0.9741059319757335
76561198148276844,0,0.22236835956573486,2,0.9741059319757335
76561198361358334,0,0.005399565678089857,2,0.9741059319757335
76561199044793230,0,0.79388028383255,2,0.9741059319757335
76561198396275322,0,0.0041352445259690285,2,0.9741059319757335
76561199112379749,0,0.014769455417990685,2,0.9741059319757335
76561198012127003,0,0.010327393189072609,2,0.9741059319757335
76561198152953899,0,0.6538142561912537,2,0.9741059319757335
76561199235741961,0,0.023028399795293808,2,0.9741059319757335
76561198812910200,0,0.29745110869407654,2,0.9741059319757335
76561199725419832,0,0.03522158041596413,2,0.9741059319757335
76561198402222652,0,0.08216764032840729,2,0.9741059319757335
76561198990971479,0,0.9763244390487671,2,0.9741059319757335
76561199147576064,0,0.013245887123048306,2,0.9741059319757335
76561198444987337,0,0.11487365514039993,2,0.9741059319757335
76561198839949821,0,0.21225428581237793,2,0.9741059319757335
76561199466046880,0,0.010631754994392395,2,0.9741059319757335
76561198147431149,0,0.9931326508522034,2,0.9741059319757335
76561197995822557,0,0.009635121561586857,2,0.9741059319757335
76561198070004403,0,0.028401143848896027,2,0.9741059319757335
76561199067644780,0,0.025073207914829254,2,0.9741059319757335
76561198044472553,0,0.027400851249694824,2,0.9741059319757335
76561198045309464,0,0.01083399262279272,2,0.9741059319757335
76561198182334254,0,0.011738138273358345,2,0.9741059319757335
76561198042760537,0,0.004985495004802942,2,0.9741059319757335
76561198041434771,0,0.009161732159554958,2,0.9741059319757335
76561199075199349,0,0.004404018633067608,2,0.9741059319757335
76561199492812848,0,0.005153903737664223,2,0.9741059319757335
76561198158253734,0,0.006001991685479879,2,0.9741059319757335
76561198843454176,0,0.004167577717453241,2,0.9741059319757335
76561198099016569,0,0.005534726660698652,2,0.9741059319757335
76561198044446409,0,0.05097629129886627,2,0.9741059319757335
76561198156964845,0,0.008018461056053638,2,0.9741059319757335
76561198072867353,0,0.0078095025382936,2,0.9741059319757335
76561199558140415,0,0.35448506474494934,2,0.9741059319757335
76561198811343521,1,0.979921817779541,2,0.9741059319757335
76561198016262420,0,0.03073868528008461,2,0.9741059319757335
76561199576550183,0,0.010098448023200035,2,0.9741059319757335
76561199092895500,0,0.015283646993339062,2,0.9741059319757335
76561198025102817,0,0.007334430702030659,2,0.9741059319757335
76561199176085467,0,0.46800097823143005,2,0.9741059319757335
76561198167086512,0,0.004622799344360828,2,0.9741059319757335
76561199158814886,0,0.005481546279042959,2,0.9741059319757335
76561198014184101,0,0.007184857036918402,2,0.9741059319757335
76561198319876107,0,0.0045782169327139854,2,0.9741059319757335
76561198080503355,0,0.005435716826468706,2,0.9741059319757335
76561198210178835,0,0.004408599808812141,2,0.9741059319757335
76561198052331918,0,0.02720748446881771,2,0.9741059319757335
76561198043904689,0,0.005455027800053358,2,0.9741059319757335
76561198011669791,0,0.024711165577173233,2,0.9741059319757335
76561197996389949,0,0.01483143400400877,2,0.9741059319757335
76561198146621868,0,0.009487065486609936,2,0.9741059319757335
76561198271313744,0,0.017651639878749847,2,0.9741059319757335
76561199070057917,0,0.7240954637527466,2,0.9741059319757335
76561198027142561,0,0.013215681537985802,2,0.9741059319757335
76561198082491974,0,0.004799239803105593,2,0.9741059319757335
76561198069015011,0,0.029355371370911598,2,0.9741059319757335
76561199044974967,0,0.016034502536058426,2,0.9741059319757335
76561198418724157,0,0.013191786594688892,2,0.9741059319757335
76561198009833369,0,0.004024920053780079,2,0.9741059319757335
76561198058185063,0,0.007694362197071314,2,0.9741059319757335
76561198883116263,0,0.008003313094377518,2,0.9741059319757335
76561199031646878,0,0.00893053226172924,2,0.9741059319757335
76561198125337749,0,0.01331334188580513,2,0.9741059319757335
76561198281518105,1,0.9876011610031128,2,0.9741059319757335
76561198279728474,0,0.006174428854137659,2,0.9741059319757335
76561197992552093,0,0.5970579385757446,2,0.9741059319757335
76561199231018594,0,0.004408599808812141,2,0.9741059319757335
76561198008500659,0,0.006617564242333174,2,0.9741059319757335
76561198217857671,0,0.08348250389099121,2,0.9741059319757335
76561199063071885,0,0.03315044939517975,2,0.9741059319757335
76561199244235938,0,0.007164566311985254,2,0.9741059319757335
76561199217553133,0,0.0042740036733448505,2,0.9741059319757335
76561198125458627,0,0.00533628836274147,2,0.9741059319757335
76561198357641353,0,0.1888754963874817,2,0.9741059319757335
76561198301685891,0,0.004342113621532917,2,0.9741059319757335
76561199072983904,0,0.006726578809320927,2,0.9741059319757335
76561198257109027,1,0.9901552200317383,2,0.9741059319757335
76561198110028833,0,0.056325800716876984,2,0.9741059319757335
76561198302076109,0,0.012113046832382679,2,0.9741059319757335
76561199647213541,0,0.004949909169226885,2,0.9741059319757335
76561198029941607,0,0.2083342969417572,2,0.9741059319757335
76561198045816785,0,0.004724031314253807,2,0.9741059319757335
76561198174526893,0,0.8546125292778015,2,0.9741059319757335
76561198050492036,0,0.006673446856439114,2,0.9741059319757335
76561197998074984,0,0.4373110830783844,2,0.9741059319757335
76561198073431111,0,0.030244942754507065,2,0.9741059319757335
76561198353469286,0,0.00977377314120531,2,0.9741059319757335
76561198380636292,0,0.004828596021980047,2,0.9741059319757335
76561198392940237,0,0.005799996200948954,2,0.9741059319757335
76561198022399572,0,0.01037159189581871,2,0.9741059319757335
76561198159345028,0,0.05214877054095268,2,0.9741059319757335
76561199122573728,1,0.9892479777336121,2,0.9741059319757335
76561198359818605,0,0.006750214379280806,2,0.9741059319757335
76561198325519172,0,0.9582186341285706,2,0.9741059319757335
76561199032788410,0,0.9542604684829712,2,0.9741059319757335
76561198089465250,0,0.07883404195308685,2,0.9741059319757335
76561199098974942,0,0.0061151920817792416,2,0.9741059319757335
76561199211142188,0,0.028944598510861397,2,0.9741059319757335
76561198412248433,0,0.005298315081745386,2,0.9741059319757335
76561199005393655,0,0.006355522200465202,2,0.9741059319757335
76561199062563761,0,0.9745669960975647,2,0.9741059319757335
76561198850578881,0,0.006235459353774786,2,0.9741059319757335
76561198040100142,0,0.006049669347703457,2,0.9741059319757335
76561198047672769,0,0.04559899494051933,2,0.9741059319757335
76561197992582867,0,0.04086039215326309,2,0.9741059319757335
76561198801554028,0,0.004652631469070911,2,0.9741059319757335
76561198078319771,0,0.01186648290604353,2,0.9741059319757335
76561198277060505,0,0.006226760800927877,2,0.9741059319757335
76561198873513500,0,0.759179949760437,2,0.9741059319757335
76561198053613894,0,0.04733295738697052,2,0.9741059319757335
76561198065465094,0,0.004473866894841194,2,0.9741059319757335
76561198422106043,1,0.18709547817707062,2,0.9741059319757335
76561199088802958,0,0.005114835686981678,2,0.9741059319757335
76561198257402443,0,0.04635241627693176,2,0.9741059319757335
76561198066626944,0,0.028716905042529106,2,0.9741059319757335
76561198040134375,0,0.004192522261291742,2,0.9741059319757335
76561198103311264,0,0.005163979716598988,2,0.9741059319757335
76561198024835911,0,0.016909727826714516,2,0.9741059319757335
76561198399957352,0,0.004432782530784607,2,0.9741059319757335
76561197995938258,0,0.010930052027106285,2,0.9741059319757335
76561199096340269,1,0.9905886650085449,2,0.9741059319757335
76561199171403503,0,0.007104271091520786,2,0.9741059319757335
76561198995545147,0,0.020472319796681404,2,0.9741059319757335
76561198847154668,0,0.05603759363293648,2,0.9741059319757335
76561198127237281,0,0.005411614663898945,2,0.9741059319757335
76561198186357769,0,0.4571968615055084,2,0.9741059319757335
76561198975764165,0,0.007408839650452137,2,0.9741059319757335
76561198061371870,0,0.004831260070204735,2,0.9741059319757335
76561199233973547,0,0.004408599808812141,2,0.9741059319757335
76561199088479935,0,0.005464276298880577,2,0.9741059319757335
76561198969249443,0,0.05242757499217987,2,0.9741059319757335
76561198976112660,0,0.006393482908606529,2,0.9741059319757335
76561198101764592,0,0.0044370475225150585,2,0.9741059319757335
76561197992605970,0,0.004078736528754234,2,0.9741059319757335
76561198068975006,0,0.4027325212955475,2,0.9741059319757335
76561198166323133,0,0.004944609012454748,2,0.9741059319757335
76561198098756982,0,0.006456080824136734,2,0.9741059319757335
76561198336822355,0,0.0046942466869950294,2,0.9741059319757335
76561199443270798,0,0.004269343335181475,2,0.9741059319757335
76561198302406677,0,0.004335431382060051,2,0.9741059319757335
76561198076289544,0,0.004408599808812141,2,0.9741059319757335
76561198046397826,0,0.0042680115438997746,2,0.9741059319757335
76561198164263797,0,0.004399091936647892,2,0.9741059319757335
76561198317436116,0,0.007997022941708565,2,0.9741059319757335
76561199232478164,0,0.004145617596805096,2,0.9741059319757335
76561198003123326,0,0.004882420878857374,2,0.9741059319757335
76561199236171194,0,0.004790229257196188,2,0.9741059319757335
76561199619708360,0,0.006149211898446083,2,0.9741059319757335
76561199473030261,0,0.004466927610337734,2,0.9741059319757335
76561199465547376,0,0.004448852967470884,2,0.9741059319757335
76561199014683956,0,0.005627129226922989,2,0.9741059319757335
76561198255873969,0,0.008237594738602638,2,0.9741059319757335
76561198041065376,0,0.00546599505469203,2,0.9741059319757335
76561198819908567,0,0.005381022114306688,2,0.9741059319757335
76561197996610226,1,0.05743057653307915,2,0.9741059319757335
76561198044410302,0,0.006520241033285856,2,0.9741059319757335
76561198060259599,0,0.01042944472283125,2,0.9741059319757335
76561198367304880,0,0.07523058354854584,2,0.9741059319757335
76561198004511850,0,0.004586656112223864,2,0.9741059319757335
76561198065604863,0,0.03501807153224945,2,0.9741059319757335
76561199465199465,0,0.7297309041023254,2,0.9741059319757335
76561198087357463,0,0.01386453490704298,2,0.9741059319757335
76561198086974031,0,0.20843443274497986,2,0.9741059319757335
76561198063283721,0,0.008190481923520565,2,0.9741059319757335
76561198832138799,0,0.8181436061859131,2,0.9741059319757335
76561198091743184,0,0.006826974451541901,2,0.9741059319757335
76561198015108606,0,0.25689712166786194,2,0.9741059319757335
76561198373099486,0,0.9799530506134033,2,0.9741059319757335
76561198123009123,1,0.6774405241012573,2,0.9741059319757335
76561198871180196,0,0.008895950391888618,2,0.9741059319757335
76561199011524258,0,0.9628354907035828,2,0.9741059319757335
76561198863767801,0,0.012766704894602299,2,0.9741059319757335
76561199478638168,0,0.014758140780031681,2,0.9741059319757335
76561199113464488,0,0.9591096639633179,2,0.9741059319757335
76561197982628468,0,0.006112868431955576,2,0.9741059319757335
76561197970741664,0,0.8850970268249512,2,0.9741059319757335
76561198098426505,0,0.007428713142871857,2,0.9741059319757335
76561198340032976,0,0.0066318204626441,2,0.9741059319757335
76561198053267743,0,0.21241100132465363,2,0.9741059319757335
76561198005973859,0,0.006949726026505232,2,0.9741059319757335
76561198072151263,0,0.006608643103390932,2,0.9741059319757335
76561199142810871,0,0.003563158679753542,2,0.9741059319757335
76561197976958951,0,0.3121519684791565,2,0.9741059319757335
76561199007260945,0,0.9175525903701782,2,0.9741059319757335
76561199115170492,0,0.05644212290644646,2,0.9741059319757335
76561198160096976,0,0.004235818982124329,2,0.9741059319757335
76561198162008707,0,0.0057448698207736015,2,0.9741059319757335
76561198136857015,0,0.006055842619389296,2,0.9741059319757335
76561198365838763,0,0.0046178014017641544,2,0.9741059319757335
76561199236525375,0,0.005899983458220959,2,0.9741059319757335
76561199212693868,1,0.9894801378250122,2,0.9741059319757335
76561199071467224,0,0.01866929978132248,2,0.9741059319757335
76561197989496624,0,0.004272131249308586,2,0.9741059319757335
76561198261222753,0,0.11431770771741867,2,0.9741059319757335
76561197986626275,0,0.006117789074778557,2,0.9741059319757335
76561198202353323,0,0.005954844411462545,2,0.9741059319757335
76561198229073920,0,0.006012041121721268,2,0.9741059319757335
76561197973555596,0,0.07930591702461243,2,0.9741059319757335
76561197960559978,0,0.004311890807002783,2,0.9741059319757335
76561198038435666,0,0.9140796065330505,2,0.9741059319757335
76561198121344456,0,0.014273397624492645,2,0.9741059319757335
76561198079545781,1,0.0063590193167328835,2,0.9741059319757335
76561199004030611,0,0.006183992139995098,2,0.9741059319757335
76561198836642209,0,0.9601789116859436,2,0.9741059319757335
76561199127576618,0,0.019318709149956703,2,0.9741059319757335
76561199175533632,0,0.1556611806154251,2,0.9741059319757335
76561198273681743,0,0.9860087037086487,2,0.9741059319757335
76561199057578974,0,0.04613025113940239,2,0.9741059319757335
76561198181608373,0,0.009266717359423637,2,0.9741059319757335
76561198130451358,0,0.06048329547047615,2,0.9741059319757335
76561198060707880,0,0.005381022114306688,2,0.9741059319757335
76561198097108811,0,0.009980441071093082,2,0.9741059319757335
76561199090739337,0,0.011645280756056309,2,0.9741059319757335
76561198112188588,0,0.005529317073523998,2,0.9741059319757335
76561198272107537,0,0.006262298673391342,2,0.9741059319757335
76561198072027396,0,0.007206966169178486,2,0.9741059319757335
76561199091245966,0,0.013039599172770977,2,0.9741059319757335
76561199133577701,0,0.010084210895001888,2,0.9741059319757335
76561198121954200,0,0.0041175964288413525,2,0.9741059319757335
76561198271886505,1,0.23776187002658844,2,0.9741059319757335
76561199067781913,0,0.004682160448282957,2,0.9741059319757335
76561198031572229,0,0.3013880252838135,2,0.9741059319757335
76561199101891156,0,0.007116454187780619,2,0.9741059319757335
76561198124623428,0,0.008357998915016651,2,0.9741059319757335
76561198859044527,0,0.004947842564433813,2,0.9741059319757335
76561198089841607,0,0.13457724452018738,2,0.9741059319757335
76561198873139964,0,0.05894481763243675,2,0.9741059319757335
76561199046833602,0,0.005094271618872881,2,0.9741059319757335
76561198147533273,0,0.005754247307777405,2,0.9741059319757335
76561199768043716,0,0.005734208971261978,2,0.9741059319757335
76561199200504845,0,0.004909830167889595,2,0.9741059319757335
76561198080603053,0,0.018050242215394974,2,0.9741059319757335
76561197978501848,0,0.004799239803105593,2,0.9741059319757335
76561199034001391,0,0.004408599808812141,2,0.9741059319757335
76561198070256410,0,0.006811162456870079,2,0.9741059319757335
76561198408072705,0,0.0039773499593138695,2,0.9741059319757335
76561197975251882,0,0.00376529386267066,2,0.9741059319757335
76561199635920588,0,0.007939144037663937,2,0.9741059319757335
76561199016510555,0,0.005594966467469931,2,0.9741059319757335
76561198259450683,1,0.9917165637016296,2,0.9741059319757335
76561198019302320,0,0.005677109118551016,2,0.9741059319757335
76561198124705818,0,0.006806394085288048,2,0.9741059319757335
76561198045741399,0,0.04447297006845474,2,0.9741059319757335
76561197970347280,0,0.004142493009567261,2,0.9741059319757335
76561198037875720,0,0.1018960252404213,2,0.9741059319757335
76561198328718012,1,0.941239595413208,2,0.9741059319757335
76561198136407877,0,0.07530386745929718,2,0.9741059319757335
76561199017305218,0,0.9598836898803711,2,0.9741059319757335
76561198045539538,0,0.007218759506940842,2,0.9741059319757335
76561199215516995,0,0.34834837913513184,2,0.9741059319757335
76561198450423415,0,0.9434963464736938,2,0.9741059319757335
76561199535804172,0,0.006221799645572901,2,0.9741059319757335
76561199155028163,0,0.012731426395475864,2,0.9741059319757335
76561198850218480,0,0.025285791605710983,2,0.9741059319757335
76561198019856850,0,0.008007567375898361,2,0.9741059319757335
76561198013096143,0,0.015737034380435944,2,0.9741059319757335
76561198820101808,0,0.010449315421283245,2,0.9741059319757335
76561199063101918,0,0.1603846698999405,2,0.9741059319757335
76561198007464155,1,0.983802080154419,2,0.9741059319757335
76561198126412790,0,0.008285378105938435,2,0.9741059319757335
76561197999787309,0,0.6780981421470642,2,0.9741059319757335
76561198119610595,0,0.05407515540719032,2,0.9741059319757335
76561199400962539,0,0.005717031192034483,2,0.9741059319757335
76561199074314653,0,0.020100852474570274,2,0.9741059319757335
76561198138202234,0,0.9684261679649353,2,0.9741059319757335
76561197975197287,0,0.08280782401561737,2,0.9741059319757335
76561198108866646,0,0.026000691577792168,2,0.9741059319757335
76561198001303637,0,0.0056621842086315155,2,0.9741059319757335
76561198065199206,0,0.007705776486545801,2,0.9741059319757335
76561198801211146,0,0.022515155375003815,2,0.9741059319757335
76561197985941117,0,0.0334138497710228,2,0.9741059319757335
76561199134950741,0,0.004337999038398266,2,0.9741059319757335
76561199286784864,0,0.0039312392473220825,2,0.9741059319757335
76561199077522004,0,0.004113282077014446,2,0.9741059319757335
76561198141245715,0,0.00448963325470686,2,0.9741059319757335
76561198207540845,0,0.06495914608240128,2,0.9741059319757335
76561198093198367,0,0.26372823119163513,2,0.9741059319757335
76561198333956069,0,0.03228538855910301,2,0.9741059319757335
76561198009448608,0,0.003866645973175764,2,0.9741059319757335
76561199551658653,0,0.013020293787121773,2,0.9741059319757335
76561198401942308,0,0.005171941593289375,2,0.9741059319757335
76561199394557886,0,0.008616623468697071,2,0.9741059319757335
76561198003533787,0,0.07335880398750305,2,0.9741059319757335
76561198797808744,0,0.004466927610337734,2,0.9741059319757335
76561198400294903,0,0.22088384628295898,2,0.9741059319757335
76561199205893622,0,0.9640879034996033,2,0.9741059319757335
76561199542425842,0,0.004540073219686747,2,0.9741059319757335
76561198007565966,0,0.005458153784275055,2,0.9741059319757335
76561198174718649,0,0.0077714272774755955,2,0.9741059319757335
76561198339019677,0,0.00880299974232912,2,0.9741059319757335
76561199190321009,0,0.006370409857481718,2,0.9741059319757335
76561199091735967,0,0.005184602458029985,2,0.9741059319757335
76561198009308209,0,0.502869188785553,2,0.9741059319757335
76561198804484027,0,0.9735129475593567,2,0.9741059319757335
76561198392092032,0,0.12622538208961487,2,0.9741059319757335
76561198130686585,0,0.01840129867196083,2,0.9741059319757335
76561198085354269,0,0.12156542390584946,2,0.9741059319757335
76561198353815255,0,0.1339794546365738,2,0.9741059319757335
76561198415324030,0,0.006046332884579897,2,0.9741059319757335
76561199077063529,0,0.21879567205905914,2,0.9741059319757335
76561199025210607,0,0.01622413843870163,2,0.9741059319757335
76561198042542161,0,0.2137758582830429,2,0.9741059319757335
76561199401820399,1,0.9859764575958252,2,0.9741059319757335
76561198190464106,0,0.009886223822832108,2,0.9741059319757335
76561199245762969,0,0.011278370395302773,2,0.9741059319757335
76561198839629440,0,0.004497790243476629,2,0.9741059319757335
76561197996928035,0,0.48261189460754395,2,0.9741059319757335
76561199118164213,0,0.23143213987350464,2,0.9741059319757335
76561198354077354,0,0.04926028847694397,2,0.9741059319757335
76561198961920342,0,0.00754251703619957,2,0.9741059319757335
76561198356564676,0,0.02546817809343338,2,0.9741059319757335
76561198215059716,0,0.004799239803105593,2,0.9741059319757335
76561198814666409,0,0.3828151524066925,2,0.9741059319757335
76561198315513280,0,0.8005142211914062,2,0.9741059319757335
76561198064329908,0,0.006224500946700573,2,0.9741059319757335
76561198369130848,0,0.004582971800118685,2,0.9741059319757335
76561198236640506,0,0.00776663376018405,2,0.9741059319757335
76561198063258880,0,0.014218287542462349,2,0.9741059319757335
76561197962349298,0,0.0044526876881718636,2,0.9741059319757335
76561197972505854,0,0.004920833744108677,2,0.9741059319757335
76561199130868545,0,0.01859329640865326,2,0.9741059319757335
76561198026759266,0,0.01996520906686783,2,0.9741059319757335
76561199568340569,0,0.004408599808812141,2,0.9741059319757335
76561199159877947,0,0.00457700714468956,2,0.9741059319757335
76561198301745306,0,0.9843751788139343,2,0.9741059319757335
76561198309745321,0,0.23243381083011627,2,0.9741059319757335
76561198067152382,0,0.004413658753037453,2,0.9741059319757335
76561198120937531,0,0.007964941672980785,2,0.9741059319757335
76561199057462281,0,0.005727407988160849,2,0.9741059319757335
76561198105917790,0,0.004847903270274401,2,0.9741059319757335
76561198256575338,0,0.006677430123090744,2,0.9741059319757335
76561198153124031,0,0.0044960761442780495,2,0.9741059319757335
76561198390732769,0,0.004596542101353407,2,0.9741059319757335
76561199015252787,0,0.009482107125222683,2,0.9741059319757335
76561198284023170,0,0.006433994974941015,2,0.9741059319757335
76561198978508437,0,0.24804171919822693,2,0.9741059319757335
76561199331234936,1,0.9882829785346985,2,0.9741059319757335
76561198019636866,0,0.006121998652815819,2,0.9741059319757335
76561198144656828,0,0.6226261854171753,2,0.9741059319757335
76561198391524435,0,0.004651762079447508,2,0.9741059319757335
76561199043194225,0,0.011080737225711346,2,0.9741059319757335
76561198069742979,0,0.005696449428796768,2,0.9741059319757335
76561198370642198,0,0.0064618028700351715,2,0.9741059319757335
76561198983679934,0,0.00480883801355958,2,0.9741059319757335
76561198006580110,0,0.009812555275857449,2,0.9741059319757335
76561198085415786,0,0.00441068084910512,2,0.9741059319757335
76561198281491540,0,0.006276433356106281,2,0.9741059319757335
76561198073698137,0,0.0038888242561370134,2,0.9741059319757335
76561198353952864,0,0.8906480669975281,2,0.9741059319757335
76561198072253081,1,0.8252453207969666,2,0.9741059319757335
76561198063895479,0,0.0077280388213694096,2,0.9741059319757335
76561199353753144,0,0.006036325357854366,2,0.9741059319757335
76561199072477210,0,0.013169358484447002,2,0.9741059319757335
76561198327954635,0,0.9774660468101501,2,0.9741059319757335
76561199776790998,0,0.9812473654747009,2,0.9741059319757335
76561198140100199,0,0.04821660369634628,2,0.9741059319757335
76561199500253005,0,0.7181110382080078,2,0.9741059319757335
76561199069401963,0,0.9218865633010864,2,0.9741059319757335
76561199125808797,0,0.005781674291938543,2,0.9741059319757335
76561199180524148,0,0.009861652739346027,2,0.9741059319757335
76561199013627509,0,0.008869728073477745,2,0.9741059319757335
76561199234042535,0,0.01549344789236784,2,0.9741059319757335
76561198078306297,0,0.42223384976387024,2,0.9741059319757335
76561198141800604,0,0.5118131637573242,2,0.9741059319757335
76561198138312700,0,0.7902990579605103,2,0.9741059319757335
76561199029303471,0,0.005562088917940855,2,0.9741059319757335
76561197985721780,0,0.5641560554504395,2,0.9741059319757335
76561198119499613,0,0.8534349799156189,2,0.9741059319757335
76561198175321534,0,0.9601261615753174,2,0.9741059319757335
76561199120876123,0,0.005822768900543451,2,0.9741059319757335
76561198150915508,0,0.14784495532512665,2,0.9741059319757335
76561198363435330,0,0.006050822325050831,2,0.9741059319757335
76561198125260974,0,0.004379346035420895,2,0.9741059319757335
76561198312683481,0,0.014377005398273468,2,0.9741059319757335
76561199012983602,0,0.004120781552046537,2,0.9741059319757335
76561198843599995,0,0.9790369868278503,2,0.9741059319757335
76561199493894405,0,0.01726517453789711,2,0.9741059319757335
76561198024413907,0,0.06599877774715424,2,0.9741059319757335
76561199118145502,0,0.004387755878269672,2,0.9741059319757335
76561198023566277,0,0.8177763223648071,2,0.9741059319757335
76561198230855712,0,0.004216260742396116,2,0.9741059319757335
76561198093925861,0,0.007154085673391819,2,0.9741059319757335
76561198962672692,0,0.9922115802764893,2,0.9741059319757335
76561199093702380,0,0.9892081618309021,2,0.9741059319757335
76561198038887390,0,0.005160264205187559,2,0.9741059319757335
76561197992641403,0,0.004521022085100412,2,0.9741059319757335
76561198186269665,0,0.9777741432189941,2,0.9741059319757335
76561199711822965,0,0.004157512914389372,2,0.9741059319757335
76561198374804877,0,0.0070854900404810905,2,0.9741059319757335
76561199418202151,0,0.011026828549802303,2,0.9741059319757335
76561198009909296,0,0.018568500876426697,2,0.9741059319757335
76561198198245779,0,0.005843500141054392,2,0.9741059319757335
76561198074961725,0,0.008781315758824348,2,0.9741059319757335
76561199470173452,0,0.006863904185593128,2,0.9741059319757335
76561198346645301,0,0.044256940484046936,2,0.9741059319757335
76561198401859055,0,0.6849182844161987,2,0.9741059319757335
76561199207082125,0,0.018829941749572754,2,0.9741059319757335
76561199175369632,0,0.005481226835399866,2,0.9741059319757335
76561199089533409,0,0.13532213866710663,2,0.9741059319757335
76561198341801705,0,0.00893255416303873,2,0.9741059319757335
76561198444340567,0,0.004516236484050751,2,0.9741059319757335
76561199203906855,0,0.004241365473717451,2,0.9741059319757335
76561199186490665,0,0.0044567035511136055,2,0.9741059319757335
76561199593337155,0,0.014880976639688015,2,0.9741059319757335
76561198016171777,0,0.006189985200762749,2,0.9741059319757335
76561198976446937,0,0.005483072251081467,2,0.9741059319757335
76561198083116489,0,0.007921983487904072,2,0.9741059319757335
76561198089976166,0,0.006477341987192631,2,0.9741059319757335
76561198052486246,0,0.005545082036405802,2,0.9741059319757335
76561198977124651,0,0.005694623105227947,2,0.9741059319757335
76561198036085810,0,0.008370754308998585,2,0.9741059319757335
76561198140319400,0,0.007955127395689487,2,0.9741059319757335
76561199078940627,0,0.012134291231632233,2,0.9741059319757335
76561198976363409,0,0.005265026353299618,2,0.9741059319757335
76561198863644217,0,0.006882414687424898,2,0.9741059319757335
76561198871921781,0,0.004167577717453241,2,0.9741059319757335
76561199230500160,0,0.007949463091790676,2,0.9741059319757335
76561199225046080,0,0.004494544118642807,2,0.9741059319757335
76561198928414936,0,0.00907950196415186,2,0.9741059319757335
76561198450705256,0,0.004339092876762152,2,0.9741059319757335
76561198426199804,0,0.0051045604050159454,2,0.9741059319757335
76561199559913504,0,0.008978459984064102,2,0.9741059319757335
76561199217624613,0,0.008983428589999676,2,0.9741059319757335
76561199253402800,0,0.007762155495584011,2,0.9741059319757335
76561198163669610,0,0.004494926426559687,2,0.9741059319757335
76561198194965082,0,0.22770094871520996,2,0.9741059319757335
76561199118854962,0,0.8186237812042236,2,0.9741059319757335
76561199042653300,0,0.005159084685146809,2,0.9741059319757335
76561199027602531,0,0.004120781552046537,2,0.9741059319757335
76561199069528350,0,0.00742135476320982,2,0.9741059319757335
76561198132333927,0,0.004009908530861139,2,0.9741059319757335
76561198122036638,0,0.019701631739735603,2,0.9741059319757335
76561199304628634,0,0.005031576380133629,2,0.9741059319757335
76561198018559084,0,0.005426943302154541,2,0.9741059319757335
76561197998230828,0,0.005996286869049072,2,0.9741059319757335
76561198303013996,0,0.004058904014527798,2,0.9741059319757335
76561198060579885,1,0.9853319525718689,2,0.9741059319757335
76561198847783193,0,0.045016296207904816,2,0.9741059319757335
76561198887221124,0,0.028792545199394226,2,0.9741059319757335
76561199636001516,0,0.005265026353299618,2,0.9741059319757335
76561199467715350,0,0.08353478461503983,2,0.9741059319757335
76561199090362201,0,0.006460361182689667,2,0.9741059319757335
76561198957524273,0,0.03082737885415554,2,0.9741059319757335
76561199218539819,0,0.9876562356948853,2,0.9741059319757335
76561197996438930,0,0.05828514322638512,2,0.9741059319757335
76561199161334336,0,0.0049440269358456135,2,0.9741059319757335
76561198130450859,0,0.012998545542359352,2,0.9741059319757335
76561198384914083,0,0.28004926443099976,2,0.9741059319757335
76561198963288111,0,0.0070939017459750175,2,0.9741059319757335
76561198054746866,0,0.011826125904917717,2,0.9741059319757335
76561199203555303,0,0.008031697943806648,2,0.9741059319757335
76561198138485906,0,0.1958969533443451,2,0.9741059319757335
76561199204959278,0,0.019622934982180595,2,0.9741059319757335
76561198898114812,0,0.004714725539088249,2,0.9741059319757335
76561198121161818,1,0.992961585521698,2,0.9741059319757335
76561199489506550,0,0.19252391159534454,2,0.9741059319757335
76561199135488239,1,0.9915907382965088,2,0.9741059319757335
76561197981826463,0,0.2552960515022278,2,0.9741059319757335
76561198139736849,0,0.9646655321121216,2,0.9741059319757335
76561198111499545,0,0.004042202606797218,2,0.9741059319757335
76561198161452758,0,0.1363014429807663,2,0.9741059319757335
76561199074387925,0,0.0042634448036551476,2,0.9741059319757335
76561198150218890,0,0.09629084169864655,2,0.9741059319757335
76561198039631582,0,0.06796978414058685,2,0.9741059319757335
76561198269168048,0,0.0047849263064563274,2,0.9741059319757335
76561198067294480,0,0.004298110026866198,2,0.9741059319757335
76561199122023386,0,0.007231264375150204,2,0.9741059319757335
76561198989059851,0,0.020248347893357277,2,0.9741059319757335
76561199403025003,0,0.015298135578632355,2,0.9741059319757335
76561198093112447,0,0.3957234025001526,2,0.9741059319757335
76561199196147460,0,0.008545013144612312,2,0.9741059319757335
76561198859668637,0,0.007116852328181267,2,0.9741059319757335
76561198205001752,0,0.14245714247226715,2,0.9741059319757335
76561198971583168,0,0.005966366268694401,2,0.9741059319757335
76561198279641489,0,0.2847968339920044,2,0.9741059319757335
76561198027336182,0,0.7789208292961121,2,0.9741059319757335
76561198310916570,0,0.006888196337968111,2,0.9741059319757335
76561198108393476,0,0.02079298533499241,2,0.9741059319757335
76561198873180643,0,0.02147280052304268,2,0.9741059319757335
76561198010101558,0,0.0045346589758992195,2,0.9741059319757335
76561199267177842,0,0.005407871678471565,2,0.9741059319757335
76561199113852988,0,0.0039773499593138695,2,0.9741059319757335
76561198447642733,0,0.026861030608415604,2,0.9741059319757335
76561198076834666,0,0.37148332595825195,2,0.9741059319757335
76561198197146711,0,0.006809481885284185,2,0.9741059319757335
76561198828638580,0,0.2865263819694519,2,0.9741059319757335
76561198399797394,0,0.0069511872716248035,2,0.9741059319757335
76561198068122237,0,0.004953066352754831,2,0.9741059319757335
76561198825358418,0,0.005650301463901997,2,0.9741059319757335
76561198027738923,0,0.004447116982191801,2,0.9741059319757335
76561199553412985,0,0.01609150879085064,2,0.9741059319757335
76561198020571489,0,0.005537965800613165,2,0.9741059319757335
76561198142735437,0,0.01743130199611187,2,0.9741059319757335
76561199076050439,0,0.056709688156843185,2,0.9741059319757335
76561197996010110,0,0.0036367762368172407,2,0.9741059319757335
76561198063347900,0,0.004537389148026705,2,0.9741059319757335
76561199536494143,0,0.005235329736024141,2,0.9741059319757335
76561198200755228,0,0.7653349041938782,2,0.9741059319757335
76561198288103492,0,0.008923083543777466,2,0.9741059319757335
76561198004278222,0,0.015469267033040524,2,0.9741059319757335
76561198185170829,0,0.00754115404561162,2,0.9741059319757335
76561199216761583,0,0.557828426361084,2,0.9741059319757335
76561199074466173,0,0.034194525331258774,2,0.9741059319757335
76561197984994193,0,0.006674433127045631,2,0.9741059319757335
76561198121435468,0,0.0057902103289961815,2,0.9741059319757335
76561199227082964,0,0.011344722472131252,2,0.9741059319757335
76561198399291830,0,0.004585400689393282,2,0.9741059319757335
76561199070646517,0,0.005331848282366991,2,0.9741059319757335
76561198006529785,0,0.00647564185783267,2,0.9741059319757335
76561198139265582,0,0.00423111766576767,2,0.9741059319757335
76561198026308348,0,0.02753404900431633,2,0.9741059319757335
76561198235720792,0,0.9608057737350464,2,0.9741059319757335
76561198196015843,0,0.3399186134338379,2,0.9741059319757335
76561198118735654,0,0.005528006702661514,2,0.9741059319757335
76561198149367700,0,0.005813206546008587,2,0.9741059319757335
76561198036551635,0,0.010294751264154911,2,0.9741059319757335
76561199703531307,0,0.004408599808812141,2,0.9741059319757335
76561199622117582,0,0.0039231255650520325,2,0.9741059319757335
76561198997200510,0,0.011011810973286629,2,0.9741059319757335
76561199095464841,0,0.04561351612210274,2,0.9741059319757335
76561199569436500,0,0.2603778839111328,2,0.9741059319757335
76561199246307668,0,0.022066984325647354,2,0.9741059319757335
76561199466977934,0,0.00861017219722271,2,0.9741059319757335
76561198043260413,0,0.006710817106068134,2,0.9741059319757335
76561199057255848,0,0.007282000966370106,2,0.9741059319757335
76561198159957396,0,0.005265026353299618,2,0.9741059319757335
76561198256535935,0,0.9686236381530762,2,0.9741059319757335
76561198322657825,0,0.005178199615329504,2,0.9741059319757335
76561198842323895,0,0.009250795468688011,2,0.9741059319757335
76561198925419383,0,0.07845204323530197,2,0.9741059319757335
76561198353364202,0,0.003969959449023008,2,0.9741059319757335
76561199228895867,0,0.007860157638788223,2,0.9741059319757335
76561198083604252,0,0.016837965697050095,2,0.9741059319757335
76561198408900701,0,0.8207815885543823,2,0.9741059319757335
76561198975012100,0,0.018445681780576706,2,0.9741059319757335
76561198051819997,0,0.005560936406254768,2,0.9741059319757335
76561198950482110,0,0.004466927610337734,2,0.9741059319757335
76561198335110249,0,0.004685430321842432,2,0.9741059319757335
76561198381109447,0,0.003912659827619791,2,0.9741059319757335
76561199185900000,0,0.004574943333864212,2,0.9741059319757335
76561199012036555,0,0.004884075373411179,2,0.9741059319757335
76561199137860039,0,0.0076388404704630375,2,0.9741059319757335
76561198177045549,0,0.5234463810920715,2,0.9741059319757335
76561198040985145,1,0.4301001727581024,2,0.9741059319757335
76561198388663375,0,0.14025260508060455,2,0.9741059319757335
76561199188641492,0,0.0038303558249026537,2,0.9741059319757335
76561199475583557,0,0.23001982271671295,2,0.9741059319757335
76561198837431184,0,0.020090339705348015,2,0.9741059319757335
76561199384002914,0,0.006076594348996878,2,0.9741059319757335
76561198052063900,0,0.004437083378434181,2,0.9741059319757335
76561199181533077,0,0.01355322077870369,2,0.9741059319757335
76561199373616401,0,0.0037956098094582558,2,0.9741059319757335
76561198078625818,0,0.10637673735618591,2,0.9741059319757335
76561198042509844,0,0.00578252924606204,2,0.9741059319757335
76561199118293584,0,0.05657418444752693,2,0.9741059319757335
76561199075517962,1,0.8988749980926514,2,0.9741059319757335
76561198095339757,0,0.2135554701089859,2,0.9741059319757335
76561198963812295,0,0.004583215340971947,2,0.9741059319757335
76561198051806763,0,0.026035571470856667,2,0.9741059319757335
76561198049814248,0,0.9254763126373291,2,0.9741059319757335
76561199231482608,0,0.005471700802445412,2,0.9741059319757335
76561198805100873,0,0.02472515031695366,2,0.9741059319757335
76561198083637713,0,0.016365403309464455,2,0.9741059319757335
76561198089981285,0,0.12538069486618042,2,0.9741059319757335
76561198072077382,0,0.7278698682785034,2,0.9741059319757335
76561198413888267,0,0.005873877089470625,2,0.9741059319757335
76561199220899415,0,0.01307728886604309,2,0.9741059319757335
76561198296416059,0,0.7793681025505066,2,0.9741059319757335
76561199349585076,0,0.004065816290676594,2,0.9741059319757335
76561198799685101,0,0.040377337485551834,2,0.9741059319757335
76561198893564360,1,0.9919633865356445,2,0.9741059319757335
76561198439816275,0,0.9219359159469604,2,0.9741059319757335
76561199103057378,1,0.9906298518180847,2,0.9741059319757335
76561198155353254,0,0.19023269414901733,2,0.9741059319757335
76561199058131269,0,0.004408599808812141,2,0.9741059319757335
76561197981821440,0,0.01037067174911499,2,0.9741059319757335
76561198450013074,0,0.006560164503753185,2,0.9741059319757335
76561198330091269,0,0.0043084220960736275,2,0.9741059319757335
76561198104202290,0,0.00561923161149025,2,0.9741059319757335
76561198080007208,0,0.005545950029045343,2,0.9741059319757335
76561198015271032,0,0.00482344813644886,2,0.9741059319757335
76561198413673089,0,0.3582310974597931,2,0.9741059319757335
76561198170673483,0,0.9020666480064392,2,0.9741059319757335
76561199229965133,0,0.979273796081543,2,0.9741059319757335
76561198147880337,0,0.014184296131134033,2,0.9741059319757335
76561198062936314,0,0.008081202395260334,2,0.9741059319757335
76561198042142460,0,0.0068764169700443745,2,0.9741059319757335
76561198053860080,0,0.0072933463379740715,2,0.9741059319757335
76561199218062482,0,0.005423762835562229,2,0.9741059319757335
76561198230595908,0,0.05361004173755646,2,0.9741059319757335
76561198171882150,0,0.046450283378362656,2,0.9741059319757335
76561198878845968,0,0.006363634020090103,2,0.9741059319757335
76561199239820897,0,0.053257327526807785,2,0.9741059319757335
76561199086817654,0,0.02032647468149662,2,0.9741059319757335
76561198274404609,0,0.0063243950717151165,2,0.9741059319757335
76561198420462731,0,0.01196108665317297,2,0.9741059319757335
76561199051347045,0,0.004120781552046537,2,0.9741059319757335
76561198107838829,0,0.006798355840146542,2,0.9741059319757335
76561198121423732,0,0.0041569918394088745,2,0.9741059319757335
76561198155104139,0,0.005265026353299618,2,0.9741059319757335
76561198933552801,0,0.00965491309762001,2,0.9741059319757335
76561198135923056,0,0.06767911463975906,2,0.9741059319757335
76561198853985344,0,0.0041094277985394,2,0.9741059319757335
76561198368432781,0,0.004408599808812141,2,0.9741059319757335
76561199543433661,0,0.003665944328531623,2,0.9741059319757335
76561199556159750,0,0.003976326435804367,2,0.9741059319757335
76561199380573555,0,0.005281905177980661,2,0.9741059319757335
76561199261330936,0,0.007130625657737255,2,0.9741059319757335
76561198214129196,0,0.004799239803105593,2,0.9741059319757335
76561198008484968,0,0.005354044958949089,2,0.9741059319757335
76561198258849681,0,0.020194172859191895,2,0.9741059319757335
76561198192828773,0,0.0038146532606333494,2,0.9741059319757335
76561198164967346,0,0.004074703902006149,2,0.9741059319757335
76561198166334926,0,0.21791361272335052,2,0.9741059319757335
76561199391003456,0,0.004675618838518858,2,0.9741059319757335
76561198957009005,0,0.003775066928938031,2,0.9741059319757335
76561198069837234,0,0.0050981175154447556,2,0.9741059319757335
76561199446347719,0,0.21025986969470978,2,0.9741059319757335
76561199180805159,0,0.9889774918556213,2,0.9741059319757335
76561198192789385,0,0.007388560567051172,2,0.9741059319757335
76561198150195379,0,0.004167577717453241,2,0.9741059319757335
76561197960558036,0,0.005888488609343767,2,0.9741059319757335
76561198032393699,0,0.005659948568791151,2,0.9741059319757335
76561198078147961,0,0.005624222103506327,2,0.9741059319757335
76561198153338636,0,0.00994853861629963,2,0.9741059319757335
76561198968021799,0,0.005625448189675808,2,0.9741059319757335
76561198837844010,0,0.005259390454739332,2,0.9741059319757335
76561199247030883,0,0.015173465013504028,2,0.9741059319757335
76561198207702344,0,0.003957720473408699,2,0.9741059319757335
76561198030743409,0,0.006176413036882877,2,0.9741059319757335
76561198079518351,0,0.003920867573469877,2,0.9741059319757335
76561199128766365,0,0.00433464115485549,2,0.9741059319757335
76561198035535843,0,0.003908640239387751,2,0.9741059319757335
76561197987967826,0,0.005872916895896196,2,0.9741059319757335
76561199087465663,0,0.006090930663049221,2,0.9741059319757335
76561198353987789,0,0.008062525652348995,2,0.9741059319757335
76561198016567313,0,0.0627368837594986,2,0.9741059319757335
76561198246171340,0,0.004416247829794884,2,0.9741059319757335
76561198029493874,0,0.004167577717453241,2,0.9741059319757335
76561198003344580,0,0.010529205203056335,2,0.9741059319757335
76561198845529442,0,0.0053182910196483135,2,0.9741059319757335
76561198023423919,0,0.003992012701928616,2,0.9741059319757335
76561199546458168,0,0.004428052343428135,2,0.9741059319757335
76561198833530726,0,0.40365856885910034,2,0.9741059319757335
76561198025438627,0,0.015260998159646988,2,0.9741059319757335
76561198027018933,0,0.00410230178385973,2,0.9741059319757335
76561199491682938,0,0.005486564710736275,2,0.9741059319757335
76561198050901008,0,0.006264913361519575,2,0.9741059319757335
76561198041684888,0,0.3935306668281555,2,0.9741059319757335
76561199030761801,0,0.03094451315701008,2,0.9741059319757335
76561198340087678,0,0.005124171730130911,2,0.9741059319757335
76561198063142158,0,0.9222383499145508,2,0.9741059319757335
76561199046958196,0,0.02033192664384842,2,0.9741059319757335
76561199429564490,0,0.005437603686004877,2,0.9741059319757335
76561198150795180,0,0.004957228433340788,2,0.9741059319757335
76561197972720465,0,0.006160701159387827,2,0.9741059319757335
76561198827443930,0,0.00776343047618866,2,0.9741059319757335
76561199523425683,0,0.0046262480318546295,2,0.9741059319757335
76561198037615628,0,0.8760883212089539,2,0.9741059319757335
76561199127286753,0,0.004351843148469925,2,0.9741059319757335
76561198208490183,0,0.0107117323204875,2,0.9741059319757335
76561198996214098,0,0.1582765132188797,2,0.9741059319757335
76561197997286084,0,0.027332643046975136,2,0.9741059319757335
76561198414958615,0,0.019740108400583267,2,0.9741059319757335
76561198035569040,0,0.010050062090158463,2,0.9741059319757335
76561199482653100,0,0.004688203800469637,2,0.9741059319757335
76561198207191571,0,0.009087290614843369,2,0.9741059319757335
76561199217647881,0,0.006395310629159212,2,0.9741059319757335
76561198192788349,0,0.02116580121219158,2,0.9741059319757335
76561198404378639,0,0.005975540727376938,2,0.9741059319757335
76561199215689186,0,0.04979763180017471,2,0.9741059319757335
76561198121746949,0,0.004799239803105593,2,0.9741059319757335
76561198092228858,0,0.006841661874204874,2,0.9741059319757335
76561198237692970,0,0.04914725199341774,2,0.9741059319757335
76561198244033338,0,0.004408599808812141,2,0.9741059319757335
76561198117416948,1,0.984621524810791,2,0.9741059319757335
76561198177800354,0,0.22012625634670258,2,0.9741059319757335
76561198119161199,0,0.005025707185268402,2,0.9741059319757335
76561199697354341,0,0.018550017848610878,2,0.9741059319757335
76561198974245728,0,0.015550055541098118,2,0.9741059319757335
76561198971971232,0,0.008660768158733845,2,0.9741059319757335
76561198044151102,0,0.006074279546737671,2,0.9741059319757335
76561199214358773,0,0.008434867486357689,2,0.9741059319757335
76561198059791973,0,0.0064811911433935165,2,0.9741059319757335
76561198139037796,0,0.006261705420911312,2,0.9741059319757335
76561197996559316,0,0.012327459640800953,2,0.9741059319757335
76561198819930537,0,0.8048064112663269,2,0.9741059319757335
76561199108392345,0,0.004826578311622143,2,0.9741059319757335
76561198208647151,0,0.011987213045358658,2,0.9741059319757335
76561198062712861,0,0.004377637058496475,2,0.9741059319757335
76561198025274589,0,0.004791793879121542,2,0.9741059319757335
76561199475133607,0,0.004873222671449184,2,0.9741059319757335
76561198130459451,0,0.10909520089626312,2,0.9741059319757335
76561198970014442,0,0.010177484713494778,2,0.9741059319757335
76561197993034415,0,0.029058344662189484,2,0.9741059319757335
76561199025753964,0,0.4803493916988373,2,0.9741059319757335
76561198078516143,0,0.00742135476320982,2,0.9741059319757335
76561198404904171,0,0.0039773499593138695,2,0.9741059319757335
76561198276879612,0,0.5809319019317627,2,0.9741059319757335
76561198809041309,0,0.00754251703619957,2,0.9741059319757335
76561198100680809,0,0.005690804682672024,2,0.9741059319757335
76561198027780011,0,0.8904799818992615,2,0.9741059319757335
76561199638996530,0,0.006183992139995098,2,0.9741059319757335
76561198012034839,0,0.006157647352665663,2,0.9741059319757335
76561198153533065,0,0.005852273665368557,2,0.9741059319757335
76561198987591422,1,0.9772335290908813,2,0.9741059319757335
76561199224251156,0,0.06292831152677536,2,0.9741059319757335
76561198035689253,0,0.9548600912094116,2,0.9741059319757335
76561199011327793,0,0.01493516843765974,2,0.9741059319757335
76561199242469417,0,0.6758180856704712,2,0.9741059319757335
76561199001635313,0,0.010350283235311508,2,0.9741059319757335
76561198834339674,0,0.004836849868297577,2,0.9741059319757335
76561198069041772,0,0.019560402259230614,2,0.9741059319757335
76561198957065422,0,0.06586173176765442,2,0.9741059319757335
76561198261775583,0,0.007567211519926786,2,0.9741059319757335
76561198095715018,0,0.010937286540865898,2,0.9741059319757335
76561199466676004,0,0.004479691851884127,2,0.9741059319757335
76561198406295518,0,0.003850484499707818,2,0.9741059319757335
76561197965491096,0,0.020699547603726387,2,0.9741059319757335
76561198124799902,0,0.006687831599265337,2,0.9741059319757335
76561198301533157,0,0.011371022090315819,2,0.9741059319757335
76561198089791710,0,0.005760896019637585,2,0.9741059319757335
76561198037817976,0,0.008242180570960045,2,0.9741059319757335
76561198030507110,0,0.09208536893129349,2,0.9741059319757335
76561199466598220,0,0.00420706532895565,2,0.9741059319757335
76561199133755830,0,0.005329679232090712,2,0.9741059319757335
76561199036902003,0,0.004040406085550785,2,0.9741059319757335
76561198834001759,0,0.005245791748166084,2,0.9741059319757335
76561198342239911,0,0.004557443782687187,2,0.9741059319757335
76561199232799971,0,0.008958904072642326,2,0.9741059319757335
76561198049029077,0,0.5652474164962769,2,0.9741059319757335
76561199056061452,0,0.005417633801698685,2,0.9741059319757335
76561199065795849,0,0.029232289642095566,2,0.9741059319757335
76561199535498185,0,0.013377546332776546,2,0.9741059319757335
76561198139402659,0,0.004408599808812141,2,0.9741059319757335
76561199038896723,0,0.9851507544517517,2,0.9741059319757335
76561197990455700,0,0.00406449381262064,2,0.9741059319757335
76561198344011398,0,0.013323863036930561,2,0.9741059319757335
76561199068616461,0,0.004408599808812141,2,0.9741059319757335
76561199196602038,0,0.008653471246361732,2,0.9741059319757335
76561198432563554,0,0.006076594348996878,2,0.9741059319757335
76561198863885698,0,0.004408599808812141,2,0.9741059319757335
76561199415961744,0,0.012669905088841915,2,0.9741059319757335
76561198353689386,0,0.007065166719257832,2,0.9741059319757335
76561197984431489,0,0.004957068245857954,2,0.9741059319757335
76561198020807182,0,0.034327488392591476,2,0.9741059319757335
76561199549881022,0,0.9573462605476379,2,0.9741059319757335
76561198066986791,0,0.13245731592178345,2,0.9741059319757335
76561199042045982,0,0.027159208431839943,2,0.9741059319757335
76561198059469923,0,0.8112514615058899,2,0.9741059319757335
76561199514061924,0,0.0042502861469984055,2,0.9741059319757335
76561198336407859,0,0.006197026465088129,2,0.9741059319757335
76561198834165255,0,0.019245758652687073,2,0.9741059319757335
76561198035910865,0,0.13755713403224945,2,0.9741059319757335
76561198369133871,0,0.18752045929431915,2,0.9741059319757335
76561198158735459,0,0.9499943852424622,2,0.9741059319757335
76561198056057953,0,0.07099872827529907,2,0.9741059319757335
76561199347365423,0,0.8054779171943665,2,0.9741059319757335
76561197963248870,0,0.00971909984946251,2,0.9741059319757335
76561198003222195,0,0.6862059235572815,2,0.9741059319757335
76561199610951833,0,0.009816702455282211,2,0.9741059319757335
76561198031278468,0,0.9599561095237732,2,0.9741059319757335
76561199185524878,0,0.0035774833522737026,2,0.9741059319757335
76561199394701481,0,0.8355528712272644,2,0.9741059319757335
76561199471895190,0,0.004466927610337734,2,0.9741059319757335
76561198057934804,0,0.011004574596881866,2,0.9741059319757335
76561198377576686,0,0.005222349893301725,2,0.9741059319757335
76561198034572875,0,0.7319076061248779,2,0.9741059319757335
76561198170127602,0,0.01009086798876524,2,0.9741059319757335
76561198996893056,0,0.0042244442738592625,2,0.9741059319757335
76561198290047275,0,0.004902415908873081,2,0.9741059319757335
76561198088866566,0,0.00563880056142807,2,0.9741059319757335
76561198032388698,0,0.004598348867148161,2,0.9741059319757335
76561198821722774,0,0.11965043842792511,2,0.9741059319757335
76561198953149573,0,0.004799239803105593,2,0.9741059319757335
76561199121876201,0,0.00412487518042326,2,0.9741059319757335
76561199005095696,0,0.006261640228331089,2,0.9741059319757335
76561199161060210,0,0.004878678824752569,2,0.9741059319757335
76561198073116313,0,0.5423378348350525,2,0.9741059319757335
76561198378326275,0,0.004408599808812141,2,0.9741059319757335
76561198829412252,0,0.9162188172340393,2,0.9741059319757335
76561198169969190,0,0.0042562056332826614,2,0.9741059319757335
76561198175636703,0,0.1342073380947113,2,0.9741059319757335
76561198864763247,0,0.28452497720718384,2,0.9741059319757335
76561199203163930,0,0.004537445493042469,2,0.9741059319757335
76561198219059176,0,0.004177412949502468,2,0.9741059319757335
76561198319663405,0,0.013928270898759365,2,0.9741059319757335
76561199178517934,0,0.004408599808812141,2,0.9741059319757335
76561198073254082,0,0.5881301760673523,2,0.9741059319757335
76561198800657445,0,0.017212484031915665,2,0.9741059319757335
76561198045910588,0,0.003928331658244133,2,0.9741059319757335
76561198330493994,0,0.0038263846654444933,2,0.9741059319757335
76561197970509884,0,0.006420235149562359,2,0.9741059319757335
76561199023711327,0,0.02795170620083809,2,0.9741059319757335
76561198315791667,0,0.00655911723151803,2,0.9741059319757335
76561199544615688,0,0.003766175825148821,2,0.9741059319757335
76561199031924447,0,0.004666892345994711,2,0.9741059319757335
76561198117386993,0,0.004914449993520975,2,0.9741059319757335
76561198135553286,0,0.004143621772527695,2,0.9741059319757335
76561198013421843,0,0.005340230651199818,2,0.9741059319757335
76561198242745688,0,0.004606724251061678,2,0.9741059319757335
76561198080897988,0,0.0077934605069458485,2,0.9741059319757335
76561199062461334,0,0.004528511315584183,2,0.9741059319757335
76561198824727231,0,0.007138127461075783,2,0.9741059319757335
76561198158661836,0,0.006220284383744001,2,0.9741059319757335
76561198066557386,0,0.007635299116373062,2,0.9741059319757335
76561198958538625,0,0.007703538052737713,2,0.9741059319757335
76561198028141869,0,0.031150897964835167,2,0.9741059319757335
76561199103112955,0,0.00823852140456438,2,0.9741059319757335
76561198025163880,0,0.004949591588228941,2,0.9741059319757335
76561198441704380,0,0.0281786248087883,2,0.9741059319757335
76561198298163646,0,0.4900032877922058,2,0.9741059319757335
76561199204907546,0,0.005044169258326292,2,0.9741059319757335
76561199015293613,0,0.005166927352547646,2,0.9741059319757335
76561197999629422,0,0.005377312656491995,2,0.9741059319757335
76561198148608293,0,0.012664812617003918,2,0.9741059319757335
76561199216062370,0,0.004799239803105593,2,0.9741059319757335
76561198034821402,0,0.8982535004615784,2,0.9741059319757335
76561199485686058,0,0.015494865365326405,2,0.9741059319757335
76561198119145772,0,0.007148438598960638,2,0.9741059319757335
76561198031757842,0,0.010204670019447803,2,0.9741059319757335
76561198068249430,0,0.004169026855379343,2,0.9741059319757335
76561198254671268,0,0.005953693296760321,2,0.9741059319757335
76561199034178636,0,0.004310382064431906,2,0.9741059319757335
76561198169018252,0,0.0042348275892436504,2,0.9741059319757335
76561198065686703,0,0.027852892875671387,2,0.9741059319757335
76561198924970463,0,0.18195012211799622,2,0.9741059319757335
76561198000043334,0,0.003862205659970641,2,0.9741059319757335
76561198848494371,0,0.006076594348996878,2,0.9741059319757335
76561198978935874,0,0.939612627029419,2,0.9741059319757335
76561199130118071,0,0.9814304709434509,2,0.9741059319757335
76561199013480999,1,0.9894344210624695,2,0.9741059319757335
76561198969877198,0,0.04467209801077843,2,0.9741059319757335
76561198090356217,0,0.005034216679632664,2,0.9741059319757335
76561198144885834,0,0.5044977068901062,2,0.9741059319757335
76561199002543209,0,0.0061164963990449905,2,0.9741059319757335
76561198067880122,0,0.006419103592634201,2,0.9741059319757335
76561198879783538,0,0.005237398203462362,2,0.9741059319757335
76561199109769886,0,0.009180794470012188,2,0.9741059319757335
76561199151941548,0,0.004388865549117327,2,0.9741059319757335
76561198126582518,0,0.00805685669183731,2,0.9741059319757335
76561198084696024,0,0.1710527390241623,2,0.9741059319757335
76561198422809346,0,0.10069683194160461,2,0.9741059319757335
76561198798830882,0,0.011339256539940834,2,0.9741059319757335
76561198007048512,0,0.35430464148521423,2,0.9741059319757335
76561198031542601,0,0.9871741533279419,2,0.9741059319757335
76561199149785246,0,0.008731523528695107,2,0.9741059319757335
76561198216825501,0,0.8216015696525574,2,0.9741059319757335
76561199443437207,0,0.018214968964457512,2,0.9741059319757335
76561198335597599,1,0.3445627689361572,2,0.9741059319757335
76561198042369702,0,0.008204744197428226,2,0.9741059319757335
76561198154251719,1,0.24236071109771729,2,0.9741059319757335
76561198238882086,0,0.32914650440216064,2,0.9741059319757335
76561198856075559,0,0.009718210436403751,2,0.9741059319757335
76561198258102549,0,0.025094658136367798,2,0.9741059319757335
76561199193904826,0,0.004408599808812141,2,0.9741059319757335
76561198065821801,0,0.003733207704499364,2,0.9741059319757335
76561199487557458,0,0.04883963614702225,2,0.9741059319757335
76561199145715903,0,0.40643957257270813,2,0.9741059319757335
76561198057830833,0,0.007052677217870951,2,0.9741059319757335
76561198039318288,0,0.5312721133232117,2,0.9741059319757335
76561198439906857,0,0.008845590986311436,2,0.9741059319757335
76561197968813283,0,0.00926076527684927,2,0.9741059319757335
76561198009600032,0,0.00670336140319705,2,0.9741059319757335
76561199086294021,0,0.07716163247823715,2,0.9741059319757335
76561199231546481,0,0.004408599808812141,2,0.9741059319757335
76561199057044424,0,0.38930708169937134,2,0.9741059319757335
76561198311029887,0,0.004940724465996027,2,0.9741059319757335
76561198020790079,0,0.07375745475292206,2,0.9741059319757335
76561198027500195,0,0.011283290572464466,2,0.9741059319757335
76561199068404170,0,0.0044191270135343075,2,0.9741059319757335
76561198096004163,0,0.005454613361507654,2,0.9741059319757335
76561198840877287,1,0.008969053626060486,2,0.9741059319757335
76561198163021337,0,0.004389637149870396,2,0.9741059319757335
76561198188372835,0,0.5285705327987671,2,0.9741059319757335
76561199082756514,0,0.0046379901468753815,2,0.9741059319757335
76561197991659420,0,0.9813080430030823,2,0.9741059319757335
76561198202807798,0,0.342165470123291,2,0.9741059319757335
76561199056561690,0,0.27953460812568665,2,0.9741059319757335
76561198058721808,0,0.7804433703422546,2,0.9741059319757335
76561198063560303,0,0.010572843253612518,2,0.9741059319757335
76561198385167622,0,0.021694088354706764,2,0.9741059319757335
76561198361251504,0,0.0041094277985394,2,0.9741059319757335
76561199103144104,0,0.006752340588718653,2,0.9741059319757335
76561198066696385,0,0.03302937000989914,2,0.9741059319757335
76561198120816704,0,0.003992012701928616,2,0.9741059319757335
76561199571999640,0,0.01194095704704523,2,0.9741059319757335
76561197990303649,0,0.005722107365727425,2,0.9741059319757335
76561198211999497,0,0.1208261102437973,2,0.9741059319757335
76561198268731046,0,0.004799239803105593,2,0.9741059319757335
76561198245879406,0,0.04365262761712074,2,0.9741059319757335
76561198066494838,0,0.005987358279526234,2,0.9741059319757335
76561199742109693,1,0.9717114567756653,2,0.9741059319757335
76561198126731536,1,0.9743303060531616,2,0.9741059319757335
76561198123623378,0,0.004556018393486738,2,0.9741059319757335
76561198212219399,0,0.03648309037089348,2,0.9741059319757335
76561199111978189,0,0.003992012701928616,2,0.9741059319757335
76561198037134186,0,0.014161445200443268,2,0.9741059319757335
76561199146854709,0,0.00407642824575305,2,0.9741059319757335
76561199040241798,0,0.004315513651818037,2,0.9741059319757335
76561198105787406,0,0.005839354358613491,2,0.9741059319757335
76561199002786730,0,0.004149253945797682,2,0.9741059319757335
76561199543460880,0,0.005196718964725733,2,0.9741059319757335
76561199010227447,0,0.0058235968463122845,2,0.9741059319757335
76561198421341743,0,0.003986116964370012,2,0.9741059319757335
76561198166887847,0,0.007347905542701483,2,0.9741059319757335
76561198089846075,0,0.0037751481868326664,2,0.9741059319757335
76561198427634068,0,0.00718323839828372,2,0.9741059319757335
76561198809236247,0,0.00397947384044528,2,0.9741059319757335
76561198372036235,0,0.005570146720856428,2,0.9741059319757335
76561198122700836,1,0.9927828311920166,2,0.9741059319757335
76561198065700045,0,0.005108782555907965,2,0.9741059319757335
76561198123280978,0,0.004608761053532362,2,0.9741059319757335
76561198119623043,0,0.005514976568520069,2,0.9741059319757335
76561198031595168,0,0.024893896654248238,2,0.9741059319757335
76561198362531694,0,0.007002087309956551,2,0.9741059319757335
76561198434710083,0,0.009141232818365097,2,0.9741059319757335
76561199771041168,0,0.9787736535072327,2,0.9741059319757335
76561198084120661,0,0.00394369475543499,2,0.9741059319757335
76561198040783394,0,0.0072432272136211395,2,0.9741059319757335
76561198998624123,0,0.10909311473369598,2,0.9741059319757335
76561198066044232,0,0.00706868339329958,2,0.9741059319757335
76561198359748068,0,0.004337502643465996,2,0.9741059319757335
76561198205481680,0,0.029664944857358932,2,0.9741059319757335
76561199679208157,0,0.038523685187101364,2,0.9741059319757335
76561198048126094,0,0.00716279586777091,2,0.9741059319757335
76561199198630746,0,0.013812242075800896,2,0.9741059319757335
76561199445297400,0,0.19957366585731506,2,0.9741059319757335
76561198150720467,0,0.006549172103404999,2,0.9741059319757335
76561199567456798,0,0.9476727843284607,2,0.9741059319757335
76561198028690361,0,0.14241060614585876,2,0.9741059319757335
76561198164019429,0,0.006293286103755236,2,0.9741059319757335
76561199224401263,0,0.9864382743835449,2,0.9741059319757335
76561199080831533,0,0.04934427887201309,2,0.9741059319757335
76561199207022578,0,0.160350039601326,2,0.9741059319757335
76561198020254092,0,0.8673283457756042,2,0.9741059319757335
76561199122561343,0,0.3460017740726471,2,0.9741059319757335
76561198002216004,0,0.020829888060688972,2,0.9741059319757335
76561199473536942,0,0.004440037999302149,2,0.9741059319757335
76561198869884688,0,0.006317842286080122,2,0.9741059319757335
76561198078735472,0,0.011651912704110146,2,0.9741059319757335
76561198006646198,0,0.755153238773346,2,0.9741059319757335
76561198892075132,0,0.007729742210358381,2,0.9741059319757335
76561198154552006,0,0.006593025289475918,2,0.9741059319757335
76561197977277563,0,0.004667362198233604,2,0.9741059319757335
76561198825809258,0,0.9853308200836182,2,0.9741059319757335
76561199095361352,0,0.0168039221316576,2,0.9741059319757335
76561199097078170,0,0.03693680837750435,2,0.9741059319757335
76561198837924426,0,0.004799239803105593,2,0.9741059319757335
76561198376472803,0,0.6038534641265869,2,0.9741059319757335
76561198136645002,0,0.623635470867157,2,0.9741059319757335
76561199209826807,0,0.0037281534168869257,2,0.9741059319757335
76561199078562155,0,0.004764891229569912,2,0.9741059319757335
76561199198782711,0,0.016654284670948982,2,0.9741059319757335
76561198302177987,0,0.009117634035646915,2,0.9741059319757335
76561199101429652,0,0.0044277748093008995,2,0.9741059319757335
76561198912819588,0,0.005043999291956425,2,0.9741059319757335
76561198118446814,0,0.004281340166926384,2,0.9741059319757335
76561199154245872,0,0.985815167427063,2,0.9741059319757335
76561198177019930,0,0.06414424628019333,2,0.9741059319757335
76561197992176324,0,0.01524929516017437,2,0.9741059319757335
76561198379100416,0,0.004420474637299776,2,0.9741059319757335
76561198258124502,0,0.07223544269800186,2,0.9741059319757335
76561198066957898,0,0.004574943333864212,2,0.9741059319757335
76561198847985407,0,0.005268553737550974,2,0.9741059319757335
76561199011297559,0,0.0066313110291957855,2,0.9741059319757335
76561199226383216,0,0.02384059689939022,2,0.9741059319757335
76561198023177087,0,0.00613175705075264,2,0.9741059319757335
76561198087332905,0,0.031668052077293396,2,0.9741059319757335
76561199110383769,0,0.006548338104039431,2,0.9741059319757335
76561198067961180,0,0.19030162692070007,2,0.9741059319757335
76561199233678869,0,0.00857086293399334,2,0.9741059319757335
76561198190076734,0,0.06696715205907822,2,0.9741059319757335
76561199330975337,0,0.0045039053075015545,2,0.9741059319757335
76561198113528916,0,0.004222419578582048,2,0.9741059319757335
76561198437270480,0,0.004055699333548546,2,0.9741059319757335
76561198126933752,0,0.00644263718277216,2,0.9741059319757335
76561197984465758,0,0.004408599808812141,2,0.9741059319757335
76561198425892830,0,0.0050713540986180305,2,0.9741059319757335
76561198424522869,0,0.00689534330740571,2,0.9741059319757335
76561198268694768,0,0.004799239803105593,2,0.9741059319757335
76561198040777167,0,0.005364138633012772,2,0.9741059319757335
76561198290540433,0,0.010384324938058853,2,0.9741059319757335
76561198029336080,0,0.005011640023440123,2,0.9741059319757335
76561199508954175,0,0.006163794081658125,2,0.9741059319757335
76561198257501362,0,0.005860099568963051,2,0.9741059319757335
76561198161715222,0,0.004041753709316254,2,0.9741059319757335
76561198109888076,0,0.0047220503911376,2,0.9741059319757335
76561197967715823,0,0.003907935228198767,2,0.9741059319757335
76561199386841522,0,0.004451083950698376,2,0.9741059319757335
76561198343631198,0,0.006076594348996878,2,0.9741059319757335
76561199081497980,0,0.0042463247664272785,2,0.9741059319757335
76561199177675462,0,0.0041405693627893925,2,0.9741059319757335
76561199095684233,1,0.9910869002342224,2,0.9741059319757335
76561198246110540,1,0.9814767241477966,2,0.9741059319757335
76561198984743532,0,0.0066888895817101,2,0.9741059319757335
76561199486632042,0,0.007688106037676334,2,0.9741059319757335
76561198105226663,0,0.006739560980349779,2,0.9741059319757335
76561199073859486,0,0.004703193437308073,2,0.9741059319757335
76561199155000413,0,0.008983428589999676,2,0.9741059319757335
76561198863427584,0,0.006382850930094719,2,0.9741059319757335
76561198014753603,0,0.9663504362106323,2,0.9741059319757335
76561198333504995,0,0.004368131048977375,2,0.9741059319757335
76561199691005469,0,0.9682503342628479,2,0.9741059319757335
76561198145314469,0,0.0908110961318016,2,0.9741059319757335
76561198963268348,0,0.04988570138812065,2,0.9741059319757335
76561198136246793,0,0.0071663022972643375,2,0.9741059319757335
76561199123627925,0,0.8925193548202515,2,0.9741059319757335
76561198118068798,0,0.042038463056087494,2,0.9741059319757335
76561198167790204,0,0.006694331299513578,2,0.9741059319757335
76561199084342022,0,0.006893566809594631,2,0.9741059319757335
76561198035407118,0,0.004566857125610113,2,0.9741059319757335
76561199735863047,0,0.005747310817241669,2,0.9741059319757335
76561198301239758,0,0.005358071066439152,2,0.9741059319757335
76561198013668932,0,0.004980956204235554,2,0.9741059319757335
76561199631646366,0,0.004484165925532579,2,0.9741059319757335
76561198070909543,0,0.004084268119186163,2,0.9741059319757335
76561198848943526,0,0.8342291712760925,2,0.9741059319757335
76561199319589640,0,0.004858441185206175,2,0.9741059319757335
76561199046205033,0,0.43006300926208496,2,0.9741059319757335
76561198010800416,1,0.8585377931594849,2,0.9741059319757335
76561199440082452,0,0.004319401923567057,2,0.9741059319757335
76561198282950493,0,0.007595686707645655,2,0.9741059319757335
76561198020945761,1,0.9682802557945251,2,0.9741059319757335
76561197991230351,0,0.9817297458648682,2,0.9741059319757335
76561198006297440,0,0.028166858479380608,2,0.9741059319757335
76561197997398562,0,0.004799239803105593,2,0.9741059319757335
76561198021888529,0,0.38494062423706055,2,0.9741059319757335
76561199071140192,0,0.07571281492710114,2,0.9741059319757335
76561199405480520,0,0.8292414546012878,2,0.9741059319757335
76561198382088213,0,0.3253968060016632,2,0.9741059319757335
76561198083985886,0,0.0070609659887850285,2,0.9741059319757335
76561198407562713,0,0.26774224638938904,2,0.9741059319757335
76561198075642186,0,0.0063214413821697235,2,0.9741059319757335
76561198147355334,1,0.9923432469367981,2,0.9741059319757335
76561198318790610,0,0.18771536648273468,2,0.9741059319757335
76561198242876034,0,0.5134057998657227,2,0.9741059319757335
76561199146130032,1,0.9554845690727234,2,0.9741059319757335
76561198994255882,1,0.9929797053337097,2,0.9741059319757335
76561198028429653,0,0.013241537846624851,2,0.9741059319757335
76561198860018774,1,0.9915215969085693,2,0.9741059319757335
76561198983777986,0,0.004408599808812141,2,0.9741059319757335
76561199084519001,0,0.39834266901016235,2,0.9741059319757335
76561197970722969,0,0.948563814163208,2,0.9741059319757335
76561199111166743,0,0.006148704327642918,2,0.9741059319757335
76561199488133574,0,0.06960888206958771,2,0.9741059319757335
76561199046707468,0,0.06488985568284988,2,0.9741059319757335
76561199519122118,0,0.06936030089855194,2,0.9741059319757335
76561198084375377,0,0.9100528955459595,2,0.9741059319757335
76561198041616894,0,0.011148786172270775,2,0.9741059319757335
76561198008966593,0,0.006063616834580898,2,0.9741059319757335
76561198126108853,0,0.011989817023277283,2,0.9741059319757335
76561198142449991,1,0.9928765892982483,2,0.9741059319757335
76561199481508960,0,0.3748365342617035,2,0.9741059319757335
76561199036255848,0,0.9925110340118408,2,0.9741059319757335
76561199066478745,0,0.004428712651133537,2,0.9741059319757335
76561199057674934,0,0.005392436403781176,2,0.9741059319757335
76561198051636567,0,0.00559577252715826,2,0.9741059319757335
76561198042948447,0,0.09959918260574341,2,0.9741059319757335
76561198053789656,0,0.004128333646804094,2,0.9741059319757335
76561197980036314,0,0.011930813081562519,2,0.9741059319757335
76561197971293573,0,0.9740532636642456,2,0.9741059319757335
76561198183039775,0,0.004953461233526468,2,0.9741059319757335
76561198278195478,0,0.004234007094055414,2,0.9741059319757335
76561199074094423,0,0.4211379587650299,2,0.9741059319757335
76561197972660614,0,0.005266744643449783,2,0.9741059319757335
76561199106369660,0,0.008653471246361732,2,0.9741059319757335
76561198112808203,0,0.004113172646611929,2,0.9741059319757335
76561198819736863,0,0.006183992139995098,2,0.9741059319757335
76561198009304363,0,0.016554363071918488,2,0.9741059319757335
76561198952584798,0,0.017610015347599983,2,0.9741059319757335
76561198018661209,0,0.9827950596809387,2,0.9741059319757335
76561199005851464,0,0.011573608964681625,2,0.9741059319757335
76561198984096322,0,0.014276377856731415,2,0.9741059319757335
76561198988238424,0,0.015085135586559772,2,0.9741059319757335
76561198144961143,0,0.7988651394844055,2,0.9741059319757335
76561199406356683,0,0.004251795820891857,2,0.9741059319757335
76561198142332017,0,0.011202254332602024,2,0.9741059319757335
76561198080129286,0,0.5879504084587097,2,0.9741059319757335
76561198106360254,0,0.014080113731324673,2,0.9741059319757335
76561199192452225,0,0.006183992139995098,2,0.9741059319757335
76561199385713279,0,0.00446708220988512,2,0.9741059319757335
76561198043913788,0,0.03480619192123413,2,0.9741059319757335
76561198053028568,0,0.0046442109160125256,2,0.9741059319757335
76561198082750259,0,0.04959338530898094,2,0.9741059319757335
76561198833449127,0,0.007918154820799828,2,0.9741059319757335
76561199194804636,0,0.7514423727989197,2,0.9741059319757335
76561198128586256,0,0.004656325560063124,2,0.9741059319757335
76561198066694950,0,0.01530661340802908,2,0.9741059319757335
76561198045547745,0,0.00967225432395935,2,0.9741059319757335
76561199225016982,0,0.005137958563864231,2,0.9741059319757335
76561198971454152,0,0.003896062495186925,2,0.9741059319757335
76561198029979075,0,0.004466927610337734,2,0.9741059319757335
76561199179497050,0,0.004403985105454922,2,0.9741059319757335
76561199081110973,0,0.006185273639857769,2,0.9741059319757335
76561199046297431,0,0.004120781552046537,2,0.9741059319757335
76561198843843446,0,0.004229361657053232,2,0.9741059319757335
76561199111183011,0,0.017170198261737823,2,0.9741059319757335
76561198455271464,0,0.007715134881436825,2,0.9741059319757335
76561198172522022,0,0.004167577717453241,2,0.9741059319757335
76561198031424148,0,0.0055777532979846,2,0.9741059319757335
76561198130579888,0,0.0042502861469984055,2,0.9741059319757335
76561198025319328,0,0.008233855478465557,2,0.9741059319757335
76561199216399785,0,0.003327851416543126,2,0.9741059319757335
76561198050228286,0,0.13430503010749817,2,0.9741059319757335
76561199121761130,0,0.006200313568115234,2,0.9741059319757335
76561198018708557,0,0.00532895140349865,2,0.9741059319757335
76561198073189241,0,0.008966014720499516,2,0.9741059319757335
76561198057073533,0,0.327924907207489,2,0.9741059319757335
76561198037315456,0,0.9431934952735901,2,0.9741059319757335
76561198872347363,0,0.2686128616333008,2,0.9741059319757335
76561198382597109,0,0.004575622733682394,2,0.9741059319757335
76561198371119279,0,0.841377854347229,2,0.9741059319757335
76561198070684007,0,0.032136447727680206,2,0.9741059319757335
76561199234898889,0,0.005805121269077063,2,0.9741059319757335
76561199188479496,0,0.006183992139995098,2,0.9741059319757335
76561199003624779,0,0.008737331256270409,2,0.9741059319757335
76561198007214453,1,0.6009500622749329,2,0.9741059319757335
76561199121522780,0,0.9884207248687744,2,0.9741059319757335
76561198104646520,0,0.004186328500509262,2,0.9741059319757335
76561199009398078,0,0.08554481714963913,2,0.9741059319757335
76561198027848785,0,0.25072184205055237,2,0.9741059319757335
76561199177011701,0,0.9145663976669312,2,0.9741059319757335
76561198390744076,0,0.40485435724258423,2,0.9741059319757335
76561199521209812,1,0.9927512407302856,2,0.9741059319757335
76561199235941667,0,0.4833487272262573,2,0.9741059319757335
76561199058837403,0,0.00468440493568778,2,0.9741059319757335
76561198113277817,0,0.01647685095667839,2,0.9741059319757335
76561197973395096,0,0.00784898642450571,2,0.9741059319757335
76561198126525271,0,0.8704787492752075,2,0.9741059319757335
76561198291513659,0,0.6165993213653564,2,0.9741059319757335
76561198358613893,0,0.044167596846818924,2,0.9741059319757335
76561198327626629,0,0.6203770637512207,2,0.9741059319757335
76561199111342438,0,0.004120781552046537,2,0.9741059319757335
76561198069813719,0,0.004718906711786985,2,0.9741059319757335
76561198411222070,0,0.00697703380137682,2,0.9741059319757335
76561199485999062,0,0.2197141945362091,2,0.9741059319757335
76561198065632152,0,0.004824604839086533,2,0.9741059319757335
76561198971562212,0,0.004548131953924894,2,0.9741059319757335
76561197965574596,0,0.022645382210612297,2,0.9741059319757335
76561198099735590,0,0.010787059552967548,2,0.9741059319757335
76561198359941658,0,0.008797600865364075,2,0.9741059319757335
76561198070070252,0,0.00769759202376008,2,0.9741059319757335
76561199240390360,0,0.011481042020022869,2,0.9741059319757335
76561198845203643,0,0.01591390371322632,2,0.9741059319757335
76561198819265262,0,0.09793917834758759,2,0.9741059319757335
76561198408905254,0,0.006205352023243904,2,0.9741059319757335
76561198103744633,0,0.007057460490614176,2,0.9741059319757335
76561198062870259,0,0.07613183557987213,2,0.9741059319757335
76561198094047041,0,0.49453991651535034,2,0.9741059319757335
76561198010316795,0,0.0065600997768342495,2,0.9741059319757335
76561197970794629,0,0.9544054269790649,2,0.9741059319757335
76561197964142626,0,0.01517393533140421,2,0.9741059319757335
76561198005055340,0,0.013329938985407352,2,0.9741059319757335
76561199655711173,0,0.004408599808812141,2,0.9741059319757335
76561199122664645,0,0.8289770483970642,2,0.9741059319757335
76561199444723355,0,0.0041208225302398205,2,0.9741059319757335
76561199256507409,0,0.004957618657499552,2,0.9741059319757335
76561198084636449,0,0.0038933230098336935,2,0.9741059319757335
76561198060211421,0,0.9830694198608398,2,0.9741059319757335
76561199106935599,0,0.010457710362970829,2,0.9741059319757335
76561198877426850,0,0.004343156702816486,2,0.9741059319757335
76561198068736988,0,0.004905691836029291,2,0.9741059319757335
76561198118975131,1,0.9898523688316345,2,0.9741059319757335
76561198847389333,0,0.30115842819213867,2,0.9741059319757335
76561199448768524,0,0.006137658841907978,2,0.9741059319757335
76561199744731342,0,0.0054458752274513245,2,0.9741059319757335
76561199528659404,0,0.08723483979701996,2,0.9741059319757335
76561198071699039,0,0.2482798993587494,2,0.9741059319757335
76561198238805082,0,0.004548131953924894,2,0.9741059319757335
76561199124326937,0,0.006283455528318882,2,0.9741059319757335
76561198375173691,0,0.004304630681872368,2,0.9741059319757335
76561198066475483,0,0.006073963362723589,2,0.9741059319757335
76561199516089038,0,0.009587966836988926,2,0.9741059319757335
76561199174740953,0,0.008324552327394485,2,0.9741059319757335
76561198976253703,0,0.004552321974188089,2,0.9741059319757335
76561198159627014,0,0.00554439052939415,2,0.9741059319757335
76561198851511243,0,0.00979354977607727,2,0.9741059319757335
76561198848228162,0,0.020263085141777992,2,0.9741059319757335
76561198041037098,0,0.00642584590241313,2,0.9741059319757335
76561199378947450,0,0.005151704419404268,2,0.9741059319757335
76561199085076198,0,0.004576509352773428,2,0.9741059319757335
76561198871470023,0,0.08032522350549698,2,0.9741059319757335
76561198087957275,0,0.006482373457401991,2,0.9741059319757335
76561199093534399,0,0.004590834025293589,2,0.9741059319757335
76561199744016121,0,0.008186550810933113,2,0.9741059319757335
76561198868119295,0,0.037290867418050766,2,0.9741059319757335
76561199104253126,0,0.0046505676582455635,2,0.9741059319757335
76561199186605225,0,0.006995833944529295,2,0.9741059319757335
76561198859667859,0,0.010112673044204712,2,0.9741059319757335
76561198092685034,0,0.006549780257046223,2,0.9741059319757335
76561198827864029,0,0.007265941239893436,2,0.9741059319757335
76561198178544609,0,0.004842322785407305,2,0.9741059319757335
76561198965096923,0,0.006338329985737801,2,0.9741059319757335
76561198047752155,0,0.004601086489856243,2,0.9741059319757335
76561199012034242,1,0.9902357459068298,2,0.9741059319757335
76561198000807394,0,0.9135488867759705,2,0.9741059319757335
76561197983951132,0,0.07491932064294815,2,0.9741059319757335
76561199070600549,0,0.016485940665006638,2,0.9741059319757335
76561198835268581,1,0.9831970930099487,2,0.9741059319757335
76561198199926637,0,0.6262115240097046,2,0.9741059319757335
76561198404516084,0,0.007442346774041653,2,0.9741059319757335
76561198062687839,0,0.004310408607125282,2,0.9741059319757335
76561199126493156,0,0.6037957668304443,2,0.9741059319757335
76561199255675452,0,0.008402736857533455,2,0.9741059319757335
76561198023631799,0,0.09194309264421463,2,0.9741059319757335
76561198079618416,0,0.14386577904224396,2,0.9741059319757335
76561197971284719,0,0.0045776222832500935,2,0.9741059319757335
76561198032630006,0,0.004594543948769569,2,0.9741059319757335
76561199147841882,0,0.058753084391355515,2,0.9741059319757335
76561198049989172,0,0.21229010820388794,2,0.9741059319757335
76561198032163126,1,0.9914229512214661,2,0.9741059319757335
76561198289477589,0,0.9358925223350525,2,0.9741059319757335
76561199101827860,0,0.015741238370537758,2,0.9741059319757335
76561198080560688,0,0.0129189882427454,2,0.9741059319757335
76561198095684384,0,0.9569365382194519,2,0.9741059319757335
76561198006668610,0,0.736231803894043,2,0.9741059319757335
76561198007529485,1,0.4681110084056854,2,0.9741059319757335
76561199067386591,0,0.08862815797328949,2,0.9741059319757335
76561198349392641,0,0.007867329753935337,2,0.9741059319757335
76561198127226700,0,0.005708361975848675,2,0.9741059319757335
76561199034714594,0,0.06220688298344612,2,0.9741059319757335
76561198880637224,1,0.09121611714363098,2,0.9741059319757335
76561198224785716,0,0.1524018496274948,2,0.9741059319757335
76561198394651159,0,0.008303957991302013,2,0.9741059319757335
76561198987449145,0,0.0068254671059548855,2,0.9741059319757335
76561198374192218,0,0.017866266891360283,2,0.9741059319757335
76561198809552756,0,0.007496947888284922,2,0.9741059319757335
76561198881016586,0,0.03265334665775299,2,0.9741059319757335
76561198278203940,0,0.24948720633983612,2,0.9741059319757335
76561198247225606,0,0.005732406862080097,2,0.9741059319757335
76561199050945351,0,0.02647673711180687,2,0.9741059319757335
76561199236670811,0,0.3704351484775543,2,0.9741059319757335
76561199230275945,0,0.7782236337661743,2,0.9741059319757335
76561199372076535,0,0.008956601843237877,2,0.9741059319757335
76561199404657694,0,0.0611848384141922,2,0.9741059319757335
76561199099411137,0,0.005171664524823427,2,0.9741059319757335
76561198342338317,0,0.8214004635810852,2,0.9741059319757335
76561198022462393,0,0.00474243750795722,2,0.9741059319757335
76561198427010361,0,0.8046277761459351,2,0.9741059319757335
76561197984217105,0,0.004167577717453241,2,0.9741059319757335
76561198374409004,0,0.005612335167825222,2,0.9741059319757335
76561198405129322,1,0.9861759543418884,2,0.9741059319757335
76561198008891864,0,0.18015949428081512,2,0.9741059319757335
76561198063317358,0,0.01058935560286045,2,0.9741059319757335
76561199160706394,0,0.005317463539540768,2,0.9741059319757335
76561198023123176,0,0.004998123738914728,2,0.9741059319757335
76561199382537120,0,0.1102997213602066,2,0.9741059319757335
76561197984389163,0,0.8537618517875671,2,0.9741059319757335
76561198050948897,0,0.0050858608447015285,2,0.9741059319757335
76561198797657437,1,0.9612738490104675,2,0.9741059319757335
76561198022725996,0,0.012761903926730156,2,0.9741059319757335
76561198817942475,0,0.00999076571315527,2,0.9741059319757335
76561198099491512,0,0.9348224997520447,2,0.9741059319757335
76561198315686279,1,0.9903790950775146,2,0.9741059319757335
76561199230028014,0,0.005240037105977535,2,0.9741059319757335
76561198116796685,0,0.008661282248795033,2,0.9741059319757335
76561198100817553,0,0.4080018699169159,2,0.9741059319757335
76561198802446401,0,0.08229757100343704,2,0.9741059319757335
76561198272704678,0,0.0037113800644874573,2,0.9741059319757335
76561198065942363,0,0.5325957536697388,2,0.9741059319757335
76561198071723256,0,0.006389143876731396,2,0.9741059319757335
76561198008562657,0,0.004828131292015314,2,0.9741059319757335
76561199161892425,0,0.030466284602880478,2,0.9741059319757335
76561198190775581,0,0.019372116774320602,2,0.9741059319757335
76561197964924011,0,0.10020051151514053,2,0.9741059319757335
76561198206902972,0,0.0043017808347940445,2,0.9741059319757335
76561198154287018,0,0.00506206788122654,2,0.9741059319757335
76561199465376019,0,0.9805404543876648,2,0.9741059319757335
76561198084539451,0,0.013804768212139606,2,0.9741059319757335
76561198050866083,0,0.004433091729879379,2,0.9741059319757335
76561197975395554,0,0.004232131876051426,2,0.9741059319757335
76561198297501353,0,0.004674264695495367,2,0.9741059319757335
76561199560036383,0,0.017346452921628952,2,0.9741059319757335
76561198319538324,0,0.004337918478995562,2,0.9741059319757335
76561198977601339,0,0.05914689600467682,2,0.9741059319757335
76561198301639568,0,0.005658309441059828,2,0.9741059319757335
76561197971158097,0,0.004541901405900717,2,0.9741059319757335
76561198160610248,0,0.005572611931711435,2,0.9741059319757335
76561199363325426,0,0.014849209226667881,2,0.9741059319757335
76561199229714959,0,0.005670157726854086,2,0.9741059319757335
76561198879493467,0,0.008977259509265423,2,0.9741059319757335
76561198903150484,0,0.01300134789198637,2,0.9741059319757335
76561198039756316,0,0.0044355206191539764,2,0.9741059319757335
76561198982886808,0,0.9783586859703064,2,0.9741059319757335
76561198309304782,0,0.008942488580942154,2,0.9741059319757335
76561198333820187,0,0.005265026353299618,2,0.9741059319757335
76561198958744757,0,0.004709667060524225,2,0.9741059319757335
76561198888867235,0,0.004304630681872368,2,0.9741059319757335
76561198865449260,0,0.009011064656078815,2,0.9741059319757335
76561198999234247,0,0.055911146104335785,2,0.9741059319757335
76561198015082421,0,0.006196307949721813,2,0.9741059319757335
76561199579555903,0,0.008592582307755947,2,0.9741059319757335
76561199067695208,0,0.003941374830901623,2,0.9741059319757335
76561199099834053,0,0.00587253924459219,2,0.9741059319757335
76561198067069578,0,0.006312256213277578,2,0.9741059319757335
76561199225538011,0,0.008283478207886219,2,0.9741059319757335
76561198095639302,0,0.005289264023303986,2,0.9741059319757335
76561198153200887,0,0.004447412211447954,2,0.9741059319757335
76561198050863125,0,0.013458002358675003,2,0.9741059319757335
76561198062827393,0,0.0044347969815135,2,0.9741059319757335
76561198831886627,0,0.008313979022204876,2,0.9741059319757335
76561198153199881,1,0.3878578245639801,2,0.9741059319757335
76561199384372016,0,0.007077953312546015,2,0.9741059319757335
76561198438994715,0,0.004122122190892696,2,0.9741059319757335
76561198010428658,0,0.008349324576556683,2,0.9741059319757335
76561198039868104,1,0.6685577630996704,2,0.9741059319757335
76561199338872801,0,0.006138438358902931,2,0.9741059319757335
76561198170249801,0,0.008622304536402225,2,0.9741059319757335
76561198084698981,0,0.0072293467819690704,2,0.9741059319757335
76561198834446899,0,0.0036980812437832355,2,0.9741059319757335
76561199093253720,0,0.785286009311676,2,0.9741059319757335
76561198037208722,0,0.03407881036400795,2,0.9741059319757335
76561198040746513,0,0.004973314236849546,2,0.9741059319757335
76561198077943171,0,0.15286435186862946,2,0.9741059319757335
76561199229681602,1,0.983326256275177,2,0.9741059319757335
76561197961223370,1,0.9636583924293518,2,0.9741059319757335
76561198950624442,0,0.005392525345087051,2,0.9741059319757335
76561197999520298,1,0.9873644709587097,2,0.9741059319757335
76561199488622881,0,0.7485731244087219,2,0.9741059319757335
76561199082310230,0,0.028167733922600746,2,0.9741059319757335
76561198119275069,0,0.03829379752278328,2,0.9741059319757335
76561199467176820,0,0.0099153071641922,2,0.9741059319757335
76561198028225102,0,0.12061150372028351,2,0.9741059319757335
76561198093586477,0,0.784579873085022,2,0.9741059319757335
76561199336855113,0,0.006768048740923405,2,0.9741059319757335
76561198225147704,0,0.06017618998885155,2,0.9741059319757335
76561199006532111,0,0.009182113222777843,2,0.9741059319757335
76561199015242228,0,0.9654180407524109,2,0.9741059319757335
76561198800291905,0,0.7858309745788574,2,0.9741059319757335
76561198105381998,0,0.005202969536185265,2,0.9741059319757335
76561198034437721,0,0.8167209625244141,2,0.9741059319757335
76561198150300013,0,0.004644966684281826,2,0.9741059319757335
76561198029905573,0,0.007990904152393341,2,0.9741059319757335
76561199086890186,0,0.016575267538428307,2,0.9741059319757335
76561199231802617,0,0.02043546363711357,2,0.9741059319757335
76561197993346955,0,0.004476732574403286,2,0.9741059319757335
76561199217619605,0,0.005637929309159517,2,0.9741059319757335
76561199073351314,0,0.03233513981103897,2,0.9741059319757335
76561199075396007,0,0.006076594348996878,2,0.9741059319757335
76561199231989141,0,0.004147094674408436,2,0.9741059319757335
76561198043695670,0,0.004413658753037453,2,0.9741059319757335
76561199103825872,0,0.010343366302549839,2,0.9741059319757335
76561198100623185,0,0.004573043901473284,2,0.9741059319757335
76561199012557538,0,0.017776096239686012,2,0.9741059319757335
76561199175339296,0,0.9803211688995361,2,0.9741059319757335
76561199048895034,0,0.9059106707572937,2,0.9741059319757335
76561199451936769,0,0.012795276939868927,2,0.9741059319757335
76561199046277304,0,0.005257754120975733,2,0.9741059319757335
76561198084305658,0,0.013683117926120758,2,0.9741059319757335
76561198354167520,0,0.006748830899596214,2,0.9741059319757335
76561199108138048,0,0.004381005652248859,2,0.9741059319757335
76561198252211704,0,0.004060565959662199,2,0.9741059319757335
76561198058085357,0,0.030186383053660393,2,0.9741059319757335
76561198154089906,0,0.2993977665901184,2,0.9741059319757335
76561199084806288,0,0.9545519351959229,2,0.9741059319757335
76561198316714870,0,0.10898532718420029,2,0.9741059319757335
76561198078021916,0,0.005661421455442905,2,0.9741059319757335
76561199527323181,0,0.007550881709903479,2,0.9741059319757335
76561198378356918,0,0.04074931889772415,2,0.9741059319757335
76561198112167876,0,0.4023106098175049,2,0.9741059319757335
76561199079665368,0,0.007576000411063433,2,0.9741059319757335
76561199216108627,0,0.004148930311203003,2,0.9741059319757335
76561198312330637,0,0.01212265994399786,2,0.9741059319757335
76561198803704393,0,0.0037682768888771534,2,0.9741059319757335
76561199122125678,0,0.004288827069103718,2,0.9741059319757335
76561198018276770,0,0.0065475162118673325,2,0.9741059319757335
76561197969806777,0,0.00435155164450407,2,0.9741059319757335
76561198952991233,0,0.02040773257613182,2,0.9741059319757335
76561199017558667,0,0.005752250086516142,2,0.9741059319757335
76561198435898080,0,0.004010855220258236,2,0.9741059319757335
76561198440133546,0,0.21228821575641632,2,0.9741059319757335
76561198290951036,0,0.4438912868499756,2,0.9741059319757335
76561198060415134,0,0.5070069432258606,2,0.9741059319757335
76561197988385497,0,0.005584306083619595,2,0.9741059319757335
76561198040106848,0,0.010999863035976887,2,0.9741059319757335
76561198153364660,0,0.08225864917039871,2,0.9741059319757335
76561199387440714,0,0.03313210979104042,2,0.9741059319757335
76561198052152816,0,0.0038819811306893826,2,0.9741059319757335
76561198114989074,0,0.9870584607124329,2,0.9741059319757335
76561199586915997,0,0.0038949595764279366,2,0.9741059319757335
76561198409783331,0,0.06872545182704926,2,0.9741059319757335
76561198115763381,0,0.03378989174962044,2,0.9741059319757335
76561198012531233,0,0.04171173647046089,2,0.9741059319757335
76561199052047906,0,0.012636997736990452,2,0.9741059319757335
76561198869605383,0,0.684447169303894,2,0.9741059319757335
76561199170863878,0,0.0042406124994158745,2,0.9741059319757335
76561198047866376,0,0.8232638239860535,2,0.9741059319757335
76561198997907684,0,0.9063163995742798,2,0.9741059319757335
76561198042132182,0,0.2666219472885132,2,0.9741059319757335
76561198850481028,0,0.346125990152359,2,0.9741059319757335
76561198026583239,0,0.013554725795984268,2,0.9741059319757335
76561198107052834,0,0.005169116426259279,2,0.9741059319757335
76561198055353686,0,0.0191433634608984,2,0.9741059319757335
76561198868616007,0,0.006672700401395559,2,0.9741059319757335
76561198124739733,0,0.9354654550552368,2,0.9741059319757335
76561199139112298,0,0.010720123536884785,2,0.9741059319757335
76561198871771598,0,0.9846958518028259,2,0.9741059319757335
76561198303559352,0,0.11079581826925278,2,0.9741059319757335
76561198014242555,0,0.029466452077031136,2,0.9741059319757335
76561198106165496,0,0.01627087965607643,2,0.9741059319757335
76561198033022327,0,0.004930512048304081,2,0.9741059319757335
76561197993046813,0,0.005114126950502396,2,0.9741059319757335
76561199024304589,0,0.004120781552046537,2,0.9741059319757335
76561198272510463,0,0.006315465550869703,2,0.9741059319757335
76561198088820905,0,0.004785917233675718,2,0.9741059319757335
76561198437002759,0,0.03340732678771019,2,0.9741059319757335
76561199164572331,0,0.004129981622099876,2,0.9741059319757335
76561199239854231,0,0.015871921554207802,2,0.9741059319757335
76561198076127394,0,0.6975252032279968,2,0.9741059319757335
76561198184746946,0,0.8124262094497681,2,0.9741059319757335
76561198286664710,0,0.004820023197680712,2,0.9741059319757335
76561198054726180,0,0.0214979387819767,2,0.9741059319757335
76561198226054300,0,0.9773304462432861,2,0.9741059319757335
76561199540588974,0,0.004958832170814276,2,0.9741059319757335
76561198134640443,0,0.24506284296512604,2,0.9741059319757335
76561198103279797,0,0.0047211493365466595,2,0.9741059319757335
76561198408825915,0,0.00610969727858901,2,0.9741059319757335
76561198035783107,0,0.05003294348716736,2,0.9741059319757335
76561199236930158,0,0.008505984209477901,2,0.9741059319757335
76561198247360170,0,0.01164073683321476,2,0.9741059319757335
76561198202744192,0,0.007324661128222942,2,0.9741059319757335
76561198233200588,0,0.009812045842409134,2,0.9741059319757335
76561198080002160,0,0.009538951329886913,2,0.9741059319757335
76561198152166474,0,0.013576504774391651,2,0.9741059319757335
76561198765145859,0,0.007978655397891998,2,0.9741059319757335
76561199220756983,0,0.004547998309135437,2,0.9741059319757335
76561199014325956,0,0.509753406047821,2,0.9741059319757335
76561198148590646,1,0.9789294600486755,2,0.9741059319757335
76561199057990039,0,0.006317842286080122,2,0.9741059319757335
76561198996333305,0,0.004408599808812141,2,0.9741059319757335
76561199405455374,0,0.01679106429219246,2,0.9741059319757335
76561198143140790,0,0.5075088143348694,2,0.9741059319757335
76561198263770468,0,0.028097087517380714,2,0.9741059319757335
76561199144919087,0,0.017733825370669365,2,0.9741059319757335
76561199247295108,0,0.886573076248169,2,0.9741059319757335
76561198086588377,0,0.011233443394303322,2,0.9741059319757335
76561198141934907,0,0.007022320758551359,2,0.9741059319757335
76561199045152223,0,0.0069228122010827065,2,0.9741059319757335
76561198325467760,0,0.003807184286415577,2,0.9741059319757335
76561199092421587,0,0.004318321123719215,2,0.9741059319757335
76561198853588018,0,0.006206057965755463,2,0.9741059319757335
76561199757067787,0,0.004167577717453241,2,0.9741059319757335
76561198305478126,0,0.009810790419578552,2,0.9741059319757335
76561198056859054,0,0.008788998238742352,2,0.9741059319757335
76561199223689972,0,0.08131708949804306,2,0.9741059319757335
76561199679891289,0,0.9798027873039246,2,0.9741059319757335
76561198856159087,0,0.008908070623874664,2,0.9741059319757335
76561198308887711,0,0.0065915449522435665,2,0.9741059319757335
76561199790846806,0,0.007243124768137932,2,0.9741059319757335
76561199153937267,0,0.005254238378256559,2,0.9741059319757335
76561198034189188,0,0.00424979766830802,2,0.9741059319757335
76561199004816214,0,0.004942202474921942,2,0.9741059319757335
76561198042212341,0,0.02353081852197647,2,0.9741059319757335
76561198344792824,0,0.005824574735015631,2,0.9741059319757335
76561198860392469,0,0.00481214327737689,2,0.9741059319757335
76561199582851537,0,0.00496555445715785,2,0.9741059319757335
76561198068803389,0,0.004795569460839033,2,0.9741059319757335
76561198279357337,0,0.004408599808812141,2,0.9741059319757335
76561199147961114,0,0.009448143653571606,2,0.9741059319757335
76561198056589838,0,0.0038025989197194576,2,0.9741059319757335
76561198032404859,0,0.08256906270980835,2,0.9741059319757335
76561198432660216,0,0.09221956133842468,2,0.9741059319757335
76561198318848048,1,0.9803029298782349,2,0.9741059319757335
76561199100416928,0,0.004530285019427538,2,0.9741059319757335
76561198809451788,0,0.4725455343723297,2,0.9741059319757335
76561198390965101,0,0.0038933062460273504,2,0.9741059319757335
76561198415348139,0,0.833953320980072,2,0.9741059319757335
76561198390199990,0,0.026970023289322853,2,0.9741059319757335
76561198880699273,1,0.991954505443573,2,0.9741059319757335
76561198342799718,0,0.00573318125680089,2,0.9741059319757335
76561198165255407,0,0.00753483921289444,2,0.9741059319757335
76561198137719707,0,0.012532061897218227,2,0.9741059319757335
76561198413364504,0,0.028911223635077477,2,0.9741059319757335
76561198181888683,0,0.9744946956634521,2,0.9741059319757335
76561198053818537,0,0.9867196679115295,2,0.9741059319757335
76561198161218851,0,0.004861960653215647,2,0.9741059319757335
76561198216174445,0,0.07278996706008911,2,0.9741059319757335
76561198817129999,0,0.005619144067168236,2,0.9741059319757335
76561198397942758,0,0.011880915611982346,2,0.9741059319757335
76561198183149542,1,0.9916529059410095,2,0.9741059319757335
76561199226981232,0,0.006653814576566219,2,0.9741059319757335
76561198160517552,1,0.9541652798652649,2,0.9741059319757335
76561199102929769,0,0.012756990268826485,2,0.9741059319757335
76561198170977470,0,0.011013778857886791,2,0.9741059319757335
76561198803633931,0,0.007177014835178852,2,0.9741059319757335
76561199257943248,0,0.03360503539443016,2,0.9741059319757335
76561198123785075,0,0.00965877901762724,2,0.9741059319757335
76561197963309524,0,0.1922304630279541,2,0.9741059319757335
76561199144456759,0,0.00445890799164772,2,0.9741059319757335
76561198000203767,0,0.009169011376798153,2,0.9741059319757335
76561198236671300,0,0.004350380040705204,2,0.9741059319757335
76561199442887890,0,0.00431623263284564,2,0.9741059319757335
76561198040622249,0,0.005592093802988529,2,0.9741059319757335
76561198103639591,0,0.004960312508046627,2,0.9741059319757335
76561199229649436,0,0.007830479182302952,2,0.9741059319757335
76561198851550022,0,0.00566416559740901,2,0.9741059319757335
76561198826012514,0,0.004714725539088249,2,0.9741059319757335
76561198393735388,0,0.005385952070355415,2,0.9741059319757335
76561198016909182,0,0.004873956087976694,2,0.9741059319757335
76561199105833250,0,0.07083028554916382,2,0.9741059319757335
76561198415745298,0,0.47076988220214844,2,0.9741059319757335
76561198043474130,0,0.15751148760318756,2,0.9741059319757335
76561199692972483,0,0.004115507006645203,2,0.9741059319757335
76561198115176399,0,0.004772304557263851,2,0.9741059319757335
76561198030886828,0,0.006018464919179678,2,0.9741059319757335
76561199109566966,0,0.00433467049151659,2,0.9741059319757335
76561198320454981,0,0.005104833748191595,2,0.9741059319757335
76561198406625006,0,0.004799239803105593,2,0.9741059319757335
76561199025992961,0,0.005796527490019798,2,0.9741059319757335
76561198002139785,0,0.8367623686790466,2,0.9741059319757335
76561198149606043,0,0.0047285957261919975,2,0.9741059319757335
76561198102787108,0,0.005937285255640745,2,0.9741059319757335
76561198103455484,0,0.00772088672965765,2,0.9741059319757335
76561199031447987,0,0.057292476296424866,2,0.9741059319757335
76561198008694870,0,0.08447316288948059,2,0.9741059319757335
76561198062925734,0,0.29132676124572754,2,0.9741059319757335
76561198296965560,0,0.004397738259285688,2,0.9741059319757335
76561198028232437,0,0.009184269234538078,2,0.9741059319757335
76561198982057379,0,0.9888707995414734,2,0.9741059319757335
76561199124002551,0,0.037949759513139725,2,0.9741059319757335
76561198799103830,0,0.0054131243377923965,2,0.9741059319757335
76561198331364644,0,0.004880903754383326,2,0.9741059319757335
76561198018461603,0,0.004048340953886509,2,0.9741059319757335
76561198160743865,0,0.8944108486175537,2,0.9741059319757335
76561198006313283,0,0.005268553737550974,2,0.9741059319757335
76561198082874369,0,0.004336465150117874,2,0.9741059319757335
76561199196923166,0,0.0835525244474411,2,0.9741059319757335
76561197971723823,0,0.004453802015632391,2,0.9741059319757335
76561198035884198,0,0.8573520183563232,2,0.9741059319757335
76561199471511222,0,0.00516029866412282,2,0.9741059319757335
76561198072762953,0,0.009910277090966702,2,0.9741059319757335
76561198146469694,0,0.0052942256443202496,2,0.9741059319757335
76561198364229739,0,0.004167577717453241,2,0.9741059319757335
76561198985192059,0,0.17781271040439606,2,0.9741059319757335
76561199330498152,0,0.009476130828261375,2,0.9741059319757335
76561197985358446,0,0.005079697351902723,2,0.9741059319757335
76561198056422010,0,0.0048943390138447285,2,0.9741059319757335
76561197986225277,0,0.004121008794754744,2,0.9741059319757335
76561198078867588,0,0.9779850244522095,2,0.9741059319757335
76561199195133740,0,0.0045842574909329414,2,0.9741059319757335
76561198893367952,0,0.0051347664557397366,2,0.9741059319757335
76561198241274202,0,0.006814285647124052,2,0.9741059319757335
76561199184105291,0,0.0882599726319313,2,0.9741059319757335
76561198099475901,0,0.0051522585563361645,2,0.9741059319757335
76561198247494556,0,0.005330478306859732,2,0.9741059319757335
76561198176818161,0,0.01103909220546484,2,0.9741059319757335
76561198164880931,0,0.008649192750453949,2,0.9741059319757335
76561199009309734,0,0.005123083014041185,2,0.9741059319757335
76561198109925672,0,0.08046676218509674,2,0.9741059319757335
76561198985747426,0,0.004203503020107746,2,0.9741059319757335
76561198956829771,0,0.01959437131881714,2,0.9741059319757335
76561198036569537,0,0.0040651042945683,2,0.9741059319757335
76561198357826958,0,0.006339473649859428,2,0.9741059319757335
76561198857320281,0,0.010204979218542576,2,0.9741059319757335
76561198322581089,0,0.0066960761323571205,2,0.9741059319757335
76561198345715663,0,0.004168856423348188,2,0.9741059319757335
76561198047236508,0,0.003990197088569403,2,0.9741059319757335
76561198156318358,0,0.0047074053436517715,2,0.9741059319757335
76561199809146678,0,0.01646490767598152,2,0.9741059319757335
76561198842065646,0,0.01528321485966444,2,0.9741059319757335
76561198156850571,0,0.01432292815297842,2,0.9741059319757335
76561199559187675,0,0.011371022090315819,2,0.9741059319757335
76561198097011263,0,0.004830826539546251,2,0.9741059319757335
76561199025585830,0,0.004288761876523495,2,0.9741059319757335
76561198019914087,0,0.9371744394302368,2,0.9741059319757335
76561198023436632,0,0.9827447533607483,2,0.9741059319757335
76561199417933523,0,0.2684965133666992,2,0.9741059319757335
76561198381993405,0,0.03416065871715546,2,0.9741059319757335
76561199040561932,0,0.3339117765426636,2,0.9741059319757335
76561197968670443,0,0.009250197559595108,2,0.9741059319757335
76561199083775990,0,0.14694844186306,2,0.9741059319757335
76561199469202431,0,0.015122146345674992,2,0.9741059319757335
76561198097657390,0,0.004120781552046537,2,0.9741059319757335
76561199142408471,0,0.6478610038757324,2,0.9741059319757335
76561198112203591,0,0.10888876765966415,2,0.9741059319757335
76561199011262560,0,0.6922562718391418,2,0.9741059319757335
76561198383896666,0,0.9352403879165649,2,0.9741059319757335
76561198246409984,0,0.007176878396421671,2,0.9741059319757335
76561199528573731,1,0.991666853427887,2,0.9741059319757335
76561199013535116,0,0.003965604584664106,2,0.9741059319757335
76561198304630443,0,0.006923523731529713,2,0.9741059319757335
76561197987010601,0,0.004654290154576302,2,0.9741059319757335
76561198040979916,0,0.007278547156602144,2,0.9741059319757335
76561199251325796,0,0.11545360088348389,2,0.9741059319757335
76561198020607964,1,0.14706529676914215,2,0.9741059319757335
76561198054674272,0,0.6149343252182007,2,0.9741059319757335
76561198807855822,0,0.17611096799373627,2,0.9741059319757335
76561199021583992,0,0.00402761809527874,2,0.9741059319757335
76561198090610720,0,0.008648686110973358,2,0.9741059319757335
76561198859474269,0,0.005729909986257553,2,0.9741059319757335
76561199176657915,0,0.009416859596967697,2,0.9741059319757335
76561198129903950,0,0.008891191333532333,2,0.9741059319757335
76561198427436583,0,0.004803942982107401,2,0.9741059319757335
76561198112140992,0,0.008296284824609756,2,0.9741059319757335
76561198978774119,0,0.004408599808812141,2,0.9741059319757335
76561198387343731,0,0.03284068405628204,2,0.9741059319757335
76561198842383741,0,0.006148704327642918,2,0.9741059319757335
76561198798552111,0,0.005638298112899065,2,0.9741059319757335
76561198444609255,0,0.006330900825560093,2,0.9741059319757335
76561198156345413,0,0.01300134789198637,2,0.9741059319757335
76561198970405093,0,0.02010788954794407,2,0.9741059319757335
76561199188406890,0,0.006183992139995098,2,0.9741059319757335
76561198006518799,0,0.9152325391769409,2,0.9741059319757335
76561198066658683,0,0.08147383481264114,2,0.9741059319757335
76561198144780236,0,0.18668730556964874,2,0.9741059319757335
76561198154707925,0,0.009680688381195068,2,0.9741059319757335
76561198886486035,0,0.005734208971261978,2,0.9741059319757335
76561199013229360,0,0.007854929193854332,2,0.9741059319757335
76561198197289510,0,0.00433338014408946,2,0.9741059319757335
76561198812876396,0,0.004167577717453241,2,0.9741059319757335
76561198118639138,0,0.015031377784907818,2,0.9741059319757335
76561198141794854,0,0.14697806537151337,2,0.9741059319757335
76561198014702254,0,0.006546762306243181,2,0.9741059319757335
76561198269497889,0,0.012535049580037594,2,0.9741059319757335
76561198072787954,0,0.049644358456134796,2,0.9741059319757335
76561199100693007,1,0.9483118057250977,2,0.9741059319757335
76561198044410315,0,0.003752965247258544,2,0.9741059319757335
76561199405104290,0,0.012360827997326851,2,0.9741059319757335
76561198856484083,0,0.0037415616679936647,2,0.9741059319757335
76561199387113886,0,0.010657346807420254,2,0.9741059319757335
76561198091046549,0,0.017713112756609917,2,0.9741059319757335
76561198386311053,0,0.025579696521162987,2,0.9741059319757335
76561199165559205,0,0.01028185524046421,2,0.9741059319757335
76561198380788523,1,0.9244312644004822,2,0.9741059319757335
76561198254191931,0,0.9741203188896179,2,0.9741059319757335
76561198069478379,0,0.3618782162666321,2,0.9741059319757335
76561198067995526,0,0.007284593768417835,2,0.9741059319757335
76561197978094464,0,0.0046286024153232574,2,0.9741059319757335
76561198256652797,0,0.6005274057388306,2,0.9741059319757335
76561198981071077,0,0.0408921092748642,2,0.9741059319757335
76561199100260912,0,0.013408459722995758,2,0.9741059319757335
76561198078037997,0,0.026582790538668633,2,0.9741059319757335
76561199072485392,0,0.11842289566993713,2,0.9741059319757335
76561198053346941,0,0.005533818621188402,2,0.9741059319757335
76561197979187528,0,0.010120728984475136,2,0.9741059319757335
76561197961622918,0,0.0036366796121001244,2,0.9741059319757335
76561199175456311,0,0.0038029514253139496,2,0.9741059319757335
76561198420764211,0,0.004734582733362913,2,0.9741059319757335
76561199683149291,0,0.005822807550430298,2,0.9741059319757335
76561197970414519,0,0.005159637425094843,2,0.9741059319757335
76561198847921667,0,0.984515905380249,2,0.9741059319757335
76561198094107391,0,0.004780582617968321,2,0.9741059319757335
76561198255291511,0,0.3883441388607025,2,0.9741059319757335
76561198289693182,0,0.9909964799880981,2,0.9741059319757335
76561198076490169,0,0.004639788530766964,2,0.9741059319757335
76561199540899590,0,0.004408599808812141,2,0.9741059319757335
76561198828319317,0,0.01778917759656906,2,0.9741059319757335
76561198055813218,0,0.00450347363948822,2,0.9741059319757335
76561199057432224,0,0.004799239803105593,2,0.9741059319757335
76561198037417803,0,0.006388102658092976,2,0.9741059319757335
76561199161135874,0,0.8987445831298828,2,0.9741059319757335
76561198426392335,0,0.005148901604115963,2,0.9741059319757335
76561199064744343,0,0.004521258175373077,2,0.9741059319757335
76561197996397971,0,0.9588499665260315,2,0.9741059319757335
76561198155560172,0,0.1195124015212059,2,0.9741059319757335
76561197970840082,0,0.0045132022351026535,2,0.9741059319757335
76561198831579538,0,0.010486992076039314,2,0.9741059319757335
76561199304038430,0,0.005985882133245468,2,0.9741059319757335
76561199009185394,0,0.7824440598487854,2,0.9741059319757335
76561198958163397,0,0.007320262026041746,2,0.9741059319757335
76561198190098267,0,0.004853689577430487,2,0.9741059319757335
76561199005187781,0,0.7169041633605957,2,0.9741059319757335
76561199645121534,0,0.005405669566243887,2,0.9741059319757335
76561199029086495,0,0.01431896910071373,2,0.9741059319757335
76561198958821542,0,0.003831049194559455,2,0.9741059319757335
76561198113669829,0,0.014732642099261284,2,0.9741059319757335
76561198052654493,0,0.004800774622708559,2,0.9741059319757335
76561199378938847,0,0.004167577717453241,2,0.9741059319757335
76561199228403486,0,0.725116491317749,2,0.9741059319757335
76561198377281122,0,0.012509988620877266,2,0.9741059319757335
76561199232538665,0,0.004400491248816252,2,0.9741059319757335
76561199056105502,0,0.004731884226202965,2,0.9741059319757335
76561198010303292,0,0.696942925453186,2,0.9741059319757335
76561198350122280,0,0.005424567963927984,2,0.9741059319757335
76561199233940669,0,0.013849209062755108,2,0.9741059319757335
76561199109992912,0,0.005502115469425917,2,0.9741059319757335
76561198847256664,0,0.006204034201800823,2,0.9741059319757335
76561199191993747,0,0.19222618639469147,2,0.9741059319757335
76561199321278470,0,0.020939422771334648,2,0.9741059319757335
76561198028453000,0,0.0039427937008440495,2,0.9741059319757335
76561197970632996,0,0.4819316267967224,2,0.9741059319757335
76561198005637993,0,0.20514416694641113,2,0.9741059319757335
76561198035824331,0,0.29796236753463745,2,0.9741059319757335
76561199577490221,0,0.004146535415202379,2,0.9741059319757335
76561198091303953,0,0.03581007942557335,2,0.9741059319757335
76561198013524003,0,0.9254662990570068,2,0.9741059319757335
76561198886673790,0,0.07155171781778336,2,0.9741059319757335
76561198402741804,0,0.07077552378177643,2,0.9741059319757335
76561198266183114,0,0.008651123382151127,2,0.9741059319757335
76561198039211496,0,0.006418835837393999,2,0.9741059319757335
76561199175486727,0,0.010479355230927467,2,0.9741059319757335
76561198077656636,0,0.019219916313886642,2,0.9741059319757335
76561199151363011,0,0.02688685432076454,2,0.9741059319757335
76561198029395390,0,0.00802299939095974,2,0.9741059319757335
76561199188249585,1,0.992228090763092,2,0.9741059319757335
76561198100533864,0,0.019325025379657745,2,0.9741059319757335
76561198420279683,0,0.00477488012984395,2,0.9741059319757335
76561198038450543,0,0.003891168860718608,2,0.9741059319757335
76561198067372342,0,0.9258095026016235,2,0.9741059319757335
76561197982381651,0,0.0038516020867973566,2,0.9741059319757335
76561199624609557,0,0.015168849378824234,2,0.9741059319757335
76561198099738942,0,0.00410660682246089,2,0.9741059319757335
76561198076763233,0,0.004167577717453241,2,0.9741059319757335
76561198257483250,0,0.9184154868125916,2,0.9741059319757335
76561199472584924,1,0.9908708930015564,2,0.9741059319757335
76561198257368761,0,0.8310493230819702,2,0.9741059319757335
76561198167926709,0,0.006358612794429064,2,0.9741059319757335
76561198215845304,0,0.010231842286884785,2,0.9741059319757335
76561198272434894,0,0.0038672706577926874,2,0.9741059319757335
76561198101326327,0,0.0064925807528197765,2,0.9741059319757335
76561199150779425,0,0.0071591706946492195,2,0.9741059319757335
76561198007037979,0,0.9757429957389832,2,0.9741059319757335
76561198395724359,0,0.014187203720211983,2,0.9741059319757335
76561198336357166,0,0.0048847198486328125,2,0.9741059319757335
76561198182524941,0,0.005052283871918917,2,0.9741059319757335
76561198432980155,0,0.24372214078903198,2,0.9741059319757335
76561198012649031,0,0.007836779579520226,2,0.9741059319757335
76561199008097601,0,0.14557364583015442,2,0.9741059319757335
76561198075236807,0,0.005219855811446905,2,0.9741059319757335
76561198045864961,0,0.9889553189277649,2,0.9741059319757335
76561199059413869,0,0.24375614523887634,2,0.9741059319757335
76561198040612801,0,0.009615671820938587,2,0.9741059319757335
76561198006542478,0,0.006382826250046492,2,0.9741059319757335
76561198963886332,0,0.006244702264666557,2,0.9741059319757335
76561198182664138,0,0.009982561692595482,2,0.9741059319757335
76561198140309615,0,0.040205832570791245,2,0.9741059319757335
76561198057464668,0,0.0091237872838974,2,0.9741059319757335
76561198015068479,0,0.1735948920249939,2,0.9741059319757335
76561198023642712,0,0.0039398339577019215,2,0.9741059319757335
76561199105550748,0,0.015298135578632355,2,0.9741059319757335
76561197968227227,0,0.0061775133945047855,2,0.9741059319757335
76561198087858418,0,0.005156378261744976,2,0.9741059319757335
76561199169715965,0,0.30272454023361206,2,0.9741059319757335
76561198179159471,0,0.0043648784048855305,2,0.9741059319757335
76561198302965696,0,0.007919998839497566,2,0.9741059319757335
76561198215256589,0,0.003992012701928616,2,0.9741059319757335
76561199200468623,0,0.007752594072371721,2,0.9741059319757335
76561199192823852,0,0.004167577717453241,2,0.9741059319757335
76561198041773117,0,0.005248998291790485,2,0.9741059319757335
76561199257594285,0,0.4318592846393585,2,0.9741059319757335
76561199435845599,1,0.961611270904541,2,0.9741059319757335
76561198880321991,0,0.004380847327411175,2,0.9741059319757335
76561198273207034,0,0.008895950391888618,2,0.9741059319757335
76561198057890700,0,0.00630166195333004,2,0.9741059319757335
76561199200971810,0,0.004262033384293318,2,0.9741059319757335
76561199405956581,0,0.007063437253236771,2,0.9741059319757335
76561199284103651,0,0.011106228455901146,2,0.9741059319757335
76561199417682383,0,0.07120165973901749,2,0.9741059319757335
76561198015835461,0,0.007744697388261557,2,0.9741059319757335
76561198128765031,0,0.020630087703466415,2,0.9741059319757335
76561198032294076,0,0.006339648738503456,2,0.9741059319757335
76561199175224285,0,0.006400384474545717,2,0.9741059319757335
76561199135660250,1,0.992510199546814,2,0.9741059319757335
76561199080237486,0,0.9882893562316895,2,0.9741059319757335
76561199074366859,0,0.004168891813606024,2,0.9741059319757335
76561198078440654,0,0.006198908668011427,2,0.9741059319757335
76561199357622056,0,0.009081840515136719,2,0.9741059319757335
76561198830132130,1,0.9864765405654907,2,0.9741059319757335
76561198978392638,0,0.010140755213797092,2,0.9741059319757335
76561199069582298,0,0.38789868354797363,2,0.9741059319757335
76561198198159549,0,0.3731473684310913,2,0.9741059319757335
76561199055302225,0,0.34539228677749634,2,0.9741059319757335
76561198816406072,0,0.41148579120635986,2,0.9741059319757335
76561198900683183,0,0.004187171813100576,2,0.9741059319757335
76561199165516853,0,0.003978825639933348,2,0.9741059319757335
76561198053051118,0,0.007035410962998867,2,0.9741059319757335
76561198416411963,0,0.0045875427313148975,2,0.9741059319757335
76561198126414300,0,0.6557246446609497,2,0.9741059319757335
76561198871293837,1,0.7226243615150452,2,0.9741059319757335
76561199039791149,1,0.9887218475341797,2,0.9741059319757335
76561198108483051,0,0.8937312364578247,2,0.9741059319757335
76561198138793328,0,0.10117501020431519,2,0.9741059319757335
76561198866862323,0,0.852121889591217,2,0.9741059319757335
76561199213338159,0,0.05011080205440521,2,0.9741059319757335
76561198133614573,0,0.007499052211642265,2,0.9741059319757335
76561198095857165,0,0.13805240392684937,2,0.9741059319757335
76561198002549895,0,0.007337316405028105,2,0.9741059319757335
76561199195937270,0,0.0042694928124547005,2,0.9741059319757335
76561199231937044,0,0.007117202505469322,2,0.9741059319757335
76561199410335567,0,0.00962726678699255,2,0.9741059319757335
76561199151885497,0,0.3128321170806885,2,0.9741059319757335
76561198967698567,0,0.08381806313991547,2,0.9741059319757335
76561198181055817,0,0.0045047178864479065,2,0.9741059319757335
76561199032336302,0,0.005890853237360716,2,0.9741059319757335
76561198116731029,1,0.9898605942726135,2,0.9741059319757335
76561198013866235,0,0.41691854596138,2,0.9741059319757335
76561199100535904,0,0.007434675469994545,2,0.9741059319757335
76561197997317229,0,0.014138223603367805,2,0.9741059319757335
76561198076269163,0,0.6852500438690186,2,0.9741059319757335
76561198353364834,0,0.974131166934967,2,0.9741059319757335
76561198391538956,0,0.005112982355058193,2,0.9741059319757335
76561198834318205,0,0.886473536491394,2,0.9741059319757335
76561199211338897,0,0.04465983808040619,2,0.9741059319757335
76561198101030801,0,0.004559103399515152,2,0.9741059319757335
76561199426852645,1,0.9887883067131042,2,0.9741059319757335
76561198260121906,0,0.0048019918613135815,2,0.9741059319757335
76561198882257816,0,0.004993461072444916,2,0.9741059319757335
76561198157040993,0,0.005187963135540485,2,0.9741059319757335
76561199005228778,0,0.005973590537905693,2,0.9741059319757335
76561198057458772,0,0.004055828787386417,2,0.9741059319757335
76561199523485512,0,0.0037529401015490294,2,0.9741059319757335
76561198024205653,0,0.009255263023078442,2,0.9741059319757335
76561198365781454,0,0.03187640756368637,2,0.9741059319757335
76561198357294345,0,0.004207281395792961,2,0.9741059319757335
76561198353282126,0,0.0034200879745185375,2,0.9741059319757335
76561199499837258,0,0.00836043432354927,2,0.9741059319757335
76561198364763188,0,0.004147094674408436,2,0.9741059319757335
76561198030784798,0,0.021560702472925186,2,0.9741059319757335
76561198203196395,0,0.0039773499593138695,2,0.9741059319757335
76561198217329657,0,0.0311854537576437,2,0.9741059319757335
76561198008353707,0,0.006447546649724245,2,0.9741059319757335
76561198122339644,0,0.00982862152159214,2,0.9741059319757335
76561198226662200,0,0.006921638734638691,2,0.9741059319757335
76561198116748338,0,0.9424330592155457,2,0.9741059319757335
76561199513756825,0,0.9250239133834839,2,0.9741059319757335
76561198209545880,0,0.010373545810580254,2,0.9741059319757335
76561199589519955,0,0.00439460389316082,2,0.9741059319757335
76561198019893769,0,0.16897960007190704,2,0.9741059319757335
76561198145052340,0,0.004010320175439119,2,0.9741059319757335
76561198410373284,0,0.0039596245624125,2,0.9741059319757335
76561199500685634,0,0.005978362634778023,2,0.9741059319757335
76561199101325961,0,0.005213355179876089,2,0.9741059319757335
76561199549985541,0,0.011492131277918816,2,0.9741059319757335
76561198445664948,0,0.02746894396841526,2,0.9741059319757335
76561199067787619,0,0.003953155130147934,2,0.9741059319757335
76561198070740632,0,0.645442545413971,2,0.9741059319757335
76561198352449691,0,0.0049318415112793446,2,0.9741059319757335
76561198029939123,0,0.004196766298264265,2,0.9741059319757335
76561199173170469,0,0.004126884043216705,2,0.9741059319757335
76561198436109454,0,0.009474305436015129,2,0.9741059319757335
76561198956549750,0,0.005212882999330759,2,0.9741059319757335
76561199385591433,0,0.009318984113633633,2,0.9741059319757335
76561199015705686,0,0.011772983707487583,2,0.9741059319757335
76561198255164983,0,0.005875542294234037,2,0.9741059319757335
76561198206350527,0,0.0047513628378510475,2,0.9741059319757335
76561199162918584,0,0.7380073666572571,2,0.9741059319757335
76561198873631125,0,0.005452513694763184,2,0.9741059319757335
76561199103095607,0,0.9365485310554504,2,0.9741059319757335
76561199046245029,0,0.007448287680745125,2,0.9741059319757335
76561199098008396,0,0.00549820763990283,2,0.9741059319757335
76561198068784875,0,0.004471078980714083,2,0.9741059319757335
76561199739169832,0,0.01669677160680294,2,0.9741059319757335
76561199057315794,0,0.2519144117832184,2,0.9741059319757335
76561198063945405,0,0.8585627675056458,2,0.9741059319757335
76561198273515194,0,0.010095403529703617,2,0.9741059319757335
76561197974674789,0,0.00920832622796297,2,0.9741059319757335
76561199013075576,0,0.12604659795761108,2,0.9741059319757335
76561198199188043,0,0.10046728700399399,2,0.9741059319757335
76561198313344609,0,0.9831589460372925,2,0.9741059319757335
76561199107581077,0,0.9475505352020264,2,0.9741059319757335
76561198026387992,0,0.006459577474743128,2,0.9741059319757335
76561198017320964,0,0.0037582514341920614,2,0.9741059319757335
76561199099859255,0,0.0060921721160411835,2,0.9741059319757335
76561199522956119,0,0.9178372025489807,2,0.9741059319757335
76561198146216883,0,0.23413117229938507,2,0.9741059319757335
76561199124337604,0,0.08720535784959793,2,0.9741059319757335
76561198128678933,0,0.01899026334285736,2,0.9741059319757335
76561199230456587,0,0.010172700509428978,2,0.9741059319757335
76561199099987443,0,0.011926041916012764,2,0.9741059319757335
76561197967605168,0,0.07437532395124435,2,0.9741059319757335
76561199086390133,0,0.16702145338058472,2,0.9741059319757335
76561198170192158,0,0.01737029105424881,2,0.9741059319757335
76561198137715236,0,0.007376557681709528,2,0.9741059319757335
76561198341799475,1,0.9845735430717468,2,0.9741059319757335
76561198852010536,0,0.053353190422058105,2,0.9741059319757335
76561197970736740,0,0.00468324963003397,2,0.9741059319757335
76561198015295432,0,0.011385601945221424,2,0.9741059319757335
76561198087424742,0,0.010938405990600586,2,0.9741059319757335
76561199236004721,0,0.004872289020568132,2,0.9741059319757335
76561197961781343,0,0.007558146025985479,2,0.9741059319757335
76561197998651855,0,0.3481527864933014,2,0.9741059319757335
76561198261990867,0,0.9418924450874329,2,0.9741059319757335
76561197968587832,1,0.9892593622207642,2,0.9741059319757335
76561198040774815,0,0.005109990015625954,2,0.9741059319757335
76561199202650014,0,0.834466278553009,2,0.9741059319757335
76561198156303961,0,0.00997893325984478,2,0.9741059319757335
76561198320891104,0,0.010688518173992634,2,0.9741059319757335
76561198870115054,0,0.07516953349113464,2,0.9741059319757335
76561198980308355,0,0.00650408212095499,2,0.9741059319757335
76561199239576495,0,0.11245588213205338,2,0.9741059319757335
76561198021236001,0,0.0057550580240786076,2,0.9741059319757335
76561198041876442,0,0.008296038955450058,2,0.9741059319757335
76561198867968862,0,0.007187483832240105,2,0.9741059319757335
76561198431947272,0,0.022554542869329453,2,0.9741059319757335
76561198011292499,0,0.029050393030047417,2,0.9741059319757335
76561199156339287,0,0.008716162294149399,2,0.9741059319757335
76561198169457136,0,0.004944609012454748,2,0.9741059319757335
76561198844578033,0,0.011088384315371513,2,0.9741059319757335
76561199090597222,0,0.9863770604133606,2,0.9741059319757335
76561198009685299,0,0.270395427942276,2,0.9741059319757335
76561198045963657,0,0.008001033216714859,2,0.9741059319757335
76561197997887716,0,0.9718804359436035,2,0.9741059319757335
76561199220770269,0,0.008895950391888618,2,0.9741059319757335
76561198338977035,0,0.005745831411331892,2,0.9741059319757335
76561199003640099,0,0.005765662062913179,2,0.9741059319757335
76561198854524680,0,0.145317941904068,2,0.9741059319757335
76561198070242647,0,0.9144534468650818,2,0.9741059319757335
76561198033475428,0,0.004695640876889229,2,0.9741059319757335
76561198974704335,0,0.13355475664138794,2,0.9741059319757335
76561198199329307,0,0.0039773499593138695,2,0.9741059319757335
76561199043597589,0,0.005766667425632477,2,0.9741059319757335
76561198123454721,0,0.07432366907596588,2,0.9741059319757335
76561199469353003,0,0.00439460389316082,2,0.9741059319757335
76561198837738908,0,0.005005297251045704,2,0.9741059319757335
76561198006616446,0,0.5252736210823059,2,0.9741059319757335
76561198068854483,0,0.01218413095921278,2,0.9741059319757335
76561198183128382,0,0.0061515867710113525,2,0.9741059319757335
76561198814549865,1,0.9861330389976501,2,0.9741059319757335
76561198815796913,0,0.005130160134285688,2,0.9741059319757335
76561198401554178,0,0.012473084963858128,2,0.9741059319757335
76561199187083939,0,0.00682756258174777,2,0.9741059319757335
76561198103838069,0,0.004675509873777628,2,0.9741059319757335
76561199229599681,0,0.005915009416639805,2,0.9741059319757335
76561199509137210,0,0.00655226968228817,2,0.9741059319757335
76561198837742517,0,0.02402106672525406,2,0.9741059319757335
76561199059837132,0,0.005504332948476076,2,0.9741059319757335
76561198872566525,0,0.009380565024912357,2,0.9741059319757335
76561199516952945,0,0.0071280295960605145,2,0.9741059319757335
76561198050458046,0,0.007013197056949139,2,0.9741059319757335
76561198048637912,0,0.008836493827402592,2,0.9741059319757335
76561199232933971,0,0.040868617594242096,2,0.9741059319757335
76561198106567163,0,0.007915383204817772,2,0.9741059319757335
76561198965943041,0,0.006917471531778574,2,0.9741059319757335
76561198964636074,0,0.7916937470436096,2,0.9741059319757335
76561198406088445,0,0.003959966823458672,2,0.9741059319757335
76561199095767330,0,0.009728030301630497,2,0.9741059319757335
76561197963387415,0,0.003944304771721363,2,0.9741059319757335
76561199582640922,0,0.6302896738052368,2,0.9741059319757335
76561198996672569,0,0.00846031866967678,2,0.9741059319757335
76561198034264274,0,0.006764106918126345,2,0.9741059319757335
76561199518923741,0,0.06919088959693909,2,0.9741059319757335
76561199103617369,0,0.011684183962643147,2,0.9741059319757335
76561198148379401,0,0.005503273569047451,2,0.9741059319757335
76561198079541011,0,0.005204655230045319,2,0.9741059319757335
76561198102709396,0,0.005099097266793251,2,0.9741059319757335
76561197970357274,0,0.007794914301484823,2,0.9741059319757335
76561198980787291,0,0.04899374395608902,2,0.9741059319757335
76561198095653552,0,0.07748401165008545,2,0.9741059319757335
76561198179655443,0,0.004376859869807959,2,0.9741059319757335
76561198832887560,0,0.22724834084510803,2,0.9741059319757335
76561198007570632,1,0.9917854070663452,2,0.9741059319757335
76561199150756526,1,0.9838485717773438,2,0.9741059319757335
76561198397626288,0,0.9623720049858093,2,0.9741059319757335
76561198314072060,0,0.005073332227766514,2,0.9741059319757335
76561198032017961,0,0.005120608955621719,2,0.9741059319757335
76561198031903267,0,0.02892121858894825,2,0.9741059319757335
76561198155229772,0,0.5707536935806274,2,0.9741059319757335
76561199133415196,0,0.0065902648493647575,2,0.9741059319757335
76561198974827747,0,0.011901527643203735,2,0.9741059319757335
76561199196226195,0,0.7891068458557129,2,0.9741059319757335
76561199438269207,0,0.004120781552046537,2,0.9741059319757335
76561198051433525,0,0.9409254193305969,2,0.9741059319757335
76561198995972571,1,0.9037922024726868,2,0.9741059319757335
76561199049027919,0,0.008399618789553642,2,0.9741059319757335
76561199210167869,0,0.007047673221677542,2,0.9741059319757335
76561199091813901,0,0.004408599808812141,2,0.9741059319757335
76561199089163709,0,0.007047909311950207,2,0.9741059319757335
76561197976028696,0,0.004330083727836609,2,0.9741059319757335
76561199084810005,0,0.011750712990760803,2,0.9741059319757335
76561198031205606,0,0.03546348214149475,2,0.9741059319757335
76561198375893107,0,0.019932787865400314,2,0.9741059319757335
76561198055548452,0,0.045921165496110916,2,0.9741059319757335
76561198168429915,0,0.16207481920719147,2,0.9741059319757335
76561199089323558,0,0.08389592915773392,2,0.9741059319757335
76561198888063731,0,0.0065977987833321095,2,0.9741059319757335
76561199176283306,0,0.5235065817832947,2,0.9741059319757335
76561197971289178,0,0.11516160517930984,2,0.9741059319757335
76561198078546100,0,0.14103329181671143,2,0.9741059319757335
76561198027914232,0,0.9124377965927124,2,0.9741059319757335
76561197963303342,0,0.31935223937034607,2,0.9741059319757335
76561199670275334,0,0.009368304163217545,2,0.9741059319757335
76561197960973790,0,0.20428897440433502,2,0.9741059319757335
76561198281212111,0,0.029872829094529152,2,0.9741059319757335
76561199590618216,0,0.00894350279122591,2,0.9741059319757335
76561198121617387,0,0.004799239803105593,2,0.9741059319757335
76561198335610511,0,0.9266036748886108,2,0.9741059319757335
76561198037501865,0,0.022100377827882767,2,0.9741059319757335
76561198369328850,0,0.016611559316515923,2,0.9741059319757335
76561198089827268,0,0.11417422443628311,2,0.9741059319757335
76561197967191137,0,0.004167577717453241,2,0.9741059319757335
76561199348796973,0,0.01591390371322632,2,0.9741059319757335
76561198957177783,0,0.0071993679739534855,2,0.9741059319757335
76561199675969397,0,0.04793300852179527,2,0.9741059319757335
76561199003735056,0,0.006148704327642918,2,0.9741059319757335
76561197971350366,0,0.004462876822799444,2,0.9741059319757335
76561199101228448,0,0.025476522743701935,2,0.9741059319757335
76561198867847223,0,0.035458482801914215,2,0.9741059319757335
76561198007416865,0,0.007304946426302195,2,0.9741059319757335
76561199011897250,0,0.025461208075284958,2,0.9741059319757335
76561198438360651,0,0.00777029525488615,2,0.9741059319757335
76561198830919398,0,0.005820147227495909,2,0.9741059319757335
76561199016127750,0,0.004226350225508213,2,0.9741059319757335
76561198047006655,0,0.004413658753037453,2,0.9741059319757335
76561198280132996,0,0.30760666728019714,2,0.9741059319757335
76561199483136443,0,0.009989514946937561,2,0.9741059319757335
76561199227577545,0,0.7874022722244263,2,0.9741059319757335
76561199320277091,0,0.004458311479538679,2,0.9741059319757335
76561198200116181,0,0.0047261775471270084,2,0.9741059319757335
76561198865393760,0,0.004616567865014076,2,0.9741059319757335
76561199096712889,0,0.007193494588136673,2,0.9741059319757335
76561198099445558,0,0.0042132907547056675,2,0.9741059319757335
76561198883770657,0,0.00497182784602046,2,0.9741059319757335
76561199013539833,0,0.005390968173742294,2,0.9741059319757335
76561199593237449,0,0.0050050620920956135,2,0.9741059319757335
76561198387882258,0,0.3896128833293915,2,0.9741059319757335
76561199168361803,0,0.9433740973472595,2,0.9741059319757335
76561198006550732,0,0.003840500023216009,2,0.9741059319757335
76561198191967774,0,0.008912445046007633,2,0.9741059319757335
76561198034112432,0,0.004206229001283646,2,0.9741059319757335
76561199215131471,0,0.007330925669521093,2,0.9741059319757335
76561198030417258,0,0.8865184187889099,2,0.9741059319757335
76561198361677665,0,0.004408599808812141,2,0.9741059319757335
76561199541741644,0,0.0043604131788015366,2,0.9741059319757335
76561199022157979,0,0.007715590763837099,2,0.9741059319757335
76561198072904785,0,0.004942365922033787,2,0.9741059319757335
76561199657603690,0,0.011839981190860271,2,0.9741059319757335
76561198855961870,0,0.07633563131093979,2,0.9741059319757335
76561199131034461,0,0.009181228466331959,2,0.9741059319757335
76561198157849502,0,0.01591390371322632,2,0.9741059319757335
76561198356386300,0,0.005265026353299618,2,0.9741059319757335
76561197970745336,0,0.7921112179756165,2,0.9741059319757335
76561199078977723,0,0.026909498497843742,2,0.9741059319757335
76561198160218743,0,0.0042928787879645824,2,0.9741059319757335
76561199194962909,0,0.004034416284412146,2,0.9741059319757335
76561199586745722,1,0.993093729019165,2,0.9741059319757335
76561198139121723,0,0.005464834161102772,2,0.9741059319757335
76561199015132522,0,0.006013022270053625,2,0.9741059319757335
76561198128939093,0,0.9884018301963806,2,0.9741059319757335
76561198302895586,0,0.004610870033502579,2,0.9741059319757335
76561199075686956,0,0.004714725539088249,2,0.9741059319757335
76561198073715143,0,0.005282787140458822,2,0.9741059319757335
76561199165119089,0,0.011068976484239101,2,0.9741059319757335
76561199487465655,0,0.004714725539088249,2,0.9741059319757335
76561198182606861,0,0.007979659363627434,2,0.9741059319757335
76561198388098134,0,0.005552549380809069,2,0.9741059319757335
76561198130150608,0,0.010365964844822884,2,0.9741059319757335
76561198880145526,0,0.006076594348996878,2,0.9741059319757335
76561198996838347,0,0.004074703902006149,2,0.9741059319757335
76561198032688322,0,0.008097409270703793,2,0.9741059319757335
76561198039917386,0,0.004403249826282263,2,0.9741059319757335
76561199241967689,0,0.004113172646611929,2,0.9741059319757335
76561198009356566,0,0.004505607765167952,2,0.9741059319757335
76561198112633628,0,0.007224625442177057,2,0.9741059319757335
76561198878435601,0,0.004602167755365372,2,0.9741059319757335
76561199139868427,0,0.027310125529766083,2,0.9741059319757335
76561199331887550,0,0.013529973104596138,2,0.9741059319757335
76561198278741811,0,0.05970704182982445,2,0.9741059319757335
76561198099461056,0,0.6290404200553894,2,0.9741059319757335
76561198178647029,1,0.8433023691177368,2,0.9741059319757335
76561198015487159,0,0.008031291887164116,2,0.9741059319757335
76561197976092913,0,0.8274391889572144,2,0.9741059319757335
76561198069573596,0,0.006072604097425938,2,0.9741059319757335
76561198370272849,1,0.98833829164505,2,0.9741059319757335
76561198101821383,0,0.009906437247991562,2,0.9741059319757335
76561198046861565,0,0.1410498470067978,2,0.9741059319757335
76561198095909014,0,0.00450848089531064,2,0.9741059319757335
76561198062054827,0,0.004714725539088249,2,0.9741059319757335
76561199453673514,0,0.03411521390080452,2,0.9741059319757335
76561198162254356,0,0.37737032771110535,2,0.9741059319757335
76561198073815165,0,0.10944730043411255,2,0.9741059319757335
76561197977330341,0,0.11044037342071533,2,0.9741059319757335
76561199410614420,0,0.01101978961378336,2,0.9741059319757335
76561198029926599,0,0.8449074625968933,2,0.9741059319757335
76561198819204669,0,0.004868366755545139,2,0.9741059319757335
76561198207326300,0,0.004925632383674383,2,0.9741059319757335
76561198147647361,0,0.11049801111221313,2,0.9741059319757335
76561197960621057,0,0.02243603765964508,2,0.9741059319757335
76561198157078127,0,0.6939936280250549,2,0.9741059319757335
76561198863292088,0,0.012890040874481201,2,0.9741059319757335
76561198810897376,0,0.003830407280474901,2,0.9741059319757335
76561198017259218,0,0.006224942859262228,2,0.9741059319757335
76561198213344097,0,0.9734236598014832,2,0.9741059319757335
76561198005616656,0,0.9906966686248779,2,0.9741059319757335
76561198029790302,0,0.004962886217981577,2,0.9741059319757335
76561199022105957,0,0.9393197298049927,2,0.9741059319757335
76561199122166694,0,0.22465956211090088,2,0.9741059319757335
76561199186215802,0,0.024363605305552483,2,0.9741059319757335
76561198412916102,0,0.8791041374206543,2,0.9741059319757335
76561198079833701,0,0.004600641317665577,2,0.9741059319757335
76561198130738513,0,0.008188615553081036,2,0.9741059319757335
76561198979996547,0,0.003643590258434415,2,0.9741059319757335
76561198047540825,0,0.011612929403781891,2,0.9741059319757335
76561198113330224,0,0.004027631599456072,2,0.9741059319757335
76561197961475529,0,0.04485929012298584,2,0.9741059319757335
76561199180067721,0,0.004882339853793383,2,0.9741059319757335
76561198381929354,0,0.00838996097445488,2,0.9741059319757335
76561198997111674,0,0.0039773499593138695,2,0.9741059319757335
76561198913703867,0,0.011258088983595371,2,0.9741059319757335
76561198099453723,0,0.5521143078804016,2,0.9741059319757335
76561199082907563,0,0.012804573401808739,2,0.9741059319757335
76561198062717834,0,0.004519757814705372,2,0.9741059319757335
76561197985857393,0,0.006742115132510662,2,0.9741059319757335
76561198187169395,1,0.9922160506248474,2,0.9741059319757335
76561198195620923,0,0.0035781697370111942,2,0.9741059319757335
76561198263651608,0,0.010026998817920685,2,0.9741059319757335
76561199141511253,0,0.010403078980743885,2,0.9741059319757335
76561198008191500,1,0.9861082434654236,2,0.9741059319757335
76561199136102359,0,0.01591390371322632,2,0.9741059319757335
76561198023304765,0,0.00781617034226656,2,0.9741059319757335
76561198091819255,0,0.005077979061752558,2,0.9741059319757335
76561198819769986,0,0.16275861859321594,2,0.9741059319757335
76561198065122286,0,0.05084192007780075,2,0.9741059319757335
76561198031082609,0,0.003883218392729759,2,0.9741059319757335
76561199110565251,0,0.010638252831995487,2,0.9741059319757335
76561198146823106,0,0.004332772921770811,2,0.9741059319757335
76561198109683482,0,0.3961246609687805,2,0.9741059319757335
76561199077237610,0,0.004560099449008703,2,0.9741059319757335
76561199203045076,0,0.02439238876104355,2,0.9741059319757335
76561199229218138,0,0.01107257790863514,2,0.9741059319757335
76561198007421577,0,0.1993209719657898,2,0.9741059319757335
76561198299280010,0,0.004929099697619677,2,0.9741059319757335
76561199194076942,0,0.08836289495229721,2,0.9741059319757335
76561198089483432,0,0.005555968265980482,2,0.9741059319757335
76561198030613842,0,0.00545768765732646,2,0.9741059319757335
76561198117552349,0,0.01180164236575365,2,0.9741059319757335
76561199095401445,0,0.004310382064431906,2,0.9741059319757335
76561198018663082,0,0.005514146294444799,2,0.9741059319757335
76561198977546355,0,0.028360310941934586,2,0.9741059319757335
76561198389170319,0,0.03365936875343323,2,0.9741059319757335
76561199003546302,0,0.004468435421586037,2,0.9741059319757335
76561198050191651,0,0.012747961096465588,2,0.9741059319757335
76561198116146120,0,0.005029122345149517,2,0.9741059319757335
76561199017820858,0,0.00485110143199563,2,0.9741059319757335
76561199258749818,0,0.0230938121676445,2,0.9741059319757335
76561198066371957,0,0.0038448222912847996,2,0.9741059319757335
76561199040211107,0,0.004799239803105593,2,0.9741059319757335
76561198132859429,0,0.005607026629149914,2,0.9741059319757335
76561199076157229,0,0.0052562132477760315,2,0.9741059319757335
76561198345624604,0,0.005035532638430595,2,0.9741059319757335
76561198156108798,0,0.004297255072742701,2,0.9741059319757335
76561198052750753,0,0.05440395697951317,2,0.9741059319757335
76561198816749734,0,0.014615888707339764,2,0.9741059319757335
76561198015865513,0,0.9105942249298096,2,0.9741059319757335
76561198893785370,0,0.011000537313520908,2,0.9741059319757335
76561198350817209,0,0.005380353424698114,2,0.9741059319757335
76561198362764821,0,0.2744222581386566,2,0.9741059319757335
76561199161884833,0,0.004562898073345423,2,0.9741059319757335
76561198219343697,0,0.004579558037221432,2,0.9741059319757335
76561199060146693,0,0.006404513027518988,2,0.9741059319757335
76561198066881670,0,0.007184191141277552,2,0.9741059319757335
76561199022359811,0,0.004408599808812141,2,0.9741059319757335
76561198800369899,0,0.00430822791531682,2,0.9741059319757335
76561198063921781,0,0.005812129005789757,2,0.9741059319757335
76561198249527314,0,0.004071360919624567,2,0.9741059319757335
76561198228754936,0,0.5509245991706848,2,0.9741059319757335
76561199016954937,0,0.004413658753037453,2,0.9741059319757335
76561198151764539,0,0.005726838018745184,2,0.9741059319757335
76561198025455046,0,0.007204959634691477,2,0.9741059319757335
76561198129888406,0,0.01161255594342947,2,0.9741059319757335
76561198833926919,0,0.005010828375816345,2,0.9741059319757335
76561198823701640,0,0.004714725539088249,2,0.9741059319757335
76561198197675655,0,0.00477238604798913,2,0.9741059319757335
76561198142662366,0,0.011505773290991783,2,0.9741059319757335
76561199485685069,0,0.09868528693914413,2,0.9741059319757335
76561199070390559,0,0.30377086997032166,2,0.9741059319757335
76561198133929492,0,0.9828566908836365,2,0.9741059319757335
76561198061015640,0,0.004799239803105593,2,0.9741059319757335
76561198254472189,0,0.7532678246498108,2,0.9741059319757335
76561199651515656,0,0.016493473201990128,2,0.9741059319757335
76561199084126379,0,0.013799309730529785,2,0.9741059319757335
76561199034180246,0,0.012117903679609299,2,0.9741059319757335
76561198332837993,0,0.48363324999809265,2,0.9741059319757335
76561198008223156,0,0.007121880538761616,2,0.9741059319757335
76561198077753432,0,0.9850943088531494,2,0.9741059319757335
76561198105630003,0,0.004330622032284737,2,0.9741059319757335
76561199112337144,0,0.004682281985878944,2,0.9741059319757335
76561198030027697,0,0.663155198097229,2,0.9741059319757335
76561198120290743,0,0.004759602714329958,2,0.9741059319757335
76561198044765566,0,0.14444522559642792,2,0.9741059319757335
76561199114169571,0,0.25866973400115967,2,0.9741059319757335
76561199530690435,1,0.905917227268219,2,0.9741059319757335
76561197993669230,0,0.13980546593666077,2,0.9741059319757335
76561198025072293,0,0.011607757769525051,2,0.9741059319757335
76561198100364583,0,0.004479121882468462,2,0.9741059319757335
76561198136727938,0,0.24827276170253754,2,0.9741059319757335
76561198013077926,0,0.02984550967812538,2,0.9741059319757335
76561198015127044,0,0.5951054692268372,2,0.9741059319757335
76561198344924733,0,0.0834040567278862,2,0.9741059319757335
76561198421471257,0,0.004120781552046537,2,0.9741059319757335
76561198354605584,0,0.3079071044921875,2,0.9741059319757335
76561198077430448,0,0.11891528964042664,2,0.9741059319757335
76561198391276951,0,0.9910534024238586,2,0.9741059319757335
76561198095734019,0,0.11477993428707123,2,0.9741059319757335
76561198152560109,0,0.3357967138290405,2,0.9741059319757335
76561197960381714,0,0.049629468470811844,2,0.9741059319757335
76561198087906221,0,0.007629934698343277,2,0.9741059319757335
76561199042670287,0,0.005550255998969078,2,0.9741059319757335
76561199247656347,0,0.007680470589548349,2,0.9741059319757335
76561199219218536,0,0.005117454566061497,2,0.9741059319757335
76561198005022212,0,0.11441047489643097,2,0.9741059319757335
76561199500403014,0,0.008983428589999676,2,0.9741059319757335
76561198039131792,0,0.019653337076306343,2,0.9741059319757335
76561199140239240,0,0.005632750689983368,2,0.9741059319757335
76561197993060228,0,0.004908101633191109,2,0.9741059319757335
76561198052350027,0,0.005218969192355871,2,0.9741059319757335
76561199181506947,0,0.007127196528017521,2,0.9741059319757335
76561198056128846,0,0.0038728774525225163,2,0.9741059319757335
76561198125660290,0,0.004718743730336428,2,0.9741059319757335
76561199193403607,0,0.004742655903100967,2,0.9741059319757335
76561198005847352,0,0.004278035834431648,2,0.9741059319757335
76561198086662939,1,0.9895890951156616,2,0.9741059319757335
76561198994720268,0,0.004272922407835722,2,0.9741059319757335
76561198810612310,0,0.004567728377878666,2,0.9741059319757335
76561199070949766,1,0.9914758205413818,2,0.9741059319757335
76561198408624567,0,0.9655571579933167,2,0.9741059319757335
76561198417130246,0,0.006275068037211895,2,0.9741059319757335
76561198087049971,0,0.0822029560804367,2,0.9741059319757335
76561198155209021,0,0.03888443857431412,2,0.9741059319757335
76561198823027413,0,0.021209316328167915,2,0.9741059319757335
76561198017811891,0,0.003919914830476046,2,0.9741059319757335
76561198057124515,0,0.9740163683891296,2,0.9741059319757335
76561198109892452,0,0.009861988015472889,2,0.9741059319757335
76561198258637788,0,0.005576259922236204,2,0.9741059319757335
76561199172567445,0,0.004902415908873081,2,0.9741059319757335
76561198373347243,0,0.7930996417999268,2,0.9741059319757335
76561198322375195,0,0.008415387943387032,2,0.9741059319757335
76561198380908286,0,0.006325237452983856,2,0.9741059319757335
76561198284707175,0,0.006863904185593128,2,0.9741059319757335
76561199015192136,0,0.008955417200922966,2,0.9741059319757335
76561198445121586,0,0.013744661584496498,2,0.9741059319757335
76561198180530202,0,0.08532127737998962,2,0.9741059319757335
76561198380695672,0,0.00387629889883101,2,0.9741059319757335
76561199075964065,0,0.004829565528780222,2,0.9741059319757335
76561198178041981,0,0.06624814867973328,2,0.9741059319757335
76561199087208802,0,0.23029597103595734,2,0.9741059319757335
76561198940413262,0,0.005110232159495354,2,0.9741059319757335
76561199236400615,0,0.10512649267911911,2,0.9741059319757335
76561199439565491,0,0.004479913040995598,2,0.9741059319757335
76561198836611432,0,0.5293570160865784,2,0.9741059319757335
76561198869718488,0,0.009568809531629086,2,0.9741059319757335
76561198035173780,0,0.5909091830253601,2,0.9741059319757335
76561198391055982,0,0.004954745061695576,2,0.9741059319757335
76561198148529786,0,0.0067399125546216965,2,0.9741059319757335
76561198032352033,0,0.005003386177122593,2,0.9741059319757335
76561198212617168,0,0.008959920145571232,2,0.9741059319757335
76561199104936091,0,0.005051033105701208,2,0.9741059319757335
76561199754113899,0,0.005830619018524885,2,0.9741059319757335
76561198271946621,0,0.003992012701928616,2,0.9741059319757335
76561198329863495,0,0.0040108379907906055,2,0.9741059319757335
76561198208172028,0,0.02402106672525406,2,0.9741059319757335
76561198350274970,0,0.008332571014761925,2,0.9741059319757335
76561198092759374,0,0.003609656821936369,2,0.9741059319757335
76561199610329600,0,0.004408599808812141,2,0.9741059319757335
76561199255695409,0,0.03931286931037903,2,0.9741059319757335
76561198963132264,0,0.04602381959557533,2,0.9741059319757335
76561198072193526,0,0.005900668911635876,2,0.9741059319757335
76561197976501448,0,0.8870565295219421,2,0.9741059319757335
76561198801102923,0,0.1496061533689499,2,0.9741059319757335
76561198012331710,0,0.987891674041748,2,0.9741059319757335
76561198053917073,0,0.06001817435026169,2,0.9741059319757335
76561199325637321,0,0.9879446029663086,2,0.9741059319757335
76561199157924748,0,0.012934540398418903,2,0.9741059319757335
76561197970480358,0,0.04363509267568588,2,0.9741059319757335
76561199382889282,0,0.011405520141124725,2,0.9741059319757335
76561198263109200,0,0.912286639213562,2,0.9741059319757335
76561199087120386,0,0.8253927826881409,2,0.9741059319757335
76561199402962090,0,0.011738382279872894,2,0.9741059319757335
76561199228862770,0,0.012889640405774117,2,0.9741059319757335
76561198351513912,0,0.06991852074861526,2,0.9741059319757335
76561198137073919,0,0.9708853960037231,2,0.9741059319757335
76561198333470782,0,0.004846423398703337,2,0.9741059319757335
76561198047244447,0,0.041449397802352905,2,0.9741059319757335
76561198014345158,0,0.051928602159023285,2,0.9741059319757335
76561198272412945,1,0.7296963334083557,2,0.9741059319757335
76561198248690124,0,0.9921038150787354,2,0.9741059319757335
76561198137772168,0,0.00401754304766655,2,0.9741059319757335
76561198044442952,0,0.31125596165657043,2,0.9741059319757335
76561198077885865,0,0.012496858835220337,2,0.9741059319757335
76561198011822645,0,0.5579242706298828,2,0.9741059319757335
76561198815751278,0,0.00570568535476923,2,0.9741059319757335
76561198249763076,0,0.005999328568577766,2,0.9741059319757335
76561198056213943,0,0.017801905050873756,2,0.9741059319757335
76561198796761584,0,0.008211608044803143,2,0.9741059319757335
76561198406176471,0,0.023829912766814232,2,0.9741059319757335
76561199098354548,0,0.016248280182480812,2,0.9741059319757335
76561198095807554,0,0.020506752654910088,2,0.9741059319757335
76561198061221056,0,0.02301674336194992,2,0.9741059319757335
76561198969767259,0,0.0075450800359249115,2,0.9741059319757335
76561198026325991,0,0.20903846621513367,2,0.9741059319757335
76561198040468994,0,0.004223854746669531,2,0.9741059319757335
76561199187600725,0,0.012699825689196587,2,0.9741059319757335
76561198820534890,0,0.1428881287574768,2,0.9741059319757335
76561198254782140,0,0.0068934098817408085,2,0.9741059319757335
76561198180872555,0,0.006544749718159437,2,0.9741059319757335
76561199434116854,0,0.004408599808812141,2,0.9741059319757335
76561198093783298,0,0.005464084912091494,2,0.9741059319757335
76561198965913545,0,0.019251510500907898,2,0.9741059319757335
76561198005146465,1,0.9848902821540833,2,0.9741059319757335
76561198126671086,0,0.042318668216466904,2,0.9741059319757335
76561198333242097,0,0.008913018740713596,2,0.9741059319757335
76561198076040935,0,0.006285767070949078,2,0.9741059319757335
76561198965935567,0,0.0048549240455031395,2,0.9741059319757335
76561199122404039,0,0.04387243464589119,2,0.9741059319757335
76561198320638374,0,0.4357508420944214,2,0.9741059319757335
76561198402430697,0,0.004387065768241882,2,0.9741059319757335
76561198127839035,0,0.03770001232624054,2,0.9741059319757335
76561198966778350,0,0.005128147080540657,2,0.9741059319757335
76561198367156932,0,0.006335804704576731,2,0.9741059319757335
76561198993305475,0,0.006156669929623604,2,0.9741059319757335
76561198200396401,1,0.007716496009379625,2,0.9741059319757335
76561198314119574,0,0.00465604942291975,2,0.9741059319757335
76561199038558398,0,0.004408599808812141,2,0.9741059319757335
76561198105749467,0,0.004948039539158344,2,0.9741059319757335
76561198836741414,0,0.004182513803243637,2,0.9741059319757335
76561198394299409,0,0.0043259733356535435,2,0.9741059319757335
76561198414001605,0,0.9838061332702637,2,0.9741059319757335
76561197991431729,0,0.010616118088364601,2,0.9741059319757335
76561199369480719,0,0.007262254599481821,2,0.9741059319757335
76561198105863136,0,0.006516584195196629,2,0.9741059319757335
76561198120526520,0,0.00644588191062212,2,0.9741059319757335
76561199112471917,0,0.21940042078495026,2,0.9741059319757335
76561198184557063,0,0.006425679195672274,2,0.9741059319757335
76561198072492919,0,0.00425727479159832,2,0.9741059319757335
76561199043424637,0,0.9651361107826233,2,0.9741059319757335
76561198211186473,0,0.004086074884980917,2,0.9741059319757335
76561197996181191,0,0.004481433890759945,2,0.9741059319757335
76561199092518060,0,0.991929292678833,2,0.9741059319757335
76561198085006360,0,0.004047381225973368,2,0.9741059319757335
76561199009825748,0,0.005672287195920944,2,0.9741059319757335
76561198161863429,0,0.016646265983581543,2,0.9741059319757335
76561198056359256,1,0.9884849190711975,2,0.9741059319757335
76561199439101847,0,0.768304169178009,2,0.9741059319757335
76561199041661485,0,0.006086223758757114,2,0.9741059319757335
76561199190831687,0,0.004367067478597164,2,0.9741059319757335
76561198014509949,0,0.00853512529283762,2,0.9741059319757335
76561199551039508,0,0.004217794630676508,2,0.9741059319757335
76561199019680510,0,0.006249888800084591,2,0.9741059319757335
76561199117282945,0,0.0059596276842057705,2,0.9741059319757335
76561198255941064,0,0.004907100461423397,2,0.9741059319757335
76561198088688231,0,0.05478080362081528,2,0.9741059319757335
76561199488868337,0,0.008546500466763973,2,0.9741059319757335
76561198098820327,0,0.00384706212207675,2,0.9741059319757335
76561198269566838,0,0.006184074562042952,2,0.9741059319757335
76561198155073694,0,0.007145433686673641,2,0.9741059319757335
76561198078829494,0,0.0042502861469984055,2,0.9741059319757335
76561197963457201,0,0.006423617713153362,2,0.9741059319757335
76561198972715113,0,0.025965208187699318,2,0.9741059319757335
76561198050030821,0,0.01298589538782835,2,0.9741059319757335
76561198880362404,0,0.007595004513859749,2,0.9741059319757335
76561198128629085,0,0.022128337994217873,2,0.9741059319757335
76561198809905524,0,0.010672837495803833,2,0.9741059319757335
76561199454842179,0,0.007954823784530163,2,0.9741059319757335
76561199368836521,0,0.005428771022707224,2,0.9741059319757335
76561198075133819,0,0.17701731622219086,2,0.9741059319757335
76561198079630508,0,0.006371613591909409,2,0.9741059319757335
76561199160562676,0,0.004408599808812141,2,0.9741059319757335
76561198846811518,0,0.004120781552046537,2,0.9741059319757335
76561199257334619,0,0.003714286722242832,2,0.9741059319757335
76561198344195427,0,0.004194837529212236,2,0.9741059319757335
76561198146560136,0,0.012678123079240322,2,0.9741059319757335
76561199188639826,0,0.006973030976951122,2,0.9741059319757335
76561198056657409,0,0.003828795161098242,2,0.9741059319757335
76561198063841203,0,0.054272472858428955,2,0.9741059319757335
76561199087097531,0,0.004167577717453241,2,0.9741059319757335
76561198170046311,0,0.01591390371322632,2,0.9741059319757335
76561198970342419,0,0.006682571489363909,2,0.9741059319757335
76561199710938303,0,0.004120781552046537,2,0.9741059319757335
76561198012886484,0,0.009064476937055588,2,0.9741059319757335
76561198140108951,0,0.004225241020321846,2,0.9741059319757335
76561198258269919,0,0.05498214438557625,2,0.9741059319757335
76561198152785079,0,0.052252646535634995,2,0.9741059319757335
76561199080593100,0,0.016830280423164368,2,0.9741059319757335
76561198114254354,0,0.004735328257083893,2,0.9741059319757335
76561199039905750,0,0.006074483972042799,2,0.9741059319757335
76561197967806978,0,0.0954870879650116,2,0.9741059319757335
76561198151022918,0,0.40667372941970825,2,0.9741059319757335
76561197993967701,0,0.981791615486145,2,0.9741059319757335
76561198255560098,0,0.06324701756238937,2,0.9741059319757335
76561198088353265,0,0.011391989886760712,2,0.9741059319757335
76561198393509314,0,0.005453245714306831,2,0.9741059319757335
76561198140064074,0,0.007102333474904299,2,0.9741059319757335
76561198056645419,0,0.02787221409380436,2,0.9741059319757335
76561198837656457,1,0.7883100509643555,2,0.9741059319757335
76561198451729811,0,0.0038346084766089916,2,0.9741059319757335
76561198063076562,0,0.0044574374333024025,2,0.9741059319757335
76561198112248900,0,0.768454372882843,2,0.9741059319757335
76561199389650220,0,0.004562898073345423,2,0.9741059319757335
76561198357109550,0,0.014765902422368526,2,0.9741059319757335
76561197970341132,0,0.00867287814617157,2,0.9741059319757335
76561199668390561,0,0.8103229999542236,2,0.9741059319757335
76561198060885485,0,0.8359713554382324,2,0.9741059319757335
76561198879030546,0,0.9370214939117432,2,0.9741059319757335
76561198968986236,0,0.004003935493528843,2,0.9741059319757335
76561198804592717,0,0.015436824411153793,2,0.9741059319757335
76561198116325043,0,0.012806677259504795,2,0.9741059319757335
76561197987121294,0,0.017251277342438698,2,0.9741059319757335
76561198856439586,0,0.005049257539212704,2,0.9741059319757335
76561198119401531,0,0.007127753458917141,2,0.9741059319757335
76561198008965750,0,0.013833947479724884,2,0.9741059319757335
76561198808996528,0,0.006296909414231777,2,0.9741059319757335
76561198005812181,0,0.006696187425404787,2,0.9741059319757335
76561198304339885,0,0.036079052835702896,2,0.9741059319757335
76561198087946615,0,0.011736545711755753,2,0.9741059319757335
76561199304732594,0,0.005074391607195139,2,0.9741059319757335
76561199178039227,1,0.9935060739517212,2,0.9741059319757335
76561197997105744,0,0.05973847582936287,2,0.9741059319757335
76561198015385978,0,0.025789128616452217,2,0.9741059319757335
76561197999708805,0,0.0417625717818737,2,0.9741059319757335
76561198974178478,0,0.6678431034088135,2,0.9741059319757335
76561199100463282,0,0.01578555442392826,2,0.9741059319757335
76561198194659165,0,0.009924614802002907,2,0.9741059319757335
76561199013095020,0,0.0038175571244210005,2,0.9741059319757335
76561198806149766,0,0.004869834054261446,2,0.9741059319757335
76561199008776971,0,0.21320609748363495,2,0.9741059319757335
76561198236640898,0,0.006727416533976793,2,0.9741059319757335
76561199088002083,0,0.007071073167026043,2,0.9741059319757335
76561199304837541,0,0.013982363045215607,2,0.9741059319757335
76561199239029831,0,0.014075454324483871,2,0.9741059319757335
76561197985935540,0,0.007694867439568043,2,0.9741059319757335
76561197989156684,0,0.9354420900344849,2,0.9741059319757335
76561198419707621,0,0.0053856149315834045,2,0.9741059319757335
76561198147994763,0,0.006198926828801632,2,0.9741059319757335
76561198214651681,0,0.00538893835619092,2,0.9741059319757335
76561199096681350,0,0.910705029964447,2,0.9741059319757335
76561198384122546,0,0.0072702206671237946,2,0.9741059319757335
76561198204663685,0,0.004392032045871019,2,0.9741059319757335
76561198051336298,0,0.047422144562006,2,0.9741059319757335
76561199017102451,0,0.003945215605199337,2,0.9741059319757335
76561198835660343,0,0.04255452752113342,2,0.9741059319757335
76561199232467569,0,0.006400384474545717,2,0.9741059319757335
76561198063461702,0,0.007158422376960516,2,0.9741059319757335
76561198355837564,0,0.004704128485172987,2,0.9741059319757335
76561197983174740,0,0.0064093670807778835,2,0.9741059319757335
76561197969452477,0,0.004640801809728146,2,0.9741059319757335
76561198156216035,0,0.005074762273579836,2,0.9741059319757335
76561199119639358,0,0.006540930829942226,2,0.9741059319757335
76561198024909515,0,0.982424795627594,2,0.9741059319757335
76561199263483233,0,0.008821334689855576,2,0.9741059319757335
76561198025508581,0,0.004072442650794983,2,0.9741059319757335
76561198073328811,0,0.004799239803105593,2,0.9741059319757335
76561198047149297,0,0.0038628624752163887,2,0.9741059319757335
76561198980324324,0,0.004321683663874865,2,0.9741059319757335
76561198888840403,0,0.004232007544487715,2,0.9741059319757335
76561198290430334,0,0.004120781552046537,2,0.9741059319757335
76561198016979798,0,0.775214433670044,2,0.9741059319757335
76561198346745959,0,0.01830330304801464,2,0.9741059319757335
76561198024374247,0,0.5091594457626343,2,0.9741059319757335
76561198103546682,0,0.01706933230161667,2,0.9741059319757335
76561198805921610,0,0.004526796285063028,2,0.9741059319757335
76561198866552210,0,0.00572860287502408,2,0.9741059319757335
76561199021695611,0,0.13911235332489014,2,0.9741059319757335
76561199050311381,0,0.004274876322597265,2,0.9741059319757335
76561198349542094,0,0.13828551769256592,2,0.9741059319757335
76561198130897648,0,0.004419179633259773,2,0.9741059319757335
76561198060612954,0,0.009839408099651337,2,0.9741059319757335
76561199129101398,0,0.017636580392718315,2,0.9741059319757335
76561198344230840,0,0.0060922992415726185,2,0.9741059319757335
76561199208520033,0,0.004364646505564451,2,0.9741059319757335
76561199099250853,0,0.01803932897746563,2,0.9741059319757335
76561198833892628,0,0.006066111847758293,2,0.9741059319757335
76561198060794422,0,0.007809461560100317,2,0.9741059319757335
76561198110712600,0,0.6921537518501282,2,0.9741059319757335
76561198151472940,0,0.004714725539088249,2,0.9741059319757335
76561198317595487,0,0.0039773499593138695,2,0.9741059319757335
76561198101563860,0,0.00479203462600708,2,0.9741059319757335
76561198108822928,0,0.004794311709702015,2,0.9741059319757335
76561199189674970,0,0.004408599808812141,2,0.9741059319757335
76561198029956893,0,0.0046330904588103294,2,0.9741059319757335
76561199555382511,0,0.007317837327718735,2,0.9741059319757335
76561198071216444,0,0.004616839811205864,2,0.9741059319757335
76561198198102387,0,0.006902916356921196,2,0.9741059319757335
76561198309824003,0,0.005428892560303211,2,0.9741059319757335
76561198023583406,0,0.0053534130565822124,2,0.9741059319757335
76561198078479821,0,0.031106479465961456,2,0.9741059319757335
76561198055521792,0,0.00420706532895565,2,0.9741059319757335
76561198254633430,0,0.0040585934184491634,2,0.9741059319757335
76561199158064740,0,0.10314884781837463,2,0.9741059319757335
76561199781472949,0,0.007709620986133814,2,0.9741059319757335
76561198057269638,0,0.0045558693818748,2,0.9741059319757335
76561199247390227,0,0.009011571295559406,2,0.9741059319757335
76561198121394448,1,0.9922856092453003,2,0.9741059319757335
76561198312705890,0,0.4530348479747772,2,0.9741059319757335
76561198186430947,1,0.9651196599006653,2,0.9741059319757335
76561199322582112,0,0.9926307201385498,2,0.9741059319757335
76561198371969028,0,0.004568012896925211,2,0.9741059319757335
76561197977170887,0,0.018637526780366898,2,0.9741059319757335
76561198273894480,0,0.22791902720928192,2,0.9741059319757335
76561199160015235,0,0.9764882326126099,2,0.9741059319757335
76561199165587709,0,0.8083356022834778,2,0.9741059319757335
76561199290331648,1,0.9717891216278076,2,0.9741059319757335
76561199547661472,0,0.006528378929942846,2,0.9741059319757335
76561199052760261,0,0.03832385316491127,2,0.9741059319757335
76561197980295168,1,0.9764686822891235,2,0.9741059319757335
76561198015194745,0,0.005212017334997654,2,0.9741059319757335
76561198094011396,0,0.6565930843353271,2,0.9741059319757335
76561199608071995,0,0.7764418125152588,2,0.9741059319757335
76561199021484179,0,0.005324520170688629,2,0.9741059319757335
76561198857794204,0,0.004077729303389788,2,0.9741059319757335
76561198168137420,0,0.9595546126365662,2,0.9741059319757335
76561198013947595,0,0.9827867746353149,2,0.9741059319757335
76561198079400743,0,0.004848719574511051,2,0.9741059319757335
76561198045819656,1,0.9898082613945007,2,0.9741059319757335
76561198007264721,0,0.061699263751506805,2,0.9741059319757335
76561198058038675,0,0.07101541757583618,2,0.9741059319757335
76561198066996137,0,0.0047817169688642025,2,0.9741059319757335
76561198977222419,0,0.06986773759126663,2,0.9741059319757335
76561199047888751,0,0.0072157359682023525,2,0.9741059319757335
76561199098693011,0,0.022078534588217735,2,0.9741059319757335
76561198175307814,0,0.9665071964263916,2,0.9741059319757335
76561199237146648,0,0.0042502861469984055,2,0.9741059319757335
76561199006285979,0,0.004001340363174677,2,0.9741059319757335
76561199704939248,0,0.005729708820581436,2,0.9741059319757335
76561198866580211,1,0.9862675666809082,2,0.9741059319757335
76561199466893135,0,0.004120781552046537,2,0.9741059319757335
76561198044473911,0,0.004208674188703299,2,0.9741059319757335
76561198164604822,0,0.010098801925778389,2,0.9741059319757335
76561199631767961,0,0.027056457474827766,2,0.9741059319757335
76561198006258951,0,0.007552990224212408,2,0.9741059319757335
76561198388623155,0,0.01171186100691557,2,0.9741059319757335
76561199444576573,0,0.9845716953277588,2,0.9741059319757335
76561199223659446,0,0.006139666307717562,2,0.9741059319757335
76561199467661951,0,0.015142286196351051,2,0.9741059319757335
76561199795578172,0,0.9665148854255676,2,0.9741059319757335
76561198002077075,0,0.011981211602687836,2,0.9741059319757335
76561198979345847,0,0.004928105510771275,2,0.9741059319757335
76561198028358039,0,0.0049614873714745045,2,0.9741059319757335
76561199034324360,0,0.0063819075003266335,2,0.9741059319757335
76561198408997373,0,0.07762550562620163,2,0.9741059319757335
76561198095414153,0,0.012441162019968033,2,0.9741059319757335
76561198828575811,0,0.051746174693107605,2,0.9741059319757335
76561198044296386,0,0.006995833944529295,2,0.9741059319757335
76561198182753235,0,0.02707766555249691,2,0.9741059319757335
76561199185368076,0,0.006118885241448879,2,0.9741059319757335
76561198124331740,0,0.005418774671852589,2,0.9741059319757335
76561198094146613,0,0.004879648797214031,2,0.9741059319757335
76561198982600863,0,0.6341608762741089,2,0.9741059319757335
76561198007698710,0,0.003777340054512024,2,0.9741059319757335
76561199122137302,0,0.05294324457645416,2,0.9741059319757335
76561198044374275,0,0.010647174902260303,2,0.9741059319757335
76561198043765915,0,0.0142976650968194,2,0.9741059319757335
76561199275429952,0,0.007550881709903479,2,0.9741059319757335
76561198094738691,0,0.004714725539088249,2,0.9741059319757335
76561198053118511,0,0.0039005265571177006,2,0.9741059319757335
76561199720126913,0,0.18215270340442657,2,0.9741059319757335
76561199139755121,0,0.004217005334794521,2,0.9741059319757335
76561198094945573,0,0.0038412699941545725,2,0.9741059319757335
76561198137896297,0,0.0042481920681893826,2,0.9741059319757335
76561198876802443,0,0.004330716095864773,2,0.9741059319757335
76561198032084767,0,0.9841935038566589,2,0.9741059319757335
76561198038584394,0,0.0055687446147203445,2,0.9741059319757335
76561198133619726,0,0.00718655064702034,2,0.9741059319757335
76561198156360675,0,0.06823486089706421,2,0.9741059319757335
76561198289531088,0,0.007550673559308052,2,0.9741059319757335
76561198041039982,0,0.7893631458282471,2,0.9741059319757335
76561198106192788,0,0.004380580969154835,2,0.9741059319757335
76561198188606346,0,0.032016027718782425,2,0.9741059319757335
76561199305642386,0,0.004408599808812141,2,0.9741059319757335
76561198169079288,0,0.0060785734094679356,2,0.9741059319757335
76561199097821935,0,0.008029057644307613,2,0.9741059319757335
76561198117551466,0,0.0049042003229260445,2,0.9741059319757335
76561197991363262,0,0.006059080827981234,2,0.9741059319757335
76561199268149973,1,0.9921548962593079,2,0.9741059319757335
76561199402672931,0,0.00521934824064374,2,0.9741059319757335
76561198257457082,0,0.0678902342915535,2,0.9741059319757335
76561198377008113,0,0.013180066831409931,2,0.9741059319757335
76561198062817505,0,0.036366045475006104,2,0.9741059319757335
76561198135416965,0,0.01473869290202856,2,0.9741059319757335
76561197960856568,0,0.00742135476320982,2,0.9741059319757335
76561198450586865,0,0.0045713805593550205,2,0.9741059319757335
76561198851489856,0,0.0049864198081195354,2,0.9741059319757335
76561198842232442,0,0.4644172489643097,2,0.9741059319757335
76561198972345437,0,0.005233673378825188,2,0.9741059319757335
76561198959776192,0,0.03587021678686142,2,0.9741059319757335
76561198991869873,0,0.006947136949747801,2,0.9741059319757335
76561197996814718,0,0.005106175318360329,2,0.9741059319757335
76561199046273066,0,0.8990493416786194,2,0.9741059319757335
76561198042213767,0,0.009302930906414986,2,0.9741059319757335
76561198086386612,0,0.7976505160331726,2,0.9741059319757335
76561199276840701,0,0.004880873020738363,2,0.9741059319757335
76561198993921525,1,0.9729682207107544,2,0.9741059319757335
76561198045751204,1,0.9787018299102783,2,0.9741059319757335
76561198260164569,0,0.06631158292293549,2,0.9741059319757335
76561199187144962,0,0.007268412038683891,2,0.9741059319757335
76561198157446057,0,0.004083519335836172,2,0.9741059319757335
76561198359394335,0,0.7517364025115967,2,0.9741059319757335
76561198135191439,0,0.01602606475353241,2,0.9741059319757335
76561199095298701,0,0.9795952439308167,2,0.9741059319757335
76561198811629172,0,0.9435587525367737,2,0.9741059319757335
76561198256586418,0,0.004191253799945116,2,0.9741059319757335
76561198923802022,0,0.05359387397766113,2,0.9741059319757335
76561198072713240,0,0.41981497406959534,2,0.9741059319757335
76561197970782409,0,0.006751726847141981,2,0.9741059319757335
76561197998937608,0,0.0057386364787817,2,0.9741059319757335
76561198964351420,0,0.9446566700935364,2,0.9741059319757335
76561199082355226,0,0.02237090840935707,2,0.9741059319757335
76561198280879247,0,0.004776641260832548,2,0.9741059319757335
76561199201287753,0,0.005268668290227652,2,0.9741059319757335
76561198107902878,0,0.006824200041592121,2,0.9741059319757335
76561199053800988,0,0.00957091897726059,2,0.9741059319757335
76561198030905392,0,0.0064732288010418415,2,0.9741059319757335
76561198025998399,0,0.005481718108057976,2,0.9741059319757335
76561199512048686,0,0.11160504072904587,2,0.9741059319757335
76561198101970306,0,0.016286443918943405,2,0.9741059319757335
76561198104483551,0,0.005025061313062906,2,0.9741059319757335
76561198235388880,0,0.09217612445354462,2,0.9741059319757335
76561199157994520,0,0.005265026353299618,2,0.9741059319757335
76561199030416258,0,0.005054590757936239,2,0.9741059319757335
76561198090391354,0,0.01368201244622469,2,0.9741059319757335
76561198104417057,0,0.5377745628356934,2,0.9741059319757335
76561198330740969,0,0.004641753621399403,2,0.9741059319757335
76561198850310426,0,0.17634302377700806,2,0.9741059319757335
76561198078595713,0,0.012366394512355328,2,0.9741059319757335
76561198136375953,0,0.3812451958656311,2,0.9741059319757335
76561199159621382,0,0.00479496456682682,2,0.9741059319757335
76561199209757583,0,0.24424459040164948,2,0.9741059319757335
76561198297153715,0,0.0401715524494648,2,0.9741059319757335
76561198356742878,0,0.005895308684557676,2,0.9741059319757335
76561199178832995,0,0.11832031607627869,2,0.9741059319757335
76561198400285227,0,0.00742135476320982,2,0.9741059319757335
76561198877758967,0,0.012969464994966984,2,0.9741059319757335
76561199128813830,0,0.005080359987914562,2,0.9741059319757335
76561198006212023,0,0.01699024625122547,2,0.9741059319757335
76561198103811365,0,0.0043374220840632915,2,0.9741059319757335
76561199466827559,0,0.005322772543877363,2,0.9741059319757335
76561198087243745,0,0.004788375459611416,2,0.9741059319757335
76561199070130109,0,0.004799239803105593,2,0.9741059319757335
76561197975919645,0,0.010935032740235329,2,0.9741059319757335
76561199247020737,0,0.00570982601493597,2,0.9741059319757335
76561198433370577,0,0.004788375459611416,2,0.9741059319757335
76561199033428066,0,0.0039773499593138695,2,0.9741059319757335
76561197996783873,0,0.006578527856618166,2,0.9741059319757335
76561198983326040,0,0.003981606103479862,2,0.9741059319757335
76561198086658736,0,0.004287710878998041,2,0.9741059319757335
76561198257854460,0,0.0037064512725919485,2,0.9741059319757335
76561198446959992,0,0.025770442560315132,2,0.9741059319757335
76561198045937649,0,0.6429325938224792,2,0.9741059319757335
76561198015017190,0,0.004229082725942135,2,0.9741059319757335
76561198972718994,0,0.007243258412927389,2,0.9741059319757335
76561199119706103,0,0.5951707363128662,2,0.9741059319757335
76561199078957967,0,0.004898527637124062,2,0.9741059319757335
76561198824624477,0,0.007850992493331432,2,0.9741059319757335
76561197986547556,1,0.9343146681785583,2,0.9741059319757335
76561199011692185,0,0.04533569887280464,2,0.9741059319757335
76561199056018296,0,0.004427360370755196,2,0.9741059319757335
76561198964843634,0,0.07665902376174927,2,0.9741059319757335
76561198054719566,0,0.15109783411026,2,0.9741059319757335
76561198061730205,0,0.00489176157861948,2,0.9741059319757335
76561198453445997,0,0.007234702352434397,2,0.9741059319757335
76561198275271490,0,0.0042502861469984055,2,0.9741059319757335
76561197970610590,0,0.11266905069351196,2,0.9741059319757335
76561198044288685,0,0.004551989492028952,2,0.9741059319757335
76561198033453895,0,0.006076594348996878,2,0.9741059319757335
76561198041772949,0,0.011106202378869057,2,0.9741059319757335
76561198006692158,1,0.9684090614318848,2,0.9741059319757335
76561198187684554,0,0.19241474568843842,2,0.9741059319757335
76561198055669831,0,0.006859635002911091,2,0.9741059319757335
76561197990513912,0,0.011882539838552475,2,0.9741059319757335
76561198347549730,0,0.2572193145751953,2,0.9741059319757335
76561199021281202,0,0.004567489959299564,2,0.9741059319757335
76561198111761215,0,0.014265389181673527,2,0.9741059319757335
76561199386181736,0,0.11191557347774506,2,0.9741059319757335
76561198231140656,0,0.004549027886241674,2,0.9741059319757335
76561199145590937,0,0.8152758479118347,2,0.9741059319757335
76561199085467182,1,0.991905927658081,2,0.9741059319757335
76561199676188492,0,0.9888761639595032,2,0.9741059319757335
76561199123145867,1,0.9916946291923523,2,0.9741059319757335
76561199078378895,0,0.008895950391888618,2,0.9741059319757335
76561198994131036,0,0.010164100676774979,2,0.9741059319757335
76561197999550029,0,0.42784738540649414,2,0.9741059319757335
76561199106060294,0,0.00804598443210125,2,0.9741059319757335
76561198923786611,0,0.9864081144332886,2,0.9741059319757335
76561198303490708,0,0.05792493000626564,2,0.9741059319757335
76561199230403743,0,0.008269118145108223,2,0.9741059319757335
76561198097716344,0,0.12381602823734283,2,0.9741059319757335
76561199082292893,0,0.004892843309789896,2,0.9741059319757335
76561199660847629,0,0.011970743536949158,2,0.9741059319757335
76561198868154608,0,0.004682016093283892,2,0.9741059319757335
76561199221387071,0,0.019128382205963135,2,0.9741059319757335
76561199113002008,0,0.7814277410507202,2,0.9741059319757335
76561198150529872,0,0.004578247666358948,2,0.9741059319757335
76561199025444864,0,0.19701147079467773,2,0.9741059319757335
76561198352607011,1,0.8091379404067993,2,0.9741059319757335
76561198127234838,0,0.0047277300618588924,2,0.9741059319757335
76561198843848738,0,0.004384919535368681,2,0.9741059319757335
76561197995422896,0,0.9504985809326172,2,0.9741059319757335
76561198151072556,0,0.00633692741394043,2,0.9741059319757335
76561197976701291,0,0.03554462641477585,2,0.9741059319757335
76561199153452762,0,0.004250077065080404,2,0.9741059319757335
76561198141518683,0,0.9531551599502563,2,0.9741059319757335
76561198168190346,0,0.06162290275096893,2,0.9741059319757335
76561198059540193,0,0.25111469626426697,2,0.9741059319757335
76561199411384091,0,0.02489478886127472,2,0.9741059319757335
76561198287559088,0,0.05309966951608658,2,0.9741059319757335
76561198038758015,0,0.0072069112211465836,2,0.9741059319757335
76561198364354165,1,0.8195527195930481,2,0.9741059319757335
76561199014818086,0,0.9669600129127502,2,0.9741059319757335
76561198355912048,0,0.005619295872747898,2,0.9741059319757335
76561198880076233,0,0.64959716796875,2,0.9741059319757335
76561198040077998,0,0.029412878677248955,2,0.9741059319757335
76561198070290689,0,0.004482918418943882,2,0.9741059319757335
76561198006592307,0,0.006630952935665846,2,0.9741059319757335
76561198017737064,0,0.008475019596517086,2,0.9741059319757335
76561199114742018,0,0.004092901013791561,2,0.9741059319757335
76561198098025978,0,0.7935774922370911,2,0.9741059319757335
76561199047748083,0,0.004642101936042309,2,0.9741059319757335
76561197964205700,0,0.0037485817447304726,2,0.9741059319757335
76561199495698843,0,0.004238499328494072,2,0.9741059319757335
76561198408221174,0,0.060887277126312256,2,0.9741059319757335
76561198250141994,0,0.017824554815888405,2,0.9741059319757335
76561198320391175,0,0.005332809407263994,2,0.9741059319757335
76561198977483022,0,0.0045448169112205505,2,0.9741059319757335
76561198364309262,0,0.0064601898193359375,2,0.9741059319757335
76561199237965845,0,0.008418862707912922,2,0.9741059319757335
76561198342200040,0,0.028500612825155258,2,0.9741059319757335
76561199044864559,0,0.003992012701928616,2,0.9741059319757335
76561198174610049,0,0.016890952363610268,2,0.9741059319757335
76561198329149177,0,0.03841361030936241,2,0.9741059319757335
76561198143388459,0,0.005275110248476267,2,0.9741059319757335
76561198038134735,0,0.004911438561975956,2,0.9741059319757335
76561198400894468,0,0.005594034679234028,2,0.9741059319757335
76561199211771673,0,0.010636546649038792,2,0.9741059319757335
76561198442961132,0,0.04386744648218155,2,0.9741059319757335
76561198439375890,0,0.00448406208306551,2,0.9741059319757335
76561199587841577,0,0.005272878333926201,2,0.9741059319757335
76561197971465404,0,0.9774582386016846,2,0.9741059319757335
76561199122343931,0,0.005005403887480497,2,0.9741059319757335
76561198053604235,0,0.005062226206064224,2,0.9741059319757335
76561197995554924,0,0.004229554440826178,2,0.9741059319757335
76561198132262810,0,0.0063512749038636684,2,0.9741059319757335
76561198030761026,0,0.0072261858731508255,2,0.9741059319757335
76561199187496380,0,0.9818664193153381,2,0.9741059319757335
76561198930162394,0,0.04782836139202118,2,0.9741059319757335
76561199066530624,0,0.0048066540621221066,2,0.9741059319757335
76561199024000679,0,0.0037250660825520754,2,0.9741059319757335
76561198060510045,0,0.007212372031062841,2,0.9741059319757335
76561198070645367,0,0.04935597628355026,2,0.9741059319757335
76561198243968026,0,0.005423492752015591,2,0.9741059319757335
76561199246300576,0,0.0039773499593138695,2,0.9741059319757335
76561198198634717,0,0.004167577717453241,2,0.9741059319757335
76561198092190621,0,0.005774237215518951,2,0.9741059319757335
76561198289794794,0,0.00997800100594759,2,0.9741059319757335
76561198377794967,0,0.02188042178750038,2,0.9741059319757335
76561198182669741,0,0.017016803845763206,2,0.9741059319757335
76561198288712251,0,0.0042963637970387936,2,0.9741059319757335
76561199122166058,0,0.009994539432227612,2,0.9741059319757335
76561198074443454,0,0.004799239803105593,2,0.9741059319757335
76561198128749264,0,0.07369958609342575,2,0.9741059319757335
76561199383854004,0,0.009132003411650658,2,0.9741059319757335
76561199071049560,0,0.008051359094679356,2,0.9741059319757335
76561199383384862,0,0.008983428589999676,2,0.9741059319757335
76561198086209831,0,0.005560944322496653,2,0.9741059319757335
76561198049940473,0,0.29673805832862854,2,0.9741059319757335
76561198249467686,0,0.0050079128704965115,2,0.9741059319757335
76561198054823774,0,0.005335722118616104,2,0.9741059319757335
76561198059416502,0,0.2723464071750641,2,0.9741059319757335
76561199339462266,0,0.02137300744652748,2,0.9741059319757335
76561198998661163,0,0.9542862176895142,2,0.9741059319757335
76561199126740608,0,0.005799347534775734,2,0.9741059319757335
76561199555226425,0,0.004546981304883957,2,0.9741059319757335
76561198858302045,0,0.008482307195663452,2,0.9741059319757335
76561198880051177,0,0.010365153662860394,2,0.9741059319757335
76561198064655633,0,0.8979341983795166,2,0.9741059319757335
76561198075459801,0,0.1125960722565651,2,0.9741059319757335
76561199198487253,0,0.10223730653524399,2,0.9741059319757335
76561198071663768,0,0.02325258031487465,2,0.9741059319757335
76561199118982748,0,0.9515269994735718,2,0.9741059319757335
76561198122112819,0,0.963615357875824,2,0.9741059319757335
76561198164492072,0,0.00797282624989748,2,0.9741059319757335
76561199022206047,0,0.01374983973801136,2,0.9741059319757335
76561198328690039,0,0.09625662118196487,2,0.9741059319757335
76561198377608765,0,0.12015137821435928,2,0.9741059319757335
76561198366157616,0,0.004805105738341808,2,0.9741059319757335
76561198306020792,0,0.02315574511885643,2,0.9741059319757335
76561199222886972,0,0.0049321032129228115,2,0.9741059319757335
76561198052659013,1,0.01201295293867588,2,0.9741059319757335
76561198377416410,0,0.005424475762993097,2,0.9741059319757335
76561199510831154,0,0.004822784569114447,2,0.9741059319757335
76561198243537144,0,0.06361456960439682,2,0.9741059319757335
76561198081363185,0,0.006296295672655106,2,0.9741059319757335
76561198007960046,0,0.005395705346018076,2,0.9741059319757335
76561199052320229,0,0.9700304269790649,2,0.9741059319757335
76561199147116151,0,0.020622359588742256,2,0.9741059319757335
76561199509375667,0,0.9605728983879089,2,0.9741059319757335
76561198077498061,0,0.007467023096978664,2,0.9741059319757335
76561199121845829,0,0.003952485043555498,2,0.9741059319757335
76561198298933618,0,0.0043882448226213455,2,0.9741059319757335
76561198369351774,0,0.005978748667985201,2,0.9741059319757335
76561198009193665,0,0.9409786462783813,2,0.9741059319757335
76561199134732549,0,0.0074271950870752335,2,0.9741059319757335
76561198217870887,0,0.035306330770254135,2,0.9741059319757335
76561198000160507,0,0.0041094277985394,2,0.9741059319757335
76561199013589487,0,0.017629344016313553,2,0.9741059319757335
76561198252925738,0,0.9602799415588379,2,0.9741059319757335
76561198093148726,0,0.00418494176119566,2,0.9741059319757335
76561198288550473,0,0.9666732549667358,2,0.9741059319757335
76561198840230249,0,0.7816232442855835,2,0.9741059319757335
76561198410660490,0,0.007448143325746059,2,0.9741059319757335
76561199033743605,0,0.005811622366309166,2,0.9741059319757335
76561199055318642,0,0.10568822920322418,2,0.9741059319757335
76561198142948991,0,0.010209430009126663,2,0.9741059319757335
76561198979990518,0,0.17748036980628967,2,0.9741059319757335
76561199476356263,0,0.004466927610337734,2,0.9741059319757335
76561198887818218,0,0.007013197056949139,2,0.9741059319757335
76561198994682551,0,0.010089395567774773,2,0.9741059319757335
76561198381271484,0,0.006183992139995098,2,0.9741059319757335
76561198070716649,0,0.00827261433005333,2,0.9741059319757335
76561199013955706,0,0.07113523781299591,2,0.9741059319757335
76561198254662023,0,0.004117526579648256,2,0.9741059319757335
76561198121420984,0,0.00786608550697565,2,0.9741059319757335
76561198312467013,0,0.0039609153755009174,2,0.9741059319757335
76561198115182369,0,0.004457833245396614,2,0.9741059319757335
76561198123322092,0,0.04256954789161682,2,0.9741059319757335
76561199540757812,0,0.004821848589926958,2,0.9741059319757335
76561198099301213,0,0.008790792897343636,2,0.9741059319757335
76561198039163127,0,0.009007629007101059,2,0.9741059319757335
76561198025357069,0,0.004352892749011517,2,0.9741059319757335
76561198064423192,0,0.0048882020637393,2,0.9741059319757335
76561199128039584,0,0.0051682316698133945,2,0.9741059319757335
76561197998833136,0,0.06757935881614685,2,0.9741059319757335
76561198929320668,0,0.6657922863960266,2,0.9741059319757335
76561198095078492,0,0.00532212620601058,2,0.9741059319757335
76561198040708944,0,0.7221605777740479,2,0.9741059319757335
76561198131543270,0,0.00444566085934639,2,0.9741059319757335
76561198080084745,0,0.07781831920146942,2,0.9741059319757335
76561199126306532,0,0.011088384315371513,2,0.9741059319757335
76561199225745497,0,0.039877478033304214,2,0.9741059319757335
76561198989603364,0,0.00613053934648633,2,0.9741059319757335
76561199183443190,0,0.043805062770843506,2,0.9741059319757335
76561198150748548,0,0.04314066097140312,2,0.9741059319757335
76561198947820317,0,0.005091204773634672,2,0.9741059319757335
76561199139925334,0,0.7886025309562683,2,0.9741059319757335
76561199513922289,0,0.5329656600952148,2,0.9741059319757335
76561198104682915,0,0.005489550530910492,2,0.9741059319757335
76561198930338960,0,0.005083142314106226,2,0.9741059319757335
76561198150143392,0,0.005158112850040197,2,0.9741059319757335
76561199130527452,0,0.494838148355484,2,0.9741059319757335
76561199279577837,0,0.377811074256897,2,0.9741059319757335
76561198141338633,0,0.004716833122074604,2,0.9741059319757335
76561198164861285,0,0.004408599808812141,2,0.9741059319757335
76561198320643216,0,0.004835477564483881,2,0.9741059319757335
76561199212748466,0,0.007632025983184576,2,0.9741059319757335
76561198071507468,0,0.14088553190231323,2,0.9741059319757335
76561198003600719,0,0.008235997520387173,2,0.9741059319757335
76561198048869847,0,0.005405282136052847,2,0.9741059319757335
76561199133463182,0,0.023071246221661568,2,0.9741059319757335
76561198020081311,0,0.49649786949157715,2,0.9741059319757335
76561198095417202,0,0.5132157206535339,2,0.9741059319757335
76561198043955961,0,0.5833483934402466,2,0.9741059319757335
76561198060487330,0,0.5295251607894897,2,0.9741059319757335
76561198063198223,0,0.005747839342802763,2,0.9741059319757335
76561198053077814,0,0.006948291789740324,2,0.9741059319757335
76561198161396539,0,0.010700530372560024,2,0.9741059319757335
76561199769713985,0,0.00652922922745347,2,0.9741059319757335
76561199182791616,0,0.972844123840332,2,0.9741059319757335
76561199471394735,0,0.010340793989598751,2,0.9741059319757335
76561198043968509,0,0.9341320991516113,2,0.9741059319757335
76561198876377986,0,0.7702997922897339,2,0.9741059319757335
76561198081870915,0,0.006396171171218157,2,0.9741059319757335
76561198061196847,0,0.007879650220274925,2,0.9741059319757335
76561198211013045,0,0.040703028440475464,2,0.9741059319757335
76561199061734344,0,0.03123633749783039,2,0.9741059319757335
76561199053989127,0,0.8633614182472229,2,0.9741059319757335
76561199466456611,0,0.006925438996404409,2,0.9741059319757335
76561199006321292,1,0.9454423189163208,2,0.9741059319757335
76561197971144419,0,0.33621957898139954,2,0.9741059319757335
76561197991584977,0,0.004412839654833078,2,0.9741059319757335
76561199393113153,0,0.004751234315335751,2,0.9741059319757335
76561198045777406,0,0.005500168539583683,2,0.9741059319757335
76561199070150310,0,0.18602816760540009,2,0.9741059319757335
76561198839612505,0,0.006039942614734173,2,0.9741059319757335
76561199565260942,0,0.005938858725130558,2,0.9741059319757335
76561199059811986,0,0.007644176948815584,2,0.9741059319757335
76561199076872724,0,0.1178106963634491,2,0.9741059319757335
76561199080704999,0,0.008102137595415115,2,0.9741059319757335
76561198007807103,0,0.6538897752761841,2,0.9741059319757335
76561197968400395,0,0.025050347670912743,2,0.9741059319757335
76561197999570033,0,0.23692505061626434,2,0.9741059319757335
76561198971996679,0,0.02297278307378292,2,0.9741059319757335
76561198800271699,0,0.061371996998786926,2,0.9741059319757335
76561199155243094,0,0.004755524918437004,2,0.9741059319757335
76561199061264140,0,0.0035669582430273294,2,0.9741059319757335
76561198309468582,0,0.053601402789354324,2,0.9741059319757335
76561198109885736,0,0.010387550108134747,2,0.9741059319757335
76561198799067070,0,0.9740167260169983,2,0.9741059319757335
76561199131565604,0,0.00533318193629384,2,0.9741059319757335
76561198009062658,0,0.5217543840408325,2,0.9741059319757335
76561199238124464,1,0.8862994313240051,2,0.9741059319757335
76561198047690915,0,0.01892678439617157,2,0.9741059319757335
76561198405879204,0,0.17595812678337097,2,0.9741059319757335
76561199061551569,0,0.013931178487837315,2,0.9741059319757335
76561198137441082,0,0.012497578747570515,2,0.9741059319757335
76561197988251532,0,0.007069576531648636,2,0.9741059319757335
76561199641918443,0,0.008878016844391823,2,0.9741059319757335
76561197962194532,0,0.008246496319770813,2,0.9741059319757335
76561198361482043,0,0.9490036964416504,2,0.9741059319757335
76561198071783689,0,0.008847422897815704,2,0.9741059319757335
76561198309079037,0,0.00889753457158804,2,0.9741059319757335
76561199194225202,0,0.006768657360225916,2,0.9741059319757335
76561199525582551,0,0.007515025325119495,2,0.9741059319757335
76561198155804394,0,0.005734208971261978,2,0.9741059319757335
76561198130039812,1,0.9828503131866455,2,0.9741059319757335
76561198333882533,0,0.005684057716280222,2,0.9741059319757335
76561198033319413,0,0.017771407961845398,2,0.9741059319757335
76561199403016235,1,0.990017831325531,2,0.9741059319757335
76561199203546614,0,0.006184314377605915,2,0.9741059319757335
76561199683609520,0,0.003707098076120019,2,0.9741059319757335
76561198037578696,0,0.01795525848865509,2,0.9741059319757335
76561199369043577,0,0.010697350837290287,2,0.9741059319757335
76561198804665158,0,0.00513001624494791,2,0.9741059319757335
76561198006810933,0,0.00845700316131115,2,0.9741059319757335
76561198097981828,0,0.05812404677271843,2,0.9741059319757335
76561199390891622,0,0.009581225924193859,2,0.9741059319757335
76561198097574606,0,0.006800835020840168,2,0.9741059319757335
76561198130596640,0,0.007207096088677645,2,0.9741059319757335
76561199101024403,0,0.01591390371322632,2,0.9741059319757335
76561198969850471,0,0.015608237124979496,2,0.9741059319757335
76561198837794035,0,0.00521464366465807,2,0.9741059319757335
76561198963514952,0,0.004585539922118187,2,0.9741059319757335
76561198311504108,0,0.005852035246789455,2,0.9741059319757335
76561199077570104,0,0.006771831773221493,2,0.9741059319757335
76561198252609780,0,0.0051064519211649895,2,0.9741059319757335
76561197960435829,0,0.034681081771850586,2,0.9741059319757335
76561198277992917,0,0.004862747620791197,2,0.9741059319757335
76561198167769075,0,0.004408599808812141,2,0.9741059319757335
76561198175220306,0,0.0038347216323018074,2,0.9741059319757335
76561198068035060,0,0.0050049531273543835,2,0.9741059319757335
76561198310360621,0,0.16971451044082642,2,0.9741059319757335
76561199089660878,0,0.01446404866874218,2,0.9741059319757335
76561198375555520,0,0.15143494307994843,2,0.9741059319757335
76561199203984019,0,0.8620391488075256,2,0.9741059319757335
76561198988855341,0,0.005503273569047451,2,0.9741059319757335
76561198069880940,0,0.012502451427280903,2,0.9741059319757335
76561198076076740,0,0.003804763313382864,2,0.9741059319757335
76561198356148046,0,0.016749689355492592,2,0.9741059319757335
76561198917150225,0,0.21706154942512512,2,0.9741059319757335
76561198962462732,0,0.008344382978975773,2,0.9741059319757335
76561199421486836,0,0.004404495004564524,2,0.9741059319757335
76561198848040066,0,0.004629511386156082,2,0.9741059319757335
76561199382532522,0,0.04367006942629814,2,0.9741059319757335
76561199518870192,0,0.005205248016864061,2,0.9741059319757335
76561198147471089,0,0.008262853138148785,2,0.9741059319757335
76561198141683547,0,0.0068669444881379604,2,0.9741059319757335
76561198323722323,0,0.006236452609300613,2,0.9741059319757335
76561198341265277,0,0.15698938071727753,2,0.9741059319757335
76561197999864550,0,0.35296308994293213,2,0.9741059319757335
76561199013103592,0,0.942021369934082,2,0.9741059319757335
76561198130107343,0,0.19865527749061584,2,0.9741059319757335
76561198253357968,0,0.008057981729507446,2,0.9741059319757335
76561198068698590,0,0.12561482191085815,2,0.9741059319757335
76561198182989757,0,0.31243959069252014,2,0.9741059319757335
76561199381098343,0,0.010981809347867966,2,0.9741059319757335
76561199053271640,0,0.047445498406887054,2,0.9741059319757335
76561198011470878,0,0.04729900509119034,2,0.9741059319757335
76561198285752834,0,0.8548805117607117,2,0.9741059319757335
76561199216745197,0,0.0231549683958292,2,0.9741059319757335
76561198370859759,0,0.014399203471839428,2,0.9741059319757335
76561198024840771,0,0.00468403659760952,2,0.9741059319757335
76561198854924553,0,0.007004939951002598,2,0.9741059319757335
76561198406240775,0,0.04289917275309563,2,0.9741059319757335
76561199138691928,0,0.14232850074768066,2,0.9741059319757335
76561198048424291,0,0.006704133469611406,2,0.9741059319757335
76561198143915734,0,0.0077990456484258175,2,0.9741059319757335
76561198079216132,0,0.0040013547986745834,2,0.9741059319757335
76561199092274226,0,0.6045210957527161,2,0.9741059319757335
76561199166767011,0,0.004783818498253822,2,0.9741059319757335
76561198111227340,0,0.08109520375728607,2,0.9741059319757335
76561198134095339,0,0.00885071698576212,2,0.9741059319757335
76561198154087674,0,0.006176342722028494,2,0.9741059319757335
76561199034665320,0,0.021352360025048256,2,0.9741059319757335
76561199093321985,0,0.005853214301168919,2,0.9741059319757335
76561198027516834,0,0.02817470207810402,2,0.9741059319757335
76561198080147714,0,0.004413658753037453,2,0.9741059319757335
76561199618131822,0,0.7397168278694153,2,0.9741059319757335
76561198069344932,0,0.067748062312603,2,0.9741059319757335
76561198072263613,0,0.004481774289160967,2,0.9741059319757335
76561199542545536,0,0.004413658753037453,2,0.9741059319757335
76561198066230355,0,0.005646666511893272,2,0.9741059319757335
76561199203706544,0,0.6344009041786194,2,0.9741059319757335
76561198944124241,0,0.02933887578547001,2,0.9741059319757335
76561199569205485,0,0.006363634020090103,2,0.9741059319757335
76561199129242216,0,0.0248695258051157,2,0.9741059319757335
76561198977926706,0,0.19791924953460693,2,0.9741059319757335
76561198935392811,0,0.0059836870059370995,2,0.9741059319757335
76561198020200803,0,0.004645403474569321,2,0.9741059319757335
76561198310806329,0,0.13466204702854156,2,0.9741059319757335
76561198975961326,0,0.009929679334163666,2,0.9741059319757335
76561199044838273,0,0.004693224094808102,2,0.9741059319757335
76561199229832139,0,0.006625107489526272,2,0.9741059319757335
76561198172112413,0,0.005420610774308443,2,0.9741059319757335
76561198034317545,0,0.00726759247481823,2,0.9741059319757335
76561197977117632,0,0.012022589333355427,2,0.9741059319757335
76561198987710149,0,0.004914776422083378,2,0.9741059319757335
76561199486062129,0,0.005005727522075176,2,0.9741059319757335
76561199501546614,0,0.0109241409227252,2,0.9741059319757335
76561198163566361,0,0.006150021683424711,2,0.9741059319757335
76561198035119148,0,0.008431796915829182,2,0.9741059319757335
76561197976591507,0,0.03282152861356735,2,0.9741059319757335
76561198020698245,1,0.9902580976486206,2,0.9741059319757335
76561198841284523,0,0.004555802326649427,2,0.9741059319757335
76561198098214756,0,0.004118266049772501,2,0.9741059319757335
76561198197959383,0,0.9722238779067993,2,0.9741059319757335
76561199050861049,0,0.005596619565039873,2,0.9741059319757335
76561199405409129,0,0.019483940675854683,2,0.9741059319757335
76561199091232399,1,0.9729514122009277,2,0.9741059319757335
76561198872289832,0,0.008199729025363922,2,0.9741059319757335
76561198111156248,0,0.0044188606552779675,2,0.9741059319757335
76561198123595923,0,0.006143065635114908,2,0.9741059319757335
76561198441143027,0,0.011922591365873814,2,0.9741059319757335
76561199141398890,0,0.01841440238058567,2,0.9741059319757335
76561198871439641,0,0.00729420967400074,2,0.9741059319757335
76561198314571536,0,0.00543768098577857,2,0.9741059319757335
76561198007866321,0,0.15478737652301788,2,0.9741059319757335
76561199089325166,0,0.0050093624740839005,2,0.9741059319757335
76561198190347991,0,0.01830330304801464,2,0.9741059319757335
76561198328457043,0,0.004944609012454748,2,0.9741059319757335
76561198017131166,0,0.003674502018839121,2,0.9741059319757335
76561198037083096,0,0.00548887625336647,2,0.9741059319757335
76561198139247740,0,0.005209909286350012,2,0.9741059319757335
76561199375657142,0,0.004390199668705463,2,0.9741059319757335
76561198875328164,0,0.004494793713092804,2,0.9741059319757335
76561198873942377,0,0.9185050129890442,2,0.9741059319757335
76561198878277447,0,0.025451837107539177,2,0.9741059319757335
76561198069297484,0,0.0050107454881072044,2,0.9741059319757335
76561199650027111,0,0.004541517235338688,2,0.9741059319757335
76561198009409513,0,0.004408599808812141,2,0.9741059319757335
76561199156630505,0,0.004799239803105593,2,0.9741059319757335
76561198372458293,0,0.004610700998455286,2,0.9741059319757335
76561199020669453,0,0.013830935582518578,2,0.9741059319757335
76561198152574932,0,0.044277459383010864,2,0.9741059319757335
76561198989788115,0,0.004880873020738363,2,0.9741059319757335
76561198158670883,0,0.008865219540894032,2,0.9741059319757335
76561199514540682,0,0.5693419575691223,2,0.9741059319757335
76561198294114007,1,0.9912298917770386,2,0.9741059319757335
76561198850882710,0,0.016813796013593674,2,0.9741059319757335
76561198076117494,0,0.18313060700893402,2,0.9741059319757335
76561198099016290,0,0.032519735395908356,2,0.9741059319757335
76561198041749740,0,0.008101440034806728,2,0.9741059319757335
76561198869575065,0,0.11298816651105881,2,0.9741059319757335
76561199481248158,0,0.00857086293399334,2,0.9741059319757335
76561198107917144,0,0.011100709438323975,2,0.9741059319757335
76561198993787205,0,0.6349046230316162,2,0.9741059319757335
76561198872929982,0,0.005661706440150738,2,0.9741059319757335
76561198115305737,0,0.009718943387269974,2,0.9741059319757335
76561198027182516,0,0.01290843728929758,2,0.9741059319757335
76561198057905922,0,0.058664146810770035,2,0.9741059319757335
76561198351224729,0,0.010241436772048473,2,0.9741059319757335
76561199087866318,0,0.34538549184799194,2,0.9741059319757335
76561197985761534,0,0.06393216550350189,2,0.9741059319757335
76561197993371565,0,0.014970230869948864,2,0.9741059319757335
76561198893560283,0,0.004115481395274401,2,0.9741059319757335
76561199058585284,0,0.26913076639175415,2,0.9741059319757335
76561198905771644,0,0.16461825370788574,2,0.9741059319757335
76561198154978902,0,0.006679822225123644,2,0.9741059319757335
76561199037248507,0,0.2651461362838745,2,0.9741059319757335
76561198175008658,1,0.9926629066467285,2,0.9741059319757335
76561198867813841,0,0.004679730162024498,2,0.9741059319757335
76561198034273648,0,0.009186018258333206,2,0.9741059319757335
76561198052269649,0,0.005636037327349186,2,0.9741059319757335
76561197989637522,0,0.02926265448331833,2,0.9741059319757335
76561199330004232,0,0.006138438358902931,2,0.9741059319757335
76561199173999196,0,0.30520200729370117,2,0.9741059319757335
76561198866346210,0,0.004408599808812141,2,0.9741059319757335
76561198418385992,0,0.004241995979100466,2,0.9741059319757335
76561199237650603,0,0.006997911725193262,2,0.9741059319757335
76561198001445843,0,0.00446179648861289,2,0.9741059319757335
76561198072700803,0,0.005734208971261978,2,0.9741059319757335
76561198116983727,1,0.9929518103599548,2,0.9741059319757335
76561198029691967,0,0.006076594348996878,2,0.9741059319757335
76561198084569626,0,0.07251279056072235,2,0.9741059319757335
76561198068530684,0,0.005463218782097101,2,0.9741059319757335
76561199810430245,0,0.004503184929490089,2,0.9741059319757335
76561198077056954,0,0.011362877674400806,2,0.9741059319757335
76561198022485977,0,0.014102775603532791,2,0.9741059319757335
76561198213439980,0,0.009296427480876446,2,0.9741059319757335
76561198034100918,0,0.022511782124638557,2,0.9741059319757335
76561198031521250,0,0.005062687676399946,2,0.9741059319757335
76561199192169527,0,0.006183992139995098,2,0.9741059319757335
76561199175930916,0,0.00698814308270812,2,0.9741059319757335
76561199517514007,0,0.0042426930740475655,2,0.9741059319757335
76561199588002673,0,0.004408599808812141,2,0.9741059319757335
76561198390390358,0,0.004408599808812141,2,0.9741059319757335
76561197998949476,0,0.004815894179046154,2,0.9741059319757335
76561198095968636,0,0.004848445300012827,2,0.9741059319757335
76561197971882349,0,0.004536381457000971,2,0.9741059319757335
76561199038819778,0,0.26281535625457764,2,0.9741059319757335
76561199626897694,0,0.1818709671497345,2,0.9741059319757335
76561199345246821,0,0.026070235297083855,2,0.9741059319757335
76561198187107082,0,0.004261974710971117,2,0.9741059319757335
76561198030753309,0,0.00705237640067935,2,0.9741059319757335
76561198810952786,0,0.004443179816007614,2,0.9741059319757335
76561199169746541,0,0.0035702562890946865,2,0.9741059319757335
76561198236446496,0,0.0064317951910197735,2,0.9741059319757335
76561199093852961,0,0.016951266676187515,2,0.9741059319757335
76561199015203197,0,0.01340955775231123,2,0.9741059319757335
76561199307155718,0,0.21793954074382782,2,0.9741059319757335
76561199190939694,0,0.004680605139583349,2,0.9741059319757335
76561198131608513,1,0.9668448567390442,2,0.9741059319757335
76561198144204932,0,0.007989033125340939,2,0.9741059319757335
76561199013507080,0,0.031023569405078888,2,0.9741059319757335
76561199154803061,0,0.005734208971261978,2,0.9741059319757335
76561197987906196,1,0.9904226064682007,2,0.9741059319757335
76561198103963806,0,0.0058249495923519135,2,0.9741059319757335
76561198066129186,0,0.010115236975252628,2,0.9741059319757335
76561198962320869,0,0.957554042339325,2,0.9741059319757335
76561198371526348,0,0.003992012701928616,2,0.9741059319757335
76561199709104143,0,0.00411065760999918,2,0.9741059319757335
76561199103665693,0,0.01727190613746643,2,0.9741059319757335
76561198123621125,0,0.0066698030568659306,2,0.9741059319757335
76561198215602797,0,0.010963567532598972,2,0.9741059319757335
76561198268747600,0,0.007767383009195328,2,0.9741059319757335
76561199065356173,0,0.007301647681742907,2,0.9741059319757335
76561198262526592,0,0.010643960908055305,2,0.9741059319757335
76561199479773377,0,0.005211526062339544,2,0.9741059319757335
76561198090929155,0,0.0054347519762814045,2,0.9741059319757335
76561199013849206,0,0.5327884554862976,2,0.9741059319757335
76561197993530264,0,0.33169397711753845,2,0.9741059319757335
76561198350214803,0,0.004566289018839598,2,0.9741059319757335
76561198263384640,0,0.008180148899555206,2,0.9741059319757335
76561199225569784,0,0.08360046148300171,2,0.9741059319757335
76561199229060755,1,0.9797676801681519,2,0.9741059319757335
76561198025025582,0,0.10713586956262589,2,0.9741059319757335
76561198110732729,0,0.005076067056506872,2,0.9741059319757335
76561198973683799,0,0.0040108379907906055,2,0.9741059319757335
76561198119120021,0,0.11069139093160629,2,0.9741059319757335
76561198047574082,0,0.17704205214977264,2,0.9741059319757335
76561198278745196,0,0.9649171829223633,2,0.9741059319757335
76561198031628393,0,0.01009140070527792,2,0.9741059319757335
76561198257890600,0,0.004618432838469744,2,0.9741059319757335
76561199086269905,0,0.008983428589999676,2,0.9741059319757335
76561198070176828,0,0.004716443829238415,2,0.9741059319757335
76561198004642720,0,0.2226131409406662,2,0.9741059319757335
76561198799156088,0,0.0411703884601593,2,0.9741059319757335
76561198424677102,0,0.011107249185442924,2,0.9741059319757335
76561198108051185,0,0.8013730645179749,2,0.9741059319757335
76561198800902190,0,0.5264148712158203,2,0.9741059319757335
76561198026795132,0,0.08319083601236343,2,0.9741059319757335
76561198958867718,1,0.8427063226699829,2,0.9741059319757335
76561198127296613,0,0.004120781552046537,2,0.9741059319757335
76561198210294417,0,0.004156715236604214,2,0.9741059319757335
76561198030748729,0,0.39172157645225525,2,0.9741059319757335
76561199154430175,0,0.0051224795170128345,2,0.9741059319757335
76561199165499214,0,0.008971160277724266,2,0.9741059319757335
76561198289843823,0,0.018367450684309006,2,0.9741059319757335
76561198020629167,0,0.264801949262619,2,0.9741059319757335
76561199273480800,0,0.00635348679497838,2,0.9741059319757335
76561199666257316,0,0.008908070623874664,2,0.9741059319757335
76561198097886779,0,0.004712013993412256,2,0.9741059319757335
76561198296820155,0,0.004556169733405113,2,0.9741059319757335
76561198127306101,0,0.1135893166065216,2,0.9741059319757335
76561199005785172,0,0.007352982647716999,2,0.9741059319757335
76561198104170725,1,0.9891831874847412,2,0.9741059319757335
76561198006680470,0,0.005201451946049929,2,0.9741059319757335
76561197967502044,0,0.0055131022818386555,2,0.9741059319757335
76561199045706293,0,0.010606366209685802,2,0.9741059319757335
76561198065583049,0,0.006226551719009876,2,0.9741059319757335
76561198351298744,0,0.01207548938691616,2,0.9741059319757335
76561198287651015,0,0.7393811941146851,2,0.9741059319757335
76561198037396342,0,0.004427570849657059,2,0.9741059319757335
76561198021693291,0,0.005152842961251736,2,0.9741059319757335
76561198242129002,0,0.009287578985095024,2,0.9741059319757335
76561198821731658,0,0.004145835991948843,2,0.9741059319757335
76561199218602313,0,0.017692191526293755,2,0.9741059319757335
76561198237317342,0,0.007657166104763746,2,0.9741059319757335
76561198807759219,0,0.005503273569047451,2,0.9741059319757335
76561198845623806,0,0.004472136031836271,2,0.9741059319757335
76561198008051157,0,0.3939323127269745,2,0.9741059319757335
76561198358681722,0,0.004120781552046537,2,0.9741059319757335
76561198290019228,0,0.004945340566337109,2,0.9741059319757335
76561198122061119,0,0.3090607821941376,2,0.9741059319757335
76561199476280543,0,0.023006420582532883,2,0.9741059319757335
76561197994628676,0,0.00578252924606204,2,0.9741059319757335
76561199071326468,0,0.009372924454510212,2,0.9741059319757335
76561198835395809,0,0.0240019503980875,2,0.9741059319757335
76561198239384526,0,0.005857649724930525,2,0.9741059319757335
76561197971107713,0,0.0065835220739245415,2,0.9741059319757335
76561198168854367,0,0.00775271886959672,2,0.9741059319757335
76561198986456207,0,0.006165540777146816,2,0.9741059319757335
76561198216534235,0,0.005809043534100056,2,0.9741059319757335
76561199093354536,0,0.004408599808812141,2,0.9741059319757335
76561198167734268,0,0.0041633727960288525,2,0.9741059319757335
76561197992736467,0,0.014390625059604645,2,0.9741059319757335
76561199201695336,0,0.2155841886997223,2,0.9741059319757335
76561199588443277,0,0.0034885606728494167,2,0.9741059319757335
76561198051312514,0,0.004489608108997345,2,0.9741059319757335
76561199185682614,0,0.005464791785925627,2,0.9741059319757335
76561198799080684,0,0.008955772966146469,2,0.9741059319757335
76561198039533572,0,0.004341932479292154,2,0.9741059319757335
76561198400142330,0,0.2778383195400238,2,0.9741059319757335
76561198112225487,0,0.020991526544094086,2,0.9741059319757335
76561198041630373,0,0.011340957134962082,2,0.9741059319757335
76561198887855551,0,0.004948608111590147,2,0.9741059319757335
76561199181860517,0,0.8536583781242371,2,0.9741059319757335
76561197977849941,0,0.02423788234591484,2,0.9741059319757335
76561198356454902,0,0.003750767558813095,2,0.9741059319757335
76561199049427479,0,0.004408599808812141,2,0.9741059319757335
76561198302881339,0,0.004611979704350233,2,0.9741059319757335
76561198325747802,0,0.004408599808812141,2,0.9741059319757335
76561198096925676,0,0.0039786119014024734,2,0.9741059319757335
76561197992877004,0,0.003998336847871542,2,0.9741059319757335
76561198861792152,0,0.0066181570291519165,2,0.9741059319757335
76561198078437704,0,0.00510786660015583,2,0.9741059319757335
76561198413815861,0,0.004241448361426592,2,0.9741059319757335
76561198101063322,0,0.004018144216388464,2,0.9741059319757335
76561198088912235,0,0.00395511370152235,2,0.9741059319757335
76561199086487831,0,0.834732711315155,2,0.9741059319757335
76561198796378220,0,0.0077978684566915035,2,0.9741059319757335
76561198172553265,0,0.004159254487603903,2,0.9741059319757335
76561198348994986,0,0.9549478888511658,2,0.9741059319757335
76561198804207043,0,0.009772619232535362,2,0.9741059319757335
76561198042943049,0,0.004899648018181324,2,0.9741059319757335
76561198031613807,0,0.008309213444590569,2,0.9741059319757335
76561198145239055,0,0.4259784519672394,2,0.9741059319757335
76561198011452665,0,0.15937736630439758,2,0.9741059319757335
76561198044490257,0,0.00406781118363142,2,0.9741059319757335
76561198437122114,0,0.005851008463650942,2,0.9741059319757335
76561199102042231,0,0.004495404660701752,2,0.9741059319757335
76561198343183191,0,0.9452358484268188,2,0.9741059319757335
76561198312544818,0,0.004130263812839985,2,0.9741059319757335
76561199116590168,0,0.7388880848884583,2,0.9741059319757335
76561198035710145,0,0.005265026353299618,2,0.9741059319757335
76561198096778559,0,0.007176677696406841,2,0.9741059319757335
76561198285495748,0,0.005906794685870409,2,0.9741059319757335
76561199021221639,0,0.006449483800679445,2,0.9741059319757335
76561199465690476,0,0.8578131794929504,2,0.9741059319757335
76561198307113573,0,0.0064472476951777935,2,0.9741059319757335
76561199154066672,0,0.008149492554366589,2,0.9741059319757335
76561198402227832,0,0.011582176201045513,2,0.9741059319757335
76561199383297306,0,0.00478662783280015,2,0.9741059319757335
76561198828653532,0,0.006389622110873461,2,0.9741059319757335
76561198210488969,0,0.005721990950405598,2,0.9741059319757335
76561199252350793,0,0.009561629965901375,2,0.9741059319757335
76561198043626891,0,0.006383854895830154,2,0.9741059319757335
76561198116369548,0,0.006064585410058498,2,0.9741059319757335
76561198015292581,0,0.006302319001406431,2,0.9741059319757335
76561198087769845,0,0.0070093353278934956,2,0.9741059319757335
76561198993278830,0,0.01126016303896904,2,0.9741059319757335
76561199044736285,0,0.2965048849582672,2,0.9741059319757335
76561199372233717,0,0.03198220208287239,2,0.9741059319757335
76561199490223559,0,0.004573182202875614,2,0.9741059319757335
76561198807397959,0,0.004629403818398714,2,0.9741059319757335
76561198966622135,0,0.0047686779871582985,2,0.9741059319757335
76561198967866215,0,0.9127921462059021,2,0.9741059319757335
76561198141871797,0,0.0075952340848743916,2,0.9741059319757335
76561199072714230,0,0.02920268289744854,2,0.9741059319757335
76561198056587751,0,0.9622662663459778,2,0.9741059319757335
76561198360486635,0,0.1931217908859253,2,0.9741059319757335
76561198196277314,0,0.00581936351954937,2,0.9741059319757335
76561197994381733,0,0.005935163702815771,2,0.9741059319757335
76561198347547313,0,0.01625414378941059,2,0.9741059319757335
76561199231744928,0,0.006183992139995098,2,0.9741059319757335
76561199132987270,0,0.012379971332848072,2,0.9741059319757335
76561198405573530,0,0.7029266953468323,2,0.9741059319757335
76561198074573647,0,0.5805489420890808,2,0.9741059319757335
76561198041194842,0,0.005388164427131414,2,0.9741059319757335
76561198251909414,0,0.013885961845517159,2,0.9741059319757335
76561198280033368,0,0.003677862463518977,2,0.9741059319757335
76561198043546517,0,0.23628471791744232,2,0.9741059319757335
76561198267941121,0,0.7686700224876404,2,0.9741059319757335
76561198056846379,0,0.008739156648516655,2,0.9741059319757335
76561198330243124,0,0.004461475182324648,2,0.9741059319757335
76561198798848523,0,0.004046947229653597,2,0.9741059319757335
76561199229726365,0,0.8356064558029175,2,0.9741059319757335
76561198071222512,0,0.9853265285491943,2,0.9741059319757335
76561198853723202,0,0.005371913779526949,2,0.9741059319757335
76561197972289174,0,0.006903910078108311,2,0.9741059319757335
76561199468614960,0,0.2451028823852539,2,0.9741059319757335
76561198006682654,0,0.004473682027310133,2,0.9741059319757335
76561199025245393,0,0.011373884975910187,2,0.9741059319757335
76561199067298610,0,0.032773565500974655,2,0.9741059319757335
76561199060893568,0,0.008468261919915676,2,0.9741059319757335
76561198031837023,0,0.2375432550907135,2,0.9741059319757335
76561198086690442,0,0.005222163628786802,2,0.9741059319757335
76561199158650404,0,0.01579853892326355,2,0.9741059319757335
76561198017339109,0,0.004440642427653074,2,0.9741059319757335
76561198108316907,0,0.9768791794776917,2,0.9741059319757335
76561198344593745,0,0.004904393572360277,2,0.9741059319757335
76561199245871194,0,0.0722401812672615,2,0.9741059319757335
76561198937070995,0,0.006812601815909147,2,0.9741059319757335
76561198966558266,1,0.9932867884635925,2,0.9741059319757335
76561199511526895,0,0.007160177920013666,2,0.9741059319757335
76561199166983843,0,0.020508412271738052,2,0.9741059319757335
76561199067529381,0,0.005292221903800964,2,0.9741059319757335
76561199160504662,0,0.005534106865525246,2,0.9741059319757335
76561199160614681,1,0.9927875399589539,2,0.9741059319757335
76561198237215818,0,0.0041214036755263805,2,0.9741059319757335
76561198194041891,0,0.21106351912021637,2,0.9741059319757335
76561199259319211,0,0.005475521087646484,2,0.9741059319757335
76561198030699482,0,0.23908720910549164,2,0.9741059319757335
76561198027932606,0,0.004451395943760872,2,0.9741059319757335
76561198042664066,0,0.9576728343963623,2,0.9741059319757335
76561198129590589,0,0.0159049890935421,2,0.9741059319757335
76561198892963585,0,0.9681185483932495,2,0.9741059319757335
76561198366581312,0,0.011399000883102417,2,0.9741059319757335
76561198171678829,0,0.004278903361409903,2,0.9741059319757335
76561199474938385,0,0.006346007809042931,2,0.9741059319757335
76561199414156174,0,0.015687134116888046,2,0.9741059319757335
76561198080274427,0,0.004113172646611929,2,0.9741059319757335
76561198848375498,0,0.021638210862874985,2,0.9741059319757335
76561198846046083,0,0.01313598733395338,2,0.9741059319757335
76561198240548526,0,0.0039773499593138695,2,0.9741059319757335
76561198114802855,0,0.004725531209260225,2,0.9741059319757335
76561199080645386,0,0.00429142639040947,2,0.9741059319757335
76561199011831533,0,0.005124276038259268,2,0.9741059319757335
76561198120109145,0,0.004799239803105593,2,0.9741059319757335
76561197969231218,0,0.0688275545835495,2,0.9741059319757335
76561199395612356,0,0.03994830325245857,2,0.9741059319757335
76561198039529366,0,0.9809603691101074,2,0.9741059319757335
76561199567740462,0,0.012140369042754173,2,0.9741059319757335
76561198838567901,0,0.31010502576828003,2,0.9741059319757335
76561198927597239,0,0.013479254208505154,2,0.9741059319757335
76561198295090521,0,0.005591313820332289,2,0.9741059319757335
76561198021561236,0,0.05010910704731941,2,0.9741059319757335
76561198190722171,0,0.9525991082191467,2,0.9741059319757335
76561198845350122,0,0.005714199040085077,2,0.9741059319757335
76561197963158073,0,0.006121837999671698,2,0.9741059319757335
76561199436187329,0,0.004851264879107475,2,0.9741059319757335
76561198881076728,0,0.004167577717453241,2,0.9741059319757335
76561199369148418,0,0.06659482419490814,2,0.9741059319757335
76561198317764197,0,0.019691992551088333,2,0.9741059319757335
76561198027017062,0,0.9584112167358398,2,0.9741059319757335
76561198263789067,0,0.004406145308166742,2,0.9741059319757335
76561198333935510,0,0.10264292359352112,2,0.9741059319757335
76561197991056130,0,0.01048426702618599,2,0.9741059319757335
76561198136963091,0,0.004703068174421787,2,0.9741059319757335
76561198157289738,0,0.37889429926872253,2,0.9741059319757335
76561198086330203,0,0.004240894224494696,2,0.9741059319757335
76561198805578288,0,0.01356896385550499,2,0.9741059319757335
76561199471294001,0,0.011703870259225368,2,0.9741059319757335
76561198131719354,0,0.005062224343419075,2,0.9741059319757335
76561198138138745,0,0.00422730203717947,2,0.9741059319757335
76561198453637032,0,0.02563978172838688,2,0.9741059319757335
76561198026852041,0,0.007707646582275629,2,0.9741059319757335
76561198838703315,0,0.006188299972563982,2,0.9741059319757335
76561198074000790,0,0.005942381452769041,2,0.9741059319757335
76561199193600729,0,0.0044370475225150585,2,0.9741059319757335
76561199084689659,0,0.0477382093667984,2,0.9741059319757335
76561197972812810,0,0.45988839864730835,2,0.9741059319757335
76561199086983634,0,0.005935315974056721,2,0.9741059319757335
76561199151239348,0,0.09300421178340912,2,0.9741059319757335
76561198255593949,0,0.003992012701928616,2,0.9741059319757335
76561199515678980,0,0.005447613541036844,2,0.9741059319757335
76561198081284643,0,0.8042487502098083,2,0.9741059319757335
76561199048134124,0,0.005801874212920666,2,0.9741059319757335
76561198138410408,0,0.05581849440932274,2,0.9741059319757335
76561198448905147,0,0.00834022555500269,2,0.9741059319757335
76561198011453105,0,0.9695050120353699,2,0.9741059319757335
76561198051016358,0,0.0041920337826013565,2,0.9741059319757335
76561199251999254,0,0.9363255500793457,2,0.9741059319757335
76561199050095306,0,0.004670803435146809,2,0.9741059319757335
76561199081975195,0,0.005681843031197786,2,0.9741059319757335
76561198114006590,0,0.004181306809186935,2,0.9741059319757335
76561198412294925,0,0.005192094016820192,2,0.9741059319757335
76561199068051281,0,0.0043722353875637054,2,0.9741059319757335
76561198098856756,0,0.005908479914069176,2,0.9741059319757335
76561199139073690,0,0.168278306722641,2,0.9741059319757335
76561198202751024,0,0.9840142130851746,2,0.9741059319757335
76561199161176592,0,0.018967535346746445,2,0.9741059319757335
76561198093964656,0,0.0035345067735761404,2,0.9741059319757335
76561198869540107,0,0.006679822225123644,2,0.9741059319757335
76561198014721490,0,0.0041356803849339485,2,0.9741059319757335
76561198064880910,0,0.24573834240436554,2,0.9741059319757335
76561199580388019,0,0.0042502861469984055,2,0.9741059319757335
76561198835962339,0,0.006143382750451565,2,0.9741059319757335
76561199509211703,0,0.0674542486667633,2,0.9741059319757335
76561198070213219,0,0.004965962376445532,2,0.9741059319757335
76561198063505124,0,0.00481214327737689,2,0.9741059319757335
76561198980627178,0,0.007137989159673452,2,0.9741059319757335
76561198371545753,0,0.012561891227960587,2,0.9741059319757335
76561199091705077,0,0.006709597073495388,2,0.9741059319757335
76561198122934467,0,0.004521371331065893,2,0.9741059319757335
76561199120828349,0,0.04634977877140045,2,0.9741059319757335
76561198268412310,0,0.05845479294657707,2,0.9741059319757335
76561199123858244,0,0.03050832822918892,2,0.9741059319757335
76561199043540951,0,0.06661520153284073,2,0.9741059319757335
76561199812065397,0,0.020113788545131683,2,0.9741059319757335
76561198954873912,0,0.07016550004482269,2,0.9741059319757335
76561198008364110,0,0.017925718799233437,2,0.9741059319757335
76561198112629200,0,0.007145974785089493,2,0.9741059319757335
76561198049661353,0,0.01842508465051651,2,0.9741059319757335
76561198067880319,0,0.026659369468688965,2,0.9741059319757335
76561199067501536,0,0.008895950391888618,2,0.9741059319757335
76561199097077510,0,0.0041157398372888565,2,0.9741059319757335
76561198036975992,0,0.0036607214715331793,2,0.9741059319757335
76561199060819629,0,0.0050107454881072044,2,0.9741059319757335
76561198252284072,0,0.8618632555007935,2,0.9741059319757335
76561198872244128,1,0.9715917110443115,2,0.9741059319757335
76561198055693421,1,0.6598603129386902,2,0.9741059319757335
76561198834202356,0,0.004625057335942984,2,0.9741059319757335
76561198868484366,0,0.005249936133623123,2,0.9741059319757335
76561198857946599,0,0.24201101064682007,2,0.9741059319757335
76561198119160687,0,0.919211745262146,2,0.9741059319757335
76561199387114905,0,0.00950480904430151,2,0.9741059319757335
76561198359220959,0,0.40535232424736023,2,0.9741059319757335
76561198044418844,0,0.0191813874989748,2,0.9741059319757335
76561199100251796,0,0.005108782555907965,2,0.9741059319757335
76561198185083018,0,0.1271897256374359,2,0.9741059319757335
76561199191565822,0,0.005400964058935642,2,0.9741059319757335
76561199122485675,0,0.9925627112388611,2,0.9741059319757335
76561198091461585,0,0.9537227749824524,2,0.9741059319757335
76561199176481602,0,0.19891202449798584,2,0.9741059319757335
76561199002015797,0,0.005366011522710323,2,0.9741059319757335
76561199126833929,0,0.9884687066078186,2,0.9741059319757335
76561197966064399,0,0.9107698798179626,2,0.9741059319757335
76561197967457534,0,0.012219972908496857,2,0.9741059319757335
76561199730495990,0,0.007218813989311457,2,0.9741059319757335
76561198988948700,0,0.0039773499593138695,2,0.9741059319757335
76561199406435653,0,0.005580015480518341,2,0.9741059319757335
76561198797654962,0,0.9810827970504761,2,0.9741059319757335
76561198404766051,0,0.2729523479938507,2,0.9741059319757335
76561198058455616,0,0.011753985658288002,2,0.9741059319757335
76561198126529749,0,0.006298181135207415,2,0.9741059319757335
76561198328719814,0,0.016761967912316322,2,0.9741059319757335
76561199061125745,0,0.07814472168684006,2,0.9741059319757335
76561198800702502,0,0.00427287956699729,2,0.9741059319757335
76561199093203522,0,0.00498066283762455,2,0.9741059319757335
76561198015193020,0,0.9814390540122986,2,0.9741059319757335
76561198002972829,0,0.005879351869225502,2,0.9741059319757335
76561198029337138,0,0.012083901092410088,2,0.9741059319757335
76561199009276846,0,0.35918495059013367,2,0.9741059319757335
76561199039198443,0,0.9772347211837769,2,0.9741059319757335
76561198068433267,0,0.01391653809696436,2,0.9741059319757335
76561199022548014,1,0.9925369620323181,2,0.9741059319757335
76561199038309146,0,0.0058896723203361034,2,0.9741059319757335
76561198018736748,0,0.01427797507494688,2,0.9741059319757335
76561198031757220,0,0.050033122301101685,2,0.9741059319757335
76561198205288732,0,0.010439084842801094,2,0.9741059319757335
76561199522465293,0,0.006826686207205057,2,0.9741059319757335
76561199593239615,0,0.0054337987676262856,2,0.9741059319757335
76561199224865120,0,0.004495745990425348,2,0.9741059319757335
76561198088402824,0,0.004313790705054998,2,0.9741059319757335
76561198300015991,0,0.033501047641038895,2,0.9741059319757335
76561198127326178,0,0.0039040022529661655,2,0.9741059319757335
76561198120300372,0,0.13009287416934967,2,0.9741059319757335
76561199100587917,0,0.01171812042593956,2,0.9741059319757335
76561199041928743,0,0.004150819964706898,2,0.9741059319757335
76561198070044158,0,0.01117486972361803,2,0.9741059319757335
76561198249199114,0,0.45155179500579834,2,0.9741059319757335
76561198041567899,0,0.051204219460487366,2,0.9741059319757335
76561199078572404,0,0.0037212895695120096,2,0.9741059319757335
76561198004391726,0,0.018937110900878906,2,0.9741059319757335
76561198182805990,0,0.05847149342298508,2,0.9741059319757335
76561199532936428,0,0.005440105684101582,2,0.9741059319757335
76561197970203125,0,0.02959837205708027,2,0.9741059319757335
76561198269420548,0,0.0040087890811264515,2,0.9741059319757335
76561199486305639,0,0.008861173875629902,2,0.9741059319757335
76561197992518868,0,0.031957678496837616,2,0.9741059319757335
76561198273589626,0,0.005977723281830549,2,0.9741059319757335
76561199542707977,0,0.013087527826428413,2,0.9741059319757335
76561197976026756,0,0.00588500639423728,2,0.9741059319757335
76561198806536909,0,0.006599899381399155,2,0.9741059319757335
76561199194238182,0,0.003701107809320092,2,0.9741059319757335
76561198026184766,0,0.008659080602228642,2,0.9741059319757335
76561199517204234,0,0.007271642331033945,2,0.9741059319757335
76561198126507742,0,0.008672459982335567,2,0.9741059319757335
76561199071819117,0,0.0039536720141768456,2,0.9741059319757335
76561198052332353,0,0.004222760442644358,2,0.9741059319757335
76561198439433444,0,0.0060976543463766575,2,0.9741059319757335
76561198080362720,0,0.833551824092865,2,0.9741059319757335
76561198994058115,0,0.025142990052700043,2,0.9741059319757335
76561199760862676,0,0.006859154440462589,2,0.9741059319757335
76561198133837319,0,0.004408599808812141,2,0.9741059319757335
76561198118538606,0,0.005316273309290409,2,0.9741059319757335
76561198822177980,0,0.016635997220873833,2,0.9741059319757335
76561199016620139,0,0.013714184053242207,2,0.9741059319757335
76561198118995721,0,0.005433182697743177,2,0.9741059319757335
76561198044012035,0,0.004437293857336044,2,0.9741059319757335
76561198391856447,0,0.007301989942789078,2,0.9741059319757335
76561197968291988,0,0.007632149383425713,2,0.9741059319757335
76561199074816865,1,0.9899386167526245,2,0.9741059319757335
76561198018268543,0,0.004935380537062883,2,0.9741059319757335
76561198142214133,0,0.004659544210880995,2,0.9741059319757335
76561198407537294,0,0.004029636736959219,2,0.9741059319757335
76561198052655133,0,0.005907074082642794,2,0.9741059319757335
76561198836151993,0,0.004408599808812141,2,0.9741059319757335
76561199264181871,0,0.005900106392800808,2,0.9741059319757335
76561198310205268,0,0.006214309483766556,2,0.9741059319757335
76561199401396996,0,0.004330963362008333,2,0.9741059319757335
76561199022020607,0,0.028367111459374428,2,0.9741059319757335
76561198304845549,0,0.004408599808812141,2,0.9741059319757335
76561199552006406,0,0.0041524735279381275,2,0.9741059319757335
76561199217105125,0,0.00420706532895565,2,0.9741059319757335
76561198046278324,0,0.005029743071645498,2,0.9741059319757335
76561199392257642,0,0.004971868358552456,2,0.9741059319757335
76561199209894342,0,0.005071286112070084,2,0.9741059319757335
76561198308949181,0,0.02340191788971424,2,0.9741059319757335
76561197990814041,0,0.004087493289262056,2,0.9741059319757335
76561199168827408,0,0.009138685651123524,2,0.9741059319757335
76561199012155066,0,0.012477995827794075,2,0.9741059319757335
76561198347529535,0,0.0066480874083936214,2,0.9741059319757335
76561198104358411,0,0.004776269197463989,2,0.9741059319757335
76561199426559117,0,0.0060361223295331,2,0.9741059319757335
76561199044026717,0,0.0038146136794239283,2,0.9741059319757335
76561198058830474,0,0.011723908595740795,2,0.9741059319757335
76561199076347580,0,0.07487575709819794,2,0.9741059319757335
76561197989199689,0,0.016493473201990128,2,0.9741059319757335
76561199023863864,0,0.02702990360558033,2,0.9741059319757335
76561198068777276,0,0.0065780761651694775,2,0.9741059319757335
76561198247063942,0,0.00453548738732934,2,0.9741059319757335
76561198068861171,0,0.025306208059191704,2,0.9741059319757335
76561198094829389,0,0.004185160622000694,2,0.9741059319757335
76561198008098582,0,0.1619967222213745,2,0.9741059319757335
76561198279250291,0,0.005396411754190922,2,0.9741059319757335
76561198996466952,0,0.00730902049690485,2,0.9741059319757335
76561199700251656,0,0.0065232254564762115,2,0.9741059319757335
76561198054956688,0,0.009491131640970707,2,0.9741059319757335
76561198416193480,0,0.007669235114008188,2,0.9741059319757335
76561198075590266,0,0.7687921524047852,2,0.9741059319757335
76561199544003644,0,0.021078061312437057,2,0.9741059319757335
76561198313791720,1,0.9905091524124146,2,0.9741059319757335
76561199235698633,0,0.017755698412656784,2,0.9741059319757335
76561199025434451,0,0.0056765275076031685,2,0.9741059319757335
76561197960777062,0,0.6949581503868103,2,0.9741059319757335
76561198091872776,0,0.9545097947120667,2,0.9741059319757335
76561198441376725,1,0.9884188771247864,2,0.9741059319757335
76561198451100728,0,0.8469857573509216,2,0.9741059319757335
76561198116555469,0,0.00591301079839468,2,0.9741059319757335
76561198063675866,0,0.008681573905050755,2,0.9741059319757335
76561198147348751,0,0.24246302247047424,2,0.9741059319757335
76561197987441108,0,0.006671556271612644,2,0.9741059319757335
76561197974896639,0,0.7014011740684509,2,0.9741059319757335
76561198191027787,0,0.009769510477781296,2,0.9741059319757335
76561198224068436,0,0.010747474618256092,2,0.9741059319757335
76561199097164153,0,0.005596306640654802,2,0.9741059319757335
76561198287891948,0,0.024195944890379906,2,0.9741059319757335
76561198093275130,0,0.04717056825757027,2,0.9741059319757335
76561198160427327,0,0.06557251513004303,2,0.9741059319757335
76561198033408379,0,0.8679835796356201,2,0.9741059319757335
76561199187836579,0,0.05281570553779602,2,0.9741059319757335
76561199076443405,0,0.02725154533982277,2,0.9741059319757335
76561198045137460,0,0.023503826931118965,2,0.9741059319757335
76561198335285393,0,0.004113172646611929,2,0.9741059319757335
76561198248589928,1,0.9641020894050598,2,0.9741059319757335
76561199068679219,1,0.9797460436820984,2,0.9741059319757335
76561197987228917,0,0.05347665771842003,2,0.9741059319757335
76561198183865698,0,0.9861418604850769,2,0.9741059319757335
76561198006958065,0,0.00855997670441866,2,0.9741059319757335
76561198387000911,0,0.03486543148756027,2,0.9741059319757335
76561199167508437,0,0.0099108861759305,2,0.9741059319757335
76561197997530908,0,0.019200533628463745,2,0.9741059319757335
76561198016823925,0,0.005837998352944851,2,0.9741059319757335
76561199550951059,0,0.0075347828678786755,2,0.9741059319757335
76561198821914189,0,0.0278862863779068,2,0.9741059319757335
76561198026619131,0,0.004549211356788874,2,0.9741059319757335
76561199191370069,0,0.971648633480072,2,0.9741059319757335
76561198065872546,1,0.9719884991645813,2,0.9741059319757335
76561198021611627,0,0.004872020334005356,2,0.9741059319757335
76561198139205700,0,0.004104564432054758,2,0.9741059319757335
76561198152776854,0,0.004447970073670149,2,0.9741059319757335
76561199403373112,0,0.0042481920681893826,2,0.9741059319757335
76561198005364333,0,0.003941637929528952,2,0.9741059319757335
76561199262705188,0,0.03156936541199684,2,0.9741059319757335
76561199439662396,0,0.09095635265111923,2,0.9741059319757335
76561199435678753,0,0.0037572267465293407,2,0.9741059319757335
76561198057272489,0,0.004653777927160263,2,0.9741059319757335
76561199789165304,0,0.004120781552046537,2,0.9741059319757335
76561199072408643,0,0.9611262679100037,2,0.9741059319757335
76561198143522530,0,0.012156442739069462,2,0.9741059319757335
76561198026363595,0,0.010759187862277031,2,0.9741059319757335
76561198273942277,0,0.004484500270336866,2,0.9741059319757335
76561199155031678,0,0.01058547105640173,2,0.9741059319757335
76561198353152808,0,0.004064702428877354,2,0.9741059319757335
76561198417827718,0,0.005804799497127533,2,0.9741059319757335
76561198000295705,0,0.01018696092069149,2,0.9741059319757335
76561199033796933,0,0.011288052424788475,2,0.9741059319757335
76561199159872268,0,0.021343102678656578,2,0.9741059319757335
76561199207792162,0,0.005657236557453871,2,0.9741059319757335
76561199087336061,0,0.007550881709903479,2,0.9741059319757335
76561199028566896,0,0.004319611005485058,2,0.9741059319757335
76561198987579830,0,0.08321284502744675,2,0.9741059319757335
76561198168165762,0,0.4148859977722168,2,0.9741059319757335
76561198047262888,0,0.023746086284518242,2,0.9741059319757335
76561198257009432,0,0.004446462728083134,2,0.9741059319757335
76561199379770548,0,0.039589621126651764,2,0.9741059319757335
76561199040470133,0,0.00466395216062665,2,0.9741059319757335
76561199006573941,0,0.012799873948097229,2,0.9741059319757335
76561199468851622,0,0.18471288681030273,2,0.9741059319757335
76561199229521533,0,0.007550152484327555,2,0.9741059319757335
76561198024386031,0,0.00463394820690155,2,0.9741059319757335
76561198074903467,0,0.005092043429613113,2,0.9741059319757335
76561198448009426,0,0.005495273042470217,2,0.9741059319757335
76561199183688243,0,0.013403136283159256,2,0.9741059319757335
76561198067196528,0,0.008571996353566647,2,0.9741059319757335
76561198071038285,0,0.007401801645755768,2,0.9741059319757335
76561199223985320,0,0.011008352972567081,2,0.9741059319757335
76561199434731209,0,0.004448894411325455,2,0.9741059319757335
76561198051422212,0,0.17411991953849792,2,0.9741059319757335
76561198991903205,0,0.0053317369893193245,2,0.9741059319757335
76561198375005962,0,0.41204291582107544,2,0.9741059319757335
76561198076367674,0,0.9607431888580322,2,0.9741059319757335
76561199284366886,0,0.2598322927951813,2,0.9741059319757335
76561198031448184,0,0.7172886729240417,2,0.9741059319757335
76561199470140335,0,0.00417038518935442,2,0.9741059319757335
76561198834980151,0,0.0740959495306015,2,0.9741059319757335
76561198107338764,0,0.061356011778116226,2,0.9741059319757335
76561198058259993,0,0.41761288046836853,2,0.9741059319757335
76561198355152463,0,0.15235750377178192,2,0.9741059319757335
76561198016742364,0,0.0059781987220048904,2,0.9741059319757335
76561198022516979,0,0.004659681115299463,2,0.9741059319757335
76561198864973219,0,0.003581551369279623,2,0.9741059319757335
76561199039283434,0,0.012732727453112602,2,0.9741059319757335
76561199061134716,0,0.005787553731352091,2,0.9741059319757335
76561198087791350,0,0.18076205253601074,2,0.9741059319757335
76561198043813220,0,0.6111471056938171,2,0.9741059319757335
76561198004651288,0,0.5676652789115906,2,0.9741059319757335
76561198133608369,0,0.004846423398703337,2,0.9741059319757335
76561198243046120,0,0.9708254933357239,2,0.9741059319757335
76561198081720799,0,0.8100801110267639,2,0.9741059319757335
76561198862770992,0,0.00601195590570569,2,0.9741059319757335
76561198004162856,0,0.02833564579486847,2,0.9741059319757335
76561197990544837,0,0.006008936557918787,2,0.9741059319757335
76561198869347451,0,0.0052607920952141285,2,0.9741059319757335
76561198006977936,0,0.8016796708106995,2,0.9741059319757335
76561199208263031,0,0.004167577717453241,2,0.9741059319757335
76561198016422102,0,0.0790962502360344,2,0.9741059319757335
76561198066075344,1,0.9734872579574585,2,0.9741059319757335
76561198260793879,0,0.8379197120666504,2,0.9741059319757335
76561198180555571,0,0.47514235973358154,2,0.9741059319757335
76561197970317450,0,0.6700893044471741,2,0.9741059319757335
76561199126019481,0,0.023170780390501022,2,0.9741059319757335
76561199085860792,0,0.004304630681872368,2,0.9741059319757335
76561198362472412,0,0.9662324786186218,2,0.9741059319757335
76561199572576357,0,0.007735805120319128,2,0.9741059319757335
76561198041735907,0,0.005344766657799482,2,0.9741059319757335
76561199126008818,0,0.010205229744315147,2,0.9741059319757335
76561197975334445,0,0.007958062924444675,2,0.9741059319757335
76561198010854925,0,0.006517112720757723,2,0.9741059319757335
76561198059497632,0,0.09471342712640762,2,0.9741059319757335
76561198066722646,1,0.9780739545822144,2,0.9741059319757335
76561198430614176,0,0.006863904185593128,2,0.9741059319757335
76561198007342855,0,0.10974495112895966,2,0.9741059319757335
76561198309989239,0,0.827578604221344,2,0.9741059319757335
76561199077765575,0,0.07876654714345932,2,0.9741059319757335
76561198293693216,0,0.01165797095745802,2,0.9741059319757335
76561198134831744,0,0.0037918214220553637,2,0.9741059319757335
76561198164801956,0,0.027663392946124077,2,0.9741059319757335
76561198355129167,0,0.01773931458592415,2,0.9741059319757335
76561198257545374,0,0.0047210571356117725,2,0.9741059319757335
76561198085481238,0,0.003735535778105259,2,0.9741059319757335
76561198079106035,0,0.015118170529603958,2,0.9741059319757335
76561198047081332,0,0.49718406796455383,2,0.9741059319757335
76561198143115355,0,0.04438314959406853,2,0.9741059319757335
76561199401173537,0,0.004397738259285688,2,0.9741059319757335
76561198863271376,0,0.014335217885673046,2,0.9741059319757335
76561199117603354,0,0.008099772967398167,2,0.9741059319757335
76561199156167601,0,0.0706111267209053,2,0.9741059319757335
76561198300755814,0,0.010898301377892494,2,0.9741059319757335
76561199198466430,0,0.005093058571219444,2,0.9741059319757335
76561198399527443,0,0.0039773499593138695,2,0.9741059319757335
76561198390613570,0,0.010616118088364601,2,0.9741059319757335
76561198141356770,0,0.0046100621111691,2,0.9741059319757335
76561198330822859,0,0.011405550874769688,2,0.9741059319757335
76561198263536127,0,0.004408599808812141,2,0.9741059319757335
76561198825152490,0,0.005654808599501848,2,0.9741059319757335
76561198158753535,0,0.03160357475280762,2,0.9741059319757335
76561198040303987,1,0.9919064044952393,2,0.9741059319757335
76561198065064165,0,0.08039458096027374,2,0.9741059319757335
76561199125833938,0,0.0040109106339514256,2,0.9741059319757335
76561199113712698,0,0.00862109661102295,2,0.9741059319757335
76561199032584966,0,0.03601215034723282,2,0.9741059319757335
76561198131336044,0,0.00819881446659565,2,0.9741059319757335
76561198049705661,0,0.0051798950880765915,2,0.9741059319757335
76561199181225640,0,0.004359688144177198,2,0.9741059319757335
76561198039583466,0,0.00480677979066968,2,0.9741059319757335
76561198027146522,0,0.004582971800118685,2,0.9741059319757335
76561199170893126,0,0.018209803849458694,2,0.9741059319757335
76561198190962730,0,0.007110297214239836,2,0.9741059319757335
76561199326476879,0,0.006863904185593128,2,0.9741059319757335
76561198008962965,0,0.00580888707190752,2,0.9741059319757335
76561199630592472,0,0.005223223939538002,2,0.9741059319757335
76561198006590763,0,0.005409077741205692,2,0.9741059319757335
76561199387321947,0,0.9721179604530334,2,0.9741059319757335
76561198423744045,0,0.004113172646611929,2,0.9741059319757335
76561198324534515,0,0.022767527028918266,2,0.9741059319757335
76561198219990532,0,0.00810978189110756,2,0.9741059319757335
76561198141809636,0,0.08878637105226517,2,0.9741059319757335
76561199112936564,0,0.011534455232322216,2,0.9741059319757335
76561198178577841,0,0.0039827823638916016,2,0.9741059319757335
76561198824221639,0,0.937344491481781,2,0.9741059319757335
76561198042264503,0,0.04458733648061752,2,0.9741059319757335
76561199228056390,0,0.012343388050794601,2,0.9741059319757335
76561198866387900,0,0.017344346269965172,2,0.9741059319757335
76561198188525278,0,0.006457970943301916,2,0.9741059319757335
76561199111743035,0,0.025123601779341698,2,0.9741059319757335
76561198196435414,0,0.006283309310674667,2,0.9741059319757335
76561198807139434,0,0.055019017308950424,2,0.9741059319757335
76561198007032142,0,0.005097107030451298,2,0.9741059319757335
76561199040201408,0,0.6328042149543762,2,0.9741059319757335
76561198156464106,0,0.006556461099535227,2,0.9741059319757335
76561199221899227,0,0.005481226835399866,2,0.9741059319757335
76561198003673831,0,0.004028219264000654,2,0.9741059319757335
76561198114375988,0,0.9602195024490356,2,0.9741059319757335
76561198997437360,0,0.44104546308517456,2,0.9741059319757335
76561198233223976,0,0.5137325525283813,2,0.9741059319757335
76561198167575726,1,0.9756056666374207,2,0.9741059319757335
76561198054545988,0,0.010077197104692459,2,0.9741059319757335
76561198048602024,0,0.006252105347812176,2,0.9741059319757335
76561199121746936,0,0.010841885581612587,2,0.9741059319757335
76561199541124371,0,0.007808172609657049,2,0.9741059319757335
76561198054359360,0,0.00619922112673521,2,0.9741059319757335
76561198132844788,0,0.009113159030675888,2,0.9741059319757335
76561198842892428,0,0.0051254285499453545,2,0.9741059319757335
76561198008403744,0,0.016828764230012894,2,0.9741059319757335
76561198159401477,0,0.0076317437924444675,2,0.9741059319757335
76561198061307134,0,0.1622653305530548,2,0.9741059319757335
76561199025981261,0,0.0875973179936409,2,0.9741059319757335
76561198131483302,0,0.2729150950908661,2,0.9741059319757335
76561199405469646,0,0.20966166257858276,2,0.9741059319757335
76561198039728504,0,0.024080848321318626,2,0.9741059319757335
76561198450184172,0,0.45759060978889465,2,0.9741059319757335
76561198859863915,0,0.6656256914138794,2,0.9741059319757335
76561198320921275,0,0.990723192691803,2,0.9741059319757335
76561197978824740,0,0.6604137420654297,2,0.9741059319757335
76561198271610051,0,0.06929826736450195,2,0.9741059319757335
76561198381067279,0,0.009852400049567223,2,0.9741059319757335
76561199119686688,0,0.00466257706284523,2,0.9741059319757335
76561198334854252,0,0.0117735480889678,2,0.9741059319757335
76561197977096726,0,0.09270134568214417,2,0.9741059319757335
76561199229296281,0,0.027692992240190506,2,0.9741059319757335
76561198020507445,0,0.006783927790820599,2,0.9741059319757335
76561198968026473,0,0.004132951609790325,2,0.9741059319757335
76561198226561812,0,0.006084118969738483,2,0.9741059319757335
76561199072934013,0,0.006118775345385075,2,0.9741059319757335
76561198946865291,0,0.96714848279953,2,0.9741059319757335
76561198148157584,0,0.8724918961524963,2,0.9741059319757335
76561198048049024,1,0.9916695356369019,2,0.9741059319757335
76561197997326062,0,0.005503273569047451,2,0.9741059319757335
76561198306341104,1,0.7309674620628357,2,0.9741059319757335
76561199502179448,0,0.0036053690128028393,2,0.9741059319757335
76561198107585793,0,0.8338583707809448,2,0.9741059319757335
76561198110736207,0,0.8910818696022034,2,0.9741059319757335
76561198212952984,0,0.005453621037304401,2,0.9741059319757335
76561198171110035,0,0.6369391083717346,2,0.9741059319757335
76561198055505328,0,0.004162435419857502,2,0.9741059319757335
76561197984781968,0,0.004304630681872368,2,0.9741059319757335
76561198093981699,0,0.004648568108677864,2,0.9741059319757335
76561198840267518,0,0.7698150277137756,2,0.9741059319757335
76561198141259854,1,0.9898202419281006,2,0.9741059319757335
76561199229007543,0,0.5824822783470154,2,0.9741059319757335
76561199387137422,0,0.37070873379707336,2,0.9741059319757335
76561198350966147,0,0.2221319079399109,2,0.9741059319757335
76561198070971175,0,0.004040377214550972,2,0.9741059319757335
76561198085207217,0,0.005632003769278526,2,0.9741059319757335
76561199130210011,0,0.004023765679448843,2,0.9741059319757335
76561199249234692,0,0.004094889387488365,2,0.9741059319757335
76561198018030761,0,0.004979051649570465,2,0.9741059319757335
76561198117232516,0,0.0039536417461931705,2,0.9741059319757335
76561198132253924,0,0.004135224502533674,2,0.9741059319757335
76561198352725162,0,0.003772883675992489,2,0.9741059319757335
76561198347868466,0,0.0046525741927325726,2,0.9741059319757335
76561198057944602,0,0.005181534215807915,2,0.9741059319757335
76561198334125757,0,0.08209430426359177,2,0.9741059319757335
76561198097900041,0,0.00890080165117979,2,0.9741059319757335
76561199385963442,0,0.004896202124655247,2,0.9741059319757335
76561198030478255,0,0.004007233772426844,2,0.9741059319757335
76561199626796458,0,0.00857086293399334,2,0.9741059319757335
76561198018400014,0,0.010334472171962261,2,0.9741059319757335
76561199228589287,0,0.010908031836152077,2,0.9741059319757335
76561199368578810,0,0.004714725539088249,2,0.9741059319757335
76561198886681917,0,0.006673076655715704,2,0.9741059319757335
76561199050977759,0,0.005652557127177715,2,0.9741059319757335
76561197999459632,0,0.005880703218281269,2,0.9741059319757335
76561198042049091,1,0.9911092519760132,2,0.9741059319757335
76561198371116106,0,0.16055244207382202,2,0.9741059319757335
76561198334184020,0,0.9499228596687317,2,0.9741059319757335
76561198215457187,0,0.01117617730051279,2,0.9741059319757335
76561198007403894,0,0.004799239803105593,2,0.9741059319757335
76561198202677021,1,0.9898282289505005,2,0.9741059319757335
76561198068533204,0,0.005429090466350317,2,0.9741059319757335
76561198828654750,0,0.9446994662284851,2,0.9741059319757335
76561198795404382,0,0.011857572942972183,2,0.9741059319757335
76561198063523977,0,0.02458769828081131,2,0.9741059319757335
76561198886529755,0,0.012102198787033558,2,0.9741059319757335
76561198238023122,0,0.00727687356993556,2,0.9741059319757335
76561199070943621,0,0.004833867307752371,2,0.9741059319757335
76561199220088884,0,0.20683836936950684,2,0.9741059319757335
76561199138299447,0,0.9868849515914917,2,0.9741059319757335
76561199061454613,0,0.0057562608271837234,2,0.9741059319757335
76561198370714154,0,0.18318110704421997,2,0.9741059319757335
76561197969690613,0,0.007654772140085697,2,0.9741059319757335
76561198866181139,0,0.0044834124855697155,2,0.9741059319757335
76561199092393123,0,0.005443752743303776,2,0.9741059319757335
76561198013361235,0,0.004365017171949148,2,0.9741059319757335
76561198175480127,0,0.006490674335509539,2,0.9741059319757335
76561198075830811,0,0.007754145655781031,2,0.9741059319757335
76561198243646474,0,0.006814059801399708,2,0.9741059319757335
76561198095530154,0,0.28560447692871094,2,0.9741059319757335
76561198998153892,0,0.035986896604299545,2,0.9741059319757335
76561199525152831,0,0.006552400067448616,2,0.9741059319757335
76561198327152988,0,0.00576137425377965,2,0.9741059319757335
76561197967815553,0,0.016178293153643608,2,0.9741059319757335
76561197976873049,0,0.011735367588698864,2,0.9741059319757335
76561198797320787,0,0.004804186522960663,2,0.9741059319757335
76561198072959460,0,0.24641913175582886,2,0.9741059319757335
76561198246180640,0,0.005000215023756027,2,0.9741059319757335
76561198083182015,0,0.8083176016807556,2,0.9741059319757335
76561198301105691,1,0.9856862425804138,2,0.9741059319757335
76561199087090303,0,0.7145310044288635,2,0.9741059319757335
76561198057594749,0,0.16466058790683746,2,0.9741059319757335
76561197993804279,0,0.004949322436004877,2,0.9741059319757335
76561198171646382,0,0.13971799612045288,2,0.9741059319757335
76561198022999839,1,0.914624035358429,2,0.9741059319757335
76561199058250639,0,0.20033001899719238,2,0.9741059319757335
76561197995373103,0,0.8124194145202637,2,0.9741059319757335
76561198074341825,0,0.03777270391583443,2,0.9741059319757335
76561198243048536,0,0.8987539410591125,2,0.9741059319757335
76561199022873378,0,0.005044554825872183,2,0.9741059319757335
76561198073883455,0,0.010064879432320595,2,0.9741059319757335
76561198297176623,0,0.007341683376580477,2,0.9741059319757335
76561199236849222,0,0.00754251703619957,2,0.9741059319757335
76561198350881173,0,0.09427962452173233,2,0.9741059319757335
76561199274629533,0,0.009761670604348183,2,0.9741059319757335
76561199125931313,0,0.004970695357769728,2,0.9741059319757335
76561197999732478,0,0.004835009574890137,2,0.9741059319757335
76561198067688129,0,0.02321252040565014,2,0.9741059319757335
76561198200750251,0,0.30109259486198425,2,0.9741059319757335
76561198088427768,0,0.006598820444196463,2,0.9741059319757335
76561197970934505,0,0.004444196354597807,2,0.9741059319757335
76561198026706613,0,0.11192373931407928,2,0.9741059319757335
76561197971060576,0,0.004286895040422678,2,0.9741059319757335
76561199071558092,0,0.004103195387870073,2,0.9741059319757335
76561199014170858,1,0.9882326722145081,2,0.9741059319757335
76561199013172893,0,0.9045786261558533,2,0.9741059319757335
76561198055744821,1,0.9927863478660583,2,0.9741059319757335
76561198006558366,0,0.006210917606949806,2,0.9741059319757335
76561198157545483,0,0.005794362630695105,2,0.9741059319757335
76561199019946749,0,0.006057605147361755,2,0.9741059319757335
76561198056716841,0,0.020301099866628647,2,0.9741059319757335
76561198015783968,0,0.023597801104187965,2,0.9741059319757335
76561198970972901,0,0.01137453317642212,2,0.9741059319757335
76561198012541066,0,0.701220691204071,2,0.9741059319757335
76561198450311324,0,0.2600754201412201,2,0.9741059319757335
76561199085202714,0,0.029132548719644547,2,0.9741059319757335
76561198120909437,0,0.0045985328033566475,2,0.9741059319757335
76561198015382218,0,0.006536279339343309,2,0.9741059319757335
76561199201769310,0,0.00549070630222559,2,0.9741059319757335
76561199486740977,0,0.014438622631132603,2,0.9741059319757335
76561199163852833,1,0.9868462681770325,2,0.9741059319757335
76561198327363339,0,0.004269423894584179,2,0.9741059319757335
76561199177888518,0,0.011989985592663288,2,0.9741059319757335
76561199162854064,0,0.004700127057731152,2,0.9741059319757335
76561199324512133,0,0.014308870770037174,2,0.9741059319757335
76561198863783325,0,0.00546135613694787,2,0.9741059319757335
76561199447616283,0,0.006776240188628435,2,0.9741059319757335
76561198303327080,0,0.016641441732645035,2,0.9741059319757335
76561199076080983,0,0.10404207557439804,2,0.9741059319757335
76561198059710509,0,0.027381189167499542,2,0.9741059319757335
76561198067197402,0,0.010170401073992252,2,0.9741059319757335
76561199105420699,0,0.006313239689916372,2,0.9741059319757335
76561199316983261,0,0.005699396599084139,2,0.9741059319757335
76561199215059083,0,0.00962529331445694,2,0.9741059319757335
76561198421332383,0,0.008304979652166367,2,0.9741059319757335
76561198376540372,0,0.004037582781165838,2,0.9741059319757335
76561198017451833,0,0.0036069294437766075,2,0.9741059319757335
76561198100551633,0,0.004024920053780079,2,0.9741059319757335
76561199158653299,0,0.008653471246361732,2,0.9741059319757335
76561198799303381,0,0.006053705234080553,2,0.9741059319757335
76561199169626917,0,0.00742135476320982,2,0.9741059319757335
76561197974637334,0,0.9098188281059265,2,0.9741059319757335
76561198351174749,0,0.004086487926542759,2,0.9741059319757335
76561198831621696,0,0.0049318415112793446,2,0.9741059319757335
76561198043942244,0,0.06846033781766891,2,0.9741059319757335
76561199037138606,0,0.00884536188095808,2,0.9741059319757335
76561198060023418,0,0.004026734735816717,2,0.9741059319757335
76561199094485289,0,0.00387758226133883,2,0.9741059319757335
76561198271977478,0,0.7920089364051819,2,0.9741059319757335
76561198029645810,0,0.05881872773170471,2,0.9741059319757335
76561199049301651,0,0.004595050122588873,2,0.9741059319757335
76561198134434567,0,0.008576106280088425,2,0.9741059319757335
76561198930786881,1,0.9889410138130188,2,0.9741059319757335
76561198175466339,0,0.9700465202331543,2,0.9741059319757335
76561198053423453,0,0.006574829574674368,2,0.9741059319757335
76561199074307932,0,0.6518097519874573,2,0.9741059319757335
76561197993264410,0,0.006417565047740936,2,0.9741059319757335
76561198082008565,0,0.004127867054194212,2,0.9741059319757335
76561198412875944,0,0.6002776026725769,2,0.9741059319757335
76561198396023882,0,0.008542254567146301,2,0.9741059319757335
76561199109833762,0,0.00547201931476593,2,0.9741059319757335
76561198067676020,0,0.011585617437958717,2,0.9741059319757335
76561198126858000,0,0.0064675696194171906,2,0.9741059319757335
76561198130446009,0,0.17252682149410248,2,0.9741059319757335
76561199152160941,0,0.008146533742547035,2,0.9741059319757335
76561198295620825,0,0.004572320729494095,2,0.9741059319757335
76561198074135782,0,0.004043099004775286,2,0.9741059319757335
76561199587987147,0,0.004571546334773302,2,0.9741059319757335
76561198048048152,0,0.23509402573108673,2,0.9741059319757335
76561199013064666,0,0.358025461435318,2,0.9741059319757335
76561198086325839,0,0.006317842286080122,2,0.9741059319757335
76561199090188556,1,0.9501201510429382,2,0.9741059319757335
76561198058803562,0,0.05039791390299797,2,0.9741059319757335
76561199018940091,0,0.004611057695001364,2,0.9741059319757335
76561198163724733,0,0.004408599808812141,2,0.9741059319757335
76561198111051411,0,0.016495484858751297,2,0.9741059319757335
76561198077717841,0,0.9637722373008728,2,0.9741059319757335
76561199099263341,0,0.0067388140596449375,2,0.9741059319757335
76561198119503136,0,0.013358190655708313,2,0.9741059319757335
76561198869169390,0,0.004333680495619774,2,0.9741059319757335
76561199232037037,0,0.004933322314172983,2,0.9741059319757335
76561198069559274,0,0.004522964358329773,2,0.9741059319757335
76561199038040146,0,0.03473727032542229,2,0.9741059319757335
76561198061301082,0,0.005138548091053963,2,0.9741059319757335
76561198032196978,0,0.9383915662765503,2,0.9741059319757335
76561199020215136,0,0.004019642248749733,2,0.9741059319757335
76561198837446111,0,0.005580732598900795,2,0.9741059319757335
76561198019696269,0,0.009666326455771923,2,0.9741059319757335
76561199105054303,0,0.0065242513082921505,2,0.9741059319757335
76561198364096678,0,0.01598447374999523,2,0.9741059319757335
76561199415783272,0,0.004597899038344622,2,0.9741059319757335
76561199066851589,0,0.028782306239008904,2,0.9741059319757335
76561198358313435,0,0.026405002921819687,2,0.9741059319757335
76561199036535670,0,0.009919367730617523,2,0.9741059319757335
76561197970570265,0,0.006181180011481047,2,0.9741059319757335
76561199181855200,0,0.010229915380477905,2,0.9741059319757335
76561199206399793,0,0.06507740169763565,2,0.9741059319757335
76561199273496074,0,0.055911146104335785,2,0.9741059319757335
76561198079450942,0,0.31396976113319397,2,0.9741059319757335
76561198003464047,1,0.9923917651176453,2,0.9741059319757335
76561198213040539,0,0.00742135476320982,2,0.9741059319757335
76561199122284192,0,0.00912428367882967,2,0.9741059319757335
76561198452842308,0,0.008653471246361732,2,0.9741059319757335
76561198125221583,0,0.004107592161744833,2,0.9741059319757335
76561198988477182,0,0.012917792424559593,2,0.9741059319757335
76561198146515804,0,0.004408599808812141,2,0.9741059319757335
76561198355063609,0,0.017229659482836723,2,0.9741059319757335
76561199003848027,0,0.004571464378386736,2,0.9741059319757335
76561199388165151,0,0.005348576232790947,2,0.9741059319757335
76561198332358628,0,0.12776100635528564,2,0.9741059319757335
76561198091308778,1,0.9798484444618225,2,0.9741059319757335
76561198090754372,0,0.24157701432704926,2,0.9741059319757335
76561199468961275,0,0.0040147025138139725,2,0.9741059319757335
76561199223497601,0,0.008639080449938774,2,0.9741059319757335
76561197986553608,0,0.003992012701928616,2,0.9741059319757335
76561198074065669,0,0.32878759503364563,2,0.9741059319757335
76561198140882718,0,0.2018256038427353,2,0.9741059319757335
76561198978130375,0,0.004408599808812141,2,0.9741059319757335
76561199447632686,0,0.9672273397445679,2,0.9741059319757335
76561198008675078,0,0.0037191405426710844,2,0.9741059319757335
76561198052309451,0,0.005706080701202154,2,0.9741059319757335
76561199039049275,0,0.004260445479303598,2,0.9741059319757335
76561199386934906,0,0.008964079432189465,2,0.9741059319757335
76561199070432525,0,0.004465356469154358,2,0.9741059319757335
76561198076276464,0,0.924310028553009,2,0.9741059319757335
76561198348469970,0,0.008637537248432636,2,0.9741059319757335
76561198369100377,0,0.004480336327105761,2,0.9741059319757335
76561198073217445,0,0.005018570926040411,2,0.9741059319757335
76561199164241662,0,0.005734208971261978,2,0.9741059319757335
76561198076788546,0,0.004753304645419121,2,0.9741059319757335
76561199002564842,0,0.006145811174064875,2,0.9741059319757335
76561199379570552,0,0.010371171869337559,2,0.9741059319757335
76561199023935159,0,0.009669576771557331,2,0.9741059319757335
76561198409814562,1,0.9924783706665039,2,0.9741059319757335
76561199194297966,0,0.004408599808812141,2,0.9741059319757335
76561199076442277,0,0.9206624031066895,2,0.9741059319757335
76561198899703650,0,0.004335876554250717,2,0.9741059319757335
76561198335782061,0,0.010692204348742962,2,0.9741059319757335
76561198068893281,0,0.0038362371269613504,2,0.9741059319757335
76561198037333788,0,0.3351587951183319,2,0.9741059319757335
76561198173938705,0,0.00861388724297285,2,0.9741059319757335
76561198068068462,1,0.9876186847686768,2,0.9741059319757335
76561198101119764,0,0.031446248292922974,2,0.9741059319757335
76561197994502926,0,0.18143795430660248,2,0.9741059319757335
76561197966497321,0,0.006001939531415701,2,0.9741059319757335
76561198368746971,0,0.009420638903975487,2,0.9741059319757335
76561199291835689,0,0.09123508632183075,2,0.9741059319757335
76561198979872943,0,0.005226661916822195,2,0.9741059319757335
76561198072307956,0,0.0038522041868418455,2,0.9741059319757335
76561198125553575,0,0.009084268473088741,2,0.9741059319757335
76561198346077074,0,0.006957025267183781,2,0.9741059319757335
76561198260369787,0,0.5771309733390808,2,0.9741059319757335
76561198037104758,0,0.014828089624643326,2,0.9741059319757335
76561198183901409,0,0.006911891512572765,2,0.9741059319757335
76561198303743387,0,0.18200115859508514,2,0.9741059319757335
76561198133536830,0,0.15474174916744232,2,0.9741059319757335
76561197989182354,0,0.0069886064156889915,2,0.9741059319757335
76561197992420864,0,0.6253110766410828,2,0.9741059319757335
76561199184442825,0,0.8405242562294006,2,0.9741059319757335
76561199091649439,0,0.004232942126691341,2,0.9741059319757335
76561199143049596,0,0.004150588996708393,2,0.9741059319757335
76561198317654753,0,0.006688451860100031,2,0.9741059319757335
76561198006185433,0,0.08165810257196426,2,0.9741059319757335
76561198219580049,0,0.06078557297587395,2,0.9741059319757335
76561199031042486,0,0.09627924859523773,2,0.9741059319757335
76561197977240986,0,0.00582916010171175,2,0.9741059319757335
76561198225894904,0,0.006509550381451845,2,0.9741059319757335
76561198168789635,0,0.005835547111928463,2,0.9741059319757335
76561199200256091,0,0.008443949744105339,2,0.9741059319757335
76561199212176951,0,0.01946374960243702,2,0.9741059319757335
76561197987471323,0,0.005565756466239691,2,0.9741059319757335
76561198080115004,0,0.004504516255110502,2,0.9741059319757335
76561198073748956,1,0.990761935710907,2,0.9741059319757335
76561198096352870,0,0.004689841531217098,2,0.9741059319757335
76561197967632395,0,0.005271838046610355,2,0.9741059319757335
76561198022555038,0,0.005689504090696573,2,0.9741059319757335
76561198273640952,0,0.022896185517311096,2,0.9741059319757335
76561198254618261,0,0.9698154926300049,2,0.9741059319757335
76561199583797615,0,0.20552167296409607,2,0.9741059319757335
76561198064025742,0,0.006798194255679846,2,0.9741059319757335
76561198060134806,0,0.014854568056762218,2,0.9741059319757335
76561198036541985,0,0.004576717969030142,2,0.9741059319757335
76561198326029579,0,0.006457545328885317,2,0.9741059319757335
76561199147023101,0,0.03129008784890175,2,0.9741059319757335
76561198063977803,0,0.0043305810540914536,2,0.9741059319757335
76561198077088490,0,0.013226368464529514,2,0.9741059319757335
76561199072607172,0,0.19640415906906128,2,0.9741059319757335
76561199087429395,0,0.020140523090958595,2,0.9741059319757335
76561199589546188,0,0.18528176844120026,2,0.9741059319757335
76561198395276658,0,0.013826046139001846,2,0.9741059319757335
76561198112814074,0,0.007230052258819342,2,0.9741059319757335
76561198225988712,0,0.004247504286468029,2,0.9741059319757335
76561198942195673,0,0.006407960783690214,2,0.9741059319757335
76561199261038123,0,0.004120781552046537,2,0.9741059319757335
76561197970929463,0,0.011591809801757336,2,0.9741059319757335
76561198276229153,0,0.960467517375946,2,0.9741059319757335
76561198030651759,0,0.004524925258010626,2,0.9741059319757335
76561199111490977,0,0.005109049379825592,2,0.9741059319757335
76561198278656514,0,0.004085622727870941,2,0.9741059319757335
76561198130055653,0,0.005660426337271929,2,0.9741059319757335
76561198993498777,0,0.006115586496889591,2,0.9741059319757335
76561198058135359,0,0.004408599808812141,2,0.9741059319757335
76561199598001622,0,0.004120781552046537,2,0.9741059319757335
76561198114669787,0,0.004812097176909447,2,0.9741059319757335
76561198071762394,0,0.005439919885247946,2,0.9741059319757335
76561198109142492,0,0.004219134338200092,2,0.9741059319757335
76561198429707209,0,0.011371022090315819,2,0.9741059319757335
76561198839819927,0,0.8159738779067993,2,0.9741059319757335
76561198273544466,0,0.006863904185593128,2,0.9741059319757335
76561198341966630,0,0.02596764825284481,2,0.9741059319757335
76561198305112124,0,0.006300828885287046,2,0.9741059319757335
76561198017191281,0,0.008997359313070774,2,0.9741059319757335
76561199585117899,0,0.004807851742953062,2,0.9741059319757335
76561198119014385,0,0.008160091005265713,2,0.9741059319757335
76561198335632416,0,0.12248190492391586,2,0.9741059319757335
76561198235952094,0,0.0051259854808449745,2,0.9741059319757335
76561199215693131,0,0.004714725539088249,2,0.9741059319757335
76561198866653674,0,0.008098873309791088,2,0.9741059319757335
76561198130523379,0,0.009578949771821499,2,0.9741059319757335
76561199109531880,0,0.004927086178213358,2,0.9741059319757335
76561198251296290,0,0.005521402228623629,2,0.9741059319757335
76561198143358712,0,0.0058221337385475636,2,0.9741059319757335
76561198399225316,0,0.02107882872223854,2,0.9741059319757335
76561198068682646,0,0.0051751891151070595,2,0.9741059319757335
76561198311405072,0,0.005318311508744955,2,0.9741059319757335
76561198323327002,1,0.971513569355011,2,0.9741059319757335
76561198015788255,0,0.0049830409698188305,2,0.9741059319757335
76561199616539690,0,0.009348658844828606,2,0.9741059319757335
76561199013267497,0,0.5119026899337769,2,0.9741059319757335
76561199559776458,0,0.014247230254113674,2,0.9741059319757335
76561199179457899,0,0.0041085886768996716,2,0.9741059319757335
76561198150543598,0,0.974467396736145,2,0.9741059319757335
76561198006942995,0,0.08077763020992279,2,0.9741059319757335
76561198344606596,0,0.030405722558498383,2,0.9741059319757335
76561199121210964,0,0.005005727522075176,2,0.9741059319757335
76561198014890477,0,0.0038394273724406958,2,0.9741059319757335
76561198050758364,0,0.24010589718818665,2,0.9741059319757335
76561199651775064,0,0.035455286502838135,2,0.9741059319757335
76561198420672837,0,0.028782306239008904,2,0.9741059319757335
76561198396226736,0,0.3344268798828125,2,0.9741059319757335
76561197989009694,0,0.0061601195484399796,2,0.9741059319757335
76561198019210231,0,0.9874169826507568,2,0.9741059319757335
76561199043865768,0,0.12320686131715775,2,0.9741059319757335
76561198452765682,0,0.004167577717453241,2,0.9741059319757335
76561199225416199,0,0.00980427861213684,2,0.9741059319757335
76561198152846634,0,0.005797425750643015,2,0.9741059319757335
76561198125805254,0,0.004799239803105593,2,0.9741059319757335
76561198209416155,0,0.0064029996283352375,2,0.9741059319757335
76561198801903829,0,0.011890212073922157,2,0.9741059319757335
76561198162858100,0,0.9797791242599487,2,0.9741059319757335
76561198840071572,0,0.004683854058384895,2,0.9741059319757335
76561198040638725,0,0.005954364314675331,2,0.9741059319757335
76561199001275841,0,0.9053366780281067,2,0.9741059319757335
76561199099103815,0,0.004193539265543222,2,0.9741059319757335
76561198046088245,0,0.048889707773923874,2,0.9741059319757335
76561197981683814,0,0.3500860333442688,2,0.9741059319757335
76561198827440578,0,0.004280264489352703,2,0.9741059319757335
76561198796525895,0,0.3171381950378418,2,0.9741059319757335
76561199014711336,0,0.00940939411520958,2,0.9741059319757335
76561198000340202,0,0.006482339464128017,2,0.9741059319757335
76561198100871056,0,0.013724127784371376,2,0.9741059319757335
76561199524809804,0,0.004656813573092222,2,0.9741059319757335
76561199772430912,0,0.005101047456264496,2,0.9741059319757335
76561199022184917,0,0.007947827689349651,2,0.9741059319757335
76561197980170640,0,0.004918116610497236,2,0.9741059319757335
76561198189812285,0,0.01826336793601513,2,0.9741059319757335
76561198122350463,0,0.004348889458924532,2,0.9741059319757335
76561198280370826,0,0.004033814650028944,2,0.9741059319757335
76561198092741182,0,0.004315388388931751,2,0.9741059319757335
76561198214360139,0,0.9911124110221863,2,0.9741059319757335
76561198980292385,0,0.012556906789541245,2,0.9741059319757335
76561199109496955,0,0.005845452658832073,2,0.9741059319757335
76561198263752639,0,0.005047214683145285,2,0.9741059319757335
76561199202877263,0,0.03201107680797577,2,0.9741059319757335
76561198130826575,0,0.05097220465540886,2,0.9741059319757335
76561198035399970,0,0.01704792119562626,2,0.9741059319757335
76561199465476400,0,0.1428954303264618,2,0.9741059319757335
76561198381979127,0,0.010274870321154594,2,0.9741059319757335
76561198935978070,0,0.005129649303853512,2,0.9741059319757335
76561198256206286,0,0.006491780746728182,2,0.9741059319757335
76561198067611772,0,0.011537102051079273,2,0.9741059319757335
76561198079480069,0,0.045313019305467606,2,0.9741059319757335
76561197960940933,0,0.02489478886127472,2,0.9741059319757335
76561198184950283,0,0.004680902697145939,2,0.9741059319757335
76561198121820122,0,0.005481936037540436,2,0.9741059319757335
76561198967295531,0,0.004348317161202431,2,0.9741059319757335
76561199062049351,0,0.8976100087165833,2,0.9741059319757335
76561198428018513,0,0.004408599808812141,2,0.9741059319757335
76561199135040309,0,0.006432163994759321,2,0.9741059319757335
76561199075528365,0,0.9778597354888916,2,0.9741059319757335
76561199503402912,0,0.08741363883018494,2,0.9741059319757335
76561198045159272,0,0.0038192658685147762,2,0.9741059319757335
76561199504470116,0,0.0036345755215734243,2,0.9741059319757335
76561199031469694,0,0.005574170500040054,2,0.9741059319757335
76561199096286269,0,0.004408599808812141,2,0.9741059319757335
76561198043892766,0,0.07928060740232468,2,0.9741059319757335
76561198144015470,0,0.03141232579946518,2,0.9741059319757335
76561197995859970,0,0.013188553042709827,2,0.9741059319757335
76561199476543588,0,0.0049819075502455235,2,0.9741059319757335
76561198027689237,0,0.005503273569047451,2,0.9741059319757335
76561198799277934,0,0.007168759126216173,2,0.9741059319757335
76561198069393447,0,0.004807452205568552,2,0.9741059319757335
76561199572017023,0,0.4309611916542053,2,0.9741059319757335
76561199498883738,0,0.006590027362108231,2,0.9741059319757335
76561199323685967,0,0.9644284248352051,2,0.9741059319757335
76561198073911628,0,0.0038650596980005503,2,0.9741059319757335
76561198400888950,0,0.008505984209477901,2,0.9741059319757335
76561198033005199,0,0.0037759749684482813,2,0.9741059319757335
76561199124501305,0,0.5673722624778748,2,0.9741059319757335
76561199383993853,0,0.004120781552046537,2,0.9741059319757335
76561198005222041,0,0.004239088390022516,2,0.9741059319757335
76561199455294844,0,0.00479102274402976,2,0.9741059319757335
76561199036633726,0,0.016838984563946724,2,0.9741059319757335
76561199078821915,0,0.009592657908797264,2,0.9741059319757335
76561198272692766,0,0.03556598350405693,2,0.9741059319757335
76561198124836056,0,0.007309373002499342,2,0.9741059319757335
76561198118585379,0,0.011239217594265938,2,0.9741059319757335
76561199127229412,0,0.08342290669679642,2,0.9741059319757335
76561199040295068,0,0.011100039817392826,2,0.9741059319757335
76561198041979463,0,0.004612290300428867,2,0.9741059319757335
76561198053332087,0,0.03342961147427559,2,0.9741059319757335
76561198909563092,0,0.004413789138197899,2,0.9741059319757335
76561198971284589,0,0.004147094674408436,2,0.9741059319757335
76561198000102400,0,0.005129789933562279,2,0.9741059319757335
76561198411977174,1,0.9861010909080505,2,0.9741059319757335
76561198029326005,0,0.4777056574821472,2,0.9741059319757335
76561199023462849,0,0.004434459377080202,2,0.9741059319757335
76561198347440509,0,0.6552233099937439,2,0.9741059319757335
76561199243895841,1,0.9790564775466919,2,0.9741059319757335
76561198271195872,0,0.009130485355854034,2,0.9741059319757335
76561199200478449,0,0.004776375833898783,2,0.9741059319757335
76561197994245674,0,0.7495218515396118,2,0.9741059319757335
76561197978480849,0,0.7131016850471497,2,0.9741059319757335
76561198115573574,0,0.05678313598036766,2,0.9741059319757335
76561198396386438,0,0.006408732384443283,2,0.9741059319757335
76561198010263799,0,0.004909259732812643,2,0.9741059319757335
76561199053683058,0,0.012561612762510777,2,0.9741059319757335
76561198978578951,0,0.03435448184609413,2,0.9741059319757335
76561198842378306,0,0.0336899533867836,2,0.9741059319757335
76561198335122715,0,0.012111779302358627,2,0.9741059319757335
76561197960597983,0,0.7981023788452148,2,0.9741059319757335
76561198055003898,0,0.03716523200273514,2,0.9741059319757335
76561198085953889,0,0.004602652974426746,2,0.9741059319757335
76561198140408642,0,0.004306428134441376,2,0.9741059319757335
76561198248314040,0,0.00422081770375371,2,0.9741059319757335
76561198075539340,0,0.010007815435528755,2,0.9741059319757335
76561198057816516,0,0.004819346126168966,2,0.9741059319757335
76561198219792663,1,0.9868354797363281,2,0.9741059319757335
76561199084505606,0,0.003753844415768981,2,0.9741059319757335
76561199525065262,0,0.004817489068955183,2,0.9741059319757335
76561198041737926,0,0.012875482439994812,2,0.9741059319757335
76561198434324426,0,0.37627488374710083,2,0.9741059319757335
76561198043847650,0,0.19447185099124908,2,0.9741059319757335
76561199019821344,0,0.014694414101541042,2,0.9741059319757335
76561198848971179,0,0.0040108379907906055,2,0.9741059319757335
76561199026706420,0,0.15709681808948517,2,0.9741059319757335
76561198140918064,0,0.0648517906665802,2,0.9741059319757335
76561198060441645,0,0.005155620165169239,2,0.9741059319757335
76561197988224787,0,0.02721935138106346,2,0.9741059319757335
76561198000581887,0,0.006175137124955654,2,0.9741059319757335
76561199247054310,0,0.006235459353774786,2,0.9741059319757335
76561199103712914,0,0.006142532452940941,2,0.9741059319757335
76561198067512485,0,0.004610758274793625,2,0.9741059319757335
76561198327386666,0,0.00717184180393815,2,0.9741059319757335
76561198177093965,0,0.014106635935604572,2,0.9741059319757335
76561198011979022,0,0.11208874732255936,2,0.9741059319757335
76561199146416760,0,0.007271639537066221,2,0.9741059319757335
76561198061421658,1,0.9896165132522583,2,0.9741059319757335
76561198076319683,0,0.004528114106506109,2,0.9741059319757335
76561198360306174,0,0.007085011340677738,2,0.9741059319757335
76561199207817224,0,0.006861275527626276,2,0.9741059319757335
76561198071092870,0,0.004394544754177332,2,0.9741059319757335
76561198012510053,0,0.0063325329683721066,2,0.9741059319757335
76561199546524728,0,0.004334546625614166,2,0.9741059319757335
76561199437735152,0,0.014386662282049656,2,0.9741059319757335
76561199517105725,0,0.00730902049690485,2,0.9741059319757335
76561199013219815,0,0.004232202190905809,2,0.9741059319757335
76561198747009433,0,0.9840249419212341,2,0.9741059319757335
76561199109773756,0,0.02702990360558033,2,0.9741059319757335
76561198194542966,0,0.004760036710649729,2,0.9741059319757335
76561198075974923,0,0.6274707913398743,2,0.9741059319757335
76561198039693990,1,0.7501411437988281,2,0.9741059319757335
76561198003185426,0,0.8194957971572876,2,0.9741059319757335
76561198110436677,0,0.12336543202400208,2,0.9741059319757335
76561197998476134,0,0.03984924778342247,2,0.9741059319757335
76561199033769023,0,0.04736163467168808,2,0.9741059319757335
76561198215471439,0,0.004602652974426746,2,0.9741059319757335
76561199105232431,0,0.005109565798193216,2,0.9741059319757335
76561198084585762,0,0.007024056743830442,2,0.9741059319757335
76561199434805514,0,0.004863718990236521,2,0.9741059319757335
76561199174116700,0,0.9371607899665833,2,0.9741059319757335
76561199111625768,0,0.004762629978358746,2,0.9741059319757335
76561197997530459,0,0.003992012701928616,2,0.9741059319757335
76561199003521061,0,0.004018491134047508,2,0.9741059319757335
76561199734532738,0,0.004556169733405113,2,0.9741059319757335
76561199187639920,0,0.41219326853752136,2,0.9741059319757335
76561199210719698,0,0.00529599329456687,2,0.9741059319757335
76561198136038475,0,0.006757175084203482,2,0.9741059319757335
76561198323624891,0,0.024382540956139565,2,0.9741059319757335
76561198799842536,0,0.01834097132086754,2,0.9741059319757335
76561199446324123,0,0.005031693261116743,2,0.9741059319757335
76561198035297039,0,0.004220737610012293,2,0.9741059319757335
76561198028515130,0,0.005604535806924105,2,0.9741059319757335
76561198301031468,0,0.00965257827192545,2,0.9741059319757335
76561198369168337,0,0.013564779423177242,2,0.9741059319757335
76561198174437026,0,0.004730274900794029,2,0.9741059319757335
76561199540682496,0,0.008414934389293194,2,0.9741059319757335
76561198011891889,0,0.013266257010400295,2,0.9741059319757335
76561198370816744,0,0.005109237972646952,2,0.9741059319757335
76561199130547967,0,0.007793464232236147,2,0.9741059319757335
76561198310777962,0,0.009715906344354153,2,0.9741059319757335
76561199199046268,0,0.010160690173506737,2,0.9741059319757335
76561198157929436,0,0.01133990939706564,2,0.9741059319757335
76561198040725080,0,0.005211382173001766,2,0.9741059319757335
76561199026818947,0,0.008435473777353764,2,0.9741059319757335
76561198074397201,0,0.005589935928583145,2,0.9741059319757335
76561199282022012,0,0.009559588506817818,2,0.9741059319757335
76561198144742122,0,0.006929752416908741,2,0.9741059319757335
76561198085575763,0,0.004219541326165199,2,0.9741059319757335
76561198832030557,0,0.004370140843093395,2,0.9741059319757335
76561199246836458,0,0.16555766761302948,2,0.9741059319757335
76561198157113170,0,0.00764163164421916,2,0.9741059319757335
76561199199290777,0,0.0424349345266819,2,0.9741059319757335
76561199229382710,0,0.00522700697183609,2,0.9741059319757335
76561198010838066,0,0.07967817038297653,2,0.9741059319757335
76561198022186857,0,0.011094676330685616,2,0.9741059319757335
76561198851759046,0,0.1268458515405655,2,0.9741059319757335
76561199122730974,0,0.4038558900356293,2,0.9741059319757335
76561199088674750,0,0.0061059510335326195,2,0.9741059319757335
76561198084464464,0,0.006134125869721174,2,0.9741059319757335
76561199061474364,0,0.005112763959914446,2,0.9741059319757335
76561199104299420,0,0.008890023455023766,2,0.9741059319757335
76561198154958107,0,0.04527534916996956,2,0.9741059319757335
76561198167074872,0,0.9890122413635254,2,0.9741059319757335
76561198114800062,0,0.6210235357284546,2,0.9741059319757335
76561198910211065,0,0.12770728766918182,2,0.9741059319757335
76561199214639787,0,0.0061797150410711765,2,0.9741059319757335
76561198065456480,0,0.004533299244940281,2,0.9741059319757335
76561198333016353,0,0.004408599808812141,2,0.9741059319757335
76561198057081268,0,0.2133837789297104,2,0.9741059319757335
76561198289464860,0,0.0067418343387544155,2,0.9741059319757335
76561199511913000,0,0.010528291575610638,2,0.9741059319757335
76561198027050283,0,0.3450072705745697,2,0.9741059319757335
76561199028312277,0,0.011263450607657433,2,0.9741059319757335
76561197994266974,0,0.4988655149936676,2,0.9741059319757335
76561199408110500,0,0.006356040947139263,2,0.9741059319757335
76561199039976342,0,0.324785053730011,2,0.9741059319757335
76561198970720807,0,0.005551912356168032,2,0.9741059319757335
76561198069659804,0,0.7036231160163879,2,0.9741059319757335
76561198199626925,0,0.07303920388221741,2,0.9741059319757335
76561199041598464,0,0.39386847615242004,2,0.9741059319757335
76561199366595848,0,0.009786372072994709,2,0.9741059319757335
76561199108269891,0,0.005742228589951992,2,0.9741059319757335
76561199121402410,0,0.004390845075249672,2,0.9741059319757335
76561198076459622,0,0.00820893608033657,2,0.9741059319757335
76561199238861040,0,0.005564850755035877,2,0.9741059319757335
76561198086393469,0,0.005123933311551809,2,0.9741059319757335
76561198119524961,0,0.005534401163458824,2,0.9741059319757335
76561198263503241,0,0.010163160972297192,2,0.9741059319757335
76561198043118525,0,0.9755960702896118,2,0.9741059319757335
76561199001569615,0,0.025360630825161934,2,0.9741059319757335
76561198063428215,0,0.07394599914550781,2,0.9741059319757335
76561198966136347,0,0.878672182559967,2,0.9741059319757335
76561198376619593,0,0.004849322140216827,2,0.9741059319757335
76561198087826478,0,0.004574943333864212,2,0.9741059319757335
76561199003045770,0,0.010946725495159626,2,0.9741059319757335
76561198251254856,1,0.9926361441612244,2,0.9741059319757335
76561199090213593,0,0.004167577717453241,2,0.9741059319757335
76561198917520145,0,0.011239217594265938,2,0.9741059319757335
76561198803094787,0,0.004156648647040129,2,0.9741059319757335
76561198341944463,0,0.0038796658627688885,2,0.9741059319757335
76561198249573962,0,0.011273692362010479,2,0.9741059319757335
76561198065151106,0,0.01227167434990406,2,0.9741059319757335
76561199084976067,0,0.005265026353299618,2,0.9741059319757335
76561198040903792,0,0.7182328701019287,2,0.9741059319757335
76561198848506882,0,0.021812409162521362,2,0.9741059319757335
76561198011422511,0,0.010423521511256695,2,0.9741059319757335
76561199013473860,0,0.004167577717453241,2,0.9741059319757335
76561197997431586,0,0.004676586017012596,2,0.9741059319757335
76561198064419263,0,0.0049318415112793446,2,0.9741059319757335
76561198032488844,1,0.9430312514305115,2,0.9741059319757335
76561199177555015,0,0.00516396714374423,2,0.9741059319757335
76561198341599609,0,0.0041352566331624985,2,0.9741059319757335
76561198037368026,0,0.009614082053303719,2,0.9741059319757335
76561199018930132,0,0.006519413087517023,2,0.9741059319757335
76561199075889960,0,0.00718544889241457,2,0.9741059319757335
76561199046197726,0,0.004211710765957832,2,0.9741059319757335
76561199220818032,0,0.007884737104177475,2,0.9741059319757335
76561198136450303,0,0.004725134465843439,2,0.9741059319757335
76561198169195459,1,0.018574906513094902,2,0.9741059319757335
76561199155399120,0,0.0043663824908435345,2,0.9741059319757335
76561198219687060,0,0.028782306239008904,2,0.9741059319757335
76561198048166145,0,0.005100469570606947,2,0.9741059319757335
76561198240326676,0,0.007779079023748636,2,0.9741059319757335
76561198850586812,0,0.007477561477571726,2,0.9741059319757335
76561198164507432,0,0.004554604180157185,2,0.9741059319757335
76561198031106755,0,0.004175112582743168,2,0.9741059319757335
76561198113364781,0,0.006631283089518547,2,0.9741059319757335
76561199218711164,0,0.02489478886127472,2,0.9741059319757335
76561198302232079,0,0.003980793058872223,2,0.9741059319757335
76561198917545447,0,0.004532330669462681,2,0.9741059319757335
76561198065780856,0,0.2744496166706085,2,0.9741059319757335
76561198033755171,0,0.08670216053724289,2,0.9741059319757335
76561198062327155,0,0.006484198849648237,2,0.9741059319757335
76561199794582694,0,0.00843139085918665,2,0.9741059319757335
76561198127457100,0,0.004145235754549503,2,0.9741059319757335
76561199368631008,0,0.007401955779641867,2,0.9741059319757335
76561199120786865,0,0.005578560288995504,2,0.9741059319757335
76561199200617437,0,0.018358243629336357,2,0.9741059319757335
76561198140780078,0,0.01143527403473854,2,0.9741059319757335
76561198163879076,0,0.029941238462924957,2,0.9741059319757335
76561197997426637,0,0.00877693947404623,2,0.9741059319757335
76561198041101788,0,0.24731993675231934,2,0.9741059319757335
76561198123569033,0,0.005714426748454571,2,0.9741059319757335
76561198149231271,1,0.40169164538383484,2,0.9741059319757335
76561199065429616,0,0.041342902928590775,2,0.9741059319757335
76561199081155502,0,0.1722511202096939,2,0.9741059319757335
76561197987727675,0,0.0067618973553180695,2,0.9741059319757335
76561198188565511,0,0.0051194485276937485,2,0.9741059319757335
76561199639865585,0,0.004516159649938345,2,0.9741059319757335
76561199031468232,0,0.0048725176602602005,2,0.9741059319757335
76561197976751145,0,0.3741990625858307,2,0.9741059319757335
76561198091444304,0,0.014391038566827774,2,0.9741059319757335
76561198043462743,0,0.009974821470677853,2,0.9741059319757335
76561199247652949,0,0.006549047771841288,2,0.9741059319757335
76561197972375650,0,0.22650328278541565,2,0.9741059319757335
76561198239244808,0,0.2641870975494385,2,0.9741059319757335
76561197985041071,0,0.03964066505432129,2,0.9741059319757335
76561198376934800,0,0.5704911947250366,2,0.9741059319757335
76561197963549886,0,0.013734838925302029,2,0.9741059319757335
76561198859810486,0,0.01125574205070734,2,0.9741059319757335
76561198025256650,0,0.37750178575515747,2,0.9741059319757335
76561198029264991,0,0.8250318765640259,2,0.9741059319757335
76561198020725581,0,0.07098991423845291,2,0.9741059319757335
76561199588647363,0,0.14143088459968567,2,0.9741059319757335
76561198086849911,0,0.3104887306690216,2,0.9741059319757335
76561198187634266,0,0.027514655143022537,2,0.9741059319757335
76561199143027776,0,0.006062573753297329,2,0.9741059319757335
76561198389542095,0,0.04651842638850212,2,0.9741059319757335
76561199102740821,1,0.9923694133758545,2,0.9741059319757335
76561198299609415,0,0.00927985180169344,2,0.9741059319757335
76561199123164074,0,0.5184820890426636,2,0.9741059319757335
76561198010346634,0,0.01299550011754036,2,0.9741059319757335
76561198023281482,0,0.005256524309515953,2,0.9741059319757335
76561198079392903,0,0.009748304262757301,2,0.9741059319757335
76561199384757008,0,0.08320014923810959,2,0.9741059319757335
76561198369968670,0,0.004233693238347769,2,0.9741059319757335
76561198040532097,0,0.2876814901828766,2,0.9741059319757335
76561198239367312,0,0.9787944555282593,2,0.9741059319757335
76561198801149695,0,0.12068866938352585,2,0.9741059319757335
76561198972184495,0,0.815152108669281,2,0.9741059319757335
76561198041120507,0,0.024169951677322388,2,0.9741059319757335
76561198179800550,0,0.005202880594879389,2,0.9741059319757335
76561198028068043,0,0.9246566295623779,2,0.9741059319757335
76561198208260079,0,0.004727258812636137,2,0.9741059319757335
76561198969371026,0,0.013883237726986408,2,0.9741059319757335
76561198195705229,0,0.30484598875045776,2,0.9741059319757335
76561198269376843,0,0.9625040888786316,2,0.9741059319757335
76561198077420277,0,0.010516848415136337,2,0.9741059319757335
76561198371610183,0,0.9331706762313843,2,0.9741059319757335
76561199138112496,0,0.02084217593073845,2,0.9741059319757335
76561198046228103,0,0.005799157544970512,2,0.9741059319757335
76561198081120563,0,0.5974287986755371,2,0.9741059319757335
76561198387064370,0,0.00794360600411892,2,0.9741059319757335
76561198823527332,0,0.013885542750358582,2,0.9741059319757335
76561199499739874,0,0.006947699468582869,2,0.9741059319757335
76561199160797971,0,0.004596542101353407,2,0.9741059319757335
76561198888211086,0,0.007143011782318354,2,0.9741059319757335
76561199442688803,0,0.04545435681939125,2,0.9741059319757335
76561198391190278,0,0.006042036693543196,2,0.9741059319757335
76561198081383380,0,0.01276150718331337,2,0.9741059319757335
76561199344219506,0,0.00470235850661993,2,0.9741059319757335
76561199097377668,0,0.004021263215690851,2,0.9741059319757335
76561198100134593,0,0.006014133803546429,2,0.9741059319757335
76561198202517812,0,0.003892165143042803,2,0.9741059319757335
76561199173822815,0,0.011700660921633244,2,0.9741059319757335
76561198085003661,0,0.0036305179819464684,2,0.9741059319757335
76561199034679929,0,0.01023770123720169,2,0.9741059319757335
76561198850470456,0,0.00378480670042336,2,0.9741059319757335
76561198280178972,0,0.9768550395965576,2,0.9741059319757335
76561198119473036,0,0.005371867213398218,2,0.9741059319757335
76561198982728961,0,0.009043979458510876,2,0.9741059319757335
76561197965318617,0,0.004161301534622908,2,0.9741059319757335
76561198165390446,0,0.005344287026673555,2,0.9741059319757335
76561198404378635,0,0.00672453036531806,2,0.9741059319757335
76561198234944720,0,0.007246582303196192,2,0.9741059319757335
76561198063411058,0,0.004482508171349764,2,0.9741059319757335
76561199094946935,0,0.005007162690162659,2,0.9741059319757335
76561198032122311,0,0.004218860529363155,2,0.9741059319757335
76561198203989861,1,0.982915997505188,2,0.9741059319757335
76561199263179926,0,0.03433261066675186,2,0.9741059319757335
76561198142397136,0,0.0035534510388970375,2,0.9741059319757335
76561199216434184,0,0.03612655773758888,2,0.9741059319757335
76561199146560360,0,0.34530720114707947,2,0.9741059319757335
76561198009371437,0,0.003915904089808464,2,0.9741059319757335
76561198333200897,0,0.015349810011684895,2,0.9741059319757335
76561198118955037,0,0.004639788530766964,2,0.9741059319757335
76561199256595509,0,0.010865588672459126,2,0.9741059319757335
76561199199962902,0,0.006899916101247072,2,0.9741059319757335
76561198356042616,0,0.004167577717453241,2,0.9741059319757335
76561199034273736,0,0.0055781165137887,2,0.9741059319757335
76561198866552164,0,0.006415287498384714,2,0.9741059319757335
76561198101485935,1,0.9919613003730774,2,0.9741059319757335
76561197993567179,0,0.053242430090904236,2,0.9741059319757335
76561198804345868,0,0.030939897522330284,2,0.9741059319757335
76561198064723441,0,0.020803803578019142,2,0.9741059319757335
76561197995535654,0,0.006365940440446138,2,0.9741059319757335
76561198087375609,0,0.939083993434906,2,0.9741059319757335
76561199014294228,0,0.7276306748390198,2,0.9741059319757335
76561199037136834,0,0.9818638563156128,2,0.9741059319757335
76561198826932558,0,0.01087227277457714,2,0.9741059319757335
76561199158231603,1,0.9919258952140808,2,0.9741059319757335
76561198332742524,0,0.010767284780740738,2,0.9741059319757335
76561198098569768,0,0.006662057712674141,2,0.9741059319757335
76561199437655154,0,0.008529236540198326,2,0.9741059319757335
76561199344312289,0,0.014468345791101456,2,0.9741059319757335
76561199560105658,0,0.070647694170475,2,0.9741059319757335
76561198974714606,0,0.0037748790346086025,2,0.9741059319757335
76561197986748520,0,0.08525621145963669,2,0.9741059319757335
76561199285573829,0,0.005773772019892931,2,0.9741059319757335
76561199227598265,1,0.9896582961082458,2,0.9741059319757335
76561199008207219,0,0.0058249058201909065,2,0.9741059319757335
76561199098270370,0,0.007435091305524111,2,0.9741059319757335
76561199073726156,0,0.027449259534478188,2,0.9741059319757335
76561198117855351,0,0.0041161952540278435,2,0.9741059319757335
76561198036003643,0,0.8264625668525696,2,0.9741059319757335
76561198148330884,0,0.29472339153289795,2,0.9741059319757335
76561198014863617,0,0.004411895293742418,2,0.9741059319757335
76561198026841322,0,0.006842542439699173,2,0.9741059319757335
76561198799671283,0,0.008316612802445889,2,0.9741059319757335
76561198280938522,1,0.9928350448608398,2,0.9741059319757335
76561198025447180,0,0.525694727897644,2,0.9741059319757335
76561198961588141,0,0.007359095849096775,2,0.9741059319757335
76561199379388664,0,0.009283398278057575,2,0.9741059319757335
76561198171528014,0,0.005369620863348246,2,0.9741059319757335
76561198098614913,0,0.004762510769069195,2,0.9741059319757335
76561199082967849,0,0.4649548828601837,2,0.9741059319757335
76561198362736193,0,0.005265026353299618,2,0.9741059319757335
76561199202893797,0,0.005818053614348173,2,0.9741059319757335
76561198055080594,0,0.0054307663813233376,2,0.9741059319757335
76561198046596118,0,0.004302287474274635,2,0.9741059319757335
76561198300533860,0,0.0040605622343719006,2,0.9741059319757335
76561197988665772,0,0.027064945548772812,2,0.9741059319757335
76561199466265512,0,0.9280474781990051,2,0.9741059319757335
76561197994585129,0,0.0043837991543114185,2,0.9741059319757335
76561198335791795,1,0.9938029050827026,2,0.9741059319757335
76561198029556914,0,0.10293424129486084,2,0.9741059319757335
76561197975428980,0,0.024861028417944908,2,0.9741059319757335
76561199508632291,0,0.021182112395763397,2,0.9741059319757335
76561198049496525,0,0.007077182177454233,2,0.9741059319757335
76561197988377330,0,0.01114592608064413,2,0.9741059319757335
76561198142621059,0,0.607226550579071,2,0.9741059319757335
76561198120138398,0,0.0053212507627904415,2,0.9741059319757335
76561198301840787,0,0.004511783830821514,2,0.9741059319757335
76561198262810860,0,0.02546917088329792,2,0.9741059319757335
76561198092148891,0,0.0067893886007368565,2,0.9741059319757335
76561197972045580,0,0.00446354178711772,2,0.9741059319757335
76561199147037989,0,0.021099509671330452,2,0.9741059319757335
76561198395892164,0,0.010676548816263676,2,0.9741059319757335
76561198293222463,0,0.0042261299677193165,2,0.9741059319757335
76561198081788161,0,0.00709623284637928,2,0.9741059319757335
76561198819816397,0,0.622633695602417,2,0.9741059319757335
76561198060412633,0,0.4445001482963562,2,0.9741059319757335
76561198378103806,0,0.021176932379603386,2,0.9741059319757335
76561198099689897,0,0.007775865960866213,2,0.9741059319757335
76561198060622612,0,0.007130348589271307,2,0.9741059319757335
76561199500392143,0,0.004214195068925619,2,0.9741059319757335
76561198351476545,0,0.010783162899315357,2,0.9741059319757335
76561198327251378,0,0.004568012896925211,2,0.9741059319757335
76561198137746424,0,0.08663138747215271,2,0.9741059319757335
76561198389776942,0,0.01495927944779396,2,0.9741059319757335
76561199088723548,0,0.006569155026227236,2,0.9741059319757335
76561198006616845,0,0.9364606142044067,2,0.9741059319757335
76561199011312789,0,0.004714725539088249,2,0.9741059319757335
76561198138637415,0,0.005107450298964977,2,0.9741059319757335
76561199229139623,0,0.008551450446248055,2,0.9741059319757335
76561199212115223,0,0.004120781552046537,2,0.9741059319757335
76561199492862083,0,0.0078008826822042465,2,0.9741059319757335
76561198962990800,0,0.015077195130288601,2,0.9741059319757335
76561197993303465,0,0.00663991691544652,2,0.9741059319757335
76561199478142176,0,0.004408599808812141,2,0.9741059319757335
76561198262794395,0,0.008074012584984303,2,0.9741059319757335
76561199084015371,0,0.015417180955410004,2,0.9741059319757335
76561198080248482,0,0.0063955653458833694,2,0.9741059319757335
76561199004694615,0,0.004230821505188942,2,0.9741059319757335
76561197972054848,0,0.004047612193971872,2,0.9741059319757335
76561198354802813,0,0.007048777770251036,2,0.9741059319757335
76561198848816596,0,0.009418433532118797,2,0.9741059319757335
76561198183902423,0,0.00442034425213933,2,0.9741059319757335
76561198167664093,0,0.004856666084378958,2,0.9741059319757335
76561199128586143,0,0.021043967455625534,2,0.9741059319757335
76561198142377335,0,0.004421802703291178,2,0.9741059319757335
76561198097556857,0,0.009178646840155125,2,0.9741059319757335
76561198072912493,0,0.004714725539088249,2,0.9741059319757335
76561198347071046,0,0.02293848618865013,2,0.9741059319757335
76561197977360617,0,0.04566739872097969,2,0.9741059319757335
76561199230936445,0,0.003970302641391754,2,0.9741059319757335
76561199006082223,0,0.012856781482696533,2,0.9741059319757335
76561198122730130,0,0.005138699430972338,2,0.9741059319757335
76561199170078589,0,0.11332216113805771,2,0.9741059319757335
76561198843364587,1,0.911754846572876,2,0.9741059319757335
76561198143182667,0,0.02975972183048725,2,0.9741059319757335
76561199013323884,1,0.9324231147766113,2,0.9741059319757335
76561199140764640,0,0.8281722664833069,2,0.9741059319757335
76561198296472313,0,0.9101106524467468,2,0.9741059319757335
76561199096766616,0,0.10260970890522003,2,0.9741059319757335
76561198889223456,0,0.04178512468934059,2,0.9741059319757335
76561197987090308,0,0.17209796607494354,2,0.9741059319757335
76561198326496649,1,0.9916205406188965,2,0.9741059319757335
76561199068738531,0,0.7238108515739441,2,0.9741059319757335
76561199084985312,0,0.04285341873764992,2,0.9741059319757335
76561198103661497,0,0.004694774746894836,2,0.9741059319757335
76561198405236044,0,0.8394573330879211,2,0.9741059319757335
76561198053163010,0,0.10446853935718536,2,0.9741059319757335
76561199078597729,0,0.0055326432920992374,2,0.9741059319757335
76561198426970549,0,0.024260615929961205,2,0.9741059319757335
76561199059736835,0,0.013383249752223492,2,0.9741059319757335
76561199049467518,0,0.005636400077491999,2,0.9741059319757335
76561198005883312,0,0.005296119023114443,2,0.9741059319757335
76561198198322063,0,0.013387210667133331,2,0.9741059319757335
76561198161965673,0,0.025707628577947617,2,0.9741059319757335
76561198278415748,0,0.9264499545097351,2,0.9741059319757335
76561198175774997,0,0.010217991657555103,2,0.9741059319757335
76561198014401598,0,0.0063756606541574,2,0.9741059319757335
76561198008821391,0,0.327618807554245,2,0.9741059319757335
76561198394794266,0,0.0106486976146698,2,0.9741059319757335
76561199257501565,0,0.2739400565624237,2,0.9741059319757335
76561198305048808,0,0.004556169733405113,2,0.9741059319757335
76561198032050143,0,0.8931054472923279,2,0.9741059319757335
76561199427087680,0,0.004801918752491474,2,0.9741059319757335
76561198010224854,0,0.008816290646791458,2,0.9741059319757335
76561198072037382,0,0.03068617545068264,2,0.9741059319757335
76561199245016123,0,0.2970082759857178,2,0.9741059319757335
76561198808941005,0,0.010041062720119953,2,0.9741059319757335
76561198129245306,0,0.006568846758455038,2,0.9741059319757335
76561198975266803,0,0.004839026834815741,2,0.9741059319757335
76561199127771096,0,0.004466927610337734,2,0.9741059319757335
76561198283312917,0,0.006754618603736162,2,0.9741059319757335
76561199129331439,1,0.9825598001480103,2,0.9741059319757335
76561198218073313,0,0.06030666455626488,2,0.9741059319757335
76561198165223869,0,0.0043996600434184074,2,0.9741059319757335
76561199059305212,0,0.5659046173095703,2,0.9741059319757335
76561199696910371,0,0.008782905526459217,2,0.9741059319757335
76561199278630890,0,0.15573915839195251,2,0.9741059319757335
76561199085597430,0,0.005971566308289766,2,0.9741059319757335
76561199084208579,0,0.029453948140144348,2,0.9741059319757335
76561198122742138,0,0.0057012722827494144,2,0.9741059319757335
76561199309351256,0,0.0045723747462034225,2,0.9741059319757335
76561199248557592,0,0.008457263000309467,2,0.9741059319757335
76561198327039405,0,0.9321445226669312,2,0.9741059319757335
76561198025180983,0,0.004108175169676542,2,0.9741059319757335
76561198273701341,0,0.013186338357627392,2,0.9741059319757335
76561198106492477,0,0.004408599808812141,2,0.9741059319757335
76561197988455668,0,0.013566034846007824,2,0.9741059319757335
76561199090263350,0,0.029716849327087402,2,0.9741059319757335
76561198172888549,0,0.003992012701928616,2,0.9741059319757335
76561199154790789,0,0.005699396599084139,2,0.9741059319757335
76561198118863436,0,0.005569151137024164,2,0.9741059319757335
76561198835419194,0,0.004167577717453241,2,0.9741059319757335
76561198824733556,0,0.004034010227769613,2,0.9741059319757335
76561199141672391,0,0.050911806523799896,2,0.9741059319757335
76561198058000827,0,0.005265026353299618,2,0.9741059319757335
76561198182991157,0,0.012627624906599522,2,0.9741059319757335
76561198878349885,0,0.0059363143518567085,2,0.9741059319757335
76561198073527731,0,0.00498627545312047,2,0.9741059319757335
76561198120503013,0,0.004518788307905197,2,0.9741059319757335
76561199744964101,0,0.004120781552046537,2,0.9741059319757335
76561198150623544,1,0.9780670404434204,2,0.9741059319757335
76561198100086487,0,0.005038928706198931,2,0.9741059319757335
76561198872065586,0,0.003944139927625656,2,0.9741059319757335
76561199064230828,0,0.006525970529764891,2,0.9741059319757335
